module,lane,status,direct_missing,incomplete_dependencies
DASHI.Analysis.RiemannAnalyticCoordinateTerminalRefinementExact,Analysis,dependency-complete,,
DASHI.Analysis.RiemannG2AllowancePaymentsToAnalyticCoresExact,Analysis,dependency-complete,,
DASHI.Analysis.RiemannG2CertifiedClusterLowerEnvelopeCompilerExact,Analysis,dependency-complete,,
DASHI.Analysis.RiemannG2CertifiedFiniteNearDirectCombinedOffAnalyticCoreExact,Analysis,dependency-complete,,
DASHI.Analysis.RiemannG2CertifiedFiniteNearEvaluationCompilerExact,Analysis,dependency-complete,,
DASHI.Analysis.RiemannG2CertifiedFiniteNearToOffPaymentExact,Analysis,dependency-complete,,
DASHI.Analysis.RiemannG2CertifiedNearUpperClusterResponseCompilerExact,Analysis,dependency-complete,,
DASHI.Analysis.RiemannG2ClayTerminalCoordinateRefinedExact,Analysis,dependency-complete,,
DASHI.Analysis.RiemannG2ClayTerminalGenericHighCoordinateExact,Analysis,dependency-complete,,
DASHI.Analysis.RiemannG2CurrentGenericHighFrontierRefinementExact,Analysis,dependency-complete,,
DASHI.Analysis.RiemannG2DirectInputsToAnalyticCoresExact,Analysis,dependency-complete,,
DASHI.Analysis.RiemannG2DirectInputsToAnalyticCoresRegression,Analysis,dependency-complete,,
DASHI.Analysis.RiemannG2FinalCarrierFiniteSumCertificateExact,Analysis,dependency-complete,,
DASHI.Analysis.RiemannG2FinalOffMinimalCutRegression,Analysis,dependency-complete,,
DASHI.Analysis.RiemannG2GenericHighCertifiedFollowupReadmeExact,Analysis,dependency-complete,,
DASHI.Analysis.RiemannG2LeastPrivilegeClayCutsetExact,Analysis,dependency-complete,,
DASHI.Analysis.RiemannG2PoleQuotientOffCoreAllowanceBridgeExact,Analysis,dependency-complete,,
DASHI.Analysis.RiemannG2UniformCertifiedHighOffLineProducerExact,Analysis,dependency-complete,,
DASHI.Analysis.RiemannG2UniformCertifiedHighOffLineProducerRegression,Analysis,dependency-complete,,
DASHI.Analysis.RiemannG2UniformCertifiedNearUpperHighProducerExact,Analysis,dependency-complete,,
DASHI.Analysis.RiemannG2UniformCertifiedPrizeCompilerExact,Analysis,dependency-complete,,
DASHI.Analysis.RiemannG2UniformHighContradictionExact,Analysis,dependency-complete,,
DASHI.Analysis.RiemannG2UniformTargetZeroCertifiedCaseGeneratorExact,Analysis,dependency-complete,,
DASHI.Analysis.RiemannZetaDirectTerminalCompilerExact,Analysis,dependency-complete,,
DASHI.Analysis.RiemannZetaDirectTerminalCompilerRegression,Analysis,dependency-complete,,
DASHI.Analysis.RiemannZetaLiteralFrontierSchedulerExact,Analysis,dependency-complete,,
DASHI.Biology.AgenticLevinWolframResidualCrossPollinationExact,Biology,dependency-complete,,
DASHI.Biology.Agriculture.BNFClimateCountryLESCrossPollinationExact,Biology,dependency-complete,,
DASHI.Biology.Agriculture.BNFEconomicValidationCrossPollinationExact,Biology,dependency-complete,,
DASHI.Biology.Agriculture.BNFMechanismToFieldPromotionBidiExact,Biology,dependency-complete,,
DASHI.Biology.Agriculture.BNFQualifiedInterventionModelExact,Biology,dependency-complete,,
DASHI.Biology.Agriculture.BNFSevenGenerationPlanningExact,Biology,dependency-complete,,
DASHI.Biology.Agriculture.BNFSevenGenerationRobustnessExact,Biology,dependency-complete,,
DASHI.Biology.Agriculture.Everything,Biology,dependency-complete,,
DASHI.Biology.Agriculture.Hungria2024EconomicReplayInputAuditExact,Biology,dependency-complete,,
DASHI.Biology.Agriculture.Hungria2024HeadlineLineageWeldExact,Biology,dependency-complete,,
DASHI.Biology.Agriculture.HungriaBiologicalNitrogenFixationSourceAtlas,Biology,dependency-complete,,
DASHI.Biology.Agriculture.HungriaEconomicEmissionModel2023Exact,Biology,dependency-complete,,
DASHI.Biology.Agriculture.HungriaSourceAttributionPromotionBoundaryExact,Biology,dependency-complete,,
DASHI.Biology.Agriculture.HungriaSoybeanBNFExact,Biology,dependency-complete,,
DASHI.Biology.Agriculture.NitrogenaseChemistryCrossPollinationExact,Biology,dependency-complete,,
DASHI.Biology.AgricultureValidation,Biology,dependency-complete,,
DASHI.Biology.AliceBrownDependencyDerivedInvalidationBidiExact,Biology,dependency-complete,,
DASHI.Biology.AliceBrownDiagnosisRepairSchedulerBidiExact,Biology,dependency-complete,,
DASHI.Biology.AliceBrownRecursiveParetoTruthMaintenanceBidiExact,Biology,dependency-complete,,
DASHI.Biology.AliceBrownSelectiveInvalidationParetoBidiExact,Biology,dependency-complete,,
DASHI.Biology.AliceBrownTemporalDiagnosisDependencyLineageBidiExact,Biology,dependency-complete,,
DASHI.Biology.CausalEffectEstimandExact,Biology,dependency-complete,,
DASHI.Biology.CausalEstimandStatisticalRealisationExact,Biology,dependency-complete,,
DASHI.Biology.CausalEstimatorAsymptoticProofDebtExact,Biology,dependency-complete,,
DASHI.Biology.CausalEstimatorFiniteDispersionExact,Biology,dependency-complete,,
DASHI.Biology.CausalEstimatorFiniteProbabilityConsistencyExact,Biology,dependency-complete,,
DASHI.Biology.CausalEstimatorFiniteTestDistributionConvergenceExact,Biology,dependency-complete,,
DASHI.Biology.CausalEstimatorGuaranteesExact,Biology,dependency-complete,,
DASHI.Biology.CausalEstimatorMetricConsistencyExact,Biology,dependency-complete,,
DASHI.Biology.CausalEstimatorWeakNormalLimitDebtSplitExact,Biology,dependency-complete,,
DASHI.Biology.CausalIdentificationFamiliesExact,Biology,dependency-complete,,
DASHI.Biology.Cell.StaphylococcusAllicinFunctionCellStateBidiExact,Biology,dependency-complete,,
DASHI.Biology.Cell.StaphylococcusAllicinRedoxRecoveryBidiExact,Biology,dependency-complete,,
DASHI.Biology.DrosophilaAmplificationLineageAggregationBidiExact,Biology,dependency-complete,,
DASHI.Biology.DrosophilaBenchmarkRunPromotionExact,Biology,dependency-complete,,
DASHI.Biology.DrosophilaDiagnosisRepairSchedulerBidiExact,Biology,dependency-complete,,
DASHI.Biology.DrosophilaGauthey2PSelectionRecoveryExact,Biology,dependency-complete,,
DASHI.Biology.DrosophilaGautheyAtlasRegistrationSourceBoundaryExact,Biology,dependency-complete,,
DASHI.Biology.DrosophilaGautheyCompactArchiveReceiptExact,Biology,dependency-complete,,
DASHI.Biology.DrosophilaGautheyDepositRecoveryNoGoExact,Biology,dependency-complete,,
DASHI.Biology.DrosophilaGautheyROIAlignmentBoundaryExact,Biology,dependency-complete,,
DASHI.Biology.DrosophilaGautheyRegionRegistrationCompositionExact,Biology,dependency-complete,,
DASHI.Biology.DrosophilaGautheyRegistrationStagingExact,Biology,dependency-complete,,
DASHI.Biology.DrosophilaMaleCNSTier1ReceiptsExact,Biology,dependency-complete,,
DASHI.Biology.DrosophilaPluralEpistemicProgressBidiExact,Biology,dependency-complete,,
DASHI.Biology.DrosophilaRealBenchmarkAuthorityExact,Biology,dependency-complete,,
DASHI.Biology.DrosophilaTemporalDiagnosisHistoryBidiExact,Biology,dependency-complete,,
DASHI.Biology.FiniteRationalCausalEstimandExpectationExact,Biology,dependency-complete,,
DASHI.Biology.FruitBoundaryResourcePaidRepairExact,Biology,dependency-complete,,
DASHI.Biology.FruitEmbodiedEnergyHistoryFibreExact,Biology,dependency-complete,,
DASHI.Biology.FruitIntegrityAdversarialFibreExact,Biology,dependency-complete,,
DASHI.Biology.FruitIntegrityAdversarialFibreValidationExact,Biology,dependency-complete,,
DASHI.Biology.FruitIntegrityConsumerFibreRepairExact,Biology,dependency-complete,,
DASHI.Biology.FruitLESAdversarialConsumerBridgeExact,Biology,dependency-complete,,
DASHI.Biology.FruitSkinAgenticBoundaryCrossPollinationExact,Biology,dependency-complete,,
DASHI.Biology.HeritableAgenticOrganisationEvolutionExact,Biology,dependency-complete,,
DASHI.Biology.LogisticAgenticPrebioticCrossPollinationExact,Biology,dependency-complete,,
DASHI.Biology.LogisticPopulationDirectionalEvidenceExact,Biology,dependency-complete,,
DASHI.Biology.Microbiology.BaldEyesalveAdaptiveResidualLoopBidiExact,Biology,dependency-complete,,
DASHI.Biology.Microbiology.BaldEyesalveAssayLiteralFrontierSchedulerBidiExact,Biology,dependency-complete,,
DASHI.Biology.Microbiology.BaldEyesalveEvidenceRevisionBidiExact,Biology,dependency-complete,,
DASHI.Biology.Microbiology.BaldEyesalveLiveSetSchedulerBidiExact,Biology,dependency-complete,,
DASHI.Biology.Microbiology.BaldEyesalveMechanismDiscriminationBidiExact,Biology,dependency-complete,,
DASHI.Biology.Microbiology.BaldEyesalveMechanismExperimentSelectionExact,Biology,dependency-complete,,
DASHI.Biology.Microbiology.BaldEyesalveNineDayMechanismWeldExact,Biology,dependency-complete,,
DASHI.Biology.Microbiology.BaldEyesalvePerturbationDiscriminatorBidiExact,Biology,dependency-complete,,
DASHI.Biology.Microbiology.BaldEyesalveRecursiveParetoFrontierBidiExact,Biology,dependency-complete,,
DASHI.Biology.Microbiology.BaldEyesalveResidualActionPolicyBidiExact,Biology,dependency-complete,,
DASHI.Biology.Microbiology.Everything,Biology,dependency-complete,,
DASHI.Biology.MultiscaleCausalProvenanceProofSearchRouterExact,Biology,dependency-complete,,
DASHI.Biology.OpenEndedAgenticRepertoireEvolutionExact,Biology,dependency-complete,,
DASHI.Biology.OpenEndedEvolutionHistoricalEvidenceCrossPollinationExact,Biology,dependency-complete,,
DASHI.Biology.Protein.StaphylococcusAllicinThiolomeExact,Biology,dependency-complete,,
DASHI.Biology.ResourceCoupledLogisticEvolutionBridgeExact,Biology,dependency-complete,,
DASHI.Biology.ResourceCoupledLogisticReplicationExact,Biology,dependency-complete,,
DASHI.Biology.ResourceCoupledMetabolicAdmissibilityExact,Biology,dependency-complete,,
DASHI.Biology.ResourceCoupledMetabolicOpenBalanceBridgeExact,Biology,dependency-complete,,
DASHI.Biology.ResourceCoupledProtoAgencyRealisationExact,Biology,dependency-complete,,
DASHI.Biology.SelfIndexedParetoHyperfabricTetrationExact,Biology,dependency-complete,,
DASHI.Chemistry.AlliumMolecularTrajectoryExact,Chemistry,dependency-complete,,
DASHI.Chemistry.AssayParetoFrontierRefinementExact,Chemistry,dependency-complete,,
DASHI.Chemistry.MechanismDiscriminationCoreBridgeExact,Chemistry,dependency-complete,,
DASHI.Chemistry.MechanismDiscriminationExact,Chemistry,dependency-complete,,
DASHI.Cognition.PNF.SensibLawABC730DiscourseCutBenchmarkRevisionExact,Cognition,dependency-complete,,
DASHI.Cognition.PNF.SensibLawABC730SLRStressRunReceiptExact,Cognition,dependency-complete,,
DASHI.Cognition.PNF.SensibLawAtomicCaseOutcomeCoherenceExact,Cognition,dependency-complete,,
DASHI.Cognition.PNF.SensibLawAtomicLegalTestBalancedTernaryExact,Cognition,dependency-complete,,
DASHI.Cognition.PNF.SensibLawAttributedAtomicCaseRegistryExact,Cognition,dependency-complete,,
DASHI.Cognition.PNF.SensibLawAttributedRegisteredLegalExecutionExact,Cognition,dependency-complete,,
DASHI.Cognition.PNF.SensibLawAttributedSourcePNFCandidateWeldExact,Cognition,dependency-complete,,
DASHI.Cognition.PNF.SensibLawAuthorityTransformationMinimalCutExact,Cognition,dependency-complete,,
DASHI.Cognition.PNF.SensibLawAuthorityTransformationUniversalCutBridgeExact,Cognition,dependency-complete,,
DASHI.Cognition.PNF.SensibLawBillyDominantChartRemedyCompressionExact,Cognition,dependency-complete,,
DASHI.Cognition.PNF.SensibLawBillyHRCComplianceCalibrationV02Exact,Cognition,dependency-complete,,
DASHI.Cognition.PNF.SensibLawBillyRemedyActuationTwoEyedPOSIWIDExact,Cognition,dependency-complete,,
DASHI.Cognition.PNF.SensibLawBillyRemedyMeansOddsEvidenceBoundaryExact,Cognition,dependency-complete,,
DASHI.Cognition.PNF.SensibLawBillyRemedyOperationalRealisationBidiExact,Cognition,dependency-complete,,
DASHI.Cognition.PNF.SensibLawBillySituatedKnowledgeRemedyAdequacyExact,Cognition,dependency-complete,,
DASHI.Cognition.PNF.SensibLawBrightonProfessionalAdviceLineageExact,Cognition,dependency-complete,,
DASHI.Cognition.PNF.SensibLawBrightonProfessionalAdviceLineageValidation,Cognition,dependency-complete,,
DASHI.Cognition.PNF.SensibLawBrightonS185DirectionalApplicabilityRegressionExact,Cognition,dependency-complete,,
DASHI.Cognition.PNF.SensibLawConsumerSourceAcquisitionPriorityExact,Cognition,dependency-complete,,
DASHI.Cognition.PNF.SensibLawConsumerSourcePrioritySchedulerBridgeExact,Cognition,dependency-complete,,
DASHI.Cognition.PNF.SensibLawCountryButForRealisedRepairTwoEyedExact,Cognition,dependency-complete,,
DASHI.Cognition.PNF.SensibLawCountryClimateRealisedRepairExternalityEverything,Cognition,dependency-complete,,
DASHI.Cognition.PNF.SensibLawCountryCommunityAuthorityAdmissibilityV02Exact,Cognition,dependency-complete,,
DASHI.Cognition.PNF.SensibLawCountryCommunityAuthorityFirstCorrectionExact,Cognition,dependency-complete,,
DASHI.Cognition.PNF.SensibLawCountryCommunityOutcomeAuthorityPaymentCutV02Exact,Cognition,dependency-complete,,
DASHI.Cognition.PNF.SensibLawCountryCommunityOutcomeCandidateV02Exact,Cognition,dependency-complete,,
DASHI.Cognition.PNF.SensibLawCountryCommunityPaymentAcquisitionPlanV02Exact,Cognition,dependency-complete,,
DASHI.Cognition.PNF.SensibLawCountryDominantChartRealisedJusticeV02Exact,Cognition,dependency-complete,,
DASHI.Cognition.PNF.SensibLawCountryEpistemicCompressionEverything,Cognition,dependency-complete,,
DASHI.Cognition.PNF.SensibLawCountryGenocideWrongTypeEnforcementEverything,Cognition,dependency-complete,,
DASHI.Cognition.PNF.SensibLawCountryHerzogAIEconOperationalJusticeExact,Cognition,dependency-complete,,
DASHI.Cognition.PNF.SensibLawCountryJuridicalHumanityButForRemedyEverything,Cognition,dependency-complete,,
DASHI.Cognition.PNF.SensibLawCountryJuridicalHumanityOperationalRemedyEverything,Cognition,dependency-complete,,
DASHI.Cognition.PNF.SensibLawCountryJuridicalHumanityRemedyActuationEverything,Cognition,dependency-complete,,
DASHI.Cognition.PNF.SensibLawCountryJuridicalHumanitySystemOperationEverything,Cognition,dependency-complete,,
DASHI.Cognition.PNF.SensibLawCountryOperationalJusticeCompletionRoadmapExact,Cognition,dependency-complete,,
DASHI.Cognition.PNF.SensibLawCountryOperationalResidualProofSearchBridgeExact,Cognition,dependency-complete,,
DASHI.Cognition.PNF.SensibLawCountryOperationalRevisionParaconsistentExact,Cognition,dependency-complete,,
DASHI.Cognition.PNF.SensibLawCountryPluralEpistemicOperationalAuditExact,Cognition,dependency-complete,,
DASHI.Cognition.PNF.SensibLawCountryRealisedRepairCalibrationV02Exact,Cognition,dependency-complete,,
DASHI.Cognition.PNF.SensibLawCountryRealisedRepairProofSearchBridgeV02Exact,Cognition,dependency-complete,,
DASHI.Cognition.PNF.SensibLawCountryRealisedRepairProofSearchV02Everything,Cognition,dependency-complete,,
DASHI.Cognition.PNF.SensibLawCountryRealisedRepairSourceAtlasV02Exact,Cognition,dependency-complete,,
DASHI.Cognition.PNF.SensibLawCountryRealisedRepairTwoEyedPosiwidV02Everything,Cognition,dependency-complete,,
DASHI.Cognition.PNF.SensibLawCountryRelationalIrreversibilityEverything,Cognition,dependency-complete,,
DASHI.Cognition.PNF.SensibLawCountryRelationalIrreversibilityGenocideEnforcementEverything,Cognition,dependency-complete,,
DASHI.Cognition.PNF.SensibLawCountryRelationalIrreversibilitySourceAtlasExact,Cognition,dependency-complete,,
DASHI.Cognition.PNF.SensibLawCountryRelationalLossGenocideBoundaryExact,Cognition,dependency-complete,,
DASHI.Cognition.PNF.SensibLawCountryRemedyTerminalValidationCrossPollinationExact,Cognition,dependency-complete,,
DASHI.Cognition.PNF.SensibLawCountrySystemFunctionTwoEyedRemedyRealisationExact,Cognition,dependency-complete,,
DASHI.Cognition.PNF.SensibLawCountrySystemRealisedJusticeBidiExact,Cognition,dependency-complete,,
DASHI.Cognition.PNF.SensibLawCountrySystemRealisedJusticeEverything,Cognition,dependency-complete,,
DASHI.Cognition.PNF.SensibLawCountryTwoEyedOperationalAdaptiveEverything,Cognition,dependency-complete,,
DASHI.Cognition.PNF.SensibLawCountryTwoEyedOperationalEpistemicEverything,Cognition,dependency-complete,,
DASHI.Cognition.PNF.SensibLawCountryUniversalLegalAlgebraEverything,Cognition,dependency-complete,,
DASHI.Cognition.PNF.SensibLawCourtLegislationAuthorityRelationshipExact,Cognition,dependency-complete,,
DASHI.Cognition.PNF.SensibLawCullenAtomic369AuditExact,Cognition,dependency-complete,,
DASHI.Cognition.PNF.SensibLawCullenAtomicCaseRegistryExact,Cognition,dependency-complete,,
DASHI.Cognition.PNF.SensibLawCullenAtomicSourceConditionedDutyBreachExact,Cognition,dependency-complete,,
DASHI.Cognition.PNF.SensibLawCullenAttributedAtomicCaseRegistryExact,Cognition,dependency-complete,,
DASHI.Cognition.PNF.SensibLawCullenClimateDistinguishingPromotionExact,Cognition,dependency-complete,,
DASHI.Cognition.PNF.SensibLawCullenConsumerCollisionMissingCoordinateExact,Cognition,dependency-complete,,
DASHI.Cognition.PNF.SensibLawCullenConsumerRelativeSourceAcquisitionExact,Cognition,dependency-complete,,
DASHI.Cognition.PNF.SensibLawCullenDownstreamElementSourceAtlasExact,Cognition,dependency-complete,,
DASHI.Cognition.PNF.SensibLawCullenEdelman64SemanticStateCompilerExact,Cognition,dependency-complete,,
DASHI.Cognition.PNF.SensibLawCullenEdelman64WrongTypeSourceRealisationExact,Cognition,dependency-complete,,
DASHI.Cognition.PNF.SensibLawCullenNSWCLAAtomicApplicationExact,Cognition,dependency-complete,,
DASHI.Cognition.PNF.SensibLawCullenOALCPNFInputParityExact,Cognition,dependency-complete,,
DASHI.Cognition.PNF.SensibLawCullenPublicAuthorityDutyCalibrationExact,Cognition,dependency-complete,,
DASHI.Cognition.PNF.SensibLawCullenQueryIndexedFactorisationExact,Cognition,dependency-complete,,
DASHI.Cognition.PNF.SensibLawCullenRegisteredS5BBlockExact,Cognition,dependency-complete,,
DASHI.Cognition.PNF.SensibLawCullenResidualAdmissionBidiExact,Cognition,dependency-complete,,
DASHI.Cognition.PNF.SensibLawCullenS43ASpecialStatutoryPowerAtomicExact,Cognition,dependency-complete,,
DASHI.Cognition.PNF.SensibLawCullenSourceCorrectDutyRoutesExact,Cognition,dependency-complete,,
DASHI.Cognition.PNF.SensibLawCullenVicariousLiabilityFamilyAtomicExact,Cognition,dependency-complete,,
DASHI.Cognition.PNF.SensibLawDeclaredReasonRealizedEffectOperationalExact,Cognition,dependency-complete,,
DASHI.Cognition.PNF.SensibLawDeterministicSentimentProducerExact,Cognition,dependency-complete,,
DASHI.Cognition.PNF.SensibLawDeterministicSpeakerCutRuntimeContractExact,Cognition,dependency-complete,,
DASHI.Cognition.PNF.SensibLawDiagnosisRepairSchedulerBidiExact,Cognition,dependency-complete,,
DASHI.Cognition.PNF.SensibLawDirectionalEvidenceApplicabilityBridgeExact,Cognition,dependency-complete,,
DASHI.Cognition.PNF.SensibLawDiscourseRuntimeImplementationRoadmapExact,Cognition,dependency-complete,,
DASHI.Cognition.PNF.SensibLawDiscourseTensionSpeakerCutExact,Cognition,dependency-complete,,
DASHI.Cognition.PNF.SensibLawDoctrinalGateInterventionDistributionExact,Cognition,dependency-complete,,
DASHI.Cognition.PNF.SensibLawDutyHegemonyEpistemicCompressionV02Everything,Cognition,dependency-complete,,
DASHI.Cognition.PNF.SensibLawDutyHegemonyRelationalCrossPollinationEverything,Cognition,dependency-complete,,
DASHI.Cognition.PNF.SensibLawDutyPublicAuthoritySourceLineageGraphExact,Cognition,dependency-complete,,
DASHI.Cognition.PNF.SensibLawDutySourceLineageRefinementCutRerunExact,Cognition,dependency-complete,,
DASHI.Cognition.PNF.SensibLawEventTimeLegalSourceAuthorityExact,Cognition,dependency-complete,,
DASHI.Cognition.PNF.SensibLawFiniteExecutableLegalSearchExact,Cognition,dependency-complete,,
DASHI.Cognition.PNF.SensibLawFiniteLegalCutGuardExact,Cognition,dependency-complete,,
DASHI.Cognition.PNF.SensibLawFiniteLegalCutGuardRegressionExact,Cognition,dependency-complete,,
DASHI.Cognition.PNF.SensibLawFiniteLegalCutProofPromotionExact,Cognition,dependency-complete,,
DASHI.Cognition.PNF.SensibLawFiniteLegalIssueProjectionRegressionExact,Cognition,dependency-complete,,
DASHI.Cognition.PNF.SensibLawFiniteLegalSearchEverything,Cognition,dependency-complete,,
DASHI.Cognition.PNF.SensibLawFiniteLegalSearchProofPromotionExact,Cognition,dependency-complete,,
DASHI.Cognition.PNF.SensibLawFiniteLegalSearchRegressionExact,Cognition,dependency-complete,,
DASHI.Cognition.PNF.SensibLawFiniteRequirementParetoFrontierContractExact,Cognition,dependency-complete,,
DASHI.Cognition.PNF.SensibLawFiniteRequirementParetoFrontierContractValidation,Cognition,dependency-complete,,
DASHI.Cognition.PNF.SensibLawFiniteRequirementParetoFrontierEverything,Cognition,dependency-complete,,
DASHI.Cognition.PNF.SensibLawFiniteRequirementParetoFrontierExact,Cognition,dependency-complete,,
DASHI.Cognition.PNF.SensibLawFiniteRequirementParetoFrontierNoScalarizationExact,Cognition,dependency-complete,,
DASHI.Cognition.PNF.SensibLawFiniteRequirementParetoFrontierProofPromotionExact,Cognition,dependency-complete,,
DASHI.Cognition.PNF.SensibLawFiniteRequirementParetoFrontierRegression,Cognition,dependency-complete,,
DASHI.Cognition.PNF.SensibLawFiniteRequirementParetoFrontierSourceBoundaryExact,Cognition,dependency-complete,,
DASHI.Cognition.PNF.SensibLawFiniteRequirementParetoFrontierTemporaryOverlayNote,Cognition,dependency-complete,,
DASHI.Cognition.PNF.SensibLawFirstNationsIncarcerationOperationalDiscrepancyExact,Cognition,dependency-complete,,
DASHI.Cognition.PNF.SensibLawFirstNationsIncarcerationSourceAtlasExact,Cognition,dependency-complete,,
DASHI.Cognition.PNF.SensibLawFirstNationsIncarcerationTwoEyedPOSIWIDEverything,Cognition,dependency-complete,,
DASHI.Cognition.PNF.SensibLawGenocideConventionEnforcementSourceAtlasExact,Cognition,dependency-complete,,
DASHI.Cognition.PNF.SensibLawGenocideConventionWrongTypeBidiExact,Cognition,dependency-complete,,
DASHI.Cognition.PNF.SensibLawGenocideEnforcementMeansBidiExact,Cognition,dependency-complete,,
DASHI.Cognition.PNF.SensibLawGriffithsCustodialAuthorityCutV02Exact,Cognition,dependency-complete,,
DASHI.Cognition.PNF.SensibLawGriffithsCustodialAuthorityIntrospectionV02Exact,Cognition,dependency-complete,,
DASHI.Cognition.PNF.SensibLawGriffithsCustodialOutcomePaymentV02Exact,Cognition,dependency-complete,,
DASHI.Cognition.PNF.SensibLawGriffithsDirectionalSupportAuthorityRegressionExact,Cognition,dependency-complete,,
DASHI.Cognition.PNF.SensibLawHaudenosauneeConsensusDeliberationReceiptExact,Cognition,dependency-complete,,
DASHI.Cognition.PNF.SensibLawHerzogUniversalLegalCrossPollinationEverything,Cognition,dependency-complete,,
DASHI.Cognition.PNF.SensibLawIndigenousAsymmetricJuridicalLegibilityExact,Cognition,dependency-complete,,
DASHI.Cognition.PNF.SensibLawIndigenousCustodianshipDutyCrossPollinationExact,Cognition,dependency-complete,,
DASHI.Cognition.PNF.SensibLawInternationalObligationDomesticRemedyTranslationExact,Cognition,dependency-complete,,
DASHI.Cognition.PNF.SensibLawJuridicalPersonhoodRemedyOperationalCrossPollinationExact,Cognition,dependency-complete,,
DASHI.Cognition.PNF.SensibLawLegalClaimProvenanceLineageExact,Cognition,dependency-complete,,
DASHI.Cognition.PNF.SensibLawLegalGraphRefinementReopeningExact,Cognition,dependency-complete,,
DASHI.Cognition.PNF.SensibLawLegalObserverResidualRefinementBidiExact,Cognition,dependency-complete,,
DASHI.Cognition.PNF.SensibLawMaboKirbyAttributionCorrectionExact,Cognition,dependency-complete,,
DASHI.Cognition.PNF.SensibLawMaboPabaiPositiveNegativeRegressionExact,Cognition,dependency-complete,,
DASHI.Cognition.PNF.SensibLawMaboRecognitionCreationFootholdExact,Cognition,dependency-complete,,
DASHI.Cognition.PNF.SensibLawMetaAttentionConstraintEvidenceReceiptExact,Cognition,dependency-complete,,
DASHI.Cognition.PNF.SensibLawNSWCivilLiabilityActAtomicSourceAtlasExact,Cognition,dependency-complete,,
DASHI.Cognition.PNF.SensibLawNSWVicariousLiabilityActAtomicSourceAtlasExact,Cognition,dependency-complete,,
DASHI.Cognition.PNF.SensibLawNSWVicariousLiabilitySourceRealisationExact,Cognition,dependency-complete,,
DASHI.Cognition.PNF.SensibLawNSWVicariousLiabilityTypedProfilesExact,Cognition,dependency-complete,,
DASHI.Cognition.PNF.SensibLawNegligenceDutyGenericParetoFrontierExact,Cognition,dependency-complete,,
DASHI.Cognition.PNF.SensibLawNegligenceDutyParetoProofPromotionExact,Cognition,dependency-complete,,
DASHI.Cognition.PNF.SensibLawNegligenceDutyRequirementSalienceExact,Cognition,dependency-complete,,
DASHI.Cognition.PNF.SensibLawNegligenceDutyWrongTypeSpecializationExact,Cognition,dependency-complete,,
DASHI.Cognition.PNF.SensibLawOALCLegislationParserInputContractExact,Cognition,dependency-complete,,
DASHI.Cognition.PNF.SensibLawOALCNativeShardResolutionExact,Cognition,dependency-complete,,
DASHI.Cognition.PNF.SensibLawOALCPostgresPersistenceExact,Cognition,dependency-complete,,
DASHI.Cognition.PNF.SensibLawOALCResolutionCompletenessFallbackExact,Cognition,dependency-complete,,
DASHI.Cognition.PNF.SensibLawOALCSectionPNFSemanticAdmissionBridgeExact,Cognition,dependency-complete,,
DASHI.Cognition.PNF.SensibLawPabaiTransformationPromotionExact,Cognition,dependency-complete,,
DASHI.Cognition.PNF.SensibLawPluralEpistemicRepairMethodologyBidiExact,Cognition,dependency-complete,,
DASHI.Cognition.PNF.SensibLawPluralObserverCorrectionApplicationAtlasExact,Cognition,dependency-complete,,
DASHI.Cognition.PNF.SensibLawPrecedentApplicabilityDistinguishingExact,Cognition,dependency-complete,,
DASHI.Cognition.PNF.SensibLawProvenanceSemanticStatusOrthogonalityExact,Cognition,dependency-complete,,
DASHI.Cognition.PNF.SensibLawRecentDutyCaseSourceAtlasExact,Cognition,dependency-complete,,
DASHI.Cognition.PNF.SensibLawRecognitionObligationRemedyLayerCrossPollinationExact,Cognition,dependency-complete,,
DASHI.Cognition.PNF.SensibLawRegisteredApplicabilityViolationExact,Cognition,dependency-complete,,
DASHI.Cognition.PNF.SensibLawRegisteredAtomicLegalImplicationExact,Cognition,dependency-complete,,
DASHI.Cognition.PNF.SensibLawRegisteredTypedLiabilityExact,Cognition,dependency-complete,,
DASHI.Cognition.PNF.SensibLawRemedyUniversalLegalAlgebraBridgeExact,Cognition,dependency-complete,,
DASHI.Cognition.PNF.SensibLawSourceConditionedApplicabilityViolationExact,Cognition,dependency-complete,,
DASHI.Cognition.PNF.SensibLawSourceConditionedAtomicLegalImplicationExact,Cognition,dependency-complete,,
DASHI.Cognition.PNF.SensibLawSourceConditionedTypedLiabilityExact,Cognition,dependency-complete,,
DASHI.Cognition.PNF.SensibLawSourceFormAuthorityRoleBidiExact,Cognition,dependency-complete,,
DASHI.Cognition.PNF.SensibLawSourceRealisedLegalRuleExact,Cognition,dependency-complete,,
DASHI.Cognition.PNF.SensibLawSourceRuleDialectic369CrossPollinationExact,Cognition,dependency-complete,,
DASHI.Cognition.PNF.SensibLawSpacyVaderDiscourseCompoundExact,Cognition,dependency-complete,,
DASHI.Cognition.PNF.SensibLawStatutoryRuleStructureAlgebraExact,Cognition,dependency-complete,,
DASHI.Cognition.PNF.SensibLawSystemOperationalSemanticsCrossPollinationExact,Cognition,dependency-complete,,
DASHI.Cognition.PNF.SensibLawTemporalDiagnosisHistoryBidiExact,Cognition,dependency-complete,,
DASHI.Cognition.PNF.SensibLawTerraNulliusAmalekTwoEyedCorrectionClosureExact,Cognition,dependency-complete,,
DASHI.Cognition.PNF.SensibLawTerraNulliusBillyTwoEyedOperationalJusticeExact,Cognition,dependency-complete,,
DASHI.Cognition.PNF.SensibLawTerraNulliusFoundationalJuridicalPersonhoodExact,Cognition,dependency-complete,,
DASHI.Cognition.PNF.SensibLawTerraNulliusJuridicalHumanityOperationalEquivalenceExact,Cognition,dependency-complete,,
DASHI.Cognition.PNF.SensibLawTerraNulliusOperationalJuridicalNonHumanityExact,Cognition,dependency-complete,,
DASHI.Cognition.PNF.SensibLawTerraNulliusTwoEyedSystemContinuityExact,Cognition,dependency-complete,,
DASHI.Cognition.PNF.SensibLawTranscriptSpeakerResolutionExact,Cognition,dependency-complete,,
DASHI.Cognition.PNF.SensibLawTranscriptSpeakerResolutionSLRHandoffExact,Cognition,dependency-complete,,
DASHI.Cognition.PNF.SensibLawUniversalLegalAlgebraEverything,Cognition,dependency-complete,,
DASHI.Cognition.PNF.SensibLawUniversalLegalReopeningEverything,Cognition,dependency-complete,,
DASHI.Cognition.PNF.SensibLawUniversalLegalRuleAlgebraExact,Cognition,dependency-complete,,
DASHI.Cognition.PNF.SensibLawWrongTypeDownstreamPrimarySourceDisciplineExact,Cognition,dependency-complete,,
DASHI.Cognition.PNF.SensibLawWrongTypeLegalElementAlgebraExact,Cognition,dependency-complete,,
DASHI.Cognition.PNF.SensibLawWrongTypeLiveResidualSchedulerExact,Cognition,dependency-complete,,
DASHI.Cognition.PNF.SensibLawWrongTypeRequirementSalienceFrontierExact,Cognition,dependency-complete,,
DASHI.ComputerScience.AgdaElaborationResidencyComplexityExact,ComputerScience,dependency-complete,,
DASHI.ComputerScience.AgdaProfilerObservationFibreExact,ComputerScience,dependency-complete,,
DASHI.ComputerScience.AgdaProofDebtFibrePreparationExact,ComputerScience,dependency-complete,,
DASHI.ComputerScience.BalancedTernaryC2C3DihedralCodecBridgeExact,ComputerScience,dependency-complete,,
DASHI.ComputerScience.BalancedTernaryQutritBasisBridgeExact,ComputerScience,dependency-complete,,
DASHI.ComputerScience.BinaryBalancedTernarySubcarrierExact,ComputerScience,dependency-complete,,
DASHI.ComputerScience.BinaryThreeBitTrit27FibreLiftExact,ComputerScience,dependency-complete,,
DASHI.ComputerScience.BinaryThreeBitTwoTritAntipodalCodecExact,ComputerScience,dependency-complete,,
DASHI.ComputerScience.BoundedBusyBeaverExecutionEnvelopeExact,ComputerScience,dependency-complete,,
DASHI.ComputerScience.ClassicalOrderFindingRegisterMachineExact,ComputerScience,dependency-complete,,
DASHI.ComputerScience.ComputerScienceFibreFoundationValidationExact,ComputerScience,dependency-complete,,
DASHI.ComputerScience.ComputerScienceQuantumFibreValidationExact,ComputerScience,dependency-complete,,
DASHI.ComputerScience.ConsumerIndexedTernarySearchKernelExact,ComputerScience,dependency-complete,,
DASHI.ComputerScience.CountdownExecutionPathComplexityExact,ComputerScience,dependency-complete,,
DASHI.ComputerScience.EuclidGCDBinaryTernaryRegisterFibreExact,ComputerScience,dependency-complete,,
DASHI.ComputerScience.EuclidGCDRegisterMachineExact,ComputerScience,dependency-complete,,
DASHI.ComputerScience.ExecutableHaltingCertificateFibreExact,ComputerScience,dependency-complete,,
DASHI.ComputerScience.FactorProducerReceiptExact,ComputerScience,dependency-complete,,
DASHI.ComputerScience.FibreMachineFoundation369Exact,ComputerScience,dependency-complete,,
DASHI.ComputerScience.FibreProgramComplexityExact,ComputerScience,dependency-complete,,
DASHI.ComputerScience.FiniteBoundedSemanticDecisionExact,ComputerScience,dependency-complete,,
DASHI.ComputerScience.FiniteDecisionConsumerDescentBridgeExact,ComputerScience,dependency-complete,,
DASHI.ComputerScience.FixedNineBitFramed27WordStorageExact,ComputerScience,dependency-complete,,
DASHI.ComputerScience.GodelArithmetisedSubstitutionCompilerExact,ComputerScience,dependency-complete,,
DASHI.ComputerScience.GodelDiagonalConcreteFirstResidualExact,ComputerScience,dependency-complete,,
DASHI.ComputerScience.GodelDiagonalProvabilityContractExact,ComputerScience,dependency-complete,,
DASHI.ComputerScience.GodelNamedLimitsProofDebtBridgeExact,ComputerScience,dependency-complete,,
DASHI.ComputerScience.GodelTuringNamedLimitsSourceStatusAtlasExact,ComputerScience,dependency-complete,,
DASHI.ComputerScience.HelloWorldBalancedTritStorageFibreExact,ComputerScience,dependency-complete,,
DASHI.ComputerScience.HelloWorldBinaryTernaryExecutionCostComparisonExact,ComputerScience,dependency-complete,,
DASHI.ComputerScience.HelloWorldBinaryTernaryExecutionPathBidiExact,ComputerScience,dependency-complete,,
DASHI.ComputerScience.HelloWorldBinaryTernaryFramedWordStorageExact,ComputerScience,dependency-complete,,
DASHI.ComputerScience.HelloWorldEncodedWordMachineExact,ComputerScience,dependency-complete,,
DASHI.ComputerScience.HelloWorldExecutionPathComplexityExact,ComputerScience,dependency-complete,,
DASHI.ComputerScience.HelloWorldFibreComplexityCrossCodecExact,ComputerScience,dependency-complete,,
DASHI.ComputerScience.HelloWorldFibreExact,ComputerScience,dependency-complete,,
DASHI.ComputerScience.HelloWorldJacquardExact,ComputerScience,dependency-complete,,
DASHI.ComputerScience.HelloWorldStoredProgramMachineExact,ComputerScience,dependency-complete,,
DASHI.ComputerScience.HelloWorldTemporalStorageHyperfibreExact,ComputerScience,dependency-complete,,
DASHI.ComputerScience.ModularExponentiationRegisterMachineExact,ComputerScience,dependency-complete,,
DASHI.ComputerScience.ProgramInputSemanticNonDescentExact,ComputerScience,dependency-complete,,
DASHI.ComputerScience.QuantumExecutionFibreAdapterExact,ComputerScience,dependency-complete,,
DASHI.ComputerScience.QutritBasisClassicalCodecFibreExact,ComputerScience,dependency-complete,,
DASHI.ComputerScience.RuntimeTernaryDecisionKernelBridgeExact,ComputerScience,dependency-complete,,
DASHI.ComputerScience.SelfReferenceLimitsNamedPhenomenaBridgeExact,ComputerScience,dependency-complete,,
DASHI.ComputerScience.ShorClassicalQuantumFibreComparisonExact,ComputerScience,dependency-complete,,
DASHI.ComputerScience.ShorFactoringClassicalExecutionDescentExact,ComputerScience,dependency-complete,,
DASHI.ComputerScience.ShorFactoringToClassicalBinaryTernaryMachineExact,ComputerScience,dependency-complete,,
DASHI.ComputerScience.ShorOrderClassicalQuantumMachineComparisonExact,ComputerScience,dependency-complete,,
DASHI.ComputerScience.ShorStandardBinaryTernaryStoredProgramComputerExact,ComputerScience,dependency-complete,,
DASHI.ComputerScience.TemporalStorageFibreExact,ComputerScience,dependency-complete,,
DASHI.ComputerScience.Ternary27ResidualProgramDecisionBridgeExact,ComputerScience,dependency-complete,,
DASHI.ComputerScience.TernaryDecisionCertificationProductExact,ComputerScience,dependency-complete,,
DASHI.ComputerScience.TernaryProofCandidateStatusBridgeExact,ComputerScience,dependency-complete,,
DASHI.ComputerScience.TernaryProofSearchDecisionDebtBridgeExact,ComputerScience,dependency-complete,,
DASHI.ComputerScience.TernaryResidualBinaryDecisionRefinementExact,ComputerScience,dependency-complete,,
DASHI.ComputerScience.TernarySemanticDecisionRefinementExact,ComputerScience,dependency-complete,,
DASHI.ComputerScience.TinyISAClosedProgramCodebookFibreExact,ComputerScience,dependency-complete,,
DASHI.ComputerScience.TinyRadixNeutralRegisterMachineExact,ComputerScience,dependency-complete,,
DASHI.Core.ActionFibreClosureStoppingExact,Core,dependency-complete,,
DASHI.Core.AdaptiveMechanismDiscriminationPlannerExact,Core,dependency-complete,,
DASHI.Core.AdmissibleCounterfactualWorldFamilyExact,Core,dependency-complete,,
DASHI.Core.AmplificationLineageBidiCrossPollination2026Exact,Core,dependency-complete,,
DASHI.Core.AppendOnlyEvidenceResidualRevisionExact,Core,dependency-complete,,
DASHI.Core.ApplicationCapabilityCustodyBidiExact,Core,dependency-complete,,
DASHI.Core.ApplicationCapabilityDominantChartCompressionExact,Core,dependency-complete,,
DASHI.Core.ApplicationCapabilityEpistemicCompressionEverything,Core,dependency-complete,,
DASHI.Core.ApplicationTransformationCapabilityBidiExact,Core,dependency-complete,,
DASHI.Core.ArgumentDiagnosisDebuggingBidiExact,Core,dependency-complete,,
DASHI.Core.ArgumentResponseNonGeometricOppositeBidiExact,Core,dependency-complete,,
DASHI.Core.ArgumentTemporalDiagnosisHistoryBidiExact,Core,dependency-complete,,
DASHI.Core.AristotleFrontierWorklistTruthMaintenanceBridgeExact,Core,dependency-complete,,
DASHI.Core.AskListenObservationProducerBidiExact,Core,dependency-complete,,
DASHI.Core.AtomicGlobalFibreLiftExact,Core,dependency-complete,,
DASHI.Core.AttributedPublicClaimExact,Core,dependency-complete,,
DASHI.Core.BoundAcquisitionDemandExact,Core,dependency-complete,,
DASHI.Core.BraidedEvidenceTraceBidiCrossPollination2026Exact,Core,dependency-complete,,
DASHI.Core.BraidedPromotionTransportBidiExact,Core,dependency-complete,,
DASHI.Core.BraidedRuntimeProofProvenanceBidiExact,Core,dependency-complete,,
DASHI.Core.CapabilityFragilityConfoundersBidiExact,Core,dependency-complete,,
DASHI.Core.CapabilityReconstructionCostBidiExact,Core,dependency-complete,,
DASHI.Core.CapabilityResilienceBidiExact,Core,dependency-complete,,
DASHI.Core.ClayCrossDomainLiteralFrontierExact,Core,dependency-complete,,
DASHI.Core.ClayProofDebtFrontierAtlasExact,Core,dependency-complete,,
DASHI.Core.CommutingProvenanceBidiCrossPollination2026Exact,Core,dependency-complete,,
DASHI.Core.ConservativeEvidenceFrontierDiagnosisNonMonotonicityBidiExact,Core,dependency-complete,,
DASHI.Core.ConsumerFibreRefinementSchedulerExact,Core,dependency-complete,,
DASHI.Core.ConsumerFibreRepairExact,Core,dependency-complete,,
DASHI.Core.ConsumerIndexedModelFibreExact,Core,dependency-complete,,
DASHI.Core.ConsumerIndexedTrajectoryFibreAdequacyExact,Core,dependency-complete,,
DASHI.Core.CostedFibreEliminationChoiceBidiExact,Core,dependency-complete,,
DASHI.Core.CostedMixedConsumerClosingObservationSearchBidiExact,Core,dependency-complete,,
DASHI.Core.CounterfactualModelContractExact,Core,dependency-complete,,
DASHI.Core.CounterfactualRealisedRepairExact,Core,dependency-complete,,
DASHI.Core.CrossDomainBidiGarden2026Validation,Core,dependency-complete,,
DASHI.Core.CrossDomainBidiReciprocal2026Validation,Core,dependency-complete,,
DASHI.Core.CustodyCriticalityDisruptionBridgeExact,Core,dependency-complete,,
DASHI.Core.DeliberativeCyberneticLoopBidiExact,Core,dependency-complete,,
DASHI.Core.DeliberativeMoveBidiCrossPollination2026Exact,Core,dependency-complete,,
DASHI.Core.DependencyDerivedMinimalInvalidationBidiExact,Core,dependency-complete,,
DASHI.Core.DependencyDerivedRecursiveParetoTruthMaintenanceBidiExact,Core,dependency-complete,,
DASHI.Core.DependencyGraphResultBackpropagationBidiExact,Core,dependency-complete,,
DASHI.Core.DependencySensitiveClosureReopeningBidiExact,Core,dependency-complete,,
DASHI.Core.DependencyWeightedDiagnosisSchedulerBidiExact,Core,dependency-complete,,
DASHI.Core.DiagnosisExperimentPortfolioBidiExact,Core,dependency-complete,,
DASHI.Core.DiagnosisFibreSalienceSchedulerBidiExact,Core,dependency-complete,,
DASHI.Core.DialecticalMaterialFutureSafetyExact,Core,dependency-complete,,
DASHI.Core.DialecticalMaterialRevisionExact,Core,dependency-complete,,
DASHI.Core.DistributedApplicationSurfaceBidiExact,Core,dependency-complete,,
DASHI.Core.EmpiricalSourceDiligenceAdmissionExact,Core,dependency-complete,,
DASHI.Core.EpistemicCompressionDeliberativeReopeningBidiExact,Core,dependency-complete,,
DASHI.Core.EventTimeCapabilityAlignmentBidiExact,Core,dependency-complete,,
DASHI.Core.EventTimeOperationalPossessionEvidenceExact,Core,dependency-complete,,
DASHI.Core.ExpectedFibreReductionCostExact,Core,dependency-complete,,
DASHI.Core.ExperimentalOutcomeOrientationBackpropagationBidiExact,Core,dependency-complete,,
DASHI.Core.FibreRefinementExperimentSelectionBidiExact,Core,dependency-complete,,
DASHI.Core.FiniteProjectionMeasureUniquenessExact,Core,dependency-complete,,
DASHI.Core.HistoricalFirstFailureTraceBidiExact,Core,dependency-complete,,
DASHI.Core.HistoricalProducerNextBestActionCompilerBidiExact,Core,dependency-complete,,
DASHI.Core.HistoricalProducerResponsibilityTraceBidiExact,Core,dependency-complete,,
DASHI.Core.HistoricalResponsibilityLineageTraceBidiExact,Core,dependency-complete,,
DASHI.Core.HorizonRobustInterventionExact,Core,dependency-complete,,
DASHI.Core.IncrementalDiagnosisTruthMaintenanceBidiExact,Core,dependency-complete,,
DASHI.Core.IntergenerationalPlanningHorizonExact,Core,dependency-complete,,
DASHI.Core.LeastCostConsumerClosingExperimentBidiExact,Core,dependency-complete,,
DASHI.Core.LiteralFrontierSchedulerExact,Core,dependency-complete,,
DASHI.Core.LiveSetParetoExperimentSchedulerExact,Core,dependency-complete,,
DASHI.Core.MechanismDiscriminationApplicationAtlasExact,Core,dependency-complete,,
DASHI.Core.MechanismModelDiscriminationExact,Core,dependency-complete,,
DASHI.Core.MinimalObservationLevelPerConsumerBidiExact,Core,dependency-complete,,
DASHI.Core.ModelAdequacyNonFactorabilityExact,Core,dependency-complete,,
DASHI.Core.MultiaxialIncidenceFibreExact,Core,dependency-complete,,
DASHI.Core.NDimParetoHyperfabricExact,Core,dependency-complete,,
DASHI.Core.OperationalOutcomeSelectiveReopeningBidiExact,Core,dependency-complete,,
DASHI.Core.OperationalRealisationBidiCrossPollination2026Exact,Core,dependency-complete,,
DASHI.Core.OrientationCompassExperimentalInterpretationBidiExact,Core,dependency-complete,,
DASHI.Core.PairIndexedInformationLossLocusBidiExact,Core,dependency-complete,,
DASHI.Core.ParetoSymmetryQuotientAdmissionExact,Core,dependency-complete,,
DASHI.Core.PathResidualActionRevisionExact,Core,dependency-complete,,
DASHI.Core.PathSensitiveSupportPolicyBidiExact,Core,dependency-complete,,
DASHI.Core.PersonIdentityAttributionBidiExact,Core,dependency-complete,,
DASHI.Core.PluralEpistemicOperationalClosureExact,Core,dependency-complete,,
DASHI.Core.PluralEpistemicProgressCrossDomainEverything,Core,dependency-complete,,
DASHI.Core.PluralEpistemicProgressMethodologyBidiExact,Core,dependency-complete,,
DASHI.Core.PluralEpistemicRevisionBackpropagationEverything,Core,dependency-complete,,
DASHI.Core.PluralObserverCorrectionRealisationExact,Core,dependency-complete,,
DASHI.Core.PluralOperationalEverything,Core,dependency-complete,,
DASHI.Core.PluralOperationalEvidenceBraidBidiExact,Core,dependency-complete,,
DASHI.Core.PluralOperationalRealisationDiscrepancyExact,Core,dependency-complete,,
DASHI.Core.PluralOperationalResidualActionLoopExact,Core,dependency-complete,,
DASHI.Core.ProjectionHierarchyCompatibleFibreBidiExact,Core,dependency-complete,,
DASHI.Core.PromotionResidualSelectiveReopeningBidiExact,Core,dependency-complete,,
DASHI.Core.PromotionTransportChainBidiExact,Core,dependency-complete,,
DASHI.Core.ProofCarryingFiniteSumEnclosureExact,Core,dependency-complete,,
DASHI.Core.ProofDebtRouterExact,Core,dependency-complete,,
DASHI.Core.ProofDebtUniverseLiftExact,Core,dependency-complete,,
DASHI.Core.ProofSearchExperimentalParetoCrossPollinationExact,Core,dependency-complete,,
DASHI.Core.ProvenanceQuorumAdequacyBidiExact,Core,dependency-complete,,
DASHI.Core.ProvenanceSensitiveConsumerAdequacyBidiExact,Core,dependency-complete,,
DASHI.Core.QueryCompatibleFibreConsumerClosureBidiExact,Core,dependency-complete,,
DASHI.Core.QueryFibreAddedCoordinateProducerBidiExact,Core,dependency-complete,,
DASHI.Core.QueryPromotionResidualBidiExact,Core,dependency-complete,,
DASHI.Core.RecursiveParetoFrontierLiftingExact,Core,dependency-complete,,
DASHI.Core.RecursiveSelectiveInvalidationParetoTruthMaintenanceBidiExact,Core,dependency-complete,,
DASHI.Core.ReformulationClosureWithoutFibreRefinementBidiExact,Core,dependency-complete,,
DASHI.Core.RequirementProducerSchedulerExact,Core,dependency-complete,,
DASHI.Core.ResidualActionAdaptiveLoopExact,Core,dependency-complete,,
DASHI.Core.ResidualActionApplicationAtlasExact,Core,dependency-complete,,
DASHI.Core.ResidualActionExecutionBoundaryExact,Core,dependency-complete,,
DASHI.Core.ResidualActionFeedbackApplicationAtlasExact,Core,dependency-complete,,
DASHI.Core.ResidualActionInterventionDiscriminatorExact,Core,dependency-complete,,
DASHI.Core.ResidualActionPolicyExact,Core,dependency-complete,,
DASHI.Core.ResidualActionSalienceExact,Core,dependency-complete,,
DASHI.Core.ResidualConditionedExperimentPortfolioExact,Core,dependency-complete,,
DASHI.Core.ResidualLiveSetSalienceSchedulerBidiExact,Core,dependency-complete,,
DASHI.Core.ResidualSalienceBidiCrossPollination2026Exact,Core,dependency-complete,,
DASHI.Core.ResidualSalienceSchedulerBidiExact,Core,dependency-complete,,
DASHI.Core.RuntimeDiagnosisRepairSchedulerBidiExact,Core,dependency-complete,,
DASHI.Core.RuntimePluralEpistemicProgressBidiExact,Core,dependency-complete,,
DASHI.Core.RuntimeTemporalDiagnosisHistoryBidiExact,Core,dependency-complete,,
DASHI.Core.SelectiveInvalidationParetoFrontierBidiExact,Core,dependency-complete,,
DASHI.Core.SelectiveInvalidationWorklistBidiExact,Core,dependency-complete,,
DASHI.Core.SequentialDiagnosisDebugLoopBidiExact,Core,dependency-complete,,
DASHI.Core.SequentialOutcomeBackpropagationBidiExact,Core,dependency-complete,,
DASHI.Core.SequentialPlannerPluralClosureBidiExact,Core,dependency-complete,,
DASHI.Core.SequentialTemporalDiagnosisRevisionLoopBidiExact,Core,dependency-complete,,
DASHI.Core.SituatedActionabilityFibreExact,Core,dependency-complete,,
DASHI.Core.SituatedFibreDynamicsEverything,Core,dependency-complete,,
DASHI.Core.SituatedMediationBidiCrossPollination2026Exact,Core,dependency-complete,,
DASHI.Core.SourceConditionedObservationExact,Core,dependency-complete,,
DASHI.Core.TargetIndexedActionNonfactorabilityExact,Core,dependency-complete,,
DASHI.Core.TemporalDiagnosisDependencyLineageBidiExact,Core,dependency-complete,,
DASHI.Core.TemporalDiagnosisFibreProjectionBidiExact,Core,dependency-complete,,
DASHI.Core.TemporalDiagnosisHotColdProjectionBidiExact,Core,dependency-complete,,
DASHI.Core.TemporalDiagnosisProvenanceHistoryBidiExact,Core,dependency-complete,,
DASHI.Core.TemporalDiagnosisSalienceRecalibrationBidiExact,Core,dependency-complete,,
DASHI.Core.TemporalPromotionNonRetroactivityBidiExact,Core,dependency-complete,,
DASHI.Core.TemporalStrandProvenanceBidiExact,Core,dependency-complete,,
DASHI.Core.TerminalRealisationValidationExact,Core,dependency-complete,,
DASHI.Core.TrajectoryRecoveryFibreExact,Core,dependency-complete,,
DASHI.Core.TwoChannelAllowanceCompositionExact,Core,dependency-complete,,
DASHI.Core.TypedProvenancePathBidiExact,Core,dependency-complete,,
DASHI.Crypto.RSA260ExternalFactorizationSourceReceiptExact,Crypto,dependency-complete,,
DASHI.Culture.AestheticPerceptionEyeTrackingSourceBoundaryExact,Culture,dependency-complete,,
DASHI.Culture.AmyEskridgeAntigravityExperimentBindingExact,Culture,dependency-complete,,
DASHI.Culture.AmyEskridgeAntigravityMeasurementObservationWeldExact,Culture,dependency-complete,,
DASHI.Culture.AmyEskridgeAntigravityObservationBidiCrossPollinationExact,Culture,dependency-complete,,
DASHI.Culture.AmyEskridgeApplicationTransformationExact,Culture,dependency-complete,,
DASHI.Culture.AmyEskridgeCorporateCustodySurfaceExact,Culture,dependency-complete,,
DASHI.Culture.AmyEskridgeHoloChronPostDeathDissolutionFrontierExact,Culture,dependency-complete,,
DASHI.Culture.AmyEskridgeInstituteEntityContinuityExact,Culture,dependency-complete,,
DASHI.Culture.AmyEskridgeInstitutePostDeathContinuityExact,Culture,dependency-complete,,
DASHI.Culture.AmyEskridgeInstituteTeamSuccessionSurfaceExact,Culture,dependency-complete,,
DASHI.Culture.AmyEskridgeMaterialEffectiveNegativeGCrossPollinationExact,Culture,dependency-complete,,
DASHI.Culture.AmyEskridgeMechanismAssociationProvenanceExact,Culture,dependency-complete,,
DASHI.Culture.AmyEskridgeViewpointSourceAttributionMigrationExact,Culture,dependency-complete,,
DASHI.Culture.AnthonyChavezIdentityDisambiguationExact,Culture,dependency-complete,,
DASHI.Culture.ChavezApplicationTransformationPossessionExact,Culture,dependency-complete,,
DASHI.Culture.DASHIDialecticGenealogyAttributionCorrectionExact,Culture,dependency-complete,,
DASHI.Culture.DerridaFourfoldRetreatPrimarySourceBoundaryExact,Culture,dependency-complete,,
DASHI.Culture.DialecticLevelsAestheticConsumerFibreCrossPollinationExact,Culture,dependency-complete,,
DASHI.Culture.DialecticPluralismRepresentationFourfoldCrossPollinationExact,Culture,dependency-complete,,
DASHI.Culture.DialecticPluralismRepresentationSourceAtlasExact,Culture,dependency-complete,,
DASHI.Culture.DialecticalMaterialismObserverRevisionCrossPollinationExact,Culture,dependency-complete,,
DASHI.Culture.FoucaultDerridaFourfoldRetreatAxisCrossPollinationExact,Culture,dependency-complete,,
DASHI.Culture.FoucaultFourfoldRetreatPrimarySourceBoundaryExact,Culture,dependency-complete,,
DASHI.Culture.FourfoldRetreatIndigenousPluralAuthorityCrossPollinationExact,Culture,dependency-complete,,
DASHI.Culture.HegelDialecticPrimarySourceBoundaryExact,Culture,dependency-complete,,
DASHI.Culture.HicksEventTimeRoleDiscontinuityExact,Culture,dependency-complete,,
DASHI.Culture.HoeMathLevelsSourceBoundaryExact,Culture,dependency-complete,,
DASHI.Culture.JohnAnthonyBrownDependencyDerivedInvalidationBidiExact,Culture,dependency-complete,,
DASHI.Culture.JohnAnthonyBrownDiagnosisRepairSchedulerBidiExact,Culture,dependency-complete,,
DASHI.Culture.JohnAnthonyBrownRecursiveParetoTruthMaintenanceBidiExact,Culture,dependency-complete,,
DASHI.Culture.JohnAnthonyBrownSelectiveInvalidationParetoBidiExact,Culture,dependency-complete,,
DASHI.Culture.JohnAnthonyBrownTemporalDiagnosisDependencyLineageBidiExact,Culture,dependency-complete,,
DASHI.Culture.LeBlancApplicationTransformationPossessionExact,Culture,dependency-complete,,
DASHI.Culture.LeBlancPostLossProgrammeContinuityExact,Culture,dependency-complete,,
DASHI.Culture.LoureiroEventAlternativeEvidenceExact,Culture,dependency-complete,,
DASHI.Culture.MaiwaldActionSpectroscopyProjectSuccessionExact,Culture,dependency-complete,,
DASHI.Culture.MaiwaldCrossInstitutionalCarrierContinuityExact,Culture,dependency-complete,,
DASHI.Culture.MaiwaldMissionSideInstitutionalContinuityExact,Culture,dependency-complete,,
DASHI.Culture.MaiwaldParallelPlatformRedundancyExact,Culture,dependency-complete,,
DASHI.Culture.McCaslandDraper2025InstitutionalContinuityExact,Culture,dependency-complete,,
DASHI.Culture.McCaslandEventTimeApplicationTransformationExact,Culture,dependency-complete,,
DASHI.Culture.McCaslandOrganizationalTransitionSurfaceExact,Culture,dependency-complete,,
DASHI.Culture.McCaslandPostAcquisitionContinuityFrontierExact,Culture,dependency-complete,,
DASHI.Culture.MissingDeceasedApplicationSuccessionFrontierExact,Culture,dependency-complete,,
DASHI.Culture.MissingDeceasedApplicationTransformationMatrixExact,Culture,dependency-complete,,
DASHI.Culture.MissingDeceasedCustodyEventTimeMatrixExact,Culture,dependency-complete,,
DASHI.Culture.MissingDeceasedEventTimeStreamsBridgeExact,Culture,dependency-complete,,
DASHI.Culture.MissingDeceasedFullApplicationAcquisitionExact,Culture,dependency-complete,,
DASHI.Culture.MissingDeceasedFullApplicationTransformationAtlasExact,Culture,dependency-complete,,
DASHI.Culture.MissingDeceasedIdentityAttributionAuditExact,Culture,dependency-complete,,
DASHI.Culture.MissingDeceasedOpenScienceAcquisition20260905Exact,Culture,dependency-complete,,
DASHI.Culture.MissingDeceasedOverlookedDimensionMatrixExact,Culture,dependency-complete,,
DASHI.Culture.MissingDeceasedReconstructionCostMatrixExact,Culture,dependency-complete,,
DASHI.Culture.MissingDeceasedRosterRoleAndCommitteeWeldAuditExact,Culture,dependency-complete,,
DASHI.Culture.MissingDeceasedScientificWorkCustodyEverything,Culture,dependency-complete,,
DASHI.Culture.PoststructuralismFourfoldRetreatCrossPollinationExact,Culture,dependency-complete,,
DASHI.Culture.RezaApplicationTransformationPossessionExact,Culture,dependency-complete,,
DASHI.Culture.RockhillFosterFourfoldRetreatSourceBoundaryExact,Culture,dependency-complete,,
DASHI.Culture.ScorpiusProgrammeResilienceIdentityControlExact,Culture,dependency-complete,,
DASHI.Economics.AIAgentComputeDemandCrossPollinationExact,Economics,dependency-complete,,
DASHI.Economics.AICriticalInfrastructurePoliticsCrossPollinationExact,Economics,dependency-complete,,
DASHI.Economics.AICurrentRegimeCalibration2026Exact,Economics,dependency-complete,,
DASHI.Economics.AICurrentRegimePromotionSchedulerExact,Economics,dependency-complete,,
DASHI.Economics.AICurrentRegimeSourceAttributionCrossPollinationExact,Economics,dependency-complete,,
DASHI.Economics.AIEconomicUsefulWorkSourceAdmissionExact,Economics,dependency-complete,,
DASHI.Economics.AIEconomicUsefulWorkTimeSeriesExact,Economics,dependency-complete,,
DASHI.Economics.AIFinancingReflexivityExact,Economics,dependency-complete,,
DASHI.Economics.AIInfrastructureConsumerFibreRefinementSchedulerExact,Economics,dependency-complete,,
DASHI.Economics.AIInfrastructureConsumerIndexedFibreAdequacyExact,Economics,dependency-complete,,
DASHI.Economics.AIInfrastructureGenericFibreAdaptersExact,Economics,dependency-complete,,
DASHI.Economics.AIInfrastructureRegimeClassifierExact,Economics,dependency-complete,,
DASHI.Economics.AIInfrastructureTranscriptSourceAttributionExact,Economics,dependency-complete,,
DASHI.Economics.AIInfrastructureYouTubeShortTranscriptBoundaryExact,Economics,dependency-complete,,
DASHI.Economics.AIManufacturingChokepointTimescaleExact,Economics,dependency-complete,,
DASHI.Economics.AIScalingEvidenceAuthorityCrossPollinationExact,Economics,dependency-complete,,
DASHI.Economics.AIScalingLawRegimeMonitorExact,Economics,dependency-complete,,
DASHI.Economics.AIStructuredInfrastructureCommonFactorRiskExact,Economics,dependency-complete,,
DASHI.Economics.AITerminalPayerEconomicValidationExact,Economics,dependency-complete,,
DASHI.Economics.AITrainingServingEconomicTimeSeriesCrossPollinationExact,Economics,dependency-complete,,
DASHI.Economics.ChinaUSAITrainingServingComputeSeparation2026Exact,Economics,dependency-complete,,
DASHI.Economics.ClimateAIInfrastructureTransitionRiskCrossPollinationExact,Economics,dependency-complete,,
DASHI.Economics.CommonFactorStructuredFinanceExact,Economics,dependency-complete,,
DASHI.Economics.ComputeScalingUnitEconomicsExact,Economics,dependency-complete,,
DASHI.Economics.CoreWeaveGPUBackedStructuredFinance2026Exact,Economics,dependency-complete,,
DASHI.Economics.DashiTradeAIInfrastructureMarketCrossPollinationExact,Economics,dependency-complete,,
DASHI.Economics.Everything,Economics,dependency-complete,,
DASHI.Economics.ManufacturingScarcityTimescaleExact,Economics,dependency-complete,,
DASHI.Economics.MarxCapitalAIInfrastructureCrossPollinationExact,Economics,dependency-complete,,
DASHI.Economics.MicrosoftCloudAIMarginPressure2026Exact,Economics,dependency-complete,,
DASHI.Economics.NvidiaCoreWeaveReflexiveInvestment2026Exact,Economics,dependency-complete,,
DASHI.Economics.PolicyBackstopCommercialDisciplineExact,Economics,dependency-complete,,
DASHI.Economics.ReflexiveFlowValidationExact,Economics,dependency-complete,,
DASHI.Economics.SoftBankOpenAIValuationLeverage2026Exact,Economics,dependency-complete,,
DASHI.Economics.SourceAttributionPromotionBoundaryExact,Economics,dependency-complete,,
DASHI.Economics.TSMCHBMManufacturingDemandPolicy2026Exact,Economics,dependency-complete,,
DASHI.Economics.UnitEconomicsMarginExact,Economics,dependency-complete,,
DASHI.Environment.AquaticLivingInfrastructureExact,Environment,dependency-complete,,
DASHI.Environment.AquaticLivingInfrastructureSourceRegistryExact,Environment,dependency-complete,,
DASHI.Environment.BerkeleyRapidThermophilicCompostingExact,Environment,dependency-complete,,
DASHI.Environment.CanopySpectralRadiativeTransferExact,Environment,dependency-complete,,
DASHI.Environment.DashiRTXPhotosyntheticAdaptiveTransportCrossPollinationExact,Environment,dependency-complete,,
DASHI.Environment.HolzerKrameterhofAdjacentSOTASourceRegistryExact,Environment,dependency-complete,,
DASHI.Environment.HolzerKrameterhofIntegratedLandscapeBridgeExact,Environment,dependency-complete,,
DASHI.Environment.HolzerKrameterhofSourceAttributionExact,Environment,dependency-complete,,
DASHI.Environment.HolzerPassiveStorageEnergyServiceExact,Environment,dependency-complete,,
DASHI.Environment.HolzerPermacultureSurroundingCrossPollinationExact,Environment,dependency-complete,,
DASHI.Environment.HolzerPondCascadeTreatmentExperimentExact,Environment,dependency-complete,,
DASHI.Environment.KNFPermacultureEmbodiedEnergyBridgeExact,Environment,dependency-complete,,
DASHI.Environment.KNFPermacultureFruitValidationExact,Environment,dependency-complete,,
DASHI.Environment.KNFPlantSoilReturnFlowLoopExact,Environment,dependency-complete,,
DASHI.Environment.KNFSituatedSiteResponseFibreExact,Environment,dependency-complete,,
DASHI.Environment.KNFSoilMicrobePlantFruitResourceLoopExact,Environment,dependency-complete,,
DASHI.Environment.KNFSourceAttributionLineageExact,Environment,dependency-complete,,
DASHI.Environment.KoreanNaturalFarmingExact,Environment,dependency-complete,,
DASHI.Environment.LESCountryExternalityRealisationExact,Environment,dependency-complete,,
DASHI.Environment.LESCountryRelationalTransmissionIrreversibilityExact,Environment,dependency-complete,,
DASHI.Environment.LESGodzillaFrigateMultiphysicsSceneExact,Environment,dependency-complete,,
DASHI.Environment.LESGodzillaFrigateStagedExecutionExact,Environment,dependency-complete,,
DASHI.Environment.LESImpactMechanicalDimensionBridgeExact,Environment,dependency-complete,,
DASHI.Environment.LESImpactVFXSourceAtlasExact,Environment,dependency-complete,,
DASHI.Environment.LESMultiphysicsFidelityEscalationExact,Environment,dependency-complete,,
DASHI.Environment.LESPhysicalPhotonTransportFibreExact,Environment,dependency-complete,,
DASHI.Environment.LESPhysicalWorldEngineRTXCrossPollinationExact,Environment,dependency-complete,,
DASHI.Environment.LESVFXPhysicalOperationsExact,Environment,dependency-complete,,
DASHI.Environment.LESWaterPhotonInteractionExact,Environment,dependency-complete,,
DASHI.Environment.NaturalBiologicalCompostInterventionAtlasExact,Environment,dependency-complete,,
DASHI.Environment.NitrogenPathwayEnergeticMaterialComparisonExact,Environment,dependency-complete,,
DASHI.Environment.NitrogenPathwayLESCausalTransitionBridgeExact,Environment,dependency-complete,,
DASHI.Environment.NitrogenPathwaySourceRegistryExact,Environment,dependency-complete,,
DASHI.Environment.PeasantAutonomyAgroecologySourceLineageExact,Environment,dependency-complete,,
DASHI.Environment.PermacultureEmbodiedEnergyLandscapeBridgeExact,Environment,dependency-complete,,
DASHI.Environment.PhotosyntheticAssimilationValidationExact,Environment,dependency-complete,,
DASHI.Environment.PhotosyntheticLightOptimizationExact,Environment,dependency-complete,,
DASHI.Environment.PhotosyntheticLightTransportCrossPollinationExact,Environment,dependency-complete,,
DASHI.Environment.PlasmaActivatedWaterAquaticNutrientBridgeExact,Environment,dependency-complete,,
DASHI.Environment.PluralSustainableLandManagementTraditionsExact,Environment,dependency-complete,,
DASHI.Environment.PoultryBiologicalInterventionExact,Environment,dependency-complete,,
DASHI.Environment.SoilCarbonForestryManagementCrossPollinationExact,Environment,dependency-complete,,
DASHI.Environment.SolarOpticalSiteFibreCrossPollinationExact,Environment,dependency-complete,,
DASHI.Environment.SustainableAgricultureCanonicalAttributionBridgeExact,Environment,dependency-complete,,
DASHI.Environment.SustainableAgricultureManagementExact,Environment,dependency-complete,,
DASHI.Environment.SustainableAgricultureManagementSourceRegistryExact,Environment,dependency-complete,,
DASHI.Environment.SustainableLivingInfrastructureAttributionAuditExact,Environment,dependency-complete,,
DASHI.Environment.SustainableManagementCausalEstimandExperimentBridgeExact,Environment,dependency-complete,,
DASHI.Environment.YeomansKeylineLESCausalBridgeExact,Environment,dependency-complete,,
DASHI.Environment.YeomansKeylineLandscapeHydrologyExact,Environment,dependency-complete,,
DASHI.Environment.YeomansKeylineSourceAttributionExact,Environment,dependency-complete,,
DASHI.EverythingCrossDomainBidiEpistemicCompression2026,(root),dependency-complete,,
DASHI.EverythingCrossDomainBidiGarden2026,(root),dependency-complete,,
DASHI.EverythingCrossDomainBidiReciprocal2026,(root),dependency-complete,,
DASHI.EverythingResidualActionAgenticCrossPollination2026,(root),dependency-complete,,
DASHI.EverythingScientificReferenceQidAtlas,(root),dependency-complete,,
DASHI.Foundations.Base369NDimParetoChartExact,Foundations,dependency-complete,,
DASHI.Foundations.Base369Ternary27DiscriminatorPortfolioBridgeExact,Foundations,dependency-complete,,
DASHI.Foundations.BishopExponentialMinusOnePositiveExact,Foundations,dependency-complete,,
DASHI.Foundations.BishopGoldenRatioCarrierExact,Foundations,dependency-complete,,
DASHI.GameTheory.AgenticStrategicInteractionBridgeExact,GameTheory,dependency-complete,,
DASHI.GameTheory.CooperativeCoalitionBargainingCoreExact,GameTheory,dependency-complete,,
DASHI.GameTheory.Everything,GameTheory,dependency-complete,,
DASHI.GameTheory.EvolutionaryInvasionStabilityExact,GameTheory,dependency-complete,,
DASHI.GameTheory.EvolutionaryStrategicSelectionBridgeExact,GameTheory,dependency-complete,,
DASHI.GameTheory.FiniteBayesianAgentNormalFormReductionExact,GameTheory,dependency-complete,,
DASHI.GameTheory.FiniteIncompleteInformationBayesianExact,GameTheory,dependency-complete,,
DASHI.GameTheory.FiniteMixedBayesianExistenceViaNashExact,GameTheory,dependency-complete,,
DASHI.GameTheory.FiniteMixedNashProductCorrectionExact,GameTheory,dependency-complete,,
DASHI.GameTheory.FiniteMixedNashReceiptBindingExact,GameTheory,dependency-complete,,
DASHI.GameTheory.FiniteMixedStrategyExpectedUtilityExact,GameTheory,dependency-complete,,
DASHI.GameTheory.FiniteTwoStrategyReplicatorExact,GameTheory,dependency-complete,,
DASHI.GameTheory.GameComputationSourceAttributionExact,GameTheory,dependency-complete,,
DASHI.GameTheory.GameTheoryCompletionFrontierExact,GameTheory,dependency-complete,,
DASHI.GameTheory.GameTheoryIntrospectiveCompletionCutExact,GameTheory,dependency-complete,,
DASHI.GameTheory.GameTheorySourceAtlasExact,GameTheory,dependency-complete,,
DASHI.GameTheory.MechanismDesignIncentiveCompatibilityExact,GameTheory,dependency-complete,,
DASHI.GameTheory.Nash1950CorrectedExistenceAlignmentExact,GameTheory,dependency-complete,,
DASHI.GameTheory.RepeatedStrategicLearningMemoryBridgeExact,GameTheory,dependency-complete,,
DASHI.GameTheory.SequentialExtensiveFormExact,GameTheory,dependency-complete,,
DASHI.GameTheory.SequentialGameFractranWolframCrossPollinationExact,GameTheory,dependency-complete,,
DASHI.GameTheory.StrategicExperimentalIdentificationFibreExact,GameTheory,dependency-complete,,
DASHI.GameTheory.StrategicInteractionCoreExact,GameTheory,dependency-complete,,
DASHI.GameTheory.SymmetricEvolutionaryStableStrategyExact,GameTheory,dependency-complete,,
DASHI.GameTheory.TernaryLifeStrategicKernelBridgeExact,GameTheory,dependency-complete,,
DASHI.Governance.AgenticAILiveSetDiscriminatorSchedulerExact,Governance,dependency-complete,,
DASHI.Governance.AgenticAIResidualRevisionCrossPollinationExact,Governance,dependency-complete,,
DASHI.Governance.GovernanceDiagnosisRepairSchedulerBidiExact,Governance,dependency-complete,,
DASHI.Governance.GovernanceTemporalDiagnosisHistoryBidiExact,Governance,dependency-complete,,
DASHI.Governance.PluralEpistemicRepairMethodologyBidiExact,Governance,dependency-complete,,
DASHI.Interop.AristotleContentIdentityRevisionSyncBidiExact,Interop,dependency-complete,,
DASHI.Interop.AristotleCoverageResidualSalienceBidiExact,Interop,dependency-complete,,
DASHI.Interop.AristotlePropertyFamilyQueryFibreBidiExact,Interop,dependency-complete,,
DASHI.Interop.AristotlePrunedGraphPromotionTransportBidiExact,Interop,dependency-complete,,
DASHI.Interop.AristotleRankVisibilityCommutingProvenanceBidiExact,Interop,dependency-complete,,
DASHI.Interop.AristotleReliableSourceConsumerAdequacyBidiExact,Interop,dependency-complete,,
DASHI.Interop.AristotleSchemaCoverageProfileBidiExact,Interop,dependency-complete,,
DASHI.Interop.AristotleSnakAbsenceInformationLossBidiExact,Interop,dependency-complete,,
DASHI.Interop.AristotleWikibaseZelphBraidedPromotionBidiExact,Interop,dependency-complete,,
DASHI.Interop.AristotleWorklistDeliberativeMovesBidiExact,Interop,dependency-complete,,
DASHI.Interop.DialecticalMaterialProofSearchExperimentLoopExact,Interop,dependency-complete,,
DASHI.Interop.DialecticalMaterialSourceDiligenceReopeningExact,Interop,dependency-complete,,
DASHI.Interop.DirectionalEvidenceProofSearchBridgeExact,Interop,dependency-complete,,
DASHI.Interop.FormalisationGovernanceAttributedSourceMigrationExact,Interop,dependency-complete,,
DASHI.Interop.GodsEyeViewAcquisitionResultAssessmentBridgeExact,Interop,dependency-complete,,
DASHI.Interop.GodsEyeViewActivistThreatAtlasExact,Interop,dependency-complete,,
DASHI.Interop.GodsEyeViewCommunitySourceWorldAdapterExact,Interop,dependency-complete,,
DASHI.Interop.GodsEyeViewDiagnosisDrivenActivistRollupExact,Interop,dependency-complete,,
DASHI.Interop.GodsEyeViewExecutableWorldResearchLoopExact,Interop,dependency-complete,,
DASHI.Interop.GodsEyeViewHighestAlphaObservationChoiceExact,Interop,dependency-complete,,
DASHI.Interop.GodsEyeViewLESSensorWorldAdapterExact,Interop,dependency-complete,,
DASHI.Interop.GodsEyeViewMarketAcquisitionWorldAdapterExact,Interop,dependency-complete,,
DASHI.Interop.GodsEyeViewMarketAgroecologyInternationalAccountabilityExact,Interop,dependency-complete,,
DASHI.Interop.GodsEyeViewP854InspectionWorldAdapterExact,Interop,dependency-complete,,
DASHI.Interop.GodsEyeViewProofCarryingWorldOntologyExact,Interop,dependency-complete,,
DASHI.Interop.GodsEyeViewPublicInterestWorldResidualExact,Interop,dependency-complete,,
DASHI.Interop.GodsEyeViewRuntimeNeutralAcquisitionABIExact,Interop,dependency-complete,,
DASHI.Interop.GodsEyeViewWorldEpistemicSourceAtlasExact,Interop,dependency-complete,,
DASHI.Interop.GodsEyeViewWorldEpistemicSourceAtlasExtendedExact,Interop,dependency-complete,,
DASHI.Interop.GodsEyeViewWorldOntologyCrossDomainExact,Interop,dependency-complete,,
DASHI.Interop.GodsEyeViewWorldResearchFrontierActionExact,Interop,dependency-complete,,
DASHI.Interop.GravitationalAttributionProofSearchBridgeExact,Interop,dependency-complete,,
DASHI.Interop.GravitationalObservationProofSearchBridgeExact,Interop,dependency-complete,,
DASHI.Interop.GravitationalObservationUnificationBidiCrossPollinationExact,Interop,dependency-complete,,
DASHI.Interop.ITIRHealthRecordSensibLawAdapterExact,Interop,dependency-complete,,
DASHI.Interop.ITIRHousingEpisodeSensibLawAdapterExact,Interop,dependency-complete,,
DASHI.Interop.ITIRLaterMedicalParticularHarmSensibLawAdapterExact,Interop,dependency-complete,,
DASHI.Interop.ITIRRecordingManifestSensibLawAdapterExact,Interop,dependency-complete,,
DASHI.Interop.ITIRSubmittedEvidencePackageSensibLawAdapterExact,Interop,dependency-complete,,
DASHI.Interop.ITIRTemporalHealthSensibLawAdapterExact,Interop,dependency-complete,,
DASHI.Interop.IntrospectiveProofLoopExact,Interop,dependency-complete,,
DASHI.Interop.SensibLawBrightonForm11SourceSpanVerificationExact,Interop,dependency-complete,,
DASHI.Interop.SensibLawBrightonForm11SourceSpanVerificationValidation,Interop,dependency-complete,,
DASHI.Interop.SensibLawBrightonS185DirectionalApplicabilityRegressionValidation,Interop,dependency-complete,,
DASHI.Interop.SensibLawDirectionalEvidenceApplicabilityBridgeValidation,Interop,dependency-complete,,
DASHI.Interop.SensibLawGriffithsDirectionalSupportAuthorityRegressionValidation,Interop,dependency-complete,,
DASHI.Interop.SensibLawHealthEvidenceProcessorParityExact,Interop,dependency-complete,,
DASHI.Interop.SensibLawNDimAdmissibilityTetrationComplexityBridgeExact,Interop,dependency-complete,,
DASHI.Interop.SensibLawNatCoverageAcquisitionDemandExact,Interop,dependency-complete,,
DASHI.Interop.SensibLawNatSourceDiscoveryExact,Interop,dependency-complete,,
DASHI.Interop.SensibLawNatSourceDiscoveryValidation,Interop,dependency-complete,,
DASHI.Interop.SensibLawNatSourceLineageExact,Interop,dependency-complete,,
DASHI.Interop.SensibLawWikidataTernaryAdmissibilityValidation,Interop,dependency-complete,,
DASHI.Interop.SourceDiligenceProofSearchBridgeExact,Interop,dependency-complete,,
DASHI.JInvariantBase369CrossPollinationEverything,(root),dependency-complete,,
DASHI.Law.AustraliaIsraelInfluenceLobbyingSpeechGovernanceExact,Law,dependency-complete,,
DASHI.Law.AustralianColonialPrimarySourceAttributionExact,Law,dependency-complete,,
DASHI.Law.AustralianColonialSemanticConstitutionSourceReceiptsExact,Law,dependency-complete,,
DASHI.Law.AustralianColonialWrongTypeAuthorityReclassificationExact,Law,dependency-complete,,
DASHI.Law.AustralianMajorPartyDonationDisclosureExact,Law,dependency-complete,,
DASHI.Law.ColonialJurisdictionalTotalisationAuthorityCrossPollinationExact,Law,dependency-complete,,
DASHI.Law.ColonialJurisdictionalTotalisationValidation,Law,dependency-complete,,
DASHI.Law.ColonialSemanticPrerequisiteWrongTypeCrossPollinationExact,Law,dependency-complete,,
DASHI.Law.ColonialWrongTypePrerequisiteValidation,Law,dependency-complete,,
DASHI.Law.DisclosureReadyClassificationInputAtomExact,Law,dependency-complete,,
DASHI.Law.GenocideFascismAnalyticalDefinitionBridgeExact,Law,dependency-complete,,
DASHI.Law.GenocideFascismSourceGenealogyExact,Law,dependency-complete,,
DASHI.Law.HerzogAmalekAttributedSourceAtlasExact,Law,dependency-complete,,
DASHI.Law.HerzogBodycamFascismAmalekValidation,Law,dependency-complete,,
DASHI.Law.HerzogBodycamQuotedUtteranceProvenanceExact,Law,dependency-complete,,
DASHI.Law.HerzogClassificationMultiSourceJoinExact,Law,dependency-complete,,
DASHI.Law.HerzogColonialConcreteRefinementParetoRerunExact,Law,dependency-complete,,
DASHI.Law.HerzogColonialWrongTypeCrossPollinationEverything,Law,dependency-complete,,
DASHI.Law.HerzogColonialWrongTypeCrossSystemBridgeExact,Law,dependency-complete,,
DASHI.Law.HerzogColonialWrongTypeElementRequirementExact,Law,dependency-complete,,
DASHI.Law.HerzogColonialWrongTypeExecutableSalienceFrontierExact,Law,dependency-complete,,
DASHI.Law.HerzogColonialWrongTypeGenericParetoFrontierBridgeExact,Law,dependency-complete,,
DASHI.Law.HerzogColonialWrongTypeLiveSchedulerExact,Law,dependency-complete,,
DASHI.Law.HerzogColonialWrongTypeParetoProofPromotionExact,Law,dependency-complete,,
DASHI.Law.HerzogColonialWrongTypeRequirementSalienceExact,Law,dependency-complete,,
DASHI.Law.HerzogConcreteIncidentHypervoxelExact,Law,dependency-complete,,
DASHI.Law.HerzogDisclosureIncidentLineageValidation,Law,dependency-complete,,
DASHI.Law.HerzogFascismAntifascistAmalekCrossPollinationExact,Law,dependency-complete,,
DASHI.Law.HerzogIncidentClassificationLineageWeldExact,Law,dependency-complete,,
DASHI.Law.HerzogIncidentFascismComparatorValidation,Law,dependency-complete,,
DASHI.Law.HerzogMultiSourceMaboValidation,Law,dependency-complete,,
DASHI.Law.HerzogUniversalLegalAlgebraEverything,Law,dependency-complete,,
DASHI.Law.HerzogUniversalLegalEvidenceBridgeExact,Law,dependency-complete,,
DASHI.Law.IsraeliAmalekContemporaryRoleBindingSourceReceiptsExact,Law,dependency-complete,,
DASHI.Law.IsraeliMilitaryTraumaNonEssentialisationExact,Law,dependency-complete,,
DASHI.Law.LegalAuthorityCitationExact,Law,dependency-complete,,
DASHI.Law.LegalFactualCausationButForExact,Law,dependency-complete,,
DASHI.Law.MaboCountrySecurityClassificationCrossPollinationExact,Law,dependency-complete,,
DASHI.Law.MaboHerzogMultiSourceProjectionCrossPollinationExact,Law,dependency-complete,,
DASHI.Law.MaboNeverCededSemanticEscalationCrossPollinationExact,Law,dependency-complete,,
DASHI.Law.MaboNeverCededSemanticEscalationValidation,Law,dependency-complete,,
DASHI.Law.MaboSecurityClassificationLineageValidation,Law,dependency-complete,,
DASHI.Law.MaboSecuritySemanticEscalationCrossPollinationExact,Law,dependency-complete,,
DASHI.Law.MaboSecuritySemanticEscalationValidation,Law,dependency-complete,,
DASHI.Law.QueenslandButForSourceBoundaryExact,Law,dependency-complete,,
DASHI.Law.QueenslandCausationApplicabilitySourceExact,Law,dependency-complete,,
DASHI.Law.QueenslandWrongTypeCausationDeclarationExact,Law,dependency-complete,,
DASHI.Law.SecurityBroadeningCrossPollinationValidation,Law,dependency-complete,,
DASHI.Law.SecurityBroadeningFascismAmalekMaboCrossPollinationExact,Law,dependency-complete,,
DASHI.Law.SecurityClassificationInputLineageDagExact,Law,dependency-complete,,
DASHI.Law.SecurityRoutingComparatorHypervoxelExact,Law,dependency-complete,,
DASHI.Law.SecurityRoutingComparatorValidation,Law,dependency-complete,,
DASHI.Law.SecurityRoutingDominantChartCompressionExact,Law,dependency-complete,,
DASHI.Law.SecurityRoutingEpistemicCompressionEverything,Law,dependency-complete,,
DASHI.Law.SecuritySemanticEscalationDistanceExact,Law,dependency-complete,,
DASHI.Law.SecurityThreatSemanticBroadeningTopologyExact,Law,dependency-complete,,
DASHI.Law.SensibLawAdaptiveLegalResearchFeedbackLoopExact,Law,dependency-complete,,
DASHI.Law.SensibLawAgdaFirstLegalRuntimeEverything,Law,dependency-complete,,
DASHI.Law.SensibLawBackupNegativeEvidenceBoundaryExact,Law,dependency-complete,,
DASHI.Law.SensibLawBidirectionalWorldLawProofSearchExact,Law,dependency-complete,,
DASHI.Law.SensibLawCanonicalJudgmentCitationCandidateExtractionExact,Law,dependency-complete,,
DASHI.Law.SensibLawCausationQualifiedLiabilityBridgeExact,Law,dependency-complete,,
DASHI.Law.SensibLawCitationAuthorityFollowExact,Law,dependency-complete,,
DASHI.Law.SensibLawCitationReviewUnitDecisionGateExact,Law,dependency-complete,,
DASHI.Law.SensibLawCitationUsePropositionExact,Law,dependency-complete,,
DASHI.Law.SensibLawConcreteDutyRefinementParetoRerunExact,Law,dependency-complete,,
DASHI.Law.SensibLawCorpusProducerRoutingExact,Law,dependency-complete,,
DASHI.Law.SensibLawCostedProofSearchSchedulerExact,Law,dependency-complete,,
DASHI.Law.SensibLawCullenPoliceFunctionStatutoryPowerSplitExact,Law,dependency-complete,,
DASHI.Law.SensibLawCullenResidualCitationReviewShortlistExact,Law,dependency-complete,,
DASHI.Law.SensibLawCullenSourceGroundedReviewedUnitsExact,Law,dependency-complete,,
DASHI.Law.SensibLawDialecticalProofSearchExact,Law,dependency-complete,,
DASHI.Law.SensibLawGenericHealthLegacyBridgeExact,Law,dependency-complete,,
DASHI.Law.SensibLawGoogleHealthDaily2026FixtureExact,Law,dependency-complete,,
DASHI.Law.SensibLawGoogleHealthPoints20260907_09FixtureExact,Law,dependency-complete,,
DASHI.Law.SensibLawGovernedLegalNetworkStrategyExact,Law,dependency-complete,,
DASHI.Law.SensibLawGovernedOfflineProofSearchEverything,Law,dependency-complete,,
DASHI.Law.SensibLawGovernedOnlineR6ParityExact,Law,dependency-complete,,
DASHI.Law.SensibLawHealthRecordEvidenceExact,Law,dependency-complete,,
DASHI.Law.SensibLawHistoricalLegalResearchOperatorExact,Law,dependency-complete,,
DASHI.Law.SensibLawHousingEpisodeEvidenceLineageExact,Law,dependency-complete,,
DASHI.Law.SensibLawHousingPossessionOrderSourceEvidenceExact,Law,dependency-complete,,
DASHI.Law.SensibLawITIRParityEverything,Law,dependency-complete,,
DASHI.Law.SensibLawImmutableLegalResearchWorldExact,Law,dependency-complete,,
DASHI.Law.SensibLawIndigenousCustodianshipDutyCrossPollinationExact,Law,dependency-complete,,
DASHI.Law.SensibLawIterativeProofSearchStateMachineExact,Law,dependency-complete,,
DASHI.Law.SensibLawJudgmentFootnoteAnchorObserverRefinementExact,Law,dependency-complete,,
DASHI.Law.SensibLawJudgmentFootnoteObserverRefinementExact,Law,dependency-complete,,
DASHI.Law.SensibLawLaterMedicalParticularHarmSourceConditionedExact,Law,dependency-complete,,
DASHI.Law.SensibLawLegalCounterfactualCausationExact,Law,dependency-complete,,
DASHI.Law.SensibLawLegalFollowProofSearchBridgeExact,Law,dependency-complete,,
DASHI.Law.SensibLawLegalResearchProviderSourceAtlasExact,Law,dependency-complete,,
DASHI.Law.SensibLawLegalResidualProducerSchedulerExact,Law,dependency-complete,,
DASHI.Law.SensibLawLongitudinalHousingHealthExact,Law,dependency-complete,,
DASHI.Law.SensibLawMaboPabaiExecutableProofSearchExact,Law,dependency-complete,,
DASHI.Law.SensibLawMultiResidualProofFrontierExact,Law,dependency-complete,,
DASHI.Law.SensibLawOfficialAcquisitionResearchHandoffExact,Law,dependency-complete,,
DASHI.Law.SensibLawOfficialHCAFullJudgmentLiveReceipt516867cExact,Law,dependency-complete,,
DASHI.Law.SensibLawOfficialHCALiveAcquisitionReceipt9c3007Exact,Law,dependency-complete,,
DASHI.Law.SensibLawOfficialJudgmentCanonicalTextMaterializationExact,Law,dependency-complete,,
DASHI.Law.SensibLawOfficialJudgmentCanonicalTextPnfHandoffExact,Law,dependency-complete,,
DASHI.Law.SensibLawOfficialJudgmentResourceDiscoveryExact,Law,dependency-complete,,
DASHI.Law.SensibLawOfflineFirstProofSearchExecutionExact,Law,dependency-complete,,
DASHI.Law.SensibLawOfflinePabaiLoopRustReceiptV01Exact,Law,dependency-complete,,
DASHI.Law.SensibLawOfflineResearchEngineCurrentParityExact,Law,dependency-complete,,
DASHI.Law.SensibLawOfflineResearchEngineRoadmapEverything,Law,dependency-complete,,
DASHI.Law.SensibLawOfflineResearchEngineRustReceiptsF93740fExact,Law,dependency-complete,,
DASHI.Law.SensibLawPabaiDefeaterRefinementRerunExact,Law,dependency-complete,,
DASHI.Law.SensibLawParetoBoundProofDirectedCorpusSearchEverything,Law,dependency-complete,,
DASHI.Law.SensibLawParetoBoundSourceDemandExact,Law,dependency-complete,,
DASHI.Law.SensibLawParetoProofDirectedCorpusSearchBidiExact,Law,dependency-complete,,
DASHI.Law.SensibLawParetoProofDirectedCorpusSearchEverything,Law,dependency-complete,,
DASHI.Law.SensibLawParsedAuthorityReasoningGraphExact,Law,dependency-complete,,
DASHI.Law.SensibLawPrecedentGeometryStatisticsExact,Law,dependency-complete,,
DASHI.Law.SensibLawPreferredAustralianAuthorityAcquisitionExact,Law,dependency-complete,,
DASHI.Law.SensibLawProductionLegalRuntimeABIExact,Law,dependency-complete,,
DASHI.Law.SensibLawProofDirectedCorpusSearchEverything,Law,dependency-complete,,
DASHI.Law.SensibLawProofDirectedSearchIntentExact,Law,dependency-complete,,
DASHI.Law.SensibLawProofGapExecutableSearchCompilerExact,Law,dependency-complete,,
DASHI.Law.SensibLawProofSearchExpansionBidiExact,Law,dependency-complete,,
DASHI.Law.SensibLawProofSearchIterationReceiptABIExact,Law,dependency-complete,,
DASHI.Law.SensibLawProofSearchParetoSaturationExact,Law,dependency-complete,,
DASHI.Law.SensibLawProofSearchResultAssessmentExact,Law,dependency-complete,,
DASHI.Law.SensibLawProviderAccessPolicyParityExact,Law,dependency-complete,,
DASHI.Law.SensibLawProviderNeutralLegalQueryAlgebraExact,Law,dependency-complete,,
DASHI.Law.SensibLawQCATHealthPages82_83PrivateDatasetFixtureExact,Law,dependency-complete,,
DASHI.Law.SensibLawQCATHealthPrivateTemporalJoinExact,Law,dependency-complete,,
DASHI.Law.SensibLawRecordingManifestLineageExact,Law,dependency-complete,,
DASHI.Law.SensibLawResearchCompoundingLoopExact,Law,dependency-complete,,
DASHI.Law.SensibLawResidualBoundGovernedAcquisitionParityExact,Law,dependency-complete,,
DASHI.Law.SensibLawReviewedJudgmentCitationTreatmentGateExact,Law,dependency-complete,,
DASHI.Law.SensibLawRuntimeWrongTypeElementFrontierExact,Law,dependency-complete,,
DASHI.Law.SensibLawRussellHealthEventJoin20220223_0303Exact,Law,dependency-complete,,
DASHI.Law.SensibLawSearchExecutionCostParetoExact,Law,dependency-complete,,
DASHI.Law.SensibLawSpacyButForBridgeExact,Law,dependency-complete,,
DASHI.Law.SensibLawSparseWorldModelAcquisitionExact,Law,dependency-complete,,
DASHI.Law.SensibLawSubmittedEvidencePackageWrongTypeExact,Law,dependency-complete,,
DASHI.Law.SensibLawTemporalHealthEvidenceWrongTypeExact,Law,dependency-complete,,
DASHI.Law.SensibLawTextWitnessTransmissionProvenanceExact,Law,dependency-complete,,
DASHI.Law.SensibLawWaterproofArgumentGapSearchExact,Law,dependency-complete,,
DASHI.Law.SensibLawWoogarooAdmissibleFactorsWrongTypeAtomBridgeExact,Law,dependency-complete,,
DASHI.Law.SensibLawWoogarooBartyOutreachExact,Law,dependency-complete,,
DASHI.Law.SensibLawWoogarooBartyPreservationCrossPollinationExact,Law,dependency-complete,,
DASHI.Law.SensibLawWoogarooBartyRepresentativeFirstOutreachExact,Law,dependency-complete,,
DASHI.Law.SensibLawWoogarooBartyStewardshipCrossPollinationExact,Law,dependency-complete,,
DASHI.Law.SensibLawWoogarooCounselHandoffExact,Law,dependency-complete,,
DASHI.Law.SensibLawWoogarooDecisionMakerAndDelayLineageExact,Law,dependency-complete,,
DASHI.Law.SensibLawWoogarooEPBC8575DecisionConsumerMatrixExact,Law,dependency-complete,,
DASHI.Law.SensibLawWoogarooEPBC8575DualUseEvidenceMatrixExact,Law,dependency-complete,,
DASHI.Law.SensibLawWoogarooExternalEvidenceSourceAuditExact,Law,dependency-complete,,
DASHI.Law.SensibLawWoogarooForAgainstLegalHoleMatrixExact,Law,dependency-complete,,
DASHI.Law.SensibLawWoogarooLegalPriorityRoadmapExact,Law,dependency-complete,,
DASHI.Law.SensibLawWoogarooPoliticalAlignmentExact,Law,dependency-complete,,
DASHI.Law.SensibLawWoogarooPreservationAcquisitionDemandExact,Law,dependency-complete,,
DASHI.Law.SensibLawWoogarooPreservationEverything,Law,dependency-complete,,
DASHI.Law.SensibLawWoogarooPreservationLegalCutsetExact,Law,dependency-complete,,
DASHI.Law.SensibLawWoogarooPreservationLegalSourceAttributionExact,Law,dependency-complete,,
DASHI.Law.SensibLawWoogarooPreservationRoadmapExact,Law,dependency-complete,,
DASHI.Law.SensibLawWoogarooPreservationSourceAtlasExact,Law,dependency-complete,,
DASHI.Law.SensibLawWoogarooSLQPreliminaryDocumentationReceiptExact,Law,dependency-complete,,
DASHI.Law.SensibLawWrongTypeCausationElementExact,Law,dependency-complete,,
DASHI.Law.SolomonIslandsAtomicPremiseRegistryExact,Law,dependency-complete,,
DASHI.Law.SolomonIslandsDefeatMotionAcquisitionDemandExact,Law,dependency-complete,,
DASHI.Law.SolomonIslandsDefeatMotionProvenanceExact,Law,dependency-complete,,
DASHI.Law.SolomonIslandsDefeatMotionRepublicationIndependenceExact,Law,dependency-complete,,
DASHI.Law.SolomonIslandsDomesticAuthorityExact,Law,dependency-complete,,
DASHI.Law.SolomonIslandsDomesticLegalCoverageExact,Law,dependency-complete,,
DASHI.Law.SolomonIslandsForeignInterferenceAttributionExact,Law,dependency-complete,,
DASHI.Law.SolomonIslandsForeignInterferenceRelayTopologyExact,Law,dependency-complete,,
DASHI.Law.SolomonIslandsForeignInterferenceSourceLegalWeldExact,Law,dependency-complete,,
DASHI.Law.SolomonIslandsLeadershipCodeElementFitExact,Law,dependency-complete,,
DASHI.Law.SolomonIslandsWrongTypeIntersectionalAdmissibilityExact,Law,dependency-complete,,
DASHI.Law.SolomonIslandsWrongTypeLegalElementDerivationExact,Law,dependency-complete,,
DASHI.Law.UNZionismTerrorismAttributionBoundaryExact,Law,dependency-complete,,
DASHI.Law.ZionismGlobalJewryExternalitySourceReceiptsExact,Law,dependency-complete,,
DASHI.Law.ZionistCultureTerritorialTraumaValidation,Law,dependency-complete,,
DASHI.Law.ZionistInstitutionalCarrierGraphBidiExact,Law,dependency-complete,,
DASHI.Law.ZionistInstitutionalCarrierGraphValidation,Law,dependency-complete,,
DASHI.Law.ZionistPoliticalCultureSecurityRepertoireExact,Law,dependency-complete,,
DASHI.Law.ZionistTerritorialMigrationExternalitySourceReceiptsExact,Law,dependency-complete,,
DASHI.Moonshine.GoldenRatioBalancedFRACTRANBishopDefectWeldExact,Moonshine,dependency-complete,,
DASHI.Moonshine.GoldenRatioBalancedFRACTRANBishopPhiConvergenceExact,Moonshine,dependency-complete,,
DASHI.Moonshine.GoldenRatioBalancedFRACTRANBishopRatioCarrierExact,Moonshine,dependency-complete,,
DASHI.Moonshine.GoldenRatioBalancedFRACTRANConjugateLowerBoundExact,Moonshine,dependency-complete,,
DASHI.Moonshine.GoldenRatioBalancedFRACTRANDenominatorGrowthExact,Moonshine,dependency-complete,,
DASHI.Moonshine.GoldenRatioBalancedFRACTRANNormOneInvariantExact,Moonshine,dependency-complete,,
DASHI.Moonshine.GoldenRatioBalancedFRACTRANRationalDefectExact,Moonshine,dependency-complete,,
DASHI.Moonshine.GoldenRatioBalancedFRACTRANReciprocalSquareConvergenceExact,Moonshine,dependency-complete,,
DASHI.Moonshine.GoldenRatioBalancedTernaryFRACTRANModularPathExact,Moonshine,dependency-complete,,
DASHI.Moonshine.GoldenRatioBinaryTernaryFibreConstructionExact,Moonshine,dependency-complete,,
DASHI.Moonshine.GoldenRatioBishopQuadraticFactorisationBidiExact,Moonshine,dependency-complete,,
DASHI.Moonshine.GoldenRatioFibonacci369ArithmeticRichTrajectoryExact,Moonshine,dependency-complete,,
DASHI.Moonshine.GoldenRatioFibonacci369GenericRichStepProducerExact,Moonshine,dependency-complete,,
DASHI.Moonshine.GoldenRatioFibonacci369RichFibreLiftExact,Moonshine,dependency-complete,,
DASHI.Moonshine.GoldenRatioFibonacci369SheetVoxelBridgeExact,Moonshine,dependency-complete,,
DASHI.Moonshine.GoldenRatioNormOneReciprocalSquareCrossMultiplyExact,Moonshine,dependency-complete,,
DASHI.Moonshine.JInvariant369CodecBidiExact,Moonshine,dependency-complete,,
DASHI.Moonshine.JInvariant369CodecReconciliationFrontierExact,Moonshine,dependency-complete,,
DASHI.Moonshine.JInvariantAnalyticJCoarseFineFrickeIntertwinerExact,Moonshine,dependency-complete,,
DASHI.Moonshine.JInvariantAnalyticStructuredSeamCompilerBidiExact,Moonshine,dependency-complete,,
DASHI.Moonshine.JInvariantAnnotatedRasterScaleBindingExact,Moonshine,dependency-complete,,
DASHI.Moonshine.JInvariantBase369RoadmapFrontierExact,Moonshine,dependency-complete,,
DASHI.Moonshine.JInvariantCanonicalAnnotatedViewportExact,Moonshine,dependency-complete,,
DASHI.Moonshine.JInvariantColourWheelCyclotomicBidiAdvanceExact,Moonshine,dependency-complete,,
DASHI.Moonshine.JInvariantColourWheelNineSheetPantsGluingExact,Moonshine,dependency-complete,,
DASHI.Moonshine.JInvariantColourWheelPolyphaseSpectralBidiExact,Moonshine,dependency-complete,,
DASHI.Moonshine.JInvariantColourWheelWaveSignedBidiExact,Moonshine,dependency-complete,,
DASHI.Moonshine.JInvariantColourWheelWaveSignedValidation,Moonshine,dependency-complete,,
DASHI.Moonshine.JInvariantConstructedComplexKleinJBackendExact,Moonshine,dependency-complete,,
DASHI.Moonshine.JInvariantEisensteinConstructedKleinJExact,Moonshine,dependency-complete,,
DASHI.Moonshine.JInvariantEisensteinFiniteQSeriesExact,Moonshine,dependency-complete,,
DASHI.Moonshine.JInvariantFibonacciJCoarseFineVoxelBidiExact,Moonshine,dependency-complete,,
DASHI.Moonshine.JInvariantFormulaic369FibreObserverRepairExact,Moonshine,dependency-complete,,
DASHI.Moonshine.JInvariantFormulaic369ModularReplicationExact,Moonshine,dependency-complete,,
DASHI.Moonshine.JInvariantFormulaic369PantsRendererExact,Moonshine,dependency-complete,,
DASHI.Moonshine.JInvariantFormulaic369RendererExact,Moonshine,dependency-complete,,
DASHI.Moonshine.JInvariantFormulaic369ReproductionBundleExact,Moonshine,dependency-complete,,
DASHI.Moonshine.JInvariantFormulaicRasterRuntimeContractExact,Moonshine,dependency-complete,,
DASHI.Moonshine.JInvariantFormulaicRendererRuntimeParityExact,Moonshine,dependency-complete,,
DASHI.Moonshine.JInvariantHomannMathematicaSourceCalibrationExact,Moonshine,dependency-complete,,
DASHI.Moonshine.JInvariantImageFractalSourceAtlasExact,Moonshine,dependency-complete,,
DASHI.Moonshine.JInvariantIntrospectiveCrossPollinationExact,Moonshine,dependency-complete,,
DASHI.Moonshine.JInvariantJCoarseFineElevenTritChartShiftExact,Moonshine,dependency-complete,,
DASHI.Moonshine.JInvariantJCoarseFineFrickeBoundaryTransportBidiExact,Moonshine,dependency-complete,,
DASHI.Moonshine.JInvariantKleinConstructionGluingBidiExact,Moonshine,dependency-complete,,
DASHI.Moonshine.JInvariantLambdaOrbitBase369BridgeExact,Moonshine,dependency-complete,,
DASHI.Moonshine.JInvariantOrderThreeOrbitBalancedTernaryBidiExact,Moonshine,dependency-complete,,
DASHI.Moonshine.JInvariantOrderThreeScaleGlobalInjectiveExact,Moonshine,dependency-complete,,
DASHI.Moonshine.JInvariantOrderThreeSeamModularWordExact,Moonshine,dependency-complete,,
DASHI.Moonshine.JInvariantOrderThreeSeamScaleRecognitionBidiExact,Moonshine,dependency-complete,,
DASHI.Moonshine.JInvariantOrderThreeVisibleScaleUniquenessBidiExact,Moonshine,dependency-complete,,
DASHI.Moonshine.JInvariantProofRelevantKleinJExact,Moonshine,dependency-complete,,
DASHI.Moonshine.JInvariantRainbowFullTurnHyperformExact,Moonshine,dependency-complete,,
DASHI.Moonshine.JInvariantRenderedAnalyticStructuredAcquisitionBoundaryExact,Moonshine,dependency-complete,,
DASHI.Moonshine.JInvariantRenderedGlobalScaleCompilerBidiExact,Moonshine,dependency-complete,,
DASHI.Moonshine.JInvariantRenderedIntervalOrbitRecognitionBidiExact,Moonshine,dependency-complete,,
DASHI.Moonshine.JInvariantRenderedResidualGovernanceTriBidiExact,Moonshine,dependency-complete,,
DASHI.Moonshine.JInvariantRenderedScaleCalibrationFixtureExact,Moonshine,dependency-complete,,
DASHI.Moonshine.JInvariantRenderedVisibleScaleCompilerBidiExact,Moonshine,dependency-complete,,
DASHI.Moonshine.JInvariantRiemannObserverResidualSufficiencyBidiExact,Moonshine,dependency-complete,,
DASHI.Moonshine.JInvariantSignedFibreFractalBidiExact,Moonshine,dependency-complete,,
DASHI.Moonshine.JInvariantSourceAtlasExact,Moonshine,dependency-complete,,
DASHI.Moonshine.JInvariantTeslaPolyphaseSeamRefinementBidiExact,Moonshine,dependency-complete,,
DASHI.Moonshine.Monster369DiscriminatorSymmetryBoundaryExact,Moonshine,dependency-complete,,
DASHI.Moonshine.Monster369NDimParetoTetrationBridgeExact,Moonshine,dependency-complete,,
DASHI.Moonshine.MonsterGraded3BPhaseFibreIntertwinerExact,Moonshine,dependency-complete,,
DASHI.Moonshine.MonsterGradedSignedFibreBidiExact,Moonshine,dependency-complete,,
DASHI.Moonshine.QuadraticApproximationPrimeCompressionBidiExact,Moonshine,dependency-complete,,
DASHI.Moonshine.QuadraticIrrationalSignedApproximationFibreExact,Moonshine,dependency-complete,,
DASHI.Moonshine.QuadraticSignedApproximationEverything,Moonshine,dependency-complete,,
DASHI.Moonshine.QuadraticSignedApproximationValidation,Moonshine,dependency-complete,,
DASHI.Ontology.DeweyQidCoverageQualityExact,Ontology,dependency-complete,,
DASHI.Papers.NavierStokes.Everything,Papers,dependency-incomplete,,DASHI.Papers.NavierStokes.CurrentTheoremInterfaceRound29;DASHI.Papers.NavierStokes.DependentFlowOwnerAnalysisRound29
DASHI.PhotosyntheticOpticalCrossPollinationValidation,(root),dependency-complete,,
DASHI.Physics.Closure.CounterfactualPhysicalRealisationBridgeExact,Physics,dependency-complete,,
DASHI.Physics.Closure.GoldenRatioCarrierDerivationAdvanceExact,Physics,dependency-complete,,
DASHI.Physics.Closure.NSTriadKNAlmostOrthogonalSchurCriticalRouteXPollination2026Exact,Physics,dependency-complete,,
DASHI.Physics.Closure.NSTriadKNAsymmetricResolventEndpointRound302Exact,Physics,dependency-complete,,
DASHI.Physics.Closure.NSTriadKNBase369TeslaMonsterR406CrossDomainBidiRound532Exact,Physics,dependency-complete,,
DASHI.Physics.Closure.NSTriadKNBishopNatRootApproximationMonotonicityRound520Exact,Physics,dependency-complete,,
DASHI.Physics.Closure.NSTriadKNBishopNatRootCriticalMultiplierBoundaryRound519Exact,Physics,dependency-complete,,
DASHI.Physics.Closure.NSTriadKNBuckmasterToClayBreakdownBidiRound524Exact,Physics,dependency-complete,,
DASHI.Physics.Closure.NSTriadKNCanonicalClayProofSearchRound486Exact,Physics,dependency-complete,,
DASHI.Physics.Closure.NSTriadKNCanonicalDyadicEuclideanAnnulusRound518Exact,Physics,dependency-complete,,
DASHI.Physics.Closure.NSTriadKNCanonicalFourierUnitGapRateFloorRound450Exact,Physics,dependency-complete,,
DASHI.Physics.Closure.NSTriadKNCauchyFullVsSignedFluxBoundaryRound484Exact,Physics,dependency-complete,,
DASHI.Physics.Closure.NSTriadKNCauchyInitialAmplitudeEndpointRound461Exact,Physics,dependency-complete,,
DASHI.Physics.Closure.NSTriadKNCauchyPolarizationCriticalBarrierBoundaryRound576Exact,Physics,dependency-complete,,
DASHI.Physics.Closure.NSTriadKNCauchyPolarizationUpperRound573Exact,Physics,dependency-complete,,
DASHI.Physics.Closure.NSTriadKNCauchyResolvedDirectConsumerRound478Exact,Physics,dependency-complete,,
DASHI.Physics.Closure.NSTriadKNCauchyResolvedGramOperatorRound477Exact,Physics,dependency-complete,,
DASHI.Physics.Closure.NSTriadKNCauchyResolvedOrderedHermitianRound483Exact,Physics,dependency-complete,,
DASHI.Physics.Closure.NSTriadKNCauchyResolvedPhysicalSnapshotRound480Exact,Physics,dependency-complete,,
DASHI.Physics.Closure.NSTriadKNCauchyResolvedPositiveCellCarrierRound482Exact,Physics,dependency-complete,,
DASHI.Physics.Closure.NSTriadKNCauchyResolvedProofSearchRound481Exact,Physics,dependency-complete,,
DASHI.Physics.Closure.NSTriadKNCauchyResolvedSignedResidualRound479Exact,Physics,dependency-complete,,
DASHI.Physics.Closure.NSTriadKNCauchyResolvedTerminalEverythingRound479Exact,Physics,dependency-complete,,
DASHI.Physics.Closure.NSTriadKNCauchySignedFluxProofSearchRound485Exact,Physics,dependency-complete,,
DASHI.Physics.Closure.NSTriadKNCauchyTerminalFluxEndpointRound458Exact,Physics,dependency-complete,,
DASHI.Physics.Closure.NSTriadKNCauchyVectorPolarizationRound574Exact,Physics,dependency-complete,,
DASHI.Physics.Closure.NSTriadKNClassNormBudgetToBonyGramPaymentRound582Exact,Physics,dependency-complete,,
DASHI.Physics.Closure.NSTriadKNClayCDDomainResidualBidiRound527Exact,Physics,dependency-complete,,
DASHI.Physics.Closure.NSTriadKNClayConclusionAcceptanceBoundaryRound358Exact,Physics,dependency-complete,,
DASHI.Physics.Closure.NSTriadKNClayExternalR406TriangleBidiRound525Exact,Physics,dependency-complete,,
DASHI.Physics.Closure.NSTriadKNClayForcedBreakdownFormulationRound523Exact,Physics,dependency-complete,,
DASHI.Physics.Closure.NSTriadKNClayNavierStokesTheoremLanguageRound359Exact,Physics,dependency-complete,,
DASHI.Physics.Closure.NSTriadKNClayResidualIntrospectionRound509Exact,Physics,dependency-complete,,
DASHI.Physics.Closure.NSTriadKNCommonInitialDatumCriticalCeilingNoGoRound511Exact,Physics,dependency-complete,,
DASHI.Physics.Closure.NSTriadKNCompanionDebtDoubleMixedCarrierRound386Exact,Physics,dependency-complete,,
DASHI.Physics.Closure.NSTriadKNCriticalConeHeatExponentDiagnosticRound305Exact,Physics,dependency-complete,,
DASHI.Physics.Closure.NSTriadKNCriticalConeProofSearchRefinementRound308Exact,Physics,dependency-complete,,
DASHI.Physics.Closure.NSTriadKNCriticalRadialRealizationProofSearchRound516Exact,Physics,dependency-complete,,
DASHI.Physics.Closure.NSTriadKNCrossDomainMeasureBridgeOptionalForClayRound536Exact,Physics,dependency-complete,,
DASHI.Physics.Closure.NSTriadKNCrossLayerThresholdMarginsRound320Exact,Physics,dependency-complete,,
DASHI.Physics.Closure.NSTriadKNDataOperatorSchurCrossPollination2026Exact,Physics,dependency-complete,,
DASHI.Physics.Closure.NSTriadKNDeepFarLowDyadicBernsteinWeldRound466Exact,Physics,dependency-complete,,
DASHI.Physics.Closure.NSTriadKNDeterministicNestedColumnRound331Exact,Physics,dependency-complete,,
DASHI.Physics.Closure.NSTriadKNDeterministicNestedColumnWeightRound332Exact,Physics,dependency-complete,,
DASHI.Physics.Closure.NSTriadKNDiagonalResolventRateFloorRound449Exact,Physics,dependency-complete,,
DASHI.Physics.Closure.NSTriadKNDiagonalSelfFluxEndpointCompilerRound554Exact,Physics,dependency-complete,,
DASHI.Physics.Closure.NSTriadKNDiagonalSelfFluxToR447Round549Exact,Physics,dependency-complete,,
DASHI.Physics.Closure.NSTriadKNDiagonalWeightedRemainderDecompositionRound548Exact,Physics,dependency-complete,,
DASHI.Physics.Closure.NSTriadKNDirectBonyClassNormCompilerRound583Exact,Physics,dependency-complete,,
DASHI.Physics.Closure.NSTriadKNDirectLeafACompilerRound572Exact,Physics,dependency-complete,,
DASHI.Physics.Closure.NSTriadKNDirectResolventCompanionToR423Round501Exact,Physics,dependency-complete,,
DASHI.Physics.Closure.NSTriadKNDirectResolventFibreCompanionRound497Exact,Physics,dependency-complete,,
DASHI.Physics.Closure.NSTriadKNDirectResolventGlobalCompanionRound498Exact,Physics,dependency-complete,,
DASHI.Physics.Closure.NSTriadKNDirectResolventIntegratedCompanionRound500Exact,Physics,dependency-complete,,
DASHI.Physics.Closure.NSTriadKNDirectResolventOffDiagonalBoundaryRound502Exact,Physics,dependency-complete,,
DASHI.Physics.Closure.NSTriadKNDirectResolventPairCompanionRound496Exact,Physics,dependency-complete,,
DASHI.Physics.Closure.NSTriadKNDirectResolventPairSwapSymmetryRound538Exact,Physics,dependency-complete,,
DASHI.Physics.Closure.NSTriadKNDirectResolventSignedCrossToR415Round503Exact,Physics,dependency-complete,,
DASHI.Physics.Closure.NSTriadKNDirectResolventTrajectoryCompanionRound499Exact,Physics,dependency-complete,,
DASHI.Physics.Closure.NSTriadKNDirectSignedCompanionFrontierRound442Exact,Physics,dependency-complete,,
DASHI.Physics.Closure.NSTriadKNDoubleMixedAsSwapPairedPlusMinusRound387Exact,Physics,dependency-complete,,
DASHI.Physics.Closure.NSTriadKNDoubleMixedGramPairToResolventRound389Exact,Physics,dependency-complete,,
DASHI.Physics.Closure.NSTriadKNDoubleMixedPhysicalDampedTangentRound388Exact,Physics,dependency-complete,,
DASHI.Physics.Closure.NSTriadKNDyadicCriticalNormEquivalenceBoundaryRound517Exact,Physics,dependency-complete,,
DASHI.Physics.Closure.NSTriadKNEuclideanSignCoverageDependencyReconciliationRound535Exact,Physics,dependency-complete,,
DASHI.Physics.Closure.NSTriadKNEuclideanSignFibreOptionalForR406Round534Exact,Physics,dependency-complete,,
DASHI.Physics.Closure.NSTriadKNEuclideanTernary27SignChartBoundaryRound533Exact,Physics,dependency-complete,,
DASHI.Physics.Closure.NSTriadKNFactoredFullAnalyticFrontierRound566Exact,Physics,dependency-complete,,
DASHI.Physics.Closure.NSTriadKNFactoredFullCommutatorBudgetBidiRound570Exact,Physics,dependency-complete,,
DASHI.Physics.Closure.NSTriadKNFactoredFullCommutatorOnlyRound567Exact,Physics,dependency-complete,,
DASHI.Physics.Closure.NSTriadKNFactoredFullTransposeSymmetryRound566Exact,Physics,dependency-complete,,
DASHI.Physics.Closure.NSTriadKNFavorableDiagonalTemporalUpperRound553Exact,Physics,dependency-complete,,
DASHI.Physics.Closure.NSTriadKNFiniteInitialCoherentEndpointRound460Exact,Physics,dependency-complete,,
DASHI.Physics.Closure.NSTriadKNFiniteKernelRankOneQuadraticSplitRound444Exact,Physics,dependency-complete,,
DASHI.Physics.Closure.NSTriadKNFiniteWeightedGramFluxAggregationRound385Exact,Physics,dependency-complete,,
DASHI.Physics.Closure.NSTriadKNFixedOutputCriticalConeCompilerRound434Exact,Physics,dependency-complete,,
DASHI.Physics.Closure.NSTriadKNFixedOutputCriticalConeFamilyRound435Exact,Physics,dependency-complete,,
DASHI.Physics.Closure.NSTriadKNFixedOutputEDSelectorRoutingRound436Exact,Physics,dependency-complete,,
DASHI.Physics.Closure.NSTriadKNFixedOutputEnergySquareRoutingRound454Exact,Physics,dependency-complete,,
DASHI.Physics.Closure.NSTriadKNFixedOutputFourSignFibreMajorantRound578Exact,Physics,dependency-complete,,
DASHI.Physics.Closure.NSTriadKNFixedOutputNestedBonyCrossRound433Exact,Physics,dependency-complete,,
DASHI.Physics.Closure.NSTriadKNFixedOutputPaymentsToR423Round487Exact,Physics,dependency-complete,,
DASHI.Physics.Closure.NSTriadKNFixedOutputSignedCrossAggregationRound432Exact,Physics,dependency-complete,,
DASHI.Physics.Closure.NSTriadKNForcedBlowupR406BidiRound522Exact,Physics,dependency-complete,,
DASHI.Physics.Closure.NSTriadKNForcingHelicityCommutatorRound306Exact,Physics,dependency-complete,,
DASHI.Physics.Closure.NSTriadKNForcingSlotKernelRound307Exact,Physics,dependency-complete,,
DASHI.Physics.Closure.NSTriadKNFourHelicityComponentMassCollapseRound575Exact,Physics,dependency-complete,,
DASHI.Physics.Closure.NSTriadKNFourHelicityVectorRecombinationRound576Exact,Physics,dependency-complete,,
DASHI.Physics.Closure.NSTriadKNFourSignBonyClassGramCompilerRound580Exact,Physics,dependency-complete,,
DASHI.Physics.Closure.NSTriadKNFourSignInnerBonyLHHLNormSymmetryRound585Exact,Physics,dependency-complete,,
DASHI.Physics.Closure.NSTriadKNFourSignInnerFibreGramBoundaryRound577Exact,Physics,dependency-complete,,
DASHI.Physics.Closure.NSTriadKNFullSquareAsSpectatorRowsRound546Exact,Physics,dependency-complete,,
DASHI.Physics.Closure.NSTriadKNFullSquareDiagonalOffDiagonalRound543Exact,Physics,dependency-complete,,
DASHI.Physics.Closure.NSTriadKNGlobalCauchyTerminalEndpointRound463Exact,Physics,dependency-complete,,
DASHI.Physics.Closure.NSTriadKNGlobalClayConclusionRound357Exact,Physics,dependency-complete,,
DASHI.Physics.Closure.NSTriadKNGlobalDiagonalReducedNormalFormRound555Exact,Physics,dependency-complete,,
DASHI.Physics.Closure.NSTriadKNGlobalNestedIncidenceEnumerationRound342Exact,Physics,dependency-complete,,
DASHI.Physics.Closure.NSTriadKNGlobalNormalizedCompanionMassRound462Exact,Physics,dependency-complete,,
DASHI.Physics.Closure.NSTriadKNGlobalSelfFluxEndpointRound558Exact,Physics,dependency-complete,,
DASHI.Physics.Closure.NSTriadKNGramControlFallbackHierarchy2026Exact,Physics,dependency-complete,,
DASHI.Physics.Closure.NSTriadKNGramDebtPairExpansionRound383Exact,Physics,dependency-complete,,
DASHI.Physics.Closure.NSTriadKNGramOperatorBoundConsumerRound471Exact,Physics,dependency-complete,,
DASHI.Physics.Closure.NSTriadKNHeatFactorizedPairRemainderRound299Exact,Physics,dependency-complete,,
DASHI.Physics.Closure.NSTriadKNHeatWeightedCommutatorSchurRound301Exact,Physics,dependency-complete,,
DASHI.Physics.Closure.NSTriadKNHeatWeightedKernelRepresentationReuseRound340Exact,Physics,dependency-complete,,
DASHI.Physics.Closure.NSTriadKNHeatWeightedNestedConcreteKernelMatchRound344Exact,Physics,dependency-complete,,
DASHI.Physics.Closure.NSTriadKNHeatWeightedNestedCotlarSteinRound350Exact,Physics,dependency-complete,,
DASHI.Physics.Closure.NSTriadKNHeatWeightedNestedFiniteSchurCertificateRound346Exact,Physics,dependency-complete,,
DASHI.Physics.Closure.NSTriadKNHeatWeightedNestedOperatorDecayRound349Exact,Physics,dependency-complete,,
DASHI.Physics.Closure.NSTriadKNHeatWeightedNestedPairIncidenceRealizationRound343Exact,Physics,dependency-complete,,
DASHI.Physics.Closure.NSTriadKNHeatWeightedNestedPhysicalResponseMajorizationRound345Exact,Physics,dependency-complete,,
DASHI.Physics.Closure.NSTriadKNHeatWeightedNestedPhysicalSchurBoundRound348Exact,Physics,dependency-complete,,
DASHI.Physics.Closure.NSTriadKNHeatWeightedNestedPreTTStarAdapterRound336Exact,Physics,dependency-complete,,
DASHI.Physics.Closure.NSTriadKNHeatWeightedNestedSchurRealizationRound347Exact,Physics,dependency-complete,,
DASHI.Physics.Closure.NSTriadKNHeatWeightedNestedSpacetimeToResolventRound351Exact,Physics,dependency-complete,,
DASHI.Physics.Closure.NSTriadKNHeatWeightedOperatorTTStarReuseRound338Exact,Physics,dependency-complete,,
DASHI.Physics.Closure.NSTriadKNHelicalDampedProjectorLinearityRound381Exact,Physics,dependency-complete,,
DASHI.Physics.Closure.NSTriadKNHelicalSignedGramSplitRound474Exact,Physics,dependency-complete,,
DASHI.Physics.Closure.NSTriadKNHeterochiralHHOuterThresholdsRound319Exact,Physics,dependency-complete,,
DASHI.Physics.Closure.NSTriadKNHighestAlphaProofSearchRound296Exact,Physics,dependency-complete,,
DASHI.Physics.Closure.NSTriadKNInitialCriticalRealizationToR421Round512Exact,Physics,dependency-complete,,
DASHI.Physics.Closure.NSTriadKNInnerHelicalComponentCommutatorRound571Exact,Physics,dependency-complete,,
DASHI.Physics.Closure.NSTriadKNInnerStrongLowOutputSubconeRound321Exact,Physics,dependency-complete,,
DASHI.Physics.Closure.NSTriadKNIntegratedDiagonalReducedNormalFormRound552Exact,Physics,dependency-complete,,
DASHI.Physics.Closure.NSTriadKNIntegrationTransportAuthorityRound495Exact,Physics,dependency-complete,,
DASHI.Physics.Closure.NSTriadKNIntrospectiveCriticalLeafObserverRound509Exact,Physics,dependency-complete,,
DASHI.Physics.Closure.NSTriadKNIntrospectiveCriticalProductionSchedulerRound510Exact,Physics,dependency-complete,,
DASHI.Physics.Closure.NSTriadKNLiteralDiagonalSumDecompositionRound550Exact,Physics,dependency-complete,,
DASHI.Physics.Closure.NSTriadKNLiteralDoubleMixedTangentTrajectoryWeldRound560Exact,Physics,dependency-complete,,
DASHI.Physics.Closure.NSTriadKNLiteralFactoredFullSpacetimeBudgetRound567Exact,Physics,dependency-complete,,
DASHI.Physics.Closure.NSTriadKNLiteralFeffermanRouteReconciliationRound362Exact,Physics,dependency-complete,,
DASHI.Physics.Closure.NSTriadKNLiteralForcingCellCauchyPolarizationRound575Exact,Physics,dependency-complete,,
DASHI.Physics.Closure.NSTriadKNLiteralFourSignBonyRoutingRound581Exact,Physics,dependency-complete,,
DASHI.Physics.Closure.NSTriadKNLiteralFrontierSchedulerRound443Exact,Physics,dependency-complete,,
DASHI.Physics.Closure.NSTriadKNLiteralGramDebtR290PairEnumerationRound390Exact,Physics,dependency-complete,,
DASHI.Physics.Closure.NSTriadKNLiteralLiveSelfPairDerivativeRound561Exact,Physics,dependency-complete,,
DASHI.Physics.Closure.NSTriadKNLiteralMixedCellGramPairClosedRound382Exact,Physics,dependency-complete,,
DASHI.Physics.Closure.NSTriadKNLiteralMixedCellGramPairRound380Exact,Physics,dependency-complete,,
DASHI.Physics.Closure.NSTriadKNLiteralNestedOuterAntiParallelNormRound430Exact,Physics,dependency-complete,,
DASHI.Physics.Closure.NSTriadKNLiteralNestedOuterRadiusDefectRound431Exact,Physics,dependency-complete,,
DASHI.Physics.Closure.NSTriadKNLiteralNestedPairwiseMassEnvelopeRound580Exact,Physics,dependency-complete,,
DASHI.Physics.Closure.NSTriadKNLiteralNestedRowEnumerationRound330Exact,Physics,dependency-complete,,
DASHI.Physics.Closure.NSTriadKNLiteralNestedShellObserverRepairRound582Exact,Physics,dependency-complete,,
DASHI.Physics.Closure.NSTriadKNLiteralPhysicalOutputFourSignGramRound579Exact,Physics,dependency-complete,,
DASHI.Physics.Closure.NSTriadKNLiteralR378GlobalInstantaneousGramFluxRound392Exact,Physics,dependency-complete,,
DASHI.Physics.Closure.NSTriadKNLiteralR378InstantaneousGramFluxRound391Exact,Physics,dependency-complete,,
DASHI.Physics.Closure.NSTriadKNLiteralR378TemporalIntegrationBoundaryRound393Exact,Physics,dependency-complete,,
DASHI.Physics.Closure.NSTriadKNLiteralR378ToR303PaymentRound394Exact,Physics,dependency-complete,,
DASHI.Physics.Closure.NSTriadKNLiteralR396OrderedOffDiagonalRemainderRound540Exact,Physics,dependency-complete,,
DASHI.Physics.Closure.NSTriadKNLiteralR406ClayTerminalCutsetRound504Exact,Physics,dependency-complete,,
DASHI.Physics.Closure.NSTriadKNLiteralR406CommutatorDiagonalNormalFormRound547Exact,Physics,dependency-complete,,
DASHI.Physics.Closure.NSTriadKNLiteralR406CriticalProductionProofSearchRound508Exact,Physics,dependency-complete,,
DASHI.Physics.Closure.NSTriadKNLiteralR406DiagonalFluxEndpointReuseRound551Exact,Physics,dependency-complete,,
DASHI.Physics.Closure.NSTriadKNLiteralR406DiagonalR290FluxDecompositionRound549Exact,Physics,dependency-complete,,
DASHI.Physics.Closure.NSTriadKNLiteralR406DiagonalReducedNormalFormRound551Exact,Physics,dependency-complete,,
DASHI.Physics.Closure.NSTriadKNLiteralR406DiagonalSelfGramEnergyControlRound550Exact,Physics,dependency-complete,,
DASHI.Physics.Closure.NSTriadKNLiteralR406DiagonalSemanticBoundaryRound548Exact,Physics,dependency-complete,,
DASHI.Physics.Closure.NSTriadKNLiteralR406DirectAnalyticFrontierEverythingRound569Exact,Physics,dependency-complete,,
DASHI.Physics.Closure.NSTriadKNLiteralR406DirectTerminalEverythingRound505Exact,Physics,dependency-complete,,
DASHI.Physics.Closure.NSTriadKNLiteralR406DirectTerminalPostReconciliationRound569Exact,Physics,dependency-complete,,
DASHI.Physics.Closure.NSTriadKNLiteralR406LatticeContinuumTransportConsumerRound535Exact,Physics,dependency-complete,,
DASHI.Physics.Closure.NSTriadKNLiteralSelfFluxDerivativeClosedRound563Exact,Physics,dependency-complete,,
DASHI.Physics.Closure.NSTriadKNLiteralSelfFluxFiniteDerivativeCompilerRound559Exact,Physics,dependency-complete,,
DASHI.Physics.Closure.NSTriadKNLiteralSelfFluxFiniteFamilyRound563Exact,Physics,dependency-complete,,
DASHI.Physics.Closure.NSTriadKNLiteralSelfFluxPairFamilyRound562Exact,Physics,dependency-complete,,
DASHI.Physics.Closure.NSTriadKNLiteralSelfPairDerivativeItemRound562Exact,Physics,dependency-complete,,
DASHI.Physics.Closure.NSTriadKNLiveCommutatorOnlyLeafABoundaryRound568Exact,Physics,dependency-complete,,
DASHI.Physics.Closure.NSTriadKNLiveGlobalSelfFluxDerivativeRound564Exact,Physics,dependency-complete,,
DASHI.Physics.Closure.NSTriadKNLiveGlobalSelfFluxEndpointWeldRound568Exact,Physics,dependency-complete,,
DASHI.Physics.Closure.NSTriadKNLiveGlobalSelfFluxTangentWeldRound570Exact,Physics,dependency-complete,,
DASHI.Physics.Closure.NSTriadKNLiveIntegratedDiagonalReducedNormalFormRound557Exact,Physics,dependency-complete,,
DASHI.Physics.Closure.NSTriadKNLiveR406DiagonalReducedNormalFormRound556Exact,Physics,dependency-complete,,
DASHI.Physics.Closure.NSTriadKNLiveSelfGramAndFluxOrderRound571Exact,Physics,dependency-complete,,
DASHI.Physics.Closure.NSTriadKNLiveSelfPairFixedResolventRound560Exact,Physics,dependency-complete,,
DASHI.Physics.Closure.NSTriadKNLocalWitnessGlobalAggregationFrontierRound337Exact,Physics,dependency-complete,,
DASHI.Physics.Closure.NSTriadKNMHDRadiusReciprocalToNormalizedDirectionRound464Exact,Physics,dependency-complete,,
DASHI.Physics.Closure.NSTriadKNMixedHelicityPointwiseDominanceRound376Exact,Physics,dependency-complete,,
DASHI.Physics.Closure.NSTriadKNModernLeafARouteReconciliationRound578Exact,Physics,dependency-complete,,
DASHI.Physics.Closure.NSTriadKNModernNestedSchurToCommutatorBidiRound577Exact,Physics,dependency-complete,,
DASHI.Physics.Closure.NSTriadKNNestedComponentwiseInnerCommutatorRound572Exact,Physics,dependency-complete,,
DASHI.Physics.Closure.NSTriadKNNestedCriticalConeShellKernelRound313Exact,Physics,dependency-complete,,
DASHI.Physics.Closure.NSTriadKNNestedCriticalGainConsumerRound315Exact,Physics,dependency-complete,,
DASHI.Physics.Closure.NSTriadKNNestedDominantCommonHatReuseRound339Exact,Physics,dependency-complete,,
DASHI.Physics.Closure.NSTriadKNNestedInnerForcingAggregationRound435Exact,Physics,dependency-complete,,
DASHI.Physics.Closure.NSTriadKNNestedInnerGeometryRefinementRound316Exact,Physics,dependency-complete,,
DASHI.Physics.Closure.NSTriadKNNestedInnerHHDerivativeRelocationRound312Exact,Physics,dependency-complete,,
DASHI.Physics.Closure.NSTriadKNNestedInnerHelicityRouteSplitRound311Exact,Physics,dependency-complete,,
DASHI.Physics.Closure.NSTriadKNNestedInnerSwapCommutatorRound310Exact,Physics,dependency-complete,,
DASHI.Physics.Closure.NSTriadKNNestedOuterOrientationRefinementRound314Exact,Physics,dependency-complete,,
DASHI.Physics.Closure.NSTriadKNNestedPairIncidenceReuseRound341Exact,Physics,dependency-complete,,
DASHI.Physics.Closure.NSTriadKNNestedProjectedForcingSlotExpansionRound309Exact,Physics,dependency-complete,,
DASHI.Physics.Closure.NSTriadKNNestedSlotBonyClassNormBidiRound584Exact,Physics,dependency-complete,,
DASHI.Physics.Closure.NSTriadKNNormalizedDoubleMixedCellMassRound452Exact,Physics,dependency-complete,,
DASHI.Physics.Closure.NSTriadKNOutputIndexedEDProvenanceRound470Exact,Physics,dependency-complete,,
DASHI.Physics.Closure.NSTriadKNPackageAContinuationRouteReconciliationRound370Exact,Physics,dependency-complete,,
DASHI.Physics.Closure.NSTriadKNPackageAToGlobalPrimitiveRound367Exact,Physics,dependency-complete,,
DASHI.Physics.Closure.NSTriadKNPackageAToLegacyGlobalPhysicalRound363Exact,Physics,dependency-complete,,
DASHI.Physics.Closure.NSTriadKNPackageAToRestartFrontierRound365Exact,Physics,dependency-complete,,
DASHI.Physics.Closure.NSTriadKNPackageAToRound104CriticalFrontierRound371Exact,Physics,dependency-complete,,
DASHI.Physics.Closure.NSTriadKNPackageAToSameSolutionSerrinRound369Exact,Physics,dependency-complete,,
DASHI.Physics.Closure.NSTriadKNPeriodicFourierTernaryTorusFibreBidiRound530Exact,Physics,dependency-complete,,
DASHI.Physics.Closure.NSTriadKNPeriodicIntegerTernary27SignChartRound529Exact,Physics,dependency-complete,,
DASHI.Physics.Closure.NSTriadKNPeriodicTorusBase369NormalizationRound531Exact,Physics,dependency-complete,,
DASHI.Physics.Closure.NSTriadKNPhysicalCauchyLaplaceWeldRound491Exact,Physics,dependency-complete,,
DASHI.Physics.Closure.NSTriadKNPhysicalCauchyOffDiagonalR397WeldRound448Exact,Physics,dependency-complete,,
DASHI.Physics.Closure.NSTriadKNPhysicalCauchyResolventCompletionRound447Exact,Physics,dependency-complete,,
DASHI.Physics.Closure.NSTriadKNPhysicalDiagonalEnergySquareEndpointRound457Exact,Physics,dependency-complete,,
DASHI.Physics.Closure.NSTriadKNPhysicalDiagonalR298WeldRound451Exact,Physics,dependency-complete,,
DASHI.Physics.Closure.NSTriadKNPhysicalGlobalCompanionGramLedgerRound378Exact,Physics,dependency-complete,,
DASHI.Physics.Closure.NSTriadKNPhysicalGlobalGramToPackageARound379Exact,Physics,dependency-complete,,
DASHI.Physics.Closure.NSTriadKNPhysicalGramOperatorPaymentRound472Exact,Physics,dependency-complete,,
DASHI.Physics.Closure.NSTriadKNPhysicalGramProducerFrontier2026Exact,Physics,dependency-complete,,
DASHI.Physics.Closure.NSTriadKNPhysicalHHAndNestedRadiusCompilerRound468Exact,Physics,dependency-complete,,
DASHI.Physics.Closure.NSTriadKNPhysicalHeatDoubleSumFactorizationRound440Exact,Physics,dependency-complete,,
DASHI.Physics.Closure.NSTriadKNPhysicalInnerCommutatorLowOutputBoundRound326Exact,Physics,dependency-complete,,
DASHI.Physics.Closure.NSTriadKNPhysicalMeaningSignedCancellationRound510Exact,Physics,dependency-complete,,
DASHI.Physics.Closure.NSTriadKNPhysicalNormalizedAntiParallelComplementRound467Exact,Physics,dependency-complete,,
DASHI.Physics.Closure.NSTriadKNPhysicalNormalizedDoubleMixedMassRound456Exact,Physics,dependency-complete,,
DASHI.Physics.Closure.NSTriadKNPhysicalPackageAToClayAuthorityRound356Exact,Physics,dependency-complete,,
DASHI.Physics.Closure.NSTriadKNPhysicalPackageAToFullClayTheoremRound360Exact,Physics,dependency-complete,,
DASHI.Physics.Closure.NSTriadKNPhysicalPackageAToLiteralFeffermanRound361Exact,Physics,dependency-complete,,
DASHI.Physics.Closure.NSTriadKNPhysicalR299FactorizedCompanionRound441Exact,Physics,dependency-complete,,
DASHI.Physics.Closure.NSTriadKNPhysicalR353ToR354Round374Exact,Physics,dependency-complete,,
DASHI.Physics.Closure.NSTriadKNPhysicalSignedGramFamilyRound375Exact,Physics,dependency-complete,,
DASHI.Physics.Closure.NSTriadKNPhysicalSignedGramToPackageARound377Exact,Physics,dependency-complete,,
DASHI.Physics.Closure.NSTriadKNPoissonKernelToLiteralR406MeasureBridgeRound537Exact,Physics,dependency-complete,,
DASHI.Physics.Closure.NSTriadKNPoissonR406ToClayLeafABidiRound538Exact,Physics,dependency-complete,,
DASHI.Physics.Closure.NSTriadKNPositiveRateLaplaceAuthorityRound490Exact,Physics,dependency-complete,,
DASHI.Physics.Closure.NSTriadKNPreTTStarReuseCorrectionRound335Exact,Physics,dependency-complete,,
DASHI.Physics.Closure.NSTriadKNProjectedForcingOuterCellExhaustiveRound437Exact,Physics,dependency-complete,,
DASHI.Physics.Closure.NSTriadKNProjectedNonlinearityZeroOutputRound436Exact,Physics,dependency-complete,,
DASHI.Physics.Closure.NSTriadKNProjectedVsDirectSignedGramBoundaryRound476Exact,Physics,dependency-complete,,
DASHI.Physics.Closure.NSTriadKNPureCommutatorRawDualDefectWeldRound325Exact,Physics,dependency-complete,,
DASHI.Physics.Closure.NSTriadKNR106ComponentLowOutputBoundRound574Exact,Physics,dependency-complete,,
DASHI.Physics.Closure.NSTriadKNR293ToPhysicalPackageARound354Exact,Physics,dependency-complete,,
DASHI.Physics.Closure.NSTriadKNR299NormalizedCompanionSameObjectRound494Exact,Physics,dependency-complete,,
DASHI.Physics.Closure.NSTriadKNR353ToUniformSignedCriticalProductionRound372Exact,Physics,dependency-complete,,
DASHI.Physics.Closure.NSTriadKNR414CriticalObservableRealizationNoGoRound513Exact,Physics,dependency-complete,,
DASHI.Physics.Closure.NSTriadKNR423FixedOutputProducerProofSearchRound488Exact,Physics,dependency-complete,,
DASHI.Physics.Closure.NSTriadKNR423LocalPaymentPrerequisiteRound489Exact,Physics,dependency-complete,,
DASHI.Physics.Closure.NSTriadKNR55PeriodizationToR406MeasureBridgeBoundaryRound537Exact,Physics,dependency-complete,,
DASHI.Physics.Closure.NSTriadKNRationalCauchySchurComplementRound443Exact,Physics,dependency-complete,,
DASHI.Physics.Closure.NSTriadKNRationalComplex3CauchyPSDRound446Exact,Physics,dependency-complete,,
DASHI.Physics.Closure.NSTriadKNRationalFiniteCauchyPSDCompilerRound445Exact,Physics,dependency-complete,,
DASHI.Physics.Closure.NSTriadKNRationalHeatWeightEnvelopeRound333Exact,Physics,dependency-complete,,
DASHI.Physics.Closure.NSTriadKNRationalHermitianYoungRound579Exact,Physics,dependency-complete,,
DASHI.Physics.Closure.NSTriadKNRationalInfinityShellBernsteinRound465Exact,Physics,dependency-complete,,
DASHI.Physics.Closure.NSTriadKNRationalNormalizedDirectionUnitRound455Exact,Physics,dependency-complete,,
DASHI.Physics.Closure.NSTriadKNRationalResolventFromPositiveGramPairRound384Exact,Physics,dependency-complete,,
DASHI.Physics.Closure.NSTriadKNRefinedHeatSchurSearchRound327Exact,Physics,dependency-complete,,
DASHI.Physics.Closure.NSTriadKNResidenceBandVariationNoGoRound506Exact,Physics,dependency-complete,,
DASHI.Physics.Closure.NSTriadKNResidualIndexedProducerAdmissionRound512Exact,Physics,dependency-complete,,
DASHI.Physics.Closure.NSTriadKNResolventAbsorptionToSignedGramRound352Exact,Physics,dependency-complete,,
DASHI.Physics.Closure.NSTriadKNResolventDiagonalNoCardinalityRound298Exact,Physics,dependency-complete,,
DASHI.Physics.Closure.NSTriadKNResolventEndpointCompletionRound297Exact,Physics,dependency-complete,,
DASHI.Physics.Closure.NSTriadKNResolventPackageAFrontierCorrectionRound355Exact,Physics,dependency-complete,,
DASHI.Physics.Closure.NSTriadKNResolventPackageAFrontierRound304Exact,Physics,dependency-complete,,
DASHI.Physics.Closure.NSTriadKNResolventRestartToLiteralFeffermanRound368Exact,Physics,dependency-complete,,
DASHI.Physics.Closure.NSTriadKNResolventToExistingClayEndToEndRound364Exact,Physics,dependency-complete,,
DASHI.Physics.Closure.NSTriadKNResolventYoungAbsorptionRound300Exact,Physics,dependency-complete,,
DASHI.Physics.Closure.NSTriadKNRetainedViscosityPositivityNoGoRound514Exact,Physics,dependency-complete,,
DASHI.Physics.Closure.NSTriadKNRotationalPairRawDirectionalRound324Exact,Physics,dependency-complete,,
DASHI.Physics.Closure.NSTriadKNRound104ToLiteralR406CriticalSliceRound507Exact,Physics,dependency-complete,,
DASHI.Physics.Closure.NSTriadKNSelectedPairEnergySquareRound453Exact,Physics,dependency-complete,,
DASHI.Physics.Closure.NSTriadKNSelectedPairPhysicalTriadRoutingRound469Exact,Physics,dependency-complete,,
DASHI.Physics.Closure.NSTriadKNSelfFluxFiniteDerivativeReuseRound559Exact,Physics,dependency-complete,,
DASHI.Physics.Closure.NSTriadKNSelfFluxScalarFTCBoundaryRound564Exact,Physics,dependency-complete,,
DASHI.Physics.Closure.NSTriadKNSelfFluxTemporalReconciliationRound565Exact,Physics,dependency-complete,,
DASHI.Physics.Closure.NSTriadKNSelfPairFixedResolventTrajectoryRound561Exact,Physics,dependency-complete,,
DASHI.Physics.Closure.NSTriadKNSignedGramBypassesCoherentMajorantRound373Exact,Physics,dependency-complete,,
DASHI.Physics.Closure.NSTriadKNSignedGramFluxFamilyToR293Round353Exact,Physics,dependency-complete,,
DASHI.Physics.Closure.NSTriadKNSignedGramFluxPaymentRound303Exact,Physics,dependency-complete,,
DASHI.Physics.Closure.NSTriadKNSignedNestedDecayFrontierRound581Exact,Physics,dependency-complete,,
DASHI.Physics.Closure.NSTriadKNSignedNetworkBudgetCompilerRound511Exact,Physics,dependency-complete,,
DASHI.Physics.Closure.NSTriadKNSixteenCellKnownGainDiagnosticRound317Exact,Physics,dependency-complete,,
DASHI.Physics.Closure.NSTriadKNSixteenCellThresholdSearchRound318Exact,Physics,dependency-complete,,
DASHI.Physics.Closure.NSTriadKNSmoothForcedBlowupAdversarialBoundaryRound521Exact,Physics,dependency-complete,,
DASHI.Physics.Closure.NSTriadKNSpectatorDoubleCellAmplitudeFoldRound544Exact,Physics,dependency-complete,,
DASHI.Physics.Closure.NSTriadKNSpectatorDoubleForcingCommutatorFoldRound542Exact,Physics,dependency-complete,,
DASHI.Physics.Closure.NSTriadKNSpectatorResolventR294WeightRound541Exact,Physics,dependency-complete,,
DASHI.Physics.Closure.NSTriadKNSpectatorResolventRowFactorizationRound545Exact,Physics,dependency-complete,,
DASHI.Physics.Closure.NSTriadKNStandardGlobalContinuationCompilerRound366Exact,Physics,dependency-complete,,
DASHI.Physics.Closure.NSTriadKNStrictFixedOutputCompanionToR423Round492Exact,Physics,dependency-complete,,
DASHI.Physics.Closure.NSTriadKNStrictLiteralR406CriticalLeafRound515Exact,Physics,dependency-complete,,
DASHI.Physics.Closure.NSTriadKNStrictR423ProofSearchRound493Exact,Physics,dependency-complete,,
DASHI.Physics.Closure.NSTriadKNStrongLowLiteralNestedKernelRound329Exact,Physics,dependency-complete,,
DASHI.Physics.Closure.NSTriadKNStrongLowNestedSchurMeetingRound328Exact,Physics,dependency-complete,,
DASHI.Physics.Closure.NSTriadKNStrongLowPaysOrientedFLRound322Exact,Physics,dependency-complete,,
DASHI.Physics.Closure.NSTriadKNStrongLowPaysOuterHHRound323Exact,Physics,dependency-complete,,
DASHI.Physics.Closure.NSTriadKNStrongLowRowColumnFrontierRound334Exact,Physics,dependency-complete,,
DASHI.Physics.Closure.NSTriadKNSymmetricUnorderedOrderedOffDiagonalRound539Exact,Physics,dependency-complete,,
DASHI.Physics.Closure.NSTriadKNTerminalFluxPaidTemporalReductionRound459Exact,Physics,dependency-complete,,
DASHI.Physics.Closure.NSTriadKNTorusEuclideanR406MeasureBridgeBoundaryRound528Exact,Physics,dependency-complete,,
DASHI.Physics.Closure.NSTriadKNTorusEuclideanTernary27IntersectionRound526Exact,Physics,dependency-complete,,
DASHI.Physics.Closure.NSTriadKNWeightedCompanionHermitianCrossRound439Exact,Physics,dependency-complete,,
DASHI.Physics.Closure.NSTriadKNWeightedHelicalGramOperatorSplitRound475Exact,Physics,dependency-complete,,
DASHI.Physics.Closure.NSTriadKNWeightedNestedComponentwiseCommutatorRound573Exact,Physics,dependency-complete,,
DASHI.Physics.Closure.NSTriadKNWeightedPhysicalGramOperatorCarrierRound473Exact,Physics,dependency-complete,,
DASHI.Physics.Closure.NSTriadKNWeightedProjectedForcingOuterFoldRound438Exact,Physics,dependency-complete,,
DASHI.Physics.Closure.NSTriadKNZeroSafeCollinearityDefectInterface2026Exact,Physics,dependency-complete,,
DASHI.Physics.Closure.NavierStokesCitationIdentityAuditExact,Physics,dependency-complete,,
DASHI.Physics.Closure.NavierStokesSourceEntityQidBindingsExact,Physics,dependency-complete,,
DASHI.Physics.ExoticGravity.AntigravityBundleExecutionDerivationExact,Physics,dependency-complete,,
DASHI.Physics.ExoticGravity.AntigravityCalibratedExecutionBridgeExact,Physics,dependency-complete,,
DASHI.Physics.ExoticGravity.AntigravityCalibratedFullyDerivedExperimentalCutExact,Physics,dependency-complete,,
DASHI.Physics.ExoticGravity.AntigravityClaimScopedComparativeAnomalyExact,Physics,dependency-complete,,
DASHI.Physics.ExoticGravity.AntigravityClaimScopedExperimentalCutExact,Physics,dependency-complete,,
DASHI.Physics.ExoticGravity.AntigravityClaimTheoryComparisonExact,Physics,dependency-complete,,
DASHI.Physics.ExoticGravity.AntigravityConstraintInformedBundleDesignExact,Physics,dependency-complete,,
DASHI.Physics.ExoticGravity.AntigravityConstraintPruningVsBundlePaymentExact,Physics,dependency-complete,,
DASHI.Physics.ExoticGravity.AntigravityConsumerScopedCalibrationExact,Physics,dependency-complete,,
DASHI.Physics.ExoticGravity.AntigravityEmpiricalTheoryDiligenceBidiExact,Physics,dependency-complete,,
DASHI.Physics.ExoticGravity.AntigravityExecutionCalibrationExact,Physics,dependency-complete,,
DASHI.Physics.ExoticGravity.AntigravityExperimentalCutProvenanceExact,Physics,dependency-complete,,
DASHI.Physics.ExoticGravity.AntigravityFirstIrreducibleSourceResidualExact,Physics,dependency-complete,,
DASHI.Physics.ExoticGravity.AntigravityFullyDerivedExperimentalCutExact,Physics,dependency-complete,,
DASHI.Physics.ExoticGravity.AntigravityJointProofSearchFrontierExact,Physics,dependency-complete,,
DASHI.Physics.ExoticGravity.AntigravityLaboratoryBackgroundClosureExact,Physics,dependency-complete,,
DASHI.Physics.ExoticGravity.AntigravityLaboratoryGRComparatorCompilationExact,Physics,dependency-complete,,
DASHI.Physics.ExoticGravity.AntigravityLaboratoryGRComparatorStateBridgeExact,Physics,dependency-complete,,
DASHI.Physics.ExoticGravity.AntigravityLaboratoryOrdinaryModelClosureWeldExact,Physics,dependency-complete,,
DASHI.Physics.ExoticGravity.AntigravityLaboratoryStressEnergyCompilationExact,Physics,dependency-complete,,
DASHI.Physics.ExoticGravity.AntigravityLaboratoryStressEnergyScopeBidiExact,Physics,dependency-complete,,
DASHI.Physics.ExoticGravity.AntigravityMaterialBidiCrossPollinationExact,Physics,dependency-complete,,
DASHI.Physics.ExoticGravity.AntigravityMicroscopicBulkProofSearchBridgeExact,Physics,dependency-complete,,
DASHI.Physics.ExoticGravity.AntigravityNegativeGBidiValidationExact,Physics,dependency-complete,,
DASHI.Physics.ExoticGravity.AntigravityNegativeGClaimComparisonWeldExact,Physics,dependency-complete,,
DASHI.Physics.ExoticGravity.AntigravityNegativeGCouplingBidiExact,Physics,dependency-complete,,
DASHI.Physics.ExoticGravity.AntigravityNegativeGCouplingScopeBidiExact,Physics,dependency-complete,,
DASHI.Physics.ExoticGravity.AntigravityNegativeGCouplingScopeProofSearchExact,Physics,dependency-complete,,
DASHI.Physics.ExoticGravity.AntigravityNegativeGCrossScaleProofSearchExact,Physics,dependency-complete,,
DASHI.Physics.ExoticGravity.AntigravityNegativeGPairedComparatorExact,Physics,dependency-complete,,
DASHI.Physics.ExoticGravity.AntigravityOptimizedAcquisitionPlanExact,Physics,dependency-complete,,
DASHI.Physics.ExoticGravity.AntigravityProofSearchFrontierExact,Physics,dependency-complete,,
DASHI.Physics.ExoticGravity.AntigravityProofSearchLeastPrivilegeAdmissionExact,Physics,dependency-complete,,
DASHI.Physics.ExoticGravity.AntigravityProofSearchValidationExact,Physics,dependency-complete,,
DASHI.Physics.ExoticGravity.AntigravityResearchPromotionCutExact,Physics,dependency-complete,,
DASHI.Physics.ExoticGravity.AntigravitySharedSourceProofSearchExact,Physics,dependency-complete,,
DASHI.Physics.ExoticGravity.AntigravitySourceAcquisitionCompilationExact,Physics,dependency-complete,,
DASHI.Physics.ExoticGravity.AntigravitySourceBundleDerivationLineageExact,Physics,dependency-complete,,
DASHI.Physics.ExoticGravity.AntigravityStrongPromotionFacadeExact,Physics,dependency-complete,,
DASHI.Physics.ExoticGravity.AntigravityUnificationInteractionExact,Physics,dependency-complete,,
DASHI.Physics.ExoticGravity.ConstraintPruningIdentityWeldExact,Physics,dependency-complete,,
DASHI.Physics.ExoticGravity.GravitationalWavePolarizationAndScopeValidationExact,Physics,dependency-complete,,
DASHI.Physics.ExoticGravity.LiTorr1991CombinedFieldSourceEntitlementExact,Physics,dependency-complete,,
DASHI.Physics.ExoticGravity.LiTorr1992CoupledPotentialSourceEntitlementExact,Physics,dependency-complete,,
DASHI.Physics.ExoticGravity.LiTorr1992SecondaryFullTextInspectionExact,Physics,dependency-complete,,
DASHI.Physics.ExoticGravity.LiTorrScalingModelSourceEntitlementBridgeExact,Physics,dependency-complete,,
DASHI.Physics.ExoticGravity.LiTorrTheorySourceDiligenceProofSearchExact,Physics,dependency-complete,,
DASHI.Physics.ExoticGravity.MaterialEffectiveNegativeGAuthorityClosureExact,Physics,dependency-complete,,
DASHI.Physics.ExoticGravity.MaterialEffectiveNegativeGConstitutiveRatioMeasurementExact,Physics,dependency-complete,,
DASHI.Physics.ExoticGravity.MaterialEffectiveNegativeGDiscriminatorCutsetExact,Physics,dependency-complete,,
DASHI.Physics.ExoticGravity.MaterialEffectiveNegativeGGravitationalWaveBidiExact,Physics,dependency-complete,,
DASHI.Physics.ExoticGravity.MaterialEffectiveNegativeGModelAuthorityProofSearchExact,Physics,dependency-complete,,
DASHI.Physics.ExoticGravity.MaterialEffectiveNegativeGModelProvenanceBidiExact,Physics,dependency-complete,,
DASHI.Physics.ExoticGravity.MaterialEffectiveNegativeGOrderParameterIdentityWeldExact,Physics,dependency-complete,,
DASHI.Physics.ExoticGravity.MaterialEffectiveNegativeGScalingModelDiscriminatorExact,Physics,dependency-complete,,
DASHI.Physics.ExoticGravity.MaterialEffectiveNegativeGScalingReplicationIdentityWeldExact,Physics,dependency-complete,,
DASHI.Physics.ExoticGravity.MaterialEffectiveNegativeGScientificWallBidiExact,Physics,dependency-complete,,
DASHI.Physics.ExoticGravity.MaterialEffectiveNegativeGScientificWallProgressionExact,Physics,dependency-complete,,
DASHI.Physics.ExoticGravity.MaterialEffectiveNegativeGScientificWallValidationExact,Physics,dependency-complete,,
DASHI.Physics.ExoticGravity.MaterialEffectiveNegativeGSourceValidationExact,Physics,dependency-complete,,
DASHI.Physics.ExoticGravity.SuperconductingChargeMassCurrentBidiExact,Physics,dependency-complete,,
DASHI.Physics.ExoticGravity.SuperconductingConstitutiveNegativeGProofSearchExact,Physics,dependency-complete,,
DASHI.Physics.ExoticGravity.SuperconductingConstitutiveNegativeGScopeWeldExact,Physics,dependency-complete,,
DASHI.Physics.ExoticGravity.SuperconductingConstraintObservationRouteExact,Physics,dependency-complete,,
DASHI.Physics.ExoticGravity.SuperconductingConstraintSourceAttributionMigrationExact,Physics,dependency-complete,,
DASHI.Physics.ExoticGravity.SuperconductingResidualCouplingNegativeGInterpretationBidiExact,Physics,dependency-complete,,
DASHI.Physics.ExoticGravity.SuperconductingTransitionOrderParameterLockBidiExact,Physics,dependency-complete,,
DASHI.Physics.GR.GravitationalAttributedMultiScaleFingerprintBidiExact,Physics,dependency-complete,,
DASHI.Physics.GR.GravitationalEpistemicLineageExact,Physics,dependency-complete,,
DASHI.Physics.GR.GravitationalMultiScaleTheoryFingerprintBidiExact,Physics,dependency-complete,,
DASHI.Physics.GR.GravitationalObservationBidiExact,Physics,dependency-complete,,
DASHI.Physics.GR.GravitationalObservationSourceAtlasExact,Physics,dependency-complete,,
DASHI.Physics.GR.GravitationalPredictionAttributionBidiExact,Physics,dependency-complete,,
DASHI.Physics.GR.GravitationalPredictionObservationBidiExact,Physics,dependency-complete,,
DASHI.Physics.GR.GravitationalWavePhaseSignBidiExact,Physics,dependency-complete,,
DASHI.Physics.GR.GravitationalWavePolarizationSignBidiExact,Physics,dependency-complete,,
DASHI.Physics.GR.GravitationalWavePolarizationSourceAttributionExact,Physics,dependency-complete,,
DASHI.Physics.GR.GravitationalWaveTheoryTestBidiExact,Physics,dependency-complete,,
DASHI.Physics.GR.NegativeGGravitationalWavePhaseIdentifiabilityBidiExact,Physics,dependency-complete,,
DASHI.Physics.GR.NegativeGGravitationalWavePhaseProofSearchExact,Physics,dependency-complete,,
DASHI.Physics.GR.NegativeGGravitationalWaveTestRoutingExact,Physics,dependency-complete,,
DASHI.Physics.GR.NegativeGPredictionAuthorityExact,Physics,dependency-complete,,
DASHI.Physics.GR.SignedCosmologicalMatterCouplingBidiExact,Physics,dependency-complete,,
DASHI.Physics.GR.SignedEinsteinCouplingBidiExact,Physics,dependency-complete,,
DASHI.Physics.GR.SignedEinsteinCouplingSourceDegeneracyBidiExact,Physics,dependency-complete,,
DASHI.Physics.GR.SignedGRNormalizationBidiExact,Physics,dependency-complete,,
DASHI.Physics.GR.SignedGSourceDynamicsBidiExact,Physics,dependency-complete,,
DASHI.Physics.GR.SignedGravitationalWaveCouplingBidiExact,Physics,dependency-complete,,
DASHI.Physics.GR.SignedGravitationalWaveDetectorResponseBidiExact,Physics,dependency-complete,,
DASHI.Physics.GR.SignedNewtonianLimitBidiExact,Physics,dependency-complete,,
DASHI.Physics.GR.UniversalSignedGCrossScaleFingerprintBidiExact,Physics,dependency-complete,,
DASHI.Physics.NSYMLiteralFrontierSchedulerExact,Physics,dependency-complete,,
DASHI.Physics.Optics.AsphericCausticManipulationExact,Physics,dependency-complete,,
DASHI.Physics.Optics.AsphericSagSurfaceNormalExact,Physics,dependency-complete,,
DASHI.Physics.Optics.CatastropheDiffractionNormalFormExact,Physics,dependency-complete,,
DASHI.Physics.Optics.CausticFreeformSourceAtlasExact,Physics,dependency-complete,,
DASHI.Physics.Optics.DashiRTXAdaptiveTransportSourceAtlasExact,Physics,dependency-complete,,
DASHI.Physics.Optics.GeometricalOpticsRefractionLensPrismExact,Physics,dependency-complete,,
DASHI.Physics.Optics.InverseCausticNumericalProducerExact,Physics,dependency-complete,,
DASHI.Physics.Optics.LESOpticalNumericalWitnessCrossPollinationExact,Physics,dependency-complete,,
DASHI.Physics.Optics.LESOpticalSurrogateEscalationExact,Physics,dependency-complete,,
DASHI.Physics.Optics.OpticalSurfaceManufacturingToleranceExact,Physics,dependency-complete,,
DASHI.Physics.Plasma.PlasmaActivatedWaterAgricultureSourceRegistryExact,Physics,dependency-complete,,
DASHI.Physics.ProofSearchExperimentalParetoFrontierNSYMExact,Physics,dependency-complete,,
DASHI.Physics.Semiconductor.CMP.Everything,Physics,dependency-complete,,
DASHI.Physics.Semiconductor.CMP.PrestonRemovalSkeletonExact,Physics,dependency-complete,,
DASHI.Physics.Semiconductor.Device.BishopBernoulliScharfetterGummelBridgeExact,Physics,dependency-complete,,
DASHI.Physics.Semiconductor.Device.BishopConcreteBernoulliPairExact,Physics,dependency-complete,,
DASHI.Physics.Semiconductor.Device.BishopConcreteScharfetterGummelFaceFluxExact,Physics,dependency-complete,,
DASHI.Physics.Semiconductor.Device.BishopSGPopulationJacobianExact,Physics,dependency-complete,,
DASHI.Physics.Semiconductor.Device.BishopSameObjectComputedFaceFluxExact,Physics,dependency-complete,,
DASHI.Physics.Semiconductor.Device.BishopSameObjectResidualSecantExact,Physics,dependency-complete,,
DASHI.Physics.Semiconductor.Device.BishopScharfetterGummelFaceFluxExact,Physics,dependency-complete,,
DASHI.Physics.Semiconductor.Device.BishopThermalNormalizedDropExact,Physics,dependency-complete,,
DASHI.Physics.Semiconductor.Device.BishopTwoCellContinuityAssemblyExact,Physics,dependency-complete,,
DASHI.Physics.Semiconductor.Device.BishopTwoCellSparsePopulationResponseExact,Physics,dependency-complete,,
DASHI.Physics.Semiconductor.Device.ComputedFiniteDeviceCellExact,Physics,dependency-complete,,
DASHI.Physics.Semiconductor.Device.ComputedFluxResidualSecantWeldExact,Physics,dependency-complete,,
DASHI.Physics.Semiconductor.Device.ComputedFluxTwoCellContinuityExact,Physics,dependency-complete,,
DASHI.Physics.Semiconductor.Device.DeviceDissipationMonotonicityBridgeExact,Physics,dependency-complete,,
DASHI.Physics.Semiconductor.Device.DeviceResidualDependencyCrossPollinationExact,Physics,dependency-complete,,
DASHI.Physics.Semiconductor.Device.DriftDiffusionContinuityExact,Physics,dependency-complete,,
DASHI.Physics.Semiconductor.Device.ElectrostaticMaxwellCrossPollinationExact,Physics,dependency-complete,,
DASHI.Physics.Semiconductor.Device.Everything,Physics,dependency-complete,,
DASHI.Physics.Semiconductor.Device.FiniteContinuityResidualExact,Physics,dependency-complete,,
DASHI.Physics.Semiconductor.Device.FinitePoissonGreenCrossPollinationExact,Physics,dependency-complete,,
DASHI.Physics.Semiconductor.Device.FiniteScharfetterGummelFluxExact,Physics,dependency-complete,,
DASHI.Physics.Semiconductor.Device.FiniteSecantResponseCorrectionExact,Physics,dependency-complete,,
DASHI.Physics.Semiconductor.Device.GateGeometryObservationNonFactorabilityExact,Physics,dependency-complete,,
DASHI.Physics.Semiconductor.Device.ProcessElectricalNonFactorabilityExact,Physics,dependency-complete,,
DASHI.Physics.Semiconductor.Device.ProcessToElectricalBidiExact,Physics,dependency-complete,,
DASHI.Physics.Semiconductor.Device.ResidualDrivenComputedCorrectionExact,Physics,dependency-complete,,
DASHI.Physics.Semiconductor.Device.SameObjectGummelFiniteContractionExact,Physics,dependency-complete,,
DASHI.Physics.Semiconductor.Device.SpatialContinuityRecombinationExact,Physics,dependency-complete,,
DASHI.Physics.Semiconductor.Device.SpatialResidualSecantWeldExact,Physics,dependency-complete,,
DASHI.Physics.Semiconductor.Device.TwoCellContinuityAssemblyExact,Physics,dependency-complete,,
DASHI.Physics.Semiconductor.Device.TwoCellResidualSecantWeldExact,Physics,dependency-complete,,
DASHI.Physics.Semiconductor.Doping.Everything,Physics,dependency-complete,,
DASHI.Physics.Semiconductor.Doping.ImplantDiffusionAnnealExact,Physics,dependency-complete,,
DASHI.Physics.Semiconductor.Epitaxy.Everything,Physics,dependency-complete,,
DASHI.Physics.Semiconductor.Epitaxy.HeteroepitaxyStrainDefectExact,Physics,dependency-complete,,
DASHI.Physics.Semiconductor.Interfaces.Everything,Physics,dependency-complete,,
DASHI.Physics.Semiconductor.Interfaces.SiSiO2DanglingBondExact,Physics,dependency-complete,,
DASHI.Physics.Textile.BendingTorsionTextileLawExact,Physics,dependency-complete,,
DASHI.Physics.Textile.DiscreteTextileFracturePropagationExact,Physics,dependency-complete,,
DASHI.Physics.Textile.EffectiveFabricResponseExact,Physics,dependency-complete,,
DASHI.Physics.Textile.Everything,Physics,dependency-complete,,
DASHI.Physics.Textile.FabricDrapeCalibrationExact,Physics,dependency-complete,,
DASHI.Physics.Textile.FiniteTextileEquilibriumNetworkExact,Physics,dependency-complete,,
DASHI.Physics.Textile.JacquardPhysicalFibreBridgeExact,Physics,dependency-complete,,
DASHI.Physics.Textile.KineticSlipEvolutionExact,Physics,dependency-complete,,
DASHI.Physics.Textile.LinearElasticTextileLawExact,Physics,dependency-complete,,
DASHI.Physics.Textile.QuasiStaticTextileLoadTransferExact,Physics,dependency-complete,,
DASHI.Physics.Textile.StitchPhysicalFibreBridgeExact,Physics,dependency-complete,,
DASHI.Physics.Textile.TextileAngularAppearanceExact,Physics,dependency-complete,,
DASHI.Physics.Textile.TextileBirefringenceRetardanceExact,Physics,dependency-complete,,
DASHI.Physics.Textile.TextileCausticManipulationBridgeExact,Physics,dependency-complete,,
DASHI.Physics.Textile.TextileColourAppearanceBridgeExact,Physics,dependency-complete,,
DASHI.Physics.Textile.TextileEmpiricalCalibrationExact,Physics,dependency-complete,,
DASHI.Physics.Textile.TextileFailureSlipPredicateExact,Physics,dependency-complete,,
DASHI.Physics.Textile.TextileFiberBRDFRealisationExact,Physics,dependency-complete,,
DASHI.Physics.Textile.TextileIridescentAppearanceExact,Physics,dependency-complete,,
DASHI.Physics.Textile.TextileLustreObservationExact,Physics,dependency-complete,,
DASHI.Physics.Textile.TextileMechanicalDimensionExact,Physics,dependency-complete,,
DASHI.Physics.Textile.TextileMechanicalFibreExact,Physics,dependency-complete,,
DASHI.Physics.Textile.TextileMechanicsOpticsCouplingExact,Physics,dependency-complete,,
DASHI.Physics.Textile.TextileOpticalTransportBridgeExact,Physics,dependency-complete,,
DASHI.Physics.Textile.TextilePolarisationTransportExact,Physics,dependency-complete,,
DASHI.Physics.Textile.TextileReflectiveDiffractiveOpticalTrainExact,Physics,dependency-complete,,
DASHI.Physics.Textile.TextileRefractiveOpticalTrainExact,Physics,dependency-complete,,
DASHI.Physics.Textile.TextileSpectralReflectanceTransmittanceExact,Physics,dependency-complete,,
DASHI.Physics.YangMills.BalabanA1Equation51JetGaussianInteractionSplitRound108Exact,Physics,dependency-complete,,
DASHI.Physics.YangMills.BalabanA1Equation51SplitToLiteralCMP109Round108Exact,Physics,dependency-complete,,
DASHI.Physics.YangMills.BalabanA1ExplicitSmallCouplingQuarticAbsorptionExact,Physics,dependency-complete,,
DASHI.Physics.YangMills.BalabanA1FixedCoordinateGaussianPatchRound108Exact,Physics,dependency-complete,,
DASHI.Physics.YangMills.BalabanA1GaussianWQRToJetRound108Exact,Physics,dependency-complete,,
DASHI.Physics.YangMills.BalabanA1HistoryUniformRemainderAntiDoubleCountExact,Physics,dependency-complete,,
DASHI.Physics.YangMills.BalabanA1RecurrenceFromPhysicalJetRound128Exact,Physics,dependency-complete,,
DASHI.Physics.YangMills.BalabanA2BetaMarkSourceCoordinateRound250Exact,Physics,dependency-complete,,
DASHI.Physics.YangMills.BalabanA2DirectHistoryShellSumRound108Exact,Physics,dependency-complete,,
DASHI.Physics.YangMills.BalabanA2DirectMarginalDerivativeRound229Exact,Physics,dependency-complete,,
DASHI.Physics.YangMills.BalabanA2MixedCauchyToDirectMarginalRound230Exact,Physics,dependency-complete,,
DASHI.Physics.YangMills.BalabanA2RationalShellBudgetToRealRound108Exact,Physics,dependency-complete,,
DASHI.Physics.YangMills.BalabanActiveSourceDiscriminator2026Exact,Physics,dependency-complete,,
DASHI.Physics.YangMills.BalabanBC1PhysicalCompositeD1ReductionRound152Exact,Physics,dependency-complete,,
DASHI.Physics.YangMills.BalabanBC1PhysicalCompositeFirstVariationRound145Exact,Physics,dependency-complete,,
DASHI.Physics.YangMills.BalabanBC2FiniteLocalizedFirstVariationRound143Exact,Physics,dependency-complete,,
DASHI.Physics.YangMills.BalabanBasedGaugeActionGroupoidRound200Exact,Physics,dependency-complete,,
DASHI.Physics.YangMills.BalabanBetaDrivenCMP119PublishedMembershipRound220Exact,Physics,dependency-complete,,
DASHI.Physics.YangMills.BalabanBetaDrivenCMP119ResidualFamilyRound219Exact,Physics,dependency-complete,,
DASHI.Physics.YangMills.BalabanBetaDrivenDensityToCMP109116CarrierRound108Exact,Physics,dependency-complete,,
DASHI.Physics.YangMills.BalabanBetaDrivenSourceNativePublishedFlowRound218Exact,Physics,dependency-complete,,
DASHI.Physics.YangMills.BalabanC3MonsterEquivarianceAuditExact,Physics,dependency-complete,,
DASHI.Physics.YangMills.BalabanCMP109116FiniteEffectiveActionFirstVariationRound142Exact,Physics,dependency-complete,,
DASHI.Physics.YangMills.BalabanCMP109EliminatedCoordinateDerivativeExact,Physics,dependency-complete,,
DASHI.Physics.YangMills.BalabanCMP109EliminatedCoordinateDerivativeRound125Exact,Physics,dependency-complete,,
DASHI.Physics.YangMills.BalabanCMP109FixedConstraintCoordinateGaussianExact,Physics,dependency-complete,,
DASHI.Physics.YangMills.BalabanCMP109FixedCoordinateGaussianPositivePatchExact,Physics,dependency-complete,,
DASHI.Physics.YangMills.BalabanCMP109QRConstraintAnnihilatorReductionExact,Physics,dependency-complete,,
DASHI.Physics.YangMills.BalabanCMP109RootedEquation012OrbitSectionRound195Exact,Physics,dependency-complete,,
DASHI.Physics.YangMills.BalabanCMP109UniformBetaDerivativeRound249Exact,Physics,dependency-complete,,
DASHI.Physics.YangMills.BalabanCMP116AnchoredHessianMajorantRound260Exact,Physics,dependency-complete,,
DASHI.Physics.YangMills.BalabanCMP116FirstGradientLocalizationRound255Exact,Physics,dependency-complete,,
DASHI.Physics.YangMills.BalabanCMP116SharedFirstVariationCoordinateRound256Exact,Physics,dependency-complete,,
DASHI.Physics.YangMills.BalabanCMP119BackedR108FamilyRound214Exact,Physics,dependency-complete,,
DASHI.Physics.YangMills.BalabanCMP119DensityEffectiveActionProjectionRound214Exact,Physics,dependency-complete,,
DASHI.Physics.YangMills.BalabanCMP119RawSourceRealizationSplitRound217Exact,Physics,dependency-complete,,
DASHI.Physics.YangMills.BalabanCMP119RegularELocalizationSourceRound244Exact,Physics,dependency-complete,,
DASHI.Physics.YangMills.BalabanCMP119RegularEPreferredBC1Round223Exact,Physics,dependency-complete,,
DASHI.Physics.YangMills.BalabanCMP119RegularEPreferredContinuationRound222Exact,Physics,dependency-complete,,
DASHI.Physics.YangMills.BalabanCMP119RegularESection2PredicateRound246Exact,Physics,dependency-complete,,
DASHI.Physics.YangMills.BalabanCMP119RegularESourceProjectionRound221Exact,Physics,dependency-complete,,
DASHI.Physics.YangMills.BalabanCMP119RegularSectorBC1Round215Exact,Physics,dependency-complete,,
DASHI.Physics.YangMills.BalabanCMP119RegularSectorCMP109116Round215Exact,Physics,dependency-complete,,
DASHI.Physics.YangMills.BalabanCMP119ResidualToRegularEProjectionRound224Exact,Physics,dependency-complete,,
DASHI.Physics.YangMills.BalabanCMP98BidiWallRound191Exact,Physics,dependency-complete,,
DASHI.Physics.YangMills.BalabanCMP98CanonicalContourLength24Round172Exact,Physics,dependency-complete,,
DASHI.Physics.YangMills.BalabanCMP98ClayBoundarySupersessionRound190Exact,Physics,dependency-complete,,
DASHI.Physics.YangMills.BalabanCMP98Equation119BidiRound149Validation,Physics,dependency-complete,,
DASHI.Physics.YangMills.BalabanCMP98Equation119CanonicalCoarseSegmentRound158Exact,Physics,dependency-complete,,
DASHI.Physics.YangMills.BalabanCMP98Equation119CanonicalP4CutRadiusFirewallExact,Physics,dependency-complete,,
DASHI.Physics.YangMills.BalabanCMP98Equation119ClayTerminalBidiRound186Exact,Physics,dependency-complete,,
DASHI.Physics.YangMills.BalabanCMP98Equation119ClosedPathSameObjectRound165Exact,Physics,dependency-complete,,
DASHI.Physics.YangMills.BalabanCMP98Equation119DexpReuseRound148Exact,Physics,dependency-complete,,
DASHI.Physics.YangMills.BalabanCMP98Equation119DifferentialDexpRound159Exact,Physics,dependency-complete,,
DASHI.Physics.YangMills.BalabanCMP98Equation119DisjunctivePhysicalSourceCutExact,Physics,dependency-complete,,
DASHI.Physics.YangMills.BalabanCMP98Equation119DyadicEmbeddedFineSiteAuditExact,Physics,dependency-complete,,
DASHI.Physics.YangMills.BalabanCMP98Equation119DyadicPhysicalStrongestProducerRound181Exact,Physics,dependency-complete,,
DASHI.Physics.YangMills.BalabanCMP98Equation119DyadicPrintedYWeldRound180Exact,Physics,dependency-complete,,
DASHI.Physics.YangMills.BalabanCMP98Equation119ExistingCutRecognitionRound174Exact,Physics,dependency-complete,,
DASHI.Physics.YangMills.BalabanCMP98Equation119ExistingPrincipalLogRound156Exact,Physics,dependency-complete,,
DASHI.Physics.YangMills.BalabanCMP98Equation119FederbushCalculusReuseRound177Exact,Physics,dependency-complete,,
DASHI.Physics.YangMills.BalabanCMP98Equation119FederbushSelectedCutProducerRound178Exact,Physics,dependency-complete,,
DASHI.Physics.YangMills.BalabanCMP98Equation119GeometryRelativeContourExact,Physics,dependency-complete,,
DASHI.Physics.YangMills.BalabanCMP98Equation119LeastPrivilegeSourceRound152Exact,Physics,dependency-complete,,
DASHI.Physics.YangMills.BalabanCMP98Equation119LiteralDefectProducerRound167Exact,Physics,dependency-complete,,
DASHI.Physics.YangMills.BalabanCMP98Equation119LiteralPathRound147Exact,Physics,dependency-complete,,
DASHI.Physics.YangMills.BalabanCMP98Equation119LiteralPrincipalChartRound166Exact,Physics,dependency-complete,,
DASHI.Physics.YangMills.BalabanCMP98Equation119LiteralRelativeDefectRound164Exact,Physics,dependency-complete,,
DASHI.Physics.YangMills.BalabanCMP98Equation119OneStepDerivativeRound146Exact,Physics,dependency-complete,,
DASHI.Physics.YangMills.BalabanCMP98Equation119PathAlgebraCrossPollinationRound161Exact,Physics,dependency-complete,,
DASHI.Physics.YangMills.BalabanCMP98Equation119PhysicalPrincipalImageRound157Exact,Physics,dependency-complete,,
DASHI.Physics.YangMills.BalabanCMP98Equation119PhysicalSelectedBackgroundRound185Exact,Physics,dependency-complete,,
DASHI.Physics.YangMills.BalabanCMP98Equation119PointwiseSelectedCutExact,Physics,dependency-complete,,
DASHI.Physics.YangMills.BalabanCMP98Equation119PointwiseSemanticSelectedCutExact,Physics,dependency-complete,,
DASHI.Physics.YangMills.BalabanCMP98Equation119PositiveBondSelectedCutFederbushRound184Exact,Physics,dependency-complete,,
DASHI.Physics.YangMills.BalabanCMP98Equation119PositiveCoarseBondSourceRound182Exact,Physics,dependency-complete,,
DASHI.Physics.YangMills.BalabanCMP98Equation119PositiveDyadicStrongestProducerRound183Exact,Physics,dependency-complete,,
DASHI.Physics.YangMills.BalabanCMP98Equation119PositiveLinkDefectRound168Exact,Physics,dependency-complete,,
DASHI.Physics.YangMills.BalabanCMP98Equation119PositiveLinkStrongestProducerRound169Exact,Physics,dependency-complete,,
DASHI.Physics.YangMills.BalabanCMP98Equation119PrincipalYFederbushIndexRound179Exact,Physics,dependency-complete,,
DASHI.Physics.YangMills.BalabanCMP98Equation119PrintedSignRound153Exact,Physics,dependency-complete,,
DASHI.Physics.YangMills.BalabanCMP98Equation119RecoveredShortestSourceCutExact,Physics,dependency-complete,,
DASHI.Physics.YangMills.BalabanCMP98Equation119RelativeContourYRound155Exact,Physics,dependency-complete,,
DASHI.Physics.YangMills.BalabanCMP98Equation119RelativeFourFactorNormalFormAuditExact,Physics,dependency-complete,,
DASHI.Physics.YangMills.BalabanCMP98Equation119Round185Validation,Physics,dependency-complete,,
DASHI.Physics.YangMills.BalabanCMP98Equation119Round186Validation,Physics,dependency-complete,,
DASHI.Physics.YangMills.BalabanCMP98Equation119Round190Validation,Physics,dependency-complete,,
DASHI.Physics.YangMills.BalabanCMP98Equation119SelectedBackgroundBondWeldRound170Exact,Physics,dependency-complete,,
DASHI.Physics.YangMills.BalabanCMP98Equation119SelectedBackgroundStrongestProducerRound173Exact,Physics,dependency-complete,,
DASHI.Physics.YangMills.BalabanCMP98Equation119SelectedCutStrongestProducerRound176Exact,Physics,dependency-complete,,
DASHI.Physics.YangMills.BalabanCMP98Equation119SelectedExistingCutRound175Exact,Physics,dependency-complete,,
DASHI.Physics.YangMills.BalabanCMP98Equation119SourceFixedDexpRound149Exact,Physics,dependency-complete,,
DASHI.Physics.YangMills.BalabanCMP98Equation119SourceGeometryRound151Exact,Physics,dependency-complete,,
DASHI.Physics.YangMills.BalabanCMP98Equation119StrongestPhysicalProducerRound160Exact,Physics,dependency-complete,,
DASHI.Physics.YangMills.BalabanCMP98Equation119TwoCarrierSelectedBondExact,Physics,dependency-complete,,
DASHI.Physics.YangMills.BalabanCMP98Equation119YIndexedDexpRound154Exact,Physics,dependency-complete,,
DASHI.Physics.YangMills.BalabanCMP98MultiscaleAveragingDerivativeRound126Exact,Physics,dependency-complete,,
DASHI.Physics.YangMills.BalabanCMP98Path13BishopBridgeSourceFamilyExact,Physics,dependency-complete,,
DASHI.Physics.YangMills.BalabanCMP98Path13CurrentPreferredSourceFrontierExact,Physics,dependency-complete,,
DASHI.Physics.YangMills.BalabanCMP98Path13DexpInversePairExact,Physics,dependency-complete,,
DASHI.Physics.YangMills.BalabanCMP98Path13DirectCalculusSourceFamilyExact,Physics,dependency-complete,,
DASHI.Physics.YangMills.BalabanCMP98Path13Equation119SourceRound193Exact,Physics,dependency-complete,,
DASHI.Physics.YangMills.BalabanCMP98Path13MinimalSemanticCalculusExact,Physics,dependency-complete,,
DASHI.Physics.YangMills.BalabanCMP98Path13PerturbationCarrierWeldExact,Physics,dependency-complete,,
DASHI.Physics.YangMills.BalabanCMP98Path13PhysicalPeriodicRealizationRound192Exact,Physics,dependency-complete,,
DASHI.Physics.YangMills.BalabanCMP98Path13PreferredDirectCalculusSourceFamilyExact,Physics,dependency-complete,,
DASHI.Physics.YangMills.BalabanCMP98Path13PreferredMinimalSemanticSourceFamilyExact,Physics,dependency-complete,,
DASHI.Physics.YangMills.BalabanCMP98Path13PreferredPrintedRoleSourceFamilyExact,Physics,dependency-complete,,
DASHI.Physics.YangMills.BalabanCMP98Path13PreferredR171AlignedPrintedSourceExact,Physics,dependency-complete,,
DASHI.Physics.YangMills.BalabanCMP98Path13PreferredSplitPhysicalT3SourceFamilyExact,Physics,dependency-complete,,
DASHI.Physics.YangMills.BalabanCMP98Path13PreferredT3MinimalScalarSourceFamilyExact,Physics,dependency-complete,,
DASHI.Physics.YangMills.BalabanCMP98Path13PreferredT3PrintedRoleSourceFamilyExact,Physics,dependency-complete,,
DASHI.Physics.YangMills.BalabanCMP98Path13PrintedOperatorChartWeldExact,Physics,dependency-complete,,
DASHI.Physics.YangMills.BalabanCMP98Path13PrintedRoleSourceFamilyExact,Physics,dependency-complete,,
DASHI.Physics.YangMills.BalabanCMP98Path13PrintedSemanticOperatorsExact,Physics,dependency-complete,,
DASHI.Physics.YangMills.BalabanCMP98Path13ReducedAdjointExpFamilyExact,Physics,dependency-complete,,
DASHI.Physics.YangMills.BalabanCMP98Path13ReducedFamilyGeometryExact,Physics,dependency-complete,,
DASHI.Physics.YangMills.BalabanCMP98Path13ReducedTwoCarrierSourceFamilyExact,Physics,dependency-complete,,
DASHI.Physics.YangMills.BalabanCMP98Path13RelativeContourPrincipalImageExact,Physics,dependency-complete,,
DASHI.Physics.YangMills.BalabanCMP98Path13RelevantYSemanticOperatorsExact,Physics,dependency-complete,,
DASHI.Physics.YangMills.BalabanCMP98Path13RelevantYSourceFamilyExact,Physics,dependency-complete,,
DASHI.Physics.YangMills.BalabanCMP98Path13SplitCalculusPreferredSourceFamilyExact,Physics,dependency-complete,,
DASHI.Physics.YangMills.BalabanCMP98Path13SplitT3SelectedSemanticsExact,Physics,dependency-complete,,
DASHI.Physics.YangMills.BalabanCMP98Path13T3AdjointDexpReuseExact,Physics,dependency-complete,,
DASHI.Physics.YangMills.BalabanCMP98Path13T3PrintedOperatorAdapterExact,Physics,dependency-complete,,
DASHI.Physics.YangMills.BalabanCMP98Path13T3SelectedPrintedSemanticsExact,Physics,dependency-complete,,
DASHI.Physics.YangMills.BalabanCMP98Path13TwoCarrierSourceFamilyExact,Physics,dependency-complete,,
DASHI.Physics.YangMills.BalabanCMP98Path13UniformCalculusDecompositionExact,Physics,dependency-complete,,
DASHI.Physics.YangMills.BalabanCMP98Path13VariationalRadiusSourceFamilyExact,Physics,dependency-complete,,
DASHI.Physics.YangMills.BalabanCMP98QPrimeToCMP99CPrimeRound127Exact,Physics,dependency-complete,,
DASHI.Physics.YangMills.BalabanCMP98RawUnitPathHomomorphismRound189Exact,Physics,dependency-complete,,
DASHI.Physics.YangMills.BalabanCMP98SU2OperatorDefectFromPhysicalRadiusRound171Exact,Physics,dependency-complete,,
DASHI.Physics.YangMills.BalabanCMP98SelectedPhysicalUnitCarrierErasureBridgeExact,Physics,dependency-complete,,
DASHI.Physics.YangMills.BalabanCMP98SelectedPhysicalUnitCarrierRound187Exact,Physics,dependency-complete,,
DASHI.Physics.YangMills.BalabanCMP98TerminalHamiltonianBidiRound188Exact,Physics,dependency-complete,,
DASHI.Physics.YangMills.BalabanCMP98TerminalStatusVsClayTheoremBoundaryExact,Physics,dependency-complete,,
DASHI.Physics.YangMills.BalabanCMP98TerminalWireAuthorityCorrectionExact,Physics,dependency-complete,,
DASHI.Physics.YangMills.BalabanCMP98TranslatedCrossingFromCentreRound150Exact,Physics,dependency-complete,,
DASHI.Physics.YangMills.BalabanCMP99EliminatedPivotDerivativeExact,Physics,dependency-complete,,
DASHI.Physics.YangMills.BalabanCMP99EliminatedPivotDerivativeRound108Exact,Physics,dependency-complete,,
DASHI.Physics.YangMills.BalabanCMP99EliminatedPivotDerivativeRound124Exact,Physics,dependency-complete,,
DASHI.Physics.YangMills.BalabanClayCurrentTerminalCutsetRound191Exact,Physics,dependency-complete,,
DASHI.Physics.YangMills.BalabanClayCurrentTerminalCutsetRound192Exact,Physics,dependency-complete,,
DASHI.Physics.YangMills.BalabanClayCurrentTerminalCutsetRound193Exact,Physics,dependency-complete,,
DASHI.Physics.YangMills.BalabanClayCurrentTerminalCutsetRound194Exact,Physics,dependency-complete,,
DASHI.Physics.YangMills.BalabanClayCurrentTerminalCutsetRound195Exact,Physics,dependency-complete,,
DASHI.Physics.YangMills.BalabanClayCurrentTerminalCutsetRound196Exact,Physics,dependency-complete,,
DASHI.Physics.YangMills.BalabanClayCurrentTerminalCutsetRound197Exact,Physics,dependency-complete,,
DASHI.Physics.YangMills.BalabanClayCurrentTerminalCutsetRound198Exact,Physics,dependency-complete,,
DASHI.Physics.YangMills.BalabanClayCurrentTerminalCutsetRound199Exact,Physics,dependency-complete,,
DASHI.Physics.YangMills.BalabanClayCurrentTerminalCutsetRound200Exact,Physics,dependency-complete,,
DASHI.Physics.YangMills.BalabanClayCurrentTerminalCutsetRound201Exact,Physics,dependency-complete,,
DASHI.Physics.YangMills.BalabanClayCurrentTerminalCutsetRound202Exact,Physics,dependency-complete,,
DASHI.Physics.YangMills.BalabanClayCurrentTerminalCutsetRound203Exact,Physics,dependency-complete,,
DASHI.Physics.YangMills.BalabanClayCurrentTerminalCutsetRound204Exact,Physics,dependency-complete,,
DASHI.Physics.YangMills.BalabanClayCurrentTerminalCutsetRound205Exact,Physics,dependency-complete,,
DASHI.Physics.YangMills.BalabanClayCurrentTerminalCutsetRound206Exact,Physics,dependency-complete,,
DASHI.Physics.YangMills.BalabanClayCurrentTerminalCutsetRound207Exact,Physics,dependency-complete,,
DASHI.Physics.YangMills.BalabanClayCurrentTerminalCutsetRound208Exact,Physics,dependency-complete,,
DASHI.Physics.YangMills.BalabanClayCurrentTerminalCutsetRound209Exact,Physics,dependency-complete,,
DASHI.Physics.YangMills.BalabanClayCurrentTerminalCutsetRound210Exact,Physics,dependency-complete,,
DASHI.Physics.YangMills.BalabanClayCurrentTerminalCutsetRound211Exact,Physics,dependency-complete,,
DASHI.Physics.YangMills.BalabanClayHighestAlphaRound90LeanCrossProverSync,Physics,dependency-complete,,
DASHI.Physics.YangMills.BalabanClayHighestAlphaRound91ABCrossPollinationValidation,Physics,dependency-complete,,
DASHI.Physics.YangMills.BalabanClayT1IntrospectiveBindingRound211Exact,Physics,dependency-complete,,
DASHI.Physics.YangMills.BalabanClayT1PhysicalMeaningRound211Exact,Physics,dependency-complete,,
DASHI.Physics.YangMills.BalabanClayT1ResidualIntrospectionRound210Exact,Physics,dependency-complete,,
DASHI.Physics.YangMills.BalabanClayT1SelectedCoerciveContainmentRound212Exact,Physics,dependency-complete,,
DASHI.Physics.YangMills.BalabanClayT5CoerciveMomentMarkovContainmentExact,Physics,dependency-complete,,
DASHI.Physics.YangMills.BalabanClayT5CompactUniqueFullSequenceExact,Physics,dependency-complete,,
DASHI.Physics.YangMills.BalabanClayT5CylinderDeterminingClusterUniquenessExact,Physics,dependency-complete,,
DASHI.Physics.YangMills.BalabanClayT5DiagonalFiniteVolumeSameObjectExact,Physics,dependency-complete,,
DASHI.Physics.YangMills.BalabanClayT5DirectExpectationPropertyClosureExact,Physics,dependency-complete,,
DASHI.Physics.YangMills.BalabanClayT5ExpectationLinkedContinuumOSExact,Physics,dependency-complete,,
DASHI.Physics.YangMills.BalabanClayT5FunctionalPath4GaugeEnergyObservableExact,Physics,dependency-complete,,
DASHI.Physics.YangMills.BalabanClayT5MomentCompactContainmentExact,Physics,dependency-complete,,
DASHI.Physics.YangMills.BalabanClayT5Path4GaugeEnergyMarkovBridgeExact,Physics,dependency-complete,,
DASHI.Physics.YangMills.BalabanClayT5Path4GaugeEnergyObservableRealizationExact,Physics,dependency-complete,,
DASHI.Physics.YangMills.BalabanClayT5PreferredContinuumOSGapExact,Physics,dependency-complete,,
DASHI.Physics.YangMills.BalabanClayT5PreferredDiagonalExpectationProducerExact,Physics,dependency-complete,,
DASHI.Physics.YangMills.BalabanClayT5PreferredOSGramFromExpectationExact,Physics,dependency-complete,,
DASHI.Physics.YangMills.BalabanClayT5PreferredPhysicalCoerciveMomentBridgeExact,Physics,dependency-complete,,
DASHI.Physics.YangMills.BalabanClayT5QuantitativeContinuumClosureCompilerExact,Physics,dependency-complete,,
DASHI.Physics.YangMills.BalabanClayT5SelectedCompactUniqueFullSequenceExact,Physics,dependency-complete,,
DASHI.Physics.YangMills.BalabanClayT5SelectedContinuumOSExact,Physics,dependency-complete,,
DASHI.Physics.YangMills.BalabanClayT5SelectedContinuumOSGapBridgeExact,Physics,dependency-complete,,
DASHI.Physics.YangMills.BalabanClayT5SelectedMomentCompactContainmentExact,Physics,dependency-complete,,
DASHI.Physics.YangMills.BalabanClayT5SelectedProkhorovExtractionExact,Physics,dependency-complete,,
DASHI.Physics.YangMills.BalabanClayT5SelectedSequentialConvergenceExact,Physics,dependency-complete,,
DASHI.Physics.YangMills.BalabanClayT5SelectedUniformTightnessBridgeExact,Physics,dependency-complete,,
DASHI.Physics.YangMills.BalabanClayT5SelectedWeakExpectationClosureExact,Physics,dependency-complete,,
DASHI.Physics.YangMills.BalabanClayT5SelectedWeakGramReflectionClosureExact,Physics,dependency-complete,,
DASHI.Physics.YangMills.BalabanClayT5SubsequenceProkhorovExtractionExact,Physics,dependency-complete,,
DASHI.Physics.YangMills.BalabanClayT5UniformTightnessSubsequenceInheritanceExact,Physics,dependency-complete,,
DASHI.Physics.YangMills.BalabanClayT5WeakExpectationGramReflectionClosureExact,Physics,dependency-complete,,
DASHI.Physics.YangMills.BalabanClayT5WeakExpectationPropertyClosureExact,Physics,dependency-complete,,
DASHI.Physics.YangMills.BalabanClayT5WeakTopologyClusterCylinderAgreementExact,Physics,dependency-complete,,
DASHI.Physics.YangMills.BalabanCombinedRGUnifiedActionRound141Exact,Physics,dependency-complete,,
DASHI.Physics.YangMills.BalabanCompositeStressFirstVariationRound144Exact,Physics,dependency-complete,,
DASHI.Physics.YangMills.BalabanConsumerWeightedFrontierPriorityRound150Exact,Physics,dependency-complete,,
DASHI.Physics.YangMills.BalabanFinitePhysicalGaugeQuotientCarrierRound196Exact,Physics,dependency-complete,,
DASHI.Physics.YangMills.BalabanFiniteQuotientTerminalSupersessionRound198Exact,Physics,dependency-complete,,
DASHI.Physics.YangMills.BalabanFiniteRationalOrderCoreExact,Physics,dependency-complete,,
DASHI.Physics.YangMills.BalabanFiniteRationalTraceConnectionCancellationExact,Physics,dependency-complete,,
DASHI.Physics.YangMills.BalabanFiniteRootedGaugeQuotientL2Round197Exact,Physics,dependency-complete,,
DASHI.Physics.YangMills.BalabanFiniteSumRelationFibreLiftExact,Physics,dependency-complete,,
DASHI.Physics.YangMills.BalabanFrontierExperimentDesignRound148Exact,Physics,dependency-complete,,
DASHI.Physics.YangMills.BalabanFrontierFeedbackSearchRound149Exact,Physics,dependency-complete,,
DASHI.Physics.YangMills.BalabanFrontierRouteAdmissionRound147Exact,Physics,dependency-complete,,
DASHI.Physics.YangMills.BalabanFunctionalFlowToRegularESemanticsRound243Exact,Physics,dependency-complete,,
DASHI.Physics.YangMills.BalabanFunctionalRegularEContinuationRound245Exact,Physics,dependency-complete,,
DASHI.Physics.YangMills.BalabanFunctionalRegularESourceFlowRound242Exact,Physics,dependency-complete,,
DASHI.Physics.YangMills.BalabanGaugeInvariantWavefunctionHamiltonianRound202Exact,Physics,dependency-complete,,
DASHI.Physics.YangMills.BalabanHeatDoobExpectationContractionRound254Exact,Physics,dependency-complete,,
DASHI.Physics.YangMills.BalabanHeatDoobFromSameDensityExpectationRound108Exact,Physics,dependency-complete,,
DASHI.Physics.YangMills.BalabanHeatDoobJointGradientCovarianceRound251Exact,Physics,dependency-complete,,
DASHI.Physics.YangMills.BalabanHeatDoobJointRowCCompilerRound252Exact,Physics,dependency-complete,,
DASHI.Physics.YangMills.BalabanHeatDoobMarkedTemporalMajorizationRound257Exact,Physics,dependency-complete,,
DASHI.Physics.YangMills.BalabanHeatDoobRationalCurvatureMajorantRound253Exact,Physics,dependency-complete,,
DASHI.Physics.YangMills.BalabanInternalCompilerSourceRealizationFrontierRound154Exact,Physics,dependency-complete,,
DASHI.Physics.YangMills.BalabanOpaqueGlobalAlgebraExact,Physics,dependency-complete,,
DASHI.Physics.YangMills.BalabanP33PhysicalWilsonBackgroundQuadraticJetExact,Physics,dependency-complete,,
DASHI.Physics.YangMills.BalabanP33ProjectedHamiltonianDomainExact,Physics,dependency-complete,,
DASHI.Physics.YangMills.BalabanP33RationalQuaternionWilsonBackgroundQuadraticJetExact,Physics,dependency-complete,,
DASHI.Physics.YangMills.BalabanP33WilsonBackgroundQuadraticJetRound129Exact,Physics,dependency-complete,,
DASHI.Physics.YangMills.BalabanP33WilsonBackgroundTrivializationBridgeExact,Physics,dependency-complete,,
DASHI.Physics.YangMills.BalabanPath13CanonicalBondCenteredEmbeddingExact,Physics,dependency-complete,,
DASHI.Physics.YangMills.BalabanPath13DirectRelative74CutExact,Physics,dependency-complete,,
DASHI.Physics.YangMills.BalabanPath13Eq119BishopBridgeProvenanceExact,Physics,dependency-complete,,
DASHI.Physics.YangMills.BalabanPath13Eq119DirectCalculusProvenanceExact,Physics,dependency-complete,,
DASHI.Physics.YangMills.BalabanPath13Eq119MinimalSemanticProvenanceExact,Physics,dependency-complete,,
DASHI.Physics.YangMills.BalabanPath13Eq119PrintedRoleCorrectionProvenanceExact,Physics,dependency-complete,,
DASHI.Physics.YangMills.BalabanPath13Eq119SourceRouteProvenanceExact,Physics,dependency-complete,,
DASHI.Physics.YangMills.BalabanPath13Eq119SplitCalculusProvenanceExact,Physics,dependency-complete,,
DASHI.Physics.YangMills.BalabanPath13Eq119SplitPhysicalStandardProvenanceExact,Physics,dependency-complete,,
DASHI.Physics.YangMills.BalabanPath13Eq119T3MinimalScalarProvenanceExact,Physics,dependency-complete,,
DASHI.Physics.YangMills.BalabanPath13Eq119T3PrintedRoleProvenanceExact,Physics,dependency-complete,,
DASHI.Physics.YangMills.BalabanPath13PhysicalUnitCarrierPeriodicRealizationExact,Physics,dependency-complete,,
DASHI.Physics.YangMills.BalabanPath13R171AlignedVariationalRouteExact,Physics,dependency-complete,,
DASHI.Physics.YangMills.BalabanPath13RadiusOperatorDefectRouteExact,Physics,dependency-complete,,
DASHI.Physics.YangMills.BalabanPath13RadiusPrincipalImageRouteExact,Physics,dependency-complete,,
DASHI.Physics.YangMills.BalabanPath13RadiusSixWalkAgreementExact,Physics,dependency-complete,,
DASHI.Physics.YangMills.BalabanPath13SelectedBackgroundOperatorChartExact,Physics,dependency-complete,,
DASHI.Physics.YangMills.BalabanPath13SelectedBackgroundRadiusFibreExact,Physics,dependency-complete,,
DASHI.Physics.YangMills.BalabanPath13SelectedPhysicalBackgroundTargetExact,Physics,dependency-complete,,
DASHI.Physics.YangMills.BalabanPath13SelectedVariationalRadiusExact,Physics,dependency-complete,,
DASHI.Physics.YangMills.BalabanPath13SplitPhysicalPrincipalImageRouteExact,Physics,dependency-complete,,
DASHI.Physics.YangMills.BalabanPath13SplitPhysicalStandardOperatorCutExact,Physics,dependency-complete,,
DASHI.Physics.YangMills.BalabanPath13VariationalRadiusFromSpecializationExact,Physics,dependency-complete,,
DASHI.Physics.YangMills.BalabanPath13VariationalSpecializationExact,Physics,dependency-complete,,
DASHI.Physics.YangMills.BalabanPath13ZeroMeanFibrePoincareLiftExact,Physics,dependency-complete,,
DASHI.Physics.YangMills.BalabanPath4SU2ConfiguredGaugeFixedEnergyNonnegativeExact,Physics,dependency-complete,,
DASHI.Physics.YangMills.BalabanPath4SU2RealCoercivityExtensionExact,Physics,dependency-complete,,
DASHI.Physics.YangMills.BalabanPeriodicSegmentCommutationRound162Exact,Physics,dependency-complete,,
DASHI.Physics.YangMills.BalabanPhysicalFrontierSearchHypergraphRound146Exact,Physics,dependency-complete,,
DASHI.Physics.YangMills.BalabanPost644BidiSourceClosureRound124Audit,Physics,dependency-complete,,
DASHI.Physics.YangMills.BalabanPost644BidiSourceClosureRound124Exact,Physics,dependency-complete,,
DASHI.Physics.YangMills.BalabanPreferredA2FrontierRound231Exact,Physics,dependency-complete,,
DASHI.Physics.YangMills.BalabanPreferredCommonRadiusFrontierRound232Exact,Physics,dependency-complete,,
DASHI.Physics.YangMills.BalabanPreferredD1SemanticsFrontierRound228Exact,Physics,dependency-complete,,
DASHI.Physics.YangMills.BalabanPreferredLiteralSourceCutRound227Exact,Physics,dependency-complete,,
DASHI.Physics.YangMills.BalabanPreferredMarkedHistoryA2FrontierRound226Exact,Physics,dependency-complete,,
DASHI.Physics.YangMills.BalabanPreferredRawSourceFrontierRound216Exact,Physics,dependency-complete,,
DASHI.Physics.YangMills.BalabanPreferredRawSourceFrontierRound217Exact,Physics,dependency-complete,,
DASHI.Physics.YangMills.BalabanPreferredRegularEFrontierRound225Exact,Physics,dependency-complete,,
DASHI.Physics.YangMills.BalabanPreferredRegularEFrontierRound240Exact,Physics,dependency-complete,,
DASHI.Physics.YangMills.BalabanPreferredRowCFrontierRound259Exact,Physics,dependency-complete,,
DASHI.Physics.YangMills.BalabanPreferredSourceFrontierRound236Exact,Physics,dependency-complete,,
DASHI.Physics.YangMills.BalabanPreferredSourceRealizationFrontierRound212Exact,Physics,dependency-complete,,
DASHI.Physics.YangMills.BalabanPreferredSourceSemanticsFrontierRound213Exact,Physics,dependency-complete,,
DASHI.Physics.YangMills.BalabanPreferredSourceSemanticsFrontierRound214Exact,Physics,dependency-complete,,
DASHI.Physics.YangMills.BalabanPresentCutCanonicalMetricDomainRound134Exact,Physics,dependency-complete,,
DASHI.Physics.YangMills.BalabanProofExperimentFrontierRound150Validation,Physics,dependency-complete,,
DASHI.Physics.YangMills.BalabanPublishedFlowToRegularEProjectionRound241Exact,Physics,dependency-complete,,
DASHI.Physics.YangMills.BalabanR108BackedPresentCutActionExact,Physics,dependency-complete,,
DASHI.Physics.YangMills.BalabanR108ToRegularERealizationRound233Exact,Physics,dependency-complete,,
DASHI.Physics.YangMills.BalabanR171OperatorKernelGroupDefectAdapterExact,Physics,dependency-complete,,
DASHI.Physics.YangMills.BalabanR208BishopLegacyRingEmbeddingExact,Physics,dependency-complete,,
DASHI.Physics.YangMills.BalabanRationalUnitQuaternionRealLieAdjointExact,Physics,dependency-complete,,
DASHI.Physics.YangMills.BalabanRealBoundRationalMajorantRound248Exact,Physics,dependency-complete,,
DASHI.Physics.YangMills.BalabanRegularEPointwiseSemanticsRound239Exact,Physics,dependency-complete,,
DASHI.Physics.YangMills.BalabanRootedCoarseAnchoredOrbitSectionRound194Exact,Physics,dependency-complete,,
DASHI.Physics.YangMills.BalabanRootedHamiltonianGaugeFunctorRound201Exact,Physics,dependency-complete,,
DASHI.Physics.YangMills.BalabanRootedPhysicalQuotientGNSBridgeRound200Exact,Physics,dependency-complete,,
DASHI.Physics.YangMills.BalabanRootedPhysicalQuotientPositiveFormRound201Exact,Physics,dependency-complete,,
DASHI.Physics.YangMills.BalabanRootedPositiveFormGNSCompilerRound202Exact,Physics,dependency-complete,,
DASHI.Physics.YangMills.BalabanRootedPositiveFormPhysicalStateRound203Exact,Physics,dependency-complete,,
DASHI.Physics.YangMills.BalabanRootedQuotientHamiltonianDescentRound199Exact,Physics,dependency-complete,,
DASHI.Physics.YangMills.BalabanRound108DirectUnifiedActionRound151Exact,Physics,dependency-complete,,
DASHI.Physics.YangMills.BalabanRowADirectQFromTubeExact,Physics,dependency-complete,,
DASHI.Physics.YangMills.BalabanRowADirectSensitivityCumulativeExact,Physics,dependency-complete,,
DASHI.Physics.YangMills.BalabanRowAExplicitQAssemblyExact,Physics,dependency-complete,,
DASHI.Physics.YangMills.BalabanRowAInverseSquareChainSensitivityExact,Physics,dependency-complete,,
DASHI.Physics.YangMills.BalabanRowAInverseSquareSensitivityDecompositionExact,Physics,dependency-complete,,
DASHI.Physics.YangMills.BalabanRowAIrrelevantHistorySensitivityCumulativeExact,Physics,dependency-complete,,
DASHI.Physics.YangMills.BalabanRowARecentLeanCrossProverProgressExact,Physics,dependency-complete,,
DASHI.Physics.YangMills.BalabanRowASixthSensitivityFromCubicTelescopeExact,Physics,dependency-complete,,
DASHI.Physics.YangMills.BalabanRowCPostBC2PhysicalCompletionRound108Exact,Physics,dependency-complete,,
DASHI.Physics.YangMills.BalabanSelectedBackgroundEq119ConsumerRound205Exact,Physics,dependency-complete,,
DASHI.Physics.YangMills.BalabanSelectedCorrelatedSingletonCertifiedCoreExact,Physics,dependency-complete,,
DASHI.Physics.YangMills.BalabanSelectedDensitySemanticsRound237Exact,Physics,dependency-complete,,
DASHI.Physics.YangMills.BalabanSelectedRegularESourceCompilerRound238Exact,Physics,dependency-complete,,
DASHI.Physics.YangMills.BalabanSequentialDiagnosticPlannerRound153Exact,Physics,dependency-complete,,
DASHI.Physics.YangMills.BalabanSourceFixedLocalizationRadiusSplitRound235Exact,Physics,dependency-complete,,
DASHI.Physics.YangMills.BalabanSourceFixedR108EffectiveActionFamilyRound213Exact,Physics,dependency-complete,,
DASHI.Physics.YangMills.BalabanSourceFixedRegularESemanticsRound234Exact,Physics,dependency-complete,,
DASHI.Physics.YangMills.BalabanSourceResidualConsumerNonDescent369Exact,Physics,dependency-complete,,
DASHI.Physics.YangMills.BalabanStochasticSpatialEnvelopeToConnectedClusteringRound258Exact,Physics,dependency-complete,,
DASHI.Physics.YangMills.BalabanTerminalBidiFrontierRound204Exact,Physics,dependency-complete,,
DASHI.Physics.YangMills.BalabanTheorem1RegularEContinuationRound247Exact,Physics,dependency-complete,,
DASHI.Physics.YangMills.BalabanTranslatedCenteredEmbeddingRound163Exact,Physics,dependency-complete,,
DASHI.Physics.YangMills.BalabanUnifiedGeneratedActionA1HistoryRound138Exact,Physics,dependency-complete,,
DASHI.Physics.YangMills.BalabanUnifiedGeneratedActionA2HistoryRound137Exact,Physics,dependency-complete,,
DASHI.Physics.YangMills.BalabanUnifiedGeneratedActionDensityRound132Exact,Physics,dependency-complete,,
DASHI.Physics.YangMills.BalabanUnifiedGeneratedActionFirstVariationRound133Exact,Physics,dependency-complete,,
DASHI.Physics.YangMills.BalabanUnifiedGeneratedActionPhysicalHistoryRound139Exact,Physics,dependency-complete,,
DASHI.Physics.YangMills.BalabanUnifiedGeneratedActionRecoveryRound136Exact,Physics,dependency-complete,,
DASHI.Physics.YangMills.BalabanUnifiedGeneratedActionRecoveryRound136Validation,Physics,dependency-complete,,
DASHI.Physics.YangMills.BalabanUnifiedGeneratedActionSourceSemanticsRound145Exact,Physics,dependency-complete,,
DASHI.Physics.YangMills.BalabanUnifiedGeneratedActionSourceSemanticsRound145Validation,Physics,dependency-complete,,
DASHI.Physics.YangMills.BalabanUnifiedGeneratedActionStressScaleRound135Exact,Physics,dependency-complete,,
DASHI.Physics.YangMills.BalabanUnifiedPresentCutSchwingerRecoveryRound140Exact,Physics,dependency-complete,,
DASHI.Physics.YangMills.BalabanUnifiedPresentCutSchwingerRecoveryRound140Validation,Physics,dependency-complete,,
DASHI.Physics.YangMills.SourceEntityQidBindingsExact,Physics,dependency-complete,,
DASHI.Physics.YangMills.YMAristotleOperatorReturn2026Exact,Physics,dependency-complete,,
DASHI.Physics.YangMills.YMExternalAnalysisSourceAtlasExact,Physics,dependency-complete,,
DASHI.Physics.YangMills.YMKatoClosedFormHamiltonianExact,Physics,dependency-complete,,
DASHI.Physics.YangMills.YMOperatorDomainContinuumFrontier2026Exact,Physics,dependency-complete,,
DASHI.Physics.YangMills.YMOperatorDomainContinuumSources2026Exact,Physics,dependency-complete,,
DASHI.Policy.ABC730RationaleSalienceDecisionFunctionExact,Policy,dependency-complete,,
DASHI.Policy.ABC730WestBankSanctionsTranscriptClaimsExact,Policy,dependency-complete,,
DASHI.Policy.AustraliaIsraelGaslightingPoliticalEconomyBridgeExact,Policy,dependency-complete,,
DASHI.Policy.AustraliaIsraelSanctionsAttributionExact,Policy,dependency-complete,,
DASHI.Policy.AustraliaPalestineResponseIntensityGapExact,Policy,dependency-complete,,
DASHI.Policy.BerkmanDataCentreObscurationAnalogyExact,Policy,dependency-complete,,
DASHI.Reasoning.SensibLawEncyclopediaAttributedSourceBridgeExact,Reasoning,dependency-complete,,
DASHI.Reasoning.SensibLawEncyclopediaCorpusClaimReceiptExact,Reasoning,dependency-complete,,
DASHI.Reasoning.SensibLawEncyclopediaLeastPrivilegeResearchExact,Reasoning,dependency-complete,,
DASHI.Statistics.BinaryTestDecisionDirectionalEvidenceExact,Statistics,dependency-complete,,
DASHI.Statistics.ConfidenceIntervalRegionEvidenceExact,Statistics,dependency-complete,,
DASHI.Statistics.DirectionalEvidenceEverything,Statistics,dependency-complete,,
DASHI.Statistics.DirectionalEvidenceTritExact,Statistics,dependency-complete,,
DASHI.Statistics.DirectionalInferenceDesignExact,Statistics,dependency-complete,,
DASHI.Statistics.HypothesisRegionGeometryExact,Statistics,dependency-complete,,
DASHI.Statistics.StandardBinaryTestRegionAdaptersExact,Statistics,dependency-complete,,
DASHI.Statistics.StandardConfidenceIntervalInterpretationExact,Statistics,dependency-complete,,
DASHI.Statistics.Vec15BinaryDecisionDirectionalEvidenceBridgeExact,Statistics,dependency-complete,,
DASHI.TextilePhysicsValidation,(root),dependency-complete,,
DASHI.Topology.CircularKnittingHelicalLoopBridgeExact,Topology,dependency-complete,,
DASHI.Topology.CrochetHookMicroSemanticsExact,Topology,dependency-complete,,
DASHI.Topology.TextileStitchHyperfabricExact,Topology,dependency-complete,,
DASHI.Topology.TextileStitchOperationalSemanticsExact,Topology,dependency-complete,,
DASHI.Wikimedia.DashiKnowledgeTraversalFunnelExact,Wikimedia,dependency-complete,,
DASHI.Wikimedia.Everything,Wikimedia,dependency-complete,,
DASHI.Wikimedia.IbrahimEnglishParentCoverageGapAtlasExact,Wikimedia,dependency-complete,,
DASHI.Wikimedia.ScientificReferenceQidValidation,Wikimedia,dependency-complete,,
DASHI.Wikimedia.ScientificReferenceResidualAcquisitionExact,Wikimedia,dependency-complete,,
DASHI.Wikimedia.SensibLawNatBatchPrerequisiteRunnerContractExact,Wikimedia,dependency-complete,,
DASHI.Wikimedia.SensibLawRateLimitedParallelGetterExact,Wikimedia,dependency-complete,,
DASHI.Wikimedia.SensibLawSharedAcquisitionExecutionExact,Wikimedia,dependency-complete,,
DASHI.Wikimedia.SensibLawStatementBundleHistoricalResponsibilityExact,Wikimedia,dependency-complete,,
DASHI.Wikimedia.SensibLawStatementBundlePrerequisiteDAGExact,Wikimedia,dependency-complete,,
DASHI.Wikimedia.SensibLawZelphHFPrerequisiteBridgeExact,Wikimedia,dependency-complete,,
DASHI.Wikimedia.SensibLawZelphHFSelectorResultPaymentExact,Wikimedia,dependency-complete,,
DASHI.Wikimedia.WikipediaFirstLinkNetworkExact,Wikimedia,dependency-complete,,
