path,module,line,kind,name,namespace,fully_qualified,modifiers
RequestProject/NavierStokes/ActualScaleSeparatingProbe.lean,RequestProject.NavierStokes.ActualScaleSeparatingProbe,43,def,parProbeWeight,ClayNS,ClayNS.parProbeWeight,
RequestProject/NavierStokes/ActualScaleSeparatingProbe.lean,RequestProject.NavierStokes.ActualScaleSeparatingProbe,46,lemma,parProbeWeight_pair,ClayNS,ClayNS.parProbeWeight_pair,
RequestProject/NavierStokes/ActualScaleSeparatingProbe.lean,RequestProject.NavierStokes.ActualScaleSeparatingProbe,61,theorem,scale_cost_of_cutoff_probe,ClayNS,ClayNS.scale_cost_of_cutoff_probe,
RequestProject/NavierStokes/ActualScaleSeparatingProbe.lean,RequestProject.NavierStokes.ActualScaleSeparatingProbe,137,theorem,actual_scale_separating_probe,ClayNS,ClayNS.actual_scale_separating_probe,
RequestProject/NavierStokes/ActualScaleSeparatingProbe.lean,RequestProject.NavierStokes.ActualScaleSeparatingProbe,184,theorem,actual_scale_separating_probe_exists,ClayNS,ClayNS.actual_scale_separating_probe_exists,
RequestProject/NavierStokes/AdjointCaccioppoliClosure.lean,RequestProject.NavierStokes.AdjointCaccioppoliClosure,59,lemma,contDiff_incrBetaLocFlux,ClayNS,ClayNS.contDiff_incrBetaLocFlux,
RequestProject/NavierStokes/AdjointCaccioppoliClosure.lean,RequestProject.NavierStokes.AdjointCaccioppoliClosure,68,lemma,spacePeriodic_incrBetaLocFlux,ClayNS,ClayNS.spacePeriodic_incrBetaLocFlux,
RequestProject/NavierStokes/AdjointCaccioppoliClosure.lean,RequestProject.NavierStokes.AdjointCaccioppoliClosure,97,lemma,cellInt_split5,ClayNS,ClayNS.cellInt_split5,
RequestProject/NavierStokes/AdjointCaccioppoliClosure.lean,RequestProject.NavierStokes.AdjointCaccioppoliClosure,113,lemma,cellInt_split6,ClayNS,ClayNS.cellInt_split6,
RequestProject/NavierStokes/AdjointCaccioppoliClosure.lean,RequestProject.NavierStokes.AdjointCaccioppoliClosure,123,lemma,cellInt_zero,ClayNS,ClayNS.cellInt_zero,
RequestProject/NavierStokes/AdjointCaccioppoliClosure.lean,RequestProject.NavierStokes.AdjointCaccioppoliClosure,139,theorem,adjoint_caccioppoli_linear_budget,ClayNS,ClayNS.adjoint_caccioppoli_linear_budget,
RequestProject/NavierStokes/AdjointLocalizedIncrement.lean,RequestProject.NavierStokes.AdjointLocalizedIncrement,61,theorem,increment_convex_identity,ClayNS,ClayNS.increment_convex_identity,
RequestProject/NavierStokes/AdjointLocalizedIncrement.lean,RequestProject.NavierStokes.AdjointLocalizedIncrement,109,theorem,static_cutoff_localization_bill,ClayNS,ClayNS.static_cutoff_localization_bill,
RequestProject/NavierStokes/AdjointLocalizedIncrement.lean,RequestProject.NavierStokes.AdjointLocalizedIncrement,186,def,adjointOp,ClayNS,ClayNS.adjointOp,
RequestProject/NavierStokes/AdjointLocalizedIncrement.lean,RequestProject.NavierStokes.AdjointLocalizedIncrement,196,theorem,adjoint_localized_increment_identity,ClayNS,ClayNS.adjoint_localized_increment_identity,
RequestProject/NavierStokes/AdjointLocalizedIncrement.lean,RequestProject.NavierStokes.AdjointLocalizedIncrement,224,theorem,adjoint_localized_increment_residual,ClayNS,ClayNS.adjoint_localized_increment_residual,
RequestProject/NavierStokes/AdjointLocalizedIncrement.lean,RequestProject.NavierStokes.AdjointLocalizedIncrement,258,theorem,adjoint_localized_increment_budget,ClayNS,ClayNS.adjoint_localized_increment_budget,
RequestProject/NavierStokes/AlmostOrthogonalGramSchur.lean,RequestProject.NavierStokes.AlmostOrthogonalGramSchur,79,def,csDefect,ClayNS.Schur,ClayNS.Schur.csDefect,
RequestProject/NavierStokes/AlmostOrthogonalGramSchur.lean,RequestProject.NavierStokes.AlmostOrthogonalGramSchur,83,theorem,nsq_csDefect_eq,ClayNS.Schur,ClayNS.Schur.nsq_csDefect_eq,
RequestProject/NavierStokes/AlmostOrthogonalGramSchur.lean,RequestProject.NavierStokes.AlmostOrthogonalGramSchur,112,theorem,herm_re_eq_sub_defect,ClayNS.Schur,ClayNS.Schur.herm_re_eq_sub_defect,
RequestProject/NavierStokes/AlmostOrthogonalGramSchur.lean,RequestProject.NavierStokes.AlmostOrthogonalGramSchur,127,theorem,sum_sum_le_schur,ClayNS.Schur,ClayNS.Schur.sum_sum_le_schur,
RequestProject/NavierStokes/AlmostOrthogonalGramSchur.lean,RequestProject.NavierStokes.AlmostOrthogonalGramSchur,186,def,AlmostOrthogonal,ClayNS.Schur,ClayNS.Schur.AlmostOrthogonal,
RequestProject/NavierStokes/AlmostOrthogonalGramSchur.lean,RequestProject.NavierStokes.AlmostOrthogonalGramSchur,196,theorem,almostOrthogonal_one,ClayNS.Schur,ClayNS.Schur.almostOrthogonal_one,
RequestProject/NavierStokes/AlmostOrthogonalGramSchur.lean,RequestProject.NavierStokes.AlmostOrthogonalGramSchur,211,theorem,card_le_of_almostOrthogonal_coherent,ClayNS.Schur,ClayNS.Schur.card_le_of_almostOrthogonal_coherent,
RequestProject/NavierStokes/AlmostOrthogonalGramSchur.lean,RequestProject.NavierStokes.AlmostOrthogonalGramSchur,241,theorem,resForm_le_schur,ClayNS.Schur,ClayNS.Schur.resForm_le_schur,
RequestProject/NavierStokes/AlmostOrthogonalGramSchur.lean,RequestProject.NavierStokes.AlmostOrthogonalGramSchur,305,theorem,cell_ratio_sq_le,ClayNS.Schur,ClayNS.Schur.cell_ratio_sq_le,
RequestProject/NavierStokes/AlmostOrthogonalGramSchur.lean,RequestProject.NavierStokes.AlmostOrthogonalGramSchur,327,theorem,integral_nsq_Fs_le_schur,ClayNS.Schur,ClayNS.Schur.integral_nsq_Fs_le_schur,
RequestProject/NavierStokes/AlmostOrthogonalGramSchur.lean,RequestProject.NavierStokes.AlmostOrthogonalGramSchur,359,theorem,sum_integral_nsq_Fs_le_schur,ClayNS.Schur,ClayNS.Schur.sum_integral_nsq_Fs_le_schur,
RequestProject/NavierStokes/AlmostOrthogonalGramSchur.lean,RequestProject.NavierStokes.AlmostOrthogonalGramSchur,405,theorem,sum_sq_conv_le_wiener_energy,ClayNS.Schur,ClayNS.Schur.sum_sq_conv_le_wiener_energy,
RequestProject/NavierStokes/AlmostOrthogonalGramSchur.lean,RequestProject.NavierStokes.AlmostOrthogonalGramSchur,428,theorem,sum_integral_nsq_Fs_le_schur_wiener,ClayNS.Schur,ClayNS.Schur.sum_integral_nsq_Fs_le_schur_wiener,
RequestProject/NavierStokes/AlmostOrthogonalGramSchur.lean,RequestProject.NavierStokes.AlmostOrthogonalGramSchur,467,theorem,spacetime_remainder_le_critical,ClayNS.Schur,ClayNS.Schur.spacetime_remainder_le_critical,
RequestProject/NavierStokes/AlmostOrthogonalGramSchur.lean,RequestProject.NavierStokes.AlmostOrthogonalGramSchur,512,theorem,almostOrthogonal_of_orthogonal,ClayNS.Schur,ClayNS.Schur.almostOrthogonal_of_orthogonal,
RequestProject/NavierStokes/AlmostOrthogonalGramSchur.lean,RequestProject.NavierStokes.AlmostOrthogonalGramSchur,541,theorem,sum_integral_nsq_Fs_le_orthogonal_wiener,ClayNS.Schur,ClayNS.Schur.sum_integral_nsq_Fs_le_orthogonal_wiener,
RequestProject/NavierStokes/AlmostOrthogonalGramSchur.lean,RequestProject.NavierStokes.AlmostOrthogonalGramSchur,560,theorem,herm_real_pair,ClayNS.Schur,ClayNS.Schur.herm_real_pair,
RequestProject/NavierStokes/AlmostOrthogonalGramSchur.lean,RequestProject.NavierStokes.AlmostOrthogonalGramSchur,572,theorem,resForm_coherent_eq,ClayNS.Schur,ClayNS.Schur.resForm_coherent_eq,
RequestProject/NavierStokes/AlmostOrthogonalGramSchur.lean,RequestProject.NavierStokes.AlmostOrthogonalGramSchur,609,theorem,resForm_eq_cs_sub_defect,ClayNS.Schur,ClayNS.Schur.resForm_eq_cs_sub_defect,
RequestProject/NavierStokes/AlmostOrthogonalGramSchur.lean,RequestProject.NavierStokes.AlmostOrthogonalGramSchur,629,theorem,energy_le_wienerA_sq,ClayNS.Schur,ClayNS.Schur.energy_le_wienerA_sq,
RequestProject/NavierStokes/AlmostOrthogonalGramSchur.lean,RequestProject.NavierStokes.AlmostOrthogonalGramSchur,641,theorem,schur_budget_le_wiener_budget,ClayNS.Schur,ClayNS.Schur.schur_budget_le_wiener_budget,
RequestProject/NavierStokes/AlmostOrthogonalGramSchur.lean,RequestProject.NavierStokes.AlmostOrthogonalGramSchur,655,theorem,schur_budget_not_controlled_by_energy,ClayNS.Schur,ClayNS.Schur.schur_budget_not_controlled_by_energy,
RequestProject/NavierStokes/AlmostOrthogonalGramSchur.lean,RequestProject.NavierStokes.AlmostOrthogonalGramSchur,676,theorem,sum_resForm_outCells_le_schur,ClayNS.Schur,ClayNS.Schur.sum_resForm_outCells_le_schur,
RequestProject/NavierStokes/AlmostOrthogonalGramSchur.lean,RequestProject.NavierStokes.AlmostOrthogonalGramSchur,700,theorem,sum_gram_debt_le_schur,ClayNS.Schur,ClayNS.Schur.sum_gram_debt_le_schur,
RequestProject/NavierStokes/AncientDirectionalLevelDrop.lean,RequestProject.NavierStokes.AncientDirectionalLevelDrop,62,def,dirSup,ClayNS,ClayNS.dirSup,
RequestProject/NavierStokes/AncientDirectionalLevelDrop.lean,RequestProject.NavierStokes.AncientDirectionalLevelDrop,65,def,dirInf,ClayNS,ClayNS.dirInf,
RequestProject/NavierStokes/AncientDirectionalLevelDrop.lean,RequestProject.NavierStokes.AncientDirectionalLevelDrop,67,lemma,zero_mem_parCyl_one,ClayNS,ClayNS.zero_mem_parCyl_one,
RequestProject/NavierStokes/AncientDirectionalLevelDrop.lean,RequestProject.NavierStokes.AncientDirectionalLevelDrop,71,lemma,parCyl_one_nonempty,ClayNS,ClayNS.parCyl_one_nonempty,
RequestProject/NavierStokes/AncientDirectionalLevelDrop.lean,RequestProject.NavierStokes.AncientDirectionalLevelDrop,73,lemma,dirImage_nonempty,ClayNS,ClayNS.dirImage_nonempty,
RequestProject/NavierStokes/AncientDirectionalLevelDrop.lean,RequestProject.NavierStokes.AncientDirectionalLevelDrop,77,lemma,isBounded_image_of_bound,ClayNS,ClayNS.isBounded_image_of_bound,
RequestProject/NavierStokes/AncientDirectionalLevelDrop.lean,RequestProject.NavierStokes.AncientDirectionalLevelDrop,83,lemma,dirImage_bddAbove,ClayNS,ClayNS.dirImage_bddAbove,
RequestProject/NavierStokes/AncientDirectionalLevelDrop.lean,RequestProject.NavierStokes.AncientDirectionalLevelDrop,91,lemma,dirImage_bddBelow,ClayNS,ClayNS.dirImage_bddBelow,
RequestProject/NavierStokes/AncientDirectionalLevelDrop.lean,RequestProject.NavierStokes.AncientDirectionalLevelDrop,110,theorem,dirSup_sub_oscCyl_le,ClayNS,ClayNS.dirSup_sub_oscCyl_le,
RequestProject/NavierStokes/AncientDirectionalLevelDrop.lean,RequestProject.NavierStokes.AncientDirectionalLevelDrop,123,theorem,le_dirInf_add_oscCyl,ClayNS,ClayNS.le_dirInf_add_oscCyl,
RequestProject/NavierStokes/AncientDirectionalLevelDrop.lean,RequestProject.NavierStokes.AncientDirectionalLevelDrop,144,def,DirectionalLevelDrop,ClayNS,ClayNS.DirectionalLevelDrop,
RequestProject/NavierStokes/AncientDirectionalLevelDrop.lean,RequestProject.NavierStokes.AncientDirectionalLevelDrop,155,theorem,oscDichotomy_of_directionalLevelDrop,ClayNS,ClayNS.oscDichotomy_of_directionalLevelDrop,
RequestProject/NavierStokes/AncientDirectionalLevelDrop.lean,RequestProject.NavierStokes.AncientDirectionalLevelDrop,170,theorem,ancient_constant_of_directionalLevelDrop,ClayNS,ClayNS.ancient_constant_of_directionalLevelDrop,
RequestProject/NavierStokes/AncientDirectionalLevelDrop.lean,RequestProject.NavierStokes.AncientDirectionalLevelDrop,186,theorem,false_of_defect_and_directionalLevelDrop,ClayNS,ClayNS.false_of_defect_and_directionalLevelDrop,
RequestProject/NavierStokes/AncientDirectionalLevelDrop.lean,RequestProject.NavierStokes.AncientDirectionalLevelDrop,205,theorem,measure_dichotomy_at_level,ClayNS,ClayNS.measure_dichotomy_at_level,
RequestProject/NavierStokes/AncientLiouville.lean,RequestProject.NavierStokes.AncientLiouville,50,structure,IsAncientNSSolution,ClayNS,ClayNS.IsAncientNSSolution,
RequestProject/NavierStokes/AncientLiouville.lean,RequestProject.NavierStokes.AncientLiouville,59,def,meanComp,ClayNS,ClayNS.meanComp,
RequestProject/NavierStokes/AncientLiouville.lean,RequestProject.NavierStokes.AncientLiouville,63,lemma,cellInt_const,ClayNS,ClayNS.cellInt_const,@[simp]
RequestProject/NavierStokes/AncientLiouville.lean,RequestProject.NavierStokes.AncientLiouville,65,lemma,cellInt_finset_sum,ClayNS,ClayNS.cellInt_finset_sum,
RequestProject/NavierStokes/AncientLiouville.lean,RequestProject.NavierStokes.AncientLiouville,91,theorem,cellInt_adv_comp_eq_zero,ClayNS,ClayNS.cellInt_adv_comp_eq_zero,
RequestProject/NavierStokes/AncientLiouville.lean,RequestProject.NavierStokes.AncientLiouville,119,theorem,cellInt_lap_comp_eq_zero,ClayNS,ClayNS.cellInt_lap_comp_eq_zero,
RequestProject/NavierStokes/AncientLiouville.lean,RequestProject.NavierStokes.AncientLiouville,135,theorem,cellInt_dtime_comp_eq_zero,ClayNS,ClayNS.cellInt_dtime_comp_eq_zero,
RequestProject/NavierStokes/AncientLiouville.lean,RequestProject.NavierStokes.AncientLiouville,183,theorem,meanComp_eq,ClayNS,ClayNS.meanComp_eq,
RequestProject/NavierStokes/AncientLiouville.lean,RequestProject.NavierStokes.AncientLiouville,204,def,devEnergy,ClayNS,ClayNS.devEnergy,
RequestProject/NavierStokes/AncientLiouville.lean,RequestProject.NavierStokes.AncientLiouville,207,theorem,devEnergy_nonneg,ClayNS,ClayNS.devEnergy_nonneg,
RequestProject/NavierStokes/AncientLiouville.lean,RequestProject.NavierStokes.AncientLiouville,211,theorem,devEnergy_eq,ClayNS,ClayNS.devEnergy_eq,
RequestProject/NavierStokes/AncientLiouville.lean,RequestProject.NavierStokes.AncientLiouville,247,theorem,devEnergy_le_enstrophy,ClayNS,ClayNS.devEnergy_le_enstrophy,
RequestProject/NavierStokes/AncientLiouville.lean,RequestProject.NavierStokes.AncientLiouville,301,def,devHalf,ClayNS,ClayNS.devHalf,
RequestProject/NavierStokes/AncientLiouville.lean,RequestProject.NavierStokes.AncientLiouville,307,lemma,devEnergy_eq_two_devHalf,ClayNS,ClayNS.devEnergy_eq_two_devHalf,
RequestProject/NavierStokes/AncientLiouville.lean,RequestProject.NavierStokes.AncientLiouville,315,lemma,devHalf_nonneg,ClayNS,ClayNS.devHalf_nonneg,
RequestProject/NavierStokes/AncientLiouville.lean,RequestProject.NavierStokes.AncientLiouville,321,lemma,devHalf_le_enstrophy,ClayNS,ClayNS.devHalf_le_enstrophy,
RequestProject/NavierStokes/AncientLiouville.lean,RequestProject.NavierStokes.AncientLiouville,330,lemma,hasDerivAt_devHalf,ClayNS,ClayNS.hasDerivAt_devHalf,
RequestProject/NavierStokes/AncientLiouville.lean,RequestProject.NavierStokes.AncientLiouville,337,theorem,exp_devHalf_antitone,ClayNS,ClayNS.exp_devHalf_antitone,
RequestProject/NavierStokes/AncientLiouville.lean,RequestProject.NavierStokes.AncientLiouville,361,theorem,velocity_eq_mean,ClayNS,ClayNS.velocity_eq_mean,
RequestProject/NavierStokes/AncientLiouville.lean,RequestProject.NavierStokes.AncientLiouville,403,theorem,devHalf_exp_decay,ClayNS,ClayNS.devHalf_exp_decay,
RequestProject/NavierStokes/AncientLiouville.lean,RequestProject.NavierStokes.AncientLiouville,427,theorem,ancient_periodic_liouville,ClayNS,ClayNS.ancient_periodic_liouville,
RequestProject/NavierStokes/AncientLiouville.lean,RequestProject.NavierStokes.AncientLiouville,471,lemma,sum_sq_eq_norm_sq,ClayNS,ClayNS.sum_sq_eq_norm_sq,
RequestProject/NavierStokes/AncientLiouville.lean,RequestProject.NavierStokes.AncientLiouville,476,theorem,energy_le_of_norm_le,ClayNS,ClayNS.energy_le_of_norm_le,
RequestProject/NavierStokes/AncientLiouville.lean,RequestProject.NavierStokes.AncientLiouville,496,theorem,ancient_periodic_liouville_of_norm_le,ClayNS,ClayNS.ancient_periodic_liouville_of_norm_le,
RequestProject/NavierStokes/AncientOscillationContraction.lean,RequestProject.NavierStokes.AncientOscillationContraction,55,lemma,geometric_contraction_pow,ClayNS,ClayNS.geometric_contraction_pow,
RequestProject/NavierStokes/AncientOscillationContraction.lean,RequestProject.NavierStokes.AncientOscillationContraction,78,theorem,eq_zero_of_geometric_contraction,ClayNS,ClayNS.eq_zero_of_geometric_contraction,
RequestProject/NavierStokes/AncientOscillationContraction.lean,RequestProject.NavierStokes.AncientOscillationContraction,106,def,parCyl,ClayNS,ClayNS.parCyl,
RequestProject/NavierStokes/AncientOscillationContraction.lean,RequestProject.NavierStokes.AncientOscillationContraction,109,def,oscCyl,ClayNS,ClayNS.oscCyl,
RequestProject/NavierStokes/AncientOscillationContraction.lean,RequestProject.NavierStokes.AncientOscillationContraction,111,lemma,oscCyl_nonneg,ClayNS,ClayNS.oscCyl_nonneg,
RequestProject/NavierStokes/AncientOscillationContraction.lean,RequestProject.NavierStokes.AncientOscillationContraction,113,lemma,oscCyl_le,ClayNS,ClayNS.oscCyl_le,
RequestProject/NavierStokes/AncientOscillationContraction.lean,RequestProject.NavierStokes.AncientOscillationContraction,118,lemma,mem_parCyl_of_large,ClayNS,ClayNS.mem_parCyl_of_large,
RequestProject/NavierStokes/AncientOscillationContraction.lean,RequestProject.NavierStokes.AncientOscillationContraction,133,theorem,ancient_constant_of_oscillation_contraction,ClayNS,ClayNS.ancient_constant_of_oscillation_contraction,
RequestProject/NavierStokes/AncientOscillationContraction.lean,RequestProject.NavierStokes.AncientOscillationContraction,170,theorem,false_of_defect_and_oscillation_contraction,ClayNS,ClayNS.false_of_defect_and_oscillation_contraction,
RequestProject/NavierStokes/AncientOscillationContraction.lean,RequestProject.NavierStokes.AncientOscillationContraction,187,theorem,constant_iff_increments_vanish,ClayNS,ClayNS.constant_iff_increments_vanish,
RequestProject/NavierStokes/AncientOscillationContraction.lean,RequestProject.NavierStokes.AncientOscillationContraction,200,theorem,eq_zero_of_constant_of_vanishing_ball_average,ClayNS,ClayNS.eq_zero_of_constant_of_vanishing_ball_average,
RequestProject/NavierStokes/AncientOscillationContraction.lean,RequestProject.NavierStokes.AncientOscillationContraction,222,theorem,false_of_unit_normalized_constant_with_vanishing_ball_average,ClayNS,ClayNS.false_of_unit_normalized_constant_with_vanishing_ball_average,
RequestProject/NavierStokes/AncientOscillationContraction.lean,RequestProject.NavierStokes.AncientOscillationContraction,241,theorem,poincare_rate_mul_backward_lifetime,ClayNS,ClayNS.poincare_rate_mul_backward_lifetime,
RequestProject/NavierStokes/AncientOscillationContraction.lean,RequestProject.NavierStokes.AncientOscillationContraction,251,theorem,false_of_sequence_defect_and_contraction,ClayNS,ClayNS.false_of_sequence_defect_and_contraction,
RequestProject/NavierStokes/AncientOscillationContraction.lean,RequestProject.NavierStokes.AncientOscillationContraction,279,theorem,clay_blowup_route_contradiction,ClayNS,ClayNS.clay_blowup_route_contradiction,
RequestProject/NavierStokes/AncientOscillationContraction.lean,RequestProject.NavierStokes.AncientOscillationContraction,296,def,parRescale,ClayNS,ClayNS.parRescale,
RequestProject/NavierStokes/AncientOscillationContraction.lean,RequestProject.NavierStokes.AncientOscillationContraction,299,lemma,image_parCyl,ClayNS,ClayNS.image_parCyl,
RequestProject/NavierStokes/AncientOscillationContraction.lean,RequestProject.NavierStokes.AncientOscillationContraction,338,theorem,oscCyl_parRescale,ClayNS,ClayNS.oscCyl_parRescale,
RequestProject/NavierStokes/AncientOscillationContraction.lean,RequestProject.NavierStokes.AncientOscillationContraction,354,theorem,contraction_of_unit_step,ClayNS,ClayNS.contraction_of_unit_step,
RequestProject/NavierStokes/ApproximateScaleAnchor.lean,RequestProject.NavierStokes.ApproximateScaleAnchor,71,theorem,gram_anchor_lower_bound_approx,ClayNS,ClayNS.gram_anchor_lower_bound_approx,
RequestProject/NavierStokes/ApproximateScaleAnchor.lean,RequestProject.NavierStokes.ApproximateScaleAnchor,161,def,probeMode,ClayNS,ClayNS.probeMode,
RequestProject/NavierStokes/ApproximateScaleAnchor.lean,RequestProject.NavierStokes.ApproximateScaleAnchor,164,lemma,probeMode_apply,ClayNS,ClayNS.probeMode_apply,@[simp]
RequestProject/NavierStokes/ApproximateScaleAnchor.lean,RequestProject.NavierStokes.ApproximateScaleAnchor,170,lemma,gramC_riesz,ClayNS,ClayNS.gramC_riesz,
RequestProject/NavierStokes/ApproximateScaleAnchor.lean,RequestProject.NavierStokes.ApproximateScaleAnchor,181,lemma,gramA_riesz,ClayNS,ClayNS.gramA_riesz,
RequestProject/NavierStokes/ApproximateScaleAnchor.lean,RequestProject.NavierStokes.ApproximateScaleAnchor,206,theorem,probe_scale_coercivity,ClayNS,ClayNS.probe_scale_coercivity,
RequestProject/NavierStokes/BackwardKernelFluxDefect.lean,RequestProject.NavierStokes.BackwardKernelFluxDefect,59,def,nsLogDefect,ClayNS,ClayNS.nsLogDefect,
RequestProject/NavierStokes/BackwardKernelFluxDefect.lean,RequestProject.NavierStokes.BackwardKernelFluxDefect,62,lemma,nsLogDefect_eq_log_density,ClayNS,ClayNS.nsLogDefect_eq_log_density,
RequestProject/NavierStokes/BackwardKernelFluxDefect.lean,RequestProject.NavierStokes.BackwardKernelFluxDefect,67,lemma,nsLogDefect_nonneg,ClayNS,ClayNS.nsLogDefect_nonneg,
RequestProject/NavierStokes/BackwardKernelFluxDefect.lean,RequestProject.NavierStokes.BackwardKernelFluxDefect,77,theorem,scale_derivative_le_nsLogDefect,ClayNS,ClayNS.scale_derivative_le_nsLogDefect,
RequestProject/NavierStokes/BackwardKernelFluxDefect.lean,RequestProject.NavierStokes.BackwardKernelFluxDefect,90,theorem,backward_kernel_flux_defect_propagates,ClayNS,ClayNS.backward_kernel_flux_defect_propagates,
RequestProject/NavierStokes/BackwardKernelFluxDefect.lean,RequestProject.NavierStokes.BackwardKernelFluxDefect,107,theorem,backward_kernel_flux_defect_integrable,ClayNS,ClayNS.backward_kernel_flux_defect_integrable,
RequestProject/NavierStokes/BackwardKernelFluxDefect.lean,RequestProject.NavierStokes.BackwardKernelFluxDefect,127,theorem,clay_A_dyn_of_uniform_log_defect,ClayNS,ClayNS.clay_A_dyn_of_uniform_log_defect,
RequestProject/NavierStokes/BlowupCompactness.lean,RequestProject.NavierStokes.BlowupCompactness,44,lemma,tendstoUniformlyOn_iff_forall_eps,ClayNS,ClayNS.tendstoUniformlyOn_iff_forall_eps,
RequestProject/NavierStokes/BlowupCompactness.lean,RequestProject.NavierStokes.BlowupCompactness,61,theorem,exists_locally_uniform_limit_of_equiLipschitz,ClayNS,ClayNS.exists_locally_uniform_limit_of_equiLipschitz,
RequestProject/NavierStokes/BlowupCompactness.lean,RequestProject.NavierStokes.BlowupCompactness,206,theorem,blowup_compactness_and_inheritance,ClayNS,ClayNS.blowup_compactness_and_inheritance,
RequestProject/NavierStokes/BlowupEquicontinuousCompactness.lean,RequestProject.NavierStokes.BlowupEquicontinuousCompactness,49,def,UniformlyEquicontinuous,ClayNS,ClayNS.UniformlyEquicontinuous,
RequestProject/NavierStokes/BlowupEquicontinuousCompactness.lean,RequestProject.NavierStokes.BlowupEquicontinuousCompactness,55,theorem,uniformlyEquicontinuous_of_equiLipschitz,ClayNS,ClayNS.uniformlyEquicontinuous_of_equiLipschitz,
RequestProject/NavierStokes/BlowupEquicontinuousCompactness.lean,RequestProject.NavierStokes.BlowupEquicontinuousCompactness,73,def,LocallyEquicontinuous,ClayNS,ClayNS.LocallyEquicontinuous,
RequestProject/NavierStokes/BlowupEquicontinuousCompactness.lean,RequestProject.NavierStokes.BlowupEquicontinuousCompactness,78,theorem,locallyEquicontinuous_of_uniformlyEquicontinuous,ClayNS,ClayNS.locallyEquicontinuous_of_uniformlyEquicontinuous,
RequestProject/NavierStokes/BlowupEquicontinuousCompactness.lean,RequestProject.NavierStokes.BlowupEquicontinuousCompactness,89,theorem,exists_locally_uniform_limit_of_locallyEquicontinuous,ClayNS,ClayNS.exists_locally_uniform_limit_of_locallyEquicontinuous,
RequestProject/NavierStokes/BlowupEquicontinuousCompactness.lean,RequestProject.NavierStokes.BlowupEquicontinuousCompactness,236,theorem,exists_locally_uniform_limit_of_equicontinuous,ClayNS,ClayNS.exists_locally_uniform_limit_of_equicontinuous,
RequestProject/NavierStokes/BlowupEquicontinuousCompactness.lean,RequestProject.NavierStokes.BlowupEquicontinuousCompactness,358,theorem,blowup_compactness_and_inheritance_of_equicontinuous,ClayNS,ClayNS.blowup_compactness_and_inheritance_of_equicontinuous,
RequestProject/NavierStokes/BlowupEquicontinuousCompactness.lean,RequestProject.NavierStokes.BlowupEquicontinuousCompactness,389,theorem,blowup_compactness_and_inheritance_of_locallyEquicontinuous,ClayNS,ClayNS.blowup_compactness_and_inheritance_of_locallyEquicontinuous,
RequestProject/NavierStokes/BlowupOscillation.lean,RequestProject.NavierStokes.BlowupOscillation,59,def,oscOn,ClayNS,ClayNS.oscOn,
RequestProject/NavierStokes/BlowupOscillation.lean,RequestProject.NavierStokes.BlowupOscillation,61,lemma,oscOn_nonneg,ClayNS,ClayNS.oscOn_nonneg,
RequestProject/NavierStokes/BlowupOscillation.lean,RequestProject.NavierStokes.BlowupOscillation,65,lemma,norm_sub_le_oscOn,ClayNS,ClayNS.norm_sub_le_oscOn,
RequestProject/NavierStokes/BlowupOscillation.lean,RequestProject.NavierStokes.BlowupOscillation,72,lemma,oscOn_le_two_mul,ClayNS,ClayNS.oscOn_le_two_mul,
RequestProject/NavierStokes/BlowupOscillation.lean,RequestProject.NavierStokes.BlowupOscillation,82,lemma,oscOn_const,ClayNS,ClayNS.oscOn_const,@[simp]
RequestProject/NavierStokes/BlowupOscillation.lean,RequestProject.NavierStokes.BlowupOscillation,94,lemma,oscOn_add_const,ClayNS,ClayNS.oscOn_add_const,
RequestProject/NavierStokes/BlowupOscillation.lean,RequestProject.NavierStokes.BlowupOscillation,102,lemma,oscOn_smul,ClayNS,ClayNS.oscOn_smul,
RequestProject/NavierStokes/BlowupOscillation.lean,RequestProject.NavierStokes.BlowupOscillation,110,lemma,oscOn_comp,ClayNS,ClayNS.oscOn_comp,
RequestProject/NavierStokes/BlowupOscillation.lean,RequestProject.NavierStokes.BlowupOscillation,118,def,blowupSpace,ClayNS,ClayNS.blowupSpace,
RequestProject/NavierStokes/BlowupOscillation.lean,RequestProject.NavierStokes.BlowupOscillation,123,lemma,image_affine_ball,ClayNS,ClayNS.image_affine_ball,
RequestProject/NavierStokes/BlowupOscillation.lean,RequestProject.NavierStokes.BlowupOscillation,146,theorem,oscOn_blowupSpace,ClayNS,ClayNS.oscOn_blowupSpace,
RequestProject/NavierStokes/BlowupOscillation.lean,RequestProject.NavierStokes.BlowupOscillation,158,theorem,oscOn_blowupSpace_ge_iff,ClayNS,ClayNS.oscOn_blowupSpace_ge_iff,
RequestProject/NavierStokes/BlowupOscillation.lean,RequestProject.NavierStokes.BlowupOscillation,178,lemma,norm_blowup_sub_center_le,ClayNS,ClayNS.norm_blowup_sub_center_le,
RequestProject/NavierStokes/BlowupOscillation.lean,RequestProject.NavierStokes.BlowupOscillation,187,def,FlatMaxAt,ClayNS,ClayNS.FlatMaxAt,
RequestProject/NavierStokes/BlowupOscillation.lean,RequestProject.NavierStokes.BlowupOscillation,194,theorem,flatMax_iff,ClayNS,ClayNS.flatMax_iff,
RequestProject/NavierStokes/BlowupOscillation.lean,RequestProject.NavierStokes.BlowupOscillation,208,theorem,tendsto_blowup_sub_center_of_flat,ClayNS,ClayNS.tendsto_blowup_sub_center_of_flat,
RequestProject/NavierStokes/BlowupOscillation.lean,RequestProject.NavierStokes.BlowupOscillation,223,theorem,oscOn_ge_of_fderiv_lower,ClayNS,ClayNS.oscOn_ge_of_fderiv_lower,
RequestProject/NavierStokes/BlowupOscillation.lean,RequestProject.NavierStokes.BlowupOscillation,278,theorem,oscOn_blowup_ge_of_gradient_defect,ClayNS,ClayNS.oscOn_blowup_ge_of_gradient_defect,
RequestProject/NavierStokes/BlowupOscillation.lean,RequestProject.NavierStokes.BlowupOscillation,311,theorem,fderiv_blowupSpace,ClayNS,ClayNS.fderiv_blowupSpace,
RequestProject/NavierStokes/BlowupOscillation.lean,RequestProject.NavierStokes.BlowupOscillation,329,theorem,norm_fderiv_blowupSpace,ClayNS,ClayNS.norm_fderiv_blowupSpace,
RequestProject/NavierStokes/BlowupOscillation.lean,RequestProject.NavierStokes.BlowupOscillation,343,theorem,one_le_norm_fderiv_blowupSpace_iff,ClayNS,ClayNS.one_le_norm_fderiv_blowupSpace_iff,
RequestProject/NavierStokes/BlowupOscillation.lean,RequestProject.NavierStokes.BlowupOscillation,354,theorem,oscOn_le_add_of_uniform_approx,ClayNS,ClayNS.oscOn_le_add_of_uniform_approx,
RequestProject/NavierStokes/BlowupOscillation.lean,RequestProject.NavierStokes.BlowupOscillation,377,theorem,oscOn_ge_of_uniform_limit,ClayNS,ClayNS.oscOn_ge_of_uniform_limit,
RequestProject/NavierStokes/BlowupOscillation.lean,RequestProject.NavierStokes.BlowupOscillation,397,theorem,blowupSpace_periodic,ClayNS,ClayNS.blowupSpace_periodic,
RequestProject/NavierStokes/CellL2.lean,RequestProject.NavierStokes.CellL2,32,lemma,continuous_divg,ClayNS,ClayNS.continuous_divg,
RequestProject/NavierStokes/CellL2.lean,RequestProject.NavierStokes.CellL2,43,lemma,cellInt_sum,ClayNS,ClayNS.cellInt_sum,
RequestProject/NavierStokes/CellL2.lean,RequestProject.NavierStokes.CellL2,58,lemma,abs_cellInt_le,ClayNS,ClayNS.abs_cellInt_le,
RequestProject/NavierStokes/CellL2.lean,RequestProject.NavierStokes.CellL2,68,theorem,cellInt_cauchy_schwarz,ClayNS,ClayNS.cellInt_cauchy_schwarz,
RequestProject/NavierStokes/CellL2.lean,RequestProject.NavierStokes.CellL2,124,theorem,cellInt_mul_le_young,ClayNS,ClayNS.cellInt_mul_le_young,
RequestProject/NavierStokes/CellShift.lean,RequestProject.NavierStokes.CellShift,31,def,shiftPath,ClayNS,ClayNS.shiftPath,private
RequestProject/NavierStokes/CellShift.lean,RequestProject.NavierStokes.CellShift,36,lemma,shiftPath_apply,ClayNS,ClayNS.shiftPath_apply,private
RequestProject/NavierStokes/CellShift.lean,RequestProject.NavierStokes.CellShift,43,theorem,cellInt_shift,ClayNS,ClayNS.cellInt_shift,
RequestProject/NavierStokes/CellShift.lean,RequestProject.NavierStokes.CellShift,132,theorem,cellInt_shift_fun,ClayNS,ClayNS.cellInt_shift_fun,
RequestProject/NavierStokes/CellVanishing.lean,RequestProject.NavierStokes.CellVanishing,35,lemma,coord_decomp,ClayNS,ClayNS.coord_decomp,
RequestProject/NavierStokes/CellVanishing.lean,RequestProject.NavierStokes.CellVanishing,54,lemma,periodic_zsmul,ClayNS,ClayNS.periodic_zsmul,
RequestProject/NavierStokes/CellVanishing.lean,RequestProject.NavierStokes.CellVanishing,77,lemma,cell_subset_closure_interior,ClayNS,ClayNS.cell_subset_closure_interior,
RequestProject/NavierStokes/CellVanishing.lean,RequestProject.NavierStokes.CellVanishing,89,theorem,eq_zero_on_cell_of_cellInt_eq_zero,ClayNS,ClayNS.eq_zero_on_cell_of_cellInt_eq_zero,
RequestProject/NavierStokes/CellVanishing.lean,RequestProject.NavierStokes.CellVanishing,101,theorem,eq_zero_of_cellInt_eq_zero,ClayNS,ClayNS.eq_zero_of_cellInt_eq_zero,
RequestProject/NavierStokes/ClayPeriodic.lean,RequestProject.NavierStokes.ClayPeriodic,53,abbrev,E3,ClayNS,ClayNS.E3,
RequestProject/NavierStokes/ClayPeriodic.lean,RequestProject.NavierStokes.ClayPeriodic,56,abbrev,STime,ClayNS,ClayNS.STime,
RequestProject/NavierStokes/ClayPeriodic.lean,RequestProject.NavierStokes.ClayPeriodic,59,def,ee,ClayNS,ClayNS.ee,
RequestProject/NavierStokes/ClayPeriodic.lean,RequestProject.NavierStokes.ClayPeriodic,61,lemma,basis_expand,ClayNS,ClayNS.basis_expand,
RequestProject/NavierStokes/ClayPeriodic.lean,RequestProject.NavierStokes.ClayPeriodic,68,def,dtime,ClayNS,ClayNS.dtime,
RequestProject/NavierStokes/ClayPeriodic.lean,RequestProject.NavierStokes.ClayPeriodic,71,def,dspace,ClayNS,ClayNS.dspace,
RequestProject/NavierStokes/ClayPeriodic.lean,RequestProject.NavierStokes.ClayPeriodic,74,def,lap,ClayNS,ClayNS.lap,
RequestProject/NavierStokes/ClayPeriodic.lean,RequestProject.NavierStokes.ClayPeriodic,77,def,grad,ClayNS,ClayNS.grad,
RequestProject/NavierStokes/ClayPeriodic.lean,RequestProject.NavierStokes.ClayPeriodic,80,def,adv,ClayNS,ClayNS.adv,
RequestProject/NavierStokes/ClayPeriodic.lean,RequestProject.NavierStokes.ClayPeriodic,83,def,divg,ClayNS,ClayNS.divg,
RequestProject/NavierStokes/ClayPeriodic.lean,RequestProject.NavierStokes.ClayPeriodic,86,def,SpacePeriodic,ClayNS,ClayNS.SpacePeriodic,
RequestProject/NavierStokes/ClayPeriodic.lean,RequestProject.NavierStokes.ClayPeriodic,90,lemma,fderiv_space_vector,ClayNS,ClayNS.fderiv_space_vector,
RequestProject/NavierStokes/ClayPeriodic.lean,RequestProject.NavierStokes.ClayPeriodic,107,structure,IsNSSolution,ClayNS,ClayNS.IsNSSolution,
RequestProject/NavierStokes/ClayPeriodic.lean,RequestProject.NavierStokes.ClayPeriodic,117,structure,AdmissibleDatum,ClayNS,ClayNS.AdmissibleDatum,
RequestProject/NavierStokes/ClayPeriodic.lean,RequestProject.NavierStokes.ClayPeriodic,126,def,ClayPeriodicTargetB,ClayNS,ClayNS.ClayPeriodicTargetB,
RequestProject/NavierStokes/ClayPeriodic.lean,RequestProject.NavierStokes.ClayPeriodic,136,theorem,isNSSolution_const,ClayNS,ClayNS.isNSSolution_const,
RequestProject/NavierStokes/ClayPeriodic.lean,RequestProject.NavierStokes.ClayPeriodic,160,def,shiftCLM,ClayNS,ClayNS.shiftCLM,
RequestProject/NavierStokes/ClayPeriodic.lean,RequestProject.NavierStokes.ClayPeriodic,165,lemma,shiftCLM_apply,ClayNS,ClayNS.shiftCLM_apply,@[simp]
RequestProject/NavierStokes/ClayPeriodic.lean,RequestProject.NavierStokes.ClayPeriodic,169,def,galVel,ClayNS,ClayNS.galVel,
RequestProject/NavierStokes/ClayPeriodic.lean,RequestProject.NavierStokes.ClayPeriodic,172,def,galPres,ClayNS,ClayNS.galPres,
RequestProject/NavierStokes/ClayPeriodic.lean,RequestProject.NavierStokes.ClayPeriodic,176,lemma,fderiv_comp_shift,ClayNS,ClayNS.fderiv_comp_shift,
RequestProject/NavierStokes/ClayPeriodic.lean,RequestProject.NavierStokes.ClayPeriodic,182,lemma,fderiv_galVel,ClayNS,ClayNS.fderiv_galVel,
RequestProject/NavierStokes/ClayPeriodic.lean,RequestProject.NavierStokes.ClayPeriodic,186,lemma,dspace_comp,ClayNS,ClayNS.dspace_comp,
RequestProject/NavierStokes/ClayPeriodic.lean,RequestProject.NavierStokes.ClayPeriodic,191,lemma,dspace_galPres,ClayNS,ClayNS.dspace_galPres,
RequestProject/NavierStokes/ClayPeriodic.lean,RequestProject.NavierStokes.ClayPeriodic,196,lemma,dspace_galVel,ClayNS,ClayNS.dspace_galVel,
RequestProject/NavierStokes/ClayPeriodic.lean,RequestProject.NavierStokes.ClayPeriodic,202,lemma,dtime_galVel,ClayNS,ClayNS.dtime_galVel,
RequestProject/NavierStokes/ClayPeriodic.lean,RequestProject.NavierStokes.ClayPeriodic,214,lemma,lap_galVel,ClayNS,ClayNS.lap_galVel,
RequestProject/NavierStokes/ClayPeriodic.lean,RequestProject.NavierStokes.ClayPeriodic,234,lemma,grad_galPres,ClayNS,ClayNS.grad_galPres,
RequestProject/NavierStokes/ClayPeriodic.lean,RequestProject.NavierStokes.ClayPeriodic,240,lemma,adv_galVel,ClayNS,ClayNS.adv_galVel,
RequestProject/NavierStokes/ClayPeriodic.lean,RequestProject.NavierStokes.ClayPeriodic,251,lemma,divg_galVel,ClayNS,ClayNS.divg_galVel,
RequestProject/NavierStokes/ClayPeriodic.lean,RequestProject.NavierStokes.ClayPeriodic,263,theorem,isNSSolution_galileanShift,ClayNS,ClayNS.isNSSolution_galileanShift,
RequestProject/NavierStokes/ClayPeriodic.lean,RequestProject.NavierStokes.ClayPeriodic,299,lemma,galVel_initial,ClayNS,ClayNS.galVel_initial,@[simp]
RequestProject/NavierStokes/ClayPeriodic.lean,RequestProject.NavierStokes.ClayPeriodic,304,theorem,admissibleDatum_add_const,ClayNS,ClayNS.admissibleDatum_add_const,
RequestProject/NavierStokes/ClayPeriodic.lean,RequestProject.NavierStokes.ClayPeriodic,324,theorem,clayPeriodicTargetB_of_centred,ClayNS,ClayNS.clayPeriodicTargetB_of_centred,
RequestProject/NavierStokes/CoarseGrainedResolution.lean,RequestProject.NavierStokes.CoarseGrainedResolution,49,theorem,norm_fderiv_sq_add_le,ClayNS,ClayNS.norm_fderiv_sq_add_le,
RequestProject/NavierStokes/CoarseGrainedResolution.lean,RequestProject.NavierStokes.CoarseGrainedResolution,62,theorem,gradDensity_split_le,ClayNS,ClayNS.gradDensity_split_le,
RequestProject/NavierStokes/CoarseGrainedResolution.lean,RequestProject.NavierStokes.CoarseGrainedResolution,72,theorem,QgradCyl_mono,ClayNS,ClayNS.QgradCyl_mono,
RequestProject/NavierStokes/CoarseGrainedResolution.lean,RequestProject.NavierStokes.CoarseGrainedResolution,88,theorem,QgradCyl_two_add,ClayNS,ClayNS.QgradCyl_two_add,
RequestProject/NavierStokes/CoarseGrainedResolution.lean,RequestProject.NavierStokes.CoarseGrainedResolution,111,theorem,gradient_defect_coarse_resolution,ClayNS,ClayNS.gradient_defect_coarse_resolution,
RequestProject/NavierStokes/CoarseGrainedResolution.lean,RequestProject.NavierStokes.CoarseGrainedResolution,142,theorem,gradient_defect_dichotomy,ClayNS,ClayNS.gradient_defect_dichotomy,
RequestProject/NavierStokes/CoarseGrainedResolution.lean,RequestProject.NavierStokes.CoarseGrainedResolution,160,theorem,geometric_telescope_not_scale_exclusive,ClayNS,ClayNS.geometric_telescope_not_scale_exclusive,
RequestProject/NavierStokes/CompactCarrierBridge.lean,RequestProject.NavierStokes.CompactCarrierBridge,52,def,concBall,ClayNS,ClayNS.concBall,
RequestProject/NavierStokes/CompactCarrierBridge.lean,RequestProject.NavierStokes.CompactCarrierBridge,54,lemma,concBall_eq_closedBall,ClayNS,ClayNS.concBall_eq_closedBall,
RequestProject/NavierStokes/CompactCarrierBridge.lean,RequestProject.NavierStokes.CompactCarrierBridge,72,lemma,isClosed_concBall,ClayNS,ClayNS.isClosed_concBall,
RequestProject/NavierStokes/CompactCarrierBridge.lean,RequestProject.NavierStokes.CompactCarrierBridge,75,lemma,isCompact_concBall,ClayNS,ClayNS.isCompact_concBall,
RequestProject/NavierStokes/CompactCarrierBridge.lean,RequestProject.NavierStokes.CompactCarrierBridge,78,lemma,measurableSet_concBall,ClayNS,ClayNS.measurableSet_concBall,
RequestProject/NavierStokes/CompactCarrierBridge.lean,RequestProject.NavierStokes.CompactCarrierBridge,81,lemma,mem_concBall_iff,ClayNS,ClayNS.mem_concBall_iff,
RequestProject/NavierStokes/CompactCarrierBridge.lean,RequestProject.NavierStokes.CompactCarrierBridge,88,structure,BallCutoff,ClayNS,ClayNS.BallCutoff,
RequestProject/NavierStokes/CompactCarrierBridge.lean,RequestProject.NavierStokes.CompactCarrierBridge,108,lemma,gradBound_nonneg,ClayNS.BallCutoff,ClayNS.BallCutoff.gradBound_nonneg,
RequestProject/NavierStokes/CompactCarrierBridge.lean,RequestProject.NavierStokes.CompactCarrierBridge,111,lemma,support_subset,ClayNS.BallCutoff,ClayNS.BallCutoff.support_subset,
RequestProject/NavierStokes/CompactCarrierBridge.lean,RequestProject.NavierStokes.CompactCarrierBridge,117,lemma,hasCompactSupport,ClayNS.BallCutoff,ClayNS.BallCutoff.hasCompactSupport,
RequestProject/NavierStokes/CompactCarrierBridge.lean,RequestProject.NavierStokes.CompactCarrierBridge,123,def,carrier,ClayNS.BallCutoff,ClayNS.BallCutoff.carrier,
RequestProject/NavierStokes/CompactCarrierBridge.lean,RequestProject.NavierStokes.CompactCarrierBridge,125,lemma,carrier_contDiff,ClayNS.BallCutoff,ClayNS.BallCutoff.carrier_contDiff,
RequestProject/NavierStokes/CompactCarrierBridge.lean,RequestProject.NavierStokes.CompactCarrierBridge,129,lemma,carrier_hasCompactSupport,ClayNS.BallCutoff,ClayNS.BallCutoff.carrier_hasCompactSupport,
RequestProject/NavierStokes/CompactCarrierBridge.lean,RequestProject.NavierStokes.CompactCarrierBridge,133,lemma,carrier_zero_outside,ClayNS.BallCutoff,ClayNS.BallCutoff.carrier_zero_outside,
RequestProject/NavierStokes/CompactCarrierBridge.lean,RequestProject.NavierStokes.CompactCarrierBridge,139,lemma,carrier_fderiv_zero_outside,ClayNS.BallCutoff,ClayNS.BallCutoff.carrier_fderiv_zero_outside,
RequestProject/NavierStokes/CompactCarrierBridge.lean,RequestProject.NavierStokes.CompactCarrierBridge,149,lemma,carrier_fderiv_sq_le,ClayNS.BallCutoff,ClayNS.BallCutoff.carrier_fderiv_sq_le,
RequestProject/NavierStokes/CompactCarrierBridge.lean,RequestProject.NavierStokes.CompactCarrierBridge,191,theorem,exists_ballCutoff,ClayNS,ClayNS.exists_ballCutoff,
RequestProject/NavierStokes/CompactCarrierBridge.lean,RequestProject.NavierStokes.CompactCarrierBridge,223,theorem,cutoff_mass_le_weighted,ClayNS,ClayNS.cutoff_mass_le_weighted,
RequestProject/NavierStokes/CompactCarrierBridge.lean,RequestProject.NavierStokes.CompactCarrierBridge,266,theorem,cutoff_dissipation_le_weighted,ClayNS,ClayNS.cutoff_dissipation_le_weighted,
RequestProject/NavierStokes/CompactCarrierBridge.lean,RequestProject.NavierStokes.CompactCarrierBridge,353,theorem,compactCarrier_parabolic_gain,ClayNS,ClayNS.compactCarrier_parabolic_gain,
RequestProject/NavierStokes/CompactDivergence.lean,RequestProject.NavierStokes.CompactDivergence,33,lemma,abs_coord_le_norm,ClayNS,ClayNS.abs_coord_le_norm,
RequestProject/NavierStokes/CompactDivergence.lean,RequestProject.NavierStokes.CompactDivergence,42,lemma,integral_coord,ClayNS,ClayNS.integral_coord,
RequestProject/NavierStokes/CompactDivergence.lean,RequestProject.NavierStokes.CompactDivergence,49,theorem,integral_divergence_eq_zero_of_vanishing_outside,ClayNS,ClayNS.integral_divergence_eq_zero_of_vanishing_outside,
RequestProject/NavierStokes/ConcentratedWeightNoGo.lean,RequestProject.NavierStokes.ConcentratedWeightNoGo,68,def,adjointWeightEnergy,ClayNS,ClayNS.adjointWeightEnergy,
RequestProject/NavierStokes/ConcentratedWeightNoGo.lean,RequestProject.NavierStokes.ConcentratedWeightNoGo,71,def,adjointWeightDissip,ClayNS,ClayNS.adjointWeightDissip,
RequestProject/NavierStokes/ConcentratedWeightNoGo.lean,RequestProject.NavierStokes.ConcentratedWeightNoGo,75,lemma,dvec_time_of_adjointOp_eq_zero,ClayNS,ClayNS.dvec_time_of_adjointOp_eq_zero,
RequestProject/NavierStokes/ConcentratedWeightNoGo.lean,RequestProject.NavierStokes.ConcentratedWeightNoGo,86,lemma,cellInt_dvec_time_eq_zero,ClayNS,ClayNS.cellInt_dvec_time_eq_zero,
RequestProject/NavierStokes/ConcentratedWeightNoGo.lean,RequestProject.NavierStokes.ConcentratedWeightNoGo,117,theorem,cellInt_adjoint_weight_const,ClayNS,ClayNS.cellInt_adjoint_weight_const,
RequestProject/NavierStokes/ConcentratedWeightNoGo.lean,RequestProject.NavierStokes.ConcentratedWeightNoGo,131,theorem,hasDerivAt_adjointWeightEnergy,ClayNS,ClayNS.hasDerivAt_adjointWeightEnergy,
RequestProject/NavierStokes/ConcentratedWeightNoGo.lean,RequestProject.NavierStokes.ConcentratedWeightNoGo,184,lemma,adjointWeightVar_le_dissip,ClayNS,ClayNS.adjointWeightVar_le_dissip,
RequestProject/NavierStokes/ConcentratedWeightNoGo.lean,RequestProject.NavierStokes.ConcentratedWeightNoGo,206,lemma,adjointWeightDissip_le,ClayNS,ClayNS.adjointWeightDissip_le,
RequestProject/NavierStokes/ConcentratedWeightNoGo.lean,RequestProject.NavierStokes.ConcentratedWeightNoGo,227,lemma,adjointWeightVar_eq,ClayNS,ClayNS.adjointWeightVar_eq,
RequestProject/NavierStokes/ConcentratedWeightNoGo.lean,RequestProject.NavierStokes.ConcentratedWeightNoGo,248,theorem,eq_zero_of_bounded_of_deriv_ge,ClayNS,ClayNS.eq_zero_of_bounded_of_deriv_ge,
RequestProject/NavierStokes/ConcentratedWeightNoGo.lean,RequestProject.NavierStokes.ConcentratedWeightNoGo,295,theorem,adjoint_weight_eq_cell_mean,ClayNS,ClayNS.adjoint_weight_eq_cell_mean,
RequestProject/NavierStokes/ConcentratedWeightNoGo.lean,RequestProject.NavierStokes.ConcentratedWeightNoGo,358,theorem,not_concentratedAdjointWeightGate_of_lt_one,ClayNS,ClayNS.not_concentratedAdjointWeightGate_of_lt_one,
RequestProject/NavierStokes/Continuation.lean,RequestProject.NavierStokes.Continuation,36,lemma,stretching_bound,ClayNS,ClayNS.stretching_bound,
RequestProject/NavierStokes/Continuation.lean,RequestProject.NavierStokes.Continuation,63,def,production,ClayNS,ClayNS.production,
RequestProject/NavierStokes/Continuation.lean,RequestProject.NavierStokes.Continuation,67,lemma,continuous_production_slice,ClayNS,ClayNS.continuous_production_slice,
RequestProject/NavierStokes/Continuation.lean,RequestProject.NavierStokes.Continuation,79,theorem,enstrophy_production_le,ClayNS,ClayNS.enstrophy_production_le,
RequestProject/NavierStokes/Continuation.lean,RequestProject.NavierStokes.Continuation,109,theorem,enstrophy_gronwall,ClayNS,ClayNS.enstrophy_gronwall,
RequestProject/NavierStokes/Continuation.lean,RequestProject.NavierStokes.Continuation,166,theorem,enstrophy_gronwall_integral,ClayNS,ClayNS.enstrophy_gronwall_integral,
RequestProject/NavierStokes/CriticalElementRigidity.lean,RequestProject.NavierStokes.CriticalElementRigidity,79,theorem,exists_floor_of_compact_orbit,ClayNS.Waleffe,ClayNS.Waleffe.exists_floor_of_compact_orbit,
RequestProject/NavierStokes/CriticalElementRigidity.lean,RequestProject.NavierStokes.CriticalElementRigidity,89,theorem,false_of_positive_floor_of_budget,ClayNS.Waleffe,ClayNS.Waleffe.false_of_positive_floor_of_budget,
RequestProject/NavierStokes/CriticalElementRigidity.lean,RequestProject.NavierStokes.CriticalElementRigidity,117,theorem,critEnergy_sq_le_energy_mul_dissipation,ClayNS.Waleffe.GalerkinFlow,ClayNS.Waleffe.GalerkinFlow.critEnergy_sq_le_energy_mul_dissipation,
RequestProject/NavierStokes/CriticalElementRigidity.lean,RequestProject.NavierStokes.CriticalElementRigidity,144,theorem,energy_pos_of_critEnergy_pos,ClayNS.Waleffe.GalerkinFlow,ClayNS.Waleffe.GalerkinFlow.energy_pos_of_critEnergy_pos,
RequestProject/NavierStokes/CriticalElementRigidity.lean,RequestProject.NavierStokes.CriticalElementRigidity,155,theorem,dissipation_ge_of_critEnergy_floor,ClayNS.Waleffe.GalerkinFlow,ClayNS.Waleffe.GalerkinFlow.dissipation_ge_of_critEnergy_floor,
RequestProject/NavierStokes/CriticalElementRigidity.lean,RequestProject.NavierStokes.CriticalElementRigidity,168,theorem,time_mul_floor_le,ClayNS.Waleffe.GalerkinFlow,ClayNS.Waleffe.GalerkinFlow.time_mul_floor_le,
RequestProject/NavierStokes/CriticalElementRigidity.lean,RequestProject.NavierStokes.CriticalElementRigidity,183,theorem,lifetime_bound_of_critEnergy_floor,ClayNS.Waleffe.GalerkinFlow,ClayNS.Waleffe.GalerkinFlow.lifetime_bound_of_critEnergy_floor,
RequestProject/NavierStokes/CriticalElementRigidity.lean,RequestProject.NavierStokes.CriticalElementRigidity,206,theorem,no_eternal_critical_element,ClayNS.Waleffe.GalerkinFlow,ClayNS.Waleffe.GalerkinFlow.no_eternal_critical_element,
RequestProject/NavierStokes/CriticalElementRigidity.lean,RequestProject.NavierStokes.CriticalElementRigidity,219,theorem,exists_critEnergy_lt_of_long_interval,ClayNS.Waleffe.GalerkinFlow,ClayNS.Waleffe.GalerkinFlow.exists_critEnergy_lt_of_long_interval,
RequestProject/NavierStokes/CriticalElementRigidity.lean,RequestProject.NavierStokes.CriticalElementRigidity,230,theorem,integral_critEnergy_sq_le,ClayNS.Waleffe.GalerkinFlow,ClayNS.Waleffe.GalerkinFlow.integral_critEnergy_sq_le,
RequestProject/NavierStokes/CriticalElementRigidity.lean,RequestProject.NavierStokes.CriticalElementRigidity,255,theorem,integral_le_of_pointwise_critEnergy_dissipation_bound,ClayNS.Waleffe.GalerkinFlow,ClayNS.Waleffe.GalerkinFlow.integral_le_of_pointwise_critEnergy_dissipation_bound,
RequestProject/NavierStokes/CriticalElementRigidity.lean,RequestProject.NavierStokes.CriticalElementRigidity,280,theorem,critEnergy_eq_zero_of_energy_eq_zero,ClayNS.Waleffe.GalerkinFlow,ClayNS.Waleffe.GalerkinFlow.critEnergy_eq_zero_of_energy_eq_zero,
RequestProject/NavierStokes/CriticalElementRigidity.lean,RequestProject.NavierStokes.CriticalElementRigidity,292,theorem,volume_critEnergy_ge_le,ClayNS.Waleffe.GalerkinFlow,ClayNS.Waleffe.GalerkinFlow.volume_critEnergy_ge_le,
RequestProject/NavierStokes/CriticalElementRigidity.lean,RequestProject.NavierStokes.CriticalElementRigidity,353,theorem,lifetime_bound_of_frequency_cascade,ClayNS.Waleffe.GalerkinFlow,ClayNS.Waleffe.GalerkinFlow.lifetime_bound_of_frequency_cascade,
RequestProject/NavierStokes/CriticalElementRigidity.lean,RequestProject.NavierStokes.CriticalElementRigidity,377,def,dissipationOf,ClayNS.Waleffe.GalerkinFlow,ClayNS.Waleffe.GalerkinFlow.dissipationOf,
RequestProject/NavierStokes/CriticalElementRigidity.lean,RequestProject.NavierStokes.CriticalElementRigidity,380,theorem,continuous_dissipationOf,ClayNS.Waleffe.GalerkinFlow,ClayNS.Waleffe.GalerkinFlow.continuous_dissipationOf,
RequestProject/NavierStokes/CriticalElementRigidity.lean,RequestProject.NavierStokes.CriticalElementRigidity,386,theorem,dissipationOf_u,ClayNS.Waleffe.GalerkinFlow,ClayNS.Waleffe.GalerkinFlow.dissipationOf_u,
RequestProject/NavierStokes/CriticalElementRigidity.lean,RequestProject.NavierStokes.CriticalElementRigidity,393,theorem,no_compact_orbit_of_positive_dissipation,ClayNS.Waleffe.GalerkinFlow,ClayNS.Waleffe.GalerkinFlow.no_compact_orbit_of_positive_dissipation,
RequestProject/NavierStokes/CriticalGradientMonotonicity.lean,RequestProject.NavierStokes.CriticalGradientMonotonicity,65,def,cylEnergy,ClayNS,ClayNS.cylEnergy,
RequestProject/NavierStokes/CriticalGradientMonotonicity.lean,RequestProject.NavierStokes.CriticalGradientMonotonicity,68,lemma,QgradCyl_eq_inv_mul_cylEnergy,ClayNS,ClayNS.QgradCyl_eq_inv_mul_cylEnergy,
RequestProject/NavierStokes/CriticalGradientMonotonicity.lean,RequestProject.NavierStokes.CriticalGradientMonotonicity,73,def,QgradCylDeriv,ClayNS,ClayNS.QgradCylDeriv,
RequestProject/NavierStokes/CriticalGradientMonotonicity.lean,RequestProject.NavierStokes.CriticalGradientMonotonicity,80,theorem,hasDerivAt_QgradCyl_of_cylEnergy,ClayNS,ClayNS.hasDerivAt_QgradCyl_of_cylEnergy,
RequestProject/NavierStokes/CriticalGradientMonotonicity.lean,RequestProject.NavierStokes.CriticalGradientMonotonicity,95,theorem,rmul_QgradCylDeriv,ClayNS,ClayNS.rmul_QgradCylDeriv,
RequestProject/NavierStokes/CriticalGradientMonotonicity.lean,RequestProject.NavierStokes.CriticalGradientMonotonicity,107,theorem,critical_frequency_of_dissipation_growth,ClayNS,ClayNS.critical_frequency_of_dissipation_growth,
RequestProject/NavierStokes/CriticalGradientMonotonicity.lean,RequestProject.NavierStokes.CriticalGradientMonotonicity,115,theorem,dissipation_growth_of_critical_frequency,ClayNS,ClayNS.dissipation_growth_of_critical_frequency,
RequestProject/NavierStokes/CriticalGradientMonotonicity.lean,RequestProject.NavierStokes.CriticalGradientMonotonicity,129,theorem,defect_propagates_of_dissipation_growth,ClayNS,ClayNS.defect_propagates_of_dissipation_growth,
RequestProject/NavierStokes/CriticalGradientMonotonicity.lean,RequestProject.NavierStokes.CriticalGradientMonotonicity,151,theorem,totalDefect_le_of_dissipation,ClayNS,ClayNS.totalDefect_le_of_dissipation,
RequestProject/NavierStokes/CriticalGradientMonotonicity.lean,RequestProject.NavierStokes.CriticalGradientMonotonicity,180,theorem,naive_defect_bound_degenerates,ClayNS,ClayNS.naive_defect_bound_degenerates,
RequestProject/NavierStokes/CriticalSimonUpgradeObligations.lean,RequestProject.NavierStokes.CriticalSimonUpgradeObligations,37,def,sobolevSq,ClayNS.Waleffe,ClayNS.Waleffe.sobolevSq,
RequestProject/NavierStokes/CriticalSimonUpgradeObligations.lean,RequestProject.NavierStokes.CriticalSimonUpgradeObligations,41,def,sobolevNorm,ClayNS.Waleffe,ClayNS.Waleffe.sobolevNorm,
RequestProject/NavierStokes/CriticalSimonUpgradeObligations.lean,RequestProject.NavierStokes.CriticalSimonUpgradeObligations,49,def,dt,ClayNS.Waleffe.GalerkinFlow,ClayNS.Waleffe.GalerkinFlow.dt,
RequestProject/NavierStokes/CriticalSimonUpgradeObligations.lean,RequestProject.NavierStokes.CriticalSimonUpgradeObligations,59,def,CriticalTimeRegularity,ClayNS.Waleffe,ClayNS.Waleffe.CriticalTimeRegularity,
RequestProject/NavierStokes/CriticalSimonUpgradeObligations.lean,RequestProject.NavierStokes.CriticalSimonUpgradeObligations,68,def,StrongCriticalCompactness,ClayNS.Waleffe,ClayNS.Waleffe.StrongCriticalCompactness,
RequestProject/NavierStokes/CriticalSimonUpgradeObligations.lean,RequestProject.NavierStokes.CriticalSimonUpgradeObligations,82,def,CriticalBarrierLowerSemicontinuity,ClayNS.Waleffe,ClayNS.Waleffe.CriticalBarrierLowerSemicontinuity,
RequestProject/NavierStokes/CutoffDilationProbe.lean,RequestProject.NavierStokes.CutoffDilationProbe,42,def,radWeight,ClayNS,ClayNS.radWeight,
RequestProject/NavierStokes/CutoffDilationProbe.lean,RequestProject.NavierStokes.CutoffDilationProbe,44,lemma,radWeight_apply,ClayNS,ClayNS.radWeight_apply,@[simp]
RequestProject/NavierStokes/CutoffDilationProbe.lean,RequestProject.NavierStokes.CutoffDilationProbe,48,lemma,contDiff_radWeight,ClayNS,ClayNS.contDiff_radWeight,
RequestProject/NavierStokes/CutoffDilationProbe.lean,RequestProject.NavierStokes.CutoffDilationProbe,69,lemma,fderiv_radWeight_self,ClayNS,ClayNS.fderiv_radWeight_self,
RequestProject/NavierStokes/CutoffDilationProbe.lean,RequestProject.NavierStokes.CutoffDilationProbe,83,lemma,scaleResidual_radWeight,ClayNS,ClayNS.scaleResidual_radWeight,
RequestProject/NavierStokes/CutoffDilationProbe.lean,RequestProject.NavierStokes.CutoffDilationProbe,91,def,cutProfile,ClayNS,ClayNS.cutProfile,
RequestProject/NavierStokes/CutoffDilationProbe.lean,RequestProject.NavierStokes.CutoffDilationProbe,94,def,cutProfile',ClayNS,ClayNS.cutProfile',
RequestProject/NavierStokes/CutoffDilationProbe.lean,RequestProject.NavierStokes.CutoffDilationProbe,96,lemma,hasDerivAt_cutProfile_of_ne,ClayNS,ClayNS.hasDerivAt_cutProfile_of_ne,
RequestProject/NavierStokes/CutoffDilationProbe.lean,RequestProject.NavierStokes.CutoffDilationProbe,107,lemma,cutProfile_eq_zero,ClayNS,ClayNS.cutProfile_eq_zero,
RequestProject/NavierStokes/CutoffDilationProbe.lean,RequestProject.NavierStokes.CutoffDilationProbe,110,lemma,cutProfile'_eq_zero,ClayNS,ClayNS.cutProfile'_eq_zero,
RequestProject/NavierStokes/CutoffDilationProbe.lean,RequestProject.NavierStokes.CutoffDilationProbe,116,lemma,hasDerivAt_cutProfile,ClayNS,ClayNS.hasDerivAt_cutProfile,
RequestProject/NavierStokes/CutoffDilationProbe.lean,RequestProject.NavierStokes.CutoffDilationProbe,131,lemma,scaleResidual_cutProfile,ClayNS,ClayNS.scaleResidual_cutProfile,
RequestProject/NavierStokes/CutoffDilationProbe.lean,RequestProject.NavierStokes.CutoffDilationProbe,146,theorem,cutoff_dilation_probe_adjoint,ClayNS,ClayNS.cutoff_dilation_probe_adjoint,
RequestProject/NavierStokes/DeGiorgiIteration.lean,RequestProject.NavierStokes.DeGiorgiIteration,46,theorem,deGiorgi_fast_convergence,ClayNS,ClayNS.deGiorgi_fast_convergence,
RequestProject/NavierStokes/DeGiorgiIteration.lean,RequestProject.NavierStokes.DeGiorgiIteration,126,theorem,deGiorgi_tendsto_zero,ClayNS,ClayNS.deGiorgi_tendsto_zero,
RequestProject/NavierStokes/DeGiorgiIteration.lean,RequestProject.NavierStokes.DeGiorgiIteration,153,lemma,geomSum_le_inv_one_sub,ClayNS,ClayNS.geomSum_le_inv_one_sub,
RequestProject/NavierStokes/DeGiorgiIteration.lean,RequestProject.NavierStokes.DeGiorgiIteration,179,theorem,holeFilling_iteration,ClayNS,ClayNS.holeFilling_iteration,
RequestProject/NavierStokes/DeGiorgiOscillationAssembly.lean,RequestProject.NavierStokes.DeGiorgiOscillationAssembly,72,lemma,deGiorgiLevel_le,ClayNS,ClayNS.deGiorgiLevel_le,
RequestProject/NavierStokes/DeGiorgiOscillationAssembly.lean,RequestProject.NavierStokes.DeGiorgiOscillationAssembly,81,lemma,levelEnergy_limit_le,ClayNS,ClayNS.levelEnergy_limit_le,
RequestProject/NavierStokes/DeGiorgiOscillationAssembly.lean,RequestProject.NavierStokes.DeGiorgiOscillationAssembly,108,theorem,ae_le_of_levelEnergy_tendsto_zero,ClayNS,ClayNS.ae_le_of_levelEnergy_tendsto_zero,
RequestProject/NavierStokes/DeGiorgiOscillationAssembly.lean,RequestProject.NavierStokes.DeGiorgiOscillationAssembly,139,theorem,deGiorgi_ae_le_of_embedding,ClayNS,ClayNS.deGiorgi_ae_le_of_embedding,
RequestProject/NavierStokes/DeGiorgiOscillationAssembly.lean,RequestProject.NavierStokes.DeGiorgiOscillationAssembly,164,lemma,norm_le_of_forall_unit_inner_le,ClayNS,ClayNS.norm_le_of_forall_unit_inner_le,
RequestProject/NavierStokes/DeGiorgiOscillationAssembly.lean,RequestProject.NavierStokes.DeGiorgiOscillationAssembly,179,theorem,oscOn_le_of_forall_direction,ClayNS,ClayNS.oscOn_le_of_forall_direction,
RequestProject/NavierStokes/DeGiorgiOscillationAssembly.lean,RequestProject.NavierStokes.DeGiorgiOscillationAssembly,192,lemma,inner_sub_le_oscOn,ClayNS,ClayNS.inner_sub_le_oscOn,
RequestProject/NavierStokes/DeGiorgiOscillationAssembly.lean,RequestProject.NavierStokes.DeGiorgiOscillationAssembly,214,theorem,oscOn_contract_of_directional_dichotomy,ClayNS,ClayNS.oscOn_contract_of_directional_dichotomy,
RequestProject/NavierStokes/DeGiorgiOscillationAssembly.lean,RequestProject.NavierStokes.DeGiorgiOscillationAssembly,239,lemma,parCyl_subset,ClayNS,ClayNS.parCyl_subset,
RequestProject/NavierStokes/DeGiorgiOscillationAssembly.lean,RequestProject.NavierStokes.DeGiorgiOscillationAssembly,250,def,OscDichotomy,ClayNS,ClayNS.OscDichotomy,
RequestProject/NavierStokes/DeGiorgiOscillationAssembly.lean,RequestProject.NavierStokes.DeGiorgiOscillationAssembly,258,theorem,unit_step_of_dichotomy,ClayNS,ClayNS.unit_step_of_dichotomy,
RequestProject/NavierStokes/DeGiorgiOscillationAssembly.lean,RequestProject.NavierStokes.DeGiorgiOscillationAssembly,271,theorem,scaleInvariant_modulus_oscillation_contraction,ClayNS,ClayNS.scaleInvariant_modulus_oscillation_contraction,
RequestProject/NavierStokes/DeGiorgiOscillationAssembly.lean,RequestProject.NavierStokes.DeGiorgiOscillationAssembly,284,theorem,ancient_constant_of_directional_dichotomy,ClayNS,ClayNS.ancient_constant_of_directional_dichotomy,
RequestProject/NavierStokes/DeGiorgiOscillationAssembly.lean,RequestProject.NavierStokes.DeGiorgiOscillationAssembly,298,theorem,false_of_defect_and_directional_dichotomy,ClayNS,ClayNS.false_of_defect_and_directional_dichotomy,
RequestProject/NavierStokes/DeGiorgiOscillationAssembly.lean,RequestProject.NavierStokes.DeGiorgiOscillationAssembly,317,lemma,le_of_ae_le_restrict_of_continuous,ClayNS,ClayNS.le_of_ae_le_restrict_of_continuous,
RequestProject/NavierStokes/DeGiorgiOscillationAssembly.lean,RequestProject.NavierStokes.DeGiorgiOscillationAssembly,341,lemma,parCyl_subset_closure_interior,ClayNS,ClayNS.parCyl_subset_closure_interior,
RequestProject/NavierStokes/DeGiorgiOscillationAssembly.lean,RequestProject.NavierStokes.DeGiorgiOscillationAssembly,385,theorem,oscDichotomy_of_ae_dichotomy,ClayNS,ClayNS.oscDichotomy_of_ae_dichotomy,
RequestProject/NavierStokes/DeGiorgiRecurrence.lean,RequestProject.NavierStokes.DeGiorgiRecurrence,56,def,levelSet,ClayNS,ClayNS.levelSet,
RequestProject/NavierStokes/DeGiorgiRecurrence.lean,RequestProject.NavierStokes.DeGiorgiRecurrence,59,def,levelEnergy,ClayNS,ClayNS.levelEnergy,
RequestProject/NavierStokes/DeGiorgiRecurrence.lean,RequestProject.NavierStokes.DeGiorgiRecurrence,63,def,levelMeasure,ClayNS,ClayNS.levelMeasure,
RequestProject/NavierStokes/DeGiorgiRecurrence.lean,RequestProject.NavierStokes.DeGiorgiRecurrence,65,lemma,measurableSet_levelSet,ClayNS,ClayNS.measurableSet_levelSet,
RequestProject/NavierStokes/DeGiorgiRecurrence.lean,RequestProject.NavierStokes.DeGiorgiRecurrence,69,lemma,levelSet_subset,ClayNS,ClayNS.levelSet_subset,
RequestProject/NavierStokes/DeGiorgiRecurrence.lean,RequestProject.NavierStokes.DeGiorgiRecurrence,72,lemma,levelMeasure_nonneg,ClayNS,ClayNS.levelMeasure_nonneg,
RequestProject/NavierStokes/DeGiorgiRecurrence.lean,RequestProject.NavierStokes.DeGiorgiRecurrence,75,lemma,levelEnergy_nonneg,ClayNS,ClayNS.levelEnergy_nonneg,
RequestProject/NavierStokes/DeGiorgiRecurrence.lean,RequestProject.NavierStokes.DeGiorgiRecurrence,81,lemma,memLp_sub_sq,ClayNS,ClayNS.memLp_sub_sq,
RequestProject/NavierStokes/DeGiorgiRecurrence.lean,RequestProject.NavierStokes.DeGiorgiRecurrence,101,theorem,chebyshev_levelMeasure,ClayNS,ClayNS.chebyshev_levelMeasure,
RequestProject/NavierStokes/DeGiorgiRecurrence.lean,RequestProject.NavierStokes.DeGiorgiRecurrence,131,theorem,hoelder_levelEnergy,ClayNS,ClayNS.hoelder_levelEnergy,
RequestProject/NavierStokes/DeGiorgiRecurrence.lean,RequestProject.NavierStokes.DeGiorgiRecurrence,160,theorem,deGiorgi_level_step,ClayNS,ClayNS.deGiorgi_level_step,
RequestProject/NavierStokes/DeGiorgiRecurrence.lean,RequestProject.NavierStokes.DeGiorgiRecurrence,206,theorem,deGiorgi_recurrence_extraction,ClayNS,ClayNS.deGiorgi_recurrence_extraction,
RequestProject/NavierStokes/DeGiorgiRecurrence.lean,RequestProject.NavierStokes.DeGiorgiRecurrence,268,theorem,deGiorgi_recurrence_tendsto_zero,ClayNS,ClayNS.deGiorgi_recurrence_tendsto_zero,
RequestProject/NavierStokes/DeGiorgiRecurrence.lean,RequestProject.NavierStokes.DeGiorgiRecurrence,292,def,deGiorgiLevel,ClayNS,ClayNS.deGiorgiLevel,
RequestProject/NavierStokes/DeGiorgiRecurrence.lean,RequestProject.NavierStokes.DeGiorgiRecurrence,294,lemma,four_rpow_eq_two_rpow_sq,ClayNS,ClayNS.four_rpow_eq_two_rpow_sq,
RequestProject/NavierStokes/DeGiorgiRecurrence.lean,RequestProject.NavierStokes.DeGiorgiRecurrence,298,lemma,deGiorgiLevel_gap,ClayNS,ClayNS.deGiorgiLevel_gap,
RequestProject/NavierStokes/DeGiorgiRecurrence.lean,RequestProject.NavierStokes.DeGiorgiRecurrence,308,theorem,chebyshev_deGiorgiLevel,ClayNS,ClayNS.chebyshev_deGiorgiLevel,
RequestProject/NavierStokes/DeGiorgiRecurrence.lean,RequestProject.NavierStokes.DeGiorgiRecurrence,342,theorem,deGiorgi_level_step_measure,ClayNS,ClayNS.deGiorgi_level_step_measure,
RequestProject/NavierStokes/DeGiorgiRecurrence.lean,RequestProject.NavierStokes.DeGiorgiRecurrence,368,theorem,deGiorgi_dyadic_recurrence,ClayNS,ClayNS.deGiorgi_dyadic_recurrence,
RequestProject/NavierStokes/DilationProbeExistence.lean,RequestProject.NavierStokes.DilationProbeExistence,56,def,tailSet,ClayNS,ClayNS.tailSet,
RequestProject/NavierStokes/DilationProbeExistence.lean,RequestProject.NavierStokes.DilationProbeExistence,58,lemma,measurableSet_tailSet,ClayNS,ClayNS.measurableSet_tailSet,
RequestProject/NavierStokes/DilationProbeExistence.lean,RequestProject.NavierStokes.DilationProbeExistence,62,lemma,antitone_tailSet,ClayNS,ClayNS.antitone_tailSet,
RequestProject/NavierStokes/DilationProbeExistence.lean,RequestProject.NavierStokes.DilationProbeExistence,70,lemma,iInter_tailSet_subset,ClayNS,ClayNS.iInter_tailSet_subset,
RequestProject/NavierStokes/DilationProbeExistence.lean,RequestProject.NavierStokes.DilationProbeExistence,88,theorem,exists_tail_mass_le,ClayNS,ClayNS.exists_tail_mass_le,
RequestProject/NavierStokes/DilationProbeExistence.lean,RequestProject.NavierStokes.DilationProbeExistence,100,lemma,plateauCut'_eq_zero_left,ClayNS,ClayNS.plateauCut'_eq_zero_left,
RequestProject/NavierStokes/DilationProbeExistence.lean,RequestProject.NavierStokes.DilationProbeExistence,106,lemma,plateauCut'_eq_zero_right,ClayNS,ClayNS.plateauCut'_eq_zero_right,
RequestProject/NavierStokes/DilationProbeExistence.lean,RequestProject.NavierStokes.DilationProbeExistence,116,theorem,exists_dyadic_plateau_cutoff,ClayNS,ClayNS.exists_dyadic_plateau_cutoff,
RequestProject/NavierStokes/DilationProbeExistence.lean,RequestProject.NavierStokes.DilationProbeExistence,165,lemma,continuous_radPair,ClayNS,ClayNS.continuous_radPair,
RequestProject/NavierStokes/DilationProbeExistence.lean,RequestProject.NavierStokes.DilationProbeExistence,170,lemma,measurable_massDensity,ClayNS,ClayNS.measurable_massDensity,
RequestProject/NavierStokes/DilationProbeExistence.lean,RequestProject.NavierStokes.DilationProbeExistence,175,lemma,dilProbe_cutProfile,ClayNS,ClayNS.dilProbe_cutProfile,
RequestProject/NavierStokes/DilationProbeExistence.lean,RequestProject.NavierStokes.DilationProbeExistence,190,theorem,exists_small_residual_dilation_probe,ClayNS,ClayNS.exists_small_residual_dilation_probe,
RequestProject/NavierStokes/DyadicCascade.lean,RequestProject.NavierStokes.DyadicCascade,62,def,cascadeSteps,ClayNS,ClayNS.cascadeSteps,
RequestProject/NavierStokes/DyadicCascade.lean,RequestProject.NavierStokes.DyadicCascade,67,def,cascadeStart,ClayNS,ClayNS.cascadeStart,
RequestProject/NavierStokes/DyadicCascade.lean,RequestProject.NavierStokes.DyadicCascade,71,lemma,cascadeStart_div_pow,ClayNS,ClayNS.cascadeStart_div_pow,
RequestProject/NavierStokes/DyadicCascade.lean,RequestProject.NavierStokes.DyadicCascade,77,lemma,cascadeStart_pos,ClayNS,ClayNS.cascadeStart_pos,
RequestProject/NavierStokes/DyadicCascade.lean,RequestProject.NavierStokes.DyadicCascade,81,lemma,rpow_logb_div_three,ClayNS,ClayNS.rpow_logb_div_three,
RequestProject/NavierStokes/DyadicCascade.lean,RequestProject.NavierStokes.DyadicCascade,90,lemma,cascadeStart_mem_Ico,ClayNS,ClayNS.cascadeStart_mem_Ico,
RequestProject/NavierStokes/DyadicCascade.lean,RequestProject.NavierStokes.DyadicCascade,119,lemma,tendsto_cascadeSteps_atTop,ClayNS,ClayNS.tendsto_cascadeSteps_atTop,
RequestProject/NavierStokes/DyadicCascade.lean,RequestProject.NavierStokes.DyadicCascade,129,theorem,cascade_of_losses,ClayNS,ClayNS.cascade_of_losses,
RequestProject/NavierStokes/DyadicCascade.lean,RequestProject.NavierStokes.DyadicCascade,144,theorem,cascade_persistence_of_small_total_loss,ClayNS,ClayNS.cascade_persistence_of_small_total_loss,
RequestProject/NavierStokes/DyadicCascade.lean,RequestProject.NavierStokes.DyadicCascade,151,theorem,cascade_geometric,ClayNS,ClayNS.cascade_geometric,
RequestProject/NavierStokes/DyadicCascade.lean,RequestProject.NavierStokes.DyadicCascade,169,theorem,geometric_guarantee_tendsto_zero,ClayNS,ClayNS.geometric_guarantee_tendsto_zero,
RequestProject/NavierStokes/DyadicCascade.lean,RequestProject.NavierStokes.DyadicCascade,177,theorem,cascade_monotone_loss,ClayNS,ClayNS.cascade_monotone_loss,
RequestProject/NavierStokes/DyadicCascade.lean,RequestProject.NavierStokes.DyadicCascade,185,theorem,cascade_superlinear_threshold,ClayNS,ClayNS.cascade_superlinear_threshold,
RequestProject/NavierStokes/DyadicCascade.lean,RequestProject.NavierStokes.DyadicCascade,210,theorem,superlinear_threshold_fails_eventually,ClayNS,ClayNS.superlinear_threshold_fails_eventually,
RequestProject/NavierStokes/DynamicDefectReduction.lean,RequestProject.NavierStokes.DynamicDefectReduction,40,def,DynamicVelocityScaleDefect,ClayNS,ClayNS.DynamicVelocityScaleDefect,
RequestProject/NavierStokes/DynamicDefectReduction.lean,RequestProject.NavierStokes.DynamicDefectReduction,46,lemma,inv_div,ClayNS,ClayNS.inv_div,
RequestProject/NavierStokes/DynamicDefectReduction.lean,RequestProject.NavierStokes.DynamicDefectReduction,53,theorem,unit_scale_defect_of_dynamicDefect,ClayNS,ClayNS.unit_scale_defect_of_dynamicDefect,
RequestProject/NavierStokes/DynamicDefectReduction.lean,RequestProject.NavierStokes.DynamicDefectReduction,71,theorem,unit_scale_flat_of_velocity_scale_flat,ClayNS,ClayNS.unit_scale_flat_of_velocity_scale_flat,
RequestProject/NavierStokes/EnergyIdentity.lean,RequestProject.NavierStokes.EnergyIdentity,39,def,quad,ClayNS,ClayNS.quad,
RequestProject/NavierStokes/EnergyIdentity.lean,RequestProject.NavierStokes.EnergyIdentity,42,def,kin,ClayNS,ClayNS.kin,
RequestProject/NavierStokes/EnergyIdentity.lean,RequestProject.NavierStokes.EnergyIdentity,45,def,ens,ClayNS,ClayNS.ens,
RequestProject/NavierStokes/EnergyIdentity.lean,RequestProject.NavierStokes.EnergyIdentity,47,lemma,contDiff_quad,ClayNS,ClayNS.contDiff_quad,
RequestProject/NavierStokes/EnergyIdentity.lean,RequestProject.NavierStokes.EnergyIdentity,52,lemma,dvec_quad,ClayNS,ClayNS.dvec_quad,
RequestProject/NavierStokes/EnergyIdentity.lean,RequestProject.NavierStokes.EnergyIdentity,77,lemma,lap_quad,ClayNS,ClayNS.lap_quad,
RequestProject/NavierStokes/EnergyIdentity.lean,RequestProject.NavierStokes.EnergyIdentity,106,theorem,transported_quadratic_identity_at,ClayNS,ClayNS.transported_quadratic_identity_at,
RequestProject/NavierStokes/EnergyIdentity.lean,RequestProject.NavierStokes.EnergyIdentity,164,theorem,transported_quadratic_identity,ClayNS,ClayNS.transported_quadratic_identity,
RequestProject/NavierStokes/EnergyIdentity.lean,RequestProject.NavierStokes.EnergyIdentity,184,theorem,local_energy_identity,ClayNS,ClayNS.local_energy_identity,
RequestProject/NavierStokes/EnergyIdentity.lean,RequestProject.NavierStokes.EnergyIdentity,205,theorem,pressure_work_divergence_at,ClayNS,ClayNS.pressure_work_divergence_at,
RequestProject/NavierStokes/EnergyIdentity.lean,RequestProject.NavierStokes.EnergyIdentity,232,theorem,pressure_work_divergence,ClayNS,ClayNS.pressure_work_divergence,
RequestProject/NavierStokes/EnergyIdentity.lean,RequestProject.NavierStokes.EnergyIdentity,248,theorem,local_enstrophy_identity,ClayNS,ClayNS.local_enstrophy_identity,
RequestProject/NavierStokes/EnergyScaleDefect.lean,RequestProject.NavierStokes.EnergyScaleDefect,41,def,unitBallVol,ClayNS,ClayNS.unitBallVol,
RequestProject/NavierStokes/EnergyScaleDefect.lean,RequestProject.NavierStokes.EnergyScaleDefect,43,lemma,unitBallVol_pos,ClayNS,ClayNS.unitBallVol_pos,
RequestProject/NavierStokes/EnergyScaleDefect.lean,RequestProject.NavierStokes.EnergyScaleDefect,46,lemma,volume_ball_toReal,ClayNS,ClayNS.volume_ball_toReal,
RequestProject/NavierStokes/EnergyScaleDefect.lean,RequestProject.NavierStokes.EnergyScaleDefect,53,lemma,measureReal_ball,ClayNS,ClayNS.measureReal_ball,
RequestProject/NavierStokes/EnergyScaleDefect.lean,RequestProject.NavierStokes.EnergyScaleDefect,63,theorem,oscOn_ge_of_local_energy,ClayNS,ClayNS.oscOn_ge_of_local_energy,
RequestProject/NavierStokes/EnergyScaleDefect.lean,RequestProject.NavierStokes.EnergyScaleDefect,89,theorem,energy_scale_defect,ClayNS,ClayNS.energy_scale_defect,
RequestProject/NavierStokes/EnergyScaleDefect.lean,RequestProject.NavierStokes.EnergyScaleDefect,114,lemma,plateau_budget_velocity_scale,ClayNS,ClayNS.plateau_budget_velocity_scale,
RequestProject/NavierStokes/EnergyScaleDefect.lean,RequestProject.NavierStokes.EnergyScaleDefect,122,theorem,energy_criterion_vacuous_at_velocity_scale,ClayNS,ClayNS.energy_criterion_vacuous_at_velocity_scale,
RequestProject/NavierStokes/EnergyScaleDefect.lean,RequestProject.NavierStokes.EnergyScaleDefect,134,def,plateauField,ClayNS,ClayNS.plateauField,
RequestProject/NavierStokes/EnergyScaleDefect.lean,RequestProject.NavierStokes.EnergyScaleDefect,137,lemma,continuous_plateauField,ClayNS,ClayNS.continuous_plateauField,
RequestProject/NavierStokes/EnergyScaleDefect.lean,RequestProject.NavierStokes.EnergyScaleDefect,142,lemma,plateauField_of_mem_ball,ClayNS,ClayNS.plateauField_of_mem_ball,
RequestProject/NavierStokes/EnergyScaleDefect.lean,RequestProject.NavierStokes.EnergyScaleDefect,151,lemma,plateauField_zero_of_far,ClayNS,ClayNS.plateauField_zero_of_far,
RequestProject/NavierStokes/EnergyScaleDefect.lean,RequestProject.NavierStokes.EnergyScaleDefect,157,lemma,norm_plateauField_le,ClayNS,ClayNS.norm_plateauField_le,
RequestProject/NavierStokes/EnergyScaleDefect.lean,RequestProject.NavierStokes.EnergyScaleDefect,167,theorem,oscOn_plateauField,ClayNS,ClayNS.oscOn_plateauField,
RequestProject/NavierStokes/EnergyScaleDefect.lean,RequestProject.NavierStokes.EnergyScaleDefect,178,theorem,plateau_local_energy_le,ClayNS,ClayNS.plateau_local_energy_le,
RequestProject/NavierStokes/EnergyScaleDefect.lean,RequestProject.NavierStokes.EnergyScaleDefect,215,theorem,exists_velocity_scale_plateau,ClayNS,ClayNS.exists_velocity_scale_plateau,
RequestProject/NavierStokes/EnstrophyDissipation.lean,RequestProject.NavierStokes.EnstrophyDissipation,35,lemma,vorticity_sq_identity,ClayNS,ClayNS.vorticity_sq_identity,
RequestProject/NavierStokes/EnstrophyDissipation.lean,RequestProject.NavierStokes.EnstrophyDissipation,42,lemma,dspace_eq_dvec_coord,ClayNS,ClayNS.dspace_eq_dvec_coord,
RequestProject/NavierStokes/EnstrophyDissipation.lean,RequestProject.NavierStokes.EnstrophyDissipation,46,lemma,vortComp_eq_dvec,ClayNS,ClayNS.vortComp_eq_dvec,
RequestProject/NavierStokes/EnstrophyDissipation.lean,RequestProject.NavierStokes.EnstrophyDissipation,56,theorem,cellInt_cross_gradient_eq_zero,ClayNS,ClayNS.cellInt_cross_gradient_eq_zero,
RequestProject/NavierStokes/EnstrophyDissipation.lean,RequestProject.NavierStokes.EnstrophyDissipation,127,theorem,cellInt_gradSq_eq_two_enstrophy,ClayNS,ClayNS.cellInt_gradSq_eq_two_enstrophy,
RequestProject/NavierStokes/EnstrophyDissipation.lean,RequestProject.NavierStokes.EnstrophyDissipation,189,theorem,energy_balance_enstrophy,ClayNS,ClayNS.energy_balance_enstrophy,
RequestProject/NavierStokes/EnstrophyDissipation.lean,RequestProject.NavierStokes.EnstrophyDissipation,202,theorem,energy_enstrophy_integral,ClayNS,ClayNS.energy_enstrophy_integral,
RequestProject/NavierStokes/ExactSolution.lean,RequestProject.NavierStokes.ExactSolution,33,def,tc,ClayNS,ClayNS.tc,
RequestProject/NavierStokes/ExactSolution.lean,RequestProject.NavierStokes.ExactSolution,37,def,zc,ClayNS,ClayNS.zc,
RequestProject/NavierStokes/ExactSolution.lean,RequestProject.NavierStokes.ExactSolution,39,lemma,tc_apply,ClayNS,ClayNS.tc_apply,@[simp]
RequestProject/NavierStokes/ExactSolution.lean,RequestProject.NavierStokes.ExactSolution,41,lemma,zc_apply,ClayNS,ClayNS.zc_apply,@[simp]
RequestProject/NavierStokes/ExactSolution.lean,RequestProject.NavierStokes.ExactSolution,45,lemma,hasFDerivAt_expLin,ClayNS,ClayNS.hasFDerivAt_expLin,
RequestProject/NavierStokes/ExactSolution.lean,RequestProject.NavierStokes.ExactSolution,53,lemma,hasFDerivAt_sinLin,ClayNS,ClayNS.hasFDerivAt_sinLin,
RequestProject/NavierStokes/ExactSolution.lean,RequestProject.NavierStokes.ExactSolution,61,lemma,hasFDerivAt_cosLin,ClayNS,ClayNS.hasFDerivAt_cosLin,
RequestProject/NavierStokes/ExactSolution.lean,RequestProject.NavierStokes.ExactSolution,70,lemma,contDiff_expLin,ClayNS,ClayNS.contDiff_expLin,
RequestProject/NavierStokes/ExactSolution.lean,RequestProject.NavierStokes.ExactSolution,73,lemma,contDiff_sinLin,ClayNS,ClayNS.contDiff_sinLin,
RequestProject/NavierStokes/ExactSolution.lean,RequestProject.NavierStokes.ExactSolution,76,lemma,contDiff_cosLin,ClayNS,ClayNS.contDiff_cosLin,
RequestProject/NavierStokes/ExactSolution.lean,RequestProject.NavierStokes.ExactSolution,82,def,kk,ClayNS,ClayNS.kk,
RequestProject/NavierStokes/ExactSolution.lean,RequestProject.NavierStokes.ExactSolution,85,def,shearScalar,ClayNS,ClayNS.shearScalar,
RequestProject/NavierStokes/ExactSolution.lean,RequestProject.NavierStokes.ExactSolution,89,def,shearDz,ClayNS,ClayNS.shearDz,
RequestProject/NavierStokes/ExactSolution.lean,RequestProject.NavierStokes.ExactSolution,93,def,shearVel,ClayNS,ClayNS.shearVel,
RequestProject/NavierStokes/ExactSolution.lean,RequestProject.NavierStokes.ExactSolution,96,def,shearPres,ClayNS,ClayNS.shearPres,
RequestProject/NavierStokes/ExactSolution.lean,RequestProject.NavierStokes.ExactSolution,98,lemma,contDiff_shearScalar,ClayNS,ClayNS.contDiff_shearScalar,
RequestProject/NavierStokes/ExactSolution.lean,RequestProject.NavierStokes.ExactSolution,101,lemma,contDiff_shearDz,ClayNS,ClayNS.contDiff_shearDz,
RequestProject/NavierStokes/ExactSolution.lean,RequestProject.NavierStokes.ExactSolution,104,lemma,contDiff_shearVel,ClayNS,ClayNS.contDiff_shearVel,
RequestProject/NavierStokes/ExactSolution.lean,RequestProject.NavierStokes.ExactSolution,107,lemma,hasFDerivAt_shearScalar,ClayNS,ClayNS.hasFDerivAt_shearScalar,
RequestProject/NavierStokes/ExactSolution.lean,RequestProject.NavierStokes.ExactSolution,113,lemma,hasFDerivAt_shearDz,ClayNS,ClayNS.hasFDerivAt_shearDz,
RequestProject/NavierStokes/ExactSolution.lean,RequestProject.NavierStokes.ExactSolution,122,lemma,dtime_shearScalar,ClayNS,ClayNS.dtime_shearScalar,
RequestProject/NavierStokes/ExactSolution.lean,RequestProject.NavierStokes.ExactSolution,128,lemma,dspace_shearScalar_zero,ClayNS,ClayNS.dspace_shearScalar_zero,
RequestProject/NavierStokes/ExactSolution.lean,RequestProject.NavierStokes.ExactSolution,133,lemma,dspace_shearScalar_one,ClayNS,ClayNS.dspace_shearScalar_one,
RequestProject/NavierStokes/ExactSolution.lean,RequestProject.NavierStokes.ExactSolution,138,lemma,dspace_shearScalar_two,ClayNS,ClayNS.dspace_shearScalar_two,
RequestProject/NavierStokes/ExactSolution.lean,RequestProject.NavierStokes.ExactSolution,143,lemma,dspace_shearDz_two,ClayNS,ClayNS.dspace_shearDz_two,
RequestProject/NavierStokes/ExactSolution.lean,RequestProject.NavierStokes.ExactSolution,151,lemma,dspace_smul_const,ClayNS,ClayNS.dspace_smul_const,
RequestProject/NavierStokes/ExactSolution.lean,RequestProject.NavierStokes.ExactSolution,157,lemma,dtime_smul_const,ClayNS,ClayNS.dtime_smul_const,
RequestProject/NavierStokes/ExactSolution.lean,RequestProject.NavierStokes.ExactSolution,162,lemma,dspace_shearVel_zero,ClayNS,ClayNS.dspace_shearVel_zero,
RequestProject/NavierStokes/ExactSolution.lean,RequestProject.NavierStokes.ExactSolution,169,lemma,dspace_shearVel_one,ClayNS,ClayNS.dspace_shearVel_one,
RequestProject/NavierStokes/ExactSolution.lean,RequestProject.NavierStokes.ExactSolution,176,lemma,dspace_shearVel_two,ClayNS,ClayNS.dspace_shearVel_two,
RequestProject/NavierStokes/ExactSolution.lean,RequestProject.NavierStokes.ExactSolution,182,lemma,dtime_shearVel,ClayNS,ClayNS.dtime_shearVel,
RequestProject/NavierStokes/ExactSolution.lean,RequestProject.NavierStokes.ExactSolution,188,lemma,lap_shearVel,ClayNS,ClayNS.lap_shearVel,
RequestProject/NavierStokes/ExactSolution.lean,RequestProject.NavierStokes.ExactSolution,209,lemma,adv_shearVel,ClayNS,ClayNS.adv_shearVel,
RequestProject/NavierStokes/ExactSolution.lean,RequestProject.NavierStokes.ExactSolution,219,lemma,divg_shearVel,ClayNS,ClayNS.divg_shearVel,
RequestProject/NavierStokes/ExactSolution.lean,RequestProject.NavierStokes.ExactSolution,231,lemma,grad_shearPres,ClayNS,ClayNS.grad_shearPres,
RequestProject/NavierStokes/ExactSolution.lean,RequestProject.NavierStokes.ExactSolution,242,lemma,shearScalar_periodic,ClayNS,ClayNS.shearScalar_periodic,
RequestProject/NavierStokes/ExactSolution.lean,RequestProject.NavierStokes.ExactSolution,257,lemma,shearVel_periodic,ClayNS,ClayNS.shearVel_periodic,
RequestProject/NavierStokes/ExactSolution.lean,RequestProject.NavierStokes.ExactSolution,262,lemma,shearPres_periodic,ClayNS,ClayNS.shearPres_periodic,
RequestProject/NavierStokes/ExactSolution.lean,RequestProject.NavierStokes.ExactSolution,269,theorem,isNSSolution_shearWave,ClayNS,ClayNS.isNSSolution_shearWave,
RequestProject/NavierStokes/ExactSolution.lean,RequestProject.NavierStokes.ExactSolution,283,theorem,admissibleDatum_shearWave,ClayNS,ClayNS.admissibleDatum_shearWave,
RequestProject/NavierStokes/ExactSolution.lean,RequestProject.NavierStokes.ExactSolution,313,theorem,shearWave_ne_const,ClayNS,ClayNS.shearWave_ne_const,
RequestProject/NavierStokes/ExpenditureInstantiation.lean,RequestProject.NavierStokes.ExpenditureInstantiation,42,theorem,coercive_expenditure_scaleInvariant,ClayNS,ClayNS.coercive_expenditure_scaleInvariant,
RequestProject/NavierStokes/ExpenditureLedger.lean,RequestProject.NavierStokes.ExpenditureLedger,68,theorem,coercive_expenditure_le,ClayNS,ClayNS.coercive_expenditure_le,
RequestProject/NavierStokes/ExpenditureLedger.lean,RequestProject.NavierStokes.ExpenditureLedger,80,theorem,shell_expenditure_le,ClayNS,ClayNS.shell_expenditure_le,
RequestProject/NavierStokes/ExpenditureLedger.lean,RequestProject.NavierStokes.ExpenditureLedger,94,def,geoTail,ClayNS,ClayNS.geoTail,
RequestProject/NavierStokes/ExpenditureLedger.lean,RequestProject.NavierStokes.ExpenditureLedger,96,lemma,geoTail_nonneg,ClayNS,ClayNS.geoTail_nonneg,
RequestProject/NavierStokes/ExpenditureLedger.lean,RequestProject.NavierStokes.ExpenditureLedger,100,lemma,geoTail_antitone,ClayNS,ClayNS.geoTail_antitone,
RequestProject/NavierStokes/ExpenditureLedger.lean,RequestProject.NavierStokes.ExpenditureLedger,107,lemma,geoTail_shift,ClayNS,ClayNS.geoTail_shift,
RequestProject/NavierStokes/ExpenditureLedger.lean,RequestProject.NavierStokes.ExpenditureLedger,114,lemma,two_rpow_neg_lt_one,ClayNS,ClayNS.two_rpow_neg_lt_one,
RequestProject/NavierStokes/ExpenditureLedger.lean,RequestProject.NavierStokes.ExpenditureLedger,117,lemma,two_rpow_neg_pos,ClayNS,ClayNS.two_rpow_neg_pos,
RequestProject/NavierStokes/ExpenditureLedger.lean,RequestProject.NavierStokes.ExpenditureLedger,122,theorem,geoTail_tsum_eq,ClayNS,ClayNS.geoTail_tsum_eq,
RequestProject/NavierStokes/ExpenditureLedger.lean,RequestProject.NavierStokes.ExpenditureLedger,136,theorem,geoTail_tendsto_zero,ClayNS,ClayNS.geoTail_tendsto_zero,
RequestProject/NavierStokes/ExpenditureLedger.lean,RequestProject.NavierStokes.ExpenditureLedger,157,theorem,exists_scale_geoTail_tsum_le,ClayNS,ClayNS.exists_scale_geoTail_tsum_le,
RequestProject/NavierStokes/ExpenditureLedger.lean,RequestProject.NavierStokes.ExpenditureLedger,177,theorem,residence_charge_sum,ClayNS,ClayNS.residence_charge_sum,
RequestProject/NavierStokes/ExpenditureLedger.lean,RequestProject.NavierStokes.ExpenditureLedger,191,theorem,residence_time_le_of_charge,ClayNS,ClayNS.residence_time_le_of_charge,
RequestProject/NavierStokes/FarPressureKernelExpenditure.lean,RequestProject.NavierStokes.FarPressureKernelExpenditure,56,def,tailKernel,ClayNS,ClayNS.tailKernel,
RequestProject/NavierStokes/FarPressureKernelExpenditure.lean,RequestProject.NavierStokes.FarPressureKernelExpenditure,58,lemma,tailKernel_nonneg,ClayNS,ClayNS.tailKernel_nonneg,
RequestProject/NavierStokes/FarPressureKernelExpenditure.lean,RequestProject.NavierStokes.FarPressureKernelExpenditure,66,lemma,tail_polar_eqOn,ClayNS,ClayNS.tail_polar_eqOn,
RequestProject/NavierStokes/FarPressureKernelExpenditure.lean,RequestProject.NavierStokes.FarPressureKernelExpenditure,78,lemma,integrable_tailKernel,ClayNS,ClayNS.integrable_tailKernel,
RequestProject/NavierStokes/FarPressureKernelExpenditure.lean,RequestProject.NavierStokes.FarPressureKernelExpenditure,91,theorem,integral_tailKernel,ClayNS,ClayNS.integral_tailKernel,
RequestProject/NavierStokes/FarPressureKernelExpenditure.lean,RequestProject.NavierStokes.FarPressureKernelExpenditure,127,theorem,far_pressure_kernel_expenditure,ClayNS,ClayNS.far_pressure_kernel_expenditure,
RequestProject/NavierStokes/FarPressureKernelExpenditure.lean,RequestProject.NavierStokes.FarPressureKernelExpenditure,175,theorem,far_pressure_kernel_expenditure_tendsto,ClayNS,ClayNS.far_pressure_kernel_expenditure_tendsto,
RequestProject/NavierStokes/FiniteExpenditureMomentRigidity.lean,RequestProject.NavierStokes.FiniteExpenditureMomentRigidity,44,def,HeadBoundedStationary,ClayNS,ClayNS.HeadBoundedStationary,
RequestProject/NavierStokes/FiniteExpenditureMomentRigidity.lean,RequestProject.NavierStokes.FiniteExpenditureMomentRigidity,50,theorem,headBounded_stationary_eq_zero,ClayNS,ClayNS.headBounded_stationary_eq_zero,
RequestProject/NavierStokes/FiniteExpenditureMomentRigidity.lean,RequestProject.NavierStokes.FiniteExpenditureMomentRigidity,64,theorem,finite_projective_expenditure_headBounded_rigidity,ClayNS,ClayNS.finite_projective_expenditure_headBounded_rigidity,
RequestProject/NavierStokes/FiniteExpenditureSmallReynoldsRigidity.lean,RequestProject.NavierStokes.FiniteExpenditureSmallReynoldsRigidity,39,def,SmallReynoldsStationary,ClayNS,ClayNS.SmallReynoldsStationary,
RequestProject/NavierStokes/FiniteExpenditureSmallReynoldsRigidity.lean,RequestProject.NavierStokes.FiniteExpenditureSmallReynoldsRigidity,45,theorem,smallReynolds_stationary_eq_zero,ClayNS,ClayNS.smallReynolds_stationary_eq_zero,
RequestProject/NavierStokes/FiniteExpenditureSmallReynoldsRigidity.lean,RequestProject.NavierStokes.FiniteExpenditureSmallReynoldsRigidity,58,theorem,finite_projective_expenditure_smallReynolds_rigidity,ClayNS,ClayNS.finite_projective_expenditure_smallReynolds_rigidity,
RequestProject/NavierStokes/FiniteProjectiveExpenditure.lean,RequestProject.NavierStokes.FiniteProjectiveExpenditure,56,theorem,projective_speed_eq_transverse_div_amp,ClayNS,ClayNS.projective_speed_eq_transverse_div_amp,
RequestProject/NavierStokes/FiniteProjectiveExpenditure.lean,RequestProject.NavierStokes.FiniteProjectiveExpenditure,70,theorem,projective_expenditure_of_transverse_expenditure,ClayNS,ClayNS.projective_expenditure_of_transverse_expenditure,
RequestProject/NavierStokes/FiniteProjectiveExpenditure.lean,RequestProject.NavierStokes.FiniteProjectiveExpenditure,97,theorem,exists_small_value_of_finite_expenditure,ClayNS,ClayNS.exists_small_value_of_finite_expenditure,
RequestProject/NavierStokes/FiniteProjectiveExpenditure.lean,RequestProject.NavierStokes.FiniteProjectiveExpenditure,128,theorem,exists_seq_tendsto_zero_of_finite_expenditure,ClayNS,ClayNS.exists_seq_tendsto_zero_of_finite_expenditure,
RequestProject/NavierStokes/FiniteProjectiveExpenditure.lean,RequestProject.NavierStokes.FiniteProjectiveExpenditure,164,theorem,finite_projective_expenditure_ancient_rigidity,ClayNS,ClayNS.finite_projective_expenditure_ancient_rigidity,
RequestProject/NavierStokes/FrequencyAlmostMonotone.lean,RequestProject.NavierStokes.FrequencyAlmostMonotone,70,theorem,weightedScale_lower_of_almost_frequency_le,ClayNS,ClayNS.weightedScale_lower_of_almost_frequency_le,
RequestProject/NavierStokes/FrequencyAlmostMonotone.lean,RequestProject.NavierStokes.FrequencyAlmostMonotone,121,theorem,almostMonotone_defect_propagates,ClayNS,ClayNS.almostMonotone_defect_propagates,
RequestProject/NavierStokes/FrequencyAlmostMonotone.lean,RequestProject.NavierStokes.FrequencyAlmostMonotone,142,theorem,velocityScaleDefect_of_almostMonotone,ClayNS,ClayNS.velocityScaleDefect_of_almostMonotone,
RequestProject/NavierStokes/FrequencyAlmostMonotone.lean,RequestProject.NavierStokes.FrequencyAlmostMonotone,158,theorem,dynamicVelocityScaleDefect_of_almostMonotone,ClayNS,ClayNS.dynamicVelocityScaleDefect_of_almostMonotone,
RequestProject/NavierStokes/FrequencyAlmostMonotone.lean,RequestProject.NavierStokes.FrequencyAlmostMonotone,171,theorem,cascade_multiplicative_persistence,ClayNS,ClayNS.cascade_multiplicative_persistence,
RequestProject/NavierStokes/FrequencyDoubling.lean,RequestProject.NavierStokes.FrequencyDoubling,66,def,weightedScale,ClayNS,ClayNS.weightedScale,
RequestProject/NavierStokes/FrequencyDoubling.lean,RequestProject.NavierStokes.FrequencyDoubling,71,theorem,weightedScale_antitoneOn_of_frequency_le,ClayNS,ClayNS.weightedScale_antitoneOn_of_frequency_le,
RequestProject/NavierStokes/FrequencyDoubling.lean,RequestProject.NavierStokes.FrequencyDoubling,134,theorem,doubling_of_frequency_le,ClayNS,ClayNS.doubling_of_frequency_le,
RequestProject/NavierStokes/FrequencyDoubling.lean,RequestProject.NavierStokes.FrequencyDoubling,155,theorem,frequency_cascade_guarantee_tendsto_zero,ClayNS,ClayNS.frequency_cascade_guarantee_tendsto_zero,
RequestProject/NavierStokes/FrequencyDoubling.lean,RequestProject.NavierStokes.FrequencyDoubling,164,theorem,weightedScale_defect_propagates,ClayNS,ClayNS.weightedScale_defect_propagates,
RequestProject/NavierStokes/FrequencyDoubling.lean,RequestProject.NavierStokes.FrequencyDoubling,183,theorem,velocityScaleDefect_of_scaleAntitone,ClayNS,ClayNS.velocityScaleDefect_of_scaleAntitone,
RequestProject/NavierStokes/FrequencyDoubling.lean,RequestProject.NavierStokes.FrequencyDoubling,194,theorem,velocityScaleDefect_of_dyadic_cascade,ClayNS,ClayNS.velocityScaleDefect_of_dyadic_cascade,
RequestProject/NavierStokes/FrequencyDoubling.lean,RequestProject.NavierStokes.FrequencyDoubling,216,theorem,dynamicVelocityScaleDefect_of_cascade,ClayNS,ClayNS.dynamicVelocityScaleDefect_of_cascade,
RequestProject/NavierStokes/FrontierGatesAdjoint.lean,RequestProject.NavierStokes.FrontierGatesAdjoint,65,def,AdjointDefectWeightGate,ClayNS,ClayNS.AdjointDefectWeightGate,
RequestProject/NavierStokes/FrontierGatesAdjoint.lean,RequestProject.NavierStokes.FrontierGatesAdjoint,76,theorem,adjoint_caccioppoli_budget_of_weight_gate,ClayNS,ClayNS.adjoint_caccioppoli_budget_of_weight_gate,
RequestProject/NavierStokes/FrontierGatesAdjoint.lean,RequestProject.NavierStokes.FrontierGatesAdjoint,115,def,IncrementStretchingDepletionGate,ClayNS,ClayNS.IncrementStretchingDepletionGate,
RequestProject/NavierStokes/FrontierGatesAdjoint.lean,RequestProject.NavierStokes.FrontierGatesAdjoint,126,theorem,incrementStretchingDepletion_exponent_zero,ClayNS,ClayNS.incrementStretchingDepletion_exponent_zero,
RequestProject/NavierStokes/FrontierGatesAdjoint.lean,RequestProject.NavierStokes.FrontierGatesAdjoint,142,theorem,adjointDefectWeightGate_const,ClayNS,ClayNS.adjointDefectWeightGate_const,
RequestProject/NavierStokes/FrontierGatesAdjoint.lean,RequestProject.NavierStokes.FrontierGatesAdjoint,162,def,ConcentratedAdjointWeightGate,ClayNS,ClayNS.ConcentratedAdjointWeightGate,
RequestProject/NavierStokes/FrontierGatesAdjoint.lean,RequestProject.NavierStokes.FrontierGatesAdjoint,175,theorem,concentratedAdjointWeightGate_one,ClayNS,ClayNS.concentratedAdjointWeightGate_one,
RequestProject/NavierStokes/GalerkinExistence.lean,RequestProject.NavierStokes.GalerkinExistence,36,def,dissip,ClayNS.GalerkinODE,ClayNS.GalerkinODE.dissip,
RequestProject/NavierStokes/GalerkinExistence.lean,RequestProject.NavierStokes.GalerkinExistence,41,def,wsqSum,ClayNS.GalerkinODE,ClayNS.GalerkinODE.wsqSum,
RequestProject/NavierStokes/GalerkinExistence.lean,RequestProject.NavierStokes.GalerkinExistence,43,theorem,dissip_nonneg,ClayNS.GalerkinODE,ClayNS.GalerkinODE.dissip_nonneg,
RequestProject/NavierStokes/GalerkinExistence.lean,RequestProject.NavierStokes.GalerkinExistence,46,theorem,wsqSum_nonneg,ClayNS.GalerkinODE,ClayNS.GalerkinODE.wsqSum_nonneg,
RequestProject/NavierStokes/GalerkinExistence.lean,RequestProject.NavierStokes.GalerkinExistence,50,theorem,dissip_le_wsqSum_mul_en,ClayNS.GalerkinODE,ClayNS.GalerkinODE.dissip_le_wsqSum_mul_en,
RequestProject/NavierStokes/GalerkinExistence.lean,RequestProject.NavierStokes.GalerkinExistence,67,theorem,en_hasDerivAt_of_solution,ClayNS.GalerkinODE,ClayNS.GalerkinODE.en_hasDerivAt_of_solution,
RequestProject/NavierStokes/GalerkinExistence.lean,RequestProject.NavierStokes.GalerkinExistence,157,theorem,en_deriv_bounds,ClayNS.GalerkinODE,ClayNS.GalerkinODE.en_deriv_bounds,
RequestProject/NavierStokes/GalerkinExistence.lean,RequestProject.NavierStokes.GalerkinExistence,176,theorem,en_le_exp_of_solution,ClayNS.GalerkinODE,ClayNS.GalerkinODE.en_le_exp_of_solution,
RequestProject/NavierStokes/GalerkinExistence.lean,RequestProject.NavierStokes.GalerkinExistence,303,theorem,exists_global_solution,ClayNS.GalerkinODE,ClayNS.GalerkinODE.exists_global_solution,
RequestProject/NavierStokes/GalerkinExistence.lean,RequestProject.NavierStokes.GalerkinExistence,426,theorem,exists_galerkinFlow,ClayNS.GalerkinODE,ClayNS.GalerkinODE.exists_galerkinFlow,
RequestProject/NavierStokes/GalerkinExistence.lean,RequestProject.NavierStokes.GalerkinExistence,452,theorem,exists_nonzero_galerkinFlow,ClayNS.GalerkinODE,ClayNS.GalerkinODE.exists_nonzero_galerkinFlow,
RequestProject/NavierStokes/GalerkinGramFlux.lean,RequestProject.NavierStokes.GalerkinGramFlux,63,theorem,exists_damped_forced,ClayNS.GalerkinFlux,ClayNS.GalerkinFlux.exists_damped_forced,
RequestProject/NavierStokes/GalerkinGramFlux.lean,RequestProject.NavierStokes.GalerkinGramFlux,91,theorem,continuous_leray_of,ClayNS.GalerkinFlux,ClayNS.GalerkinFlux.continuous_leray_of,
RequestProject/NavierStokes/GalerkinGramFlux.lean,RequestProject.NavierStokes.GalerkinGramFlux,98,theorem,continuous_rawKernel_of,ClayNS.GalerkinFlux,ClayNS.GalerkinFlux.continuous_rawKernel_of,
RequestProject/NavierStokes/GalerkinGramFlux.lean,RequestProject.NavierStokes.GalerkinGramFlux,110,theorem,continuous_innerForcing,ClayNS.GalerkinFlux,ClayNS.GalerkinFlux.continuous_innerForcing,
RequestProject/NavierStokes/GalerkinGramFlux.lean,RequestProject.NavierStokes.GalerkinGramFlux,118,theorem,continuous_outCells,ClayNS.GalerkinFlux,ClayNS.GalerkinFlux.continuous_outCells,
RequestProject/NavierStokes/GalerkinGramFlux.lean,RequestProject.NavierStokes.GalerkinGramFlux,129,theorem,continuous_form_of,ClayNS.GalerkinFlux,ClayNS.GalerkinFlux.continuous_form_of,
RequestProject/NavierStokes/GalerkinGramFlux.lean,RequestProject.NavierStokes.GalerkinGramFlux,134,theorem,continuous_gramRemainder_of,ClayNS.GalerkinFlux,ClayNS.GalerkinFlux.continuous_gramRemainder_of,
RequestProject/NavierStokes/GalerkinGramFlux.lean,RequestProject.NavierStokes.GalerkinGramFlux,142,theorem,continuous_resForm_of,ClayNS.GalerkinFlux,ClayNS.GalerkinFlux.continuous_resForm_of,
RequestProject/NavierStokes/GalerkinGramFlux.lean,RequestProject.NavierStokes.GalerkinGramFlux,157,theorem,exists_outCell_family,ClayNS.GalerkinFlux,ClayNS.GalerkinFlux.exists_outCell_family,
RequestProject/NavierStokes/GalerkinGramFlux.lean,RequestProject.NavierStokes.GalerkinGramFlux,181,theorem,galerkin_gram_flux_identity,ClayNS.GalerkinFlux,ClayNS.GalerkinFlux.galerkin_gram_flux_identity,
RequestProject/NavierStokes/GalerkinGramFlux.lean,RequestProject.NavierStokes.GalerkinGramFlux,220,theorem,galerkin_signed_gram_bound,ClayNS.GalerkinFlux,ClayNS.GalerkinFlux.galerkin_signed_gram_bound,
RequestProject/NavierStokes/GalerkinGramFlux.lean,RequestProject.NavierStokes.GalerkinGramFlux,279,theorem,exists_flow_with_flux_identity,ClayNS.GalerkinFlux,ClayNS.GalerkinFlux.exists_flow_with_flux_identity,
RequestProject/NavierStokes/GalerkinInvariants.lean,RequestProject.NavierStokes.GalerkinInvariants,40,def,coordCLM,ClayNS.GalerkinODE,ClayNS.GalerkinODE.coordCLM,
RequestProject/NavierStokes/GalerkinInvariants.lean,RequestProject.NavierStokes.GalerkinInvariants,44,theorem,hasDerivAt_coord,ClayNS.GalerkinODE,ClayNS.GalerkinODE.hasDerivAt_coord,
RequestProject/NavierStokes/GalerkinInvariants.lean,RequestProject.NavierStokes.GalerkinInvariants,50,theorem,wsq_ne_zero_of_mem,ClayNS.GalerkinODE,ClayNS.GalerkinODE.wsq_ne_zero_of_mem,
RequestProject/NavierStokes/GalerkinInvariants.lean,RequestProject.NavierStokes.GalerkinInvariants,69,theorem,herm_wC_modalForcing,ClayNS.GalerkinODE,ClayNS.GalerkinODE.herm_wC_modalForcing,
RequestProject/NavierStokes/GalerkinInvariants.lean,RequestProject.NavierStokes.GalerkinInvariants,81,theorem,herm_wC_spread_of_not_mem,ClayNS.GalerkinODE,ClayNS.GalerkinODE.herm_wC_spread_of_not_mem,
RequestProject/NavierStokes/GalerkinInvariants.lean,RequestProject.NavierStokes.GalerkinInvariants,89,theorem,transverse_of_solution,ClayNS.GalerkinODE,ClayNS.GalerkinODE.transverse_of_solution,
RequestProject/NavierStokes/GalerkinInvariants.lean,RequestProject.NavierStokes.GalerkinInvariants,174,theorem,wsq_neg,ClayNS.GalerkinODE,ClayNS.GalerkinODE.wsq_neg,
RequestProject/NavierStokes/GalerkinInvariants.lean,RequestProject.NavierStokes.GalerkinInvariants,180,def,reflSt,ClayNS.GalerkinODE,ClayNS.GalerkinODE.reflSt,
RequestProject/NavierStokes/GalerkinInvariants.lean,RequestProject.NavierStokes.GalerkinInvariants,183,theorem,spread_reflSt,ClayNS.GalerkinODE,ClayNS.GalerkinODE.spread_reflSt,
RequestProject/NavierStokes/GalerkinInvariants.lean,RequestProject.NavierStokes.GalerkinInvariants,196,theorem,advection_reflect,ClayNS.GalerkinODE,ClayNS.GalerkinODE.advection_reflect,
RequestProject/NavierStokes/GalerkinInvariants.lean,RequestProject.NavierStokes.GalerkinInvariants,228,theorem,leray_reflect,ClayNS.GalerkinODE,ClayNS.GalerkinODE.leray_reflect,
RequestProject/NavierStokes/GalerkinInvariants.lean,RequestProject.NavierStokes.GalerkinInvariants,242,theorem,modalForcing_reflect,ClayNS.GalerkinODE,ClayNS.GalerkinODE.modalForcing_reflect,
RequestProject/NavierStokes/GalerkinInvariants.lean,RequestProject.NavierStokes.GalerkinInvariants,254,theorem,vfield_reflSt,ClayNS.GalerkinODE,ClayNS.GalerkinODE.vfield_reflSt,
RequestProject/NavierStokes/GalerkinInvariants.lean,RequestProject.NavierStokes.GalerkinInvariants,273,theorem,en_reflSt,ClayNS.GalerkinODE,ClayNS.GalerkinODE.en_reflSt,
RequestProject/NavierStokes/GalerkinInvariants.lean,RequestProject.NavierStokes.GalerkinInvariants,286,theorem,tvfield_reflSt,ClayNS.GalerkinODE,ClayNS.GalerkinODE.tvfield_reflSt,
RequestProject/NavierStokes/GalerkinInvariants.lean,RequestProject.NavierStokes.GalerkinInvariants,295,def,reflCLM,ClayNS.GalerkinODE,ClayNS.GalerkinODE.reflCLM,
RequestProject/NavierStokes/GalerkinInvariants.lean,RequestProject.NavierStokes.GalerkinInvariants,307,theorem,reflCLM_apply,ClayNS.GalerkinODE,ClayNS.GalerkinODE.reflCLM_apply,@[simp]
RequestProject/NavierStokes/GalerkinInvariants.lean,RequestProject.NavierStokes.GalerkinInvariants,313,theorem,reality_of_solution,ClayNS.GalerkinODE,ClayNS.GalerkinODE.reality_of_solution,
RequestProject/NavierStokes/GalerkinInvariants.lean,RequestProject.NavierStokes.GalerkinInvariants,333,theorem,reality_spread,ClayNS.GalerkinODE,ClayNS.GalerkinODE.reality_spread,
RequestProject/NavierStokes/GalerkinStateSpace.lean,RequestProject.NavierStokes.GalerkinStateSpace,47,abbrev,State,ClayNS.GalerkinODE,ClayNS.GalerkinODE.State,
RequestProject/NavierStokes/GalerkinStateSpace.lean,RequestProject.NavierStokes.GalerkinStateSpace,50,def,spread,ClayNS.GalerkinODE,ClayNS.GalerkinODE.spread,
RequestProject/NavierStokes/GalerkinStateSpace.lean,RequestProject.NavierStokes.GalerkinStateSpace,55,theorem,spread_of_mem,ClayNS.GalerkinODE,ClayNS.GalerkinODE.spread_of_mem,@[simp]
RequestProject/NavierStokes/GalerkinStateSpace.lean,RequestProject.NavierStokes.GalerkinStateSpace,58,theorem,spread_coe,ClayNS.GalerkinODE,ClayNS.GalerkinODE.spread_coe,@[simp]
RequestProject/NavierStokes/GalerkinStateSpace.lean,RequestProject.NavierStokes.GalerkinStateSpace,62,theorem,spread_of_not_mem,ClayNS.GalerkinODE,ClayNS.GalerkinODE.spread_of_not_mem,
RequestProject/NavierStokes/GalerkinStateSpace.lean,RequestProject.NavierStokes.GalerkinStateSpace,69,theorem,contDiff_spread_coord,ClayNS.GalerkinODE,ClayNS.GalerkinODE.contDiff_spread_coord,
RequestProject/NavierStokes/GalerkinStateSpace.lean,RequestProject.NavierStokes.GalerkinStateSpace,82,def,vfield,ClayNS.GalerkinODE,ClayNS.GalerkinODE.vfield,
RequestProject/NavierStokes/GalerkinStateSpace.lean,RequestProject.NavierStokes.GalerkinStateSpace,88,theorem,vfield_apply,ClayNS.GalerkinODE,ClayNS.GalerkinODE.vfield_apply,
RequestProject/NavierStokes/GalerkinStateSpace.lean,RequestProject.NavierStokes.GalerkinStateSpace,99,theorem,contDiff_vfield,ClayNS.GalerkinODE,ClayNS.GalerkinODE.contDiff_vfield,
RequestProject/NavierStokes/GalerkinStateSpace.lean,RequestProject.NavierStokes.GalerkinStateSpace,128,def,en,ClayNS.GalerkinODE,ClayNS.GalerkinODE.en,
RequestProject/NavierStokes/GalerkinStateSpace.lean,RequestProject.NavierStokes.GalerkinStateSpace,132,theorem,en_nonneg,ClayNS.GalerkinODE,ClayNS.GalerkinODE.en_nonneg,
RequestProject/NavierStokes/GalerkinStateSpace.lean,RequestProject.NavierStokes.GalerkinStateSpace,135,theorem,en_spread,ClayNS.GalerkinODE,ClayNS.GalerkinODE.en_spread,
RequestProject/NavierStokes/GalerkinStateSpace.lean,RequestProject.NavierStokes.GalerkinStateSpace,141,theorem,contDiff_en,ClayNS.GalerkinODE,ClayNS.GalerkinODE.contDiff_en,
RequestProject/NavierStokes/GalerkinStateSpace.lean,RequestProject.NavierStokes.GalerkinStateSpace,159,def,cut,ClayNS.GalerkinODE,ClayNS.GalerkinODE.cut,
RequestProject/NavierStokes/GalerkinStateSpace.lean,RequestProject.NavierStokes.GalerkinStateSpace,163,theorem,cut_nonneg,ClayNS.GalerkinODE,ClayNS.GalerkinODE.cut_nonneg,
RequestProject/NavierStokes/GalerkinStateSpace.lean,RequestProject.NavierStokes.GalerkinStateSpace,166,theorem,cut_le_one,ClayNS.GalerkinODE,ClayNS.GalerkinODE.cut_le_one,
RequestProject/NavierStokes/GalerkinStateSpace.lean,RequestProject.NavierStokes.GalerkinStateSpace,169,theorem,cut_eq_one,ClayNS.GalerkinODE,ClayNS.GalerkinODE.cut_eq_one,
RequestProject/NavierStokes/GalerkinStateSpace.lean,RequestProject.NavierStokes.GalerkinStateSpace,172,theorem,cut_eq_zero,ClayNS.GalerkinODE,ClayNS.GalerkinODE.cut_eq_zero,
RequestProject/NavierStokes/GalerkinStateSpace.lean,RequestProject.NavierStokes.GalerkinStateSpace,177,theorem,contDiff_cut,ClayNS.GalerkinODE,ClayNS.GalerkinODE.contDiff_cut,
RequestProject/NavierStokes/GalerkinStateSpace.lean,RequestProject.NavierStokes.GalerkinStateSpace,183,def,tvfield,ClayNS.GalerkinODE,ClayNS.GalerkinODE.tvfield,
RequestProject/NavierStokes/GalerkinStateSpace.lean,RequestProject.NavierStokes.GalerkinStateSpace,187,theorem,tvfield_eq_vfield,ClayNS.GalerkinODE,ClayNS.GalerkinODE.tvfield_eq_vfield,
RequestProject/NavierStokes/GalerkinStateSpace.lean,RequestProject.NavierStokes.GalerkinStateSpace,191,theorem,tvfield_eq_zero,ClayNS.GalerkinODE,ClayNS.GalerkinODE.tvfield_eq_zero,
RequestProject/NavierStokes/GalerkinStateSpace.lean,RequestProject.NavierStokes.GalerkinStateSpace,197,theorem,contDiff_tvfield,ClayNS.GalerkinODE,ClayNS.GalerkinODE.contDiff_tvfield,
RequestProject/NavierStokes/GalerkinTruncatedField.lean,RequestProject.NavierStokes.GalerkinTruncatedField,31,theorem,norm_coord_sq_le_en,ClayNS.GalerkinODE,ClayNS.GalerkinODE.norm_coord_sq_le_en,
RequestProject/NavierStokes/GalerkinTruncatedField.lean,RequestProject.NavierStokes.GalerkinTruncatedField,43,theorem,norm_le_of_en_le,ClayNS.GalerkinODE,ClayNS.GalerkinODE.norm_le_of_en_le,
RequestProject/NavierStokes/GalerkinTruncatedField.lean,RequestProject.NavierStokes.GalerkinTruncatedField,51,theorem,isCompact_en_le,ClayNS.GalerkinODE,ClayNS.GalerkinODE.isCompact_en_le,
RequestProject/NavierStokes/GalerkinTruncatedField.lean,RequestProject.NavierStokes.GalerkinTruncatedField,60,theorem,hasCompactSupport_tvfield,ClayNS.GalerkinODE,ClayNS.GalerkinODE.hasCompactSupport_tvfield,
RequestProject/NavierStokes/GalerkinTruncatedField.lean,RequestProject.NavierStokes.GalerkinTruncatedField,69,theorem,exists_bound_tvfield,ClayNS.GalerkinODE,ClayNS.GalerkinODE.exists_bound_tvfield,
RequestProject/NavierStokes/GalerkinTruncatedField.lean,RequestProject.NavierStokes.GalerkinTruncatedField,75,theorem,exists_lipschitzWith_tvfield,ClayNS.GalerkinODE,ClayNS.GalerkinODE.exists_lipschitzWith_tvfield,
RequestProject/NavierStokes/GalerkinTruncatedField.lean,RequestProject.NavierStokes.GalerkinTruncatedField,86,theorem,exists_solution_tvfield,ClayNS.GalerkinODE,ClayNS.GalerkinODE.exists_solution_tvfield,
RequestProject/NavierStokes/GaussianAdjointCaccioppoli.lean,RequestProject.NavierStokes.GaussianAdjointCaccioppoli,54,theorem,gaussian_adjoint_modulus_caccioppoli,ClayNS,ClayNS.gaussian_adjoint_modulus_caccioppoli,
RequestProject/NavierStokes/GaussianAdjointCaccioppoli.lean,RequestProject.NavierStokes.GaussianAdjointCaccioppoli,197,theorem,gaussian_adjoint_modulus_caccioppoli_le,ClayNS,ClayNS.gaussian_adjoint_modulus_caccioppoli_le,
RequestProject/NavierStokes/GaussianApproximateAdjoint.lean,RequestProject.NavierStokes.GaussianApproximateAdjoint,68,lemma,tgY_sq,ClayNS,ClayNS.tgY_sq,
RequestProject/NavierStokes/GaussianApproximateAdjoint.lean,RequestProject.NavierStokes.GaussianApproximateAdjoint,71,lemma,tgY_eq,ClayNS,ClayNS.tgY_eq,
RequestProject/NavierStokes/GaussianApproximateAdjoint.lean,RequestProject.NavierStokes.GaussianApproximateAdjoint,74,lemma,tgY2_eq,ClayNS,ClayNS.tgY2_eq,
RequestProject/NavierStokes/GaussianApproximateAdjoint.lean,RequestProject.NavierStokes.GaussianApproximateAdjoint,78,def,tgMassC,ClayNS,ClayNS.tgMassC,
RequestProject/NavierStokes/GaussianApproximateAdjoint.lean,RequestProject.NavierStokes.GaussianApproximateAdjoint,81,def,tgLapC,ClayNS,ClayNS.tgLapC,
RequestProject/NavierStokes/GaussianApproximateAdjoint.lean,RequestProject.NavierStokes.GaussianApproximateAdjoint,83,lemma,tgMassC_pos,ClayNS,ClayNS.tgMassC_pos,
RequestProject/NavierStokes/GaussianApproximateAdjoint.lean,RequestProject.NavierStokes.GaussianApproximateAdjoint,88,lemma,tgLapC_pos,ClayNS,ClayNS.tgLapC_pos,
RequestProject/NavierStokes/GaussianApproximateAdjoint.lean,RequestProject.NavierStokes.GaussianApproximateAdjoint,94,lemma,tgY_cube,ClayNS,ClayNS.tgY_cube,
RequestProject/NavierStokes/GaussianApproximateAdjoint.lean,RequestProject.NavierStokes.GaussianApproximateAdjoint,102,lemma,lapBudget_eq,ClayNS,ClayNS.lapBudget_eq,
RequestProject/NavierStokes/GaussianApproximateAdjoint.lean,RequestProject.NavierStokes.GaussianApproximateAdjoint,112,theorem,cellInt_torusGauss_le_mass,ClayNS,ClayNS.cellInt_torusGauss_le_mass,
RequestProject/NavierStokes/GaussianApproximateAdjoint.lean,RequestProject.NavierStokes.GaussianApproximateAdjoint,118,theorem,cellInt_abs_dvec_torusGauss_le_lin,ClayNS,ClayNS.cellInt_abs_dvec_torusGauss_le_lin,
RequestProject/NavierStokes/GaussianApproximateAdjoint.lean,RequestProject.NavierStokes.GaussianApproximateAdjoint,125,theorem,cellInt_abs_lap_torusGauss_le_sqrt,ClayNS,ClayNS.cellInt_abs_lap_torusGauss_le_sqrt,
RequestProject/NavierStokes/GaussianApproximateAdjoint.lean,RequestProject.NavierStokes.GaussianApproximateAdjoint,135,theorem,adjointOp_torusGauss,ClayNS,ClayNS.adjointOp_torusGauss,
RequestProject/NavierStokes/GaussianApproximateAdjoint.lean,RequestProject.NavierStokes.GaussianApproximateAdjoint,143,theorem,abs_adjointOp_torusGauss_le,ClayNS,ClayNS.abs_adjointOp_torusGauss_le,
RequestProject/NavierStokes/GaussianApproximateAdjoint.lean,RequestProject.NavierStokes.GaussianApproximateAdjoint,168,lemma,contDiff_adjointOp_torusGauss,ClayNS,ClayNS.contDiff_adjointOp_torusGauss,
RequestProject/NavierStokes/GaussianApproximateAdjoint.lean,RequestProject.NavierStokes.GaussianApproximateAdjoint,183,theorem,cellInt_abs_adjointOp_torusGauss_le,ClayNS,ClayNS.cellInt_abs_adjointOp_torusGauss_le,
RequestProject/NavierStokes/GaussianApproximateAdjoint.lean,RequestProject.NavierStokes.GaussianApproximateAdjoint,248,lemma,exists_small_scale,ClayNS,ClayNS.exists_small_scale,
RequestProject/NavierStokes/GaussianApproximateAdjoint.lean,RequestProject.NavierStokes.GaussianApproximateAdjoint,272,def,GaussianApproximateAdjointWeightGate,ClayNS,ClayNS.GaussianApproximateAdjointWeightGate,
RequestProject/NavierStokes/GaussianApproximateAdjoint.lean,RequestProject.NavierStokes.GaussianApproximateAdjoint,288,theorem,gaussianApproximateAdjointWeightGate_holds,ClayNS,ClayNS.gaussianApproximateAdjointWeightGate_holds,
RequestProject/NavierStokes/GaussianApproximateAdjoint.lean,RequestProject.NavierStokes.GaussianApproximateAdjoint,344,theorem,torusGauss_concentration_ratio_small,ClayNS,ClayNS.torusGauss_concentration_ratio_small,
RequestProject/NavierStokes/GaussianDetector.lean,RequestProject.NavierStokes.GaussianDetector,61,lemma,tgProfile_le_sq,ClayNS,ClayNS.tgProfile_le_sq,
RequestProject/NavierStokes/GaussianDetector.lean,RequestProject.NavierStokes.GaussianDetector,71,lemma,tgFac_ge_gauss,ClayNS,ClayNS.tgFac_ge_gauss,
RequestProject/NavierStokes/GaussianDetector.lean,RequestProject.NavierStokes.GaussianDetector,85,lemma,integral_tgFac_ge,ClayNS,ClayNS.integral_tgFac_ge,
RequestProject/NavierStokes/GaussianDetector.lean,RequestProject.NavierStokes.GaussianDetector,124,theorem,cellInt_prod_ge,ClayNS,ClayNS.cellInt_prod_ge,
RequestProject/NavierStokes/GaussianDetector.lean,RequestProject.NavierStokes.GaussianDetector,139,theorem,cellInt_torusGauss_ge,ClayNS,ClayNS.cellInt_torusGauss_ge,
RequestProject/NavierStokes/GaussianDetector.lean,RequestProject.NavierStokes.GaussianDetector,173,theorem,gaussian_gradient_term_blows_up,ClayNS,ClayNS.gaussian_gradient_term_blows_up,
RequestProject/NavierStokes/GaussianDetector.lean,RequestProject.NavierStokes.GaussianDetector,200,def,GaussianModulusDefectPropagation,ClayNS,ClayNS.GaussianModulusDefectPropagation,
RequestProject/NavierStokes/GaussianFisherInformation.lean,RequestProject.NavierStokes.GaussianFisherInformation,53,def,torusGaussFisher,ClayNS,ClayNS.torusGaussFisher,
RequestProject/NavierStokes/GaussianFisherInformation.lean,RequestProject.NavierStokes.GaussianFisherInformation,56,lemma,torusGaussFisher_nonneg,ClayNS,ClayNS.torusGaussFisher_nonneg,
RequestProject/NavierStokes/GaussianFisherInformation.lean,RequestProject.NavierStokes.GaussianFisherInformation,64,theorem,sq_dvec_div_torusGauss_eq_prod,ClayNS,ClayNS.sq_dvec_div_torusGauss_eq_prod,
RequestProject/NavierStokes/GaussianFisherInformation.lean,RequestProject.NavierStokes.GaussianFisherInformation,83,def,tgFisherC,ClayNS,ClayNS.tgFisherC,
RequestProject/NavierStokes/GaussianFisherInformation.lean,RequestProject.NavierStokes.GaussianFisherInformation,85,lemma,tgFisherC_nonneg,ClayNS,ClayNS.tgFisherC_nonneg,
RequestProject/NavierStokes/GaussianFisherInformation.lean,RequestProject.NavierStokes.GaussianFisherInformation,89,lemma,fisher_const_eval,ClayNS,ClayNS.fisher_const_eval,private
RequestProject/NavierStokes/GaussianFisherInformation.lean,RequestProject.NavierStokes.GaussianFisherInformation,109,theorem,torusGaussFisherInformationBound,ClayNS,ClayNS.torusGaussFisherInformationBound,
RequestProject/NavierStokes/GaussianLerayCounterexampleField.lean,RequestProject.NavierStokes.GaussianLerayCounterexampleField,54,def,kap,ClayNS,ClayNS.kap,
RequestProject/NavierStokes/GaussianLerayCounterexampleField.lean,RequestProject.NavierStokes.GaussianLerayCounterexampleField,56,lemma,kap_pos,ClayNS,ClayNS.kap_pos,
RequestProject/NavierStokes/GaussianLerayCounterexampleField.lean,RequestProject.NavierStokes.GaussianLerayCounterexampleField,59,def,nsGauss,ClayNS,ClayNS.nsGauss,
RequestProject/NavierStokes/GaussianLerayCounterexampleField.lean,RequestProject.NavierStokes.GaussianLerayCounterexampleField,62,def,nsKink,ClayNS,ClayNS.nsKink,
RequestProject/NavierStokes/GaussianLerayCounterexampleField.lean,RequestProject.NavierStokes.GaussianLerayCounterexampleField,65,def,nsAl,ClayNS,ClayNS.nsAl,
RequestProject/NavierStokes/GaussianLerayCounterexampleField.lean,RequestProject.NavierStokes.GaussianLerayCounterexampleField,67,lemma,nsGauss_pos,ClayNS,ClayNS.nsGauss_pos,
RequestProject/NavierStokes/GaussianLerayCounterexampleField.lean,RequestProject.NavierStokes.GaussianLerayCounterexampleField,69,lemma,nsGauss_le_one,ClayNS,ClayNS.nsGauss_le_one,
RequestProject/NavierStokes/GaussianLerayCounterexampleField.lean,RequestProject.NavierStokes.GaussianLerayCounterexampleField,74,lemma,continuous_nsGauss,ClayNS,ClayNS.continuous_nsGauss,
RequestProject/NavierStokes/GaussianLerayCounterexampleField.lean,RequestProject.NavierStokes.GaussianLerayCounterexampleField,77,lemma,contDiff_nsGauss,ClayNS,ClayNS.contDiff_nsGauss,
RequestProject/NavierStokes/GaussianLerayCounterexampleField.lean,RequestProject.NavierStokes.GaussianLerayCounterexampleField,81,lemma,nsAl_pos,ClayNS,ClayNS.nsAl_pos,
RequestProject/NavierStokes/GaussianLerayCounterexampleField.lean,RequestProject.NavierStokes.GaussianLerayCounterexampleField,83,lemma,nsAl_le_one,ClayNS,ClayNS.nsAl_le_one,
RequestProject/NavierStokes/GaussianLerayCounterexampleField.lean,RequestProject.NavierStokes.GaussianLerayCounterexampleField,88,lemma,contDiff_nsAl,ClayNS,ClayNS.contDiff_nsAl,
RequestProject/NavierStokes/GaussianLerayCounterexampleField.lean,RequestProject.NavierStokes.GaussianLerayCounterexampleField,92,lemma,hasDerivAt_nsAl,ClayNS,ClayNS.hasDerivAt_nsAl,
RequestProject/NavierStokes/GaussianLerayCounterexampleField.lean,RequestProject.NavierStokes.GaussianLerayCounterexampleField,101,lemma,nsAl_deriv_sq_le,ClayNS,ClayNS.nsAl_deriv_sq_le,
RequestProject/NavierStokes/GaussianLerayCounterexampleField.lean,RequestProject.NavierStokes.GaussianLerayCounterexampleField,118,lemma,hasDerivAt_nsKink,ClayNS,ClayNS.hasDerivAt_nsKink,
RequestProject/NavierStokes/GaussianLerayCounterexampleField.lean,RequestProject.NavierStokes.GaussianLerayCounterexampleField,125,lemma,differentiable_nsKink,ClayNS,ClayNS.differentiable_nsKink,
RequestProject/NavierStokes/GaussianLerayCounterexampleField.lean,RequestProject.NavierStokes.GaussianLerayCounterexampleField,128,lemma,contDiff_nsKink,ClayNS,ClayNS.contDiff_nsKink,
RequestProject/NavierStokes/GaussianLerayCounterexampleField.lean,RequestProject.NavierStokes.GaussianLerayCounterexampleField,149,lemma,integral_nsGauss,ClayNS,ClayNS.integral_nsGauss,
RequestProject/NavierStokes/GaussianLerayCounterexampleField.lean,RequestProject.NavierStokes.GaussianLerayCounterexampleField,157,lemma,integrable_nsGauss,ClayNS,ClayNS.integrable_nsGauss,
RequestProject/NavierStokes/GaussianLerayCounterexampleField.lean,RequestProject.NavierStokes.GaussianLerayCounterexampleField,164,lemma,nsKink_abs_le,ClayNS,ClayNS.nsKink_abs_le,
RequestProject/NavierStokes/GaussianLerayCounterexampleField.lean,RequestProject.NavierStokes.GaussianLerayCounterexampleField,188,lemma,nsKink_abs_le_near,ClayNS,ClayNS.nsKink_abs_le_near,
RequestProject/NavierStokes/GaussianLerayCounterexampleField.lean,RequestProject.NavierStokes.GaussianLerayCounterexampleField,215,lemma,hasDerivAt_nsGauss,ClayNS,ClayNS.hasDerivAt_nsGauss,
RequestProject/NavierStokes/GaussianLerayCounterexampleField.lean,RequestProject.NavierStokes.GaussianLerayCounterexampleField,233,abbrev,prj,ClayNS,ClayNS.prj,
RequestProject/NavierStokes/GaussianLerayCounterexampleField.lean,RequestProject.NavierStokes.GaussianLerayCounterexampleField,235,lemma,prj_ee,ClayNS,ClayNS.prj_ee,
RequestProject/NavierStokes/GaussianLerayCounterexampleField.lean,RequestProject.NavierStokes.GaussianLerayCounterexampleField,239,def,noGoF0,ClayNS,ClayNS.noGoF0,
RequestProject/NavierStokes/GaussianLerayCounterexampleField.lean,RequestProject.NavierStokes.GaussianLerayCounterexampleField,242,def,noGoF1,ClayNS,ClayNS.noGoF1,
RequestProject/NavierStokes/GaussianLerayCounterexampleField.lean,RequestProject.NavierStokes.GaussianLerayCounterexampleField,245,def,noGoV,ClayNS,ClayNS.noGoV,
RequestProject/NavierStokes/GaussianLerayCounterexampleField.lean,RequestProject.NavierStokes.GaussianLerayCounterexampleField,248,def,noGoD0,ClayNS,ClayNS.noGoD0,
RequestProject/NavierStokes/GaussianLerayCounterexampleField.lean,RequestProject.NavierStokes.GaussianLerayCounterexampleField,253,def,noGoD1,ClayNS,ClayNS.noGoD1,
RequestProject/NavierStokes/GaussianLerayCounterexampleField.lean,RequestProject.NavierStokes.GaussianLerayCounterexampleField,257,lemma,hasFDerivAt_noGoF0,ClayNS,ClayNS.hasFDerivAt_noGoF0,
RequestProject/NavierStokes/GaussianLerayCounterexampleField.lean,RequestProject.NavierStokes.GaussianLerayCounterexampleField,266,lemma,hasFDerivAt_noGoF1,ClayNS,ClayNS.hasFDerivAt_noGoF1,
RequestProject/NavierStokes/GaussianLerayCounterexampleField.lean,RequestProject.NavierStokes.GaussianLerayCounterexampleField,275,lemma,noGoD0_apply,ClayNS,ClayNS.noGoD0_apply,
RequestProject/NavierStokes/GaussianLerayCounterexampleField.lean,RequestProject.NavierStokes.GaussianLerayCounterexampleField,280,lemma,noGoD1_apply,ClayNS,ClayNS.noGoD1_apply,
RequestProject/NavierStokes/GaussianLerayCounterexampleField.lean,RequestProject.NavierStokes.GaussianLerayCounterexampleField,285,lemma,hasFDerivAt_noGoV,ClayNS,ClayNS.hasFDerivAt_noGoV,
RequestProject/NavierStokes/GaussianLerayCounterexampleField.lean,RequestProject.NavierStokes.GaussianLerayCounterexampleField,289,lemma,noGoV_fderiv_apply,ClayNS,ClayNS.noGoV_fderiv_apply,
RequestProject/NavierStokes/GaussianLerayCounterexampleField.lean,RequestProject.NavierStokes.GaussianLerayCounterexampleField,293,lemma,noGoF0_contDiff,ClayNS,ClayNS.noGoF0_contDiff,
RequestProject/NavierStokes/GaussianLerayCounterexampleField.lean,RequestProject.NavierStokes.GaussianLerayCounterexampleField,297,lemma,noGoF1_contDiff,ClayNS,ClayNS.noGoF1_contDiff,
RequestProject/NavierStokes/GaussianLerayCounterexampleField.lean,RequestProject.NavierStokes.GaussianLerayCounterexampleField,301,lemma,noGoV_contDiff,ClayNS,ClayNS.noGoV_contDiff,
RequestProject/NavierStokes/GaussianLerayCounterexampleField.lean,RequestProject.NavierStokes.GaussianLerayCounterexampleField,305,lemma,norm_sq_pair,ClayNS,ClayNS.norm_sq_pair,
RequestProject/NavierStokes/GaussianLerayCounterexampleField.lean,RequestProject.NavierStokes.GaussianLerayCounterexampleField,309,lemma,pair_apply,ClayNS,ClayNS.pair_apply,
RequestProject/NavierStokes/GaussianLerayCounterexampleField.lean,RequestProject.NavierStokes.GaussianLerayCounterexampleField,314,lemma,noGoV_divSpace,ClayNS,ClayNS.noGoV_divSpace,
RequestProject/NavierStokes/GaussianLerayCounterexampleField.lean,RequestProject.NavierStokes.GaussianLerayCounterexampleField,321,lemma,noGoV_norm_le_one,ClayNS,ClayNS.noGoV_norm_le_one,
RequestProject/NavierStokes/GaussianLerayCounterexampleField.lean,RequestProject.NavierStokes.GaussianLerayCounterexampleField,355,def,noGoN0,ClayNS,ClayNS.noGoN0,
RequestProject/NavierStokes/GaussianLerayCounterexampleField.lean,RequestProject.NavierStokes.GaussianLerayCounterexampleField,359,def,noGoN1,ClayNS,ClayNS.noGoN1,
RequestProject/NavierStokes/GaussianLerayCounterexampleField.lean,RequestProject.NavierStokes.GaussianLerayCounterexampleField,363,def,noGoAdv,ClayNS,ClayNS.noGoAdv,
RequestProject/NavierStokes/GaussianLerayCounterexampleField.lean,RequestProject.NavierStokes.GaussianLerayCounterexampleField,365,lemma,noGoV_apply0,ClayNS,ClayNS.noGoV_apply0,
RequestProject/NavierStokes/GaussianLerayCounterexampleField.lean,RequestProject.NavierStokes.GaussianLerayCounterexampleField,368,lemma,noGoV_apply1,ClayNS,ClayNS.noGoV_apply1,
RequestProject/NavierStokes/GaussianLerayCounterexampleField.lean,RequestProject.NavierStokes.GaussianLerayCounterexampleField,371,lemma,noGoV_apply2,ClayNS,ClayNS.noGoV_apply2,
RequestProject/NavierStokes/GaussianLerayCounterexampleField.lean,RequestProject.NavierStokes.GaussianLerayCounterexampleField,374,lemma,noGoV_fderiv_ee0,ClayNS,ClayNS.noGoV_fderiv_ee0,
RequestProject/NavierStokes/GaussianLerayCounterexampleField.lean,RequestProject.NavierStokes.GaussianLerayCounterexampleField,379,lemma,noGoV_fderiv_ee1,ClayNS,ClayNS.noGoV_fderiv_ee1,
RequestProject/NavierStokes/GaussianLerayCounterexampleField.lean,RequestProject.NavierStokes.GaussianLerayCounterexampleField,384,lemma,noGoV_fderiv_ee2,ClayNS,ClayNS.noGoV_fderiv_ee2,
RequestProject/NavierStokes/GaussianLerayCounterexampleField.lean,RequestProject.NavierStokes.GaussianLerayCounterexampleField,392,lemma,noGoV_advSpace,ClayNS,ClayNS.noGoV_advSpace,
RequestProject/NavierStokes/GaussianLerayCounterexampleField.lean,RequestProject.NavierStokes.GaussianLerayCounterexampleField,400,lemma,noGoV_gradSq,ClayNS,ClayNS.noGoV_gradSq,
RequestProject/NavierStokes/GaussianLerayCounterexampleField.lean,RequestProject.NavierStokes.GaussianLerayCounterexampleField,420,def,noGoS,ClayNS,ClayNS.noGoS,
RequestProject/NavierStokes/GaussianLerayCounterexampleField.lean,RequestProject.NavierStokes.GaussianLerayCounterexampleField,424,def,noGoDN0,ClayNS,ClayNS.noGoDN0,
RequestProject/NavierStokes/GaussianLerayCounterexampleField.lean,RequestProject.NavierStokes.GaussianLerayCounterexampleField,431,def,noGoDN1,ClayNS,ClayNS.noGoDN1,
RequestProject/NavierStokes/GaussianLerayCounterexampleField.lean,RequestProject.NavierStokes.GaussianLerayCounterexampleField,437,lemma,hasFDerivAt_alSq,ClayNS,ClayNS.hasFDerivAt_alSq,private
RequestProject/NavierStokes/GaussianLerayCounterexampleField.lean,RequestProject.NavierStokes.GaussianLerayCounterexampleField,446,lemma,hasFDerivAt_noGoN0,ClayNS,ClayNS.hasFDerivAt_noGoN0,
RequestProject/NavierStokes/GaussianLerayCounterexampleField.lean,RequestProject.NavierStokes.GaussianLerayCounterexampleField,456,lemma,hasFDerivAt_noGoN1,ClayNS,ClayNS.hasFDerivAt_noGoN1,
RequestProject/NavierStokes/GaussianLerayCounterexampleField.lean,RequestProject.NavierStokes.GaussianLerayCounterexampleField,466,lemma,hasFDerivAt_noGoAdv,ClayNS,ClayNS.hasFDerivAt_noGoAdv,
RequestProject/NavierStokes/GaussianLerayCounterexampleField.lean,RequestProject.NavierStokes.GaussianLerayCounterexampleField,471,lemma,noGoAdv_fderiv_apply,ClayNS,ClayNS.noGoAdv_fderiv_apply,
RequestProject/NavierStokes/GaussianLerayCounterexampleField.lean,RequestProject.NavierStokes.GaussianLerayCounterexampleField,475,lemma,noGoDN0_apply,ClayNS,ClayNS.noGoDN0_apply,
RequestProject/NavierStokes/GaussianLerayCounterexampleField.lean,RequestProject.NavierStokes.GaussianLerayCounterexampleField,482,lemma,noGoDN1_apply,ClayNS,ClayNS.noGoDN1_apply,
RequestProject/NavierStokes/GaussianLerayCounterexampleField.lean,RequestProject.NavierStokes.GaussianLerayCounterexampleField,490,lemma,noGoAdv_divSpace,ClayNS,ClayNS.noGoAdv_divSpace,
RequestProject/NavierStokes/GaussianLerayCounterexampleField.lean,RequestProject.NavierStokes.GaussianLerayCounterexampleField,503,def,noGoC,ClayNS,ClayNS.noGoC,
RequestProject/NavierStokes/GaussianLerayCounterexampleField.lean,RequestProject.NavierStokes.GaussianLerayCounterexampleField,505,lemma,noGoC_apply,ClayNS,ClayNS.noGoC_apply,
RequestProject/NavierStokes/GaussianLerayCounterexampleField.lean,RequestProject.NavierStokes.GaussianLerayCounterexampleField,508,lemma,noGo_dist_sq,ClayNS,ClayNS.noGo_dist_sq,
RequestProject/NavierStokes/GaussianLerayCounterexampleField.lean,RequestProject.NavierStokes.GaussianLerayCounterexampleField,514,lemma,noGoS_radial,ClayNS,ClayNS.noGoS_radial,
RequestProject/NavierStokes/GaussianLerayCounterexampleField.lean,RequestProject.NavierStokes.GaussianLerayCounterexampleField,521,lemma,noGoS_nonneg,ClayNS,ClayNS.noGoS_nonneg,
RequestProject/NavierStokes/GaussianLerayCounterexamplePressure.lean,RequestProject.NavierStokes.GaussianLerayCounterexamplePressure,48,def,psiN,ClayNS,ClayNS.psiN,
RequestProject/NavierStokes/GaussianLerayCounterexamplePressure.lean,RequestProject.NavierStokes.GaussianLerayCounterexamplePressure,50,lemma,continuous_psiIntegrand,ClayNS,ClayNS.continuous_psiIntegrand,
RequestProject/NavierStokes/GaussianLerayCounterexamplePressure.lean,RequestProject.NavierStokes.GaussianLerayCounterexamplePressure,54,lemma,hasDerivAt_psiN,ClayNS,ClayNS.hasDerivAt_psiN,
RequestProject/NavierStokes/GaussianLerayCounterexamplePressure.lean,RequestProject.NavierStokes.GaussianLerayCounterexamplePressure,102,lemma,differentiable_psiN,ClayNS,ClayNS.differentiable_psiN,
RequestProject/NavierStokes/GaussianLerayCounterexamplePressure.lean,RequestProject.NavierStokes.GaussianLerayCounterexamplePressure,105,lemma,contDiff_psiN_nat,ClayNS,ClayNS.contDiff_psiN_nat,
RequestProject/NavierStokes/GaussianLerayCounterexamplePressure.lean,RequestProject.NavierStokes.GaussianLerayCounterexamplePressure,125,lemma,contDiff_psiN,ClayNS,ClayNS.contDiff_psiN,
RequestProject/NavierStokes/GaussianLerayCounterexamplePressure.lean,RequestProject.NavierStokes.GaussianLerayCounterexamplePressure,129,lemma,psiN_ibp,ClayNS,ClayNS.psiN_ibp,
RequestProject/NavierStokes/GaussianLerayCounterexamplePressure.lean,RequestProject.NavierStokes.GaussianLerayCounterexamplePressure,163,def,nsPsi,ClayNS,ClayNS.nsPsi,
RequestProject/NavierStokes/GaussianLerayCounterexamplePressure.lean,RequestProject.NavierStokes.GaussianLerayCounterexamplePressure,165,lemma,hasDerivAt_nsPsi,ClayNS,ClayNS.hasDerivAt_nsPsi,
RequestProject/NavierStokes/GaussianLerayCounterexamplePressure.lean,RequestProject.NavierStokes.GaussianLerayCounterexamplePressure,171,lemma,differentiable_nsPsi,ClayNS,ClayNS.differentiable_nsPsi,
RequestProject/NavierStokes/GaussianLerayCounterexamplePressure.lean,RequestProject.NavierStokes.GaussianLerayCounterexamplePressure,174,lemma,continuous_nsPsi,ClayNS,ClayNS.continuous_nsPsi,
RequestProject/NavierStokes/GaussianLerayCounterexamplePressure.lean,RequestProject.NavierStokes.GaussianLerayCounterexamplePressure,176,lemma,contDiff_nsPsi,ClayNS,ClayNS.contDiff_nsPsi,
RequestProject/NavierStokes/GaussianLerayCounterexamplePressure.lean,RequestProject.NavierStokes.GaussianLerayCounterexamplePressure,180,def,nsPhi,ClayNS,ClayNS.nsPhi,
RequestProject/NavierStokes/GaussianLerayCounterexamplePressure.lean,RequestProject.NavierStokes.GaussianLerayCounterexamplePressure,182,lemma,hasDerivAt_nsPhi,ClayNS,ClayNS.hasDerivAt_nsPhi,
RequestProject/NavierStokes/GaussianLerayCounterexamplePressure.lean,RequestProject.NavierStokes.GaussianLerayCounterexamplePressure,189,lemma,differentiable_nsPhi,ClayNS,ClayNS.differentiable_nsPhi,
RequestProject/NavierStokes/GaussianLerayCounterexamplePressure.lean,RequestProject.NavierStokes.GaussianLerayCounterexamplePressure,192,lemma,contDiff_nsPhi,ClayNS,ClayNS.contDiff_nsPhi,
RequestProject/NavierStokes/GaussianLerayCounterexamplePressure.lean,RequestProject.NavierStokes.GaussianLerayCounterexamplePressure,212,lemma,nsPsi_radial_laplace,ClayNS,ClayNS.nsPsi_radial_laplace,
RequestProject/NavierStokes/GaussianLerayCounterexamplePressure.lean,RequestProject.NavierStokes.GaussianLerayCounterexamplePressure,221,def,noGoQ,ClayNS,ClayNS.noGoQ,
RequestProject/NavierStokes/GaussianLerayCounterexamplePressure.lean,RequestProject.NavierStokes.GaussianLerayCounterexamplePressure,223,lemma,noGoQ_coord,ClayNS,ClayNS.noGoQ_coord,
RequestProject/NavierStokes/GaussianLerayCounterexamplePressure.lean,RequestProject.NavierStokes.GaussianLerayCounterexamplePressure,226,lemma,sub_center_apply,ClayNS,ClayNS.sub_center_apply,
RequestProject/NavierStokes/GaussianLerayCounterexamplePressure.lean,RequestProject.NavierStokes.GaussianLerayCounterexamplePressure,231,def,noGoDQ,ClayNS,ClayNS.noGoDQ,
RequestProject/NavierStokes/GaussianLerayCounterexamplePressure.lean,RequestProject.NavierStokes.GaussianLerayCounterexamplePressure,234,lemma,noGoDQ_apply,ClayNS,ClayNS.noGoDQ_apply,
RequestProject/NavierStokes/GaussianLerayCounterexamplePressure.lean,RequestProject.NavierStokes.GaussianLerayCounterexamplePressure,238,lemma,hasFDerivAt_noGoQ,ClayNS,ClayNS.hasFDerivAt_noGoQ,
RequestProject/NavierStokes/GaussianLerayCounterexamplePressure.lean,RequestProject.NavierStokes.GaussianLerayCounterexamplePressure,253,lemma,contDiff_noGoQ,ClayNS,ClayNS.contDiff_noGoQ,
RequestProject/NavierStokes/GaussianLerayCounterexamplePressure.lean,RequestProject.NavierStokes.GaussianLerayCounterexamplePressure,261,def,noGoP,ClayNS,ClayNS.noGoP,
RequestProject/NavierStokes/GaussianLerayCounterexamplePressure.lean,RequestProject.NavierStokes.GaussianLerayCounterexamplePressure,263,lemma,hasFDerivAt_noGoP,ClayNS,ClayNS.hasFDerivAt_noGoP,
RequestProject/NavierStokes/GaussianLerayCounterexamplePressure.lean,RequestProject.NavierStokes.GaussianLerayCounterexamplePressure,268,lemma,noGoP_contDiff,ClayNS,ClayNS.noGoP_contDiff,
RequestProject/NavierStokes/GaussianLerayCounterexamplePressure.lean,RequestProject.NavierStokes.GaussianLerayCounterexamplePressure,272,lemma,sum_coord,ClayNS,ClayNS.sum_coord,
RequestProject/NavierStokes/GaussianLerayCounterexamplePressure.lean,RequestProject.NavierStokes.GaussianLerayCounterexamplePressure,278,lemma,noGoP_gradSpace,ClayNS,ClayNS.noGoP_gradSpace,
RequestProject/NavierStokes/GaussianLerayCounterexamplePressure.lean,RequestProject.NavierStokes.GaussianLerayCounterexamplePressure,294,def,noGoW,ClayNS,ClayNS.noGoW,
RequestProject/NavierStokes/GaussianLerayCounterexamplePressure.lean,RequestProject.NavierStokes.GaussianLerayCounterexamplePressure,296,lemma,hasFDerivAt_noGoW,ClayNS,ClayNS.hasFDerivAt_noGoW,
RequestProject/NavierStokes/GaussianLerayCounterexamplePressure.lean,RequestProject.NavierStokes.GaussianLerayCounterexamplePressure,314,lemma,noGoW_divSpace,ClayNS,ClayNS.noGoW_divSpace,
RequestProject/NavierStokes/GaussianLerayCounterexamplePressure.lean,RequestProject.NavierStokes.GaussianLerayCounterexamplePressure,350,lemma,noGoP_lap,ClayNS,ClayNS.noGoP_lap,
RequestProject/NavierStokes/GaussianLerayCounterexamplePressure.lean,RequestProject.NavierStokes.GaussianLerayCounterexamplePressure,358,theorem,noGo_pressure_poisson,ClayNS,ClayNS.noGo_pressure_poisson,
RequestProject/NavierStokes/GaussianLerayTranslationNoGo.lean,RequestProject.NavierStokes.GaussianLerayTranslationNoGo,47,lemma,exp_neg_le_inv_pow4,ClayNS,ClayNS.exp_neg_le_inv_pow4,
RequestProject/NavierStokes/GaussianLerayTranslationNoGo.lean,RequestProject.NavierStokes.GaussianLerayTranslationNoGo,58,lemma,half_le_exp_neg_half,ClayNS,ClayNS.half_le_exp_neg_half,
RequestProject/NavierStokes/GaussianLerayTranslationNoGo.lean,RequestProject.NavierStokes.GaussianLerayTranslationNoGo,68,lemma,quad_split,ClayNS,ClayNS.quad_split,
RequestProject/NavierStokes/GaussianLerayTranslationNoGo.lean,RequestProject.NavierStokes.GaussianLerayTranslationNoGo,74,lemma,psiN_zero_eq,ClayNS,ClayNS.psiN_zero_eq,
RequestProject/NavierStokes/GaussianLerayTranslationNoGo.lean,RequestProject.NavierStokes.GaussianLerayTranslationNoGo,77,lemma,cont_ps,ClayNS,ClayNS.cont_ps,
RequestProject/NavierStokes/GaussianLerayTranslationNoGo.lean,RequestProject.NavierStokes.GaussianLerayTranslationNoGo,79,lemma,psiN0_pos,ClayNS,ClayNS.psiN0_pos,
RequestProject/NavierStokes/GaussianLerayTranslationNoGo.lean,RequestProject.NavierStokes.GaussianLerayTranslationNoGo,85,lemma,psiN0_le_third,ClayNS,ClayNS.psiN0_le_third,
RequestProject/NavierStokes/GaussianLerayTranslationNoGo.lean,RequestProject.NavierStokes.GaussianLerayTranslationNoGo,97,lemma,psiN0_le_two_div,ClayNS,ClayNS.psiN0_le_two_div,
RequestProject/NavierStokes/GaussianLerayTranslationNoGo.lean,RequestProject.NavierStokes.GaussianLerayTranslationNoGo,118,lemma,psiN0_lower,ClayNS,ClayNS.psiN0_lower,
RequestProject/NavierStokes/GaussianLerayTranslationNoGo.lean,RequestProject.NavierStokes.GaussianLerayTranslationNoGo,158,lemma,noGoQ_nonneg,ClayNS,ClayNS.noGoQ_nonneg,
RequestProject/NavierStokes/GaussianLerayTranslationNoGo.lean,RequestProject.NavierStokes.GaussianLerayTranslationNoGo,161,lemma,sqrt_noGoQ,ClayNS,ClayNS.sqrt_noGoQ,
RequestProject/NavierStokes/GaussianLerayTranslationNoGo.lean,RequestProject.NavierStokes.GaussianLerayTranslationNoGo,164,lemma,noGoW_norm,ClayNS,ClayNS.noGoW_norm,
RequestProject/NavierStokes/GaussianLerayTranslationNoGo.lean,RequestProject.NavierStokes.GaussianLerayTranslationNoGo,174,lemma,noGoW_norm_le,ClayNS,ClayNS.noGoW_norm_le,
RequestProject/NavierStokes/GaussianLerayTranslationNoGo.lean,RequestProject.NavierStokes.GaussianLerayTranslationNoGo,198,lemma,noGoAdv_norm_sq,ClayNS,ClayNS.noGoAdv_norm_sq,
RequestProject/NavierStokes/GaussianLerayTranslationNoGo.lean,RequestProject.NavierStokes.GaussianLerayTranslationNoGo,203,lemma,nsKink_sq_le,ClayNS,ClayNS.nsKink_sq_le,
RequestProject/NavierStokes/GaussianLerayTranslationNoGo.lean,RequestProject.NavierStokes.GaussianLerayTranslationNoGo,209,lemma,nsAl_sq_le_one,ClayNS,ClayNS.nsAl_sq_le_one,
RequestProject/NavierStokes/GaussianLerayTranslationNoGo.lean,RequestProject.NavierStokes.GaussianLerayTranslationNoGo,212,lemma,noGoC_norm_sq,ClayNS,ClayNS.noGoC_norm_sq,
RequestProject/NavierStokes/GaussianLerayTranslationNoGo.lean,RequestProject.NavierStokes.GaussianLerayTranslationNoGo,215,lemma,noGoC_norm_bounds,ClayNS,ClayNS.noGoC_norm_bounds,
RequestProject/NavierStokes/GaussianLerayTranslationNoGo.lean,RequestProject.NavierStokes.GaussianLerayTranslationNoGo,221,lemma,noGoW_norm_lower_near,ClayNS,ClayNS.noGoW_norm_lower_near,
RequestProject/NavierStokes/GaussianLerayTranslationNoGo.lean,RequestProject.NavierStokes.GaussianLerayTranslationNoGo,264,lemma,noGoAdv_norm_le_near,ClayNS,ClayNS.noGoAdv_norm_le_near,
RequestProject/NavierStokes/GaussianLerayTranslationNoGo.lean,RequestProject.NavierStokes.GaussianLerayTranslationNoGo,308,lemma,noGoN_norm_lower_near,ClayNS,ClayNS.noGoN_norm_lower_near,
RequestProject/NavierStokes/GaussianLerayTranslationNoGo.lean,RequestProject.NavierStokes.GaussianLerayTranslationNoGo,370,def,lamNu,ClayNS,ClayNS.lamNu,
RequestProject/NavierStokes/GaussianLerayTranslationNoGo.lean,RequestProject.NavierStokes.GaussianLerayTranslationNoGo,372,lemma,lamNu_pos,ClayNS,ClayNS.lamNu_pos,
RequestProject/NavierStokes/GaussianLerayTranslationNoGo.lean,RequestProject.NavierStokes.GaussianLerayTranslationNoGo,376,lemma,lamNu_le_quarter,ClayNS,ClayNS.lamNu_le_quarter,
RequestProject/NavierStokes/GaussianLerayTranslationNoGo.lean,RequestProject.NavierStokes.GaussianLerayTranslationNoGo,378,lemma,lamNu_le_a,ClayNS,ClayNS.lamNu_le_a,
RequestProject/NavierStokes/GaussianLerayTranslationNoGo.lean,RequestProject.NavierStokes.GaussianLerayTranslationNoGo,381,lemma,lamNu_le_b,ClayNS,ClayNS.lamNu_le_b,
RequestProject/NavierStokes/GaussianLerayTranslationNoGo.lean,RequestProject.NavierStokes.GaussianLerayTranslationNoGo,385,def,bigB,ClayNS,ClayNS.bigB,
RequestProject/NavierStokes/GaussianLerayTranslationNoGo.lean,RequestProject.NavierStokes.GaussianLerayTranslationNoGo,387,lemma,gaussWeight_ratio,ClayNS,ClayNS.gaussWeight_ratio,
RequestProject/NavierStokes/GaussianLerayTranslationNoGo.lean,RequestProject.NavierStokes.GaussianLerayTranslationNoGo,394,lemma,nsGauss_sq,ClayNS,ClayNS.nsGauss_sq,
RequestProject/NavierStokes/GaussianLerayTranslationNoGo.lean,RequestProject.NavierStokes.GaussianLerayTranslationNoGo,399,lemma,coord_sq_le,ClayNS,ClayNS.coord_sq_le,
RequestProject/NavierStokes/GaussianLerayTranslationNoGo.lean,RequestProject.NavierStokes.GaussianLerayTranslationNoGo,405,lemma,gauss_term_bound,ClayNS,ClayNS.gauss_term_bound,
RequestProject/NavierStokes/GaussianLerayTranslationNoGo.lean,RequestProject.NavierStokes.GaussianLerayTranslationNoGo,448,lemma,kink_term_bound,ClayNS,ClayNS.kink_term_bound,
RequestProject/NavierStokes/GaussianLerayTranslationNoGo.lean,RequestProject.NavierStokes.GaussianLerayTranslationNoGo,524,lemma,noGo_gradSq_bound,ClayNS,ClayNS.noGo_gradSq_bound,
RequestProject/NavierStokes/GaussianLerayTranslationNoGo.lean,RequestProject.NavierStokes.GaussianLerayTranslationNoGo,546,lemma,integrable_gaussWeight,ClayNS,ClayNS.integrable_gaussWeight,
RequestProject/NavierStokes/GaussianLerayTranslationNoGo.lean,RequestProject.NavierStokes.GaussianLerayTranslationNoGo,557,def,gaussMass,ClayNS,ClayNS.gaussMass,
RequestProject/NavierStokes/GaussianLerayTranslationNoGo.lean,RequestProject.NavierStokes.GaussianLerayTranslationNoGo,559,lemma,gaussMass_pos,ClayNS,ClayNS.gaussMass_pos,
RequestProject/NavierStokes/GaussianLerayTranslationNoGo.lean,RequestProject.NavierStokes.GaussianLerayTranslationNoGo,568,def,nsBallVol,ClayNS,ClayNS.nsBallVol,
RequestProject/NavierStokes/GaussianLerayTranslationNoGo.lean,RequestProject.NavierStokes.GaussianLerayTranslationNoGo,570,lemma,nsBallVol_pos,ClayNS,ClayNS.nsBallVol_pos,
RequestProject/NavierStokes/GaussianLerayTranslationNoGo.lean,RequestProject.NavierStokes.GaussianLerayTranslationNoGo,574,lemma,continuous_noGoAdv,ClayNS,ClayNS.continuous_noGoAdv,
RequestProject/NavierStokes/GaussianLerayTranslationNoGo.lean,RequestProject.NavierStokes.GaussianLerayTranslationNoGo,581,lemma,continuous_noGoW,ClayNS,ClayNS.continuous_noGoW,
RequestProject/NavierStokes/GaussianLerayTranslationNoGo.lean,RequestProject.NavierStokes.GaussianLerayTranslationNoGo,587,lemma,continuous_noGoGradSq,ClayNS,ClayNS.continuous_noGoGradSq,
RequestProject/NavierStokes/GaussianLerayTranslationNoGo.lean,RequestProject.NavierStokes.GaussianLerayTranslationNoGo,594,lemma,continuous_gaussWeight,ClayNS,ClayNS.continuous_gaussWeight,
RequestProject/NavierStokes/GaussianLerayTranslationNoGo.lean,RequestProject.NavierStokes.GaussianLerayTranslationNoGo,598,lemma,noGoAdv_norm_le,ClayNS,ClayNS.noGoAdv_norm_le,
RequestProject/NavierStokes/GaussianLerayTranslationNoGo.lean,RequestProject.NavierStokes.GaussianLerayTranslationNoGo,627,lemma,noGoN_norm_le,ClayNS,ClayNS.noGoN_norm_le,
RequestProject/NavierStokes/GaussianLerayTranslationNoGo.lean,RequestProject.NavierStokes.GaussianLerayTranslationNoGo,633,lemma,integrable_noGo_source,ClayNS,ClayNS.integrable_noGo_source,
RequestProject/NavierStokes/GaussianLerayTranslationNoGo.lean,RequestProject.NavierStokes.GaussianLerayTranslationNoGo,649,lemma,noGo_dirichlet_integral_bound,ClayNS,ClayNS.noGo_dirichlet_integral_bound,
RequestProject/NavierStokes/GaussianLerayTranslationNoGo.lean,RequestProject.NavierStokes.GaussianLerayTranslationNoGo,673,lemma,noGo_source_integral_lower,ClayNS,ClayNS.noGo_source_integral_lower,
RequestProject/NavierStokes/GaussianLerayTranslationNoGo.lean,RequestProject.NavierStokes.GaussianLerayTranslationNoGo,716,lemma,noGoP_gradSpace_eq,ClayNS,ClayNS.noGoP_gradSpace_eq,
RequestProject/NavierStokes/GaussianLerayTranslationNoGo.lean,RequestProject.NavierStokes.GaussianLerayTranslationNoGo,721,lemma,noGoP_gradient_tendsto_zero,ClayNS,ClayNS.noGoP_gradient_tendsto_zero,
RequestProject/NavierStokes/GaussianLerayTranslationNoGo.lean,RequestProject.NavierStokes.GaussianLerayTranslationNoGo,764,theorem,gaussian_leray_global_no_go,ClayNS,ClayNS.gaussian_leray_global_no_go,
RequestProject/NavierStokes/GaussianLinearBudgetAudit.lean,RequestProject.NavierStokes.GaussianLinearBudgetAudit,68,lemma,abs_tgProfile1_le_inv_pi,ClayNS,ClayNS.abs_tgProfile1_le_inv_pi,
RequestProject/NavierStokes/GaussianLinearBudgetAudit.lean,RequestProject.NavierStokes.GaussianLinearBudgetAudit,78,theorem,abs_dvec_torusGauss_le_unif,ClayNS,ClayNS.abs_dvec_torusGauss_le_unif,
RequestProject/NavierStokes/GaussianLinearBudgetAudit.lean,RequestProject.NavierStokes.GaussianLinearBudgetAudit,103,theorem,approx_adjoint_caccioppoli_linear_budget,ClayNS,ClayNS.approx_adjoint_caccioppoli_linear_budget,
RequestProject/NavierStokes/GaussianLinearBudgetAudit.lean,RequestProject.NavierStokes.GaussianLinearBudgetAudit,253,theorem,gaussian_adjoint_caccioppoli_linear_budget,ClayNS,ClayNS.gaussian_adjoint_caccioppoli_linear_budget,
RequestProject/NavierStokes/GaussianMarginalChannel.lean,RequestProject.NavierStokes.GaussianMarginalChannel,57,def,gaussWeight,ClayNS,ClayNS.gaussWeight,
RequestProject/NavierStokes/GaussianMarginalChannel.lean,RequestProject.NavierStokes.GaussianMarginalChannel,59,lemma,gaussWeight_pos,ClayNS,ClayNS.gaussWeight_pos,
RequestProject/NavierStokes/GaussianMarginalChannel.lean,RequestProject.NavierStokes.GaussianMarginalChannel,61,lemma,contDiff_gaussWeight,ClayNS,ClayNS.contDiff_gaussWeight,
RequestProject/NavierStokes/GaussianMarginalChannel.lean,RequestProject.NavierStokes.GaussianMarginalChannel,66,lemma,contDiff_gaussWeight_one,ClayNS,ClayNS.contDiff_gaussWeight_one,
RequestProject/NavierStokes/GaussianMarginalChannel.lean,RequestProject.NavierStokes.GaussianMarginalChannel,69,lemma,differentiable_gaussWeight,ClayNS,ClayNS.differentiable_gaussWeight,
RequestProject/NavierStokes/GaussianMarginalChannel.lean,RequestProject.NavierStokes.GaussianMarginalChannel,74,lemma,fderiv_gaussWeight,ClayNS,ClayNS.fderiv_gaussWeight,
RequestProject/NavierStokes/GaussianMarginalChannel.lean,RequestProject.NavierStokes.GaussianMarginalChannel,102,def,advSpace,ClayNS,ClayNS.advSpace,
RequestProject/NavierStokes/GaussianMarginalChannel.lean,RequestProject.NavierStokes.GaussianMarginalChannel,105,def,gradSpace,ClayNS,ClayNS.gradSpace,
RequestProject/NavierStokes/GaussianMarginalChannel.lean,RequestProject.NavierStokes.GaussianMarginalChannel,108,def,divSpace,ClayNS,ClayNS.divSpace,
RequestProject/NavierStokes/GaussianMarginalChannel.lean,RequestProject.NavierStokes.GaussianMarginalChannel,113,def,bernoulliHead,ClayNS,ClayNS.bernoulliHead,
RequestProject/NavierStokes/GaussianMarginalChannel.lean,RequestProject.NavierStokes.GaussianMarginalChannel,115,lemma,fderiv_bernoulliHead,ClayNS,ClayNS.fderiv_bernoulliHead,
RequestProject/NavierStokes/GaussianMarginalChannel.lean,RequestProject.NavierStokes.GaussianMarginalChannel,136,lemma,inner_gradSpace_eq,ClayNS,ClayNS.inner_gradSpace_eq,
RequestProject/NavierStokes/GaussianMarginalChannel.lean,RequestProject.NavierStokes.GaussianMarginalChannel,148,lemma,fderiv_inner_pair,ClayNS,ClayNS.fderiv_inner_pair,
RequestProject/NavierStokes/GaussianMarginalChannel.lean,RequestProject.NavierStokes.GaussianMarginalChannel,159,lemma,inner_advSpace_add_gradSpace,ClayNS,ClayNS.inner_advSpace_add_gradSpace,
RequestProject/NavierStokes/GaussianMarginalChannel.lean,RequestProject.NavierStokes.GaussianMarginalChannel,195,theorem,gauss_weighted_transport_by_parts,ClayNS,ClayNS.gauss_weighted_transport_by_parts,
RequestProject/NavierStokes/GaussianMarginalChannel.lean,RequestProject.NavierStokes.GaussianMarginalChannel,321,theorem,gauss_weighted_marginal_channel,ClayNS,ClayNS.gauss_weighted_marginal_channel,
RequestProject/NavierStokes/GaussianMarginalChannel.lean,RequestProject.NavierStokes.GaussianMarginalChannel,348,def,advSpaceOn,ClayNS,ClayNS.advSpaceOn,
RequestProject/NavierStokes/GaussianMarginalChannel.lean,RequestProject.NavierStokes.GaussianMarginalChannel,358,theorem,gauss_weighted_transport_skew,ClayNS,ClayNS.gauss_weighted_transport_skew,
RequestProject/NavierStokes/GaussianMarginalChannel.lean,RequestProject.NavierStokes.GaussianMarginalChannel,396,theorem,gauss_weighted_pressure_solenoidal,ClayNS,ClayNS.gauss_weighted_pressure_solenoidal,
RequestProject/NavierStokes/GaussianMarginalTelescope.lean,RequestProject.NavierStokes.GaussianMarginalTelescope,66,theorem,hasDerivAt_ampSq,ClayNS,ClayNS.hasDerivAt_ampSq,
RequestProject/NavierStokes/GaussianMarginalTelescope.lean,RequestProject.NavierStokes.GaussianMarginalTelescope,81,theorem,amplitude_marginal_channel_logDeriv,ClayNS,ClayNS.amplitude_marginal_channel_logDeriv,
RequestProject/NavierStokes/GaussianMarginalTelescope.lean,RequestProject.NavierStokes.GaussianMarginalTelescope,100,def,gaussMarginalJ,ClayNS,ClayNS.gaussMarginalJ,
RequestProject/NavierStokes/GaussianMarginalTelescope.lean,RequestProject.NavierStokes.GaussianMarginalTelescope,110,theorem,gauss_amplitude_marginal_channel,ClayNS,ClayNS.gauss_amplitude_marginal_channel,
RequestProject/NavierStokes/GaussianMarginalTelescope.lean,RequestProject.NavierStokes.GaussianMarginalTelescope,138,theorem,marginal_channel_telescope,ClayNS,ClayNS.marginal_channel_telescope,
RequestProject/NavierStokes/GaussianMarginalTelescope.lean,RequestProject.NavierStokes.GaussianMarginalTelescope,158,theorem,marginal_channel_telescope_exact,ClayNS,ClayNS.marginal_channel_telescope_exact,
RequestProject/NavierStokes/GaussianMarginalTelescope.lean,RequestProject.NavierStokes.GaussianMarginalTelescope,173,theorem,hasDerivAt_ampPrimitive_rpow,ClayNS,ClayNS.hasDerivAt_ampPrimitive_rpow,
RequestProject/NavierStokes/GaussianMarginalTelescope.lean,RequestProject.NavierStokes.GaussianMarginalTelescope,187,theorem,hasDerivAt_ampPrimitive_log,ClayNS,ClayNS.hasDerivAt_ampPrimitive_log,
RequestProject/NavierStokes/GaussianMarginalTelescope.lean,RequestProject.NavierStokes.GaussianMarginalTelescope,198,theorem,variation_eq_of_hasDerivAt_eq,ClayNS,ClayNS.variation_eq_of_hasDerivAt_eq,
RequestProject/NavierStokes/GaussianMarginalTelescope.lean,RequestProject.NavierStokes.GaussianMarginalTelescope,219,theorem,marginal_channel_total_le,ClayNS,ClayNS.marginal_channel_total_le,
RequestProject/NavierStokes/GaussianMomentRigidity.lean,RequestProject.NavierStokes.GaussianMomentRigidity,66,def,gaussMoment,ClayNS,ClayNS.gaussMoment,
RequestProject/NavierStokes/GaussianMomentRigidity.lean,RequestProject.NavierStokes.GaussianMomentRigidity,69,lemma,gaussMoment_nonneg,ClayNS,ClayNS.gaussMoment_nonneg,
RequestProject/NavierStokes/GaussianMomentRigidity.lean,RequestProject.NavierStokes.GaussianMomentRigidity,75,lemma,sum_coord_mul_self,ClayNS,ClayNS.sum_coord_mul_self,
RequestProject/NavierStokes/GaussianMomentRigidity.lean,RequestProject.NavierStokes.GaussianMomentRigidity,82,lemma,fderiv_scalar_eq_zero_outside,ClayNS,ClayNS.fderiv_scalar_eq_zero_outside,
RequestProject/NavierStokes/GaussianMomentRigidity.lean,RequestProject.NavierStokes.GaussianMomentRigidity,94,lemma,integrable_gauss_moment,ClayNS,ClayNS.integrable_gauss_moment,
RequestProject/NavierStokes/GaussianMomentRigidity.lean,RequestProject.NavierStokes.GaussianMomentRigidity,113,theorem,gauss_dilation_scalar_identity,ClayNS,ClayNS.gauss_dilation_scalar_identity,
RequestProject/NavierStokes/GaussianMomentRigidity.lean,RequestProject.NavierStokes.GaussianMomentRigidity,223,theorem,gauss_moment_dilation_identity,ClayNS,ClayNS.gauss_moment_dilation_identity,
RequestProject/NavierStokes/GaussianMomentRigidity.lean,RequestProject.NavierStokes.GaussianMomentRigidity,278,lemma,abs_inner_dilTransport_le,ClayNS,ClayNS.abs_inner_dilTransport_le,
RequestProject/NavierStokes/GaussianMomentRigidity.lean,RequestProject.NavierStokes.GaussianMomentRigidity,329,theorem,gaussMoment_le_dirichlet_amp,ClayNS,ClayNS.gaussMoment_le_dirichlet_amp,
RequestProject/NavierStokes/GaussianMomentRigidity.lean,RequestProject.NavierStokes.GaussianMomentRigidity,386,theorem,gaussMarginalJ_moment_bound,ClayNS,ClayNS.gaussMarginalJ_moment_bound,
RequestProject/NavierStokes/GaussianMomentRigidity.lean,RequestProject.NavierStokes.GaussianMomentRigidity,449,theorem,stationary_similarity_rigidity_moment,ClayNS,ClayNS.stationary_similarity_rigidity_moment,
RequestProject/NavierStokes/GaussianNearFarOptimization.lean,RequestProject.NavierStokes.GaussianNearFarOptimization,62,theorem,gauss_pairing_young,ClayNS,ClayNS.gauss_pairing_young,
RequestProject/NavierStokes/GaussianNearFarOptimization.lean,RequestProject.NavierStokes.GaussianNearFarOptimization,108,theorem,gauss_near_pairing_relative_L2,ClayNS,ClayNS.gauss_near_pairing_relative_L2,
RequestProject/NavierStokes/GaussianNearFarOptimization.lean,RequestProject.NavierStokes.GaussianNearFarOptimization,130,theorem,exists_cutoff_far_small,ClayNS,ClayNS.exists_cutoff_far_small,
RequestProject/NavierStokes/GaussianNearFarOptimization.lean,RequestProject.NavierStokes.GaussianNearFarOptimization,167,theorem,gauss_nearfar_strict_relative_contraction,ClayNS,ClayNS.gauss_nearfar_strict_relative_contraction,
RequestProject/NavierStokes/GaussianNearFarSplit.lean,RequestProject.NavierStokes.GaussianNearFarSplit,59,def,gaussNear,ClayNS,ClayNS.gaussNear,
RequestProject/NavierStokes/GaussianNearFarSplit.lean,RequestProject.NavierStokes.GaussianNearFarSplit,62,def,gaussFar,ClayNS,ClayNS.gaussFar,
RequestProject/NavierStokes/GaussianNearFarSplit.lean,RequestProject.NavierStokes.GaussianNearFarSplit,65,lemma,gaussNear_add_gaussFar,ClayNS,ClayNS.gaussNear_add_gaussFar,@[simp]
RequestProject/NavierStokes/GaussianNearFarSplit.lean,RequestProject.NavierStokes.GaussianNearFarSplit,78,lemma,gaussWeight_le_tail,ClayNS,ClayNS.gaussWeight_le_tail,
RequestProject/NavierStokes/GaussianNearFarSplit.lean,RequestProject.NavierStokes.GaussianNearFarSplit,97,theorem,gauss_far_pairing_tail_bound,ClayNS,ClayNS.gauss_far_pairing_tail_bound,
RequestProject/NavierStokes/GaussianNearFarSplit.lean,RequestProject.NavierStokes.GaussianNearFarSplit,143,theorem,gauss_far_sq_tail_bound,ClayNS,ClayNS.gauss_far_sq_tail_bound,
RequestProject/NavierStokes/GaussianNearFarSplit.lean,RequestProject.NavierStokes.GaussianNearFarSplit,189,theorem,gauss_near_pairing_relative,ClayNS,ClayNS.gauss_near_pairing_relative,
RequestProject/NavierStokes/GaussianNearFarSplit.lean,RequestProject.NavierStokes.GaussianNearFarSplit,231,theorem,gauss_nearfar_interaction_bound,ClayNS,ClayNS.gauss_nearfar_interaction_bound,
RequestProject/NavierStokes/GaussianOrnsteinUhlenbeck.lean,RequestProject.NavierStokes.GaussianOrnsteinUhlenbeck,51,def,lapSpace,ClayNS,ClayNS.lapSpace,
RequestProject/NavierStokes/GaussianOrnsteinUhlenbeck.lean,RequestProject.NavierStokes.GaussianOrnsteinUhlenbeck,55,def,gradSqSpace,ClayNS,ClayNS.gradSqSpace,
RequestProject/NavierStokes/GaussianOrnsteinUhlenbeck.lean,RequestProject.NavierStokes.GaussianOrnsteinUhlenbeck,58,def,dilTransport,ClayNS,ClayNS.dilTransport,
RequestProject/NavierStokes/GaussianOrnsteinUhlenbeck.lean,RequestProject.NavierStokes.GaussianOrnsteinUhlenbeck,60,lemma,gradSqSpace_nonneg,ClayNS,ClayNS.gradSqSpace_nonneg,
RequestProject/NavierStokes/GaussianOrnsteinUhlenbeck.lean,RequestProject.NavierStokes.GaussianOrnsteinUhlenbeck,66,lemma,contDiff_dir_fderiv,ClayNS,ClayNS.contDiff_dir_fderiv,
RequestProject/NavierStokes/GaussianOrnsteinUhlenbeck.lean,RequestProject.NavierStokes.GaussianOrnsteinUhlenbeck,72,lemma,fderiv_eq_zero_outside,ClayNS,ClayNS.fderiv_eq_zero_outside,
RequestProject/NavierStokes/GaussianOrnsteinUhlenbeck.lean,RequestProject.NavierStokes.GaussianOrnsteinUhlenbeck,84,lemma,fderiv_dir_eq_zero_outside,ClayNS,ClayNS.fderiv_dir_eq_zero_outside,
RequestProject/NavierStokes/GaussianOrnsteinUhlenbeck.lean,RequestProject.NavierStokes.GaussianOrnsteinUhlenbeck,97,lemma,integrable_of_continuous_vanishing_outside,ClayNS,ClayNS.integrable_of_continuous_vanishing_outside,
RequestProject/NavierStokes/GaussianOrnsteinUhlenbeck.lean,RequestProject.NavierStokes.GaussianOrnsteinUhlenbeck,116,theorem,gauss_OU_divergence_identity,ClayNS,ClayNS.gauss_OU_divergence_identity,
RequestProject/NavierStokes/GaussianOrnsteinUhlenbeck.lean,RequestProject.NavierStokes.GaussianOrnsteinUhlenbeck,184,lemma,integrable_gauss_lap,ClayNS,ClayNS.integrable_gauss_lap,
RequestProject/NavierStokes/GaussianOrnsteinUhlenbeck.lean,RequestProject.NavierStokes.GaussianOrnsteinUhlenbeck,200,lemma,integrable_gauss_gradSq,ClayNS,ClayNS.integrable_gauss_gradSq,
RequestProject/NavierStokes/GaussianOrnsteinUhlenbeck.lean,RequestProject.NavierStokes.GaussianOrnsteinUhlenbeck,218,lemma,integrable_gauss_dil,ClayNS,ClayNS.integrable_gauss_dil,
RequestProject/NavierStokes/GaussianOrnsteinUhlenbeck.lean,RequestProject.NavierStokes.GaussianOrnsteinUhlenbeck,235,lemma,integrable_gauss_amp,ClayNS,ClayNS.integrable_gauss_amp,
RequestProject/NavierStokes/GaussianOrnsteinUhlenbeck.lean,RequestProject.NavierStokes.GaussianOrnsteinUhlenbeck,252,theorem,gauss_OU_energy_identity,ClayNS,ClayNS.gauss_OU_energy_identity,
RequestProject/NavierStokes/GaussianOrnsteinUhlenbeck.lean,RequestProject.NavierStokes.GaussianOrnsteinUhlenbeck,289,theorem,gauss_OU_nonpos,ClayNS,ClayNS.gauss_OU_nonpos,
RequestProject/NavierStokes/GaussianScaleGram.lean,RequestProject.NavierStokes.GaussianScaleGram,54,def,gramA,ClayNS,ClayNS.gramA,
RequestProject/NavierStokes/GaussianScaleGram.lean,RequestProject.NavierStokes.GaussianScaleGram,58,def,gramC,ClayNS,ClayNS.gramC,
RequestProject/NavierStokes/GaussianScaleGram.lean,RequestProject.NavierStokes.GaussianScaleGram,62,def,gramDefect,ClayNS,ClayNS.gramDefect,
RequestProject/NavierStokes/GaussianScaleGram.lean,RequestProject.NavierStokes.GaussianScaleGram,65,lemma,gramA_nonneg,ClayNS,ClayNS.gramA_nonneg,
RequestProject/NavierStokes/GaussianScaleGram.lean,RequestProject.NavierStokes.GaussianScaleGram,70,theorem,gram_deficit_identity,ClayNS,ClayNS.gram_deficit_identity,
RequestProject/NavierStokes/GaussianScaleGram.lean,RequestProject.NavierStokes.GaussianScaleGram,109,theorem,gramDefect_nonneg,ClayNS,ClayNS.gramDefect_nonneg,
RequestProject/NavierStokes/GaussianScaleGram.lean,RequestProject.NavierStokes.GaussianScaleGram,147,theorem,gram_orbit_distance,ClayNS,ClayNS.gram_orbit_distance,
RequestProject/NavierStokes/GaussianScaleGram.lean,RequestProject.NavierStokes.GaussianScaleGram,163,theorem,gaussian_scale_gram_dichotomy,ClayNS,ClayNS.gaussian_scale_gram_dichotomy,
RequestProject/NavierStokes/GaussianScaleGram.lean,RequestProject.NavierStokes.GaussianScaleGram,180,theorem,gram_orbit_exact,ClayNS,ClayNS.gram_orbit_exact,
RequestProject/NavierStokes/GaussianScaleGram.lean,RequestProject.NavierStokes.GaussianScaleGram,192,def,scaleGen,ClayNS,ClayNS.scaleGen,
RequestProject/NavierStokes/GaussianScaleGram.lean,RequestProject.NavierStokes.GaussianScaleGram,198,def,scaleGramDefect,ClayNS,ClayNS.scaleGramDefect,
RequestProject/NavierStokes/GaussianScaleGram.lean,RequestProject.NavierStokes.GaussianScaleGram,206,theorem,gaussianScaleGram_dichotomy,ClayNS,ClayNS.gaussianScaleGram_dichotomy,
RequestProject/NavierStokes/GaussianScaleGram.lean,RequestProject.NavierStokes.GaussianScaleGram,217,theorem,scaleGramDefect_nonneg,ClayNS,ClayNS.scaleGramDefect_nonneg,
RequestProject/NavierStokes/GaussianSimilarityInteractionClosure.lean,RequestProject.NavierStokes.GaussianSimilarityInteractionClosure,92,theorem,similarity_energy_deriv_le_transverse_signed,ClayNS,ClayNS.similarity_energy_deriv_le_transverse_signed,
RequestProject/NavierStokes/GaussianSimilarityInteractionClosure.lean,RequestProject.NavierStokes.GaussianSimilarityInteractionClosure,118,theorem,transverse_pairing_eq,ClayNS,ClayNS.transverse_pairing_eq,
RequestProject/NavierStokes/GaussianSimilarityInteractionClosure.lean,RequestProject.NavierStokes.GaussianSimilarityInteractionClosure,133,theorem,nearfar_cutoff_optimization,ClayNS,ClayNS.nearfar_cutoff_optimization,
RequestProject/NavierStokes/GaussianSimilarityInteractionClosure.lean,RequestProject.NavierStokes.GaussianSimilarityInteractionClosure,152,theorem,amplitude_marginal_remainder_absorbed,ClayNS,ClayNS.amplitude_marginal_remainder_absorbed,
RequestProject/NavierStokes/GaussianSimilarityInteractionClosure.lean,RequestProject.NavierStokes.GaussianSimilarityInteractionClosure,181,theorem,similarity_energy_deriv_le_marginal_absorbed,ClayNS,ClayNS.similarity_energy_deriv_le_marginal_absorbed,
RequestProject/NavierStokes/GaussianSimilarityInteractionClosure.lean,RequestProject.NavierStokes.GaussianSimilarityInteractionClosure,230,theorem,gaussian_similarity_interaction_closure,ClayNS,ClayNS.gaussian_similarity_interaction_closure,
RequestProject/NavierStokes/GaussianSimilarityInteractionClosure.lean,RequestProject.NavierStokes.GaussianSimilarityInteractionClosure,316,theorem,gaussian_similarity_interaction_closure_absorbed,ClayNS,ClayNS.gaussian_similarity_interaction_closure_absorbed,
RequestProject/NavierStokes/GaussianSimilarityInteractionClosure.lean,RequestProject.NavierStokes.GaussianSimilarityInteractionClosure,393,theorem,clay_A_dyn_of_gaussian_similarity_interaction_closure,ClayNS,ClayNS.clay_A_dyn_of_gaussian_similarity_interaction_closure,
RequestProject/NavierStokes/GaussianSpacetimeBudget.lean,RequestProject.NavierStokes.GaussianSpacetimeBudget,39,def,gwMass,ClayNS,ClayNS.gwMass,
RequestProject/NavierStokes/GaussianSpacetimeBudget.lean,RequestProject.NavierStokes.GaussianSpacetimeBudget,43,def,gwJ2,ClayNS,ClayNS.gwJ2,
RequestProject/NavierStokes/GaussianSpacetimeBudget.lean,RequestProject.NavierStokes.GaussianSpacetimeBudget,48,def,gwJ1,ClayNS,ClayNS.gwJ1,
RequestProject/NavierStokes/GaussianSpacetimeBudget.lean,RequestProject.NavierStokes.GaussianSpacetimeBudget,53,def,gwK2,ClayNS,ClayNS.gwK2,
RequestProject/NavierStokes/GaussianSpacetimeBudget.lean,RequestProject.NavierStokes.GaussianSpacetimeBudget,60,lemma,continuous_gwJ2,ClayNS,ClayNS.continuous_gwJ2,
RequestProject/NavierStokes/GaussianSpacetimeBudget.lean,RequestProject.NavierStokes.GaussianSpacetimeBudget,69,lemma,continuous_gwJ1,ClayNS,ClayNS.continuous_gwJ1,
RequestProject/NavierStokes/GaussianSpacetimeBudget.lean,RequestProject.NavierStokes.GaussianSpacetimeBudget,75,lemma,continuous_gwK2,ClayNS,ClayNS.continuous_gwK2,
RequestProject/NavierStokes/GaussianSpacetimeBudget.lean,RequestProject.NavierStokes.GaussianSpacetimeBudget,82,lemma,hasDerivAt_gwMass,ClayNS,ClayNS.hasDerivAt_gwMass,
RequestProject/NavierStokes/GaussianSpacetimeBudget.lean,RequestProject.NavierStokes.GaussianSpacetimeBudget,90,lemma,continuous_gwMassDeriv,ClayNS,ClayNS.continuous_gwMassDeriv,
RequestProject/NavierStokes/GaussianSpacetimeBudget.lean,RequestProject.NavierStokes.GaussianSpacetimeBudget,106,theorem,gaussian_weighted_spacetime_budget,ClayNS,ClayNS.gaussian_weighted_spacetime_budget,
RequestProject/NavierStokes/GaussianUnweighting.lean,RequestProject.NavierStokes.GaussianUnweighting,45,lemma,tgProfile_le_sq,ClayNS,ClayNS.tgProfile_le_sq,
RequestProject/NavierStokes/GaussianUnweighting.lean,RequestProject.NavierStokes.GaussianUnweighting,56,lemma,sepSum_tgProfile_le,ClayNS,ClayNS.sepSum_tgProfile_le,
RequestProject/NavierStokes/GaussianUnweighting.lean,RequestProject.NavierStokes.GaussianUnweighting,64,theorem,torusGauss_ge_exp_of_sq_le,ClayNS,ClayNS.torusGauss_ge_exp_of_sq_le,
RequestProject/NavierStokes/GaussianUnweighting.lean,RequestProject.NavierStokes.GaussianUnweighting,83,theorem,torusGauss_ge_scaleInvariant,ClayNS,ClayNS.torusGauss_ge_scaleInvariant,
RequestProject/NavierStokes/GaussianUnweighting.lean,RequestProject.NavierStokes.GaussianUnweighting,97,theorem,setIntegral_le_gaussianWeighted,ClayNS,ClayNS.setIntegral_le_gaussianWeighted,
RequestProject/NavierStokes/GaussianUnweighting.lean,RequestProject.NavierStokes.GaussianUnweighting,124,theorem,setIntegral_le_gaussianWeighted_scaleInvariant,ClayNS,ClayNS.setIntegral_le_gaussianWeighted_scaleInvariant,
RequestProject/NavierStokes/GaussianWeightedAbsorption.lean,RequestProject.NavierStokes.GaussianWeightedAbsorption,55,def,fisherDens,ClayNS,ClayNS.fisherDens,
RequestProject/NavierStokes/GaussianWeightedAbsorption.lean,RequestProject.NavierStokes.GaussianWeightedAbsorption,58,lemma,fisherDens_nonneg,ClayNS,ClayNS.fisherDens_nonneg,
RequestProject/NavierStokes/GaussianWeightedAbsorption.lean,RequestProject.NavierStokes.GaussianWeightedAbsorption,63,lemma,fisherDens_torusGauss,ClayNS,ClayNS.fisherDens_torusGauss,
RequestProject/NavierStokes/GaussianWeightedAbsorption.lean,RequestProject.NavierStokes.GaussianWeightedAbsorption,66,lemma,contDiff_fisherDens,ClayNS,ClayNS.contDiff_fisherDens,
RequestProject/NavierStokes/GaussianWeightedAbsorption.lean,RequestProject.NavierStokes.GaussianWeightedAbsorption,80,theorem,abs_dvec_le_fisher_young,ClayNS,ClayNS.abs_dvec_le_fisher_young,
RequestProject/NavierStokes/GaussianWeightedAbsorption.lean,RequestProject.NavierStokes.GaussianWeightedAbsorption,105,def,stretchBudgetW,ClayNS,ClayNS.stretchBudgetW,
RequestProject/NavierStokes/GaussianWeightedAbsorption.lean,RequestProject.NavierStokes.GaussianWeightedAbsorption,115,lemma,contDiff_stretchBudgetW,ClayNS,ClayNS.contDiff_stretchBudgetW,
RequestProject/NavierStokes/GaussianWeightedAbsorption.lean,RequestProject.NavierStokes.GaussianWeightedAbsorption,141,theorem,increment_stretching_transfer_budget_weighted,ClayNS,ClayNS.increment_stretching_transfer_budget_weighted,
RequestProject/NavierStokes/GaussianWeightedAbsorption.lean,RequestProject.NavierStokes.GaussianWeightedAbsorption,164,theorem,increment_stretching_transfer_cell_budget_weighted,ClayNS,ClayNS.increment_stretching_transfer_cell_budget_weighted,
RequestProject/NavierStokes/GaussianWeightedAbsorption.lean,RequestProject.NavierStokes.GaussianWeightedAbsorption,221,theorem,approx_adjoint_caccioppoli_linear_budget_weighted,ClayNS,ClayNS.approx_adjoint_caccioppoli_linear_budget_weighted,
RequestProject/NavierStokes/GaussianWeightedAbsorption.lean,RequestProject.NavierStokes.GaussianWeightedAbsorption,393,theorem,gaussianGradientWeightedAbsorption,ClayNS,ClayNS.gaussianGradientWeightedAbsorption,
RequestProject/NavierStokes/GaussianWeightedAbsorption.lean,RequestProject.NavierStokes.GaussianWeightedAbsorption,488,theorem,gaussianWeightedSource_tendsto_zero,ClayNS,ClayNS.gaussianWeightedSource_tendsto_zero,
RequestProject/NavierStokes/GeneralDilationProbe.lean,RequestProject.NavierStokes.GeneralDilationProbe,50,def,radPair,ClayNS,ClayNS.radPair,
RequestProject/NavierStokes/GeneralDilationProbe.lean,RequestProject.NavierStokes.GeneralDilationProbe,53,def,dilGen,ClayNS,ClayNS.dilGen,
RequestProject/NavierStokes/GeneralDilationProbe.lean,RequestProject.NavierStokes.GeneralDilationProbe,57,def,scaleResidual,ClayNS,ClayNS.scaleResidual,
RequestProject/NavierStokes/GeneralDilationProbe.lean,RequestProject.NavierStokes.GeneralDilationProbe,61,def,dilProbe,ClayNS,ClayNS.dilProbe,
RequestProject/NavierStokes/GeneralDilationProbe.lean,RequestProject.NavierStokes.GeneralDilationProbe,63,lemma,dilProbe_eq,ClayNS,ClayNS.dilProbe_eq,
RequestProject/NavierStokes/GeneralDilationProbe.lean,RequestProject.NavierStokes.GeneralDilationProbe,69,lemma,contDiff_coordFun,ClayNS,ClayNS.contDiff_coordFun,
RequestProject/NavierStokes/GeneralDilationProbe.lean,RequestProject.NavierStokes.GeneralDilationProbe,72,lemma,fderiv_coordFun,ClayNS,ClayNS.fderiv_coordFun,
RequestProject/NavierStokes/GeneralDilationProbe.lean,RequestProject.NavierStokes.GeneralDilationProbe,75,lemma,hasFDerivAt_coordFun,ClayNS,ClayNS.hasFDerivAt_coordFun,
RequestProject/NavierStokes/GeneralDilationProbe.lean,RequestProject.NavierStokes.GeneralDilationProbe,80,lemma,fderiv_apply_self,ClayNS,ClayNS.fderiv_apply_self,
RequestProject/NavierStokes/GeneralDilationProbe.lean,RequestProject.NavierStokes.GeneralDilationProbe,87,lemma,hasFDerivAt_radPair,ClayNS,ClayNS.hasFDerivAt_radPair,
RequestProject/NavierStokes/GeneralDilationProbe.lean,RequestProject.NavierStokes.GeneralDilationProbe,96,lemma,differentiableAt_radPair,ClayNS,ClayNS.differentiableAt_radPair,
RequestProject/NavierStokes/GeneralDilationProbe.lean,RequestProject.NavierStokes.GeneralDilationProbe,100,lemma,fderiv_radPair_apply,ClayNS,ClayNS.fderiv_radPair_apply,
RequestProject/NavierStokes/GeneralDilationProbe.lean,RequestProject.NavierStokes.GeneralDilationProbe,114,theorem,dilation_flux_div,ClayNS,ClayNS.dilation_flux_div,
RequestProject/NavierStokes/GeneralDilationProbe.lean,RequestProject.NavierStokes.GeneralDilationProbe,162,theorem,dilation_probe_adjoint,ClayNS,ClayNS.dilation_probe_adjoint,
RequestProject/NavierStokes/GlobalAssembly.lean,RequestProject.NavierStokes.GlobalAssembly,37,lemma,slice_const_of_spatial_grad_zero,ClayNS,ClayNS.slice_const_of_spatial_grad_zero,
RequestProject/NavierStokes/GlobalAssembly.lean,RequestProject.NavierStokes.GlobalAssembly,58,def,timeAxis,ClayNS,ClayNS.timeAxis,
RequestProject/NavierStokes/GlobalAssembly.lean,RequestProject.NavierStokes.GlobalAssembly,61,lemma,timeAxis_apply,ClayNS,ClayNS.timeAxis_apply,@[simp]
RequestProject/NavierStokes/GlobalAssembly.lean,RequestProject.NavierStokes.GlobalAssembly,63,lemma,contDiff_gauge,ClayNS,ClayNS.contDiff_gauge,
RequestProject/NavierStokes/GlobalAssembly.lean,RequestProject.NavierStokes.GlobalAssembly,67,lemma,dvec_space_gauge,ClayNS,ClayNS.dvec_space_gauge,
RequestProject/NavierStokes/GlobalAssembly.lean,RequestProject.NavierStokes.GlobalAssembly,80,lemma,grad_gauge,ClayNS,ClayNS.grad_gauge,
RequestProject/NavierStokes/GlobalAssembly.lean,RequestProject.NavierStokes.GlobalAssembly,89,structure,NormalizedWindow,ClayNS,ClayNS.NormalizedWindow,
RequestProject/NavierStokes/GlobalAssembly.lean,RequestProject.NavierStokes.GlobalAssembly,96,theorem,exists_normalized_window,ClayNS,ClayNS.exists_normalized_window,
RequestProject/NavierStokes/GlobalAssembly.lean,RequestProject.NavierStokes.GlobalAssembly,115,lemma,derivs_eq_of_eqOn_open,ClayNS,ClayNS.derivs_eq_of_eqOn_open,
RequestProject/NavierStokes/GlobalAssembly.lean,RequestProject.NavierStokes.GlobalAssembly,138,lemma,grad_apply,ClayNS,ClayNS.grad_apply,
RequestProject/NavierStokes/GlobalAssembly.lean,RequestProject.NavierStokes.GlobalAssembly,143,theorem,normalizedWindow_unique,ClayNS,ClayNS.normalizedWindow_unique,
RequestProject/NavierStokes/GlobalAssembly.lean,RequestProject.NavierStokes.GlobalAssembly,222,lemma,divg_eq_of_eqOn_open,ClayNS,ClayNS.divg_eq_of_eqOn_open,
RequestProject/NavierStokes/GlobalAssembly.lean,RequestProject.NavierStokes.GlobalAssembly,229,lemma,grad_eq_of_eqOn_open,ClayNS,ClayNS.grad_eq_of_eqOn_open,
RequestProject/NavierStokes/GlobalAssembly.lean,RequestProject.NavierStokes.GlobalAssembly,241,def,glueIdx,ClayNS,ClayNS.glueIdx,noncomputable
RequestProject/NavierStokes/GlobalAssembly.lean,RequestProject.NavierStokes.GlobalAssembly,245,def,glueVel,ClayNS,ClayNS.glueVel,noncomputable
RequestProject/NavierStokes/GlobalAssembly.lean,RequestProject.NavierStokes.GlobalAssembly,249,def,gluePres,ClayNS,ClayNS.gluePres,noncomputable
RequestProject/NavierStokes/GlobalAssembly.lean,RequestProject.NavierStokes.GlobalAssembly,252,lemma,glueIdx_spec,ClayNS,ClayNS.glueIdx_spec,
RequestProject/NavierStokes/GlobalAssembly.lean,RequestProject.NavierStokes.GlobalAssembly,258,lemma,glueIdx_eq_zero,ClayNS,ClayNS.glueIdx_eq_zero,
RequestProject/NavierStokes/GlobalAssembly.lean,RequestProject.NavierStokes.GlobalAssembly,272,theorem,glue_local,ClayNS,ClayNS.glue_local,
RequestProject/NavierStokes/GlobalAssembly.lean,RequestProject.NavierStokes.GlobalAssembly,307,theorem,glueVel_datum,ClayNS,ClayNS.glueVel_datum,
RequestProject/NavierStokes/GlobalAssembly.lean,RequestProject.NavierStokes.GlobalAssembly,312,theorem,glueVel_periodic,ClayNS,ClayNS.glueVel_periodic,
RequestProject/NavierStokes/GlobalAssembly.lean,RequestProject.NavierStokes.GlobalAssembly,318,theorem,gluePres_periodic,ClayNS,ClayNS.gluePres_periodic,
RequestProject/NavierStokes/GlobalAssembly.lean,RequestProject.NavierStokes.GlobalAssembly,325,theorem,glue_isNSSolutionSlab,ClayNS,ClayNS.glue_isNSSolutionSlab,
RequestProject/NavierStokes/GlobalAssembly.lean,RequestProject.NavierStokes.GlobalAssembly,353,theorem,glue_isNSSolution,ClayNS,ClayNS.glue_isNSSolution,
RequestProject/NavierStokes/GlobalAssembly.lean,RequestProject.NavierStokes.GlobalAssembly,374,def,windowLengths,ClayNS,ClayNS.windowLengths,
RequestProject/NavierStokes/GlobalAssembly.lean,RequestProject.NavierStokes.GlobalAssembly,378,theorem,isNSSolutionOn_mono,ClayNS,ClayNS.isNSSolutionOn_mono,
RequestProject/NavierStokes/GlobalAssembly.lean,RequestProject.NavierStokes.GlobalAssembly,391,theorem,windowLengths_unbounded,ClayNS,ClayNS.windowLengths_unbounded,
RequestProject/NavierStokes/GlobalAssembly.lean,RequestProject.NavierStokes.GlobalAssembly,432,theorem,globalAssemblyGate_holds,ClayNS,ClayNS.globalAssemblyGate_holds,
RequestProject/NavierStokes/GlobalAssembly.lean,RequestProject.NavierStokes.GlobalAssembly,450,theorem,clayPeriodicTargetB_of_gates,ClayNS,ClayNS.clayPeriodicTargetB_of_gates,
RequestProject/NavierStokes/GlobalEnergy.lean,RequestProject.NavierStokes.GlobalEnergy,37,def,gradSq,ClayNS,ClayNS.gradSq,
RequestProject/NavierStokes/GlobalEnergy.lean,RequestProject.NavierStokes.GlobalEnergy,40,lemma,gradSq_nonneg,ClayNS,ClayNS.gradSq_nonneg,
RequestProject/NavierStokes/GlobalEnergy.lean,RequestProject.NavierStokes.GlobalEnergy,44,def,energy,ClayNS,ClayNS.energy,
RequestProject/NavierStokes/GlobalEnergy.lean,RequestProject.NavierStokes.GlobalEnergy,47,def,enstrophy,ClayNS,ClayNS.enstrophy,
RequestProject/NavierStokes/GlobalEnergy.lean,RequestProject.NavierStokes.GlobalEnergy,51,lemma,continuous_dvec,ClayNS,ClayNS.continuous_dvec,
RequestProject/NavierStokes/GlobalEnergy.lean,RequestProject.NavierStokes.GlobalEnergy,55,lemma,spacePeriodic_quad,ClayNS,ClayNS.spacePeriodic_quad,
RequestProject/NavierStokes/GlobalEnergy.lean,RequestProject.NavierStokes.GlobalEnergy,61,lemma,spacePeriodic_coord,ClayNS,ClayNS.spacePeriodic_coord,
RequestProject/NavierStokes/GlobalEnergy.lean,RequestProject.NavierStokes.GlobalEnergy,64,lemma,continuous_time_slice,ClayNS,ClayNS.continuous_time_slice,
RequestProject/NavierStokes/GlobalEnergy.lean,RequestProject.NavierStokes.GlobalEnergy,72,def,quadFlux,ClayNS,ClayNS.quadFlux,
RequestProject/NavierStokes/GlobalEnergy.lean,RequestProject.NavierStokes.GlobalEnergy,77,lemma,quadFlux_divergence_at,ClayNS,ClayNS.quadFlux_divergence_at,
RequestProject/NavierStokes/GlobalEnergy.lean,RequestProject.NavierStokes.GlobalEnergy,118,lemma,quadFlux_divergence,ClayNS,ClayNS.quadFlux_divergence,
RequestProject/NavierStokes/GlobalEnergy.lean,RequestProject.NavierStokes.GlobalEnergy,135,theorem,global_quadratic_balance_at,ClayNS,ClayNS.global_quadratic_balance_at,
RequestProject/NavierStokes/GlobalEnergy.lean,RequestProject.NavierStokes.GlobalEnergy,228,theorem,global_quadratic_balance,ClayNS,ClayNS.global_quadratic_balance,
RequestProject/NavierStokes/GlobalEnergy.lean,RequestProject.NavierStokes.GlobalEnergy,247,theorem,cellInt_pressure_work_eq_zero_at,ClayNS,ClayNS.cellInt_pressure_work_eq_zero_at,
RequestProject/NavierStokes/GlobalEnergy.lean,RequestProject.NavierStokes.GlobalEnergy,275,theorem,cellInt_pressure_work_eq_zero,ClayNS,ClayNS.cellInt_pressure_work_eq_zero,
RequestProject/NavierStokes/GlobalEnergy.lean,RequestProject.NavierStokes.GlobalEnergy,285,theorem,energy_balance,ClayNS,ClayNS.energy_balance,
RequestProject/NavierStokes/GlobalEnergy.lean,RequestProject.NavierStokes.GlobalEnergy,317,theorem,energy_antitone,ClayNS,ClayNS.energy_antitone,
RequestProject/NavierStokes/GlobalEnergy.lean,RequestProject.NavierStokes.GlobalEnergy,336,theorem,energy_le_initial,ClayNS,ClayNS.energy_le_initial,
RequestProject/NavierStokes/GlobalEnergy.lean,RequestProject.NavierStokes.GlobalEnergy,348,lemma,continuous_gradSq,ClayNS,ClayNS.continuous_gradSq,
RequestProject/NavierStokes/GlobalEnergy.lean,RequestProject.NavierStokes.GlobalEnergy,353,lemma,continuous_cellInt_gradSq,ClayNS,ClayNS.continuous_cellInt_gradSq,
RequestProject/NavierStokes/GlobalEnergy.lean,RequestProject.NavierStokes.GlobalEnergy,362,theorem,energy_dissipation_integral,ClayNS,ClayNS.energy_dissipation_integral,
RequestProject/NavierStokes/GlobalEnergy.lean,RequestProject.NavierStokes.GlobalEnergy,387,def,meanVel,ClayNS,ClayNS.meanVel,
RequestProject/NavierStokes/GlobalEnergy.lean,RequestProject.NavierStokes.GlobalEnergy,392,theorem,hasDerivAt_meanVel,ClayNS,ClayNS.hasDerivAt_meanVel,
RequestProject/NavierStokes/GlobalEnergy.lean,RequestProject.NavierStokes.GlobalEnergy,476,theorem,meanVel_const,ClayNS,ClayNS.meanVel_const,
RequestProject/NavierStokes/GlobalEnergy.lean,RequestProject.NavierStokes.GlobalEnergy,496,theorem,enstrophy_balance,ClayNS,ClayNS.enstrophy_balance,
RequestProject/NavierStokes/GradientEnergyScaling.lean,RequestProject.NavierStokes.GradientEnergyScaling,42,theorem,QgradCyl_le_of_bounded,ClayNS,ClayNS.QgradCyl_le_of_bounded,
RequestProject/NavierStokes/GradientEnergyScaling.lean,RequestProject.NavierStokes.GradientEnergyScaling,82,theorem,sup_gradient_ge_of_velocityScale_defect,ClayNS,ClayNS.sup_gradient_ge_of_velocityScale_defect,
RequestProject/NavierStokes/GramConsumerFactorisation.lean,RequestProject.NavierStokes.GramConsumerFactorisation,47,abbrev,CellFamily,ClayNS.GramConsumer,ClayNS.GramConsumer.CellFamily,
RequestProject/NavierStokes/GramConsumerFactorisation.lean,RequestProject.NavierStokes.GramConsumerFactorisation,53,def,gramProfile,ClayNS.GramConsumer,ClayNS.GramConsumer.gramProfile,
RequestProject/NavierStokes/GramConsumerFactorisation.lean,RequestProject.NavierStokes.GramConsumerFactorisation,57,def,massProfile,ClayNS.GramConsumer,ClayNS.GramConsumer.massProfile,
RequestProject/NavierStokes/GramConsumerFactorisation.lean,RequestProject.NavierStokes.GramConsumerFactorisation,61,def,gramConsumer,ClayNS.GramConsumer,ClayNS.GramConsumer.gramConsumer,
RequestProject/NavierStokes/GramConsumerFactorisation.lean,RequestProject.NavierStokes.GramConsumerFactorisation,65,def,gramForm,ClayNS.GramConsumer,ClayNS.GramConsumer.gramForm,
RequestProject/NavierStokes/GramConsumerFactorisation.lean,RequestProject.NavierStokes.GramConsumerFactorisation,74,def,gramConsumer_factorsThrough_gramProfile,ClayNS.GramConsumer,ClayNS.GramConsumer.gramConsumer_factorsThrough_gramProfile,
RequestProject/NavierStokes/GramConsumerFactorisation.lean,RequestProject.NavierStokes.GramConsumerFactorisation,83,theorem,gramConsumer_determined_by_gramProfile,ClayNS.GramConsumer,ClayNS.GramConsumer.gramConsumer_determined_by_gramProfile,
RequestProject/NavierStokes/GramConsumerFactorisation.lean,RequestProject.NavierStokes.GramConsumerFactorisation,88,def,gramForm_factorsThrough_gramProfile,ClayNS.GramConsumer,ClayNS.GramConsumer.gramForm_factorsThrough_gramProfile,
RequestProject/NavierStokes/GramConsumerFactorisation.lean,RequestProject.NavierStokes.GramConsumerFactorisation,102,def,wE0,ClayNS.GramConsumer,ClayNS.GramConsumer.wE0,
RequestProject/NavierStokes/GramConsumerFactorisation.lean,RequestProject.NavierStokes.GramConsumerFactorisation,105,def,wE1,ClayNS.GramConsumer,ClayNS.GramConsumer.wE1,
RequestProject/NavierStokes/GramConsumerFactorisation.lean,RequestProject.NavierStokes.GramConsumerFactorisation,108,def,cellV,ClayNS.GramConsumer,ClayNS.GramConsumer.cellV,
RequestProject/NavierStokes/GramConsumerFactorisation.lean,RequestProject.NavierStokes.GramConsumerFactorisation,111,def,famPlus,ClayNS.GramConsumer,ClayNS.GramConsumer.famPlus,
RequestProject/NavierStokes/GramConsumerFactorisation.lean,RequestProject.NavierStokes.GramConsumerFactorisation,114,def,famMinus,ClayNS.GramConsumer,ClayNS.GramConsumer.famMinus,
RequestProject/NavierStokes/GramConsumerFactorisation.lean,RequestProject.NavierStokes.GramConsumerFactorisation,116,theorem,wE0_ne_wE1,ClayNS.GramConsumer,ClayNS.GramConsumer.wE0_ne_wE1,
RequestProject/NavierStokes/GramConsumerFactorisation.lean,RequestProject.NavierStokes.GramConsumerFactorisation,121,theorem,wsq_wE0,ClayNS.GramConsumer,ClayNS.GramConsumer.wsq_wE0,
RequestProject/NavierStokes/GramConsumerFactorisation.lean,RequestProject.NavierStokes.GramConsumerFactorisation,124,theorem,wsq_wE1,ClayNS.GramConsumer,ClayNS.GramConsumer.wsq_wE1,
RequestProject/NavierStokes/GramConsumerFactorisation.lean,RequestProject.NavierStokes.GramConsumerFactorisation,127,theorem,wsq_zero_sub_wE0,ClayNS.GramConsumer,ClayNS.GramConsumer.wsq_zero_sub_wE0,
RequestProject/NavierStokes/GramConsumerFactorisation.lean,RequestProject.NavierStokes.GramConsumerFactorisation,130,theorem,wsq_zero_sub_wE1,ClayNS.GramConsumer,ClayNS.GramConsumer.wsq_zero_sub_wE1,
RequestProject/NavierStokes/GramConsumerFactorisation.lean,RequestProject.NavierStokes.GramConsumerFactorisation,133,theorem,rate_wE0,ClayNS.GramConsumer,ClayNS.GramConsumer.rate_wE0,
RequestProject/NavierStokes/GramConsumerFactorisation.lean,RequestProject.NavierStokes.GramConsumerFactorisation,136,theorem,rate_wE1,ClayNS.GramConsumer,ClayNS.GramConsumer.rate_wE1,
RequestProject/NavierStokes/GramConsumerFactorisation.lean,RequestProject.NavierStokes.GramConsumerFactorisation,139,theorem,massProfile_famPlus_eq_famMinus,ClayNS.GramConsumer,ClayNS.GramConsumer.massProfile_famPlus_eq_famMinus,
RequestProject/NavierStokes/GramConsumerFactorisation.lean,RequestProject.NavierStokes.GramConsumerFactorisation,145,theorem,gramForm_famPlus,ClayNS.GramConsumer,ClayNS.GramConsumer.gramForm_famPlus,
RequestProject/NavierStokes/GramConsumerFactorisation.lean,RequestProject.NavierStokes.GramConsumerFactorisation,152,theorem,gramForm_famMinus,ClayNS.GramConsumer,ClayNS.GramConsumer.gramForm_famMinus,
RequestProject/NavierStokes/GramConsumerFactorisation.lean,RequestProject.NavierStokes.GramConsumerFactorisation,160,def,massProfile_collision,ClayNS.GramConsumer,ClayNS.GramConsumer.massProfile_collision,
RequestProject/NavierStokes/GramConsumerFactorisation.lean,RequestProject.NavierStokes.GramConsumerFactorisation,169,theorem,massProfile_not_factorising,ClayNS.GramConsumer,ClayNS.GramConsumer.massProfile_not_factorising,
RequestProject/NavierStokes/GramConsumerFactorisation.lean,RequestProject.NavierStokes.GramConsumerFactorisation,173,theorem,massProfile_not_determines,ClayNS.GramConsumer,ClayNS.GramConsumer.massProfile_not_determines,
RequestProject/NavierStokes/HeadBoundedRigidityScope.lean,RequestProject.NavierStokes.HeadBoundedRigidityScope,43,theorem,head_pressure_eq_zero_of_velocity_eq_zero,ClayNS,ClayNS.head_pressure_eq_zero_of_velocity_eq_zero,
RequestProject/NavierStokes/HeadBoundedRigidityScope.lean,RequestProject.NavierStokes.HeadBoundedRigidityScope,55,theorem,headBoundedStationary_pressure_eq_zero_outside,ClayNS,ClayNS.headBoundedStationary_pressure_eq_zero_outside,
RequestProject/NavierStokes/HeadBoundedRigidityScope.lean,RequestProject.NavierStokes.HeadBoundedRigidityScope,65,theorem,head_nonneg_of_nonzero,ClayNS,ClayNS.head_nonneg_of_nonzero,
RequestProject/NavierStokes/IncrementConvexSubsolution.lean,RequestProject.NavierStokes.IncrementConvexSubsolution,60,lemma,dvec_comp_scalar,ClayNS,ClayNS.dvec_comp_scalar,
RequestProject/NavierStokes/IncrementConvexSubsolution.lean,RequestProject.NavierStokes.IncrementConvexSubsolution,72,lemma,differentiableAt_comp_scalar,ClayNS,ClayNS.differentiableAt_comp_scalar,
RequestProject/NavierStokes/IncrementConvexSubsolution.lean,RequestProject.NavierStokes.IncrementConvexSubsolution,79,lemma,lap_comp_scalar,ClayNS,ClayNS.lap_comp_scalar,
RequestProject/NavierStokes/IncrementConvexSubsolution.lean,RequestProject.NavierStokes.IncrementConvexSubsolution,119,theorem,increment_convex_subsolution,ClayNS,ClayNS.increment_convex_subsolution,
RequestProject/NavierStokes/IncrementConvexSubsolution.lean,RequestProject.NavierStokes.IncrementConvexSubsolution,164,theorem,increment_convex_subsolution_strain,ClayNS,ClayNS.increment_convex_subsolution_strain,
RequestProject/NavierStokes/IncrementEnergyPeriodic.lean,RequestProject.NavierStokes.IncrementEnergyPeriodic,45,lemma,continuous_slice,ClayNS,ClayNS.continuous_slice,
RequestProject/NavierStokes/IncrementEnergyPeriodic.lean,RequestProject.NavierStokes.IncrementEnergyPeriodic,49,lemma,contDiff_lapFun,ClayNS,ClayNS.contDiff_lapFun,
RequestProject/NavierStokes/IncrementEnergyPeriodic.lean,RequestProject.NavierStokes.IncrementEnergyPeriodic,53,lemma,contDiff_divgFun,ClayNS,ClayNS.contDiff_divgFun,
RequestProject/NavierStokes/IncrementEnergyPeriodic.lean,RequestProject.NavierStokes.IncrementEnergyPeriodic,57,lemma,contDiff_incrDissip,ClayNS,ClayNS.contDiff_incrDissip,
RequestProject/NavierStokes/IncrementEnergyPeriodic.lean,RequestProject.NavierStokes.IncrementEnergyPeriodic,63,lemma,contDiff_incrStretch,ClayNS,ClayNS.contDiff_incrStretch,
RequestProject/NavierStokes/IncrementEnergyPeriodic.lean,RequestProject.NavierStokes.IncrementEnergyPeriodic,69,lemma,contDiff_incrTransfer,ClayNS,ClayNS.contDiff_incrTransfer,
RequestProject/NavierStokes/IncrementEnergyPeriodic.lean,RequestProject.NavierStokes.IncrementEnergyPeriodic,75,lemma,contDiff_incrFlux,ClayNS,ClayNS.contDiff_incrFlux,
RequestProject/NavierStokes/IncrementEnergyPeriodic.lean,RequestProject.NavierStokes.IncrementEnergyPeriodic,81,lemma,spacePeriodic_shift,ClayNS,ClayNS.spacePeriodic_shift,
RequestProject/NavierStokes/IncrementEnergyPeriodic.lean,RequestProject.NavierStokes.IncrementEnergyPeriodic,89,lemma,spacePeriodic_incrVec,ClayNS,ClayNS.spacePeriodic_incrVec,
RequestProject/NavierStokes/IncrementEnergyPeriodic.lean,RequestProject.NavierStokes.IncrementEnergyPeriodic,95,lemma,spacePeriodic_incrComp,ClayNS,ClayNS.spacePeriodic_incrComp,
RequestProject/NavierStokes/IncrementEnergyPeriodic.lean,RequestProject.NavierStokes.IncrementEnergyPeriodic,100,lemma,spacePeriodic_incrQuad,ClayNS,ClayNS.spacePeriodic_incrQuad,
RequestProject/NavierStokes/IncrementEnergyPeriodic.lean,RequestProject.NavierStokes.IncrementEnergyPeriodic,106,lemma,spacePeriodic_incrPres,ClayNS,ClayNS.spacePeriodic_incrPres,
RequestProject/NavierStokes/IncrementEnergyPeriodic.lean,RequestProject.NavierStokes.IncrementEnergyPeriodic,111,lemma,spacePeriodic_incrFlux,ClayNS,ClayNS.spacePeriodic_incrFlux,
RequestProject/NavierStokes/IncrementEnergyPeriodic.lean,RequestProject.NavierStokes.IncrementEnergyPeriodic,120,lemma,spacePeriodic_incrPair,ClayNS,ClayNS.spacePeriodic_incrPair,
RequestProject/NavierStokes/IncrementEnergyPeriodic.lean,RequestProject.NavierStokes.IncrementEnergyPeriodic,127,lemma,spacePeriodic_pairFlux,ClayNS,ClayNS.spacePeriodic_pairFlux,
RequestProject/NavierStokes/IncrementEnergyPeriodic.lean,RequestProject.NavierStokes.IncrementEnergyPeriodic,136,theorem,cellInt_divg_eq_zero,ClayNS,ClayNS.cellInt_divg_eq_zero,
RequestProject/NavierStokes/IncrementEnergyPeriodic.lean,RequestProject.NavierStokes.IncrementEnergyPeriodic,149,theorem,cellInt_lap_eq_zero,ClayNS,ClayNS.cellInt_lap_eq_zero,
RequestProject/NavierStokes/IncrementEnergyPeriodic.lean,RequestProject.NavierStokes.IncrementEnergyPeriodic,160,def,incrEnergy,ClayNS,ClayNS.incrEnergy,
RequestProject/NavierStokes/IncrementEnergyPeriodic.lean,RequestProject.NavierStokes.IncrementEnergyPeriodic,163,def,incrDissipInt,ClayNS,ClayNS.incrDissipInt,
RequestProject/NavierStokes/IncrementEnergyPeriodic.lean,RequestProject.NavierStokes.IncrementEnergyPeriodic,167,def,incrStretchInt,ClayNS,ClayNS.incrStretchInt,
RequestProject/NavierStokes/IncrementEnergyPeriodic.lean,RequestProject.NavierStokes.IncrementEnergyPeriodic,171,def,incrTransferInt,ClayNS,ClayNS.incrTransferInt,
RequestProject/NavierStokes/IncrementEnergyPeriodic.lean,RequestProject.NavierStokes.IncrementEnergyPeriodic,182,theorem,hasDerivAt_incrEnergy,ClayNS,ClayNS.hasDerivAt_incrEnergy,
RequestProject/NavierStokes/IncrementEnergyPeriodic.lean,RequestProject.NavierStokes.IncrementEnergyPeriodic,225,theorem,incrStretchInt_eq_neg_transferInt,ClayNS,ClayNS.incrStretchInt_eq_neg_transferInt,
RequestProject/NavierStokes/IncrementEnergyPeriodic.lean,RequestProject.NavierStokes.IncrementEnergyPeriodic,244,theorem,hasDerivAt_incrEnergy_transfer,ClayNS,ClayNS.hasDerivAt_incrEnergy_transfer,
RequestProject/NavierStokes/IncrementEnergyPeriodic.lean,RequestProject.NavierStokes.IncrementEnergyPeriodic,258,theorem,incrEnergy_balance_le_of_amplitude,ClayNS,ClayNS.incrEnergy_balance_le_of_amplitude,
RequestProject/NavierStokes/IncrementEnergyPeriodic.lean,RequestProject.NavierStokes.IncrementEnergyPeriodic,323,theorem,deriv_incrEnergy_le_of_amplitude,ClayNS,ClayNS.deriv_incrEnergy_le_of_amplitude,
RequestProject/NavierStokes/IncrementEnergyPeriodic.lean,RequestProject.NavierStokes.IncrementEnergyPeriodic,336,lemma,incrDissipInt_nonneg,ClayNS,ClayNS.incrDissipInt_nonneg,
RequestProject/NavierStokes/IncrementEnergyPeriodic.lean,RequestProject.NavierStokes.IncrementEnergyPeriodic,343,theorem,exp_incrEnergy_antitone,ClayNS,ClayNS.exp_incrEnergy_antitone,
RequestProject/NavierStokes/IncrementEnergyPeriodic.lean,RequestProject.NavierStokes.IncrementEnergyPeriodic,375,theorem,incrEnergy_le_exp,ClayNS,ClayNS.incrEnergy_le_exp,
RequestProject/NavierStokes/IncrementLevelSetEnergy.lean,RequestProject.NavierStokes.IncrementLevelSetEnergy,46,def,incrBetaEnergy,ClayNS,ClayNS.incrBetaEnergy,
RequestProject/NavierStokes/IncrementLevelSetEnergy.lean,RequestProject.NavierStokes.IncrementLevelSetEnergy,51,def,incrSource,ClayNS,ClayNS.incrSource,
RequestProject/NavierStokes/IncrementLevelSetEnergy.lean,RequestProject.NavierStokes.IncrementLevelSetEnergy,57,def,incrBetaSource,ClayNS,ClayNS.incrBetaSource,
RequestProject/NavierStokes/IncrementLevelSetEnergy.lean,RequestProject.NavierStokes.IncrementLevelSetEnergy,61,lemma,contDiff_incrSource,ClayNS,ClayNS.contDiff_incrSource,
RequestProject/NavierStokes/IncrementLevelSetEnergy.lean,RequestProject.NavierStokes.IncrementLevelSetEnergy,72,lemma,spacePeriodic_comp_scalar,ClayNS,ClayNS.spacePeriodic_comp_scalar,
RequestProject/NavierStokes/IncrementLevelSetEnergy.lean,RequestProject.NavierStokes.IncrementLevelSetEnergy,77,lemma,spacePeriodic_betaFlux,ClayNS,ClayNS.spacePeriodic_betaFlux,
RequestProject/NavierStokes/IncrementLevelSetEnergy.lean,RequestProject.NavierStokes.IncrementLevelSetEnergy,85,theorem,hasDerivAt_incrBetaEnergy,ClayNS,ClayNS.hasDerivAt_incrBetaEnergy,
RequestProject/NavierStokes/IncrementLevelSetEnergy.lean,RequestProject.NavierStokes.IncrementLevelSetEnergy,93,theorem,cellInt_dtBeta_le_source,ClayNS,ClayNS.cellInt_dtBeta_le_source,
RequestProject/NavierStokes/IncrementLevelSetEnergy.lean,RequestProject.NavierStokes.IncrementLevelSetEnergy,167,theorem,deriv_incrBetaEnergy_le,ClayNS,ClayNS.deriv_incrBetaEnergy_le,
RequestProject/NavierStokes/IncrementLevelSetEnergy.lean,RequestProject.NavierStokes.IncrementLevelSetEnergy,183,theorem,deriv_incrBetaEnergy_le_potential,ClayNS,ClayNS.deriv_incrBetaEnergy_le_potential,
RequestProject/NavierStokes/IncrementLocalEnergy.lean,RequestProject.NavierStokes.IncrementLocalEnergy,56,def,incrComp,ClayNS,ClayNS.incrComp,
RequestProject/NavierStokes/IncrementLocalEnergy.lean,RequestProject.NavierStokes.IncrementLocalEnergy,60,def,incrVec,ClayNS,ClayNS.incrVec,
RequestProject/NavierStokes/IncrementLocalEnergy.lean,RequestProject.NavierStokes.IncrementLocalEnergy,63,def,incrPres,ClayNS,ClayNS.incrPres,
RequestProject/NavierStokes/IncrementLocalEnergy.lean,RequestProject.NavierStokes.IncrementLocalEnergy,66,def,incrQuad,ClayNS,ClayNS.incrQuad,
RequestProject/NavierStokes/IncrementLocalEnergy.lean,RequestProject.NavierStokes.IncrementLocalEnergy,69,def,incrDissip,ClayNS,ClayNS.incrDissip,
RequestProject/NavierStokes/IncrementLocalEnergy.lean,RequestProject.NavierStokes.IncrementLocalEnergy,73,def,incrStretch,ClayNS,ClayNS.incrStretch,
RequestProject/NavierStokes/IncrementLocalEnergy.lean,RequestProject.NavierStokes.IncrementLocalEnergy,77,def,incrFlux,ClayNS,ClayNS.incrFlux,
RequestProject/NavierStokes/IncrementLocalEnergy.lean,RequestProject.NavierStokes.IncrementLocalEnergy,80,lemma,incrVec_coord,ClayNS,ClayNS.incrVec_coord,@[simp]
RequestProject/NavierStokes/IncrementLocalEnergy.lean,RequestProject.NavierStokes.IncrementLocalEnergy,83,lemma,contDiff_incrVec,ClayNS,ClayNS.contDiff_incrVec,
RequestProject/NavierStokes/IncrementLocalEnergy.lean,RequestProject.NavierStokes.IncrementLocalEnergy,86,lemma,contDiff_incrComp,ClayNS,ClayNS.contDiff_incrComp,
RequestProject/NavierStokes/IncrementLocalEnergy.lean,RequestProject.NavierStokes.IncrementLocalEnergy,90,lemma,contDiff_incrPres,ClayNS,ClayNS.contDiff_incrPres,
RequestProject/NavierStokes/IncrementLocalEnergy.lean,RequestProject.NavierStokes.IncrementLocalEnergy,93,lemma,contDiff_incrQuad,ClayNS,ClayNS.contDiff_incrQuad,
RequestProject/NavierStokes/IncrementLocalEnergy.lean,RequestProject.NavierStokes.IncrementLocalEnergy,101,theorem,increment_quadratic_identity,ClayNS,ClayNS.increment_quadratic_identity,
RequestProject/NavierStokes/IncrementLocalEnergy.lean,RequestProject.NavierStokes.IncrementLocalEnergy,119,lemma,divg_add,ClayNS,ClayNS.divg_add,
RequestProject/NavierStokes/IncrementLocalEnergy.lean,RequestProject.NavierStokes.IncrementLocalEnergy,130,lemma,divg_incrVec,ClayNS,ClayNS.divg_incrVec,
RequestProject/NavierStokes/IncrementLocalEnergy.lean,RequestProject.NavierStokes.IncrementLocalEnergy,137,lemma,incr_transport_divergence,ClayNS,ClayNS.incr_transport_divergence,
RequestProject/NavierStokes/IncrementLocalEnergy.lean,RequestProject.NavierStokes.IncrementLocalEnergy,147,lemma,incr_pressure_divergence,ClayNS,ClayNS.incr_pressure_divergence,
RequestProject/NavierStokes/IncrementLocalEnergy.lean,RequestProject.NavierStokes.IncrementLocalEnergy,168,theorem,increment_local_energy_identity,ClayNS,ClayNS.increment_local_energy_identity,
RequestProject/NavierStokes/IncrementLocalEnergy.lean,RequestProject.NavierStokes.IncrementLocalEnergy,196,lemma,quadForm_eq_strain,ClayNS,ClayNS.quadForm_eq_strain,
RequestProject/NavierStokes/IncrementLocalEnergy.lean,RequestProject.NavierStokes.IncrementLocalEnergy,203,lemma,quadForm_abs_le,ClayNS,ClayNS.quadForm_abs_le,
RequestProject/NavierStokes/IncrementLocalEnergy.lean,RequestProject.NavierStokes.IncrementLocalEnergy,227,theorem,incrStretch_eq_strain,ClayNS,ClayNS.incrStretch_eq_strain,
RequestProject/NavierStokes/IncrementLocalEnergy.lean,RequestProject.NavierStokes.IncrementLocalEnergy,236,theorem,incrStretch_abs_le,ClayNS,ClayNS.incrStretch_abs_le,
RequestProject/NavierStokes/IncrementLocalEnergy.lean,RequestProject.NavierStokes.IncrementLocalEnergy,242,lemma,sum_sq_incrComp,ClayNS,ClayNS.sum_sq_incrComp,
RequestProject/NavierStokes/IncrementLocalEnergy.lean,RequestProject.NavierStokes.IncrementLocalEnergy,250,lemma,contDiff_grad,ClayNS,ClayNS.contDiff_grad,
RequestProject/NavierStokes/IncrementLocalEnergy.lean,RequestProject.NavierStokes.IncrementLocalEnergy,254,lemma,grad_coord,ClayNS,ClayNS.grad_coord,@[simp]
RequestProject/NavierStokes/IncrementLocalEnergy.lean,RequestProject.NavierStokes.IncrementLocalEnergy,259,lemma,divg_smul,ClayNS,ClayNS.divg_smul,
RequestProject/NavierStokes/IncrementLocalEnergy.lean,RequestProject.NavierStokes.IncrementLocalEnergy,276,lemma,divg_cmul,ClayNS,ClayNS.divg_cmul,
RequestProject/NavierStokes/IncrementLocalEnergy.lean,RequestProject.NavierStokes.IncrementLocalEnergy,285,def,incrLocFlux,ClayNS,ClayNS.incrLocFlux,
RequestProject/NavierStokes/IncrementLocalEnergy.lean,RequestProject.NavierStokes.IncrementLocalEnergy,298,theorem,increment_localized_energy_identity,ClayNS,ClayNS.increment_localized_energy_identity,
RequestProject/NavierStokes/IncrementLocalEnergy.lean,RequestProject.NavierStokes.IncrementLocalEnergy,364,theorem,increment_localized_dissipation_le,ClayNS,ClayNS.increment_localized_dissipation_le,
RequestProject/NavierStokes/IncrementLocalEnergy.lean,RequestProject.NavierStokes.IncrementLocalEnergy,403,def,incrPair,ClayNS,ClayNS.incrPair,
RequestProject/NavierStokes/IncrementLocalEnergy.lean,RequestProject.NavierStokes.IncrementLocalEnergy,408,def,incrTransfer,ClayNS,ClayNS.incrTransfer,
RequestProject/NavierStokes/IncrementLocalEnergy.lean,RequestProject.NavierStokes.IncrementLocalEnergy,411,lemma,contDiff_incrPair,ClayNS,ClayNS.contDiff_incrPair,
RequestProject/NavierStokes/IncrementLocalEnergy.lean,RequestProject.NavierStokes.IncrementLocalEnergy,421,theorem,incrStretch_divergence_transfer,ClayNS,ClayNS.incrStretch_divergence_transfer,
RequestProject/NavierStokes/IncrementLocalEnergy.lean,RequestProject.NavierStokes.IncrementLocalEnergy,450,lemma,abs_mul_mul_le_young,ClayNS,ClayNS.abs_mul_mul_le_young,
RequestProject/NavierStokes/IncrementLocalEnergy.lean,RequestProject.NavierStokes.IncrementLocalEnergy,470,theorem,incrTransfer_abs_le,ClayNS,ClayNS.incrTransfer_abs_le,
RequestProject/NavierStokes/IncrementLocalEnergy.lean,RequestProject.NavierStokes.IncrementLocalEnergy,503,theorem,increment_local_energy_amplitude_le,ClayNS,ClayNS.increment_local_energy_amplitude_le,
RequestProject/NavierStokes/IncrementLocalizedLevelSet.lean,RequestProject.NavierStokes.IncrementLocalizedLevelSet,53,def,incrBetaLocFlux,ClayNS,ClayNS.incrBetaLocFlux,
RequestProject/NavierStokes/IncrementLocalizedLevelSet.lean,RequestProject.NavierStokes.IncrementLocalizedLevelSet,68,theorem,increment_localized_level_set_inequality,ClayNS,ClayNS.increment_localized_level_set_inequality,
RequestProject/NavierStokes/IncrementLocalizedLevelSet.lean,RequestProject.NavierStokes.IncrementLocalizedLevelSet,153,theorem,increment_localized_level_set_strain,ClayNS,ClayNS.increment_localized_level_set_strain,
RequestProject/NavierStokes/IncrementLocalizedLevelSet.lean,RequestProject.NavierStokes.IncrementLocalizedLevelSet,207,lemma,incr_pressure_weighted_divergence,ClayNS,ClayNS.incr_pressure_weighted_divergence,
RequestProject/NavierStokes/IncrementLocalizedLevelSet.lean,RequestProject.NavierStokes.IncrementLocalizedLevelSet,240,theorem,incr_pressure_localized_split,ClayNS,ClayNS.incr_pressure_localized_split,
RequestProject/NavierStokes/IncrementModulusCancellation.lean,RequestProject.NavierStokes.IncrementModulusCancellation,60,def,modEntropy,ClayNS,ClayNS.modEntropy,
RequestProject/NavierStokes/IncrementModulusCancellation.lean,RequestProject.NavierStokes.IncrementModulusCancellation,63,def,modEntropyDeriv,ClayNS,ClayNS.modEntropyDeriv,
RequestProject/NavierStokes/IncrementModulusCancellation.lean,RequestProject.NavierStokes.IncrementModulusCancellation,66,def,modEntropySecond,ClayNS,ClayNS.modEntropySecond,
RequestProject/NavierStokes/IncrementModulusCancellation.lean,RequestProject.NavierStokes.IncrementModulusCancellation,69,lemma,modEntropy_active,ClayNS,ClayNS.modEntropy_active,
RequestProject/NavierStokes/IncrementModulusCancellation.lean,RequestProject.NavierStokes.IncrementModulusCancellation,79,theorem,modEntropy_hasDerivAt,ClayNS,ClayNS.modEntropy_hasDerivAt,
RequestProject/NavierStokes/IncrementModulusCancellation.lean,RequestProject.NavierStokes.IncrementModulusCancellation,91,theorem,modEntropy_deriv_hasDerivAt,ClayNS,ClayNS.modEntropy_deriv_hasDerivAt,
RequestProject/NavierStokes/IncrementModulusCancellation.lean,RequestProject.NavierStokes.IncrementModulusCancellation,107,theorem,modulus_entropy_ode,ClayNS,ClayNS.modulus_entropy_ode,
RequestProject/NavierStokes/IncrementModulusCancellation.lean,RequestProject.NavierStokes.IncrementModulusCancellation,119,theorem,modEntropy_level_ode,ClayNS,ClayNS.modEntropy_level_ode,
RequestProject/NavierStokes/IncrementModulusCancellation.lean,RequestProject.NavierStokes.IncrementModulusCancellation,134,theorem,increment_modulus_radial_stretching_split,ClayNS,ClayNS.increment_modulus_radial_stretching_split,
RequestProject/NavierStokes/IncrementModulusCancellation.lean,RequestProject.NavierStokes.IncrementModulusCancellation,163,theorem,increment_stretching_radial_split_gen,ClayNS,ClayNS.increment_stretching_radial_split_gen,
RequestProject/NavierStokes/IncrementModulusCancellation.lean,RequestProject.NavierStokes.IncrementModulusCancellation,188,theorem,increment_modulus_radial_stretching_cancellation,ClayNS,ClayNS.increment_modulus_radial_stretching_cancellation,
RequestProject/NavierStokes/IncrementModulusCancellation.lean,RequestProject.NavierStokes.IncrementModulusCancellation,208,theorem,adjoint_modulus_caccioppoli_pointwise,ClayNS,ClayNS.adjoint_modulus_caccioppoli_pointwise,
RequestProject/NavierStokes/IncrementModulusCancellation.lean,RequestProject.NavierStokes.IncrementModulusCancellation,238,theorem,exists_modulus_entropy_weight,ClayNS,ClayNS.exists_modulus_entropy_weight,
RequestProject/NavierStokes/IncrementModulusCancellation.lean,RequestProject.NavierStokes.IncrementModulusCancellation,268,theorem,modulus_caccioppoli_source_bound,ClayNS,ClayNS.modulus_caccioppoli_source_bound,
RequestProject/NavierStokes/IncrementModulusCancellation.lean,RequestProject.NavierStokes.IncrementModulusCancellation,283,def,incrModEpsWeight,ClayNS,ClayNS.incrModEpsWeight,
RequestProject/NavierStokes/IncrementModulusCancellation.lean,RequestProject.NavierStokes.IncrementModulusCancellation,286,lemma,incrModEps_pos,ClayNS,ClayNS.incrModEps_pos,
RequestProject/NavierStokes/IncrementModulusCancellation.lean,RequestProject.NavierStokes.IncrementModulusCancellation,293,theorem,contDiff_incrModEpsWeight,ClayNS,ClayNS.contDiff_incrModEpsWeight,
RequestProject/NavierStokes/IncrementModulusCancellation.lean,RequestProject.NavierStokes.IncrementModulusCancellation,307,lemma,hasDerivAt_invSqrtAff,ClayNS,ClayNS.hasDerivAt_invSqrtAff,
RequestProject/NavierStokes/IncrementModulusCancellation.lean,RequestProject.NavierStokes.IncrementModulusCancellation,322,lemma,incrModEpsWeight_value,ClayNS,ClayNS.incrModEpsWeight_value,
RequestProject/NavierStokes/IncrementModulusCancellation.lean,RequestProject.NavierStokes.IncrementModulusCancellation,326,lemma,incrModEpsWeight_grad,ClayNS,ClayNS.incrModEpsWeight_grad,
RequestProject/NavierStokes/IncrementModulusCancellation.lean,RequestProject.NavierStokes.IncrementModulusCancellation,338,theorem,incrModEpsWeight_radial_factor,ClayNS,ClayNS.incrModEpsWeight_radial_factor,
RequestProject/NavierStokes/IncrementModulusCancellation.lean,RequestProject.NavierStokes.IncrementModulusCancellation,352,theorem,incrModEpsWeight_radial_factor_tendsto_zero,ClayNS,ClayNS.incrModEpsWeight_radial_factor_tendsto_zero,
RequestProject/NavierStokes/IncrementModulusGram.lean,RequestProject.NavierStokes.IncrementModulusGram,45,def,wedgeSq,ClayNS,ClayNS.wedgeSq,
RequestProject/NavierStokes/IncrementModulusGram.lean,RequestProject.NavierStokes.IncrementModulusGram,48,lemma,wedgeSq_nonneg,ClayNS,ClayNS.wedgeSq_nonneg,
RequestProject/NavierStokes/IncrementModulusGram.lean,RequestProject.NavierStokes.IncrementModulusGram,53,theorem,lagrange_gram_three,ClayNS,ClayNS.lagrange_gram_three,
RequestProject/NavierStokes/IncrementModulusGram.lean,RequestProject.NavierStokes.IncrementModulusGram,59,lemma,gram_nonneg,ClayNS,ClayNS.gram_nonneg,
RequestProject/NavierStokes/IncrementModulusGram.lean,RequestProject.NavierStokes.IncrementModulusGram,68,lemma,perp_norm_sq,ClayNS,ClayNS.perp_norm_sq,
RequestProject/NavierStokes/IncrementModulusGram.lean,RequestProject.NavierStokes.IncrementModulusGram,84,lemma,perp_norm_sq_le,ClayNS,ClayNS.perp_norm_sq_le,
RequestProject/NavierStokes/IncrementModulusGram.lean,RequestProject.NavierStokes.IncrementModulusGram,106,lemma,transverse_contraction_le_of_le,ClayNS,ClayNS.transverse_contraction_le_of_le,
RequestProject/NavierStokes/IncrementModulusGram.lean,RequestProject.NavierStokes.IncrementModulusGram,126,lemma,perp_contraction_eq,ClayNS,ClayNS.perp_contraction_eq,
RequestProject/NavierStokes/IncrementModulusGram.lean,RequestProject.NavierStokes.IncrementModulusGram,139,lemma,transverse_contraction_le,ClayNS,ClayNS.transverse_contraction_le,
RequestProject/NavierStokes/IncrementModulusGram.lean,RequestProject.NavierStokes.IncrementModulusGram,159,def,incrMod,ClayNS,ClayNS.incrMod,
RequestProject/NavierStokes/IncrementModulusGram.lean,RequestProject.NavierStokes.IncrementModulusGram,162,lemma,two_incrQuad_eq,ClayNS,ClayNS.two_incrQuad_eq,
RequestProject/NavierStokes/IncrementModulusGram.lean,RequestProject.NavierStokes.IncrementModulusGram,168,lemma,incrQuad_nonneg,ClayNS,ClayNS.incrQuad_nonneg,
RequestProject/NavierStokes/IncrementModulusGram.lean,RequestProject.NavierStokes.IncrementModulusGram,173,lemma,incrMod_nonneg,ClayNS,ClayNS.incrMod_nonneg,
RequestProject/NavierStokes/IncrementModulusGram.lean,RequestProject.NavierStokes.IncrementModulusGram,176,lemma,incrMod_pos,ClayNS,ClayNS.incrMod_pos,
RequestProject/NavierStokes/IncrementModulusGram.lean,RequestProject.NavierStokes.IncrementModulusGram,179,lemma,incrMod_sq,ClayNS,ClayNS.incrMod_sq,
RequestProject/NavierStokes/IncrementModulusGram.lean,RequestProject.NavierStokes.IncrementModulusGram,188,lemma,dvec_comp_scalar_at,ClayNS,ClayNS.dvec_comp_scalar_at,
RequestProject/NavierStokes/IncrementModulusGram.lean,RequestProject.NavierStokes.IncrementModulusGram,199,lemma,hasDerivAt_sqrt_two_mul,ClayNS,ClayNS.hasDerivAt_sqrt_two_mul,
RequestProject/NavierStokes/IncrementModulusGram.lean,RequestProject.NavierStokes.IncrementModulusGram,210,lemma,dvec_incrMod,ClayNS,ClayNS.dvec_incrMod,
RequestProject/NavierStokes/IncrementModulusGram.lean,RequestProject.NavierStokes.IncrementModulusGram,228,def,incrTransDissip,ClayNS,ClayNS.incrTransDissip,
RequestProject/NavierStokes/IncrementModulusGram.lean,RequestProject.NavierStokes.IncrementModulusGram,231,lemma,incrDissip_eq_sq,ClayNS,ClayNS.incrDissip_eq_sq,
RequestProject/NavierStokes/IncrementModulusGram.lean,RequestProject.NavierStokes.IncrementModulusGram,238,lemma,incrTransDissip_eq,ClayNS,ClayNS.incrTransDissip_eq,
RequestProject/NavierStokes/IncrementModulusGram.lean,RequestProject.NavierStokes.IncrementModulusGram,260,theorem,increment_modulus_gram_decomposition,ClayNS,ClayNS.increment_modulus_gram_decomposition,
RequestProject/NavierStokes/IncrementModulusGram.lean,RequestProject.NavierStokes.IncrementModulusGram,278,theorem,incrTransDissip_nonneg,ClayNS,ClayNS.incrTransDissip_nonneg,
RequestProject/NavierStokes/IncrementModulusGram.lean,RequestProject.NavierStokes.IncrementModulusGram,290,def,incrTransport,ClayNS,ClayNS.incrTransport,
RequestProject/NavierStokes/IncrementModulusGram.lean,RequestProject.NavierStokes.IncrementModulusGram,294,def,incrTransportPerp,ClayNS,ClayNS.incrTransportPerp,
RequestProject/NavierStokes/IncrementModulusGram.lean,RequestProject.NavierStokes.IncrementModulusGram,300,def,incrPerpPair,ClayNS,ClayNS.incrPerpPair,
RequestProject/NavierStokes/IncrementModulusGram.lean,RequestProject.NavierStokes.IncrementModulusGram,307,lemma,incr_radial_transport,ClayNS,ClayNS.incr_radial_transport,
RequestProject/NavierStokes/IncrementModulusGram.lean,RequestProject.NavierStokes.IncrementModulusGram,320,lemma,incrPerpPair_eq_pairing,ClayNS,ClayNS.incrPerpPair_eq_pairing,
RequestProject/NavierStokes/IncrementModulusGram.lean,RequestProject.NavierStokes.IncrementModulusGram,340,theorem,incrTransportPerp_sq_le,ClayNS,ClayNS.incrTransportPerp_sq_le,
RequestProject/NavierStokes/IncrementModulusGram.lean,RequestProject.NavierStokes.IncrementModulusGram,371,theorem,incrPerpPair_abs_le,ClayNS,ClayNS.incrPerpPair_abs_le,
RequestProject/NavierStokes/IncrementModulusGram.lean,RequestProject.NavierStokes.IncrementModulusGram,413,theorem,modulus_transverse_absorption,ClayNS,ClayNS.modulus_transverse_absorption,
RequestProject/NavierStokes/IncrementPressureAbsorption.lean,RequestProject.NavierStokes.IncrementPressureAbsorption,49,lemma,cellInt_one,ClayNS,ClayNS.cellInt_one,
RequestProject/NavierStokes/IncrementPressureAbsorption.lean,RequestProject.NavierStokes.IncrementPressureAbsorption,55,def,incrGradQsq,ClayNS,ClayNS.incrGradQsq,
RequestProject/NavierStokes/IncrementPressureAbsorption.lean,RequestProject.NavierStokes.IncrementPressureAbsorption,58,lemma,incrGradQsq_nonneg,ClayNS,ClayNS.incrGradQsq_nonneg,
RequestProject/NavierStokes/IncrementPressureAbsorption.lean,RequestProject.NavierStokes.IncrementPressureAbsorption,66,theorem,cellInt_incrDrift_eq_zero,ClayNS,ClayNS.cellInt_incrDrift_eq_zero,
RequestProject/NavierStokes/IncrementPressureAbsorption.lean,RequestProject.NavierStokes.IncrementPressureAbsorption,88,theorem,cellInt_incr_pressure_pairing,ClayNS,ClayNS.cellInt_incr_pressure_pairing,
RequestProject/NavierStokes/IncrementPressureAbsorption.lean,RequestProject.NavierStokes.IncrementPressureAbsorption,168,theorem,increment_pressure_absorption,ClayNS,ClayNS.increment_pressure_absorption,
RequestProject/NavierStokes/IncrementStretchingCritical.lean,RequestProject.NavierStokes.IncrementStretchingCritical,55,instance,holderTriple_five_halves,ClayNS,ClayNS.holderTriple_five_halves,
RequestProject/NavierStokes/IncrementStretchingCritical.lean,RequestProject.NavierStokes.IncrementStretchingCritical,64,instance,holderTriple_ten_thirds,ClayNS,ClayNS.holderTriple_ten_thirds,
RequestProject/NavierStokes/IncrementStretchingCritical.lean,RequestProject.NavierStokes.IncrementStretchingCritical,82,theorem,critical_holder_triple,ClayNS,ClayNS.critical_holder_triple,
RequestProject/NavierStokes/IncrementStretchingCritical.lean,RequestProject.NavierStokes.IncrementStretchingCritical,126,theorem,increment_stretching_critical_estimate,ClayNS,ClayNS.increment_stretching_critical_estimate,
RequestProject/NavierStokes/IncrementStretchingCritical.lean,RequestProject.NavierStokes.IncrementStretchingCritical,155,theorem,incrStretch_truncation_abs_le,ClayNS,ClayNS.incrStretch_truncation_abs_le,
RequestProject/NavierStokes/IncrementStretchingCritical.lean,RequestProject.NavierStokes.IncrementStretchingCritical,171,theorem,incrStretch_abs_le_quad,ClayNS,ClayNS.incrStretch_abs_le_quad,
RequestProject/NavierStokes/IncrementStretchingCritical.lean,RequestProject.NavierStokes.IncrementStretchingCritical,185,theorem,sublinear_recurrence_no_decay,ClayNS,ClayNS.sublinear_recurrence_no_decay,
RequestProject/NavierStokes/IncrementStretchingCritical.lean,RequestProject.NavierStokes.IncrementStretchingCritical,217,theorem,critical_strain_recurrence_insufficient,ClayNS,ClayNS.critical_strain_recurrence_insufficient,
RequestProject/NavierStokes/IncrementStretchingTransfer.lean,RequestProject.NavierStokes.IncrementStretchingTransfer,61,lemma,abs_sum3_le,ClayNS,ClayNS.abs_sum3_le,
RequestProject/NavierStokes/IncrementStretchingTransfer.lean,RequestProject.NavierStokes.IncrementStretchingTransfer,67,lemma,abs_sum3_mul_le,ClayNS,ClayNS.abs_sum3_mul_le,
RequestProject/NavierStokes/IncrementStretchingTransfer.lean,RequestProject.NavierStokes.IncrementStretchingTransfer,76,lemma,young_sum3,ClayNS,ClayNS.young_sum3,
RequestProject/NavierStokes/IncrementStretchingTransfer.lean,RequestProject.NavierStokes.IncrementStretchingTransfer,100,lemma,divg_weighted_smul,ClayNS,ClayNS.divg_weighted_smul,
RequestProject/NavierStokes/IncrementStretchingTransfer.lean,RequestProject.NavierStokes.IncrementStretchingTransfer,122,theorem,incrStretch_weighted_transfer,ClayNS,ClayNS.incrStretch_weighted_transfer,
RequestProject/NavierStokes/IncrementStretchingTransfer.lean,RequestProject.NavierStokes.IncrementStretchingTransfer,142,theorem,incrStretch_localized_split,ClayNS,ClayNS.incrStretch_localized_split,
RequestProject/NavierStokes/IncrementStretchingTransfer.lean,RequestProject.NavierStokes.IncrementStretchingTransfer,181,theorem,increment_stretching_transfer_budget,ClayNS,ClayNS.increment_stretching_transfer_budget,
RequestProject/NavierStokes/IncrementStretchingTransfer.lean,RequestProject.NavierStokes.IncrementStretchingTransfer,347,def,stretchBudget,ClayNS,ClayNS.stretchBudget,
RequestProject/NavierStokes/IncrementStretchingTransfer.lean,RequestProject.NavierStokes.IncrementStretchingTransfer,356,lemma,contDiff_stretchBudget,ClayNS,ClayNS.contDiff_stretchBudget,
RequestProject/NavierStokes/IncrementStretchingTransfer.lean,RequestProject.NavierStokes.IncrementStretchingTransfer,375,lemma,abs_cellInt_le,ClayNS,ClayNS.abs_cellInt_le,
RequestProject/NavierStokes/IncrementStretchingTransfer.lean,RequestProject.NavierStokes.IncrementStretchingTransfer,395,theorem,increment_stretching_transfer_cell_budget,ClayNS,ClayNS.increment_stretching_transfer_cell_budget,
RequestProject/NavierStokes/IncrementStretchingTransfer.lean,RequestProject.NavierStokes.IncrementStretchingTransfer,459,theorem,linear_budget_superlinear_recurrence,ClayNS,ClayNS.linear_budget_superlinear_recurrence,
RequestProject/NavierStokes/Increments.lean,RequestProject.NavierStokes.Increments,37,def,shift,ClayNS,ClayNS.shift,
RequestProject/NavierStokes/Increments.lean,RequestProject.NavierStokes.Increments,40,lemma,shift_apply,ClayNS,ClayNS.shift_apply,@[simp]
RequestProject/NavierStokes/Increments.lean,RequestProject.NavierStokes.Increments,47,lemma,dvec_shift,ClayNS,ClayNS.dvec_shift,
RequestProject/NavierStokes/Increments.lean,RequestProject.NavierStokes.Increments,52,lemma,dtime_shift,ClayNS,ClayNS.dtime_shift,
RequestProject/NavierStokes/Increments.lean,RequestProject.NavierStokes.Increments,56,lemma,dspace_shift,ClayNS,ClayNS.dspace_shift,
RequestProject/NavierStokes/Increments.lean,RequestProject.NavierStokes.Increments,60,lemma,dspace_shift_fun,ClayNS,ClayNS.dspace_shift_fun,
RequestProject/NavierStokes/Increments.lean,RequestProject.NavierStokes.Increments,66,lemma,lap_shift,ClayNS,ClayNS.lap_shift,
RequestProject/NavierStokes/Increments.lean,RequestProject.NavierStokes.Increments,73,lemma,grad_shift,ClayNS,ClayNS.grad_shift,
RequestProject/NavierStokes/Increments.lean,RequestProject.NavierStokes.Increments,79,lemma,adv_shift,ClayNS,ClayNS.adv_shift,
RequestProject/NavierStokes/Increments.lean,RequestProject.NavierStokes.Increments,86,lemma,divg_shift,ClayNS,ClayNS.divg_shift,
RequestProject/NavierStokes/Increments.lean,RequestProject.NavierStokes.Increments,92,lemma,contDiff_shift,ClayNS,ClayNS.contDiff_shift,
RequestProject/NavierStokes/Increments.lean,RequestProject.NavierStokes.Increments,97,lemma,shift_momentum,ClayNS,ClayNS.shift_momentum,
RequestProject/NavierStokes/Increments.lean,RequestProject.NavierStokes.Increments,106,lemma,shift_incompressible,ClayNS,ClayNS.shift_incompressible,
RequestProject/NavierStokes/Increments.lean,RequestProject.NavierStokes.Increments,121,theorem,increment_transport,ClayNS,ClayNS.increment_transport,
RequestProject/NavierStokes/Increments.lean,RequestProject.NavierStokes.Increments,134,theorem,spatially_constant_iff_shift_eq,ClayNS,ClayNS.spatially_constant_iff_shift_eq,
RequestProject/NavierStokes/KarmanHowarth.lean,RequestProject.NavierStokes.KarmanHowarth,48,def,wIncrEnergy,ClayNS,ClayNS.wIncrEnergy,
RequestProject/NavierStokes/KarmanHowarth.lean,RequestProject.NavierStokes.KarmanHowarth,52,def,wCutoffFlux,ClayNS,ClayNS.wCutoffFlux,
RequestProject/NavierStokes/KarmanHowarth.lean,RequestProject.NavierStokes.KarmanHowarth,56,def,wCutoffLap,ClayNS,ClayNS.wCutoffLap,
RequestProject/NavierStokes/KarmanHowarth.lean,RequestProject.NavierStokes.KarmanHowarth,60,def,wDissip,ClayNS,ClayNS.wDissip,
RequestProject/NavierStokes/KarmanHowarth.lean,RequestProject.NavierStokes.KarmanHowarth,64,def,wStretch,ClayNS,ClayNS.wStretch,
RequestProject/NavierStokes/KarmanHowarth.lean,RequestProject.NavierStokes.KarmanHowarth,67,lemma,spacePeriodic_grad,ClayNS,ClayNS.spacePeriodic_grad,
RequestProject/NavierStokes/KarmanHowarth.lean,RequestProject.NavierStokes.KarmanHowarth,76,lemma,spacePeriodic_incrLocFlux,ClayNS,ClayNS.spacePeriodic_incrLocFlux,
RequestProject/NavierStokes/KarmanHowarth.lean,RequestProject.NavierStokes.KarmanHowarth,96,lemma,contDiff_incrLocFlux,ClayNS,ClayNS.contDiff_incrLocFlux,
RequestProject/NavierStokes/KarmanHowarth.lean,RequestProject.NavierStokes.KarmanHowarth,109,theorem,hasDerivAt_wIncrEnergy,ClayNS,ClayNS.hasDerivAt_wIncrEnergy,
RequestProject/NavierStokes/KarmanHowarth.lean,RequestProject.NavierStokes.KarmanHowarth,174,lemma,rayPt_zero_param,ClayNS,ClayNS.rayPt_zero_param,@[simp]
RequestProject/NavierStokes/KarmanHowarth.lean,RequestProject.NavierStokes.KarmanHowarth,178,lemma,rayIncrComp_at_zero_param,ClayNS,ClayNS.rayIncrComp_at_zero_param,
RequestProject/NavierStokes/KarmanHowarth.lean,RequestProject.NavierStokes.KarmanHowarth,183,lemma,dvec_shifted_split,ClayNS,ClayNS.dvec_shifted_split,
RequestProject/NavierStokes/KarmanHowarth.lean,RequestProject.NavierStokes.KarmanHowarth,205,lemma,sum_strFluxDensD_at_zero,ClayNS,ClayNS.sum_strFluxDensD_at_zero,
RequestProject/NavierStokes/KarmanHowarth.lean,RequestProject.NavierStokes.KarmanHowarth,239,def,wTransport,ClayNS,ClayNS.wTransport,
RequestProject/NavierStokes/KarmanHowarth.lean,RequestProject.NavierStokes.KarmanHowarth,243,def,wCutoffTransport,ClayNS,ClayNS.wCutoffTransport,
RequestProject/NavierStokes/KarmanHowarth.lean,RequestProject.NavierStokes.KarmanHowarth,249,theorem,wTransport_eq_neg_wCutoffTransport,ClayNS,ClayNS.wTransport_eq_neg_wCutoffTransport,
RequestProject/NavierStokes/KarmanHowarth.lean,RequestProject.NavierStokes.KarmanHowarth,294,lemma,contDiff_strFluxDensD,ClayNS,ClayNS.contDiff_strFluxDensD,
RequestProject/NavierStokes/KarmanHowarth.lean,RequestProject.NavierStokes.KarmanHowarth,308,def,strFluxDivH,ClayNS,ClayNS.strFluxDivH,
RequestProject/NavierStokes/KarmanHowarth.lean,RequestProject.NavierStokes.KarmanHowarth,312,theorem,hasDerivAt_strFluxDivH_component,ClayNS,ClayNS.hasDerivAt_strFluxDivH_component,
RequestProject/NavierStokes/KarmanHowarth.lean,RequestProject.NavierStokes.KarmanHowarth,321,theorem,divH_strFlux_eq,ClayNS,ClayNS.divH_strFlux_eq,
RequestProject/NavierStokes/KarmanHowarth.lean,RequestProject.NavierStokes.KarmanHowarth,358,lemma,strFun_eq_two_wIncrEnergy,ClayNS,ClayNS.strFun_eq_two_wIncrEnergy,
RequestProject/NavierStokes/KarmanHowarth.lean,RequestProject.NavierStokes.KarmanHowarth,386,theorem,localized_karman_howarth,ClayNS,ClayNS.localized_karman_howarth,
RequestProject/NavierStokes/KarmanHowarthCutoffError.lean,RequestProject.NavierStokes.KarmanHowarthCutoffError,41,lemma,cellInt_abs_le,ClayNS,ClayNS.cellInt_abs_le,
RequestProject/NavierStokes/KarmanHowarthCutoffError.lean,RequestProject.NavierStokes.KarmanHowarthCutoffError,52,lemma,abs_sum_three_mul_le,ClayNS,ClayNS.abs_sum_three_mul_le,
RequestProject/NavierStokes/KarmanHowarthCutoffError.lean,RequestProject.NavierStokes.KarmanHowarthCutoffError,65,def,khError,ClayNS,ClayNS.khError,
RequestProject/NavierStokes/KarmanHowarthCutoffError.lean,RequestProject.NavierStokes.KarmanHowarthCutoffError,70,theorem,localized_karman_howarth_error_form,ClayNS,ClayNS.localized_karman_howarth_error_form,
RequestProject/NavierStokes/KarmanHowarthCutoffError.lean,RequestProject.NavierStokes.KarmanHowarthCutoffError,103,theorem,abs_khError_le,ClayNS,ClayNS.abs_khError_le,
RequestProject/NavierStokes/KarmanHowarthCutoffError.lean,RequestProject.NavierStokes.KarmanHowarthCutoffError,168,lemma,dvec_const_fun,ClayNS,ClayNS.dvec_const_fun,@[simp]
RequestProject/NavierStokes/KarmanHowarthCutoffError.lean,RequestProject.NavierStokes.KarmanHowarthCutoffError,171,lemma,lap_const_fun,ClayNS,ClayNS.lap_const_fun,@[simp]
RequestProject/NavierStokes/KarmanHowarthCutoffError.lean,RequestProject.NavierStokes.KarmanHowarthCutoffError,174,lemma,wCutoffFlux_const,ClayNS,ClayNS.wCutoffFlux_const,
RequestProject/NavierStokes/KarmanHowarthCutoffError.lean,RequestProject.NavierStokes.KarmanHowarthCutoffError,182,lemma,wCutoffLap_const,ClayNS,ClayNS.wCutoffLap_const,
RequestProject/NavierStokes/KarmanHowarthCutoffError.lean,RequestProject.NavierStokes.KarmanHowarthCutoffError,189,lemma,wCutoffTransport_const,ClayNS,ClayNS.wCutoffTransport_const,
RequestProject/NavierStokes/KarmanHowarthCutoffError.lean,RequestProject.NavierStokes.KarmanHowarthCutoffError,205,theorem,karman_howarth_torus,ClayNS,ClayNS.karman_howarth_torus,
RequestProject/NavierStokes/KarmanHowarthPressureGauge.lean,RequestProject.NavierStokes.KarmanHowarthPressureGauge,45,theorem,cellInt_gradPhi_dot_incr_eq_zero,ClayNS,ClayNS.cellInt_gradPhi_dot_incr_eq_zero,
RequestProject/NavierStokes/KarmanHowarthPressureGauge.lean,RequestProject.NavierStokes.KarmanHowarthPressureGauge,70,def,incrFluxGauge,ClayNS,ClayNS.incrFluxGauge,
RequestProject/NavierStokes/KarmanHowarthPressureGauge.lean,RequestProject.NavierStokes.KarmanHowarthPressureGauge,73,lemma,contDiff_incrFluxGauge,ClayNS,ClayNS.contDiff_incrFluxGauge,
RequestProject/NavierStokes/KarmanHowarthPressureGauge.lean,RequestProject.NavierStokes.KarmanHowarthPressureGauge,79,lemma,incrFlux_eq_gauge_add,ClayNS,ClayNS.incrFlux_eq_gauge_add,
RequestProject/NavierStokes/KarmanHowarthPressureGauge.lean,RequestProject.NavierStokes.KarmanHowarthPressureGauge,89,theorem,wCutoffFlux_gauge,ClayNS,ClayNS.wCutoffFlux_gauge,
RequestProject/NavierStokes/KarmanHowarthPressureGauge.lean,RequestProject.NavierStokes.KarmanHowarthPressureGauge,119,theorem,abs_wCutoffFlux_le_gauge,ClayNS,ClayNS.abs_wCutoffFlux_le_gauge,
RequestProject/NavierStokes/KarmanHowarthPressureGauge.lean,RequestProject.NavierStokes.KarmanHowarthPressureGauge,142,theorem,abs_khError_le_gauge,ClayNS,ClayNS.abs_khError_le_gauge,
RequestProject/NavierStokes/LatticeRieszConvolution.lean,RequestProject.NavierStokes.LatticeRieszConvolution,55,theorem,lattice_riesz_convolution,ClayNS.Waleffe,ClayNS.Waleffe.lattice_riesz_convolution,
RequestProject/NavierStokes/LatticeRieszConvolution.lean,RequestProject.NavierStokes.LatticeRieszConvolution,245,theorem,cellCompanion_le_enstrophy_sq,ClayNS.Waleffe,ClayNS.Waleffe.cellCompanion_le_enstrophy_sq,
RequestProject/NavierStokes/LatticeRieszConvolution.lean,RequestProject.NavierStokes.LatticeRieszConvolution,348,theorem,abs_critProd_le_enstrophy_absorption,ClayNS.Waleffe.GalerkinFlow,ClayNS.Waleffe.GalerkinFlow.abs_critProd_le_enstrophy_absorption,
RequestProject/NavierStokes/LatticeShellCounting.lean,RequestProject.NavierStokes.LatticeShellCounting,33,def,waveMaxCoord,ClayNS.Waleffe,ClayNS.Waleffe.waveMaxCoord,
RequestProject/NavierStokes/LatticeShellCounting.lean,RequestProject.NavierStokes.LatticeShellCounting,36,def,waveBox,ClayNS.Waleffe,ClayNS.Waleffe.waveBox,
RequestProject/NavierStokes/LatticeShellCounting.lean,RequestProject.NavierStokes.LatticeShellCounting,39,theorem,natAbs_cast_abs,ClayNS.Waleffe,ClayNS.Waleffe.natAbs_cast_abs,
RequestProject/NavierStokes/LatticeShellCounting.lean,RequestProject.NavierStokes.LatticeShellCounting,42,theorem,waveMaxCoord_le_iff,ClayNS.Waleffe,ClayNS.Waleffe.waveMaxCoord_le_iff,
RequestProject/NavierStokes/LatticeShellCounting.lean,RequestProject.NavierStokes.LatticeShellCounting,49,theorem,mem_waveBox,ClayNS.Waleffe,ClayNS.Waleffe.mem_waveBox,
RequestProject/NavierStokes/LatticeShellCounting.lean,RequestProject.NavierStokes.LatticeShellCounting,56,theorem,card_waveBox,ClayNS.Waleffe,ClayNS.Waleffe.card_waveBox,
RequestProject/NavierStokes/LatticeShellCounting.lean,RequestProject.NavierStokes.LatticeShellCounting,61,theorem,abs_coord_le_wlen,ClayNS.Waleffe,ClayNS.Waleffe.abs_coord_le_wlen,
RequestProject/NavierStokes/LatticeShellCounting.lean,RequestProject.NavierStokes.LatticeShellCounting,72,theorem,waveMaxCoord_le_wlen,ClayNS.Waleffe,ClayNS.Waleffe.waveMaxCoord_le_wlen,
RequestProject/NavierStokes/LatticeShellCounting.lean,RequestProject.NavierStokes.LatticeShellCounting,76,theorem,coord_le_waveMaxCoord,ClayNS.Waleffe,ClayNS.Waleffe.coord_le_waveMaxCoord,
RequestProject/NavierStokes/LatticeShellCounting.lean,RequestProject.NavierStokes.LatticeShellCounting,82,theorem,wlen_le_two_waveMaxCoord,ClayNS.Waleffe,ClayNS.Waleffe.wlen_le_two_waveMaxCoord,
RequestProject/NavierStokes/LatticeShellCounting.lean,RequestProject.NavierStokes.LatticeShellCounting,98,theorem,waveMaxCoord_pos_of_ne_zero,ClayNS.Waleffe,ClayNS.Waleffe.waveMaxCoord_pos_of_ne_zero,
RequestProject/NavierStokes/LatticeShellCounting.lean,RequestProject.NavierStokes.LatticeShellCounting,107,theorem,one_le_wlen_of_ne_zero,ClayNS.Waleffe,ClayNS.Waleffe.one_le_wlen_of_ne_zero,
RequestProject/NavierStokes/LatticeShellCounting.lean,RequestProject.NavierStokes.LatticeShellCounting,111,theorem,wlen_pos_of_ne_zero,ClayNS.Waleffe,ClayNS.Waleffe.wlen_pos_of_ne_zero,
RequestProject/NavierStokes/LatticeShellCounting.lean,RequestProject.NavierStokes.LatticeShellCounting,116,theorem,card_shell_le,ClayNS.Waleffe,ClayNS.Waleffe.card_shell_le,
RequestProject/NavierStokes/LatticeShellCounting.lean,RequestProject.NavierStokes.LatticeShellCounting,146,theorem,sum_shell_bound,ClayNS.Waleffe,ClayNS.Waleffe.sum_shell_bound,
RequestProject/NavierStokes/LatticeShellCounting.lean,RequestProject.NavierStokes.LatticeShellCounting,171,theorem,sum_inv_sq_tail_aux,ClayNS.Waleffe,ClayNS.Waleffe.sum_inv_sq_tail_aux,
RequestProject/NavierStokes/LatticeShellCounting.lean,RequestProject.NavierStokes.LatticeShellCounting,193,theorem,sum_inv_sq_tail_le,ClayNS.Waleffe,ClayNS.Waleffe.sum_inv_sq_tail_le,
RequestProject/NavierStokes/LatticeShellCounting.lean,RequestProject.NavierStokes.LatticeShellCounting,226,theorem,sum_sq_Icc_le,ClayNS.Waleffe,ClayNS.Waleffe.sum_sq_Icc_le,
RequestProject/NavierStokes/LatticeShellCounting.lean,RequestProject.NavierStokes.LatticeShellCounting,238,theorem,sum_inv_sq_le_of_bounded,ClayNS.Waleffe,ClayNS.Waleffe.sum_inv_sq_le_of_bounded,
RequestProject/NavierStokes/LatticeShellCounting.lean,RequestProject.NavierStokes.LatticeShellCounting,273,theorem,sum_inv_four_le_of_lower,ClayNS.Waleffe,ClayNS.Waleffe.sum_inv_four_le_of_lower,
RequestProject/NavierStokes/LatticeShellCounting.lean,RequestProject.NavierStokes.LatticeShellCounting,333,theorem,card_le_of_bounded,ClayNS.Waleffe,ClayNS.Waleffe.card_le_of_bounded,
RequestProject/NavierStokes/LevelAnnulusPigeonhole.lean,RequestProject.NavierStokes.LevelAnnulusPigeonhole,56,def,annulusKernel,ClayNS,ClayNS.annulusKernel,
RequestProject/NavierStokes/LevelAnnulusPigeonhole.lean,RequestProject.NavierStokes.LevelAnnulusPigeonhole,58,lemma,annulusKernel_nonneg,ClayNS,ClayNS.annulusKernel_nonneg,
RequestProject/NavierStokes/LevelAnnulusPigeonhole.lean,RequestProject.NavierStokes.LevelAnnulusPigeonhole,62,lemma,continuous_annulusKernel,ClayNS,ClayNS.continuous_annulusKernel,
RequestProject/NavierStokes/LevelAnnulusPigeonhole.lean,RequestProject.NavierStokes.LevelAnnulusPigeonhole,70,theorem,integral_annulusKernel_le_one,ClayNS,ClayNS.integral_annulusKernel_le_one,
RequestProject/NavierStokes/LevelAnnulusPigeonhole.lean,RequestProject.NavierStokes.LevelAnnulusPigeonhole,101,lemma,continuous_levelDens,ClayNS,ClayNS.continuous_levelDens,private
RequestProject/NavierStokes/LevelAnnulusPigeonhole.lean,RequestProject.NavierStokes.LevelAnnulusPigeonhole,111,theorem,levelAnnulusFubini,ClayNS,ClayNS.levelAnnulusFubini,
RequestProject/NavierStokes/LevelAnnulusPigeonhole.lean,RequestProject.NavierStokes.LevelAnnulusPigeonhole,154,theorem,smoothedModulusLevelAnnulusPigeonhole,ClayNS,ClayNS.smoothedModulusLevelAnnulusPigeonhole,
RequestProject/NavierStokes/LevelAnnulusPigeonhole.lean,RequestProject.NavierStokes.LevelAnnulusPigeonhole,206,theorem,exists_level_smoothing_annulus_bound,ClayNS,ClayNS.exists_level_smoothing_annulus_bound,
RequestProject/NavierStokes/LinearSkeletonPropagation.lean,RequestProject.NavierStokes.LinearSkeletonPropagation,52,def,xc,ClayNS,ClayNS.xc,
RequestProject/NavierStokes/LinearSkeletonPropagation.lean,RequestProject.NavierStokes.LinearSkeletonPropagation,55,lemma,xc_apply,ClayNS,ClayNS.xc_apply,@[simp]
RequestProject/NavierStokes/LinearSkeletonPropagation.lean,RequestProject.NavierStokes.LinearSkeletonPropagation,58,def,sq3,ClayNS,ClayNS.sq3,
RequestProject/NavierStokes/LinearSkeletonPropagation.lean,RequestProject.NavierStokes.LinearSkeletonPropagation,60,lemma,sq3_zero,ClayNS,ClayNS.sq3_zero,@[simp]
RequestProject/NavierStokes/LinearSkeletonPropagation.lean,RequestProject.NavierStokes.LinearSkeletonPropagation,62,lemma,sq3_nonneg,ClayNS,ClayNS.sq3_nonneg,
RequestProject/NavierStokes/LinearSkeletonPropagation.lean,RequestProject.NavierStokes.LinearSkeletonPropagation,65,lemma,sq3_eq_norm_sq,ClayNS,ClayNS.sq3_eq_norm_sq,
RequestProject/NavierStokes/LinearSkeletonPropagation.lean,RequestProject.NavierStokes.LinearSkeletonPropagation,70,def,gaussArg,ClayNS,ClayNS.gaussArg,
RequestProject/NavierStokes/LinearSkeletonPropagation.lean,RequestProject.NavierStokes.LinearSkeletonPropagation,74,def,heatGauss,ClayNS,ClayNS.heatGauss,
RequestProject/NavierStokes/LinearSkeletonPropagation.lean,RequestProject.NavierStokes.LinearSkeletonPropagation,76,lemma,heatGauss_pos,ClayNS,ClayNS.heatGauss_pos,
RequestProject/NavierStokes/LinearSkeletonPropagation.lean,RequestProject.NavierStokes.LinearSkeletonPropagation,78,lemma,heatGauss_nonneg,ClayNS,ClayNS.heatGauss_nonneg,
RequestProject/NavierStokes/LinearSkeletonPropagation.lean,RequestProject.NavierStokes.LinearSkeletonPropagation,82,theorem,heatGauss_ratio,ClayNS,ClayNS.heatGauss_ratio,
RequestProject/NavierStokes/LinearSkeletonPropagation.lean,RequestProject.NavierStokes.LinearSkeletonPropagation,90,lemma,hasFDerivAt_logTime,ClayNS,ClayNS.hasFDerivAt_logTime,
RequestProject/NavierStokes/LinearSkeletonPropagation.lean,RequestProject.NavierStokes.LinearSkeletonPropagation,94,lemma,hasFDerivAt_invTime,ClayNS,ClayNS.hasFDerivAt_invTime,
RequestProject/NavierStokes/LinearSkeletonPropagation.lean,RequestProject.NavierStokes.LinearSkeletonPropagation,98,lemma,hasFDerivAt_sq3,ClayNS,ClayNS.hasFDerivAt_sq3,
RequestProject/NavierStokes/LinearSkeletonPropagation.lean,RequestProject.NavierStokes.LinearSkeletonPropagation,109,def,gaussArgD,ClayNS,ClayNS.gaussArgD,
RequestProject/NavierStokes/LinearSkeletonPropagation.lean,RequestProject.NavierStokes.LinearSkeletonPropagation,113,lemma,hasFDerivAt_gaussArg,ClayNS,ClayNS.hasFDerivAt_gaussArg,
RequestProject/NavierStokes/LinearSkeletonPropagation.lean,RequestProject.NavierStokes.LinearSkeletonPropagation,122,lemma,hasFDerivAt_heatGauss,ClayNS,ClayNS.hasFDerivAt_heatGauss,
RequestProject/NavierStokes/LinearSkeletonPropagation.lean,RequestProject.NavierStokes.LinearSkeletonPropagation,126,lemma,differentiableAt_heatGauss,ClayNS,ClayNS.differentiableAt_heatGauss,
RequestProject/NavierStokes/LinearSkeletonPropagation.lean,RequestProject.NavierStokes.LinearSkeletonPropagation,129,lemma,gaussArgD_space,ClayNS,ClayNS.gaussArgD_space,
RequestProject/NavierStokes/LinearSkeletonPropagation.lean,RequestProject.NavierStokes.LinearSkeletonPropagation,138,lemma,gaussArgD_time,ClayNS,ClayNS.gaussArgD_time,
RequestProject/NavierStokes/LinearSkeletonPropagation.lean,RequestProject.NavierStokes.LinearSkeletonPropagation,147,lemma,dspace_heatGauss,ClayNS,ClayNS.dspace_heatGauss,
RequestProject/NavierStokes/LinearSkeletonPropagation.lean,RequestProject.NavierStokes.LinearSkeletonPropagation,153,lemma,dtime_heatGauss,ClayNS,ClayNS.dtime_heatGauss,
RequestProject/NavierStokes/LinearSkeletonPropagation.lean,RequestProject.NavierStokes.LinearSkeletonPropagation,160,lemma,eventually_pos_time,ClayNS,ClayNS.eventually_pos_time,
RequestProject/NavierStokes/LinearSkeletonPropagation.lean,RequestProject.NavierStokes.LinearSkeletonPropagation,165,def,gaussSpaceFactor,ClayNS,ClayNS.gaussSpaceFactor,
RequestProject/NavierStokes/LinearSkeletonPropagation.lean,RequestProject.NavierStokes.LinearSkeletonPropagation,168,lemma,hasFDerivAt_gaussSpaceFactor,ClayNS,ClayNS.hasFDerivAt_gaussSpaceFactor,
RequestProject/NavierStokes/LinearSkeletonPropagation.lean,RequestProject.NavierStokes.LinearSkeletonPropagation,182,lemma,dvec_gaussSpaceFactor,ClayNS,ClayNS.dvec_gaussSpaceFactor,
RequestProject/NavierStokes/LinearSkeletonPropagation.lean,RequestProject.NavierStokes.LinearSkeletonPropagation,190,lemma,dspace_dspace_heatGauss,ClayNS,ClayNS.dspace_dspace_heatGauss,
RequestProject/NavierStokes/LinearSkeletonPropagation.lean,RequestProject.NavierStokes.LinearSkeletonPropagation,207,theorem,heatGauss_heat_equation,ClayNS,ClayNS.heatGauss_heat_equation,
RequestProject/NavierStokes/LinearSkeletonPropagation.lean,RequestProject.NavierStokes.LinearSkeletonPropagation,230,theorem,heatGauss_superpolynomial_decay,ClayNS,ClayNS.heatGauss_superpolynomial_decay,
RequestProject/NavierStokes/LinearSkeletonPropagation.lean,RequestProject.NavierStokes.LinearSkeletonPropagation,264,lemma,continuous_sq3,ClayNS,ClayNS.continuous_sq3,
RequestProject/NavierStokes/LinearSkeletonPropagation.lean,RequestProject.NavierStokes.LinearSkeletonPropagation,268,lemma,continuous_heatGauss_slice,ClayNS,ClayNS.continuous_heatGauss_slice,
RequestProject/NavierStokes/LinearSkeletonPropagation.lean,RequestProject.NavierStokes.LinearSkeletonPropagation,275,lemma,heatGauss_slice_eq,ClayNS,ClayNS.heatGauss_slice_eq,
RequestProject/NavierStokes/LinearSkeletonPropagation.lean,RequestProject.NavierStokes.LinearSkeletonPropagation,282,lemma,heatGauss_slice_le_center,ClayNS,ClayNS.heatGauss_slice_le_center,
RequestProject/NavierStokes/LinearSkeletonPropagation.lean,RequestProject.NavierStokes.LinearSkeletonPropagation,292,lemma,heatGauss_slice_le_far,ClayNS,ClayNS.heatGauss_slice_le_far,
RequestProject/NavierStokes/LinearSkeletonPropagation.lean,RequestProject.NavierStokes.LinearSkeletonPropagation,303,lemma,volume_ball_real,ClayNS,ClayNS.volume_ball_real,
RequestProject/NavierStokes/LinearSkeletonPropagation.lean,RequestProject.NavierStokes.LinearSkeletonPropagation,309,lemma,integrableOn_heatGauss_ball,ClayNS,ClayNS.integrableOn_heatGauss_ball,
RequestProject/NavierStokes/LinearSkeletonPropagation.lean,RequestProject.NavierStokes.LinearSkeletonPropagation,315,theorem,heatGauss_ball_integral_le,ClayNS,ClayNS.heatGauss_ball_integral_le,
RequestProject/NavierStokes/LinearSkeletonPropagation.lean,RequestProject.NavierStokes.LinearSkeletonPropagation,382,theorem,heatGauss_ball_average_tendsto_zero,ClayNS,ClayNS.heatGauss_ball_average_tendsto_zero,
RequestProject/NavierStokes/LinearSkeletonPropagation.lean,RequestProject.NavierStokes.LinearSkeletonPropagation,436,theorem,no_cubic_growth_for_linear_skeleton,ClayNS,ClayNS.no_cubic_growth_for_linear_skeleton,
RequestProject/NavierStokes/LinearSkeletonPropagation.lean,RequestProject.NavierStokes.LinearSkeletonPropagation,453,lemma,tendsto_rpow_mul_exp_neg_rpow,ClayNS,ClayNS.tendsto_rpow_mul_exp_neg_rpow,
RequestProject/NavierStokes/LinearSkeletonPropagation.lean,RequestProject.NavierStokes.LinearSkeletonPropagation,470,theorem,heatGauss_ball_subpolynomial,ClayNS,ClayNS.heatGauss_ball_subpolynomial,
RequestProject/NavierStokes/LinearSkeletonPropagation.lean,RequestProject.NavierStokes.LinearSkeletonPropagation,551,theorem,no_polynomial_growth_for_linear_skeleton,ClayNS,ClayNS.no_polynomial_growth_for_linear_skeleton,
RequestProject/NavierStokes/LocalizedPoincare.lean,RequestProject.NavierStokes.LocalizedPoincare,37,def,scaledCube,ClayNS,ClayNS.scaledCube,
RequestProject/NavierStokes/LocalizedPoincare.lean,RequestProject.NavierStokes.LocalizedPoincare,40,def,scaledCubeInt,ClayNS,ClayNS.scaledCubeInt,
RequestProject/NavierStokes/LocalizedPoincare.lean,RequestProject.NavierStokes.LocalizedPoincare,43,lemma,image_cell_scale,ClayNS,ClayNS.image_cell_scale,
RequestProject/NavierStokes/LocalizedPoincare.lean,RequestProject.NavierStokes.LocalizedPoincare,83,theorem,integral_scaledCube,ClayNS,ClayNS.integral_scaledCube,
RequestProject/NavierStokes/LocalizedPoincare.lean,RequestProject.NavierStokes.LocalizedPoincare,109,theorem,parD_comp_scale,ClayNS,ClayNS.parD_comp_scale,
RequestProject/NavierStokes/LocalizedPoincare.lean,RequestProject.NavierStokes.LocalizedPoincare,129,theorem,scaledCube_poincare,ClayNS,ClayNS.scaledCube_poincare,
RequestProject/NavierStokes/ModulusCaccioppoliCell.lean,RequestProject.NavierStokes.ModulusCaccioppoliCell,44,def,incrModWeight,ClayNS,ClayNS.incrModWeight,
RequestProject/NavierStokes/ModulusCaccioppoliCell.lean,RequestProject.NavierStokes.ModulusCaccioppoliCell,47,lemma,incrModWeight_apply,ClayNS,ClayNS.incrModWeight_apply,
RequestProject/NavierStokes/ModulusCaccioppoliCell.lean,RequestProject.NavierStokes.ModulusCaccioppoliCell,51,theorem,contDiff_incrMod,ClayNS,ClayNS.contDiff_incrMod,
RequestProject/NavierStokes/ModulusCaccioppoliCell.lean,RequestProject.NavierStokes.ModulusCaccioppoliCell,61,theorem,contDiff_incrModWeight,ClayNS,ClayNS.contDiff_incrModWeight,
RequestProject/NavierStokes/ModulusCaccioppoliCell.lean,RequestProject.NavierStokes.ModulusCaccioppoliCell,72,lemma,incrModWeight_grad,ClayNS,ClayNS.incrModWeight_grad,
RequestProject/NavierStokes/ModulusCaccioppoliCell.lean,RequestProject.NavierStokes.ModulusCaccioppoliCell,78,lemma,spacePeriodic_incrModWeight,ClayNS,ClayNS.spacePeriodic_incrModWeight,
RequestProject/NavierStokes/ModulusCaccioppoliCell.lean,RequestProject.NavierStokes.ModulusCaccioppoliCell,89,theorem,modulus_weight_pointwise_bound,ClayNS,ClayNS.modulus_weight_pointwise_bound,
RequestProject/NavierStokes/ModulusCaccioppoliCell.lean,RequestProject.NavierStokes.ModulusCaccioppoliCell,118,theorem,modulus_caccioppoli_cell_budget,ClayNS,ClayNS.modulus_caccioppoli_cell_budget,
RequestProject/NavierStokes/ModulusEpsCaccioppoli.lean,RequestProject.NavierStokes.ModulusEpsCaccioppoli,52,def,incrModEps,ClayNS,ClayNS.incrModEps,
RequestProject/NavierStokes/ModulusEpsCaccioppoli.lean,RequestProject.NavierStokes.ModulusEpsCaccioppoli,55,lemma,incrModEps_pos',ClayNS,ClayNS.incrModEps_pos',
RequestProject/NavierStokes/ModulusEpsCaccioppoli.lean,RequestProject.NavierStokes.ModulusEpsCaccioppoli,59,lemma,incrModEps_sq,ClayNS,ClayNS.incrModEps_sq,
RequestProject/NavierStokes/ModulusEpsCaccioppoli.lean,RequestProject.NavierStokes.ModulusEpsCaccioppoli,63,lemma,contDiff_incrModEps,ClayNS,ClayNS.contDiff_incrModEps,
RequestProject/NavierStokes/ModulusEpsCaccioppoli.lean,RequestProject.NavierStokes.ModulusEpsCaccioppoli,71,lemma,spacePeriodic_incrModEps,ClayNS,ClayNS.spacePeriodic_incrModEps,
RequestProject/NavierStokes/ModulusEpsCaccioppoli.lean,RequestProject.NavierStokes.ModulusEpsCaccioppoli,78,lemma,hasDerivAt_sqrtAff,ClayNS,ClayNS.hasDerivAt_sqrtAff,
RequestProject/NavierStokes/ModulusEpsCaccioppoli.lean,RequestProject.NavierStokes.ModulusEpsCaccioppoli,90,lemma,dvec_incrModEps,ClayNS,ClayNS.dvec_incrModEps,
RequestProject/NavierStokes/ModulusEpsCaccioppoli.lean,RequestProject.NavierStokes.ModulusEpsCaccioppoli,107,def,incrTransDissipEps,ClayNS,ClayNS.incrTransDissipEps,
RequestProject/NavierStokes/ModulusEpsCaccioppoli.lean,RequestProject.NavierStokes.ModulusEpsCaccioppoli,110,lemma,incrTransDissipEps_eq,ClayNS,ClayNS.incrTransDissipEps_eq,
RequestProject/NavierStokes/ModulusEpsCaccioppoli.lean,RequestProject.NavierStokes.ModulusEpsCaccioppoli,124,theorem,incrTransDissipEps_nonneg,ClayNS,ClayNS.incrTransDissipEps_nonneg,
RequestProject/NavierStokes/ModulusEpsCaccioppoli.lean,RequestProject.NavierStokes.ModulusEpsCaccioppoli,145,def,incrTransportPerpEps,ClayNS,ClayNS.incrTransportPerpEps,
RequestProject/NavierStokes/ModulusEpsCaccioppoli.lean,RequestProject.NavierStokes.ModulusEpsCaccioppoli,151,def,incrPerpPairEps,ClayNS,ClayNS.incrPerpPairEps,
RequestProject/NavierStokes/ModulusEpsCaccioppoli.lean,RequestProject.NavierStokes.ModulusEpsCaccioppoli,156,lemma,incrPerpPairEps_eq_pairing,ClayNS,ClayNS.incrPerpPairEps_eq_pairing,
RequestProject/NavierStokes/ModulusEpsCaccioppoli.lean,RequestProject.NavierStokes.ModulusEpsCaccioppoli,174,theorem,incrTransportPerpEps_sq_le,ClayNS,ClayNS.incrTransportPerpEps_sq_le,
RequestProject/NavierStokes/ModulusEpsCaccioppoli.lean,RequestProject.NavierStokes.ModulusEpsCaccioppoli,205,theorem,incrPerpPairEps_abs_le,ClayNS,ClayNS.incrPerpPairEps_abs_le,
RequestProject/NavierStokes/ModulusEpsCaccioppoli.lean,RequestProject.NavierStokes.ModulusEpsCaccioppoli,240,theorem,modulusEps_transverse_absorption,ClayNS,ClayNS.modulusEps_transverse_absorption,
RequestProject/NavierStokes/ModulusEpsCaccioppoli.lean,RequestProject.NavierStokes.ModulusEpsCaccioppoli,288,theorem,increment_modulusEps_radial_cancellation,ClayNS,ClayNS.increment_modulusEps_radial_cancellation,
RequestProject/NavierStokes/ModulusEpsCaccioppoli.lean,RequestProject.NavierStokes.ModulusEpsCaccioppoli,331,theorem,modulusEps_caccioppoli_cell_budget,ClayNS,ClayNS.modulusEps_caccioppoli_cell_budget,
RequestProject/NavierStokes/ModulusLevelSplit.lean,RequestProject.NavierStokes.ModulusLevelSplit,58,def,modProfileWeight,ClayNS,ClayNS.modProfileWeight,
RequestProject/NavierStokes/ModulusLevelSplit.lean,RequestProject.NavierStokes.ModulusLevelSplit,63,def,modProfileResidual,ClayNS,ClayNS.modProfileResidual,
RequestProject/NavierStokes/ModulusLevelSplit.lean,RequestProject.NavierStokes.ModulusLevelSplit,67,lemma,contDiff_modProfileWeight,ClayNS,ClayNS.contDiff_modProfileWeight,
RequestProject/NavierStokes/ModulusLevelSplit.lean,RequestProject.NavierStokes.ModulusLevelSplit,74,lemma,spacePeriodic_modProfileWeight,ClayNS,ClayNS.spacePeriodic_modProfileWeight,
RequestProject/NavierStokes/ModulusLevelSplit.lean,RequestProject.NavierStokes.ModulusLevelSplit,82,lemma,modProfileWeight_grad,ClayNS,ClayNS.modProfileWeight_grad,
RequestProject/NavierStokes/ModulusLevelSplit.lean,RequestProject.NavierStokes.ModulusLevelSplit,113,theorem,increment_modulus_profile_split,ClayNS,ClayNS.increment_modulus_profile_split,
RequestProject/NavierStokes/ModulusLevelSplit.lean,RequestProject.NavierStokes.ModulusLevelSplit,148,theorem,increment_modulus_profile_cancellation_of_flat,ClayNS,ClayNS.increment_modulus_profile_cancellation_of_flat,
RequestProject/NavierStokes/ModulusLevelSplit.lean,RequestProject.NavierStokes.ModulusLevelSplit,165,theorem,modulusEps_profile_transverse_absorption,ClayNS,ClayNS.modulusEps_profile_transverse_absorption,
RequestProject/NavierStokes/ModulusLevelSplit.lean,RequestProject.NavierStokes.ModulusLevelSplit,203,lemma,contDiff_modProfileResidual,ClayNS,ClayNS.contDiff_modProfileResidual,
RequestProject/NavierStokes/ModulusLevelSplit.lean,RequestProject.NavierStokes.ModulusLevelSplit,227,theorem,modulusEps_profile_cell_budget,ClayNS,ClayNS.modulusEps_profile_cell_budget,
RequestProject/NavierStokes/ModulusLevelSplit.lean,RequestProject.NavierStokes.ModulusLevelSplit,360,lemma,modProfileResidual_flat,ClayNS,ClayNS.modProfileResidual_flat,@[simp]
RequestProject/NavierStokes/ModulusLevelSplit.lean,RequestProject.NavierStokes.ModulusLevelSplit,365,lemma,modProfileWeight_one,ClayNS,ClayNS.modProfileWeight_one,
RequestProject/NavierStokes/ModulusOccupation.lean,RequestProject.NavierStokes.ModulusOccupation,37,def,modulusActive,ClayNS,ClayNS.modulusActive,
RequestProject/NavierStokes/ModulusOccupation.lean,RequestProject.NavierStokes.ModulusOccupation,39,lemma,measurableSet_modulusActive,ClayNS,ClayNS.measurableSet_modulusActive,
RequestProject/NavierStokes/ModulusOccupation.lean,RequestProject.NavierStokes.ModulusOccupation,45,lemma,modulusActive_subset,ClayNS,ClayNS.modulusActive_subset,
RequestProject/NavierStokes/ModulusOccupation.lean,RequestProject.NavierStokes.ModulusOccupation,52,theorem,level_measure_le_setIntegral_rpow,ClayNS,ClayNS.level_measure_le_setIntegral_rpow,
RequestProject/NavierStokes/ModulusOccupation.lean,RequestProject.NavierStokes.ModulusOccupation,84,theorem,occupation_le_of_budget,ClayNS,ClayNS.occupation_le_of_budget,
RequestProject/NavierStokes/ModulusOccupation.lean,RequestProject.NavierStokes.ModulusOccupation,102,theorem,occupation_tendsto_zero,ClayNS,ClayNS.occupation_tendsto_zero,
RequestProject/NavierStokes/ModulusOccupation.lean,RequestProject.NavierStokes.ModulusOccupation,111,theorem,exists_level_occupation_lt,ClayNS,ClayNS.exists_level_occupation_lt,
RequestProject/NavierStokes/ModulusOccupation.lean,RequestProject.NavierStokes.ModulusOccupation,129,theorem,modulus_occupation_bridge,ClayNS,ClayNS.modulus_occupation_bridge,
RequestProject/NavierStokes/ModulusOccupation.lean,RequestProject.NavierStokes.ModulusOccupation,156,theorem,halfBall_occupation_le_of_weighted_budget,ClayNS,ClayNS.halfBall_occupation_le_of_weighted_budget,
RequestProject/NavierStokes/ModulusOccupation.lean,RequestProject.NavierStokes.ModulusOccupation,235,theorem,modulus_residence_charge,ClayNS,ClayNS.modulus_residence_charge,
RequestProject/NavierStokes/ModulusResidualLevelSelection.lean,RequestProject.NavierStokes.ModulusResidualLevelSelection,40,def,modResidualDensity,ClayNS,ClayNS.modResidualDensity,
RequestProject/NavierStokes/ModulusResidualLevelSelection.lean,RequestProject.NavierStokes.ModulusResidualLevelSelection,44,lemma,modResidualDensity_nonneg,ClayNS,ClayNS.modResidualDensity_nonneg,
RequestProject/NavierStokes/ModulusResidualLevelSelection.lean,RequestProject.NavierStokes.ModulusResidualLevelSelection,50,lemma,contDiff_modResidualBase,ClayNS,ClayNS.contDiff_modResidualBase,
RequestProject/NavierStokes/ModulusResidualLevelSelection.lean,RequestProject.NavierStokes.ModulusResidualLevelSelection,57,lemma,continuous_modResidualDensity,ClayNS,ClayNS.continuous_modResidualDensity,
RequestProject/NavierStokes/ModulusResidualLevelSelection.lean,RequestProject.NavierStokes.ModulusResidualLevelSelection,74,lemma,abs_modProfileResidual_eq,ClayNS,ClayNS.abs_modProfileResidual_eq,
RequestProject/NavierStokes/ModulusResidualLevelSelection.lean,RequestProject.NavierStokes.ModulusResidualLevelSelection,89,theorem,exists_level_modulus_residual_bound,ClayNS,ClayNS.exists_level_modulus_residual_bound,
RequestProject/NavierStokes/ModulusResidualLevelSelection.lean,RequestProject.NavierStokes.ModulusResidualLevelSelection,118,theorem,exists_level_modulusEps_profile_cell_budget,ClayNS,ClayNS.exists_level_modulusEps_profile_cell_budget,
RequestProject/NavierStokes/ModulusViscousCoercivity.lean,RequestProject.NavierStokes.ModulusViscousCoercivity,50,def,incrLapPair,ClayNS,ClayNS.incrLapPair,
RequestProject/NavierStokes/ModulusViscousCoercivity.lean,RequestProject.NavierStokes.ModulusViscousCoercivity,53,lemma,lap_eq_sum_dvec,ClayNS,ClayNS.lap_eq_sum_dvec,
RequestProject/NavierStokes/ModulusViscousCoercivity.lean,RequestProject.NavierStokes.ModulusViscousCoercivity,57,theorem,lap_incrQuad_eq,ClayNS,ClayNS.lap_incrQuad_eq,
RequestProject/NavierStokes/ModulusViscousCoercivity.lean,RequestProject.NavierStokes.ModulusViscousCoercivity,81,theorem,lap_incrQuad_eq_modulus,ClayNS,ClayNS.lap_incrQuad_eq_modulus,
RequestProject/NavierStokes/ModulusViscousCoercivity.lean,RequestProject.NavierStokes.ModulusViscousCoercivity,118,theorem,modulusEps_viscous_transverse_identity,ClayNS,ClayNS.modulusEps_viscous_transverse_identity,
RequestProject/NavierStokes/ModulusViscousCoercivity.lean,RequestProject.NavierStokes.ModulusViscousCoercivity,140,theorem,modulusEps_viscous_transverse_cell_identity,ClayNS,ClayNS.modulusEps_viscous_transverse_cell_identity,
RequestProject/NavierStokes/ModulusViscousCoercivity.lean,RequestProject.NavierStokes.ModulusViscousCoercivity,178,theorem,modulusEps_viscous_dominates_stretching,ClayNS,ClayNS.modulusEps_viscous_dominates_stretching,
RequestProject/NavierStokes/OneStepDyadicNoGo.lean,RequestProject.NavierStokes.OneStepDyadicNoGo,52,def,bumpCenter,ClayNS,ClayNS.bumpCenter,
RequestProject/NavierStokes/OneStepDyadicNoGo.lean,RequestProject.NavierStokes.OneStepDyadicNoGo,54,lemma,norm_ee_zero,ClayNS,ClayNS.norm_ee_zero,
RequestProject/NavierStokes/OneStepDyadicNoGo.lean,RequestProject.NavierStokes.OneStepDyadicNoGo,57,lemma,norm_bumpCenter,ClayNS,ClayNS.norm_bumpCenter,
RequestProject/NavierStokes/OneStepDyadicNoGo.lean,RequestProject.NavierStokes.OneStepDyadicNoGo,63,def,annulusBump,ClayNS,ClayNS.annulusBump,
RequestProject/NavierStokes/OneStepDyadicNoGo.lean,RequestProject.NavierStokes.OneStepDyadicNoGo,66,def,annulusDensity,ClayNS,ClayNS.annulusDensity,
RequestProject/NavierStokes/OneStepDyadicNoGo.lean,RequestProject.NavierStokes.OneStepDyadicNoGo,68,lemma,annulusBump_nonneg,ClayNS,ClayNS.annulusBump_nonneg,
RequestProject/NavierStokes/OneStepDyadicNoGo.lean,RequestProject.NavierStokes.OneStepDyadicNoGo,70,lemma,continuous_annulusBump,ClayNS,ClayNS.continuous_annulusBump,
RequestProject/NavierStokes/OneStepDyadicNoGo.lean,RequestProject.NavierStokes.OneStepDyadicNoGo,73,lemma,integrableOn_annulusBump,ClayNS,ClayNS.integrableOn_annulusBump,
RequestProject/NavierStokes/OneStepDyadicNoGo.lean,RequestProject.NavierStokes.OneStepDyadicNoGo,79,lemma,annulusBump_eq_zero_of_norm_lt_half,ClayNS,ClayNS.annulusBump_eq_zero_of_norm_lt_half,
RequestProject/NavierStokes/OneStepDyadicNoGo.lean,RequestProject.NavierStokes.OneStepDyadicNoGo,97,lemma,annulusBump_integral_pos,ClayNS,ClayNS.annulusBump_integral_pos,
RequestProject/NavierStokes/OneStepDyadicNoGo.lean,RequestProject.NavierStokes.OneStepDyadicNoGo,140,lemma,QgradCyl_const_mul,ClayNS,ClayNS.QgradCyl_const_mul,
RequestProject/NavierStokes/OneStepDyadicNoGo.lean,RequestProject.NavierStokes.OneStepDyadicNoGo,152,theorem,qgradCyl_annulusDensity_half_eq_zero,ClayNS,ClayNS.qgradCyl_annulusDensity_half_eq_zero,
RequestProject/NavierStokes/OneStepDyadicNoGo.lean,RequestProject.NavierStokes.OneStepDyadicNoGo,166,theorem,qgradCyl_annulusDensity_eq,ClayNS,ClayNS.qgradCyl_annulusDensity_eq,
RequestProject/NavierStokes/OneStepDyadicNoGo.lean,RequestProject.NavierStokes.OneStepDyadicNoGo,176,theorem,exists_density_with_prescribed_defect_and_vanishing_half,ClayNS,ClayNS.exists_density_with_prescribed_defect_and_vanishing_half,
RequestProject/NavierStokes/OneStepDyadicNoGo.lean,RequestProject.NavierStokes.OneStepDyadicNoGo,197,theorem,no_kinematic_one_step_persistence,ClayNS,ClayNS.no_kinematic_one_step_persistence,
RequestProject/NavierStokes/OpenGates.lean,RequestProject.NavierStokes.OpenGates,82,def,PhysicalVelocityScaleDefectGate,ClayNS,ClayNS.PhysicalVelocityScaleDefectGate,
RequestProject/NavierStokes/OpenGates.lean,RequestProject.NavierStokes.OpenGates,91,def,LocalizedDefectTransferGate,ClayNS,ClayNS.LocalizedDefectTransferGate,
RequestProject/NavierStokes/OpenGates.lean,RequestProject.NavierStokes.OpenGates,97,def,OscillationContractionGate,ClayNS,ClayNS.OscillationContractionGate,
RequestProject/NavierStokes/OpenGates.lean,RequestProject.NavierStokes.OpenGates,103,def,CubicSparsePropagation,ClayNS,ClayNS.CubicSparsePropagation,
RequestProject/NavierStokes/OpenGates.lean,RequestProject.NavierStokes.OpenGates,111,theorem,cubicSparsePropagation_fails_for_linear_skeleton,ClayNS,ClayNS.cubicSparsePropagation_fails_for_linear_skeleton,
RequestProject/NavierStokes/OpenGates.lean,RequestProject.NavierStokes.OpenGates,117,def,PolynomialSparsePropagation,ClayNS,ClayNS.PolynomialSparsePropagation,
RequestProject/NavierStokes/OpenGates.lean,RequestProject.NavierStokes.OpenGates,122,theorem,polynomialSparsePropagation_fails_for_linear_skeleton,ClayNS,ClayNS.polynomialSparsePropagation_fails_for_linear_skeleton,
RequestProject/NavierStokes/OpenGates.lean,RequestProject.NavierStokes.OpenGates,195,def,OneStepDefectPersistence,ClayNS,ClayNS.OneStepDefectPersistence,
RequestProject/NavierStokes/OpenGates.lean,RequestProject.NavierStokes.OpenGates,203,def,ScaleMonotonicityGate,ClayNS,ClayNS.ScaleMonotonicityGate,
RequestProject/NavierStokes/OpenGates.lean,RequestProject.NavierStokes.OpenGates,207,theorem,velocityScaleDefect_of_scaleMonotonicityGate,ClayNS,ClayNS.velocityScaleDefect_of_scaleMonotonicityGate,
RequestProject/NavierStokes/OpenGates.lean,RequestProject.NavierStokes.OpenGates,215,theorem,dynamicVelocityScaleDefect_of_oneStepPersistence,ClayNS,ClayNS.dynamicVelocityScaleDefect_of_oneStepPersistence,
RequestProject/NavierStokes/OpenGates.lean,RequestProject.NavierStokes.OpenGates,226,def,LevelSetEnergyRecursion,ClayNS,ClayNS.LevelSetEnergyRecursion,
RequestProject/NavierStokes/OpenGates.lean,RequestProject.NavierStokes.OpenGates,233,theorem,levelSetEnergy_tendsto_zero,ClayNS,ClayNS.levelSetEnergy_tendsto_zero,
RequestProject/NavierStokes/OpenGates.lean,RequestProject.NavierStokes.OpenGates,244,def,BlowupLimitGate,ClayNS,ClayNS.BlowupLimitGate,
RequestProject/NavierStokes/OpenGates.lean,RequestProject.NavierStokes.OpenGates,253,theorem,blowup_route_false_of_gates,ClayNS,ClayNS.blowup_route_false_of_gates,
RequestProject/NavierStokes/OpenGates.lean,RequestProject.NavierStokes.OpenGates,265,structure,IsNSSolutionOn,ClayNS,ClayNS.IsNSSolutionOn,
RequestProject/NavierStokes/OpenGates.lean,RequestProject.NavierStokes.OpenGates,274,theorem,isNSSolutionOn_of_isNSSolution,ClayNS,ClayNS.isNSSolutionOn_of_isNSSolution,
RequestProject/NavierStokes/OpenGates.lean,RequestProject.NavierStokes.OpenGates,289,structure,IsNSSolutionSlab,ClayNS,ClayNS.IsNSSolutionSlab,
RequestProject/NavierStokes/OpenGates.lean,RequestProject.NavierStokes.OpenGates,298,theorem,isNSSolutionSlab_of_isNSSolutionOn,ClayNS,ClayNS.isNSSolutionSlab_of_isNSSolutionOn,
RequestProject/NavierStokes/OpenGates.lean,RequestProject.NavierStokes.OpenGates,309,def,LocalExistenceGate,ClayNS,ClayNS.LocalExistenceGate,
RequestProject/NavierStokes/OpenGates.lean,RequestProject.NavierStokes.OpenGates,316,def,WindowUniquenessGate,ClayNS,ClayNS.WindowUniquenessGate,
RequestProject/NavierStokes/OpenGates.lean,RequestProject.NavierStokes.OpenGates,324,def,ContinuationGate,ClayNS,ClayNS.ContinuationGate,
RequestProject/NavierStokes/OpenGates.lean,RequestProject.NavierStokes.OpenGates,332,def,NoVelocityBlowupGate,ClayNS,ClayNS.NoVelocityBlowupGate,
RequestProject/NavierStokes/OpenGates.lean,RequestProject.NavierStokes.OpenGates,345,def,GlobalAssemblyGate,ClayNS,ClayNS.GlobalAssemblyGate,
RequestProject/NavierStokes/OperatorSchurBlockCancellation.lean,RequestProject.NavierStokes.OperatorSchurBlockCancellation,69,theorem,vec_eq_zero_of_nrm_eq_zero,ClayNS.Schur,ClayNS.Schur.vec_eq_zero_of_nrm_eq_zero,
RequestProject/NavierStokes/OperatorSchurBlockCancellation.lean,RequestProject.NavierStokes.OperatorSchurBlockCancellation,79,theorem,herm_re_eq_sub_defect',ClayNS.Schur,ClayNS.Schur.herm_re_eq_sub_defect',
RequestProject/NavierStokes/OperatorSchurBlockCancellation.lean,RequestProject.NavierStokes.OperatorSchurBlockCancellation,92,theorem,two_nrm_mul_herm_re_eq,ClayNS.Schur,ClayNS.Schur.two_nrm_mul_herm_re_eq,
RequestProject/NavierStokes/OperatorSchurBlockCancellation.lean,RequestProject.NavierStokes.OperatorSchurBlockCancellation,102,theorem,resForm_eq_cs_sub_defect',ClayNS.Schur,ClayNS.Schur.resForm_eq_cs_sub_defect',
RequestProject/NavierStokes/OperatorSchurBlockCancellation.lean,RequestProject.NavierStokes.OperatorSchurBlockCancellation,131,def,OperatorSchur,ClayNS.Schur,ClayNS.Schur.OperatorSchur,
RequestProject/NavierStokes/OperatorSchurBlockCancellation.lean,RequestProject.NavierStokes.OperatorSchurBlockCancellation,144,theorem,almostOrthogonal_of_operatorSchur,ClayNS.Schur,ClayNS.Schur.almostOrthogonal_of_operatorSchur,
RequestProject/NavierStokes/OperatorSchurBlockCancellation.lean,RequestProject.NavierStokes.OperatorSchurBlockCancellation,182,theorem,spacetime_remainder_le_critical_of_operatorSchur,ClayNS.Schur,ClayNS.Schur.spacetime_remainder_le_critical_of_operatorSchur,
RequestProject/NavierStokes/OperatorSchurBlockCancellation.lean,RequestProject.NavierStokes.OperatorSchurBlockCancellation,205,def,e0,ClayNS.Schur,ClayNS.Schur.e0,
RequestProject/NavierStokes/OperatorSchurBlockCancellation.lean,RequestProject.NavierStokes.OperatorSchurBlockCancellation,208,def,e1,ClayNS.Schur,ClayNS.Schur.e1,
RequestProject/NavierStokes/OperatorSchurBlockCancellation.lean,RequestProject.NavierStokes.OperatorSchurBlockCancellation,211,def,wa,ClayNS.Schur,ClayNS.Schur.wa,
RequestProject/NavierStokes/OperatorSchurBlockCancellation.lean,RequestProject.NavierStokes.OperatorSchurBlockCancellation,214,def,wb,ClayNS.Schur,ClayNS.Schur.wb,
RequestProject/NavierStokes/OperatorSchurBlockCancellation.lean,RequestProject.NavierStokes.OperatorSchurBlockCancellation,216,theorem,wa_ne_wb,ClayNS.Schur,ClayNS.Schur.wa_ne_wb,
RequestProject/NavierStokes/OperatorSchurBlockCancellation.lean,RequestProject.NavierStokes.OperatorSchurBlockCancellation,226,theorem,dataSchur_snapshot_dependent,ClayNS.Schur,ClayNS.Schur.dataSchur_snapshot_dependent,
RequestProject/NavierStokes/OperatorSchurBlockCancellation.lean,RequestProject.NavierStokes.OperatorSchurBlockCancellation,254,def,realScale,ClayNS.Schur,ClayNS.Schur.realScale,
RequestProject/NavierStokes/OperatorSchurBlockCancellation.lean,RequestProject.NavierStokes.OperatorSchurBlockCancellation,256,theorem,nsq_realScale,ClayNS.Schur,ClayNS.Schur.nsq_realScale,
RequestProject/NavierStokes/OperatorSchurBlockCancellation.lean,RequestProject.NavierStokes.OperatorSchurBlockCancellation,259,theorem,nrm_realScale,ClayNS.Schur,ClayNS.Schur.nrm_realScale,
RequestProject/NavierStokes/OperatorSchurBlockCancellation.lean,RequestProject.NavierStokes.OperatorSchurBlockCancellation,262,theorem,herm_realScale,ClayNS.Schur,ClayNS.Schur.herm_realScale,
RequestProject/NavierStokes/OperatorSchurBlockCancellation.lean,RequestProject.NavierStokes.OperatorSchurBlockCancellation,271,theorem,resForm_realScale_eq,ClayNS.Schur,ClayNS.Schur.resForm_realScale_eq,
RequestProject/NavierStokes/OperatorSchurBlockCancellation.lean,RequestProject.NavierStokes.OperatorSchurBlockCancellation,280,theorem,card_le_of_almostOrthogonal_unimodular,ClayNS.Schur,ClayNS.Schur.card_le_of_almostOrthogonal_unimodular,
RequestProject/NavierStokes/OperatorSchurBlockCancellation.lean,RequestProject.NavierStokes.OperatorSchurBlockCancellation,309,theorem,exists_signed_family_resForm_zero_with_maximal_schur,ClayNS.Schur,ClayNS.Schur.exists_signed_family_resForm_zero_with_maximal_schur,
RequestProject/NavierStokes/OperatorSchurBlockCancellation.lean,RequestProject.NavierStokes.OperatorSchurBlockCancellation,341,theorem,sum_sum_le_block_schur,ClayNS.Schur,ClayNS.Schur.sum_sum_le_block_schur,
RequestProject/NavierStokes/OperatorSchurBlockCancellation.lean,RequestProject.NavierStokes.OperatorSchurBlockCancellation,366,def,blockMass,ClayNS.Schur,ClayNS.Schur.blockMass,
RequestProject/NavierStokes/OperatorSchurBlockCancellation.lean,RequestProject.NavierStokes.OperatorSchurBlockCancellation,370,theorem,sq_blockMass,ClayNS.Schur,ClayNS.Schur.sq_blockMass,
RequestProject/NavierStokes/OperatorSchurBlockCancellation.lean,RequestProject.NavierStokes.OperatorSchurBlockCancellation,376,theorem,blockMass_singleton,ClayNS.Schur,ClayNS.Schur.blockMass_singleton,
RequestProject/NavierStokes/OperatorSchurBlockCancellation.lean,RequestProject.NavierStokes.OperatorSchurBlockCancellation,392,def,BlockAlmostOrthogonal,ClayNS.Schur,ClayNS.Schur.BlockAlmostOrthogonal,
RequestProject/NavierStokes/OperatorSchurBlockCancellation.lean,RequestProject.NavierStokes.OperatorSchurBlockCancellation,406,theorem,resForm_le_block_schur,ClayNS.Schur,ClayNS.Schur.resForm_le_block_schur,
RequestProject/NavierStokes/OperatorSchurBlockCancellation.lean,RequestProject.NavierStokes.OperatorSchurBlockCancellation,432,theorem,resTerm_le_of_coherence,ClayNS.Schur,ClayNS.Schur.resTerm_le_of_coherence,
RequestProject/NavierStokes/OperatorSchurBlockCancellation.lean,RequestProject.NavierStokes.OperatorSchurBlockCancellation,463,theorem,blockAlmostOrthogonal_of_almostOrthogonal,ClayNS.Schur,ClayNS.Schur.blockAlmostOrthogonal_of_almostOrthogonal,
RequestProject/NavierStokes/OperatorSchurBlockCancellation.lean,RequestProject.NavierStokes.OperatorSchurBlockCancellation,484,def,wp1,ClayNS.Schur,ClayNS.Schur.wp1,
RequestProject/NavierStokes/OperatorSchurBlockCancellation.lean,RequestProject.NavierStokes.OperatorSchurBlockCancellation,487,def,wm1,ClayNS.Schur,ClayNS.Schur.wm1,
RequestProject/NavierStokes/OperatorSchurBlockCancellation.lean,RequestProject.NavierStokes.OperatorSchurBlockCancellation,489,theorem,wp1_ne_wm1,ClayNS.Schur,ClayNS.Schur.wp1_ne_wm1,
RequestProject/NavierStokes/OperatorSchurBlockCancellation.lean,RequestProject.NavierStokes.OperatorSchurBlockCancellation,494,theorem,wsq_wp1,ClayNS.Schur,ClayNS.Schur.wsq_wp1,
RequestProject/NavierStokes/OperatorSchurBlockCancellation.lean,RequestProject.NavierStokes.OperatorSchurBlockCancellation,496,theorem,wsq_wm1,ClayNS.Schur,ClayNS.Schur.wsq_wm1,
RequestProject/NavierStokes/OperatorSchurBlockCancellation.lean,RequestProject.NavierStokes.OperatorSchurBlockCancellation,504,theorem,blockSchur_strictly_weaker_than_absolute_schur,ClayNS.Schur,ClayNS.Schur.blockSchur_strictly_weaker_than_absolute_schur,
RequestProject/NavierStokes/OperatorSchurBlockCancellation.lean,RequestProject.NavierStokes.OperatorSchurBlockCancellation,571,def,GramOperatorBound,ClayNS.Schur,ClayNS.Schur.GramOperatorBound,
RequestProject/NavierStokes/OperatorSchurBlockCancellation.lean,RequestProject.NavierStokes.OperatorSchurBlockCancellation,579,theorem,gramOperatorBound_of_almostOrthogonal,ClayNS.Schur,ClayNS.Schur.gramOperatorBound_of_almostOrthogonal,
RequestProject/NavierStokes/OperatorSchurBlockCancellation.lean,RequestProject.NavierStokes.OperatorSchurBlockCancellation,586,theorem,gramOperatorBound_of_blockAlmostOrthogonal,ClayNS.Schur,ClayNS.Schur.gramOperatorBound_of_blockAlmostOrthogonal,
RequestProject/NavierStokes/OperatorSchurBlockCancellation.lean,RequestProject.NavierStokes.OperatorSchurBlockCancellation,594,theorem,gramOperatorBound_of_operatorSchur,ClayNS.Schur,ClayNS.Schur.gramOperatorBound_of_operatorSchur,
RequestProject/NavierStokes/OperatorSchurBlockCancellation.lean,RequestProject.NavierStokes.OperatorSchurBlockCancellation,604,theorem,blockAlmostOrthogonal_single_iff,ClayNS.Schur,ClayNS.Schur.blockAlmostOrthogonal_single_iff,
RequestProject/NavierStokes/OperatorSchurBlockCancellation.lean,RequestProject.NavierStokes.OperatorSchurBlockCancellation,638,theorem,integral_nsq_Fs_le_gramBound,ClayNS.Schur,ClayNS.Schur.integral_nsq_Fs_le_gramBound,
RequestProject/NavierStokes/OperatorSchurBlockCancellation.lean,RequestProject.NavierStokes.OperatorSchurBlockCancellation,671,theorem,sum_integral_nsq_Fs_le_gramBound,ClayNS.Schur,ClayNS.Schur.sum_integral_nsq_Fs_le_gramBound,
RequestProject/NavierStokes/OperatorSchurBlockCancellation.lean,RequestProject.NavierStokes.OperatorSchurBlockCancellation,714,theorem,sum_integral_nsq_Fs_le_gramBound_wiener,ClayNS.Schur,ClayNS.Schur.sum_integral_nsq_Fs_le_gramBound_wiener,
RequestProject/NavierStokes/OperatorSchurBlockCancellation.lean,RequestProject.NavierStokes.OperatorSchurBlockCancellation,749,theorem,spacetime_remainder_le_critical_of_gramBound,ClayNS.Schur,ClayNS.Schur.spacetime_remainder_le_critical_of_gramBound,
RequestProject/NavierStokes/OperatorSchurBlockCancellation.lean,RequestProject.NavierStokes.OperatorSchurBlockCancellation,801,def,axisWave,ClayNS.Schur,ClayNS.Schur.axisWave,
RequestProject/NavierStokes/OperatorSchurBlockCancellation.lean,RequestProject.NavierStokes.OperatorSchurBlockCancellation,803,theorem,axisWave_injective,ClayNS.Schur,ClayNS.Schur.axisWave_injective,
RequestProject/NavierStokes/OperatorSchurBlockCancellation.lean,RequestProject.NavierStokes.OperatorSchurBlockCancellation,808,theorem,wsq_axisWave,ClayNS.Schur,ClayNS.Schur.wsq_axisWave,
RequestProject/NavierStokes/OperatorSchurBlockCancellation.lean,RequestProject.NavierStokes.OperatorSchurBlockCancellation,816,theorem,comparable_shell_localization_insufficient,ClayNS.Schur,ClayNS.Schur.comparable_shell_localization_insufficient,
RequestProject/NavierStokes/OperatorSchurBlockCancellation.lean,RequestProject.NavierStokes.OperatorSchurBlockCancellation,871,theorem,almostOrthogonal_of_shiftInvariant_kernel,ClayNS.Schur,ClayNS.Schur.almostOrthogonal_of_shiftInvariant_kernel,
RequestProject/NavierStokes/ParabolicCutoffProbe.lean,RequestProject.NavierStokes.ParabolicCutoffProbe,49,def,parScale,ClayNS,ClayNS.parScale,
RequestProject/NavierStokes/ParabolicCutoffProbe.lean,RequestProject.NavierStokes.ParabolicCutoffProbe,51,lemma,parScale_nonneg,ClayNS,ClayNS.parScale_nonneg,
RequestProject/NavierStokes/ParabolicCutoffProbe.lean,RequestProject.NavierStokes.ParabolicCutoffProbe,56,lemma,parScale_eq_zero_iff,ClayNS,ClayNS.parScale_eq_zero_iff,
RequestProject/NavierStokes/ParabolicCutoffProbe.lean,RequestProject.NavierStokes.ParabolicCutoffProbe,73,lemma,parScale_pos_of_ne,ClayNS,ClayNS.parScale_pos_of_ne,
RequestProject/NavierStokes/ParabolicCutoffProbe.lean,RequestProject.NavierStokes.ParabolicCutoffProbe,77,lemma,parScale_ge_of_norm_ge,ClayNS,ClayNS.parScale_ge_of_norm_ge,
RequestProject/NavierStokes/ParabolicCutoffProbe.lean,RequestProject.NavierStokes.ParabolicCutoffProbe,103,lemma,contDiff_parScale,ClayNS,ClayNS.contDiff_parScale,
RequestProject/NavierStokes/ParabolicCutoffProbe.lean,RequestProject.NavierStokes.ParabolicCutoffProbe,112,theorem,fderiv_parScale_parVec,ClayNS,ClayNS.fderiv_parScale_parVec,
RequestProject/NavierStokes/ParabolicCutoffProbe.lean,RequestProject.NavierStokes.ParabolicCutoffProbe,137,def,parWeightOf,ClayNS,ClayNS.parWeightOf,
RequestProject/NavierStokes/ParabolicCutoffProbe.lean,RequestProject.NavierStokes.ParabolicCutoffProbe,139,lemma,parWeightOf_apply,ClayNS,ClayNS.parWeightOf_apply,@[simp]
RequestProject/NavierStokes/ParabolicCutoffProbe.lean,RequestProject.NavierStokes.ParabolicCutoffProbe,142,lemma,contDiff_parWeightOf,ClayNS,ClayNS.contDiff_parWeightOf,
RequestProject/NavierStokes/ParabolicCutoffProbe.lean,RequestProject.NavierStokes.ParabolicCutoffProbe,152,theorem,parScaleResidual_parWeightOf,ClayNS,ClayNS.parScaleResidual_parWeightOf,
RequestProject/NavierStokes/ParabolicCutoffProbe.lean,RequestProject.NavierStokes.ParabolicCutoffProbe,167,def,parCutProfile,ClayNS,ClayNS.parCutProfile,
RequestProject/NavierStokes/ParabolicCutoffProbe.lean,RequestProject.NavierStokes.ParabolicCutoffProbe,170,def,parCutProfile',ClayNS,ClayNS.parCutProfile',
RequestProject/NavierStokes/ParabolicCutoffProbe.lean,RequestProject.NavierStokes.ParabolicCutoffProbe,173,lemma,parCutProfile_eq_zero,ClayNS,ClayNS.parCutProfile_eq_zero,
RequestProject/NavierStokes/ParabolicCutoffProbe.lean,RequestProject.NavierStokes.ParabolicCutoffProbe,176,lemma,parCutProfile'_eq_zero,ClayNS,ClayNS.parCutProfile'_eq_zero,
RequestProject/NavierStokes/ParabolicCutoffProbe.lean,RequestProject.NavierStokes.ParabolicCutoffProbe,179,lemma,hasDerivAt_parCutProfile_of_ne,ClayNS,ClayNS.hasDerivAt_parCutProfile_of_ne,
RequestProject/NavierStokes/ParabolicCutoffProbe.lean,RequestProject.NavierStokes.ParabolicCutoffProbe,186,lemma,hasDerivAt_parCutProfile,ClayNS,ClayNS.hasDerivAt_parCutProfile,
RequestProject/NavierStokes/ParabolicCutoffProbe.lean,RequestProject.NavierStokes.ParabolicCutoffProbe,200,lemma,continuous_parCutProfile',ClayNS,ClayNS.continuous_parCutProfile',
RequestProject/NavierStokes/ParabolicCutoffProbe.lean,RequestProject.NavierStokes.ParabolicCutoffProbe,225,theorem,parScaleResidual_parCut,ClayNS,ClayNS.parScaleResidual_parCut,
RequestProject/NavierStokes/ParabolicCutoffProbe.lean,RequestProject.NavierStokes.ParabolicCutoffProbe,255,theorem,parabolic_cutoff_probe_adjoint,ClayNS,ClayNS.parabolic_cutoff_probe_adjoint,
RequestProject/NavierStokes/ParabolicDilationProbe.lean,RequestProject.NavierStokes.ParabolicDilationProbe,56,def,parVec,ClayNS,ClayNS.parVec,
RequestProject/NavierStokes/ParabolicDilationProbe.lean,RequestProject.NavierStokes.ParabolicDilationProbe,59,def,parRadPair,ClayNS,ClayNS.parRadPair,
RequestProject/NavierStokes/ParabolicDilationProbe.lean,RequestProject.NavierStokes.ParabolicDilationProbe,63,def,parGen,ClayNS,ClayNS.parGen,
RequestProject/NavierStokes/ParabolicDilationProbe.lean,RequestProject.NavierStokes.ParabolicDilationProbe,66,def,parScaleResidual,ClayNS,ClayNS.parScaleResidual,
RequestProject/NavierStokes/ParabolicDilationProbe.lean,RequestProject.NavierStokes.ParabolicDilationProbe,71,def,parProbe,ClayNS,ClayNS.parProbe,
RequestProject/NavierStokes/ParabolicDilationProbe.lean,RequestProject.NavierStokes.ParabolicDilationProbe,77,lemma,parVec_decomp,ClayNS,ClayNS.parVec_decomp,
RequestProject/NavierStokes/ParabolicDilationProbe.lean,RequestProject.NavierStokes.ParabolicDilationProbe,88,theorem,parGen_eq_scaleGen,ClayNS,ClayNS.parGen_eq_scaleGen,
RequestProject/NavierStokes/ParabolicDilationProbe.lean,RequestProject.NavierStokes.ParabolicDilationProbe,100,def,stProj,ClayNS,ClayNS.stProj,
RequestProject/NavierStokes/ParabolicDilationProbe.lean,RequestProject.NavierStokes.ParabolicDilationProbe,103,lemma,stProj_apply,ClayNS,ClayNS.stProj_apply,
RequestProject/NavierStokes/ParabolicDilationProbe.lean,RequestProject.NavierStokes.ParabolicDilationProbe,105,lemma,contDiff_stCoord,ClayNS,ClayNS.contDiff_stCoord,
RequestProject/NavierStokes/ParabolicDilationProbe.lean,RequestProject.NavierStokes.ParabolicDilationProbe,108,lemma,hasFDerivAt_stCoord,ClayNS,ClayNS.hasFDerivAt_stCoord,
RequestProject/NavierStokes/ParabolicDilationProbe.lean,RequestProject.NavierStokes.ParabolicDilationProbe,111,lemma,fderiv_stCoord,ClayNS,ClayNS.fderiv_stCoord,
RequestProject/NavierStokes/ParabolicDilationProbe.lean,RequestProject.NavierStokes.ParabolicDilationProbe,115,lemma,contDiff_stTime2,ClayNS,ClayNS.contDiff_stTime2,
RequestProject/NavierStokes/ParabolicDilationProbe.lean,RequestProject.NavierStokes.ParabolicDilationProbe,118,lemma,fderiv_stTime2,ClayNS,ClayNS.fderiv_stTime2,
RequestProject/NavierStokes/ParabolicDilationProbe.lean,RequestProject.NavierStokes.ParabolicDilationProbe,128,lemma,hasFDerivAt_parRadPair,ClayNS,ClayNS.hasFDerivAt_parRadPair,
RequestProject/NavierStokes/ParabolicDilationProbe.lean,RequestProject.NavierStokes.ParabolicDilationProbe,137,lemma,differentiableAt_parRadPair,ClayNS,ClayNS.differentiableAt_parRadPair,
RequestProject/NavierStokes/ParabolicDilationProbe.lean,RequestProject.NavierStokes.ParabolicDilationProbe,141,lemma,fderiv_parRadPair_apply,ClayNS,ClayNS.fderiv_parRadPair_apply,
RequestProject/NavierStokes/ParabolicDilationProbe.lean,RequestProject.NavierStokes.ParabolicDilationProbe,155,theorem,parRadPair_parGen,ClayNS,ClayNS.parRadPair_parGen,
RequestProject/NavierStokes/ParabolicDilationProbe.lean,RequestProject.NavierStokes.ParabolicDilationProbe,172,theorem,parabolic_flux_div,ClayNS,ClayNS.parabolic_flux_div,
RequestProject/NavierStokes/ParabolicDilationProbe.lean,RequestProject.NavierStokes.ParabolicDilationProbe,242,theorem,parabolic_dilation_probe_adjoint,ClayNS,ClayNS.parabolic_dilation_probe_adjoint,
RequestProject/NavierStokes/ParabolicGain.lean,RequestProject.NavierStokes.ParabolicGain,53,def,sobolevConstE3,ClayNS,ClayNS.sobolevConstE3,
RequestProject/NavierStokes/ParabolicGain.lean,RequestProject.NavierStokes.ParabolicGain,55,lemma,sobolevConstE3_nonneg,ClayNS,ClayNS.sobolevConstE3_nonneg,
RequestProject/NavierStokes/ParabolicGain.lean,RequestProject.NavierStokes.ParabolicGain,59,theorem,sobolev_L6_le,ClayNS,ClayNS.sobolev_L6_le,
RequestProject/NavierStokes/ParabolicGain.lean,RequestProject.NavierStokes.ParabolicGain,82,theorem,interpolation_L10over3,ClayNS,ClayNS.interpolation_L10over3,
RequestProject/NavierStokes/ParabolicGain.lean,RequestProject.NavierStokes.ParabolicGain,123,theorem,parabolic_L10over3_gain,ClayNS,ClayNS.parabolic_L10over3_gain,
RequestProject/NavierStokes/ParabolicGain.lean,RequestProject.NavierStokes.ParabolicGain,153,theorem,parabolic_L10over3_gain_time,ClayNS,ClayNS.parabolic_L10over3_gain_time,
RequestProject/NavierStokes/ParabolicGain.lean,RequestProject.NavierStokes.ParabolicGain,189,theorem,parabolic_gain_of_caccioppoli,ClayNS,ClayNS.parabolic_gain_of_caccioppoli,
RequestProject/NavierStokes/ParabolicProbeExistence.lean,RequestProject.NavierStokes.ParabolicProbeExistence,55,def,parMass,ClayNS,ClayNS.parMass,
RequestProject/NavierStokes/ParabolicProbeExistence.lean,RequestProject.NavierStokes.ParabolicProbeExistence,57,lemma,continuous_parScale,ClayNS,ClayNS.continuous_parScale,
RequestProject/NavierStokes/ParabolicProbeExistence.lean,RequestProject.NavierStokes.ParabolicProbeExistence,59,lemma,continuous_rpow_five_quarters,ClayNS,ClayNS.continuous_rpow_five_quarters,
RequestProject/NavierStokes/ParabolicProbeExistence.lean,RequestProject.NavierStokes.ParabolicProbeExistence,64,lemma,continuous_parScale_rpow,ClayNS,ClayNS.continuous_parScale_rpow,
RequestProject/NavierStokes/ParabolicProbeExistence.lean,RequestProject.NavierStokes.ParabolicProbeExistence,67,lemma,continuous_parRadPair,ClayNS,ClayNS.continuous_parRadPair,
RequestProject/NavierStokes/ParabolicProbeExistence.lean,RequestProject.NavierStokes.ParabolicProbeExistence,72,lemma,measurable_parMass,ClayNS,ClayNS.measurable_parMass,
RequestProject/NavierStokes/ParabolicProbeExistence.lean,RequestProject.NavierStokes.ParabolicProbeExistence,77,lemma,parProbe_cut,ClayNS,ClayNS.parProbe_cut,
RequestProject/NavierStokes/ParabolicProbeExistence.lean,RequestProject.NavierStokes.ParabolicProbeExistence,85,lemma,parabolic_residual_eq,ClayNS,ClayNS.parabolic_residual_eq,
RequestProject/NavierStokes/ParabolicProbeExistence.lean,RequestProject.NavierStokes.ParabolicProbeExistence,106,def,parTailSet,ClayNS,ClayNS.parTailSet,
RequestProject/NavierStokes/ParabolicProbeExistence.lean,RequestProject.NavierStokes.ParabolicProbeExistence,109,lemma,measurableSet_parTailSet,ClayNS,ClayNS.measurableSet_parTailSet,
RequestProject/NavierStokes/ParabolicProbeExistence.lean,RequestProject.NavierStokes.ParabolicProbeExistence,113,lemma,antitone_parTailSet,ClayNS,ClayNS.antitone_parTailSet,
RequestProject/NavierStokes/ParabolicProbeExistence.lean,RequestProject.NavierStokes.ParabolicProbeExistence,121,lemma,iInter_parTailSet_subset,ClayNS,ClayNS.iInter_parTailSet_subset,
RequestProject/NavierStokes/ParabolicProbeExistence.lean,RequestProject.NavierStokes.ParabolicProbeExistence,137,lemma,volume_singleton_zero,ClayNS,ClayNS.volume_singleton_zero,
RequestProject/NavierStokes/ParabolicProbeExistence.lean,RequestProject.NavierStokes.ParabolicProbeExistence,145,theorem,exists_par_tail_mass_le,ClayNS,ClayNS.exists_par_tail_mass_le,
RequestProject/NavierStokes/ParabolicProbeExistence.lean,RequestProject.NavierStokes.ParabolicProbeExistence,170,theorem,exists_small_residual_parabolic_probe,ClayNS,ClayNS.exists_small_residual_parabolic_probe,
RequestProject/NavierStokes/PeriodicBounded.lean,RequestProject.NavierStokes.PeriodicBounded,38,lemma,spacePeriodic_add_zsmul,ClayNS,ClayNS.spacePeriodic_add_zsmul,
RequestProject/NavierStokes/PeriodicBounded.lean,RequestProject.NavierStokes.PeriodicBounded,72,lemma,spacePeriodic_add_intCombo,ClayNS,ClayNS.spacePeriodic_add_intCombo,
RequestProject/NavierStokes/PeriodicBounded.lean,RequestProject.NavierStokes.PeriodicBounded,91,lemma,coord_apply,ClayNS,ClayNS.coord_apply,
RequestProject/NavierStokes/PeriodicBounded.lean,RequestProject.NavierStokes.PeriodicBounded,95,lemma,exists_cell_representative,ClayNS,ClayNS.exists_cell_representative,
RequestProject/NavierStokes/PeriodicBounded.lean,RequestProject.NavierStokes.PeriodicBounded,115,theorem,exists_slab_bound,ClayNS,ClayNS.exists_slab_bound,
RequestProject/NavierStokes/PeriodicBounded.lean,RequestProject.NavierStokes.PeriodicBounded,135,theorem,exists_gradient_bound_on_slab,ClayNS,ClayNS.exists_gradient_bound_on_slab,
RequestProject/NavierStokes/PeriodicIntegral.lean,RequestProject.NavierStokes.PeriodicIntegral,33,def,coord,ClayNS,ClayNS.coord,
RequestProject/NavierStokes/PeriodicIntegral.lean,RequestProject.NavierStokes.PeriodicIntegral,35,lemma,coord_single,ClayNS,ClayNS.coord_single,@[simp]
RequestProject/NavierStokes/PeriodicIntegral.lean,RequestProject.NavierStokes.PeriodicIntegral,38,def,cell,ClayNS,ClayNS.cell,
RequestProject/NavierStokes/PeriodicIntegral.lean,RequestProject.NavierStokes.PeriodicIntegral,40,lemma,isCompact_cell,ClayNS,ClayNS.isCompact_cell,
RequestProject/NavierStokes/PeriodicIntegral.lean,RequestProject.NavierStokes.PeriodicIntegral,42,lemma,measurableSet_cell,ClayNS,ClayNS.measurableSet_cell,
RequestProject/NavierStokes/PeriodicIntegral.lean,RequestProject.NavierStokes.PeriodicIntegral,45,def,cellInt,ClayNS,ClayNS.cellInt,
RequestProject/NavierStokes/PeriodicIntegral.lean,RequestProject.NavierStokes.PeriodicIntegral,47,lemma,integrableOn_cell_of_continuous,ClayNS,ClayNS.integrableOn_cell_of_continuous,
RequestProject/NavierStokes/PeriodicIntegral.lean,RequestProject.NavierStokes.PeriodicIntegral,51,lemma,cellInt_add,ClayNS,ClayNS.cellInt_add,
RequestProject/NavierStokes/PeriodicIntegral.lean,RequestProject.NavierStokes.PeriodicIntegral,56,lemma,cellInt_sub,ClayNS,ClayNS.cellInt_sub,
RequestProject/NavierStokes/PeriodicIntegral.lean,RequestProject.NavierStokes.PeriodicIntegral,61,lemma,cellInt_neg,ClayNS,ClayNS.cellInt_neg,
RequestProject/NavierStokes/PeriodicIntegral.lean,RequestProject.NavierStokes.PeriodicIntegral,64,lemma,cellInt_const_mul,ClayNS,ClayNS.cellInt_const_mul,
RequestProject/NavierStokes/PeriodicIntegral.lean,RequestProject.NavierStokes.PeriodicIntegral,68,lemma,cellInt_nonneg,ClayNS,ClayNS.cellInt_nonneg,
RequestProject/NavierStokes/PeriodicIntegral.lean,RequestProject.NavierStokes.PeriodicIntegral,71,lemma,cellInt_congr,ClayNS,ClayNS.cellInt_congr,
RequestProject/NavierStokes/PeriodicIntegral.lean,RequestProject.NavierStokes.PeriodicIntegral,74,lemma,cellInt_mono,ClayNS,ClayNS.cellInt_mono,
RequestProject/NavierStokes/PeriodicIntegral.lean,RequestProject.NavierStokes.PeriodicIntegral,82,lemma,insertNth_one_eq,ClayNS,ClayNS.insertNth_one_eq,
RequestProject/NavierStokes/PeriodicIntegral.lean,RequestProject.NavierStokes.PeriodicIntegral,94,theorem,cellInt_divergence_eq_zero,ClayNS,ClayNS.cellInt_divergence_eq_zero,
RequestProject/NavierStokes/PeriodicIntegral.lean,RequestProject.NavierStokes.PeriodicIntegral,142,lemma,contDiff_slice,ClayNS,ClayNS.contDiff_slice,
RequestProject/NavierStokes/PeriodicIntegral.lean,RequestProject.NavierStokes.PeriodicIntegral,146,lemma,hasFDerivAt_slice,ClayNS,ClayNS.hasFDerivAt_slice,
RequestProject/NavierStokes/PeriodicIntegral.lean,RequestProject.NavierStokes.PeriodicIntegral,157,lemma,fderiv_slice_apply,ClayNS,ClayNS.fderiv_slice_apply,
RequestProject/NavierStokes/PeriodicIntegral.lean,RequestProject.NavierStokes.PeriodicIntegral,163,lemma,hasDerivAt_time_slice,ClayNS,ClayNS.hasDerivAt_time_slice,
RequestProject/NavierStokes/PeriodicIntegral.lean,RequestProject.NavierStokes.PeriodicIntegral,171,lemma,shift_pair,ClayNS,ClayNS.shift_pair,
RequestProject/NavierStokes/PeriodicIntegral.lean,RequestProject.NavierStokes.PeriodicIntegral,176,lemma,spacePeriodic_dvec,ClayNS,ClayNS.spacePeriodic_dvec,
RequestProject/NavierStokes/PeriodicIntegral.lean,RequestProject.NavierStokes.PeriodicIntegral,196,theorem,cellInt_dvec_divergence_eq_zero,ClayNS,ClayNS.cellInt_dvec_divergence_eq_zero,
RequestProject/NavierStokes/PeriodicIntegral.lean,RequestProject.NavierStokes.PeriodicIntegral,214,theorem,cellInt_dvec_eq_zero,ClayNS,ClayNS.cellInt_dvec_eq_zero,
RequestProject/NavierStokes/PeriodicIntegral.lean,RequestProject.NavierStokes.PeriodicIntegral,240,theorem,continuous_cellInt,ClayNS,ClayNS.continuous_cellInt,
RequestProject/NavierStokes/PeriodicIntegral.lean,RequestProject.NavierStokes.PeriodicIntegral,266,theorem,hasDerivAt_cellInt,ClayNS,ClayNS.hasDerivAt_cellInt,
RequestProject/NavierStokes/PhysicalGaussianNearFarRelativeBound.lean,RequestProject.NavierStokes.PhysicalGaussianNearFarRelativeBound,83,lemma,gaussWeight_le_two,ClayNS,ClayNS.gaussWeight_le_two,
RequestProject/NavierStokes/PhysicalGaussianNearFarRelativeBound.lean,RequestProject.NavierStokes.PhysicalGaussianNearFarRelativeBound,95,theorem,gauss_near_pairing_of_mixed_moment,ClayNS,ClayNS.gauss_near_pairing_of_mixed_moment,
RequestProject/NavierStokes/PhysicalGaussianNearFarRelativeBound.lean,RequestProject.NavierStokes.PhysicalGaussianNearFarRelativeBound,138,theorem,physical_gauss_nearfar_relative_bound,ClayNS,ClayNS.physical_gauss_nearfar_relative_bound,
RequestProject/NavierStokes/PhysicalGaussianNearFarRelativeBound.lean,RequestProject.NavierStokes.PhysicalGaussianNearFarRelativeBound,165,theorem,physical_gauss_nearfar_strict_relative_contraction,ClayNS,ClayNS.physical_gauss_nearfar_strict_relative_contraction,
RequestProject/NavierStokes/PhysicalGaussianNearFarRelativeBound.lean,RequestProject.NavierStokes.PhysicalGaussianNearFarRelativeBound,177,lemma,gaussWeight_two_mul_half_tail,ClayNS,ClayNS.gaussWeight_two_mul_half_tail,
RequestProject/NavierStokes/PhysicalGaussianNearFarRelativeBound.lean,RequestProject.NavierStokes.PhysicalGaussianNearFarRelativeBound,194,theorem,mixed_moment_of_pointwise_gaussian_domination,ClayNS,ClayNS.mixed_moment_of_pointwise_gaussian_domination,
RequestProject/NavierStokes/PhysicalGaussianNearFarRelativeBound.lean,RequestProject.NavierStokes.PhysicalGaussianNearFarRelativeBound,224,theorem,gauss_near_pairing_tendsto,ClayNS,ClayNS.gauss_near_pairing_tendsto,
RequestProject/NavierStokes/PhysicalGaussianNearFarRelativeBound.lean,RequestProject.NavierStokes.PhysicalGaussianNearFarRelativeBound,263,theorem,gauss_uniform_near_implies_contraction,ClayNS,ClayNS.gauss_uniform_near_implies_contraction,
RequestProject/NavierStokes/PhysicalGaussianNearFarRelativeBound.lean,RequestProject.NavierStokes.PhysicalGaussianNearFarRelativeBound,284,theorem,gauss_nearfar_optimization_no_gain,ClayNS,ClayNS.gauss_nearfar_optimization_no_gain,
RequestProject/NavierStokes/PhysicalGaussianNearFarRelativeBound.lean,RequestProject.NavierStokes.PhysicalGaussianNearFarRelativeBound,301,theorem,amplitude_pairing_exceeds_relative,ClayNS,ClayNS.amplitude_pairing_exceeds_relative,
RequestProject/NavierStokes/PhysicalGaussianNearFarRelativeBound.lean,RequestProject.NavierStokes.PhysicalGaussianNearFarRelativeBound,342,lemma,amplitude_family_pairing,ClayNS,ClayNS.amplitude_family_pairing,
RequestProject/NavierStokes/PhysicalGaussianNearFarRelativeBound.lean,RequestProject.NavierStokes.PhysicalGaussianNearFarRelativeBound,365,lemma,amplitude_family_energy,ClayNS,ClayNS.amplitude_family_energy,
RequestProject/NavierStokes/PhysicalGaussianNearFarRelativeBound.lean,RequestProject.NavierStokes.PhysicalGaussianNearFarRelativeBound,430,theorem,gauss_relative_contraction_amplitude_no_go,ClayNS,ClayNS.gauss_relative_contraction_amplitude_no_go,
RequestProject/NavierStokes/PhysicalGaussianNearFarRelativeBound.lean,RequestProject.NavierStokes.PhysicalGaussianNearFarRelativeBound,462,theorem,amplitude_bound_of_gauss_relative_contraction,ClayNS,ClayNS.amplitude_bound_of_gauss_relative_contraction,
RequestProject/NavierStokes/Poincare.lean,RequestProject.NavierStokes.Poincare,39,def,avg1,ClayNS,ClayNS.avg1,
RequestProject/NavierStokes/Poincare.lean,RequestProject.NavierStokes.Poincare,41,lemma,integrableOn_unitInterval,ClayNS,ClayNS.integrableOn_unitInterval,
RequestProject/NavierStokes/Poincare.lean,RequestProject.NavierStokes.Poincare,45,lemma,measureReal_unitInterval,ClayNS,ClayNS.measureReal_unitInterval,
RequestProject/NavierStokes/Poincare.lean,RequestProject.NavierStokes.Poincare,48,lemma,avg1_const,ClayNS,ClayNS.avg1_const,@[simp]
RequestProject/NavierStokes/Poincare.lean,RequestProject.NavierStokes.Poincare,51,lemma,avg1_nonneg,ClayNS,ClayNS.avg1_nonneg,
RequestProject/NavierStokes/Poincare.lean,RequestProject.NavierStokes.Poincare,54,lemma,avg1_mono,ClayNS,ClayNS.avg1_mono,
RequestProject/NavierStokes/Poincare.lean,RequestProject.NavierStokes.Poincare,59,lemma,avg1_sub,ClayNS,ClayNS.avg1_sub,
RequestProject/NavierStokes/Poincare.lean,RequestProject.NavierStokes.Poincare,63,lemma,abs_avg1_le,ClayNS,ClayNS.abs_avg1_le,
RequestProject/NavierStokes/Poincare.lean,RequestProject.NavierStokes.Poincare,68,lemma,avg1_sq_le,ClayNS,ClayNS.avg1_sq_le,
RequestProject/NavierStokes/Poincare.lean,RequestProject.NavierStokes.Poincare,95,def,cubeInt,ClayNS,ClayNS.cubeInt,
RequestProject/NavierStokes/Poincare.lean,RequestProject.NavierStokes.Poincare,97,lemma,cellInt_eq_cubeInt,ClayNS,ClayNS.cellInt_eq_cubeInt,
RequestProject/NavierStokes/Poincare.lean,RequestProject.NavierStokes.Poincare,100,def,avgC,ClayNS,ClayNS.avgC,
RequestProject/NavierStokes/Poincare.lean,RequestProject.NavierStokes.Poincare,104,def,parD,ClayNS,ClayNS.parD,
RequestProject/NavierStokes/Poincare.lean,RequestProject.NavierStokes.Poincare,107,lemma,continuous_update,ClayNS,ClayNS.continuous_update,
RequestProject/NavierStokes/Poincare.lean,RequestProject.NavierStokes.Poincare,114,lemma,continuous_avgC,ClayNS,ClayNS.continuous_avgC,
RequestProject/NavierStokes/Poincare.lean,RequestProject.NavierStokes.Poincare,137,lemma,avgC_update_self,ClayNS,ClayNS.avgC_update_self,
RequestProject/NavierStokes/Poincare.lean,RequestProject.NavierStokes.Poincare,142,def,Indep,ClayNS,ClayNS.Indep,
RequestProject/NavierStokes/Poincare.lean,RequestProject.NavierStokes.Poincare,145,lemma,indep_avgC,ClayNS,ClayNS.indep_avgC,
RequestProject/NavierStokes/Poincare.lean,RequestProject.NavierStokes.Poincare,148,lemma,Indep.avgC,ClayNS,ClayNS.Indep.avgC,
RequestProject/NavierStokes/Poincare.lean,RequestProject.NavierStokes.Poincare,159,lemma,const_of_indep_all,ClayNS,ClayNS.const_of_indep_all,
RequestProject/NavierStokes/Poincare.lean,RequestProject.NavierStokes.Poincare,170,lemma,avgC_comm,ClayNS,ClayNS.avgC_comm,
RequestProject/NavierStokes/Poincare.lean,RequestProject.NavierStokes.Poincare,188,lemma,avgC_sub,ClayNS,ClayNS.avgC_sub,
RequestProject/NavierStokes/Poincare.lean,RequestProject.NavierStokes.Poincare,194,lemma,avgC_mono,ClayNS,ClayNS.avgC_mono,
RequestProject/NavierStokes/Poincare.lean,RequestProject.NavierStokes.Poincare,200,lemma,avgC_sq_le,ClayNS,ClayNS.avgC_sq_le,
RequestProject/NavierStokes/Poincare.lean,RequestProject.NavierStokes.Poincare,207,theorem,cubeInt_slice,ClayNS,ClayNS.cubeInt_slice,
RequestProject/NavierStokes/Poincare.lean,RequestProject.NavierStokes.Poincare,240,lemma,update_insertNth_self,ClayNS,ClayNS.update_insertNth_self,
RequestProject/NavierStokes/Poincare.lean,RequestProject.NavierStokes.Poincare,250,theorem,cubeInt_avgC,ClayNS,ClayNS.cubeInt_avgC,
RequestProject/NavierStokes/Poincare.lean,RequestProject.NavierStokes.Poincare,284,lemma,hasDerivAt_slice_coord,ClayNS,ClayNS.hasDerivAt_slice_coord,
RequestProject/NavierStokes/Poincare.lean,RequestProject.NavierStokes.Poincare,299,lemma,continuous_parD,ClayNS,ClayNS.continuous_parD,
RequestProject/NavierStokes/Poincare.lean,RequestProject.NavierStokes.Poincare,304,lemma,abs_sub_le_avg1_abs_parD,ClayNS,ClayNS.abs_sub_le_avg1_abs_parD,
RequestProject/NavierStokes/Poincare.lean,RequestProject.NavierStokes.Poincare,334,theorem,sq_sub_avgC_le,ClayNS,ClayNS.sq_sub_avgC_le,
RequestProject/NavierStokes/Poincare.lean,RequestProject.NavierStokes.Poincare,370,lemma,integrableOn_cube,ClayNS,ClayNS.integrableOn_cube,
RequestProject/NavierStokes/Poincare.lean,RequestProject.NavierStokes.Poincare,373,lemma,cubeInt_const,ClayNS,ClayNS.cubeInt_const,@[simp]
RequestProject/NavierStokes/Poincare.lean,RequestProject.NavierStokes.Poincare,377,lemma,cubeInt_mono,ClayNS,ClayNS.cubeInt_mono,
RequestProject/NavierStokes/Poincare.lean,RequestProject.NavierStokes.Poincare,381,lemma,cubeInt_add,ClayNS,ClayNS.cubeInt_add,
RequestProject/NavierStokes/Poincare.lean,RequestProject.NavierStokes.Poincare,385,lemma,cubeInt_const_mul,ClayNS,ClayNS.cubeInt_const_mul,
RequestProject/NavierStokes/Poincare.lean,RequestProject.NavierStokes.Poincare,391,theorem,cubeInt_sq_sub_avgC_le,ClayNS,ClayNS.cubeInt_sq_sub_avgC_le,
RequestProject/NavierStokes/Poincare.lean,RequestProject.NavierStokes.Poincare,403,lemma,sq_add_three_le,ClayNS,ClayNS.sq_add_three_le,
RequestProject/NavierStokes/Poincare.lean,RequestProject.NavierStokes.Poincare,406,theorem,cubeInt_poincare,ClayNS,ClayNS.cubeInt_poincare,
RequestProject/NavierStokes/Poincare.lean,RequestProject.NavierStokes.Poincare,518,theorem,cellInt_poincare,ClayNS,ClayNS.cellInt_poincare,
RequestProject/NavierStokes/PositiveParabolicEnergyProbe.lean,RequestProject.NavierStokes.PositiveParabolicEnergyProbe,50,def,parEnergyMass,ClayNS,ClayNS.parEnergyMass,
RequestProject/NavierStokes/PositiveParabolicEnergyProbe.lean,RequestProject.NavierStokes.PositiveParabolicEnergyProbe,53,lemma,parEnergyMass_nonneg,ClayNS,ClayNS.parEnergyMass_nonneg,
RequestProject/NavierStokes/PositiveParabolicEnergyProbe.lean,RequestProject.NavierStokes.PositiveParabolicEnergyProbe,57,lemma,continuous_rpow_three_quarters,ClayNS,ClayNS.continuous_rpow_three_quarters,
RequestProject/NavierStokes/PositiveParabolicEnergyProbe.lean,RequestProject.NavierStokes.PositiveParabolicEnergyProbe,62,lemma,continuous_parScale_rpow3,ClayNS,ClayNS.continuous_parScale_rpow3,
RequestProject/NavierStokes/PositiveParabolicEnergyProbe.lean,RequestProject.NavierStokes.PositiveParabolicEnergyProbe,65,lemma,continuous_parEnergy,ClayNS,ClayNS.continuous_parEnergy,
RequestProject/NavierStokes/PositiveParabolicEnergyProbe.lean,RequestProject.NavierStokes.PositiveParabolicEnergyProbe,69,lemma,measurable_parEnergyMass,ClayNS,ClayNS.measurable_parEnergyMass,
RequestProject/NavierStokes/PositiveParabolicEnergyProbe.lean,RequestProject.NavierStokes.PositiveParabolicEnergyProbe,74,lemma,quadProbe_cut,ClayNS,ClayNS.quadProbe_cut,
RequestProject/NavierStokes/PositiveParabolicEnergyProbe.lean,RequestProject.NavierStokes.PositiveParabolicEnergyProbe,86,lemma,quadratic_residual_eq,ClayNS,ClayNS.quadratic_residual_eq,
RequestProject/NavierStokes/PositiveParabolicEnergyProbe.lean,RequestProject.NavierStokes.PositiveParabolicEnergyProbe,106,lemma,parEnergy_pos_of_ne_zero,ClayNS,ClayNS.parEnergy_pos_of_ne_zero,
RequestProject/NavierStokes/PositiveParabolicEnergyProbe.lean,RequestProject.NavierStokes.PositiveParabolicEnergyProbe,121,lemma,parEnergyMass_pos,ClayNS,ClayNS.parEnergyMass_pos,
RequestProject/NavierStokes/PositiveParabolicEnergyProbe.lean,RequestProject.NavierStokes.PositiveParabolicEnergyProbe,130,theorem,parEnergyMass_integral_pos,ClayNS,ClayNS.parEnergyMass_integral_pos,
RequestProject/NavierStokes/PositiveParabolicEnergyProbe.lean,RequestProject.NavierStokes.PositiveParabolicEnergyProbe,165,theorem,exists_small_residual_quadratic_parabolic_probe,ClayNS,ClayNS.exists_small_residual_quadratic_parabolic_probe,
RequestProject/NavierStokes/PositiveParabolicEnergyScaleProbe.lean,RequestProject.NavierStokes.PositiveParabolicEnergyScaleProbe,51,def,energyProbeWeight,ClayNS,ClayNS.energyProbeWeight,
RequestProject/NavierStokes/PositiveParabolicEnergyScaleProbe.lean,RequestProject.NavierStokes.PositiveParabolicEnergyScaleProbe,54,lemma,energyProbeWeight_pair,ClayNS,ClayNS.energyProbeWeight_pair,
RequestProject/NavierStokes/PositiveParabolicEnergyScaleProbe.lean,RequestProject.NavierStokes.PositiveParabolicEnergyScaleProbe,62,lemma,energyProbeWeight_pair_self,ClayNS,ClayNS.energyProbeWeight_pair_self,
RequestProject/NavierStokes/PositiveParabolicEnergyScaleProbe.lean,RequestProject.NavierStokes.PositiveParabolicEnergyScaleProbe,72,lemma,energyProbeWeight_pair_gen,ClayNS,ClayNS.energyProbeWeight_pair_gen,
RequestProject/NavierStokes/PositiveParabolicEnergyScaleProbe.lean,RequestProject.NavierStokes.PositiveParabolicEnergyScaleProbe,87,theorem,scale_cost_of_quadratic_probe,ClayNS,ClayNS.scale_cost_of_quadratic_probe,
RequestProject/NavierStokes/PositiveParabolicEnergyScaleProbe.lean,RequestProject.NavierStokes.PositiveParabolicEnergyScaleProbe,155,theorem,positive_parabolic_energy_scale_probe,ClayNS,ClayNS.positive_parabolic_energy_scale_probe,
RequestProject/NavierStokes/PositiveParabolicEnergyScaleProbe.lean,RequestProject.NavierStokes.PositiveParabolicEnergyScaleProbe,196,theorem,positive_parabolic_energy_scale_probe_of_nonzero,ClayNS,ClayNS.positive_parabolic_energy_scale_probe_of_nonzero,
RequestProject/NavierStokes/PressureL2Oscillation.lean,RequestProject.NavierStokes.PressureL2Oscillation,45,def,gradPsq,ClayNS,ClayNS.gradPsq,
RequestProject/NavierStokes/PressureL2Oscillation.lean,RequestProject.NavierStokes.PressureL2Oscillation,48,def,advSq,ClayNS,ClayNS.advSq,
RequestProject/NavierStokes/PressureL2Oscillation.lean,RequestProject.NavierStokes.PressureL2Oscillation,50,lemma,gradPsq_nonneg,ClayNS,ClayNS.gradPsq_nonneg,
RequestProject/NavierStokes/PressureL2Oscillation.lean,RequestProject.NavierStokes.PressureL2Oscillation,53,lemma,advSq_nonneg,ClayNS,ClayNS.advSq_nonneg,
RequestProject/NavierStokes/PressureL2Oscillation.lean,RequestProject.NavierStokes.PressureL2Oscillation,56,lemma,continuous_gradPsq,ClayNS,ClayNS.continuous_gradPsq,
RequestProject/NavierStokes/PressureL2Oscillation.lean,RequestProject.NavierStokes.PressureL2Oscillation,60,lemma,contDiff_advVec,ClayNS,ClayNS.contDiff_advVec,
RequestProject/NavierStokes/PressureL2Oscillation.lean,RequestProject.NavierStokes.PressureL2Oscillation,64,lemma,continuous_advSq,ClayNS,ClayNS.continuous_advSq,
RequestProject/NavierStokes/PressureL2Oscillation.lean,RequestProject.NavierStokes.PressureL2Oscillation,69,lemma,continuous_divg_adv,ClayNS,ClayNS.continuous_divg_adv,
RequestProject/NavierStokes/PressureL2Oscillation.lean,RequestProject.NavierStokes.PressureL2Oscillation,73,lemma,continuous_gradSqV,ClayNS,ClayNS.continuous_gradSqV,
RequestProject/NavierStokes/PressureL2Oscillation.lean,RequestProject.NavierStokes.PressureL2Oscillation,79,lemma,spacePeriodic_gradPsq,ClayNS,ClayNS.spacePeriodic_gradPsq,
RequestProject/NavierStokes/PressureL2Oscillation.lean,RequestProject.NavierStokes.PressureL2Oscillation,90,theorem,cellInt_gradPsq_eq_neg_pairing,ClayNS,ClayNS.cellInt_gradPsq_eq_neg_pairing,
RequestProject/NavierStokes/PressureL2Oscillation.lean,RequestProject.NavierStokes.PressureL2Oscillation,182,theorem,cellInt_gradPsq_le_advSq,ClayNS,ClayNS.cellInt_gradPsq_le_advSq,
RequestProject/NavierStokes/PressureL2Oscillation.lean,RequestProject.NavierStokes.PressureL2Oscillation,249,theorem,cellInt_advSq_le,ClayNS,ClayNS.cellInt_advSq_le,
RequestProject/NavierStokes/PressureL2Oscillation.lean,RequestProject.NavierStokes.PressureL2Oscillation,295,theorem,cellInt_poincare_gradPsq,ClayNS,ClayNS.cellInt_poincare_gradPsq,
RequestProject/NavierStokes/PressureL2Oscillation.lean,RequestProject.NavierStokes.PressureL2Oscillation,316,theorem,cellInt_pressure_oscillation_le,ClayNS,ClayNS.cellInt_pressure_oscillation_le,
RequestProject/NavierStokes/PressureL2Oscillation.lean,RequestProject.NavierStokes.PressureL2Oscillation,333,theorem,cellInt_incrPres_oscillation_le,ClayNS,ClayNS.cellInt_incrPres_oscillation_le,
RequestProject/NavierStokes/PressurePoisson.lean,RequestProject.NavierStokes.PressurePoisson,37,def,dvec,ClayNS,ClayNS.dvec,
RequestProject/NavierStokes/PressurePoisson.lean,RequestProject.NavierStokes.PressurePoisson,39,lemma,dtime_eq_dvec,ClayNS,ClayNS.dtime_eq_dvec,
RequestProject/NavierStokes/PressurePoisson.lean,RequestProject.NavierStokes.PressurePoisson,41,lemma,dspace_eq_dvec,ClayNS,ClayNS.dspace_eq_dvec,
RequestProject/NavierStokes/PressurePoisson.lean,RequestProject.NavierStokes.PressurePoisson,46,lemma,contDiff_dvec,ClayNS,ClayNS.contDiff_dvec,
RequestProject/NavierStokes/PressurePoisson.lean,RequestProject.NavierStokes.PressurePoisson,51,lemma,contDiff_coord,ClayNS,ClayNS.contDiff_coord,
RequestProject/NavierStokes/PressurePoisson.lean,RequestProject.NavierStokes.PressurePoisson,55,lemma,differentiable_of_contDiffTop,ClayNS,ClayNS.differentiable_of_contDiffTop,
RequestProject/NavierStokes/PressurePoisson.lean,RequestProject.NavierStokes.PressurePoisson,60,lemma,dvec_sum,ClayNS,ClayNS.dvec_sum,
RequestProject/NavierStokes/PressurePoisson.lean,RequestProject.NavierStokes.PressurePoisson,68,lemma,dvec_coord,ClayNS,ClayNS.dvec_coord,
RequestProject/NavierStokes/PressurePoisson.lean,RequestProject.NavierStokes.PressurePoisson,78,lemma,dvec_const_smul,ClayNS,ClayNS.dvec_const_smul,
RequestProject/NavierStokes/PressurePoisson.lean,RequestProject.NavierStokes.PressurePoisson,87,lemma,dvec_smul,ClayNS,ClayNS.dvec_smul,
RequestProject/NavierStokes/PressurePoisson.lean,RequestProject.NavierStokes.PressurePoisson,99,lemma,dvec_add,ClayNS,ClayNS.dvec_add,
RequestProject/NavierStokes/PressurePoisson.lean,RequestProject.NavierStokes.PressurePoisson,105,lemma,dvec_neg,ClayNS,ClayNS.dvec_neg,
RequestProject/NavierStokes/PressurePoisson.lean,RequestProject.NavierStokes.PressurePoisson,110,lemma,dvec_cmul,ClayNS,ClayNS.dvec_cmul,
RequestProject/NavierStokes/PressurePoisson.lean,RequestProject.NavierStokes.PressurePoisson,114,lemma,dvec_dvec,ClayNS,ClayNS.dvec_dvec,
RequestProject/NavierStokes/PressurePoisson.lean,RequestProject.NavierStokes.PressurePoisson,127,lemma,dvec_comm,ClayNS,ClayNS.dvec_comm,
RequestProject/NavierStokes/PressurePoisson.lean,RequestProject.NavierStokes.PressurePoisson,138,lemma,divg_eq_sum,ClayNS,ClayNS.divg_eq_sum,
RequestProject/NavierStokes/PressurePoisson.lean,RequestProject.NavierStokes.PressurePoisson,145,lemma,divg_dvec,ClayNS,ClayNS.divg_dvec,
RequestProject/NavierStokes/PressurePoisson.lean,RequestProject.NavierStokes.PressurePoisson,165,lemma,divg_dtime,ClayNS,ClayNS.divg_dtime,
RequestProject/NavierStokes/PressurePoisson.lean,RequestProject.NavierStokes.PressurePoisson,170,lemma,divg_lap,ClayNS,ClayNS.divg_lap,
RequestProject/NavierStokes/PressurePoisson.lean,RequestProject.NavierStokes.PressurePoisson,206,lemma,divg_grad,ClayNS,ClayNS.divg_grad,
RequestProject/NavierStokes/PressurePoisson.lean,RequestProject.NavierStokes.PressurePoisson,228,lemma,divg_adv,ClayNS,ClayNS.divg_adv,
RequestProject/NavierStokes/PressurePoisson.lean,RequestProject.NavierStokes.PressurePoisson,295,theorem,pressure_poisson,ClayNS,ClayNS.pressure_poisson,
RequestProject/NavierStokes/QuadraticParabolicProbe.lean,RequestProject.NavierStokes.QuadraticParabolicProbe,63,theorem,parabolic_scalar_flux_div,ClayNS,ClayNS.parabolic_scalar_flux_div,
RequestProject/NavierStokes/QuadraticParabolicProbe.lean,RequestProject.NavierStokes.QuadraticParabolicProbe,121,theorem,parabolic_transport_adjoint,ClayNS,ClayNS.parabolic_transport_adjoint,
RequestProject/NavierStokes/QuadraticParabolicProbe.lean,RequestProject.NavierStokes.QuadraticParabolicProbe,168,def,parEnergy,ClayNS,ClayNS.parEnergy,
RequestProject/NavierStokes/QuadraticParabolicProbe.lean,RequestProject.NavierStokes.QuadraticParabolicProbe,170,lemma,parEnergy_nonneg,ClayNS,ClayNS.parEnergy_nonneg,
RequestProject/NavierStokes/QuadraticParabolicProbe.lean,RequestProject.NavierStokes.QuadraticParabolicProbe,176,def,parEnergyPair,ClayNS,ClayNS.parEnergyPair,
RequestProject/NavierStokes/QuadraticParabolicProbe.lean,RequestProject.NavierStokes.QuadraticParabolicProbe,178,lemma,contDiff_parEnergy,ClayNS,ClayNS.contDiff_parEnergy,
RequestProject/NavierStokes/QuadraticParabolicProbe.lean,RequestProject.NavierStokes.QuadraticParabolicProbe,183,lemma,hasFDerivAt_parEnergy,ClayNS,ClayNS.hasFDerivAt_parEnergy,
RequestProject/NavierStokes/QuadraticParabolicProbe.lean,RequestProject.NavierStokes.QuadraticParabolicProbe,197,lemma,fderiv_parEnergy_apply,ClayNS,ClayNS.fderiv_parEnergy_apply,
RequestProject/NavierStokes/QuadraticParabolicProbe.lean,RequestProject.NavierStokes.QuadraticParabolicProbe,210,theorem,parEnergyPair_eq,ClayNS,ClayNS.parEnergyPair_eq,
RequestProject/NavierStokes/QuadraticParabolicProbe.lean,RequestProject.NavierStokes.QuadraticParabolicProbe,227,def,parScaleResidual3,ClayNS,ClayNS.parScaleResidual3,
RequestProject/NavierStokes/QuadraticParabolicProbe.lean,RequestProject.NavierStokes.QuadraticParabolicProbe,237,theorem,quadratic_parabolic_probe_adjoint,ClayNS,ClayNS.quadratic_parabolic_probe_adjoint,
RequestProject/NavierStokes/QuadraticParabolicProbe.lean,RequestProject.NavierStokes.QuadraticParabolicProbe,296,def,parCutProfile3,ClayNS,ClayNS.parCutProfile3,
RequestProject/NavierStokes/QuadraticParabolicProbe.lean,RequestProject.NavierStokes.QuadraticParabolicProbe,299,def,parCutProfile3',ClayNS,ClayNS.parCutProfile3',
RequestProject/NavierStokes/QuadraticParabolicProbe.lean,RequestProject.NavierStokes.QuadraticParabolicProbe,302,lemma,parCutProfile3_eq_zero,ClayNS,ClayNS.parCutProfile3_eq_zero,
RequestProject/NavierStokes/QuadraticParabolicProbe.lean,RequestProject.NavierStokes.QuadraticParabolicProbe,305,lemma,parCutProfile3'_eq_zero,ClayNS,ClayNS.parCutProfile3'_eq_zero,
RequestProject/NavierStokes/QuadraticParabolicProbe.lean,RequestProject.NavierStokes.QuadraticParabolicProbe,308,lemma,hasDerivAt_parCutProfile3,ClayNS,ClayNS.hasDerivAt_parCutProfile3,
RequestProject/NavierStokes/QuadraticParabolicProbe.lean,RequestProject.NavierStokes.QuadraticParabolicProbe,322,lemma,continuous_parCutProfile3',ClayNS,ClayNS.continuous_parCutProfile3',
RequestProject/NavierStokes/QuadraticParabolicProbe.lean,RequestProject.NavierStokes.QuadraticParabolicProbe,346,theorem,parScaleResidual3_parCut3,ClayNS,ClayNS.parScaleResidual3_parCut3,
RequestProject/NavierStokes/QuadraticParabolicProbe.lean,RequestProject.NavierStokes.QuadraticParabolicProbe,366,theorem,parScaleResidual3_parWeightOf,ClayNS,ClayNS.parScaleResidual3_parWeightOf,
RequestProject/NavierStokes/QuadraticParabolicProbe.lean,RequestProject.NavierStokes.QuadraticParabolicProbe,385,theorem,quadratic_parabolic_cutoff_probe_adjoint,ClayNS,ClayNS.quadratic_parabolic_cutoff_probe_adjoint,
RequestProject/NavierStokes/RadialProbeLift.lean,RequestProject.NavierStokes.RadialProbeLift,52,def,radialField,ClayNS,ClayNS.radialField,
RequestProject/NavierStokes/RadialProbeLift.lean,RequestProject.NavierStokes.RadialProbeLift,54,lemma,radialField_apply,ClayNS,ClayNS.radialField_apply,
RequestProject/NavierStokes/RadialProbeLift.lean,RequestProject.NavierStokes.RadialProbeLift,58,lemma,radialField_dot,ClayNS,ClayNS.radialField_dot,
RequestProject/NavierStokes/RadialProbeLift.lean,RequestProject.NavierStokes.RadialProbeLift,71,theorem,hasFDerivAt_norm_of_ne,ClayNS,ClayNS.hasFDerivAt_norm_of_ne,
RequestProject/NavierStokes/RadialProbeLift.lean,RequestProject.NavierStokes.RadialProbeLift,93,theorem,radialField_hasFDerivAt,ClayNS,ClayNS.radialField_hasFDerivAt,
RequestProject/NavierStokes/RadialProbeLift.lean,RequestProject.NavierStokes.RadialProbeLift,107,lemma,radialField_differentiableAt,ClayNS,ClayNS.radialField_differentiableAt,
RequestProject/NavierStokes/RadialProbeLift.lean,RequestProject.NavierStokes.RadialProbeLift,114,theorem,radialField_fderiv_self,ClayNS,ClayNS.radialField_fderiv_self,
RequestProject/NavierStokes/RadialProbeLift.lean,RequestProject.NavierStokes.RadialProbeLift,131,theorem,radialField_dilation,ClayNS,ClayNS.radialField_dilation,
RequestProject/NavierStokes/RadialProbeLift.lean,RequestProject.NavierStokes.RadialProbeLift,144,def,angularFactor,ClayNS,ClayNS.angularFactor,
RequestProject/NavierStokes/RadialProbeLift.lean,RequestProject.NavierStokes.RadialProbeLift,146,lemma,angularFactor_nonneg,ClayNS,ClayNS.angularFactor_nonneg,
RequestProject/NavierStokes/RadialProbeLift.lean,RequestProject.NavierStokes.RadialProbeLift,152,theorem,angularFactor_eq,ClayNS,ClayNS.angularFactor_eq,
RequestProject/NavierStokes/RadialProbeLift.lean,RequestProject.NavierStokes.RadialProbeLift,181,theorem,radialField_integral_polar,ClayNS,ClayNS.radialField_integral_polar,
RequestProject/NavierStokes/RadialProbeLift.lean,RequestProject.NavierStokes.RadialProbeLift,197,lemma,integral_Ioi_eq_intervalIntegral_of_support,ClayNS,ClayNS.integral_Ioi_eq_intervalIntegral_of_support,
RequestProject/NavierStokes/RadialProbeLift.lean,RequestProject.NavierStokes.RadialProbeLift,213,theorem,radialField_probe_eq,ClayNS,ClayNS.radialField_probe_eq,
RequestProject/NavierStokes/RadialProbeLift.lean,RequestProject.NavierStokes.RadialProbeLift,237,theorem,exists_small_residual_radial_probe_3d,ClayNS,ClayNS.exists_small_residual_radial_probe_3d,
RequestProject/NavierStokes/RateBlockGramBound.lean,RequestProject.NavierStokes.RateBlockGramBound,58,theorem,sum_half_pow_natAbs_le,ClayNS.RateBlocks,ClayNS.RateBlocks.sum_half_pow_natAbs_le,
RequestProject/NavierStokes/RateBlockGramBound.lean,RequestProject.NavierStokes.RateBlockGramBound,94,theorem,sum_half_pow_shift_le,ClayNS.RateBlocks,ClayNS.RateBlocks.sum_half_pow_shift_le,
RequestProject/NavierStokes/RateBlockGramBound.lean,RequestProject.NavierStokes.RateBlockGramBound,110,def,DyadicRateBlocks,ClayNS.RateBlocks,ClayNS.RateBlocks.DyadicRateBlocks,
RequestProject/NavierStokes/RateBlockGramBound.lean,RequestProject.NavierStokes.RateBlockGramBound,114,def,BlockMultiplicity,ClayNS.RateBlocks,ClayNS.RateBlocks.BlockMultiplicity,
RequestProject/NavierStokes/RateBlockGramBound.lean,RequestProject.NavierStokes.RateBlockGramBound,119,theorem,rowsum_le,ClayNS.RateBlocks,ClayNS.RateBlocks.rowsum_le,
RequestProject/NavierStokes/RateBlockGramBound.lean,RequestProject.NavierStokes.RateBlockGramBound,144,theorem,amgm_block,ClayNS.RateBlocks,ClayNS.RateBlocks.amgm_block,
RequestProject/NavierStokes/RateBlockGramBound.lean,RequestProject.NavierStokes.RateBlockGramBound,178,theorem,four_zpow_natAbs_mul,ClayNS.RateBlocks,ClayNS.RateBlocks.four_zpow_natAbs_mul,
RequestProject/NavierStokes/RateBlockGramBound.lean,RequestProject.NavierStokes.RateBlockGramBound,187,theorem,pair_term_le,ClayNS.RateBlocks,ClayNS.RateBlocks.pair_term_le,
RequestProject/NavierStokes/RateBlockGramBound.lean,RequestProject.NavierStokes.RateBlockGramBound,225,theorem,sum_resForm_le_blockMultiplicity,ClayNS.RateBlocks,ClayNS.RateBlocks.sum_resForm_le_blockMultiplicity,
RequestProject/NavierStokes/RateBlockGramBound.lean,RequestProject.NavierStokes.RateBlockGramBound,288,theorem,gramOperatorBound_of_rateBlockMultiplicity,ClayNS.RateBlocks,ClayNS.RateBlocks.gramOperatorBound_of_rateBlockMultiplicity,
RequestProject/NavierStokes/RateBlockGramBound.lean,RequestProject.NavierStokes.RateBlockGramBound,332,theorem,gramBound_const_cells_lower_bound,ClayNS.RateBlocks,ClayNS.RateBlocks.gramBound_const_cells_lower_bound,
RequestProject/NavierStokes/RateBlockGramBound.lean,RequestProject.NavierStokes.RateBlockGramBound,410,theorem,wsq_axisWave',ClayNS.RateBlocks,ClayNS.RateBlocks.wsq_axisWave',
RequestProject/NavierStokes/RateBlockGramBound.lean,RequestProject.NavierStokes.RateBlockGramBound,412,theorem,wsq_sub_axisWave,ClayNS.RateBlocks,ClayNS.RateBlocks.wsq_sub_axisWave,
RequestProject/NavierStokes/RateBlockGramBound.lean,RequestProject.NavierStokes.RateBlockGramBound,427,theorem,gramOperatorBound_fails_on_comparable_shells,ClayNS.RateBlocks,ClayNS.RateBlocks.gramOperatorBound_fails_on_comparable_shells,
RequestProject/NavierStokes/RateBlockGramBound.lean,RequestProject.NavierStokes.RateBlockGramBound,515,theorem,herm_sum_left,ClayNS.RateBlocks,ClayNS.RateBlocks.herm_sum_left,
RequestProject/NavierStokes/RateBlockGramBound.lean,RequestProject.NavierStokes.RateBlockGramBound,521,theorem,herm_sum_right,ClayNS.RateBlocks,ClayNS.RateBlocks.herm_sum_right,
RequestProject/NavierStokes/RateBlockGramBound.lean,RequestProject.NavierStokes.RateBlockGramBound,530,theorem,nsq_sum_eq_sum_sum_herm_re,ClayNS.RateBlocks,ClayNS.RateBlocks.nsq_sum_eq_sum_sum_herm_re,
RequestProject/NavierStokes/RateBlockGramBound.lean,RequestProject.NavierStokes.RateBlockGramBound,540,theorem,viscousPairRate_reflect,ClayNS.RateBlocks,ClayNS.RateBlocks.viscousPairRate_reflect,
RequestProject/NavierStokes/RateBlockGramBound.lean,RequestProject.NavierStokes.RateBlockGramBound,547,theorem,exists_two_mode_degenerate_cluster,ClayNS.RateBlocks,ClayNS.RateBlocks.exists_two_mode_degenerate_cluster,
RequestProject/NavierStokes/RateBlockGramBound.lean,RequestProject.NavierStokes.RateBlockGramBound,577,theorem,gramOperatorBound_of_cluster_cancellation,ClayNS.RateBlocks,ClayNS.RateBlocks.gramOperatorBound_of_cluster_cancellation,
RequestProject/NavierStokes/RateBlockGramBound.lean,RequestProject.NavierStokes.RateBlockGramBound,630,theorem,cluster_cancellation_of_gramOperatorBound,ClayNS.RateBlocks,ClayNS.RateBlocks.cluster_cancellation_of_gramOperatorBound,
RequestProject/NavierStokes/RateBlockGramBound.lean,RequestProject.NavierStokes.RateBlockGramBound,707,theorem,leray_sum,ClayNS.RateBlocks,ClayNS.RateBlocks.leray_sum,
RequestProject/NavierStokes/RateBlockGramBound.lean,RequestProject.NavierStokes.RateBlockGramBound,717,theorem,sum_outerCellVec_eq,ClayNS.RateBlocks,ClayNS.RateBlocks.sum_outerCellVec_eq,
RequestProject/NavierStokes/RateBlockGramBound.lean,RequestProject.NavierStokes.RateBlockGramBound,727,theorem,gramOperatorBound_outerCells_of_cluster_cancellation,ClayNS.RateBlocks,ClayNS.RateBlocks.gramOperatorBound_outerCells_of_cluster_cancellation,
RequestProject/NavierStokes/RecordNormalizedInheritedBounds.lean,RequestProject.NavierStokes.RecordNormalizedInheritedBounds,57,def,rescMap,ClayNS,ClayNS.rescMap,
RequestProject/NavierStokes/RecordNormalizedInheritedBounds.lean,RequestProject.NavierStokes.RecordNormalizedInheritedBounds,61,def,rescCLM,ClayNS,ClayNS.rescCLM,
RequestProject/NavierStokes/RecordNormalizedInheritedBounds.lean,RequestProject.NavierStokes.RecordNormalizedInheritedBounds,65,lemma,rescCLM_apply,ClayNS,ClayNS.rescCLM_apply,@[simp]
RequestProject/NavierStokes/RecordNormalizedInheritedBounds.lean,RequestProject.NavierStokes.RecordNormalizedInheritedBounds,68,lemma,hasFDerivAt_rescMap,ClayNS,ClayNS.hasFDerivAt_rescMap,
RequestProject/NavierStokes/RecordNormalizedInheritedBounds.lean,RequestProject.NavierStokes.RecordNormalizedInheritedBounds,86,def,recordRescaleV,ClayNS,ClayNS.recordRescaleV,
RequestProject/NavierStokes/RecordNormalizedInheritedBounds.lean,RequestProject.NavierStokes.RecordNormalizedInheritedBounds,90,def,recordRescaleP,ClayNS,ClayNS.recordRescaleP,
RequestProject/NavierStokes/RecordNormalizedInheritedBounds.lean,RequestProject.NavierStokes.RecordNormalizedInheritedBounds,99,theorem,recordRescale_norm_le_one,ClayNS,ClayNS.recordRescale_norm_le_one,
RequestProject/NavierStokes/RecordNormalizedInheritedBounds.lean,RequestProject.NavierStokes.RecordNormalizedInheritedBounds,118,theorem,recordRescale_base_norm,ClayNS,ClayNS.recordRescale_base_norm,
RequestProject/NavierStokes/RecordNormalizedInheritedBounds.lean,RequestProject.NavierStokes.RecordNormalizedInheritedBounds,135,lemma,dtime_rescale,ClayNS,ClayNS.dtime_rescale,
RequestProject/NavierStokes/RecordNormalizedInheritedBounds.lean,RequestProject.NavierStokes.RecordNormalizedInheritedBounds,151,lemma,dspace_rescale,ClayNS,ClayNS.dspace_rescale,
RequestProject/NavierStokes/RecordNormalizedInheritedBounds.lean,RequestProject.NavierStokes.RecordNormalizedInheritedBounds,169,lemma,contDiff_rescale,ClayNS,ClayNS.contDiff_rescale,
RequestProject/NavierStokes/RecordNormalizedInheritedBounds.lean,RequestProject.NavierStokes.RecordNormalizedInheritedBounds,184,theorem,recordRescale_gradient_bound,ClayNS,ClayNS.recordRescale_gradient_bound,
RequestProject/NavierStokes/RecordNormalizedInheritedBounds.lean,RequestProject.NavierStokes.RecordNormalizedInheritedBounds,194,theorem,recordRescale_divg,ClayNS,ClayNS.recordRescale_divg,
RequestProject/NavierStokes/RecordNormalizedInheritedBounds.lean,RequestProject.NavierStokes.RecordNormalizedInheritedBounds,212,theorem,recordRescale_momentum,ClayNS,ClayNS.recordRescale_momentum,
RequestProject/NavierStokes/RecordNormalizedInheritedBounds.lean,RequestProject.NavierStokes.RecordNormalizedInheritedBounds,283,theorem,recordRescale_isNS,ClayNS,ClayNS.recordRescale_isNS,
RequestProject/NavierStokes/RecordNormalizedInheritedBounds.lean,RequestProject.NavierStokes.RecordNormalizedInheritedBounds,307,def,shearProbe,ClayNS,ClayNS.shearProbe,
RequestProject/NavierStokes/RecordNormalizedInheritedBounds.lean,RequestProject.NavierStokes.RecordNormalizedInheritedBounds,309,lemma,shearProbe_smooth,ClayNS,ClayNS.shearProbe_smooth,
RequestProject/NavierStokes/RecordNormalizedInheritedBounds.lean,RequestProject.NavierStokes.RecordNormalizedInheritedBounds,314,lemma,hasFDerivAt_shearProbe,ClayNS,ClayNS.hasFDerivAt_shearProbe,
RequestProject/NavierStokes/RecordNormalizedInheritedBounds.lean,RequestProject.NavierStokes.RecordNormalizedInheritedBounds,326,lemma,shearProbe_norm_le_one,ClayNS,ClayNS.shearProbe_norm_le_one,
RequestProject/NavierStokes/RecordNormalizedInheritedBounds.lean,RequestProject.NavierStokes.RecordNormalizedInheritedBounds,333,lemma,shearProbe_fderiv_apply,ClayNS,ClayNS.shearProbe_fderiv_apply,
RequestProject/NavierStokes/RecordNormalizedInheritedBounds.lean,RequestProject.NavierStokes.RecordNormalizedInheritedBounds,339,lemma,shearProbe_divSpace,ClayNS,ClayNS.shearProbe_divSpace,
RequestProject/NavierStokes/RecordNormalizedInheritedBounds.lean,RequestProject.NavierStokes.RecordNormalizedInheritedBounds,351,theorem,sup_bound_not_gradient_bound,ClayNS,ClayNS.sup_bound_not_gradient_bound,
RequestProject/NavierStokes/RescalingAudit.lean,RequestProject.NavierStokes.RescalingAudit,46,def,unitNormClass,ClayNS,ClayNS.unitNormClass,
RequestProject/NavierStokes/RescalingAudit.lean,RequestProject.NavierStokes.RescalingAudit,50,theorem,unitNormClass_parRescale_inward,ClayNS,ClayNS.unitNormClass_parRescale_inward,
RequestProject/NavierStokes/RescalingAudit.lean,RequestProject.NavierStokes.RescalingAudit,62,def,unitE3,ClayNS,ClayNS.unitE3,
RequestProject/NavierStokes/RescalingAudit.lean,RequestProject.NavierStokes.RescalingAudit,64,lemma,norm_unitE3,ClayNS,ClayNS.norm_unitE3,
RequestProject/NavierStokes/RescalingAudit.lean,RequestProject.NavierStokes.RescalingAudit,67,lemma,unitE3_ne_zero,ClayNS,ClayNS.unitE3_ne_zero,
RequestProject/NavierStokes/RescalingAudit.lean,RequestProject.NavierStokes.RescalingAudit,74,theorem,not_unitNormClass_parRescale_outward,ClayNS,ClayNS.not_unitNormClass_parRescale_outward,
RequestProject/NavierStokes/RescalingAudit.lean,RequestProject.NavierStokes.RescalingAudit,87,theorem,unitNormClass_not_rescaling_closed,ClayNS,ClayNS.unitNormClass_not_rescaling_closed,
RequestProject/NavierStokes/RescalingAudit.lean,RequestProject.NavierStokes.RescalingAudit,97,theorem,contraction_of_unit_step_inward,ClayNS,ClayNS.contraction_of_unit_step_inward,
RequestProject/NavierStokes/RescalingAudit.lean,RequestProject.NavierStokes.RescalingAudit,112,lemma,parCyl_subset_one,ClayNS,ClayNS.parCyl_subset_one,
RequestProject/NavierStokes/RescalingAudit.lean,RequestProject.NavierStokes.RescalingAudit,123,def,farBump,ClayNS,ClayNS.farBump,
RequestProject/NavierStokes/RescalingAudit.lean,RequestProject.NavierStokes.RescalingAudit,125,lemma,farBump_norm_le,ClayNS,ClayNS.farBump_norm_le,
RequestProject/NavierStokes/RescalingAudit.lean,RequestProject.NavierStokes.RescalingAudit,128,lemma,farBump_eq_zero_of_mem_parCyl_one,ClayNS,ClayNS.farBump_eq_zero_of_mem_parCyl_one,
RequestProject/NavierStokes/RescalingAudit.lean,RequestProject.NavierStokes.RescalingAudit,138,theorem,exists_nonconstant_of_smallScale_contraction,ClayNS,ClayNS.exists_nonconstant_of_smallScale_contraction,
RequestProject/NavierStokes/ResolventGramFlux.lean,RequestProject.NavierStokes.ResolventGramFlux,58,theorem,integral_eq_flux_add_weighted_remainder,ClayNS.Resolvent,ClayNS.Resolvent.integral_eq_flux_add_weighted_remainder,
RequestProject/NavierStokes/ResolventGramFlux.lean,RequestProject.NavierStokes.ResolventGramFlux,98,def,gram,ClayNS.Resolvent.PSDForm,ClayNS.Resolvent.PSDForm.gram,
RequestProject/NavierStokes/ResolventGramFlux.lean,RequestProject.NavierStokes.ResolventGramFlux,102,def,gramRemainder,ClayNS.Resolvent.PSDForm,ClayNS.Resolvent.PSDForm.gramRemainder,
RequestProject/NavierStokes/ResolventGramFlux.lean,RequestProject.NavierStokes.ResolventGramFlux,107,def,gramDebt,ClayNS.Resolvent.PSDForm,ClayNS.Resolvent.PSDForm.gramDebt,
RequestProject/NavierStokes/ResolventGramFlux.lean,RequestProject.NavierStokes.ResolventGramFlux,109,theorem,gramDebt_eq_two_mul,ClayNS.Resolvent.PSDForm,ClayNS.Resolvent.PSDForm.gramDebt_eq_two_mul,
RequestProject/NavierStokes/ResolventGramFlux.lean,RequestProject.NavierStokes.ResolventGramFlux,118,theorem,weighted_gram_eq,ClayNS.Resolvent.PSDForm,ClayNS.Resolvent.PSDForm.weighted_gram_eq,
RequestProject/NavierStokes/ResolventGramFlux.lean,RequestProject.NavierStokes.ResolventGramFlux,129,theorem,weighted_remainder_eq,ClayNS.Resolvent.PSDForm,ClayNS.Resolvent.PSDForm.weighted_remainder_eq,
RequestProject/NavierStokes/ResolventGramFlux.lean,RequestProject.NavierStokes.ResolventGramFlux,160,theorem,integral_gramDebt_eq,ClayNS.Resolvent.PSDForm,ClayNS.Resolvent.PSDForm.integral_gramDebt_eq,
RequestProject/NavierStokes/ResolventGramFlux.lean,RequestProject.NavierStokes.ResolventGramFlux,253,theorem,signed_gram_integral_bound,ClayNS.Resolvent.PSDForm,ClayNS.Resolvent.PSDForm.signed_gram_integral_bound,
RequestProject/NavierStokes/ResolventGramFlux.lean,RequestProject.NavierStokes.ResolventGramFlux,299,def,nsPSD,ClayNS.Resolvent,ClayNS.Resolvent.nsPSD,
RequestProject/NavierStokes/ResolventGramFlux.lean,RequestProject.NavierStokes.ResolventGramFlux,319,theorem,nsPSD_form,ClayNS.Resolvent,ClayNS.Resolvent.nsPSD_form,@[simp]
RequestProject/NavierStokes/ResolventGramFlux.lean,RequestProject.NavierStokes.ResolventGramFlux,322,def,viscousPairRate,ClayNS.Resolvent,ClayNS.Resolvent.viscousPairRate,
RequestProject/NavierStokes/ResolventGramFlux.lean,RequestProject.NavierStokes.ResolventGramFlux,324,theorem,viscousPairRate_pos,ClayNS.Resolvent,ClayNS.Resolvent.viscousPairRate_pos,
RequestProject/NavierStokes/ResolventGramFlux.lean,RequestProject.NavierStokes.ResolventGramFlux,339,theorem,herm_re_hasDerivAt,ClayNS.Resolvent,ClayNS.Resolvent.herm_re_hasDerivAt,
RequestProject/NavierStokes/ResolventGramFlux.lean,RequestProject.NavierStokes.ResolventGramFlux,374,theorem,nsPSD_gram_hasDerivAt,ClayNS.Resolvent,ClayNS.Resolvent.nsPSD_gram_hasDerivAt,
RequestProject/NavierStokes/ResolventGramFlux.lean,RequestProject.NavierStokes.ResolventGramFlux,419,theorem,ns_signed_gram_integral_bound,ClayNS.Resolvent,ClayNS.Resolvent.ns_signed_gram_integral_bound,
RequestProject/NavierStokes/ResolventHeatFactorization.lean,RequestProject.NavierStokes.ResolventHeatFactorization,50,structure,PSDForm,ClayNS.Resolvent,ClayNS.Resolvent.PSDForm,
RequestProject/NavierStokes/ResolventHeatFactorization.lean,RequestProject.NavierStokes.ResolventHeatFactorization,62,theorem,integral_exp_neg_mul,ClayNS.Resolvent,ClayNS.Resolvent.integral_exp_neg_mul,
RequestProject/NavierStokes/ResolventHeatFactorization.lean,RequestProject.NavierStokes.ResolventHeatFactorization,68,theorem,integrableOn_exp_neg_mul,ClayNS.Resolvent,ClayNS.Resolvent.integrableOn_exp_neg_mul,
RequestProject/NavierStokes/ResolventHeatFactorization.lean,RequestProject.NavierStokes.ResolventHeatFactorization,78,theorem,add_right,ClayNS.Resolvent.PSDForm,ClayNS.Resolvent.PSDForm.add_right,
RequestProject/NavierStokes/ResolventHeatFactorization.lean,RequestProject.NavierStokes.ResolventHeatFactorization,81,theorem,smul_right,ClayNS.Resolvent.PSDForm,ClayNS.Resolvent.PSDForm.smul_right,
RequestProject/NavierStokes/ResolventHeatFactorization.lean,RequestProject.NavierStokes.ResolventHeatFactorization,84,theorem,zero_left,ClayNS.Resolvent.PSDForm,ClayNS.Resolvent.PSDForm.zero_left,
RequestProject/NavierStokes/ResolventHeatFactorization.lean,RequestProject.NavierStokes.ResolventHeatFactorization,88,theorem,zero_right,ClayNS.Resolvent.PSDForm,ClayNS.Resolvent.PSDForm.zero_right,
RequestProject/NavierStokes/ResolventHeatFactorization.lean,RequestProject.NavierStokes.ResolventHeatFactorization,91,theorem,sum_left,ClayNS.Resolvent.PSDForm,ClayNS.Resolvent.PSDForm.sum_left,
RequestProject/NavierStokes/ResolventHeatFactorization.lean,RequestProject.NavierStokes.ResolventHeatFactorization,98,theorem,sum_right,ClayNS.Resolvent.PSDForm,ClayNS.Resolvent.PSDForm.sum_right,
RequestProject/NavierStokes/ResolventHeatFactorization.lean,RequestProject.NavierStokes.ResolventHeatFactorization,106,theorem,sq_form_le,ClayNS.Resolvent.PSDForm,ClayNS.Resolvent.PSDForm.sq_form_le,
RequestProject/NavierStokes/ResolventHeatFactorization.lean,RequestProject.NavierStokes.ResolventHeatFactorization,124,theorem,young_abs_le,ClayNS.Resolvent.PSDForm,ClayNS.Resolvent.PSDForm.young_abs_le,
RequestProject/NavierStokes/ResolventHeatFactorization.lean,RequestProject.NavierStokes.ResolventHeatFactorization,148,def,heatCombo,ClayNS.Resolvent.PSDForm,ClayNS.Resolvent.PSDForm.heatCombo,
RequestProject/NavierStokes/ResolventHeatFactorization.lean,RequestProject.NavierStokes.ResolventHeatFactorization,152,def,resForm,ClayNS.Resolvent.PSDForm,ClayNS.Resolvent.PSDForm.resForm,
RequestProject/NavierStokes/ResolventHeatFactorization.lean,RequestProject.NavierStokes.ResolventHeatFactorization,156,theorem,resForm_comm,ClayNS.Resolvent.PSDForm,ClayNS.Resolvent.PSDForm.resForm_comm,
RequestProject/NavierStokes/ResolventHeatFactorization.lean,RequestProject.NavierStokes.ResolventHeatFactorization,162,theorem,heat_pairing_expand,ClayNS.Resolvent.PSDForm,ClayNS.Resolvent.PSDForm.heat_pairing_expand,
RequestProject/NavierStokes/ResolventHeatFactorization.lean,RequestProject.NavierStokes.ResolventHeatFactorization,175,theorem,resForm_eq_integral,ClayNS.Resolvent.PSDForm,ClayNS.Resolvent.PSDForm.resForm_eq_integral,
RequestProject/NavierStokes/ResolventHeatFactorization.lean,RequestProject.NavierStokes.ResolventHeatFactorization,199,theorem,resForm_nonneg,ClayNS.Resolvent.PSDForm,ClayNS.Resolvent.PSDForm.resForm_nonneg,
RequestProject/NavierStokes/ResolventHeatFactorization.lean,RequestProject.NavierStokes.ResolventHeatFactorization,208,def,resPSD,ClayNS.Resolvent.PSDForm,ClayNS.Resolvent.PSDForm.resPSD,
RequestProject/NavierStokes/ResolventHeatFactorization.lean,RequestProject.NavierStokes.ResolventHeatFactorization,226,theorem,sq_resForm_le,ClayNS.Resolvent.PSDForm,ClayNS.Resolvent.PSDForm.sq_resForm_le,
RequestProject/NavierStokes/ResolventHeatFactorization.lean,RequestProject.NavierStokes.ResolventHeatFactorization,233,theorem,resForm_young,ClayNS.Resolvent.PSDForm,ClayNS.Resolvent.PSDForm.resForm_young,
RequestProject/NavierStokes/ResolventHeatFactorization.lean,RequestProject.NavierStokes.ResolventHeatFactorization,241,def,nrmP,ClayNS.Resolvent.PSDForm,ClayNS.Resolvent.PSDForm.nrmP,
RequestProject/NavierStokes/ResolventHeatFactorization.lean,RequestProject.NavierStokes.ResolventHeatFactorization,243,theorem,nrmP_nonneg,ClayNS.Resolvent.PSDForm,ClayNS.Resolvent.PSDForm.nrmP_nonneg,
RequestProject/NavierStokes/ResolventHeatFactorization.lean,RequestProject.NavierStokes.ResolventHeatFactorization,245,theorem,abs_form_le,ClayNS.Resolvent.PSDForm,ClayNS.Resolvent.PSDForm.abs_form_le,
RequestProject/NavierStokes/ResolventHeatFactorization.lean,RequestProject.NavierStokes.ResolventHeatFactorization,257,theorem,resForm_le_nrm_resolvent,ClayNS.Resolvent.PSDForm,ClayNS.Resolvent.PSDForm.resForm_le_nrm_resolvent,
RequestProject/NavierStokes/ResolventHeatFactorization.lean,RequestProject.NavierStokes.ResolventHeatFactorization,267,theorem,resForm_le_of_rate_floor,ClayNS.Resolvent.PSDForm,ClayNS.Resolvent.PSDForm.resForm_le_of_rate_floor,
RequestProject/NavierStokes/ResolventHeatFactorization.lean,RequestProject.NavierStokes.ResolventHeatFactorization,296,def,resDiag,ClayNS.Resolvent.PSDForm,ClayNS.Resolvent.PSDForm.resDiag,
RequestProject/NavierStokes/ResolventHeatFactorization.lean,RequestProject.NavierStokes.ResolventHeatFactorization,299,def,resOff,ClayNS.Resolvent.PSDForm,ClayNS.Resolvent.PSDForm.resOff,
RequestProject/NavierStokes/ResolventHeatFactorization.lean,RequestProject.NavierStokes.ResolventHeatFactorization,302,theorem,resForm_eq_diag_add_off,ClayNS.Resolvent.PSDForm,ClayNS.Resolvent.PSDForm.resForm_eq_diag_add_off,
RequestProject/NavierStokes/ResolventHeatFactorization.lean,RequestProject.NavierStokes.ResolventHeatFactorization,311,theorem,neg_resOff_le_resDiag,ClayNS.Resolvent.PSDForm,ClayNS.Resolvent.PSDForm.neg_resOff_le_resDiag,
RequestProject/NavierStokes/ResolventHeatFactorization.lean,RequestProject.NavierStokes.ResolventHeatFactorization,320,theorem,sum_weighted_le_ceiling,ClayNS.Resolvent.PSDForm,ClayNS.Resolvent.PSDForm.sum_weighted_le_ceiling,
RequestProject/NavierStokes/ResolventHeatFactorization.lean,RequestProject.NavierStokes.ResolventHeatFactorization,328,theorem,resDiag_le,ClayNS.Resolvent.PSDForm,ClayNS.Resolvent.PSDForm.resDiag_le,
RequestProject/NavierStokes/ScaleAnchor.lean,RequestProject.NavierStokes.ScaleAnchor,69,lemma,gramC_comm,ClayNS,ClayNS.gramC_comm,
RequestProject/NavierStokes/ScaleAnchor.lean,RequestProject.NavierStokes.ScaleAnchor,77,def,gramSub,ClayNS,ClayNS.gramSub,
RequestProject/NavierStokes/ScaleAnchor.lean,RequestProject.NavierStokes.ScaleAnchor,80,lemma,gramSub_apply,ClayNS,ClayNS.gramSub_apply,@[simp]
RequestProject/NavierStokes/ScaleAnchor.lean,RequestProject.NavierStokes.ScaleAnchor,85,lemma,gramA_sub_eq,ClayNS,ClayNS.gramA_sub_eq,
RequestProject/NavierStokes/ScaleAnchor.lean,RequestProject.NavierStokes.ScaleAnchor,97,lemma,integrable_gramSub_sq,ClayNS,ClayNS.integrable_gramSub_sq,
RequestProject/NavierStokes/ScaleAnchor.lean,RequestProject.NavierStokes.ScaleAnchor,111,lemma,integrable_gramC_anchor_sub,ClayNS,ClayNS.integrable_gramC_anchor_sub,
RequestProject/NavierStokes/ScaleAnchor.lean,RequestProject.NavierStokes.ScaleAnchor,122,lemma,gramC_anchor_sub,ClayNS,ClayNS.gramC_anchor_sub,
RequestProject/NavierStokes/ScaleAnchor.lean,RequestProject.NavierStokes.ScaleAnchor,151,theorem,gram_anchor_lower_bound,ClayNS,ClayNS.gram_anchor_lower_bound,
RequestProject/NavierStokes/ScaleAnchor.lean,RequestProject.NavierStokes.ScaleAnchor,214,theorem,scaleGramDefect_anchor_lower_bound,ClayNS,ClayNS.scaleGramDefect_anchor_lower_bound,
RequestProject/NavierStokes/ScaleAnchor.lean,RequestProject.NavierStokes.ScaleAnchor,234,theorem,scale_defect_ge_transverse,ClayNS,ClayNS.scale_defect_ge_transverse,
RequestProject/NavierStokes/ScaleAnchor.lean,RequestProject.NavierStokes.ScaleAnchor,258,theorem,gramA_ge_of_lower_bound_on_set,ClayNS,ClayNS.gramA_ge_of_lower_bound_on_set,
RequestProject/NavierStokes/ScaleAnchor.lean,RequestProject.NavierStokes.ScaleAnchor,296,theorem,scaleGram_anchored_dichotomy,ClayNS,ClayNS.scaleGram_anchored_dichotomy,
RequestProject/NavierStokes/ScaleGramChargeAssembly.lean,RequestProject.NavierStokes.ScaleGramChargeAssembly,60,theorem,le_of_hasDerivAt_nonneg_on_Icc,ClayNS,ClayNS.le_of_hasDerivAt_nonneg_on_Icc,
RequestProject/NavierStokes/ScaleGramChargeAssembly.lean,RequestProject.NavierStokes.ScaleGramChargeAssembly,81,theorem,scaleCharge_split_of_coercivity,ClayNS,ClayNS.scaleCharge_split_of_coercivity,
RequestProject/NavierStokes/ScaleGramChargeAssembly.lean,RequestProject.NavierStokes.ScaleGramChargeAssembly,111,theorem,nsLogDefect_total_le_of_scaleGram_absorption,ClayNS,ClayNS.nsLogDefect_total_le_of_scaleGram_absorption,
RequestProject/NavierStokes/ScaleGramChargeAssembly.lean,RequestProject.NavierStokes.ScaleGramChargeAssembly,142,theorem,backward_kernel_defect_of_scaleGram_absorption,ClayNS,ClayNS.backward_kernel_defect_of_scaleGram_absorption,
RequestProject/NavierStokes/ScaleGramChargeAssembly.lean,RequestProject.NavierStokes.ScaleGramChargeAssembly,168,theorem,clay_A_dyn_of_scaleGram_absorption,ClayNS,ClayNS.clay_A_dyn_of_scaleGram_absorption,
RequestProject/NavierStokes/ScaleInvariantGradientEnergy.lean,RequestProject.NavierStokes.ScaleInvariantGradientEnergy,47,theorem,integral_ball_comp_blowup,ClayNS,ClayNS.integral_ball_comp_blowup,
RequestProject/NavierStokes/ScaleInvariantGradientEnergy.lean,RequestProject.NavierStokes.ScaleInvariantGradientEnergy,77,def,QgradCyl,ClayNS,ClayNS.QgradCyl,
RequestProject/NavierStokes/ScaleInvariantGradientEnergy.lean,RequestProject.NavierStokes.ScaleInvariantGradientEnergy,82,def,blowupDensity,ClayNS,ClayNS.blowupDensity,
RequestProject/NavierStokes/ScaleInvariantGradientEnergy.lean,RequestProject.NavierStokes.ScaleInvariantGradientEnergy,88,theorem,QgradCyl_blowupDensity,ClayNS,ClayNS.QgradCyl_blowupDensity,
RequestProject/NavierStokes/ScaleInvariantGradientEnergy.lean,RequestProject.NavierStokes.ScaleInvariantGradientEnergy,123,theorem,gradDensity_blowupSpace,ClayNS,ClayNS.gradDensity_blowupSpace,
RequestProject/NavierStokes/ScaleInvariantGradientEnergy.lean,RequestProject.NavierStokes.ScaleInvariantGradientEnergy,136,theorem,QgradCyl_of_density_zero,ClayNS,ClayNS.QgradCyl_of_density_zero,
RequestProject/NavierStokes/ScaleInvariantGradientEnergy.lean,RequestProject.NavierStokes.ScaleInvariantGradientEnergy,144,theorem,unit_scale_defect_of_velocity_scale_defect,ClayNS,ClayNS.unit_scale_defect_of_velocity_scale_defect,
RequestProject/NavierStokes/ScaleInvariantWeightChoice.lean,RequestProject.NavierStokes.ScaleInvariantWeightChoice,51,def,gwSource,ClayNS,ClayNS.gwSource,
RequestProject/NavierStokes/ScaleInvariantWeightChoice.lean,RequestProject.NavierStokes.ScaleInvariantWeightChoice,58,def,gwK1,ClayNS,ClayNS.gwK1,
RequestProject/NavierStokes/ScaleInvariantWeightChoice.lean,RequestProject.NavierStokes.ScaleInvariantWeightChoice,63,def,gwK2c,ClayNS,ClayNS.gwK2c,
RequestProject/NavierStokes/ScaleInvariantWeightChoice.lean,RequestProject.NavierStokes.ScaleInvariantWeightChoice,66,def,gwK3,ClayNS,ClayNS.gwK3,
RequestProject/NavierStokes/ScaleInvariantWeightChoice.lean,RequestProject.NavierStokes.ScaleInvariantWeightChoice,71,def,gwScaleConst,ClayNS,ClayNS.gwScaleConst,
RequestProject/NavierStokes/ScaleInvariantWeightChoice.lean,RequestProject.NavierStokes.ScaleInvariantWeightChoice,74,lemma,sqrt_eta_mul_sq,ClayNS,ClayNS.sqrt_eta_mul_sq,
RequestProject/NavierStokes/ScaleInvariantWeightChoice.lean,RequestProject.NavierStokes.ScaleInvariantWeightChoice,86,theorem,gwSource_scaleInvariant_eq,ClayNS,ClayNS.gwSource_scaleInvariant_eq,
RequestProject/NavierStokes/ScaleInvariantWeightChoice.lean,RequestProject.NavierStokes.ScaleInvariantWeightChoice,102,theorem,gwSource_scaleInvariant_le,ClayNS,ClayNS.gwSource_scaleInvariant_le,
RequestProject/NavierStokes/ScaleInvariantWeightChoice.lean,RequestProject.NavierStokes.ScaleInvariantWeightChoice,135,theorem,gwSource_scaleInvariant_tendsto_zero,ClayNS,ClayNS.gwSource_scaleInvariant_tendsto_zero,
RequestProject/NavierStokes/ScaleInvariantWeightChoice.lean,RequestProject.NavierStokes.ScaleInvariantWeightChoice,160,theorem,gaussianGradientWeightedAbsorption_scaleInvariant,ClayNS,ClayNS.gaussianGradientWeightedAbsorption_scaleInvariant,
RequestProject/NavierStokes/ScaleProbeExistence.lean,RequestProject.NavierStokes.ScaleProbeExistence,54,def,sTrans',ClayNS,ClayNS.sTrans',
RequestProject/NavierStokes/ScaleProbeExistence.lean,RequestProject.NavierStokes.ScaleProbeExistence,56,lemma,hasDerivAt_sTrans,ClayNS,ClayNS.hasDerivAt_sTrans,
RequestProject/NavierStokes/ScaleProbeExistence.lean,RequestProject.NavierStokes.ScaleProbeExistence,59,lemma,continuous_sTrans',ClayNS,ClayNS.continuous_sTrans',
RequestProject/NavierStokes/ScaleProbeExistence.lean,RequestProject.NavierStokes.ScaleProbeExistence,65,lemma,sTrans'_eq_zero_of_one_le,ClayNS,ClayNS.sTrans'_eq_zero_of_one_le,
RequestProject/NavierStokes/ScaleProbeExistence.lean,RequestProject.NavierStokes.ScaleProbeExistence,73,lemma,sTrans'_eq_zero_of_nonpos,ClayNS,ClayNS.sTrans'_eq_zero_of_nonpos,
RequestProject/NavierStokes/ScaleProbeExistence.lean,RequestProject.NavierStokes.ScaleProbeExistence,82,theorem,exists_smoothTransition_deriv_bound,ClayNS,ClayNS.exists_smoothTransition_deriv_bound,
RequestProject/NavierStokes/ScaleProbeExistence.lean,RequestProject.NavierStokes.ScaleProbeExistence,101,def,plateauCut,ClayNS,ClayNS.plateauCut,
RequestProject/NavierStokes/ScaleProbeExistence.lean,RequestProject.NavierStokes.ScaleProbeExistence,105,def,plateauCut',ClayNS,ClayNS.plateauCut',
RequestProject/NavierStokes/ScaleProbeExistence.lean,RequestProject.NavierStokes.ScaleProbeExistence,109,lemma,hasDerivAt_plateauCut,ClayNS,ClayNS.hasDerivAt_plateauCut,
RequestProject/NavierStokes/ScaleProbeExistence.lean,RequestProject.NavierStokes.ScaleProbeExistence,130,lemma,continuous_plateauCut,ClayNS,ClayNS.continuous_plateauCut,
RequestProject/NavierStokes/ScaleProbeExistence.lean,RequestProject.NavierStokes.ScaleProbeExistence,134,lemma,continuous_plateauCut',ClayNS,ClayNS.continuous_plateauCut',
RequestProject/NavierStokes/ScaleProbeExistence.lean,RequestProject.NavierStokes.ScaleProbeExistence,145,lemma,plateauCut_nonneg,ClayNS,ClayNS.plateauCut_nonneg,
RequestProject/NavierStokes/ScaleProbeExistence.lean,RequestProject.NavierStokes.ScaleProbeExistence,148,lemma,plateauCut_le_one,ClayNS,ClayNS.plateauCut_le_one,
RequestProject/NavierStokes/ScaleProbeExistence.lean,RequestProject.NavierStokes.ScaleProbeExistence,152,lemma,plateauCut_left_zero,ClayNS,ClayNS.plateauCut_left_zero,
RequestProject/NavierStokes/ScaleProbeExistence.lean,RequestProject.NavierStokes.ScaleProbeExistence,155,lemma,plateauCut_right_zero,ClayNS,ClayNS.plateauCut_right_zero,
RequestProject/NavierStokes/ScaleProbeExistence.lean,RequestProject.NavierStokes.ScaleProbeExistence,159,lemma,plateauCut_eq_zero_outside,ClayNS,ClayNS.plateauCut_eq_zero_outside,
RequestProject/NavierStokes/ScaleProbeExistence.lean,RequestProject.NavierStokes.ScaleProbeExistence,169,lemma,plateauCut_eq_one,ClayNS,ClayNS.plateauCut_eq_one,
RequestProject/NavierStokes/ScaleProbeExistence.lean,RequestProject.NavierStokes.ScaleProbeExistence,180,lemma,plateauCut'_eq_zero_middle,ClayNS,ClayNS.plateauCut'_eq_zero_middle,
RequestProject/NavierStokes/ScaleProbeExistence.lean,RequestProject.NavierStokes.ScaleProbeExistence,189,lemma,plateauCut'_inner_bound,ClayNS,ClayNS.plateauCut'_inner_bound,
RequestProject/NavierStokes/ScaleProbeExistence.lean,RequestProject.NavierStokes.ScaleProbeExistence,204,lemma,plateauCut'_outer_bound,ClayNS,ClayNS.plateauCut'_outer_bound,
RequestProject/NavierStokes/ScaleProbeExistence.lean,RequestProject.NavierStokes.ScaleProbeExistence,225,theorem,exists_good_dyadic_annulus,ClayNS,ClayNS.exists_good_dyadic_annulus,
RequestProject/NavierStokes/ScaleProbeExistence.lean,RequestProject.NavierStokes.ScaleProbeExistence,263,theorem,plateau_transition_cost_le,ClayNS,ClayNS.plateau_transition_cost_le,
RequestProject/NavierStokes/ScaleProbeExistence.lean,RequestProject.NavierStokes.ScaleProbeExistence,343,theorem,plateau_bulk_ge_core,ClayNS,ClayNS.plateau_bulk_ge_core,
RequestProject/NavierStokes/ScaleProbeExistence.lean,RequestProject.NavierStokes.ScaleProbeExistence,417,theorem,exists_small_residual_radial_probe,ClayNS,ClayNS.exists_small_residual_radial_probe,
RequestProject/NavierStokes/ScaleProbeExistence.lean,RequestProject.NavierStokes.ScaleProbeExistence,518,theorem,exists_separating_radial_probe,ClayNS,ClayNS.exists_separating_radial_probe,
RequestProject/NavierStokes/ScaleProbeExistence.lean,RequestProject.NavierStokes.ScaleProbeExistence,546,theorem,exists_radial_probe_anchor_bracket,ClayNS,ClayNS.exists_radial_probe_anchor_bracket,
RequestProject/NavierStokes/ScaleProbeRadial.lean,RequestProject.NavierStokes.ScaleProbeRadial,54,def,radGen,ClayNS,ClayNS.radGen,
RequestProject/NavierStokes/ScaleProbeRadial.lean,RequestProject.NavierStokes.ScaleProbeRadial,58,def,radProbe,ClayNS,ClayNS.radProbe,
RequestProject/NavierStokes/ScaleProbeRadial.lean,RequestProject.NavierStokes.ScaleProbeRadial,63,def,radResidual,ClayNS,ClayNS.radResidual,
RequestProject/NavierStokes/ScaleProbeRadial.lean,RequestProject.NavierStokes.ScaleProbeRadial,71,theorem,radial_probe_adjoint,ClayNS,ClayNS.radial_probe_adjoint,
RequestProject/NavierStokes/ScaleProbeRadial.lean,RequestProject.NavierStokes.ScaleProbeRadial,132,lemma,radResidual_inv_sq,ClayNS,ClayNS.radResidual_inv_sq,
RequestProject/NavierStokes/ScaleProbeRadial.lean,RequestProject.NavierStokes.ScaleProbeRadial,139,lemma,hasDerivAt_inv_sq,ClayNS,ClayNS.hasDerivAt_inv_sq,
RequestProject/NavierStokes/ScaleProbeRadial.lean,RequestProject.NavierStokes.ScaleProbeRadial,154,theorem,scaleNeutral_no_go,ClayNS,ClayNS.scaleNeutral_no_go,
RequestProject/NavierStokes/ScaleProbeRadial.lean,RequestProject.NavierStokes.ScaleProbeRadial,215,theorem,radial_cutoff_probe_residual,ClayNS,ClayNS.radial_cutoff_probe_residual,
RequestProject/NavierStokes/ScaleProbeRadial.lean,RequestProject.NavierStokes.ScaleProbeRadial,264,theorem,radial_cutoff_probe_bound,ClayNS,ClayNS.radial_cutoff_probe_bound,
RequestProject/NavierStokes/ScaleProbeRadial.lean,RequestProject.NavierStokes.ScaleProbeRadial,306,theorem,radial_probe_bulk_eq,ClayNS,ClayNS.radial_probe_bulk_eq,
RequestProject/NavierStokes/ScaleProbeRadial.lean,RequestProject.NavierStokes.ScaleProbeRadial,321,theorem,radial_cutoff_probe_abs_le,ClayNS,ClayNS.radial_cutoff_probe_abs_le,
RequestProject/NavierStokes/ScaleProbeRadial.lean,RequestProject.NavierStokes.ScaleProbeRadial,358,theorem,radial_probe_separates,ClayNS,ClayNS.radial_probe_separates,
RequestProject/NavierStokes/ScaleProbeRadial.lean,RequestProject.NavierStokes.ScaleProbeRadial,415,theorem,radial_probe_separates_sharp,ClayNS,ClayNS.radial_probe_separates_sharp,
RequestProject/NavierStokes/SeparableWeight.lean,RequestProject.NavierStokes.SeparableWeight,36,def,stCoordProj,ClayNS,ClayNS.stCoordProj,
RequestProject/NavierStokes/SeparableWeight.lean,RequestProject.NavierStokes.SeparableWeight,39,lemma,stCoordProj_apply,ClayNS,ClayNS.stCoordProj_apply,@[simp]
RequestProject/NavierStokes/SeparableWeight.lean,RequestProject.NavierStokes.SeparableWeight,41,lemma,stCoordProj_space,ClayNS,ClayNS.stCoordProj_space,
RequestProject/NavierStokes/SeparableWeight.lean,RequestProject.NavierStokes.SeparableWeight,46,lemma,stCoordProj_time,ClayNS,ClayNS.stCoordProj_time,
RequestProject/NavierStokes/SeparableWeight.lean,RequestProject.NavierStokes.SeparableWeight,53,def,sepSum,ClayNS,ClayNS.sepSum,
RequestProject/NavierStokes/SeparableWeight.lean,RequestProject.NavierStokes.SeparableWeight,56,def,sepExp,ClayNS,ClayNS.sepExp,
RequestProject/NavierStokes/SeparableWeight.lean,RequestProject.NavierStokes.SeparableWeight,59,lemma,sepExp_pos,ClayNS,ClayNS.sepExp_pos,
RequestProject/NavierStokes/SeparableWeight.lean,RequestProject.NavierStokes.SeparableWeight,62,lemma,sepExp_nonneg,ClayNS,ClayNS.sepExp_nonneg,
RequestProject/NavierStokes/SeparableWeight.lean,RequestProject.NavierStokes.SeparableWeight,67,lemma,sepExp_le_one,ClayNS,ClayNS.sepExp_le_one,
RequestProject/NavierStokes/SeparableWeight.lean,RequestProject.NavierStokes.SeparableWeight,74,lemma,sepExp_center,ClayNS,ClayNS.sepExp_center,
RequestProject/NavierStokes/SeparableWeight.lean,RequestProject.NavierStokes.SeparableWeight,82,lemma,hasFDerivAt_coordSub,ClayNS,ClayNS.hasFDerivAt_coordSub,
RequestProject/NavierStokes/SeparableWeight.lean,RequestProject.NavierStokes.SeparableWeight,86,lemma,hasFDerivAt_sepSum,ClayNS,ClayNS.hasFDerivAt_sepSum,
RequestProject/NavierStokes/SeparableWeight.lean,RequestProject.NavierStokes.SeparableWeight,92,lemma,hasFDerivAt_sepExp,ClayNS,ClayNS.hasFDerivAt_sepExp,
RequestProject/NavierStokes/SeparableWeight.lean,RequestProject.NavierStokes.SeparableWeight,101,theorem,dvec_sepExp,ClayNS,ClayNS.dvec_sepExp,
RequestProject/NavierStokes/SeparableWeight.lean,RequestProject.NavierStokes.SeparableWeight,110,theorem,dtime_sepExp,ClayNS,ClayNS.dtime_sepExp,
RequestProject/NavierStokes/SeparableWeight.lean,RequestProject.NavierStokes.SeparableWeight,117,theorem,lap_sepExp,ClayNS,ClayNS.lap_sepExp,
RequestProject/NavierStokes/SeparableWeight.lean,RequestProject.NavierStokes.SeparableWeight,142,lemma,contDiff_sepSum,ClayNS,ClayNS.contDiff_sepSum,
RequestProject/NavierStokes/SeparableWeight.lean,RequestProject.NavierStokes.SeparableWeight,149,lemma,contDiff_sepExp,ClayNS,ClayNS.contDiff_sepExp,
RequestProject/NavierStokes/SeparableWeight.lean,RequestProject.NavierStokes.SeparableWeight,153,lemma,continuous_sepExp,ClayNS,ClayNS.continuous_sepExp,
RequestProject/NavierStokes/SeparableWeight.lean,RequestProject.NavierStokes.SeparableWeight,160,lemma,spacePeriodic_sepExp,ClayNS,ClayNS.spacePeriodic_sepExp,
RequestProject/NavierStokes/SignedGramWienerAssembly.lean,RequestProject.NavierStokes.SignedGramWienerAssembly,49,def,outRate,ClayNS.TTStar,ClayNS.TTStar.outRate,
RequestProject/NavierStokes/SignedGramWienerAssembly.lean,RequestProject.NavierStokes.SignedGramWienerAssembly,53,def,outCells,ClayNS.TTStar,ClayNS.TTStar.outCells,
RequestProject/NavierStokes/SignedGramWienerAssembly.lean,RequestProject.NavierStokes.SignedGramWienerAssembly,57,theorem,outRate_pos,ClayNS.TTStar,ClayNS.TTStar.outRate_pos,
RequestProject/NavierStokes/SignedGramWienerAssembly.lean,RequestProject.NavierStokes.SignedGramWienerAssembly,70,theorem,resForm_outCells_eq_integral,ClayNS.TTStar,ClayNS.TTStar.resForm_outCells_eq_integral,
RequestProject/NavierStokes/SignedGramWienerAssembly.lean,RequestProject.NavierStokes.SignedGramWienerAssembly,82,theorem,sum_resForm_outCells_le_wiener,ClayNS.TTStar,ClayNS.TTStar.sum_resForm_outCells_le_wiener,
RequestProject/NavierStokes/SignedGramWienerAssembly.lean,RequestProject.NavierStokes.SignedGramWienerAssembly,105,theorem,sum_gram_debt_le_wiener,ClayNS.TTStar,ClayNS.TTStar.sum_gram_debt_le_wiener,
RequestProject/NavierStokes/SignedGramWienerAssembly.lean,RequestProject.NavierStokes.SignedGramWienerAssembly,218,theorem,wiener_energy_budget_not_controlled_by_energy,ClayNS.TTStar,ClayNS.TTStar.wiener_energy_budget_not_controlled_by_energy,
RequestProject/NavierStokes/SignedRemainderResolventBudget.lean,RequestProject.NavierStokes.SignedRemainderResolventBudget,69,theorem,herm_re_le_nrm_mul,ClayNS.TTStar,ClayNS.TTStar.herm_re_le_nrm_mul,
RequestProject/NavierStokes/SignedRemainderResolventBudget.lean,RequestProject.NavierStokes.SignedRemainderResolventBudget,84,theorem,two_nu_wlen_mul_le_pairRate,ClayNS.TTStar,ClayNS.TTStar.two_nu_wlen_mul_le_pairRate,
RequestProject/NavierStokes/SignedRemainderResolventBudget.lean,RequestProject.NavierStokes.SignedRemainderResolventBudget,103,theorem,resTerm_le,ClayNS.TTStar,ClayNS.TTStar.resTerm_le,
RequestProject/NavierStokes/SignedRemainderResolventBudget.lean,RequestProject.NavierStokes.SignedRemainderResolventBudget,137,theorem,resForm_le_sq,ClayNS.TTStar,ClayNS.TTStar.resForm_le_sq,
RequestProject/NavierStokes/SignedRemainderResolventBudget.lean,RequestProject.NavierStokes.SignedRemainderResolventBudget,163,theorem,cell_ratio_le,ClayNS.TTStar,ClayNS.TTStar.cell_ratio_le,
RequestProject/NavierStokes/SignedRemainderResolventBudget.lean,RequestProject.NavierStokes.SignedRemainderResolventBudget,181,theorem,integral_nsq_Fs_le_profile,ClayNS.TTStar,ClayNS.TTStar.integral_nsq_Fs_le_profile,
RequestProject/NavierStokes/SignedRemainderResolventBudget.lean,RequestProject.NavierStokes.SignedRemainderResolventBudget,219,theorem,sum_integral_nsq_Fs_le_profile,ClayNS.TTStar,ClayNS.TTStar.sum_integral_nsq_Fs_le_profile,
RequestProject/NavierStokes/SignedRemainderResolventBudget.lean,RequestProject.NavierStokes.SignedRemainderResolventBudget,255,theorem,sum_conv_le_wienerA_sq,ClayNS.TTStar,ClayNS.TTStar.sum_conv_le_wienerA_sq,
RequestProject/NavierStokes/SignedRemainderResolventBudget.lean,RequestProject.NavierStokes.SignedRemainderResolventBudget,290,theorem,sum_integral_nsq_Fs_le_wiener,ClayNS.TTStar,ClayNS.TTStar.sum_integral_nsq_Fs_le_wiener,
RequestProject/NavierStokes/SignedRemainderResolventBudget.lean,RequestProject.NavierStokes.SignedRemainderResolventBudget,326,theorem,spacetime_remainder_le,ClayNS.TTStar,ClayNS.TTStar.spacetime_remainder_le,
RequestProject/NavierStokes/SignedRemainderTTStar.lean,RequestProject.NavierStokes.SignedRemainderTTStar,110,def,rawKernel,ClayNS.TTStar,ClayNS.TTStar.rawKernel,
RequestProject/NavierStokes/SignedRemainderTTStar.lean,RequestProject.NavierStokes.SignedRemainderTTStar,114,theorem,rawKernel_expand,ClayNS.TTStar,ClayNS.TTStar.rawKernel_expand,
RequestProject/NavierStokes/SignedRemainderTTStar.lean,RequestProject.NavierStokes.SignedRemainderTTStar,125,theorem,rawKernel_relocate,ClayNS.TTStar,ClayNS.TTStar.rawKernel_relocate,
RequestProject/NavierStokes/SignedRemainderTTStar.lean,RequestProject.NavierStokes.SignedRemainderTTStar,143,theorem,rawKernel_swap,ClayNS.TTStar,ClayNS.TTStar.rawKernel_swap,
RequestProject/NavierStokes/SignedRemainderTTStar.lean,RequestProject.NavierStokes.SignedRemainderTTStar,153,theorem,nrm_rawKernel_le,ClayNS.TTStar,ClayNS.TTStar.nrm_rawKernel_le,
RequestProject/NavierStokes/SignedRemainderTTStar.lean,RequestProject.NavierStokes.SignedRemainderTTStar,184,theorem,nsq_rawKernel_le,ClayNS.TTStar,ClayNS.TTStar.nsq_rawKernel_le,
RequestProject/NavierStokes/SignedRemainderTTStar.lean,RequestProject.NavierStokes.SignedRemainderTTStar,208,def,wtA,ClayNS.TTStar,ClayNS.TTStar.wtA,
RequestProject/NavierStokes/SignedRemainderTTStar.lean,RequestProject.NavierStokes.SignedRemainderTTStar,210,def,wtB,ClayNS.TTStar,ClayNS.TTStar.wtB,
RequestProject/NavierStokes/SignedRemainderTTStar.lean,RequestProject.NavierStokes.SignedRemainderTTStar,212,def,wtUA,ClayNS.TTStar,ClayNS.TTStar.wtUA,
RequestProject/NavierStokes/SignedRemainderTTStar.lean,RequestProject.NavierStokes.SignedRemainderTTStar,214,def,wtUB,ClayNS.TTStar,ClayNS.TTStar.wtUB,
RequestProject/NavierStokes/SignedRemainderTTStar.lean,RequestProject.NavierStokes.SignedRemainderTTStar,216,theorem,wtA_div,ClayNS.TTStar,ClayNS.TTStar.wtA_div,
RequestProject/NavierStokes/SignedRemainderTTStar.lean,RequestProject.NavierStokes.SignedRemainderTTStar,219,theorem,wtB_div,ClayNS.TTStar,ClayNS.TTStar.wtB_div,
RequestProject/NavierStokes/SignedRemainderTTStar.lean,RequestProject.NavierStokes.SignedRemainderTTStar,222,theorem,wt_rawKernel,ClayNS.TTStar,ClayNS.TTStar.wt_rawKernel,
RequestProject/NavierStokes/SignedRemainderTTStar.lean,RequestProject.NavierStokes.SignedRemainderTTStar,227,theorem,wt_rawKernel_ne_zero,ClayNS.TTStar,ClayNS.TTStar.wt_rawKernel_ne_zero,
RequestProject/NavierStokes/SignedRemainderTTStar.lean,RequestProject.NavierStokes.SignedRemainderTTStar,235,def,innerCell,ClayNS.TTStar,ClayNS.TTStar.innerCell,
RequestProject/NavierStokes/SignedRemainderTTStar.lean,RequestProject.NavierStokes.SignedRemainderTTStar,239,def,innerForcing,ClayNS.TTStar,ClayNS.TTStar.innerForcing,
RequestProject/NavierStokes/SignedRemainderTTStar.lean,RequestProject.NavierStokes.SignedRemainderTTStar,243,def,energy,ClayNS.TTStar,ClayNS.TTStar.energy,
RequestProject/NavierStokes/SignedRemainderTTStar.lean,RequestProject.NavierStokes.SignedRemainderTTStar,245,theorem,energy_nonneg,ClayNS.TTStar,ClayNS.TTStar.energy_nonneg,
RequestProject/NavierStokes/SignedRemainderTTStar.lean,RequestProject.NavierStokes.SignedRemainderTTStar,250,theorem,nrm_innerCell_le,ClayNS.TTStar,ClayNS.TTStar.nrm_innerCell_le,
RequestProject/NavierStokes/SignedRemainderTTStar.lean,RequestProject.NavierStokes.SignedRemainderTTStar,260,theorem,nrm_innerForcing_le_conv,ClayNS.TTStar,ClayNS.TTStar.nrm_innerForcing_le_conv,
RequestProject/NavierStokes/SignedRemainderTTStar.lean,RequestProject.NavierStokes.SignedRemainderTTStar,276,theorem,sum_nsq_reflect_le,ClayNS.TTStar,ClayNS.TTStar.sum_nsq_reflect_le,
RequestProject/NavierStokes/SignedRemainderTTStar.lean,RequestProject.NavierStokes.SignedRemainderTTStar,303,theorem,conv_le_energy,ClayNS.TTStar,ClayNS.TTStar.conv_le_energy,
RequestProject/NavierStokes/SignedRemainderTTStar.lean,RequestProject.NavierStokes.SignedRemainderTTStar,320,theorem,nrm_innerForcing_le_energy,ClayNS.TTStar,ClayNS.TTStar.nrm_innerForcing_le_energy,
RequestProject/NavierStokes/SignedRemainderTTStar.lean,RequestProject.NavierStokes.SignedRemainderTTStar,333,def,heatFactor,ClayNS.TTStar,ClayNS.TTStar.heatFactor,
RequestProject/NavierStokes/SignedRemainderTTStar.lean,RequestProject.NavierStokes.SignedRemainderTTStar,335,theorem,heatFactor_pos,ClayNS.TTStar,ClayNS.TTStar.heatFactor_pos,
RequestProject/NavierStokes/SignedRemainderTTStar.lean,RequestProject.NavierStokes.SignedRemainderTTStar,339,def,outerCellVec,ClayNS.TTStar,ClayNS.TTStar.outerCellVec,
RequestProject/NavierStokes/SignedRemainderTTStar.lean,RequestProject.NavierStokes.SignedRemainderTTStar,344,def,Fs,ClayNS.TTStar,ClayNS.TTStar.Fs,
RequestProject/NavierStokes/SignedRemainderTTStar.lean,RequestProject.NavierStokes.SignedRemainderTTStar,350,theorem,nsq_Fs_eq_gram,ClayNS.TTStar,ClayNS.TTStar.nsq_Fs_eq_gram,
RequestProject/NavierStokes/SignedRemainderTTStar.lean,RequestProject.NavierStokes.SignedRemainderTTStar,367,theorem,Fs_eq_heatCombo,ClayNS.TTStar,ClayNS.TTStar.Fs_eq_heatCombo,
RequestProject/NavierStokes/SignedRemainderTTStar.lean,RequestProject.NavierStokes.SignedRemainderTTStar,389,theorem,integral_nsq_Fs_eq_resForm,ClayNS.TTStar,ClayNS.TTStar.integral_nsq_Fs_eq_resForm,
RequestProject/NavierStokes/SignedRemainderTTStar.lean,RequestProject.NavierStokes.SignedRemainderTTStar,423,theorem,sum_shift_le,ClayNS.TTStar,ClayNS.TTStar.sum_shift_le,
RequestProject/NavierStokes/SignedRemainderTTStar.lean,RequestProject.NavierStokes.SignedRemainderTTStar,447,theorem,sum_sq_conv_le,ClayNS.TTStar,ClayNS.TTStar.sum_sq_conv_le,
RequestProject/NavierStokes/SignedRemainderTTStar.lean,RequestProject.NavierStokes.SignedRemainderTTStar,495,def,heatMass,ClayNS.TTStar,ClayNS.TTStar.heatMass,
RequestProject/NavierStokes/SignedRemainderTTStar.lean,RequestProject.NavierStokes.SignedRemainderTTStar,500,theorem,nrm_Fs_le_conv,ClayNS.TTStar,ClayNS.TTStar.nrm_Fs_le_conv,
RequestProject/NavierStokes/SignedRemainderTTStar.lean,RequestProject.NavierStokes.SignedRemainderTTStar,538,theorem,sum_nsq_Fs_le_heatMass,ClayNS.TTStar,ClayNS.TTStar.sum_nsq_Fs_le_heatMass,
RequestProject/NavierStokes/SignedRemainderTTStar.lean,RequestProject.NavierStokes.SignedRemainderTTStar,611,theorem,sum_nsq_Fs_le_energy,ClayNS.TTStar,ClayNS.TTStar.sum_nsq_Fs_le_energy,
RequestProject/NavierStokes/SignedRemainderTTStar.lean,RequestProject.NavierStokes.SignedRemainderTTStar,631,theorem,resDiag_le_energy_cube,ClayNS.TTStar,ClayNS.TTStar.resDiag_le_energy_cube,
RequestProject/NavierStokes/SimilarityAbsorption.lean,RequestProject.NavierStokes.SimilarityAbsorption,50,theorem,pairing_young_absorption,ClayNS,ClayNS.pairing_young_absorption,
RequestProject/NavierStokes/SimilarityAbsorption.lean,RequestProject.NavierStokes.SimilarityAbsorption,75,theorem,pairing_marginal_split,ClayNS,ClayNS.pairing_marginal_split,
RequestProject/NavierStokes/SimilarityAbsorption.lean,RequestProject.NavierStokes.SimilarityAbsorption,102,theorem,marginal_transverse_absorption,ClayNS,ClayNS.marginal_transverse_absorption,
RequestProject/NavierStokes/SimilarityAbsorption.lean,RequestProject.NavierStokes.SimilarityAbsorption,120,theorem,similarity_energy_deriv_le,ClayNS,ClayNS.similarity_energy_deriv_le,
RequestProject/NavierStokes/SimilarityAbsorption.lean,RequestProject.NavierStokes.SimilarityAbsorption,131,theorem,similarity_energy_deriv_le_transverse,ClayNS,ClayNS.similarity_energy_deriv_le_transverse,
RequestProject/NavierStokes/SimilarityAmplitudeLaw.lean,RequestProject.NavierStokes.SimilarityAmplitudeLaw,64,def,IsSimilarityEvolution,ClayNS,ClayNS.IsSimilarityEvolution,
RequestProject/NavierStokes/SimilarityAmplitudeLaw.lean,RequestProject.NavierStokes.SimilarityAmplitudeLaw,75,theorem,similarity_amplitude_law,ClayNS,ClayNS.similarity_amplitude_law,
RequestProject/NavierStokes/SimilarityAmplitudeLaw.lean,RequestProject.NavierStokes.SimilarityAmplitudeLaw,140,theorem,gaussMarginalJ_eq_of_ampDeriv,ClayNS,ClayNS.gaussMarginalJ_eq_of_ampDeriv,
RequestProject/NavierStokes/SimilarityAmplitudeLaw.lean,RequestProject.NavierStokes.SimilarityAmplitudeLaw,156,theorem,marginal_channel_closed_form,ClayNS,ClayNS.marginal_channel_closed_form,
RequestProject/NavierStokes/SimilarityAmplitudeLaw.lean,RequestProject.NavierStokes.SimilarityAmplitudeLaw,167,theorem,marginal_channel_le_of_closed_form,ClayNS,ClayNS.marginal_channel_le_of_closed_form,
RequestProject/NavierStokes/SimilarityEnergy.lean,RequestProject.NavierStokes.SimilarityEnergy,81,lemma,proj_speed_alg,ClayNS,ClayNS.proj_speed_alg,private
RequestProject/NavierStokes/SimilarityEnergy.lean,RequestProject.NavierStokes.SimilarityEnergy,98,theorem,projective_speed_sq,ClayNS,ClayNS.projective_speed_sq,
RequestProject/NavierStokes/SimilarityEnergy.lean,RequestProject.NavierStokes.SimilarityEnergy,117,theorem,hasDerivAt_normalize,ClayNS,ClayNS.hasDerivAt_normalize,
RequestProject/NavierStokes/SimilarityEnergy.lean,RequestProject.NavierStokes.SimilarityEnergy,147,theorem,projective_gram_speed,ClayNS,ClayNS.projective_gram_speed,
RequestProject/NavierStokes/SimilarityEnergy.lean,RequestProject.NavierStokes.SimilarityEnergy,161,theorem,gram_projective_speed_weighted,ClayNS,ClayNS.gram_projective_speed_weighted,
RequestProject/NavierStokes/SimilarityEnergy.lean,RequestProject.NavierStokes.SimilarityEnergy,189,theorem,similarity_energy_identity,ClayNS,ClayNS.similarity_energy_identity,
RequestProject/NavierStokes/SimilarityEnergy.lean,RequestProject.NavierStokes.SimilarityEnergy,222,theorem,transverse_quadratic_debt,ClayNS,ClayNS.transverse_quadratic_debt,
RequestProject/NavierStokes/SimilarityEnergy.lean,RequestProject.NavierStokes.SimilarityEnergy,247,theorem,similarity_transverse_expenditure,ClayNS,ClayNS.similarity_transverse_expenditure,
RequestProject/NavierStokes/SimilarityEnergy.lean,RequestProject.NavierStokes.SimilarityEnergy,285,theorem,scaleGram_payment_of_expenditure,ClayNS,ClayNS.scaleGram_payment_of_expenditure,
RequestProject/NavierStokes/SimilarityEnergy.lean,RequestProject.NavierStokes.SimilarityEnergy,339,theorem,scaleGram_payment_of_similarity_absorption,ClayNS,ClayNS.scaleGram_payment_of_similarity_absorption,
RequestProject/NavierStokes/SimilarityNearFarAbsorption.lean,RequestProject.NavierStokes.SimilarityNearFarAbsorption,76,theorem,pythagoras_proj,ClayNS,ClayNS.pythagoras_proj,
RequestProject/NavierStokes/SimilarityNearFarAbsorption.lean,RequestProject.NavierStokes.SimilarityNearFarAbsorption,95,theorem,pairing_near_far_split,ClayNS,ClayNS.pairing_near_far_split,
RequestProject/NavierStokes/SimilarityNearFarAbsorption.lean,RequestProject.NavierStokes.SimilarityNearFarAbsorption,117,theorem,pairing_near_far_marginal_split,ClayNS,ClayNS.pairing_near_far_marginal_split,
RequestProject/NavierStokes/SimilarityNearFarAbsorption.lean,RequestProject.NavierStokes.SimilarityNearFarAbsorption,139,theorem,nearfar_relative_absorption,ClayNS,ClayNS.nearfar_relative_absorption,
RequestProject/NavierStokes/SimilarityNearFarAbsorption.lean,RequestProject.NavierStokes.SimilarityNearFarAbsorption,165,theorem,similarity_energy_deriv_le_nearfar,ClayNS,ClayNS.similarity_energy_deriv_le_nearfar,
RequestProject/NavierStokes/SimilarityNearFarAbsorption.lean,RequestProject.NavierStokes.SimilarityNearFarAbsorption,182,theorem,similarity_energy_deriv_le_transverse_nearfar,ClayNS,ClayNS.similarity_energy_deriv_le_transverse_nearfar,
RequestProject/NavierStokes/SimilarityNearFarAbsorption.lean,RequestProject.NavierStokes.SimilarityNearFarAbsorption,198,theorem,similarity_energy_nonneg,ClayNS,ClayNS.similarity_energy_nonneg,
RequestProject/NavierStokes/SimilarityNearFarAbsorption.lean,RequestProject.NavierStokes.SimilarityNearFarAbsorption,215,theorem,similarity_energy_uniform_bound,ClayNS,ClayNS.similarity_energy_uniform_bound,
RequestProject/NavierStokes/SimilarityNearFarAbsorption.lean,RequestProject.NavierStokes.SimilarityNearFarAbsorption,238,theorem,similarity_energy_drop_of_nonneg,ClayNS,ClayNS.similarity_energy_drop_of_nonneg,
RequestProject/NavierStokes/SimilarityNearFarAbsorption.lean,RequestProject.NavierStokes.SimilarityNearFarAbsorption,260,theorem,similarity_nearfar_transverse_expenditure,ClayNS,ClayNS.similarity_nearfar_transverse_expenditure,
RequestProject/NavierStokes/SimilarityNearFarAbsorption.lean,RequestProject.NavierStokes.SimilarityNearFarAbsorption,289,def,amplitudeProj,ClayNS,ClayNS.amplitudeProj,
RequestProject/NavierStokes/SimilarityNearFarAbsorption.lean,RequestProject.NavierStokes.SimilarityNearFarAbsorption,291,lemma,amplitudeProj_apply,ClayNS,ClayNS.amplitudeProj_apply,@[simp]
RequestProject/NavierStokes/SimilarityNearFarAbsorption.lean,RequestProject.NavierStokes.SimilarityNearFarAbsorption,295,lemma,amplitudeProj_idem,ClayNS,ClayNS.amplitudeProj_idem,
RequestProject/NavierStokes/SimilarityNearFarAbsorption.lean,RequestProject.NavierStokes.SimilarityNearFarAbsorption,302,lemma,amplitudeProj_symm,ClayNS,ClayNS.amplitudeProj_symm,
RequestProject/NavierStokes/SimilarityNearFarAbsorption.lean,RequestProject.NavierStokes.SimilarityNearFarAbsorption,312,theorem,amplitude_marginal_channel,ClayNS,ClayNS.amplitude_marginal_channel,
RequestProject/NavierStokes/SimilarityNearFarAbsorption.lean,RequestProject.NavierStokes.SimilarityNearFarAbsorption,322,theorem,amplitude_transverse_norm_sq,ClayNS,ClayNS.amplitude_transverse_norm_sq,
RequestProject/NavierStokes/SimilarityNearFarAbsorption.lean,RequestProject.NavierStokes.SimilarityNearFarAbsorption,346,theorem,near_relative_of_norm_domination,ClayNS,ClayNS.near_relative_of_norm_domination,
RequestProject/NavierStokes/SimilarityNearFarAbsorption.lean,RequestProject.NavierStokes.SimilarityNearFarAbsorption,362,theorem,relative_contraction_forces_zero,ClayNS,ClayNS.relative_contraction_forces_zero,
RequestProject/NavierStokes/SimilarityNearFarScaleCharge.lean,RequestProject.NavierStokes.SimilarityNearFarScaleCharge,63,theorem,clay_A_dyn_of_nearfar_relative_absorption,ClayNS,ClayNS.clay_A_dyn_of_nearfar_relative_absorption,
RequestProject/NavierStokes/SimilarityNearFarScaleCharge.lean,RequestProject.NavierStokes.SimilarityNearFarScaleCharge,151,theorem,clay_A_dyn_of_amplitude_nearfar_absorption,ClayNS,ClayNS.clay_A_dyn_of_amplitude_nearfar_absorption,
RequestProject/NavierStokes/SimilarityScaleCharge.lean,RequestProject.NavierStokes.SimilarityScaleCharge,55,theorem,clay_A_dyn_of_similarity_absorption,ClayNS,ClayNS.clay_A_dyn_of_similarity_absorption,
RequestProject/NavierStokes/SimilarityScaleCharge.lean,RequestProject.NavierStokes.SimilarityScaleCharge,137,theorem,clay_A_dyn_of_similarity_equation,ClayNS,ClayNS.clay_A_dyn_of_similarity_equation,
RequestProject/NavierStokes/SlotKernelAntiParallel.lean,RequestProject.NavierStokes.SlotKernelAntiParallel,66,def,bdot,ClayNS.SlotKernel,ClayNS.SlotKernel.bdot,
RequestProject/NavierStokes/SlotKernelAntiParallel.lean,RequestProject.NavierStokes.SlotKernelAntiParallel,68,theorem,bdot_comm,ClayNS.SlotKernel,ClayNS.SlotKernel.bdot_comm,
RequestProject/NavierStokes/SlotKernelAntiParallel.lean,RequestProject.NavierStokes.SlotKernelAntiParallel,71,theorem,bdot_add_left,ClayNS.SlotKernel,ClayNS.SlotKernel.bdot_add_left,
RequestProject/NavierStokes/SlotKernelAntiParallel.lean,RequestProject.NavierStokes.SlotKernelAntiParallel,74,theorem,bdot_add_right,ClayNS.SlotKernel,ClayNS.SlotKernel.bdot_add_right,
RequestProject/NavierStokes/SlotKernelAntiParallel.lean,RequestProject.NavierStokes.SlotKernelAntiParallel,77,theorem,bdot_zero_left,ClayNS.SlotKernel,ClayNS.SlotKernel.bdot_zero_left,@[simp]
RequestProject/NavierStokes/SlotKernelAntiParallel.lean,RequestProject.NavierStokes.SlotKernelAntiParallel,80,theorem,bdot_zero_right,ClayNS.SlotKernel,ClayNS.SlotKernel.bdot_zero_right,@[simp]
RequestProject/NavierStokes/SlotKernelAntiParallel.lean,RequestProject.NavierStokes.SlotKernelAntiParallel,86,def,antiParallelDefect,ClayNS.SlotKernel,ClayNS.SlotKernel.antiParallelDefect,
RequestProject/NavierStokes/SlotKernelAntiParallel.lean,RequestProject.NavierStokes.SlotKernelAntiParallel,89,def,slotKernel,ClayNS.SlotKernel,ClayNS.SlotKernel.slotKernel,
RequestProject/NavierStokes/SlotKernelAntiParallel.lean,RequestProject.NavierStokes.SlotKernelAntiParallel,94,theorem,slotKernel_bacCab,ClayNS.SlotKernel,ClayNS.SlotKernel.slotKernel_bacCab,
RequestProject/NavierStokes/SlotKernelAntiParallel.lean,RequestProject.NavierStokes.SlotKernelAntiParallel,105,structure,TransverseHighPair,ClayNS.SlotKernel,ClayNS.SlotKernel.TransverseHighPair,
RequestProject/NavierStokes/SlotKernelAntiParallel.lean,RequestProject.NavierStokes.SlotKernelAntiParallel,115,theorem,slotKernel_factorsThrough_antiParallelDefect,ClayNS.SlotKernel,ClayNS.SlotKernel.slotKernel_factorsThrough_antiParallelDefect,
RequestProject/NavierStokes/SlotKernelAntiParallel.lean,RequestProject.NavierStokes.SlotKernelAntiParallel,129,theorem,slotKernel_eq_zero_of_antiParallel,ClayNS.SlotKernel,ClayNS.SlotKernel.slotKernel_eq_zero_of_antiParallel,
RequestProject/NavierStokes/SlotKernelAntiParallel.lean,RequestProject.NavierStokes.SlotKernelAntiParallel,139,theorem,exists_transverse_antiParallel_nonzero,ClayNS.SlotKernel,ClayNS.SlotKernel.exists_transverse_antiParallel_nonzero,
RequestProject/NavierStokes/SlotKernelAntiParallel.lean,RequestProject.NavierStokes.SlotKernelAntiParallel,153,theorem,exists_transverse_slotKernel_ne_zero,ClayNS.SlotKernel,ClayNS.SlotKernel.exists_transverse_slotKernel_ne_zero,
RequestProject/NavierStokes/SmallReynoldsAmplitudeDecay.lean,RequestProject.NavierStokes.SmallReynoldsAmplitudeDecay,54,theorem,amplitude_differential_inequality,ClayNS,ClayNS.amplitude_differential_inequality,
RequestProject/NavierStokes/SmallReynoldsAmplitudeDecay.lean,RequestProject.NavierStokes.SmallReynoldsAmplitudeDecay,67,theorem,amplitude_dirichlet_budget,ClayNS,ClayNS.amplitude_dirichlet_budget,
RequestProject/NavierStokes/SmallReynoldsAmplitudeDecay.lean,RequestProject.NavierStokes.SmallReynoldsAmplitudeDecay,88,theorem,amplitude_exponential_decay,ClayNS,ClayNS.amplitude_exponential_decay,
RequestProject/NavierStokes/SmallReynoldsAmplitudeDecay.lean,RequestProject.NavierStokes.SmallReynoldsAmplitudeDecay,133,theorem,no_normalized_similarity_profile_of_smallReynolds,ClayNS,ClayNS.no_normalized_similarity_profile_of_smallReynolds,
RequestProject/NavierStokes/SmallReynoldsAmplitudeDecay.lean,RequestProject.NavierStokes.SmallReynoldsAmplitudeDecay,159,theorem,gauss_amplitude_differential_inequality,ClayNS,ClayNS.gauss_amplitude_differential_inequality,
RequestProject/NavierStokes/SmallReynoldsAmplitudeDecay.lean,RequestProject.NavierStokes.SmallReynoldsAmplitudeDecay,182,theorem,smallReynolds_no_normalized_similarity_family,ClayNS,ClayNS.smallReynolds_no_normalized_similarity_family,
RequestProject/NavierStokes/SpacetimeDivergence.lean,RequestProject.NavierStokes.SpacetimeDivergence,34,lemma,hasFDerivAt_pair_right,ClayNS,ClayNS.hasFDerivAt_pair_right,
RequestProject/NavierStokes/SpacetimeDivergence.lean,RequestProject.NavierStokes.SpacetimeDivergence,40,lemma,hasDerivAt_pair_left,ClayNS,ClayNS.hasDerivAt_pair_left,
RequestProject/NavierStokes/SpacetimeDivergence.lean,RequestProject.NavierStokes.SpacetimeDivergence,46,lemma,fderiv_slice_space,ClayNS,ClayNS.fderiv_slice_space,
RequestProject/NavierStokes/SpacetimeDivergence.lean,RequestProject.NavierStokes.SpacetimeDivergence,57,lemma,hasDerivAt_slice_time,ClayNS,ClayNS.hasDerivAt_slice_time,
RequestProject/NavierStokes/SpacetimeDivergence.lean,RequestProject.NavierStokes.SpacetimeDivergence,65,lemma,fderiv_eq_zero_of_vanishing_outside,ClayNS,ClayNS.fderiv_eq_zero_of_vanishing_outside,
RequestProject/NavierStokes/SpacetimeDivergence.lean,RequestProject.NavierStokes.SpacetimeDivergence,78,lemma,integrable_of_continuous_of_vanishing,ClayNS,ClayNS.integrable_of_continuous_of_vanishing,
RequestProject/NavierStokes/SpacetimeDivergence.lean,RequestProject.NavierStokes.SpacetimeDivergence,94,theorem,integral_spacetime_divergence_eq_zero,ClayNS,ClayNS.integral_spacetime_divergence_eq_zero,
RequestProject/NavierStokes/SparseIslandNoGo.lean,RequestProject.NavierStokes.SparseIslandNoGo,40,theorem,heatGauss_ball_integral_ge,ClayNS,ClayNS.heatGauss_ball_integral_ge,
RequestProject/NavierStokes/SparseIslandNoGo.lean,RequestProject.NavierStokes.SparseIslandNoGo,78,theorem,gaussian_lower_bound_has_vanishing_density,ClayNS,ClayNS.gaussian_lower_bound_has_vanishing_density,
RequestProject/NavierStokes/SparseIslandNoGo.lean,RequestProject.NavierStokes.SparseIslandNoGo,105,theorem,linear_skeleton_hosts_sparse_defect_island,ClayNS,ClayNS.linear_skeleton_hosts_sparse_defect_island,
RequestProject/NavierStokes/SparseIslandNoGo.lean,RequestProject.NavierStokes.SparseIslandNoGo,120,structure,BoundedDriftDefect,ClayNS,ClayNS.BoundedDriftDefect,
RequestProject/NavierStokes/SparseIslandNoGo.lean,RequestProject.NavierStokes.SparseIslandNoGo,128,theorem,boundedDriftDefect_heatGauss,ClayNS,ClayNS.boundedDriftDefect_heatGauss,
RequestProject/NavierStokes/SparseIslandNoGo.lean,RequestProject.NavierStokes.SparseIslandNoGo,150,theorem,boundedDriftClass_admits_sparse_defect_island,ClayNS,ClayNS.boundedDriftClass_admits_sparse_defect_island,
RequestProject/NavierStokes/SpatialScaleGen.lean,RequestProject.NavierStokes.SpatialScaleGen,44,def,stLift,ClayNS,ClayNS.stLift,
RequestProject/NavierStokes/SpatialScaleGen.lean,RequestProject.NavierStokes.SpatialScaleGen,46,lemma,stLift_apply,ClayNS,ClayNS.stLift_apply,@[simp]
RequestProject/NavierStokes/SpatialScaleGen.lean,RequestProject.NavierStokes.SpatialScaleGen,50,theorem,stLift_hasFDerivAt,ClayNS,ClayNS.stLift_hasFDerivAt,
RequestProject/NavierStokes/SpatialScaleGen.lean,RequestProject.NavierStokes.SpatialScaleGen,55,theorem,stLift_fderiv,ClayNS,ClayNS.stLift_fderiv,
RequestProject/NavierStokes/SpatialScaleGen.lean,RequestProject.NavierStokes.SpatialScaleGen,61,lemma,dvec_space_stLift,ClayNS,ClayNS.dvec_space_stLift,
RequestProject/NavierStokes/SpatialScaleGen.lean,RequestProject.NavierStokes.SpatialScaleGen,67,lemma,dvec_time_stLift,ClayNS,ClayNS.dvec_time_stLift,
RequestProject/NavierStokes/SpatialScaleGen.lean,RequestProject.NavierStokes.SpatialScaleGen,73,lemma,sum_smul_ee,ClayNS,ClayNS.sum_smul_ee,
RequestProject/NavierStokes/SpatialScaleGen.lean,RequestProject.NavierStokes.SpatialScaleGen,86,theorem,scaleGen_stLift,ClayNS,ClayNS.scaleGen_stLift,
RequestProject/NavierStokes/SpatialScaleGen.lean,RequestProject.NavierStokes.SpatialScaleGen,100,theorem,scaleGen_stLift_origin,ClayNS,ClayNS.scaleGen_stLift_origin,
RequestProject/NavierStokes/SpatialScaleGen.lean,RequestProject.NavierStokes.SpatialScaleGen,109,theorem,scaleGen_stLift_radialField,ClayNS,ClayNS.scaleGen_stLift_radialField,
RequestProject/NavierStokes/SpineRateBlockAdapter.lean,RequestProject.NavierStokes.SpineRateBlockAdapter,71,theorem,spine_dyadicRateBlocks_iff,ClayNS.SpineAdapter,ClayNS.SpineAdapter.spine_dyadicRateBlocks_iff,
RequestProject/NavierStokes/SpineRateBlockAdapter.lean,RequestProject.NavierStokes.SpineRateBlockAdapter,77,theorem,spine_blockMultiplicity_iff,ClayNS.SpineAdapter,ClayNS.SpineAdapter.spine_blockMultiplicity_iff,
RequestProject/NavierStokes/SpineRateBlockAdapter.lean,RequestProject.NavierStokes.SpineRateBlockAdapter,87,theorem,sum_resForm_le_blockMultiplicity_ofSpine,ClayNS.SpineAdapter,ClayNS.SpineAdapter.sum_resForm_le_blockMultiplicity_ofSpine,
RequestProject/NavierStokes/SpineRateBlockAdapter.lean,RequestProject.NavierStokes.SpineRateBlockAdapter,107,theorem,gramOperatorBound_of_rateBlockMultiplicity_ofSpine,ClayNS.SpineAdapter,ClayNS.SpineAdapter.gramOperatorBound_of_rateBlockMultiplicity_ofSpine,
RequestProject/NavierStokes/SpineRateBlockAdapter.lean,RequestProject.NavierStokes.SpineRateBlockAdapter,148,theorem,gramOperatorBound_ofSpine_eq_local,ClayNS.SpineAdapter,ClayNS.SpineAdapter.gramOperatorBound_ofSpine_eq_local,
RequestProject/NavierStokes/SpineRateBlockAdapter.lean,RequestProject.NavierStokes.SpineRateBlockAdapter,169,theorem,spine_multiplicity_lower_bound,ClayNS.SpineAdapter,ClayNS.SpineAdapter.spine_multiplicity_lower_bound,
RequestProject/NavierStokes/StationarySimilarityRigidity.lean,RequestProject.NavierStokes.StationarySimilarityRigidity,77,def,gaussDirichlet,ClayNS,ClayNS.gaussDirichlet,
RequestProject/NavierStokes/StationarySimilarityRigidity.lean,RequestProject.NavierStokes.StationarySimilarityRigidity,81,def,gaussAmp,ClayNS,ClayNS.gaussAmp,
RequestProject/NavierStokes/StationarySimilarityRigidity.lean,RequestProject.NavierStokes.StationarySimilarityRigidity,86,def,IsStationarySimilarity,ClayNS,ClayNS.IsStationarySimilarity,
RequestProject/NavierStokes/StationarySimilarityRigidity.lean,RequestProject.NavierStokes.StationarySimilarityRigidity,90,lemma,gaussAmp_nonneg,ClayNS,ClayNS.gaussAmp_nonneg,
RequestProject/NavierStokes/StationarySimilarityRigidity.lean,RequestProject.NavierStokes.StationarySimilarityRigidity,95,lemma,gaussDirichlet_nonneg,ClayNS,ClayNS.gaussDirichlet_nonneg,
RequestProject/NavierStokes/StationarySimilarityRigidity.lean,RequestProject.NavierStokes.StationarySimilarityRigidity,104,lemma,continuous_gauss_interaction,ClayNS,ClayNS.continuous_gauss_interaction,
RequestProject/NavierStokes/StationarySimilarityRigidity.lean,RequestProject.NavierStokes.StationarySimilarityRigidity,118,lemma,integrable_gauss_interaction,ClayNS,ClayNS.integrable_gauss_interaction,
RequestProject/NavierStokes/StationarySimilarityRigidity.lean,RequestProject.NavierStokes.StationarySimilarityRigidity,135,theorem,stationary_similarity_gauss_identity,ClayNS,ClayNS.stationary_similarity_gauss_identity,
RequestProject/NavierStokes/StationarySimilarityRigidity.lean,RequestProject.NavierStokes.StationarySimilarityRigidity,202,theorem,gaussMarginalJ_relative_bound,ClayNS,ClayNS.gaussMarginalJ_relative_bound,
RequestProject/NavierStokes/StationarySimilarityRigidity.lean,RequestProject.NavierStokes.StationarySimilarityRigidity,244,lemma,eq_zero_of_gaussAmp_eq_zero,ClayNS,ClayNS.eq_zero_of_gaussAmp_eq_zero,
RequestProject/NavierStokes/StationarySimilarityRigidity.lean,RequestProject.NavierStokes.StationarySimilarityRigidity,271,theorem,stationary_rigidity_of_relative_bound,ClayNS,ClayNS.stationary_rigidity_of_relative_bound,
RequestProject/NavierStokes/StationarySimilarityRigidity.lean,RequestProject.NavierStokes.StationarySimilarityRigidity,302,theorem,stationary_similarity_rigidity,ClayNS,ClayNS.stationary_similarity_rigidity,
RequestProject/NavierStokes/StationarySimilarityRigidity.lean,RequestProject.NavierStokes.StationarySimilarityRigidity,329,theorem,stationary_similarity_rigidity_of_identity,ClayNS,ClayNS.stationary_similarity_rigidity_of_identity,
RequestProject/NavierStokes/StrongMinimumNoGo.lean,RequestProject.NavierStokes.StrongMinimumNoGo,45,def,sepCoord,ClayNS,ClayNS.sepCoord,
RequestProject/NavierStokes/StrongMinimumNoGo.lean,RequestProject.NavierStokes.StrongMinimumNoGo,48,lemma,sepCoord_apply,ClayNS,ClayNS.sepCoord_apply,@[simp]
RequestProject/NavierStokes/StrongMinimumNoGo.lean,RequestProject.NavierStokes.StrongMinimumNoGo,50,lemma,sepCoord_time,ClayNS,ClayNS.sepCoord_time,@[simp]
RequestProject/NavierStokes/StrongMinimumNoGo.lean,RequestProject.NavierStokes.StrongMinimumNoGo,52,lemma,sepCoord_space,ClayNS,ClayNS.sepCoord_space,
RequestProject/NavierStokes/StrongMinimumNoGo.lean,RequestProject.NavierStokes.StrongMinimumNoGo,57,def,sqCoord,ClayNS,ClayNS.sqCoord,
RequestProject/NavierStokes/StrongMinimumNoGo.lean,RequestProject.NavierStokes.StrongMinimumNoGo,59,lemma,contDiff_sqCoord,ClayNS,ClayNS.contDiff_sqCoord,
RequestProject/NavierStokes/StrongMinimumNoGo.lean,RequestProject.NavierStokes.StrongMinimumNoGo,62,lemma,sqCoord_nonneg,ClayNS,ClayNS.sqCoord_nonneg,
RequestProject/NavierStokes/StrongMinimumNoGo.lean,RequestProject.NavierStokes.StrongMinimumNoGo,64,lemma,sqCoord_at_zero,ClayNS,ClayNS.sqCoord_at_zero,@[simp]
RequestProject/NavierStokes/StrongMinimumNoGo.lean,RequestProject.NavierStokes.StrongMinimumNoGo,66,lemma,dvec_sqCoord,ClayNS,ClayNS.dvec_sqCoord,
RequestProject/NavierStokes/StrongMinimumNoGo.lean,RequestProject.NavierStokes.StrongMinimumNoGo,75,lemma,dvec_dvec_sqCoord,ClayNS,ClayNS.dvec_dvec_sqCoord,
RequestProject/NavierStokes/StrongMinimumNoGo.lean,RequestProject.NavierStokes.StrongMinimumNoGo,90,lemma,lap_sqCoord,ClayNS,ClayNS.lap_sqCoord,
RequestProject/NavierStokes/StrongMinimumNoGo.lean,RequestProject.NavierStokes.StrongMinimumNoGo,100,lemma,divg_smul_zero,ClayNS,ClayNS.divg_smul_zero,
RequestProject/NavierStokes/StrongMinimumNoGo.lean,RequestProject.NavierStokes.StrongMinimumNoGo,118,theorem,parabolic_strong_minimum_no_go,ClayNS,ClayNS.parabolic_strong_minimum_no_go,
RequestProject/NavierStokes/StructureFunction.lean,RequestProject.NavierStokes.StructureFunction,33,lemma,dvec_comp_affine,ClayNS,ClayNS.dvec_comp_affine,
RequestProject/NavierStokes/StructureFunction.lean,RequestProject.NavierStokes.StructureFunction,43,lemma,contDiff_comp_affine,ClayNS,ClayNS.contDiff_comp_affine,
RequestProject/NavierStokes/StructureFunction.lean,RequestProject.NavierStokes.StructureFunction,49,def,rayLin,ClayNS,ClayNS.rayLin,
RequestProject/NavierStokes/StructureFunction.lean,RequestProject.NavierStokes.StructureFunction,53,lemma,rayLin_apply,ClayNS,ClayNS.rayLin_apply,@[simp]
RequestProject/NavierStokes/StructureFunction.lean,RequestProject.NavierStokes.StructureFunction,56,lemma,rayLin_time,ClayNS,ClayNS.rayLin_time,@[simp]
RequestProject/NavierStokes/StructureFunction.lean,RequestProject.NavierStokes.StructureFunction,59,lemma,rayLin_space,ClayNS,ClayNS.rayLin_space,@[simp]
RequestProject/NavierStokes/StructureFunction.lean,RequestProject.NavierStokes.StructureFunction,64,def,rayPt,ClayNS,ClayNS.rayPt,
RequestProject/NavierStokes/StructureFunction.lean,RequestProject.NavierStokes.StructureFunction,66,lemma,rayPt_apply,ClayNS,ClayNS.rayPt_apply,@[simp]
RequestProject/NavierStokes/StructureFunction.lean,RequestProject.NavierStokes.StructureFunction,72,def,sliceLin,ClayNS,ClayNS.sliceLin,
RequestProject/NavierStokes/StructureFunction.lean,RequestProject.NavierStokes.StructureFunction,75,lemma,sliceLin_apply,ClayNS,ClayNS.sliceLin_apply,@[simp]
RequestProject/NavierStokes/StructureFunction.lean,RequestProject.NavierStokes.StructureFunction,78,def,slicePt,ClayNS,ClayNS.slicePt,
RequestProject/NavierStokes/StructureFunction.lean,RequestProject.NavierStokes.StructureFunction,80,lemma,slicePt_apply,ClayNS,ClayNS.slicePt_apply,@[simp]
RequestProject/NavierStokes/StructureFunction.lean,RequestProject.NavierStokes.StructureFunction,83,lemma,sliceLin_time,ClayNS,ClayNS.sliceLin_time,@[simp]
RequestProject/NavierStokes/StructureFunction.lean,RequestProject.NavierStokes.StructureFunction,87,lemma,dvec_zero_dir,ClayNS,ClayNS.dvec_zero_dir,@[simp]
RequestProject/NavierStokes/StructureFunction.lean,RequestProject.NavierStokes.StructureFunction,93,def,rayIncrComp,ClayNS,ClayNS.rayIncrComp,
RequestProject/NavierStokes/StructureFunction.lean,RequestProject.NavierStokes.StructureFunction,96,lemma,contDiff_rayIncrComp,ClayNS,ClayNS.contDiff_rayIncrComp,
RequestProject/NavierStokes/StructureFunction.lean,RequestProject.NavierStokes.StructureFunction,103,lemma,dvec_time_rayIncrComp,ClayNS,ClayNS.dvec_time_rayIncrComp,
RequestProject/NavierStokes/StructureFunction.lean,RequestProject.NavierStokes.StructureFunction,127,lemma,rayIncrComp_zero,ClayNS,ClayNS.rayIncrComp_zero,@[simp]
RequestProject/NavierStokes/StructureFunction.lean,RequestProject.NavierStokes.StructureFunction,134,lemma,dvec_time_comp_slice,ClayNS,ClayNS.dvec_time_comp_slice,
RequestProject/NavierStokes/StructureFunction.lean,RequestProject.NavierStokes.StructureFunction,142,lemma,dvec_sumSq,ClayNS,ClayNS.dvec_sumSq,
RequestProject/NavierStokes/StructureFunction.lean,RequestProject.NavierStokes.StructureFunction,154,lemma,dvec_time_comp_ray,ClayNS,ClayNS.dvec_time_comp_ray,
RequestProject/NavierStokes/StructureFunction.lean,RequestProject.NavierStokes.StructureFunction,165,def,strFun,ClayNS,ClayNS.strFun,
RequestProject/NavierStokes/StructureFunction.lean,RequestProject.NavierStokes.StructureFunction,170,def,strFlux,ClayNS,ClayNS.strFlux,
RequestProject/NavierStokes/StructureFunction.lean,RequestProject.NavierStokes.StructureFunction,175,def,strDens,ClayNS,ClayNS.strDens,
RequestProject/NavierStokes/StructureFunction.lean,RequestProject.NavierStokes.StructureFunction,179,def,strFluxDens,ClayNS,ClayNS.strFluxDens,
RequestProject/NavierStokes/StructureFunction.lean,RequestProject.NavierStokes.StructureFunction,183,lemma,strFun_ray,ClayNS,ClayNS.strFun_ray,
RequestProject/NavierStokes/StructureFunction.lean,RequestProject.NavierStokes.StructureFunction,187,lemma,strFlux_ray,ClayNS,ClayNS.strFlux_ray,
RequestProject/NavierStokes/StructureFunction.lean,RequestProject.NavierStokes.StructureFunction,193,lemma,contDiff_slicePhi,ClayNS,ClayNS.contDiff_slicePhi,
RequestProject/NavierStokes/StructureFunction.lean,RequestProject.NavierStokes.StructureFunction,197,lemma,contDiff_strDens,ClayNS,ClayNS.contDiff_strDens,
RequestProject/NavierStokes/StructureFunction.lean,RequestProject.NavierStokes.StructureFunction,203,lemma,contDiff_strFluxDens,ClayNS,ClayNS.contDiff_strFluxDens,
RequestProject/NavierStokes/StructureFunction.lean,RequestProject.NavierStokes.StructureFunction,211,theorem,strFun_nonneg,ClayNS,ClayNS.strFun_nonneg,
RequestProject/NavierStokes/StructureFunction.lean,RequestProject.NavierStokes.StructureFunction,217,theorem,strFun_zero,ClayNS,ClayNS.strFun_zero,@[simp]
RequestProject/NavierStokes/StructureFunction.lean,RequestProject.NavierStokes.StructureFunction,227,theorem,strFlux_zero,ClayNS,ClayNS.strFlux_zero,@[simp]
RequestProject/NavierStokes/StructureFunction.lean,RequestProject.NavierStokes.StructureFunction,237,lemma,abs_weighted_cube_le,ClayNS,ClayNS.abs_weighted_cube_le,
RequestProject/NavierStokes/StructureFunction.lean,RequestProject.NavierStokes.StructureFunction,251,theorem,abs_strFlux_le,ClayNS,ClayNS.abs_strFlux_le,
RequestProject/NavierStokes/StructureFunction.lean,RequestProject.NavierStokes.StructureFunction,295,def,strDensD,ClayNS,ClayNS.strDensD,
RequestProject/NavierStokes/StructureFunction.lean,RequestProject.NavierStokes.StructureFunction,300,def,strDensD2,ClayNS,ClayNS.strDensD2,
RequestProject/NavierStokes/StructureFunction.lean,RequestProject.NavierStokes.StructureFunction,308,def,strFluxDensD,ClayNS,ClayNS.strFluxDensD,
RequestProject/NavierStokes/StructureFunction.lean,RequestProject.NavierStokes.StructureFunction,316,lemma,dvec_const_mul,ClayNS,ClayNS.dvec_const_mul,
RequestProject/NavierStokes/StructureFunction.lean,RequestProject.NavierStokes.StructureFunction,321,lemma,contDiff_rayGrad,ClayNS,ClayNS.contDiff_rayGrad,
RequestProject/NavierStokes/StructureFunction.lean,RequestProject.NavierStokes.StructureFunction,326,lemma,contDiff_strDensD,ClayNS,ClayNS.contDiff_strDensD,
RequestProject/NavierStokes/StructureFunction.lean,RequestProject.NavierStokes.StructureFunction,333,lemma,dvec_time_strDens,ClayNS,ClayNS.dvec_time_strDens,
RequestProject/NavierStokes/StructureFunction.lean,RequestProject.NavierStokes.StructureFunction,353,lemma,dvec_time_strDensD,ClayNS,ClayNS.dvec_time_strDensD,
RequestProject/NavierStokes/StructureFunction.lean,RequestProject.NavierStokes.StructureFunction,397,lemma,dvec_time_strFluxDens,ClayNS,ClayNS.dvec_time_strFluxDens,
RequestProject/NavierStokes/StructureFunction.lean,RequestProject.NavierStokes.StructureFunction,425,theorem,hasDerivAt_strFun_ray,ClayNS,ClayNS.hasDerivAt_strFun_ray,
RequestProject/NavierStokes/StructureFunction.lean,RequestProject.NavierStokes.StructureFunction,440,theorem,hasDerivAt_strFunD_ray,ClayNS,ClayNS.hasDerivAt_strFunD_ray,
RequestProject/NavierStokes/StructureFunction.lean,RequestProject.NavierStokes.StructureFunction,452,theorem,hasDerivAt_strFlux_ray,ClayNS,ClayNS.hasDerivAt_strFlux_ray,
RequestProject/NavierStokes/StructureFunction.lean,RequestProject.NavierStokes.StructureFunction,469,lemma,rayPt_zero,ClayNS,ClayNS.rayPt_zero,@[simp]
RequestProject/NavierStokes/StructureFunction.lean,RequestProject.NavierStokes.StructureFunction,473,def,dirGradSq,ClayNS,ClayNS.dirGradSq,
RequestProject/NavierStokes/StructureFunction.lean,RequestProject.NavierStokes.StructureFunction,478,def,weightedGradSq,ClayNS,ClayNS.weightedGradSq,
RequestProject/NavierStokes/StructureFunction.lean,RequestProject.NavierStokes.StructureFunction,482,lemma,strDensD_zero,ClayNS,ClayNS.strDensD_zero,@[simp]
RequestProject/NavierStokes/StructureFunction.lean,RequestProject.NavierStokes.StructureFunction,486,lemma,strFluxDensD_zero,ClayNS,ClayNS.strFluxDensD_zero,@[simp]
RequestProject/NavierStokes/StructureFunction.lean,RequestProject.NavierStokes.StructureFunction,490,lemma,strDensD2_zero,ClayNS,ClayNS.strDensD2_zero,
RequestProject/NavierStokes/StructureFunction.lean,RequestProject.NavierStokes.StructureFunction,497,theorem,hasDerivAt_strFun_ray_at_zero,ClayNS,ClayNS.hasDerivAt_strFun_ray_at_zero,
RequestProject/NavierStokes/StructureFunction.lean,RequestProject.NavierStokes.StructureFunction,509,theorem,hasDerivAt_strFlux_ray_at_zero,ClayNS,ClayNS.hasDerivAt_strFlux_ray_at_zero,
RequestProject/NavierStokes/StructureFunction.lean,RequestProject.NavierStokes.StructureFunction,521,theorem,hasDerivAt_strFunD_ray_at_zero,ClayNS,ClayNS.hasDerivAt_strFunD_ray_at_zero,
RequestProject/NavierStokes/StructureFunction.lean,RequestProject.NavierStokes.StructureFunction,531,lemma,continuous_dirGradSq_integrand,ClayNS,ClayNS.continuous_dirGradSq_integrand,
RequestProject/NavierStokes/StructureFunction.lean,RequestProject.NavierStokes.StructureFunction,542,theorem,sum_dirGradSq,ClayNS,ClayNS.sum_dirGradSq,
RequestProject/NavierStokes/StructureFunction.lean,RequestProject.NavierStokes.StructureFunction,562,theorem,lapH_strFun_at_zero,ClayNS,ClayNS.lapH_strFun_at_zero,
RequestProject/NavierStokes/StructureFunction.lean,RequestProject.NavierStokes.StructureFunction,577,theorem,khm_balance_at_zero_separation,ClayNS,ClayNS.khm_balance_at_zero_separation,
RequestProject/NavierStokes/TiltedProjectiveSpeed.lean,RequestProject.NavierStokes.TiltedProjectiveSpeed,47,def,tiltVec,ClayNS,ClayNS.tiltVec,
RequestProject/NavierStokes/TiltedProjectiveSpeed.lean,RequestProject.NavierStokes.TiltedProjectiveSpeed,50,def,tiltMoment,ClayNS,ClayNS.tiltMoment,
RequestProject/NavierStokes/TiltedProjectiveSpeed.lean,RequestProject.NavierStokes.TiltedProjectiveSpeed,56,theorem,hasDerivAt_tiltVec,ClayNS,ClayNS.hasDerivAt_tiltVec,
RequestProject/NavierStokes/TiltedProjectiveSpeed.lean,RequestProject.NavierStokes.TiltedProjectiveSpeed,70,theorem,tilt_gram_A,ClayNS,ClayNS.tilt_gram_A,
RequestProject/NavierStokes/TiltedProjectiveSpeed.lean,RequestProject.NavierStokes.TiltedProjectiveSpeed,75,theorem,tilt_gram_C,ClayNS,ClayNS.tilt_gram_C,
RequestProject/NavierStokes/TiltedProjectiveSpeed.lean,RequestProject.NavierStokes.TiltedProjectiveSpeed,83,theorem,tilt_gram_B,ClayNS,ClayNS.tilt_gram_B,
RequestProject/NavierStokes/TiltedProjectiveSpeed.lean,RequestProject.NavierStokes.TiltedProjectiveSpeed,92,theorem,tilted_gram_eq_log_variance,ClayNS,ClayNS.tilted_gram_eq_log_variance,
RequestProject/NavierStokes/TiltedProjectiveSpeed.lean,RequestProject.NavierStokes.TiltedProjectiveSpeed,102,theorem,tilted_projective_speed,ClayNS,ClayNS.tilted_projective_speed,
RequestProject/NavierStokes/TorusGaussianIntegrals.lean,RequestProject.NavierStokes.TorusGaussianIntegrals,39,lemma,sq_mul_exp_neg_le,ClayNS,ClayNS.sq_mul_exp_neg_le,
RequestProject/NavierStokes/TorusGaussianIntegrals.lean,RequestProject.NavierStokes.TorusGaussianIntegrals,57,lemma,integral_Icc_half_le_gauss,ClayNS,ClayNS.integral_Icc_half_le_gauss,
RequestProject/NavierStokes/TorusGaussianIntegrals.lean,RequestProject.NavierStokes.TorusGaussianIntegrals,77,theorem,cellInt_prod,ClayNS,ClayNS.cellInt_prod,
RequestProject/NavierStokes/TorusGaussianIntegrals.lean,RequestProject.NavierStokes.TorusGaussianIntegrals,89,theorem,integral_Icc01_periodic_shift,ClayNS,ClayNS.integral_Icc01_periodic_shift,
RequestProject/NavierStokes/TorusGaussianIntegrals.lean,RequestProject.NavierStokes.TorusGaussianIntegrals,104,def,tgFac,ClayNS,ClayNS.tgFac,
RequestProject/NavierStokes/TorusGaussianIntegrals.lean,RequestProject.NavierStokes.TorusGaussianIntegrals,107,def,tgGrd,ClayNS,ClayNS.tgGrd,
RequestProject/NavierStokes/TorusGaussianIntegrals.lean,RequestProject.NavierStokes.TorusGaussianIntegrals,111,def,tgLapA,ClayNS,ClayNS.tgLapA,
RequestProject/NavierStokes/TorusGaussianIntegrals.lean,RequestProject.NavierStokes.TorusGaussianIntegrals,115,def,tgLapB,ClayNS,ClayNS.tgLapB,
RequestProject/NavierStokes/TorusGaussianIntegrals.lean,RequestProject.NavierStokes.TorusGaussianIntegrals,117,lemma,tgFac_pos,ClayNS,ClayNS.tgFac_pos,
RequestProject/NavierStokes/TorusGaussianIntegrals.lean,RequestProject.NavierStokes.TorusGaussianIntegrals,119,lemma,tgFac_nonneg,ClayNS,ClayNS.tgFac_nonneg,
RequestProject/NavierStokes/TorusGaussianIntegrals.lean,RequestProject.NavierStokes.TorusGaussianIntegrals,121,lemma,continuous_tgProfile1,ClayNS,ClayNS.continuous_tgProfile1,
RequestProject/NavierStokes/TorusGaussianIntegrals.lean,RequestProject.NavierStokes.TorusGaussianIntegrals,124,lemma,continuous_tgProfile2,ClayNS,ClayNS.continuous_tgProfile2,
RequestProject/NavierStokes/TorusGaussianIntegrals.lean,RequestProject.NavierStokes.TorusGaussianIntegrals,127,lemma,tgGrd_nonneg,ClayNS,ClayNS.tgGrd_nonneg,
RequestProject/NavierStokes/TorusGaussianIntegrals.lean,RequestProject.NavierStokes.TorusGaussianIntegrals,133,lemma,tgLapA_nonneg,ClayNS,ClayNS.tgLapA_nonneg,
RequestProject/NavierStokes/TorusGaussianIntegrals.lean,RequestProject.NavierStokes.TorusGaussianIntegrals,139,lemma,tgLapB_nonneg,ClayNS,ClayNS.tgLapB_nonneg,
RequestProject/NavierStokes/TorusGaussianIntegrals.lean,RequestProject.NavierStokes.TorusGaussianIntegrals,145,lemma,continuous_tgFac,ClayNS,ClayNS.continuous_tgFac,
RequestProject/NavierStokes/TorusGaussianIntegrals.lean,RequestProject.NavierStokes.TorusGaussianIntegrals,148,lemma,continuous_tgGrd,ClayNS,ClayNS.continuous_tgGrd,
RequestProject/NavierStokes/TorusGaussianIntegrals.lean,RequestProject.NavierStokes.TorusGaussianIntegrals,151,lemma,continuous_tgLapA,ClayNS,ClayNS.continuous_tgLapA,
RequestProject/NavierStokes/TorusGaussianIntegrals.lean,RequestProject.NavierStokes.TorusGaussianIntegrals,154,lemma,continuous_tgLapB,ClayNS,ClayNS.continuous_tgLapB,
RequestProject/NavierStokes/TorusGaussianIntegrals.lean,RequestProject.NavierStokes.TorusGaussianIntegrals,157,lemma,tgFac_periodic,ClayNS,ClayNS.tgFac_periodic,
RequestProject/NavierStokes/TorusGaussianIntegrals.lean,RequestProject.NavierStokes.TorusGaussianIntegrals,160,lemma,tgProfile1_periodic,ClayNS,ClayNS.tgProfile1_periodic,
RequestProject/NavierStokes/TorusGaussianIntegrals.lean,RequestProject.NavierStokes.TorusGaussianIntegrals,167,lemma,tgProfile2_periodic,ClayNS,ClayNS.tgProfile2_periodic,
RequestProject/NavierStokes/TorusGaussianIntegrals.lean,RequestProject.NavierStokes.TorusGaussianIntegrals,174,lemma,tgGrd_periodic,ClayNS,ClayNS.tgGrd_periodic,
RequestProject/NavierStokes/TorusGaussianIntegrals.lean,RequestProject.NavierStokes.TorusGaussianIntegrals,177,lemma,tgLapA_periodic,ClayNS,ClayNS.tgLapA_periodic,
RequestProject/NavierStokes/TorusGaussianIntegrals.lean,RequestProject.NavierStokes.TorusGaussianIntegrals,180,lemma,tgLapB_periodic,ClayNS,ClayNS.tgLapB_periodic,
RequestProject/NavierStokes/TorusGaussianIntegrals.lean,RequestProject.NavierStokes.TorusGaussianIntegrals,185,lemma,tgFac_le_gauss,ClayNS,ClayNS.tgFac_le_gauss,
RequestProject/NavierStokes/TorusGaussianIntegrals.lean,RequestProject.NavierStokes.TorusGaussianIntegrals,195,lemma,tgGrd_le_gauss,ClayNS,ClayNS.tgGrd_le_gauss,
RequestProject/NavierStokes/TorusGaussianIntegrals.lean,RequestProject.NavierStokes.TorusGaussianIntegrals,209,lemma,tgLapA_le_gauss,ClayNS,ClayNS.tgLapA_le_gauss,
RequestProject/NavierStokes/TorusGaussianIntegrals.lean,RequestProject.NavierStokes.TorusGaussianIntegrals,223,lemma,tgLapB_le_gauss,ClayNS,ClayNS.tgLapB_le_gauss,
RequestProject/NavierStokes/TorusGaussianIntegrals.lean,RequestProject.NavierStokes.TorusGaussianIntegrals,257,def,tgY,ClayNS,ClayNS.tgY,
RequestProject/NavierStokes/TorusGaussianIntegrals.lean,RequestProject.NavierStokes.TorusGaussianIntegrals,260,def,tgY2,ClayNS,ClayNS.tgY2,
RequestProject/NavierStokes/TorusGaussianIntegrals.lean,RequestProject.NavierStokes.TorusGaussianIntegrals,262,lemma,tgY_nonneg,ClayNS,ClayNS.tgY_nonneg,
RequestProject/NavierStokes/TorusGaussianIntegrals.lean,RequestProject.NavierStokes.TorusGaussianIntegrals,264,lemma,tgY2_nonneg,ClayNS,ClayNS.tgY2_nonneg,
RequestProject/NavierStokes/TorusGaussianIntegrals.lean,RequestProject.NavierStokes.TorusGaussianIntegrals,266,lemma,sqrt_gauss1,ClayNS,ClayNS.sqrt_gauss1,private
RequestProject/NavierStokes/TorusGaussianIntegrals.lean,RequestProject.NavierStokes.TorusGaussianIntegrals,271,lemma,sqrt_gauss2,ClayNS,ClayNS.sqrt_gauss2,private
RequestProject/NavierStokes/TorusGaussianIntegrals.lean,RequestProject.NavierStokes.TorusGaussianIntegrals,276,lemma,integral_tgFac_le,ClayNS,ClayNS.integral_tgFac_le,
RequestProject/NavierStokes/TorusGaussianIntegrals.lean,RequestProject.NavierStokes.TorusGaussianIntegrals,283,lemma,integral_tgGrd_le,ClayNS,ClayNS.integral_tgGrd_le,
RequestProject/NavierStokes/TorusGaussianIntegrals.lean,RequestProject.NavierStokes.TorusGaussianIntegrals,289,lemma,integral_tgLapA_le,ClayNS,ClayNS.integral_tgLapA_le,
RequestProject/NavierStokes/TorusGaussianIntegrals.lean,RequestProject.NavierStokes.TorusGaussianIntegrals,295,lemma,integral_tgLapB_le,ClayNS,ClayNS.integral_tgLapB_le,
RequestProject/NavierStokes/TorusGaussianIntegrals.lean,RequestProject.NavierStokes.TorusGaussianIntegrals,302,lemma,integral_tgLapAB_le,ClayNS,ClayNS.integral_tgLapAB_le,
RequestProject/NavierStokes/TorusGaussianIntegrals.lean,RequestProject.NavierStokes.TorusGaussianIntegrals,311,theorem,torusGauss_eq_prod,ClayNS,ClayNS.torusGauss_eq_prod,
RequestProject/NavierStokes/TorusGaussianIntegrals.lean,RequestProject.NavierStokes.TorusGaussianIntegrals,319,lemma,continuous_cellProd,ClayNS,ClayNS.continuous_cellProd,
RequestProject/NavierStokes/TorusGaussianIntegrals.lean,RequestProject.NavierStokes.TorusGaussianIntegrals,326,theorem,cellInt_prod_le,ClayNS,ClayNS.cellInt_prod_le,
RequestProject/NavierStokes/TorusGaussianIntegrals.lean,RequestProject.NavierStokes.TorusGaussianIntegrals,342,theorem,cellInt_torusGauss_le,ClayNS,ClayNS.cellInt_torusGauss_le,
RequestProject/NavierStokes/TorusGaussianIntegrals.lean,RequestProject.NavierStokes.TorusGaussianIntegrals,353,theorem,abs_dvec_torusGauss_eq_prod,ClayNS,ClayNS.abs_dvec_torusGauss_eq_prod,
RequestProject/NavierStokes/TorusGaussianIntegrals.lean,RequestProject.NavierStokes.TorusGaussianIntegrals,370,lemma,hasDerivAt_tgFac,ClayNS,ClayNS.hasDerivAt_tgFac,
RequestProject/NavierStokes/TorusGaussianIntegrals.lean,RequestProject.NavierStokes.TorusGaussianIntegrals,379,lemma,tgProfile1_odd,ClayNS,ClayNS.tgProfile1_odd,
RequestProject/NavierStokes/TorusGaussianIntegrals.lean,RequestProject.NavierStokes.TorusGaussianIntegrals,383,lemma,tgProfile1_nonneg,ClayNS,ClayNS.tgProfile1_nonneg,
RequestProject/NavierStokes/TorusGaussianIntegrals.lean,RequestProject.NavierStokes.TorusGaussianIntegrals,392,lemma,tgProfile1_nonpos,ClayNS,ClayNS.tgProfile1_nonpos,
RequestProject/NavierStokes/TorusGaussianIntegrals.lean,RequestProject.NavierStokes.TorusGaussianIntegrals,397,lemma,integral_tgGrd_right,ClayNS,ClayNS.integral_tgGrd_right,
RequestProject/NavierStokes/TorusGaussianIntegrals.lean,RequestProject.NavierStokes.TorusGaussianIntegrals,412,lemma,integral_tgGrd_left,ClayNS,ClayNS.integral_tgGrd_left,
RequestProject/NavierStokes/TorusGaussianIntegrals.lean,RequestProject.NavierStokes.TorusGaussianIntegrals,425,lemma,tgFac_zero,ClayNS,ClayNS.tgFac_zero,
RequestProject/NavierStokes/TorusGaussianIntegrals.lean,RequestProject.NavierStokes.TorusGaussianIntegrals,432,theorem,integral_tgGrd_le_two,ClayNS,ClayNS.integral_tgGrd_le_two,
RequestProject/NavierStokes/TorusGaussianIntegrals.lean,RequestProject.NavierStokes.TorusGaussianIntegrals,448,theorem,cellInt_abs_dvec_torusGauss_le,ClayNS,ClayNS.cellInt_abs_dvec_torusGauss_le,
RequestProject/NavierStokes/TorusGaussianIntegrals.lean,RequestProject.NavierStokes.TorusGaussianIntegrals,473,theorem,abs_lap_torusGauss_le_prod,ClayNS,ClayNS.abs_lap_torusGauss_le_prod,
RequestProject/NavierStokes/TorusGaussianIntegrals.lean,RequestProject.NavierStokes.TorusGaussianIntegrals,506,theorem,cellInt_abs_lap_torusGauss_le,ClayNS,ClayNS.cellInt_abs_lap_torusGauss_le,
RequestProject/NavierStokes/TorusGaussianWeight.lean,RequestProject.NavierStokes.TorusGaussianWeight,38,def,tgProfile,ClayNS,ClayNS.tgProfile,
RequestProject/NavierStokes/TorusGaussianWeight.lean,RequestProject.NavierStokes.TorusGaussianWeight,41,def,tgProfile1,ClayNS,ClayNS.tgProfile1,
RequestProject/NavierStokes/TorusGaussianWeight.lean,RequestProject.NavierStokes.TorusGaussianWeight,44,def,tgProfile2,ClayNS,ClayNS.tgProfile2,
RequestProject/NavierStokes/TorusGaussianWeight.lean,RequestProject.NavierStokes.TorusGaussianWeight,46,lemma,hasDerivAt_piMul,ClayNS,ClayNS.hasDerivAt_piMul,private
RequestProject/NavierStokes/TorusGaussianWeight.lean,RequestProject.NavierStokes.TorusGaussianWeight,49,lemma,hasDerivAt_sinPi,ClayNS,ClayNS.hasDerivAt_sinPi,private
RequestProject/NavierStokes/TorusGaussianWeight.lean,RequestProject.NavierStokes.TorusGaussianWeight,53,lemma,hasDerivAt_cosPi,ClayNS,ClayNS.hasDerivAt_cosPi,private
RequestProject/NavierStokes/TorusGaussianWeight.lean,RequestProject.NavierStokes.TorusGaussianWeight,57,lemma,hasDerivAt_tgProfile,ClayNS,ClayNS.hasDerivAt_tgProfile,
RequestProject/NavierStokes/TorusGaussianWeight.lean,RequestProject.NavierStokes.TorusGaussianWeight,65,lemma,hasDerivAt_tgProfile1,ClayNS,ClayNS.hasDerivAt_tgProfile1,
RequestProject/NavierStokes/TorusGaussianWeight.lean,RequestProject.NavierStokes.TorusGaussianWeight,76,lemma,contDiff_tgProfile,ClayNS,ClayNS.contDiff_tgProfile,
RequestProject/NavierStokes/TorusGaussianWeight.lean,RequestProject.NavierStokes.TorusGaussianWeight,80,lemma,continuous_tgProfile,ClayNS,ClayNS.continuous_tgProfile,
RequestProject/NavierStokes/TorusGaussianWeight.lean,RequestProject.NavierStokes.TorusGaussianWeight,82,lemma,tgProfile_nonneg,ClayNS,ClayNS.tgProfile_nonneg,
RequestProject/NavierStokes/TorusGaussianWeight.lean,RequestProject.NavierStokes.TorusGaussianWeight,85,lemma,tgProfile_zero,ClayNS,ClayNS.tgProfile_zero,
RequestProject/NavierStokes/TorusGaussianWeight.lean,RequestProject.NavierStokes.TorusGaussianWeight,87,lemma,tgProfile_periodic,ClayNS,ClayNS.tgProfile_periodic,
RequestProject/NavierStokes/TorusGaussianWeight.lean,RequestProject.NavierStokes.TorusGaussianWeight,94,lemma,tgProfile_lower,ClayNS,ClayNS.tgProfile_lower,
RequestProject/NavierStokes/TorusGaussianWeight.lean,RequestProject.NavierStokes.TorusGaussianWeight,110,lemma,abs_tgProfile1_le,ClayNS,ClayNS.abs_tgProfile1_le,
RequestProject/NavierStokes/TorusGaussianWeight.lean,RequestProject.NavierStokes.TorusGaussianWeight,123,lemma,sq_tgProfile1_le,ClayNS,ClayNS.sq_tgProfile1_le,
RequestProject/NavierStokes/TorusGaussianWeight.lean,RequestProject.NavierStokes.TorusGaussianWeight,128,lemma,abs_tgProfile2_le,ClayNS,ClayNS.abs_tgProfile2_le,
RequestProject/NavierStokes/TorusGaussianWeight.lean,RequestProject.NavierStokes.TorusGaussianWeight,137,def,torusGauss,ClayNS,ClayNS.torusGauss,
RequestProject/NavierStokes/TorusGaussianWeight.lean,RequestProject.NavierStokes.TorusGaussianWeight,139,lemma,torusGauss_pos,ClayNS,ClayNS.torusGauss_pos,
RequestProject/NavierStokes/TorusGaussianWeight.lean,RequestProject.NavierStokes.TorusGaussianWeight,142,lemma,torusGauss_nonneg,ClayNS,ClayNS.torusGauss_nonneg,
RequestProject/NavierStokes/TorusGaussianWeight.lean,RequestProject.NavierStokes.TorusGaussianWeight,145,lemma,torusGauss_le_one,ClayNS,ClayNS.torusGauss_le_one,
RequestProject/NavierStokes/TorusGaussianWeight.lean,RequestProject.NavierStokes.TorusGaussianWeight,149,lemma,torusGauss_center,ClayNS,ClayNS.torusGauss_center,
RequestProject/NavierStokes/TorusGaussianWeight.lean,RequestProject.NavierStokes.TorusGaussianWeight,152,lemma,contDiff_torusGauss,ClayNS,ClayNS.contDiff_torusGauss,
RequestProject/NavierStokes/TorusGaussianWeight.lean,RequestProject.NavierStokes.TorusGaussianWeight,155,lemma,continuous_torusGauss,ClayNS,ClayNS.continuous_torusGauss,
RequestProject/NavierStokes/TorusGaussianWeight.lean,RequestProject.NavierStokes.TorusGaussianWeight,158,lemma,spacePeriodic_torusGauss,ClayNS,ClayNS.spacePeriodic_torusGauss,
RequestProject/NavierStokes/TorusGaussianWeight.lean,RequestProject.NavierStokes.TorusGaussianWeight,163,lemma,torusGauss_le_prod,ClayNS,ClayNS.torusGauss_le_prod,
RequestProject/NavierStokes/TorusGaussianWeight.lean,RequestProject.NavierStokes.TorusGaussianWeight,184,theorem,dvec_torusGauss,ClayNS,ClayNS.dvec_torusGauss,
RequestProject/NavierStokes/TorusGaussianWeight.lean,RequestProject.NavierStokes.TorusGaussianWeight,189,theorem,dtime_torusGauss,ClayNS,ClayNS.dtime_torusGauss,
RequestProject/NavierStokes/TorusGaussianWeight.lean,RequestProject.NavierStokes.TorusGaussianWeight,193,theorem,lap_torusGauss,ClayNS,ClayNS.lap_torusGauss,
RequestProject/NavierStokes/TorusGaussianWeight.lean,RequestProject.NavierStokes.TorusGaussianWeight,200,theorem,abs_dvec_torusGauss_le,ClayNS,ClayNS.abs_dvec_torusGauss_le,
RequestProject/NavierStokes/TorusGaussianWeight.lean,RequestProject.NavierStokes.TorusGaussianWeight,216,theorem,abs_lap_torusGauss_le,ClayNS,ClayNS.abs_lap_torusGauss_le,
RequestProject/NavierStokes/TransverseFrameSplit.lean,RequestProject.NavierStokes.TransverseFrameSplit,45,def,frame1,ClayNS.Frame,ClayNS.Frame.frame1,
RequestProject/NavierStokes/TransverseFrameSplit.lean,RequestProject.NavierStokes.TransverseFrameSplit,48,def,frame2,ClayNS.Frame,ClayNS.Frame.frame2,
RequestProject/NavierStokes/TransverseFrameSplit.lean,RequestProject.NavierStokes.TransverseFrameSplit,50,theorem,conj_frame1,ClayNS.Frame,ClayNS.Frame.conj_frame1,
RequestProject/NavierStokes/TransverseFrameSplit.lean,RequestProject.NavierStokes.TransverseFrameSplit,54,theorem,conj_frame2,ClayNS.Frame,ClayNS.Frame.conj_frame2,
RequestProject/NavierStokes/TransverseFrameSplit.lean,RequestProject.NavierStokes.TransverseFrameSplit,58,theorem,herm_frame1,ClayNS.Frame,ClayNS.Frame.herm_frame1,
RequestProject/NavierStokes/TransverseFrameSplit.lean,RequestProject.NavierStokes.TransverseFrameSplit,62,theorem,herm_frame2,ClayNS.Frame,ClayNS.Frame.herm_frame2,
RequestProject/NavierStokes/TransverseFrameSplit.lean,RequestProject.NavierStokes.TransverseFrameSplit,66,theorem,dotb_k_frame1,ClayNS.Frame,ClayNS.Frame.dotb_k_frame1,
RequestProject/NavierStokes/TransverseFrameSplit.lean,RequestProject.NavierStokes.TransverseFrameSplit,70,theorem,dotb_k_frame2,ClayNS.Frame,ClayNS.Frame.dotb_k_frame2,
RequestProject/NavierStokes/TransverseFrameSplit.lean,RequestProject.NavierStokes.TransverseFrameSplit,74,theorem,dotb_frame1_frame2,ClayNS.Frame,ClayNS.Frame.dotb_frame1_frame2,
RequestProject/NavierStokes/TransverseFrameSplit.lean,RequestProject.NavierStokes.TransverseFrameSplit,78,theorem,dotb_frame2_frame1,ClayNS.Frame,ClayNS.Frame.dotb_frame2_frame1,
RequestProject/NavierStokes/TransverseFrameSplit.lean,RequestProject.NavierStokes.TransverseFrameSplit,81,theorem,dotb_self_frame1,ClayNS.Frame,ClayNS.Frame.dotb_self_frame1,
RequestProject/NavierStokes/TransverseFrameSplit.lean,RequestProject.NavierStokes.TransverseFrameSplit,85,theorem,dotb_self_frame2,ClayNS.Frame,ClayNS.Frame.dotb_self_frame2,
RequestProject/NavierStokes/TransverseFrameSplit.lean,RequestProject.NavierStokes.TransverseFrameSplit,89,theorem,herm_k_frame1,ClayNS.Frame,ClayNS.Frame.herm_k_frame1,
RequestProject/NavierStokes/TransverseFrameSplit.lean,RequestProject.NavierStokes.TransverseFrameSplit,94,theorem,nsq_wC,ClayNS.Frame,ClayNS.Frame.nsq_wC,
RequestProject/NavierStokes/TransverseFrameSplit.lean,RequestProject.NavierStokes.TransverseFrameSplit,100,theorem,nsq_frame2,ClayNS.Frame,ClayNS.Frame.nsq_frame2,
RequestProject/NavierStokes/TransverseFrameSplit.lean,RequestProject.NavierStokes.TransverseFrameSplit,105,theorem,nsq_frame2_ne_zero,ClayNS.Frame,ClayNS.Frame.nsq_frame2_ne_zero,
RequestProject/NavierStokes/TransverseFrameSplit.lean,RequestProject.NavierStokes.TransverseFrameSplit,112,theorem,exists_frame_seed,ClayNS.Frame,ClayNS.Frame.exists_frame_seed,
RequestProject/NavierStokes/TransverseFrameSplit.lean,RequestProject.NavierStokes.TransverseFrameSplit,146,theorem,dotb_sub_smul,ClayNS.Frame,ClayNS.Frame.dotb_sub_smul,
RequestProject/NavierStokes/TransverseFrameSplit.lean,RequestProject.NavierStokes.TransverseFrameSplit,152,theorem,eq_zero_of_dotb_frame,ClayNS.Frame,ClayNS.Frame.eq_zero_of_dotb_frame,
RequestProject/NavierStokes/TransverseFrameSplit.lean,RequestProject.NavierStokes.TransverseFrameSplit,175,def,comp1,ClayNS.Frame,ClayNS.Frame.comp1,
RequestProject/NavierStokes/TransverseFrameSplit.lean,RequestProject.NavierStokes.TransverseFrameSplit,178,def,comp2,ClayNS.Frame,ClayNS.Frame.comp2,
RequestProject/NavierStokes/TransverseFrameSplit.lean,RequestProject.NavierStokes.TransverseFrameSplit,182,theorem,transverse_decomp,ClayNS.Frame,ClayNS.Frame.transverse_decomp,
RequestProject/NavierStokes/TransverseFrameSplit.lean,RequestProject.NavierStokes.TransverseFrameSplit,215,theorem,herm_frame_comb,ClayNS.Frame,ClayNS.Frame.herm_frame_comb,
RequestProject/NavierStokes/TransverseFrameSplit.lean,RequestProject.NavierStokes.TransverseFrameSplit,233,theorem,herm_re_split,ClayNS.Frame,ClayNS.Frame.herm_re_split,
RequestProject/NavierStokes/TransverseFrameSplit.lean,RequestProject.NavierStokes.TransverseFrameSplit,249,theorem,nsq_split,ClayNS.Frame,ClayNS.Frame.nsq_split,
RequestProject/NavierStokes/TransverseFrameSplit.lean,RequestProject.NavierStokes.TransverseFrameSplit,265,theorem,gramOperatorBound_of_components,ClayNS.Frame,ClayNS.Frame.gramOperatorBound_of_components,
RequestProject/NavierStokes/TransverseFrameSplit.lean,RequestProject.NavierStokes.TransverseFrameSplit,323,theorem,dotb_wC_outerCellVec,ClayNS.Frame,ClayNS.Frame.dotb_wC_outerCellVec,
RequestProject/NavierStokes/TransverseFrameSplit.lean,RequestProject.NavierStokes.TransverseFrameSplit,335,theorem,gramOperatorBound_outerCells_of_components,ClayNS.Frame,ClayNS.Frame.gramOperatorBound_outerCells_of_components,
RequestProject/NavierStokes/Uniqueness.lean,RequestProject.NavierStokes.Uniqueness,30,lemma,divg_sub,ClayNS,ClayNS.divg_sub,
RequestProject/NavierStokes/Uniqueness.lean,RequestProject.NavierStokes.Uniqueness,45,theorem,difference_transport,ClayNS,ClayNS.difference_transport,
RequestProject/NavierStokes/Uniqueness.lean,RequestProject.NavierStokes.Uniqueness,115,theorem,difference_energy_zero,ClayNS,ClayNS.difference_energy_zero,
RequestProject/NavierStokes/Uniqueness.lean,RequestProject.NavierStokes.Uniqueness,315,theorem,velocity_eq_of_same_datum,ClayNS,ClayNS.velocity_eq_of_same_datum,
RequestProject/NavierStokes/UnnormalizedProbeCoercivity.lean,RequestProject.NavierStokes.UnnormalizedProbeCoercivity,36,lemma,integral_pair_smul,ClayNS,ClayNS.integral_pair_smul,
RequestProject/NavierStokes/UnnormalizedProbeCoercivity.lean,RequestProject.NavierStokes.UnnormalizedProbeCoercivity,48,lemma,integral_norm_smul,ClayNS,ClayNS.integral_norm_smul,
RequestProject/NavierStokes/UnnormalizedProbeCoercivity.lean,RequestProject.NavierStokes.UnnormalizedProbeCoercivity,62,lemma,probeMode_smul,ClayNS,ClayNS.probeMode_smul,
RequestProject/NavierStokes/UnnormalizedProbeCoercivity.lean,RequestProject.NavierStokes.UnnormalizedProbeCoercivity,77,theorem,probe_scale_coercivity_unnormalized,ClayNS,ClayNS.probe_scale_coercivity_unnormalized,
RequestProject/NavierStokes/Vorticity.lean,RequestProject.NavierStokes.Vorticity,36,lemma,dvec_sub,ClayNS,ClayNS.dvec_sub,
RequestProject/NavierStokes/Vorticity.lean,RequestProject.NavierStokes.Vorticity,41,lemma,dvec_sub_fun,ClayNS,ClayNS.dvec_sub_fun,
RequestProject/NavierStokes/Vorticity.lean,RequestProject.NavierStokes.Vorticity,46,lemma,dvec_mul,ClayNS,ClayNS.dvec_mul,
RequestProject/NavierStokes/Vorticity.lean,RequestProject.NavierStokes.Vorticity,57,lemma,dvec_comm_fun,ClayNS,ClayNS.dvec_comm_fun,
RequestProject/NavierStokes/Vorticity.lean,RequestProject.NavierStokes.Vorticity,62,lemma,dvec_coord_fun,ClayNS,ClayNS.dvec_coord_fun,
RequestProject/NavierStokes/Vorticity.lean,RequestProject.NavierStokes.Vorticity,70,def,vortComp,ClayNS,ClayNS.vortComp,
RequestProject/NavierStokes/Vorticity.lean,RequestProject.NavierStokes.Vorticity,75,def,curl,ClayNS,ClayNS.curl,
RequestProject/NavierStokes/Vorticity.lean,RequestProject.NavierStokes.Vorticity,77,lemma,curl_apply,ClayNS,ClayNS.curl_apply,
RequestProject/NavierStokes/Vorticity.lean,RequestProject.NavierStokes.Vorticity,81,lemma,curl_coord,ClayNS,ClayNS.curl_coord,
RequestProject/NavierStokes/Vorticity.lean,RequestProject.NavierStokes.Vorticity,84,lemma,vortComp_eq_dspace,ClayNS,ClayNS.vortComp_eq_dspace,
RequestProject/NavierStokes/Vorticity.lean,RequestProject.NavierStokes.Vorticity,92,lemma,contDiff_vortComp,ClayNS,ClayNS.contDiff_vortComp,
RequestProject/NavierStokes/Vorticity.lean,RequestProject.NavierStokes.Vorticity,96,lemma,contDiff_curl,ClayNS,ClayNS.contDiff_curl,
RequestProject/NavierStokes/Vorticity.lean,RequestProject.NavierStokes.Vorticity,105,lemma,stretching_identity,ClayNS,ClayNS.stretching_identity,
RequestProject/NavierStokes/Vorticity.lean,RequestProject.NavierStokes.Vorticity,121,lemma,momentum_component_at,ClayNS,ClayNS.momentum_component_at,
RequestProject/NavierStokes/Vorticity.lean,RequestProject.NavierStokes.Vorticity,163,lemma,momentum_component,ClayNS,ClayNS.momentum_component,
RequestProject/NavierStokes/Vorticity.lean,RequestProject.NavierStokes.Vorticity,176,lemma,dvec_momentum,ClayNS,ClayNS.dvec_momentum,
RequestProject/NavierStokes/Vorticity.lean,RequestProject.NavierStokes.Vorticity,247,theorem,vorticity_component,ClayNS,ClayNS.vorticity_component,
RequestProject/NavierStokes/Vorticity.lean,RequestProject.NavierStokes.Vorticity,362,theorem,vorticity_equation,ClayNS,ClayNS.vorticity_equation,
RequestProject/NavierStokes/WaleffeAmplitude.lean,RequestProject.NavierStokes.WaleffeAmplitude,42,def,herm,ClayNS.Waleffe,ClayNS.Waleffe.herm,
RequestProject/NavierStokes/WaleffeAmplitude.lean,RequestProject.NavierStokes.WaleffeAmplitude,45,def,nsq,ClayNS.Waleffe,ClayNS.Waleffe.nsq,
RequestProject/NavierStokes/WaleffeAmplitude.lean,RequestProject.NavierStokes.WaleffeAmplitude,48,def,nrm,ClayNS.Waleffe,ClayNS.Waleffe.nrm,
RequestProject/NavierStokes/WaleffeAmplitude.lean,RequestProject.NavierStokes.WaleffeAmplitude,51,def,cross,ClayNS.Waleffe,ClayNS.Waleffe.cross,
RequestProject/NavierStokes/WaleffeAmplitude.lean,RequestProject.NavierStokes.WaleffeAmplitude,54,def,amplitudeC,ClayNS.Waleffe,ClayNS.Waleffe.amplitudeC,
RequestProject/NavierStokes/WaleffeAmplitude.lean,RequestProject.NavierStokes.WaleffeAmplitude,57,def,amplitude,ClayNS.Waleffe,ClayNS.Waleffe.amplitude,
RequestProject/NavierStokes/WaleffeAmplitude.lean,RequestProject.NavierStokes.WaleffeAmplitude,61,def,netForcingC,ClayNS.Waleffe,ClayNS.Waleffe.netForcingC,
RequestProject/NavierStokes/WaleffeAmplitude.lean,RequestProject.NavierStokes.WaleffeAmplitude,65,def,netForcing,ClayNS.Waleffe,ClayNS.Waleffe.netForcing,
RequestProject/NavierStokes/WaleffeAmplitude.lean,RequestProject.NavierStokes.WaleffeAmplitude,70,theorem,lagrange,ClayNS.Waleffe,ClayNS.Waleffe.lagrange,
RequestProject/NavierStokes/WaleffeAmplitude.lean,RequestProject.NavierStokes.WaleffeAmplitude,76,theorem,nsq_nonneg,ClayNS.Waleffe,ClayNS.Waleffe.nsq_nonneg,
RequestProject/NavierStokes/WaleffeAmplitude.lean,RequestProject.NavierStokes.WaleffeAmplitude,79,theorem,nrm_nonneg,ClayNS.Waleffe,ClayNS.Waleffe.nrm_nonneg,
RequestProject/NavierStokes/WaleffeAmplitude.lean,RequestProject.NavierStokes.WaleffeAmplitude,81,theorem,nrm_sq,ClayNS.Waleffe,ClayNS.Waleffe.nrm_sq,@[simp]
RequestProject/NavierStokes/WaleffeAmplitude.lean,RequestProject.NavierStokes.WaleffeAmplitude,85,theorem,normSq_herm_le,ClayNS.Waleffe,ClayNS.Waleffe.normSq_herm_le,
RequestProject/NavierStokes/WaleffeAmplitude.lean,RequestProject.NavierStokes.WaleffeAmplitude,91,theorem,nsq_cross_le,ClayNS.Waleffe,ClayNS.Waleffe.nsq_cross_le,
RequestProject/NavierStokes/WaleffeAmplitude.lean,RequestProject.NavierStokes.WaleffeAmplitude,98,theorem,amplitude_sq_le,ClayNS.Waleffe,ClayNS.Waleffe.amplitude_sq_le,
RequestProject/NavierStokes/WaleffeAmplitude.lean,RequestProject.NavierStokes.WaleffeAmplitude,113,theorem,abs_amplitude_le,ClayNS.Waleffe,ClayNS.Waleffe.abs_amplitude_le,
RequestProject/NavierStokes/WaleffeAmplitude.lean,RequestProject.NavierStokes.WaleffeAmplitude,124,theorem,abs_netForcing_le,ClayNS.Waleffe,ClayNS.Waleffe.abs_netForcing_le,
RequestProject/NavierStokes/WaleffeAmplitude.lean,RequestProject.NavierStokes.WaleffeAmplitude,145,theorem,amplitudeC_hasDerivAt,ClayNS.Waleffe,ClayNS.Waleffe.amplitudeC_hasDerivAt,
RequestProject/NavierStokes/WaleffeAmplitude.lean,RequestProject.NavierStokes.WaleffeAmplitude,170,theorem,damped_tangent_eq,ClayNS.Waleffe,ClayNS.Waleffe.damped_tangent_eq,
RequestProject/NavierStokes/WaleffeAmplitude.lean,RequestProject.NavierStokes.WaleffeAmplitude,189,theorem,amplitude_hasDerivAt_damped,ClayNS.Waleffe,ClayNS.Waleffe.amplitude_hasDerivAt_damped,
RequestProject/NavierStokes/WaleffeBetweenBlockGram.lean,RequestProject.NavierStokes.WaleffeBetweenBlockGram,82,def,blockCell,ClayNS.Waleffe,ClayNS.Waleffe.blockCell,
RequestProject/NavierStokes/WaleffeBetweenBlockGram.lean,RequestProject.NavierStokes.WaleffeBetweenBlockGram,86,theorem,blockCell_partner,ClayNS.Waleffe,ClayNS.Waleffe.blockCell_partner,
RequestProject/NavierStokes/WaleffeBetweenBlockGram.lean,RequestProject.NavierStokes.WaleffeBetweenBlockGram,99,def,gramDebt,ClayNS.Waleffe,ClayNS.Waleffe.gramDebt,
RequestProject/NavierStokes/WaleffeBetweenBlockGram.lean,RequestProject.NavierStokes.WaleffeBetweenBlockGram,102,theorem,nsq_eq_herm_re,ClayNS.Waleffe,ClayNS.Waleffe.nsq_eq_herm_re,
RequestProject/NavierStokes/WaleffeBetweenBlockGram.lean,RequestProject.NavierStokes.WaleffeBetweenBlockGram,107,theorem,nsq_sum_herm,ClayNS.Waleffe,ClayNS.Waleffe.nsq_sum_herm,
RequestProject/NavierStokes/WaleffeBetweenBlockGram.lean,RequestProject.NavierStokes.WaleffeBetweenBlockGram,114,theorem,gramDebt_eq,ClayNS.Waleffe,ClayNS.Waleffe.gramDebt_eq,
RequestProject/NavierStokes/WaleffeBetweenBlockGram.lean,RequestProject.NavierStokes.WaleffeBetweenBlockGram,130,theorem,nsq_add_herm,ClayNS.Waleffe,ClayNS.Waleffe.nsq_add_herm,
RequestProject/NavierStokes/WaleffeBetweenBlockGram.lean,RequestProject.NavierStokes.WaleffeBetweenBlockGram,136,theorem,gramDebt_pair,ClayNS.Waleffe,ClayNS.Waleffe.gramDebt_pair,
RequestProject/NavierStokes/WaleffeBetweenBlockGram.lean,RequestProject.NavierStokes.WaleffeBetweenBlockGram,159,theorem,blockCell_output_form,ClayNS.Waleffe,ClayNS.Waleffe.blockCell_output_form,
RequestProject/NavierStokes/WaleffeBetweenBlockGram.lean,RequestProject.NavierStokes.WaleffeBetweenBlockGram,177,theorem,herm_pair_expand,ClayNS.Waleffe,ClayNS.Waleffe.herm_pair_expand,
RequestProject/NavierStokes/WaleffeBetweenBlockGram.lean,RequestProject.NavierStokes.WaleffeBetweenBlockGram,188,theorem,herm_blockCell_expand,ClayNS.Waleffe,ClayNS.Waleffe.herm_blockCell_expand,
RequestProject/NavierStokes/WaleffeBetweenBlockGram.lean,RequestProject.NavierStokes.WaleffeBetweenBlockGram,206,def,ceK,ClayNS.Waleffe,ClayNS.Waleffe.ceK,
RequestProject/NavierStokes/WaleffeBetweenBlockGram.lean,RequestProject.NavierStokes.WaleffeBetweenBlockGram,209,def,ceP1,ClayNS.Waleffe,ClayNS.Waleffe.ceP1,
RequestProject/NavierStokes/WaleffeBetweenBlockGram.lean,RequestProject.NavierStokes.WaleffeBetweenBlockGram,210,def,ceQ1,ClayNS.Waleffe,ClayNS.Waleffe.ceQ1,
RequestProject/NavierStokes/WaleffeBetweenBlockGram.lean,RequestProject.NavierStokes.WaleffeBetweenBlockGram,213,def,ceP2,ClayNS.Waleffe,ClayNS.Waleffe.ceP2,
RequestProject/NavierStokes/WaleffeBetweenBlockGram.lean,RequestProject.NavierStokes.WaleffeBetweenBlockGram,214,def,ceQ2,ClayNS.Waleffe,ClayNS.Waleffe.ceQ2,
RequestProject/NavierStokes/WaleffeBetweenBlockGram.lean,RequestProject.NavierStokes.WaleffeBetweenBlockGram,219,def,ceU,ClayNS.Waleffe,ClayNS.Waleffe.ceU,
RequestProject/NavierStokes/WaleffeBetweenBlockGram.lean,RequestProject.NavierStokes.WaleffeBetweenBlockGram,226,theorem,ceK_sub_ceP1,ClayNS.Waleffe,ClayNS.Waleffe.ceK_sub_ceP1,
RequestProject/NavierStokes/WaleffeBetweenBlockGram.lean,RequestProject.NavierStokes.WaleffeBetweenBlockGram,229,theorem,ceK_sub_ceP2,ClayNS.Waleffe,ClayNS.Waleffe.ceK_sub_ceP2,
RequestProject/NavierStokes/WaleffeBetweenBlockGram.lean,RequestProject.NavierStokes.WaleffeBetweenBlockGram,232,theorem,ceP1_ne_ceP2,ClayNS.Waleffe,ClayNS.Waleffe.ceP1_ne_ceP2,
RequestProject/NavierStokes/WaleffeBetweenBlockGram.lean,RequestProject.NavierStokes.WaleffeBetweenBlockGram,237,theorem,ceQ1_ne_ceP1,ClayNS.Waleffe,ClayNS.Waleffe.ceQ1_ne_ceP1,
RequestProject/NavierStokes/WaleffeBetweenBlockGram.lean,RequestProject.NavierStokes.WaleffeBetweenBlockGram,242,theorem,ceP2_ne_ceP1,ClayNS.Waleffe,ClayNS.Waleffe.ceP2_ne_ceP1,
RequestProject/NavierStokes/WaleffeBetweenBlockGram.lean,RequestProject.NavierStokes.WaleffeBetweenBlockGram,244,theorem,ceP2_ne_ceQ1,ClayNS.Waleffe,ClayNS.Waleffe.ceP2_ne_ceQ1,
RequestProject/NavierStokes/WaleffeBetweenBlockGram.lean,RequestProject.NavierStokes.WaleffeBetweenBlockGram,249,theorem,ceQ2_ne_ceP1,ClayNS.Waleffe,ClayNS.Waleffe.ceQ2_ne_ceP1,
RequestProject/NavierStokes/WaleffeBetweenBlockGram.lean,RequestProject.NavierStokes.WaleffeBetweenBlockGram,254,theorem,ceQ2_ne_ceQ1,ClayNS.Waleffe,ClayNS.Waleffe.ceQ2_ne_ceQ1,
RequestProject/NavierStokes/WaleffeBetweenBlockGram.lean,RequestProject.NavierStokes.WaleffeBetweenBlockGram,259,theorem,ceQ2_ne_ceP2,ClayNS.Waleffe,ClayNS.Waleffe.ceQ2_ne_ceP2,
RequestProject/NavierStokes/WaleffeBetweenBlockGram.lean,RequestProject.NavierStokes.WaleffeBetweenBlockGram,264,theorem,ceU_ceP1,ClayNS.Waleffe,ClayNS.Waleffe.ceU_ceP1,@[simp]
RequestProject/NavierStokes/WaleffeBetweenBlockGram.lean,RequestProject.NavierStokes.WaleffeBetweenBlockGram,267,theorem,ceU_ceQ1,ClayNS.Waleffe,ClayNS.Waleffe.ceU_ceQ1,@[simp]
RequestProject/NavierStokes/WaleffeBetweenBlockGram.lean,RequestProject.NavierStokes.WaleffeBetweenBlockGram,270,theorem,ceU_ceP2,ClayNS.Waleffe,ClayNS.Waleffe.ceU_ceP2,@[simp]
RequestProject/NavierStokes/WaleffeBetweenBlockGram.lean,RequestProject.NavierStokes.WaleffeBetweenBlockGram,273,theorem,ceU_ceQ2,ClayNS.Waleffe,ClayNS.Waleffe.ceU_ceQ2,@[simp]
RequestProject/NavierStokes/WaleffeBetweenBlockGram.lean,RequestProject.NavierStokes.WaleffeBetweenBlockGram,277,theorem,ceU_divFree,ClayNS.Waleffe,ClayNS.Waleffe.ceU_divFree,
RequestProject/NavierStokes/WaleffeBetweenBlockGram.lean,RequestProject.NavierStokes.WaleffeBetweenBlockGram,296,theorem,ceU_helical_ceP1,ClayNS.Waleffe,ClayNS.Waleffe.ceU_helical_ceP1,
RequestProject/NavierStokes/WaleffeBetweenBlockGram.lean,RequestProject.NavierStokes.WaleffeBetweenBlockGram,303,theorem,ceU_helical_ceQ1,ClayNS.Waleffe,ClayNS.Waleffe.ceU_helical_ceQ1,
RequestProject/NavierStokes/WaleffeBetweenBlockGram.lean,RequestProject.NavierStokes.WaleffeBetweenBlockGram,310,theorem,ceU_helical_ceP2,ClayNS.Waleffe,ClayNS.Waleffe.ceU_helical_ceP2,
RequestProject/NavierStokes/WaleffeBetweenBlockGram.lean,RequestProject.NavierStokes.WaleffeBetweenBlockGram,317,theorem,ceU_helical_ceQ2,ClayNS.Waleffe,ClayNS.Waleffe.ceU_helical_ceQ2,
RequestProject/NavierStokes/WaleffeBetweenBlockGram.lean,RequestProject.NavierStokes.WaleffeBetweenBlockGram,326,theorem,wsq_ceK,ClayNS.Waleffe,ClayNS.Waleffe.wsq_ceK,
RequestProject/NavierStokes/WaleffeBetweenBlockGram.lean,RequestProject.NavierStokes.WaleffeBetweenBlockGram,327,theorem,wsq_ceP1,ClayNS.Waleffe,ClayNS.Waleffe.wsq_ceP1,
RequestProject/NavierStokes/WaleffeBetweenBlockGram.lean,RequestProject.NavierStokes.WaleffeBetweenBlockGram,328,theorem,wsq_ceQ1,ClayNS.Waleffe,ClayNS.Waleffe.wsq_ceQ1,
RequestProject/NavierStokes/WaleffeBetweenBlockGram.lean,RequestProject.NavierStokes.WaleffeBetweenBlockGram,329,theorem,wsq_ceP2,ClayNS.Waleffe,ClayNS.Waleffe.wsq_ceP2,
RequestProject/NavierStokes/WaleffeBetweenBlockGram.lean,RequestProject.NavierStokes.WaleffeBetweenBlockGram,330,theorem,wsq_ceQ2,ClayNS.Waleffe,ClayNS.Waleffe.wsq_ceQ2,
RequestProject/NavierStokes/WaleffeBetweenBlockGram.lean,RequestProject.NavierStokes.WaleffeBetweenBlockGram,332,theorem,wlen_ceK,ClayNS.Waleffe,ClayNS.Waleffe.wlen_ceK,
RequestProject/NavierStokes/WaleffeBetweenBlockGram.lean,RequestProject.NavierStokes.WaleffeBetweenBlockGram,336,theorem,wlen_ceP1,ClayNS.Waleffe,ClayNS.Waleffe.wlen_ceP1,
RequestProject/NavierStokes/WaleffeBetweenBlockGram.lean,RequestProject.NavierStokes.WaleffeBetweenBlockGram,339,theorem,wlen_ceQ1,ClayNS.Waleffe,ClayNS.Waleffe.wlen_ceQ1,
RequestProject/NavierStokes/WaleffeBetweenBlockGram.lean,RequestProject.NavierStokes.WaleffeBetweenBlockGram,342,theorem,wlen_ceP2,ClayNS.Waleffe,ClayNS.Waleffe.wlen_ceP2,
RequestProject/NavierStokes/WaleffeBetweenBlockGram.lean,RequestProject.NavierStokes.WaleffeBetweenBlockGram,345,theorem,wlen_ceQ2,ClayNS.Waleffe,ClayNS.Waleffe.wlen_ceQ2,
RequestProject/NavierStokes/WaleffeBetweenBlockGram.lean,RequestProject.NavierStokes.WaleffeBetweenBlockGram,349,theorem,bonyClass_ceP1,ClayNS.Waleffe,ClayNS.Waleffe.bonyClass_ceP1,
RequestProject/NavierStokes/WaleffeBetweenBlockGram.lean,RequestProject.NavierStokes.WaleffeBetweenBlockGram,353,theorem,bonyClass_ceP2,ClayNS.Waleffe,ClayNS.Waleffe.bonyClass_ceP2,
RequestProject/NavierStokes/WaleffeBetweenBlockGram.lean,RequestProject.NavierStokes.WaleffeBetweenBlockGram,359,theorem,blockCell_ceP1,ClayNS.Waleffe,ClayNS.Waleffe.blockCell_ceP1,
RequestProject/NavierStokes/WaleffeBetweenBlockGram.lean,RequestProject.NavierStokes.WaleffeBetweenBlockGram,367,theorem,blockCell_ceP2,ClayNS.Waleffe,ClayNS.Waleffe.blockCell_ceP2,
RequestProject/NavierStokes/WaleffeBetweenBlockGram.lean,RequestProject.NavierStokes.WaleffeBetweenBlockGram,375,theorem,nsq_blockCell_ceP1,ClayNS.Waleffe,ClayNS.Waleffe.nsq_blockCell_ceP1,
RequestProject/NavierStokes/WaleffeBetweenBlockGram.lean,RequestProject.NavierStokes.WaleffeBetweenBlockGram,380,theorem,nsq_blockCell_ceP2,ClayNS.Waleffe,ClayNS.Waleffe.nsq_blockCell_ceP2,
RequestProject/NavierStokes/WaleffeBetweenBlockGram.lean,RequestProject.NavierStokes.WaleffeBetweenBlockGram,386,theorem,herm_blockCell_ce,ClayNS.Waleffe,ClayNS.Waleffe.herm_blockCell_ce,
RequestProject/NavierStokes/WaleffeBetweenBlockGram.lean,RequestProject.NavierStokes.WaleffeBetweenBlockGram,393,theorem,gramDebt_ce,ClayNS.Waleffe,ClayNS.Waleffe.gramDebt_ce,
RequestProject/NavierStokes/WaleffeBetweenBlockGram.lean,RequestProject.NavierStokes.WaleffeBetweenBlockGram,397,theorem,gramDebt_ce_pos,ClayNS.Waleffe,ClayNS.Waleffe.gramDebt_ce_pos,
RequestProject/NavierStokes/WaleffeBetweenBlockGram.lean,RequestProject.NavierStokes.WaleffeBetweenBlockGram,410,def,famP,ClayNS.Waleffe,ClayNS.Waleffe.famP,
RequestProject/NavierStokes/WaleffeBetweenBlockGram.lean,RequestProject.NavierStokes.WaleffeBetweenBlockGram,414,def,famU,ClayNS.Waleffe,ClayNS.Waleffe.famU,
RequestProject/NavierStokes/WaleffeBetweenBlockGram.lean,RequestProject.NavierStokes.WaleffeBetweenBlockGram,420,theorem,famP_injective,ClayNS.Waleffe,ClayNS.Waleffe.famP_injective,
RequestProject/NavierStokes/WaleffeBetweenBlockGram.lean,RequestProject.NavierStokes.WaleffeBetweenBlockGram,425,theorem,famU_divFree,ClayNS.Waleffe,ClayNS.Waleffe.famU_divFree,
RequestProject/NavierStokes/WaleffeBetweenBlockGram.lean,RequestProject.NavierStokes.WaleffeBetweenBlockGram,439,theorem,ceK_sub_famP,ClayNS.Waleffe,ClayNS.Waleffe.ceK_sub_famP,
RequestProject/NavierStokes/WaleffeBetweenBlockGram.lean,RequestProject.NavierStokes.WaleffeBetweenBlockGram,442,theorem,famU_famP,ClayNS.Waleffe,ClayNS.Waleffe.famU_famP,
RequestProject/NavierStokes/WaleffeBetweenBlockGram.lean,RequestProject.NavierStokes.WaleffeBetweenBlockGram,445,theorem,famU_partner,ClayNS.Waleffe,ClayNS.Waleffe.famU_partner,
RequestProject/NavierStokes/WaleffeBetweenBlockGram.lean,RequestProject.NavierStokes.WaleffeBetweenBlockGram,450,theorem,blockCell_famP,ClayNS.Waleffe,ClayNS.Waleffe.blockCell_famP,
RequestProject/NavierStokes/WaleffeBetweenBlockGram.lean,RequestProject.NavierStokes.WaleffeBetweenBlockGram,464,def,famBlocks,ClayNS.Waleffe,ClayNS.Waleffe.famBlocks,
RequestProject/NavierStokes/WaleffeBetweenBlockGram.lean,RequestProject.NavierStokes.WaleffeBetweenBlockGram,466,theorem,card_famBlocks,ClayNS.Waleffe,ClayNS.Waleffe.card_famBlocks,
RequestProject/NavierStokes/WaleffeBetweenBlockGram.lean,RequestProject.NavierStokes.WaleffeBetweenBlockGram,470,theorem,sum_blockCell_famBlocks,ClayNS.Waleffe,ClayNS.Waleffe.sum_blockCell_famBlocks,
RequestProject/NavierStokes/WaleffeBetweenBlockGram.lean,RequestProject.NavierStokes.WaleffeBetweenBlockGram,483,theorem,sum_nsq_blockCell_famBlocks,ClayNS.Waleffe,ClayNS.Waleffe.sum_nsq_blockCell_famBlocks,
RequestProject/NavierStokes/WaleffeBetweenBlockGram.lean,RequestProject.NavierStokes.WaleffeBetweenBlockGram,499,theorem,nsq_sum_blockCell_famBlocks,ClayNS.Waleffe,ClayNS.Waleffe.nsq_sum_blockCell_famBlocks,
RequestProject/NavierStokes/WaleffeBetweenBlockGram.lean,RequestProject.NavierStokes.WaleffeBetweenBlockGram,512,theorem,famBlocks_mass_eq_card_mul,ClayNS.Waleffe,ClayNS.Waleffe.famBlocks_mass_eq_card_mul,
RequestProject/NavierStokes/WaleffeBetweenBlockGram.lean,RequestProject.NavierStokes.WaleffeBetweenBlockGram,518,theorem,gramDebt_famBlocks,ClayNS.Waleffe,ClayNS.Waleffe.gramDebt_famBlocks,
RequestProject/NavierStokes/WaleffeBetweenBlockGram.lean,RequestProject.NavierStokes.WaleffeBetweenBlockGram,523,theorem,nsq_sum_blockCell_le_card_mul,ClayNS.Waleffe,ClayNS.Waleffe.nsq_sum_blockCell_le_card_mul,
RequestProject/NavierStokes/WaleffeBetweenBlockGram.lean,RequestProject.NavierStokes.WaleffeBetweenBlockGram,543,theorem,card_factor_sharp,ClayNS.Waleffe,ClayNS.Waleffe.card_factor_sharp,
RequestProject/NavierStokes/WaleffeBetweenBlockGram.lean,RequestProject.NavierStokes.WaleffeBetweenBlockGram,557,theorem,not_partnerCompressed_fibre_subadditive,ClayNS.Waleffe,ClayNS.Waleffe.not_partnerCompressed_fibre_subadditive,
RequestProject/NavierStokes/WaleffeBetweenBlockGram.lean,RequestProject.NavierStokes.WaleffeBetweenBlockGram,572,theorem,no_cardinality_free_constant,ClayNS.Waleffe,ClayNS.Waleffe.no_cardinality_free_constant,
RequestProject/NavierStokes/WaleffeBetweenBlockGram.lean,RequestProject.NavierStokes.WaleffeBetweenBlockGram,590,theorem,not_partnerCompressed_fibre_subadditive_helical,ClayNS.Waleffe,ClayNS.Waleffe.not_partnerCompressed_fibre_subadditive_helical,
RequestProject/NavierStokes/WaleffeBetweenBlockGram.lean,RequestProject.NavierStokes.WaleffeBetweenBlockGram,622,theorem,between_block_gram_not_paid_by_symbols,ClayNS.Waleffe,ClayNS.Waleffe.between_block_gram_not_paid_by_symbols,
RequestProject/NavierStokes/WaleffeBetweenBlockGram.lean,RequestProject.NavierStokes.WaleffeBetweenBlockGram,641,def,realify,ClayNS.Waleffe,ClayNS.Waleffe.realify,
RequestProject/NavierStokes/WaleffeBetweenBlockGram.lean,RequestProject.NavierStokes.WaleffeBetweenBlockGram,645,theorem,realify_hermitian,ClayNS.Waleffe,ClayNS.Waleffe.realify_hermitian,
RequestProject/NavierStokes/WaleffeBetweenBlockGram.lean,RequestProject.NavierStokes.WaleffeBetweenBlockGram,651,theorem,realify_divFree,ClayNS.Waleffe,ClayNS.Waleffe.realify_divFree,
RequestProject/NavierStokes/WaleffeBetweenBlockGram.lean,RequestProject.NavierStokes.WaleffeBetweenBlockGram,663,theorem,realify_apply_of_neg_zero,ClayNS.Waleffe,ClayNS.Waleffe.realify_apply_of_neg_zero,
RequestProject/NavierStokes/WaleffeBetweenBlockGram.lean,RequestProject.NavierStokes.WaleffeBetweenBlockGram,669,theorem,blockCell_congr,ClayNS.Waleffe,ClayNS.Waleffe.blockCell_congr,
RequestProject/NavierStokes/WaleffeBetweenBlockGram.lean,RequestProject.NavierStokes.WaleffeBetweenBlockGram,673,theorem,ceU_eq_zero_of_third,ClayNS.Waleffe,ClayNS.Waleffe.ceU_eq_zero_of_third,
RequestProject/NavierStokes/WaleffeBetweenBlockGram.lean,RequestProject.NavierStokes.WaleffeBetweenBlockGram,681,theorem,famU_eq_zero_of_third,ClayNS.Waleffe,ClayNS.Waleffe.famU_eq_zero_of_third,
RequestProject/NavierStokes/WaleffeBetweenBlockGram.lean,RequestProject.NavierStokes.WaleffeBetweenBlockGram,689,theorem,realify_ceU_ceP1,ClayNS.Waleffe,ClayNS.Waleffe.realify_ceU_ceP1,
RequestProject/NavierStokes/WaleffeBetweenBlockGram.lean,RequestProject.NavierStokes.WaleffeBetweenBlockGram,692,theorem,realify_ceU_ceQ1,ClayNS.Waleffe,ClayNS.Waleffe.realify_ceU_ceQ1,
RequestProject/NavierStokes/WaleffeBetweenBlockGram.lean,RequestProject.NavierStokes.WaleffeBetweenBlockGram,695,theorem,realify_ceU_ceP2,ClayNS.Waleffe,ClayNS.Waleffe.realify_ceU_ceP2,
RequestProject/NavierStokes/WaleffeBetweenBlockGram.lean,RequestProject.NavierStokes.WaleffeBetweenBlockGram,698,theorem,realify_ceU_ceQ2,ClayNS.Waleffe,ClayNS.Waleffe.realify_ceU_ceQ2,
RequestProject/NavierStokes/WaleffeBetweenBlockGram.lean,RequestProject.NavierStokes.WaleffeBetweenBlockGram,701,theorem,blockCell_realify_ceP1,ClayNS.Waleffe,ClayNS.Waleffe.blockCell_realify_ceP1,
RequestProject/NavierStokes/WaleffeBetweenBlockGram.lean,RequestProject.NavierStokes.WaleffeBetweenBlockGram,708,theorem,blockCell_realify_ceP2,ClayNS.Waleffe,ClayNS.Waleffe.blockCell_realify_ceP2,
RequestProject/NavierStokes/WaleffeBetweenBlockGram.lean,RequestProject.NavierStokes.WaleffeBetweenBlockGram,715,theorem,blockCell_realify_famP,ClayNS.Waleffe,ClayNS.Waleffe.blockCell_realify_famP,
RequestProject/NavierStokes/WaleffeBetweenBlockGram.lean,RequestProject.NavierStokes.WaleffeBetweenBlockGram,726,theorem,blockCell_realify_famBlocks,ClayNS.Waleffe,ClayNS.Waleffe.blockCell_realify_famBlocks,
RequestProject/NavierStokes/WaleffeBetweenBlockGram.lean,RequestProject.NavierStokes.WaleffeBetweenBlockGram,740,theorem,no_cardinality_free_constant_real,ClayNS.Waleffe,ClayNS.Waleffe.no_cardinality_free_constant_real,
RequestProject/NavierStokes/WaleffeBetweenBlockGram.lean,RequestProject.NavierStokes.WaleffeBetweenBlockGram,769,theorem,between_block_gram_not_paid_by_symbols_real,ClayNS.Waleffe,ClayNS.Waleffe.between_block_gram_not_paid_by_symbols_real,
RequestProject/NavierStokes/WaleffeCriticalCompanionSummation.lean,RequestProject.NavierStokes.WaleffeCriticalCompanionSummation,68,theorem,sqrt_add_le_add_sqrt,ClayNS.Waleffe,ClayNS.Waleffe.sqrt_add_le_add_sqrt,
RequestProject/NavierStokes/WaleffeCriticalCompanionSummation.lean,RequestProject.NavierStokes.WaleffeCriticalCompanionSummation,83,def,critProduction,ClayNS.Waleffe,ClayNS.Waleffe.critProduction,
RequestProject/NavierStokes/WaleffeCriticalCompanionSummation.lean,RequestProject.NavierStokes.WaleffeCriticalCompanionSummation,87,def,critDissipation,ClayNS.Waleffe,ClayNS.Waleffe.critDissipation,
RequestProject/NavierStokes/WaleffeCriticalCompanionSummation.lean,RequestProject.NavierStokes.WaleffeCriticalCompanionSummation,91,def,critCompanion,ClayNS.Waleffe,ClayNS.Waleffe.critCompanion,
RequestProject/NavierStokes/WaleffeCriticalCompanionSummation.lean,RequestProject.NavierStokes.WaleffeCriticalCompanionSummation,94,theorem,critDissipation_nonneg,ClayNS.Waleffe,ClayNS.Waleffe.critDissipation_nonneg,
RequestProject/NavierStokes/WaleffeCriticalCompanionSummation.lean,RequestProject.NavierStokes.WaleffeCriticalCompanionSummation,99,theorem,critCompanion_nonneg,ClayNS.Waleffe,ClayNS.Waleffe.critCompanion_nonneg,
RequestProject/NavierStokes/WaleffeCriticalCompanionSummation.lean,RequestProject.NavierStokes.WaleffeCriticalCompanionSummation,108,theorem,abs_critProduction_le,ClayNS.Waleffe,ClayNS.Waleffe.abs_critProduction_le,
RequestProject/NavierStokes/WaleffeCriticalCompanionSummation.lean,RequestProject.NavierStokes.WaleffeCriticalCompanionSummation,154,def,cellMajorant,ClayNS.Waleffe,ClayNS.Waleffe.cellMajorant,
RequestProject/NavierStokes/WaleffeCriticalCompanionSummation.lean,RequestProject.NavierStokes.WaleffeCriticalCompanionSummation,159,def,cellCompanion,ClayNS.Waleffe,ClayNS.Waleffe.cellCompanion,
RequestProject/NavierStokes/WaleffeCriticalCompanionSummation.lean,RequestProject.NavierStokes.WaleffeCriticalCompanionSummation,164,theorem,sum_le_total_of_support,ClayNS.Waleffe,ClayNS.Waleffe.sum_le_total_of_support,
RequestProject/NavierStokes/WaleffeCriticalCompanionSummation.lean,RequestProject.NavierStokes.WaleffeCriticalCompanionSummation,176,theorem,sum_shift_le,ClayNS.Waleffe,ClayNS.Waleffe.sum_shift_le,
RequestProject/NavierStokes/WaleffeCriticalCompanionSummation.lean,RequestProject.NavierStokes.WaleffeCriticalCompanionSummation,188,theorem,sum_reflect_le,ClayNS.Waleffe,ClayNS.Waleffe.sum_reflect_le,
RequestProject/NavierStokes/WaleffeCriticalCompanionSummation.lean,RequestProject.NavierStokes.WaleffeCriticalCompanionSummation,201,theorem,young_l1_first,ClayNS.Waleffe,ClayNS.Waleffe.young_l1_first,
RequestProject/NavierStokes/WaleffeCriticalCompanionSummation.lean,RequestProject.NavierStokes.WaleffeCriticalCompanionSummation,246,theorem,young_l1_second,ClayNS.Waleffe,ClayNS.Waleffe.young_l1_second,
RequestProject/NavierStokes/WaleffeCriticalCompanionSummation.lean,RequestProject.NavierStokes.WaleffeCriticalCompanionSummation,290,theorem,cellCompanion_le_wiener,ClayNS.Waleffe,ClayNS.Waleffe.cellCompanion_le_wiener,
RequestProject/NavierStokes/WaleffeCriticalCompanionSummation.lean,RequestProject.NavierStokes.WaleffeCriticalCompanionSummation,363,theorem,cellCompanion_le_card,ClayNS.Waleffe,ClayNS.Waleffe.cellCompanion_le_card,
RequestProject/NavierStokes/WaleffeCriticalCompanionSummation.lean,RequestProject.NavierStokes.WaleffeCriticalCompanionSummation,439,theorem,critCompanion_le_cellCompanion,ClayNS.Waleffe,ClayNS.Waleffe.critCompanion_le_cellCompanion,
RequestProject/NavierStokes/WaleffeCriticalCompanionSummation.lean,RequestProject.NavierStokes.WaleffeCriticalCompanionSummation,466,theorem,abs_critProduction_le_cellCompanion,ClayNS.Waleffe,ClayNS.Waleffe.abs_critProduction_le_cellCompanion,
RequestProject/NavierStokes/WaleffeCriticalCompanionSummation.lean,RequestProject.NavierStokes.WaleffeCriticalCompanionSummation,478,theorem,critProduction_absorption,ClayNS.Waleffe,ClayNS.Waleffe.critProduction_absorption,
RequestProject/NavierStokes/WaleffeCriticalCompanionSummation.lean,RequestProject.NavierStokes.WaleffeCriticalCompanionSummation,510,def,critProd,ClayNS.Waleffe.GalerkinFlow,ClayNS.Waleffe.GalerkinFlow.critProd,
RequestProject/NavierStokes/WaleffeCriticalCompanionSummation.lean,RequestProject.NavierStokes.WaleffeCriticalCompanionSummation,513,def,critDiss,ClayNS.Waleffe.GalerkinFlow,ClayNS.Waleffe.GalerkinFlow.critDiss,
RequestProject/NavierStokes/WaleffeCriticalCompanionSummation.lean,RequestProject.NavierStokes.WaleffeCriticalCompanionSummation,515,theorem,nrm_u_support,ClayNS.Waleffe.GalerkinFlow,ClayNS.Waleffe.GalerkinFlow.nrm_u_support,
RequestProject/NavierStokes/WaleffeCriticalCompanionSummation.lean,RequestProject.NavierStokes.WaleffeCriticalCompanionSummation,524,theorem,abs_critProd_le_wiener_absorption,ClayNS.Waleffe.GalerkinFlow,ClayNS.Waleffe.GalerkinFlow.abs_critProd_le_wiener_absorption,
RequestProject/NavierStokes/WaleffeCriticalCompanionSummation.lean,RequestProject.NavierStokes.WaleffeCriticalCompanionSummation,566,def,hiBox,ClayNS.Waleffe,ClayNS.Waleffe.hiBox,
RequestProject/NavierStokes/WaleffeCriticalCompanionSummation.lean,RequestProject.NavierStokes.WaleffeCriticalCompanionSummation,570,def,legBox,ClayNS.Waleffe,ClayNS.Waleffe.legBox,
RequestProject/NavierStokes/WaleffeCriticalCompanionSummation.lean,RequestProject.NavierStokes.WaleffeCriticalCompanionSummation,573,def,outBox,ClayNS.Waleffe,ClayNS.Waleffe.outBox,
RequestProject/NavierStokes/WaleffeCriticalCompanionSummation.lean,RequestProject.NavierStokes.WaleffeCriticalCompanionSummation,577,def,flatLegs,ClayNS.Waleffe,ClayNS.Waleffe.flatLegs,
RequestProject/NavierStokes/WaleffeCriticalCompanionSummation.lean,RequestProject.NavierStokes.WaleffeCriticalCompanionSummation,580,def,fibreBox,ClayNS.Waleffe,ClayNS.Waleffe.fibreBox,
RequestProject/NavierStokes/WaleffeCriticalCompanionSummation.lean,RequestProject.NavierStokes.WaleffeCriticalCompanionSummation,583,theorem,mem_hiBox,ClayNS.Waleffe,ClayNS.Waleffe.mem_hiBox,
RequestProject/NavierStokes/WaleffeCriticalCompanionSummation.lean,RequestProject.NavierStokes.WaleffeCriticalCompanionSummation,587,theorem,mem_outBox,ClayNS.Waleffe,ClayNS.Waleffe.mem_outBox,
RequestProject/NavierStokes/WaleffeCriticalCompanionSummation.lean,RequestProject.NavierStokes.WaleffeCriticalCompanionSummation,591,theorem,mem_fibreBox,ClayNS.Waleffe,ClayNS.Waleffe.mem_fibreBox,
RequestProject/NavierStokes/WaleffeCriticalCompanionSummation.lean,RequestProject.NavierStokes.WaleffeCriticalCompanionSummation,595,theorem,flatLegs_nonneg,ClayNS.Waleffe,ClayNS.Waleffe.flatLegs_nonneg,
RequestProject/NavierStokes/WaleffeCriticalCompanionSummation.lean,RequestProject.NavierStokes.WaleffeCriticalCompanionSummation,599,theorem,flatLegs_support,ClayNS.Waleffe,ClayNS.Waleffe.flatLegs_support,
RequestProject/NavierStokes/WaleffeCriticalCompanionSummation.lean,RequestProject.NavierStokes.WaleffeCriticalCompanionSummation,602,theorem,flatLegs_of_mem,ClayNS.Waleffe,ClayNS.Waleffe.flatLegs_of_mem,
RequestProject/NavierStokes/WaleffeCriticalCompanionSummation.lean,RequestProject.NavierStokes.WaleffeCriticalCompanionSummation,606,theorem,wlen_legBox_ge,ClayNS.Waleffe,ClayNS.Waleffe.wlen_legBox_ge,
RequestProject/NavierStokes/WaleffeCriticalCompanionSummation.lean,RequestProject.NavierStokes.WaleffeCriticalCompanionSummation,637,theorem,wlen_outBox_bounds,ClayNS.Waleffe,ClayNS.Waleffe.wlen_outBox_bounds,
RequestProject/NavierStokes/WaleffeCriticalCompanionSummation.lean,RequestProject.NavierStokes.WaleffeCriticalCompanionSummation,671,theorem,outBox_legBox_hh,ClayNS.Waleffe,ClayNS.Waleffe.outBox_legBox_hh,
RequestProject/NavierStokes/WaleffeCriticalCompanionSummation.lean,RequestProject.NavierStokes.WaleffeCriticalCompanionSummation,679,theorem,fibreBox_subset,ClayNS.Waleffe,ClayNS.Waleffe.fibreBox_subset,
RequestProject/NavierStokes/WaleffeCriticalCompanionSummation.lean,RequestProject.NavierStokes.WaleffeCriticalCompanionSummation,688,theorem,fibreBox_partner,ClayNS.Waleffe,ClayNS.Waleffe.fibreBox_partner,
RequestProject/NavierStokes/WaleffeCriticalCompanionSummation.lean,RequestProject.NavierStokes.WaleffeCriticalCompanionSummation,705,theorem,cellMajorant_lower,ClayNS.Waleffe,ClayNS.Waleffe.cellMajorant_lower,
RequestProject/NavierStokes/WaleffeCriticalCompanionSummation.lean,RequestProject.NavierStokes.WaleffeCriticalCompanionSummation,739,theorem,cellCompanion_flat_lower,ClayNS.Waleffe,ClayNS.Waleffe.cellCompanion_flat_lower,
RequestProject/NavierStokes/WaleffeCriticalCompanionSummation.lean,RequestProject.NavierStokes.WaleffeCriticalCompanionSummation,779,theorem,energy_flat_le,ClayNS.Waleffe,ClayNS.Waleffe.energy_flat_le,
RequestProject/NavierStokes/WaleffeCriticalCompanionSummation.lean,RequestProject.NavierStokes.WaleffeCriticalCompanionSummation,812,theorem,enstrophy_flat_le,ClayNS.Waleffe,ClayNS.Waleffe.enstrophy_flat_le,
RequestProject/NavierStokes/WaleffeCriticalCompanionSummation.lean,RequestProject.NavierStokes.WaleffeCriticalCompanionSummation,877,theorem,cellwise_companion_not_controlled_by_energy_enstrophy,ClayNS.Waleffe,ClayNS.Waleffe.cellwise_companion_not_controlled_by_energy_enstrophy,
RequestProject/NavierStokes/WaleffeCriticalEnergyBarrier.lean,RequestProject.NavierStokes.WaleffeCriticalEnergyBarrier,46,def,critEnergy,ClayNS.Waleffe.GalerkinFlow,ClayNS.Waleffe.GalerkinFlow.critEnergy,
RequestProject/NavierStokes/WaleffeCriticalEnergyBarrier.lean,RequestProject.NavierStokes.WaleffeCriticalEnergyBarrier,49,def,enstrophy,ClayNS.Waleffe.GalerkinFlow,ClayNS.Waleffe.GalerkinFlow.enstrophy,
RequestProject/NavierStokes/WaleffeCriticalEnergyBarrier.lean,RequestProject.NavierStokes.WaleffeCriticalEnergyBarrier,51,theorem,critEnergy_nonneg,ClayNS.Waleffe.GalerkinFlow,ClayNS.Waleffe.GalerkinFlow.critEnergy_nonneg,
RequestProject/NavierStokes/WaleffeCriticalEnergyBarrier.lean,RequestProject.NavierStokes.WaleffeCriticalEnergyBarrier,54,theorem,enstrophy_nonneg,ClayNS.Waleffe.GalerkinFlow,ClayNS.Waleffe.GalerkinFlow.enstrophy_nonneg,
RequestProject/NavierStokes/WaleffeCriticalEnergyBarrier.lean,RequestProject.NavierStokes.WaleffeCriticalEnergyBarrier,59,theorem,critEnergy_hasDerivAt,ClayNS.Waleffe.GalerkinFlow,ClayNS.Waleffe.GalerkinFlow.critEnergy_hasDerivAt,
RequestProject/NavierStokes/WaleffeCriticalEnergyBarrier.lean,RequestProject.NavierStokes.WaleffeCriticalEnergyBarrier,101,theorem,continuous_critEnergy,ClayNS.Waleffe.GalerkinFlow,ClayNS.Waleffe.GalerkinFlow.continuous_critEnergy,
RequestProject/NavierStokes/WaleffeCriticalEnergyBarrier.lean,RequestProject.NavierStokes.WaleffeCriticalEnergyBarrier,104,theorem,continuous_critDiss,ClayNS.Waleffe.GalerkinFlow,ClayNS.Waleffe.GalerkinFlow.continuous_critDiss,
RequestProject/NavierStokes/WaleffeCriticalEnergyBarrier.lean,RequestProject.NavierStokes.WaleffeCriticalEnergyBarrier,107,theorem,continuous_enstrophy,ClayNS.Waleffe.GalerkinFlow,ClayNS.Waleffe.GalerkinFlow.continuous_enstrophy,
RequestProject/NavierStokes/WaleffeCriticalEnergyBarrier.lean,RequestProject.NavierStokes.WaleffeCriticalEnergyBarrier,110,theorem,continuous_critProd,ClayNS.Waleffe.GalerkinFlow,ClayNS.Waleffe.GalerkinFlow.continuous_critProd,
RequestProject/NavierStokes/WaleffeCriticalEnergyBarrier.lean,RequestProject.NavierStokes.WaleffeCriticalEnergyBarrier,116,theorem,critEnergy_balance,ClayNS.Waleffe.GalerkinFlow,ClayNS.Waleffe.GalerkinFlow.critEnergy_balance,
RequestProject/NavierStokes/WaleffeCriticalEnergyBarrier.lean,RequestProject.NavierStokes.WaleffeCriticalEnergyBarrier,142,theorem,critEnergy_differential_barrier,ClayNS.Waleffe.GalerkinFlow,ClayNS.Waleffe.GalerkinFlow.critEnergy_differential_barrier,
RequestProject/NavierStokes/WaleffeCriticalEnergyBarrier.lean,RequestProject.NavierStokes.WaleffeCriticalEnergyBarrier,170,theorem,critEnergy_barrier_of_companion_budget,ClayNS.Waleffe.GalerkinFlow,ClayNS.Waleffe.GalerkinFlow.critEnergy_barrier_of_companion_budget,
RequestProject/NavierStokes/WaleffeCriticalEnergyBarrier.lean,RequestProject.NavierStokes.WaleffeCriticalEnergyBarrier,206,theorem,enstrophy_sq_le_critEnergy_mul_critDiss,ClayNS.Waleffe.GalerkinFlow,ClayNS.Waleffe.GalerkinFlow.enstrophy_sq_le_critEnergy_mul_critDiss,
RequestProject/NavierStokes/WaleffeCriticalEnergyBarrier.lean,RequestProject.NavierStokes.WaleffeCriticalEnergyBarrier,235,theorem,abs_critProd_le_sqrt_critEnergy_mul_critDiss,ClayNS.Waleffe.GalerkinFlow,ClayNS.Waleffe.GalerkinFlow.abs_critProd_le_sqrt_critEnergy_mul_critDiss,
RequestProject/NavierStokes/WaleffeCriticalEnergyBarrier.lean,RequestProject.NavierStokes.WaleffeCriticalEnergyBarrier,288,theorem,two_critProd_le_of_small,ClayNS.Waleffe.GalerkinFlow,ClayNS.Waleffe.GalerkinFlow.two_critProd_le_of_small,
RequestProject/NavierStokes/WaleffeCriticalEnergyBarrier.lean,RequestProject.NavierStokes.WaleffeCriticalEnergyBarrier,304,theorem,critEnergy_le_threshold,ClayNS.Waleffe.GalerkinFlow,ClayNS.Waleffe.GalerkinFlow.critEnergy_le_threshold,
RequestProject/NavierStokes/WaleffeCriticalEnergyBarrier.lean,RequestProject.NavierStokes.WaleffeCriticalEnergyBarrier,356,theorem,critEnergy_barrier_of_small_data,ClayNS.Waleffe.GalerkinFlow,ClayNS.Waleffe.GalerkinFlow.critEnergy_barrier_of_small_data,
RequestProject/NavierStokes/WaleffeCriticalEnergyBarrier.lean,RequestProject.NavierStokes.WaleffeCriticalEnergyBarrier,377,theorem,integral_enstrophy_sq_le_of_small_data,ClayNS.Waleffe.GalerkinFlow,ClayNS.Waleffe.GalerkinFlow.integral_enstrophy_sq_le_of_small_data,
RequestProject/NavierStokes/WaleffeExternalBonyClasses.lean,RequestProject.NavierStokes.WaleffeExternalBonyClasses,75,theorem,wlen_nonneg',ClayNS.Waleffe,ClayNS.Waleffe.wlen_nonneg',
RequestProject/NavierStokes/WaleffeExternalBonyClasses.lean,RequestProject.NavierStokes.WaleffeExternalBonyClasses,80,theorem,abs_wlen_partner_sub_le_output,ClayNS.Waleffe,ClayNS.Waleffe.abs_wlen_partner_sub_le_output,
RequestProject/NavierStokes/WaleffeExternalBonyClasses.lean,RequestProject.NavierStokes.WaleffeExternalBonyClasses,94,theorem,abs_wlen_partner_sub_le_min,ClayNS.Waleffe,ClayNS.Waleffe.abs_wlen_partner_sub_le_min,
RequestProject/NavierStokes/WaleffeExternalBonyClasses.lean,RequestProject.NavierStokes.WaleffeExternalBonyClasses,101,theorem,abs_helicity_gap_le_output,ClayNS.Waleffe,ClayNS.Waleffe.abs_helicity_gap_le_output,
RequestProject/NavierStokes/WaleffeExternalBonyClasses.lean,RequestProject.NavierStokes.WaleffeExternalBonyClasses,113,theorem,abs_externalResidue_le_output_frequency_sum,ClayNS.Waleffe,ClayNS.Waleffe.abs_externalResidue_le_output_frequency_sum,
RequestProject/NavierStokes/WaleffeExternalBonyClasses.lean,RequestProject.NavierStokes.WaleffeExternalBonyClasses,138,theorem,sum_pair_nrm_le_energy,ClayNS.Waleffe,ClayNS.Waleffe.sum_pair_nrm_le_energy,
RequestProject/NavierStokes/WaleffeExternalBonyClasses.lean,RequestProject.NavierStokes.WaleffeExternalBonyClasses,155,theorem,sum_wlen_pair_le_sqrt,ClayNS.Waleffe,ClayNS.Waleffe.sum_wlen_pair_le_sqrt,
RequestProject/NavierStokes/WaleffeExternalBonyClasses.lean,RequestProject.NavierStokes.WaleffeExternalBonyClasses,174,theorem,sum_wlen_partner_pair_le_sqrt,ClayNS.Waleffe,ClayNS.Waleffe.sum_wlen_partner_pair_le_sqrt,
RequestProject/NavierStokes/WaleffeExternalBonyClasses.lean,RequestProject.NavierStokes.WaleffeExternalBonyClasses,196,theorem,abs_externalResidue_le_output_energy,ClayNS.Waleffe,ClayNS.Waleffe.abs_externalResidue_le_output_energy,
RequestProject/NavierStokes/WaleffeExternalBonyClasses.lean,RequestProject.NavierStokes.WaleffeExternalBonyClasses,232,def,bonyClass,ClayNS.Waleffe,ClayNS.Waleffe.bonyClass,
RequestProject/NavierStokes/WaleffeExternalBonyClasses.lean,RequestProject.NavierStokes.WaleffeExternalBonyClasses,241,theorem,sum_split_four,ClayNS.Waleffe,ClayNS.Waleffe.sum_split_four,
RequestProject/NavierStokes/WaleffeExternalBonyClasses.lean,RequestProject.NavierStokes.WaleffeExternalBonyClasses,251,theorem,bonyClass_eq_two_iff,ClayNS.Waleffe,ClayNS.Waleffe.bonyClass_eq_two_iff,
RequestProject/NavierStokes/WaleffeExternalBonyClasses.lean,RequestProject.NavierStokes.WaleffeExternalBonyClasses,257,theorem,bonyClass_eq_zero_iff,ClayNS.Waleffe,ClayNS.Waleffe.bonyClass_eq_zero_iff,
RequestProject/NavierStokes/WaleffeExternalBonyClasses.lean,RequestProject.NavierStokes.WaleffeExternalBonyClasses,264,theorem,bonyClass_eq_one_iff,ClayNS.Waleffe,ClayNS.Waleffe.bonyClass_eq_one_iff,
RequestProject/NavierStokes/WaleffeExternalBonyClasses.lean,RequestProject.NavierStokes.WaleffeExternalBonyClasses,272,theorem,bonyClass_eq_three_iff,ClayNS.Waleffe,ClayNS.Waleffe.bonyClass_eq_three_iff,
RequestProject/NavierStokes/WaleffeExternalBonyClasses.lean,RequestProject.NavierStokes.WaleffeExternalBonyClasses,281,theorem,wlen_le_legs,ClayNS.Waleffe,ClayNS.Waleffe.wlen_le_legs,
RequestProject/NavierStokes/WaleffeExternalBonyClasses.lean,RequestProject.NavierStokes.WaleffeExternalBonyClasses,288,theorem,not_both_legs_low,ClayNS.Waleffe,ClayNS.Waleffe.not_both_legs_low,
RequestProject/NavierStokes/WaleffeExternalBonyClasses.lean,RequestProject.NavierStokes.WaleffeExternalBonyClasses,302,theorem,bonyClass_partner,ClayNS.Waleffe,ClayNS.Waleffe.bonyClass_partner,
RequestProject/NavierStokes/WaleffeExternalBonyClasses.lean,RequestProject.NavierStokes.WaleffeExternalBonyClasses,340,theorem,bonyClass_partner_two,ClayNS.Waleffe,ClayNS.Waleffe.bonyClass_partner_two,
RequestProject/NavierStokes/WaleffeExternalBonyClasses.lean,RequestProject.NavierStokes.WaleffeExternalBonyClasses,346,theorem,bonyClass_partner_three,ClayNS.Waleffe,ClayNS.Waleffe.bonyClass_partner_three,
RequestProject/NavierStokes/WaleffeExternalBonyClasses.lean,RequestProject.NavierStokes.WaleffeExternalBonyClasses,359,theorem,two_mul_sum_cells_filter_eq_pairing,ClayNS.Waleffe,ClayNS.Waleffe.two_mul_sum_cells_filter_eq_pairing,
RequestProject/NavierStokes/WaleffeExternalBonyClasses.lean,RequestProject.NavierStokes.WaleffeExternalBonyClasses,383,def,bonyCells,ClayNS.Waleffe,ClayNS.Waleffe.bonyCells,
RequestProject/NavierStokes/WaleffeExternalBonyClasses.lean,RequestProject.NavierStokes.WaleffeExternalBonyClasses,392,theorem,externalResidue_eq_bony_split,ClayNS.Waleffe,ClayNS.Waleffe.externalResidue_eq_bony_split,
RequestProject/NavierStokes/WaleffeExternalBonyClasses.lean,RequestProject.NavierStokes.WaleffeExternalBonyClasses,407,theorem,abs_bonyCells_le_of_gap_bound,ClayNS.Waleffe,ClayNS.Waleffe.abs_bonyCells_le_of_gap_bound,
RequestProject/NavierStokes/WaleffeExternalBonyClasses.lean,RequestProject.NavierStokes.WaleffeExternalBonyClasses,440,theorem,abs_bonyCells_HHlow_le,ClayNS.Waleffe,ClayNS.Waleffe.abs_bonyCells_HHlow_le,
RequestProject/NavierStokes/WaleffeExternalBonyClasses.lean,RequestProject.NavierStokes.WaleffeExternalBonyClasses,480,theorem,abs_bonyCells_comparable_le,ClayNS.Waleffe,ClayNS.Waleffe.abs_bonyCells_comparable_le,
RequestProject/NavierStokes/WaleffeExternalBonyClasses.lean,RequestProject.NavierStokes.WaleffeExternalBonyClasses,530,def,bonyCellsLowHigh,ClayNS.Waleffe,ClayNS.Waleffe.bonyCellsLowHigh,
RequestProject/NavierStokes/WaleffeExternalBonyClasses.lean,RequestProject.NavierStokes.WaleffeExternalBonyClasses,536,theorem,bonyCellsLowHigh_eq,ClayNS.Waleffe,ClayNS.Waleffe.bonyCellsLowHigh_eq,
RequestProject/NavierStokes/WaleffeExternalBonyClasses.lean,RequestProject.NavierStokes.WaleffeExternalBonyClasses,550,theorem,bonyClass_partner_lowhigh,ClayNS.Waleffe,ClayNS.Waleffe.bonyClass_partner_lowhigh,
RequestProject/NavierStokes/WaleffeExternalBonyClasses.lean,RequestProject.NavierStokes.WaleffeExternalBonyClasses,567,theorem,abs_bonyCellsLowHigh_le,ClayNS.Waleffe,ClayNS.Waleffe.abs_bonyCellsLowHigh_le,
RequestProject/NavierStokes/WaleffeExternalBonyClasses.lean,RequestProject.NavierStokes.WaleffeExternalBonyClasses,642,theorem,externalResidue_eq_lowhigh_split,ClayNS.Waleffe,ClayNS.Waleffe.externalResidue_eq_lowhigh_split,
RequestProject/NavierStokes/WaleffeExternalBonyClasses.lean,RequestProject.NavierStokes.WaleffeExternalBonyClasses,656,theorem,abs_externalResidue_classwise_le,ClayNS.Waleffe,ClayNS.Waleffe.abs_externalResidue_classwise_le,
RequestProject/NavierStokes/WaleffeExternalBonyClasses.lean,RequestProject.NavierStokes.WaleffeExternalBonyClasses,696,theorem,abs_externalResidue_le_output_energy,ClayNS.Waleffe.GalerkinFlow,ClayNS.Waleffe.GalerkinFlow.abs_externalResidue_le_output_energy,
RequestProject/NavierStokes/WaleffeExternalBonyClasses.lean,RequestProject.NavierStokes.WaleffeExternalBonyClasses,709,theorem,abs_externalResidue_classwise_le,ClayNS.Waleffe.GalerkinFlow,ClayNS.Waleffe.GalerkinFlow.abs_externalResidue_classwise_le,
RequestProject/NavierStokes/WaleffeExternalBonyClasses.lean,RequestProject.NavierStokes.WaleffeExternalBonyClasses,729,theorem,sqrt_mul_le_young,ClayNS.Waleffe,ClayNS.Waleffe.sqrt_mul_le_young,
RequestProject/NavierStokes/WaleffeExternalBonyClasses.lean,RequestProject.NavierStokes.WaleffeExternalBonyClasses,757,theorem,abs_externalResidue_absorption_le,ClayNS.Waleffe.GalerkinFlow,ClayNS.Waleffe.GalerkinFlow.abs_externalResidue_absorption_le,
RequestProject/NavierStokes/WaleffeExternalCrossTriadCells.lean,RequestProject.NavierStokes.WaleffeExternalCrossTriadCells,56,theorem,herm_sum_left,ClayNS.Waleffe,ClayNS.Waleffe.herm_sum_left,
RequestProject/NavierStokes/WaleffeExternalCrossTriadCells.lean,RequestProject.NavierStokes.WaleffeExternalCrossTriadCells,61,theorem,leray_zero_fun,ClayNS.Waleffe,ClayNS.Waleffe.leray_zero_fun,
RequestProject/NavierStokes/WaleffeExternalCrossTriadCells.lean,RequestProject.NavierStokes.WaleffeExternalCrossTriadCells,65,theorem,leray_sum,ClayNS.Waleffe,ClayNS.Waleffe.leray_sum,
RequestProject/NavierStokes/WaleffeExternalCrossTriadCells.lean,RequestProject.NavierStokes.WaleffeExternalCrossTriadCells,79,theorem,herm_real_smul_left,ClayNS.Waleffe,ClayNS.Waleffe.herm_real_smul_left,
RequestProject/NavierStokes/WaleffeExternalCrossTriadCells.lean,RequestProject.NavierStokes.WaleffeExternalCrossTriadCells,84,theorem,cross_zero_left,ClayNS.Waleffe,ClayNS.Waleffe.cross_zero_left,
RequestProject/NavierStokes/WaleffeExternalCrossTriadCells.lean,RequestProject.NavierStokes.WaleffeExternalCrossTriadCells,92,def,crossCellVec,ClayNS.Waleffe,ClayNS.Waleffe.crossCellVec,
RequestProject/NavierStokes/WaleffeExternalCrossTriadCells.lean,RequestProject.NavierStokes.WaleffeExternalCrossTriadCells,97,def,crossCell,ClayNS.Waleffe,ClayNS.Waleffe.crossCell,
RequestProject/NavierStokes/WaleffeExternalCrossTriadCells.lean,RequestProject.NavierStokes.WaleffeExternalCrossTriadCells,100,theorem,externalAdvection_eq_sum_cellVec,ClayNS.Waleffe,ClayNS.Waleffe.externalAdvection_eq_sum_cellVec,
RequestProject/NavierStokes/WaleffeExternalCrossTriadCells.lean,RequestProject.NavierStokes.WaleffeExternalCrossTriadCells,106,theorem,externalResidue_eq_sum_cells,ClayNS.Waleffe,ClayNS.Waleffe.externalResidue_eq_sum_cells,
RequestProject/NavierStokes/WaleffeExternalCrossTriadCells.lean,RequestProject.NavierStokes.WaleffeExternalCrossTriadCells,120,theorem,crossCell_eq_zero_of_left_zero,ClayNS.Waleffe,ClayNS.Waleffe.crossCell_eq_zero_of_left_zero,
RequestProject/NavierStokes/WaleffeExternalCrossTriadCells.lean,RequestProject.NavierStokes.WaleffeExternalCrossTriadCells,128,theorem,crossCell_eq_zero_of_right_zero,ClayNS.Waleffe,ClayNS.Waleffe.crossCell_eq_zero_of_right_zero,
RequestProject/NavierStokes/WaleffeExternalCrossTriadCells.lean,RequestProject.NavierStokes.WaleffeExternalCrossTriadCells,141,theorem,crossCellVec_partner,ClayNS.Waleffe,ClayNS.Waleffe.crossCellVec_partner,
RequestProject/NavierStokes/WaleffeExternalCrossTriadCells.lean,RequestProject.NavierStokes.WaleffeExternalCrossTriadCells,152,theorem,crossCell_partner_sum,ClayNS.Waleffe,ClayNS.Waleffe.crossCell_partner_sum,
RequestProject/NavierStokes/WaleffeExternalCrossTriadCells.lean,RequestProject.NavierStokes.WaleffeExternalCrossTriadCells,182,theorem,crossCell_partner_cancel,ClayNS.Waleffe,ClayNS.Waleffe.crossCell_partner_cancel,
RequestProject/NavierStokes/WaleffeExternalCrossTriadCells.lean,RequestProject.NavierStokes.WaleffeExternalCrossTriadCells,193,def,extIdx,ClayNS.Waleffe,ClayNS.Waleffe.extIdx,
RequestProject/NavierStokes/WaleffeExternalCrossTriadCells.lean,RequestProject.NavierStokes.WaleffeExternalCrossTriadCells,196,def,extIdxSym,ClayNS.Waleffe,ClayNS.Waleffe.extIdxSym,
RequestProject/NavierStokes/WaleffeExternalCrossTriadCells.lean,RequestProject.NavierStokes.WaleffeExternalCrossTriadCells,199,theorem,extIdx_subset_sym,ClayNS.Waleffe,ClayNS.Waleffe.extIdx_subset_sym,
RequestProject/NavierStokes/WaleffeExternalCrossTriadCells.lean,RequestProject.NavierStokes.WaleffeExternalCrossTriadCells,203,theorem,extIdxSym_partner_mem,ClayNS.Waleffe,ClayNS.Waleffe.extIdxSym_partner_mem,
RequestProject/NavierStokes/WaleffeExternalCrossTriadCells.lean,RequestProject.NavierStokes.WaleffeExternalCrossTriadCells,214,theorem,sum_partner_reindex,ClayNS.Waleffe,ClayNS.Waleffe.sum_partner_reindex,
RequestProject/NavierStokes/WaleffeExternalCrossTriadCells.lean,RequestProject.NavierStokes.WaleffeExternalCrossTriadCells,237,theorem,sum_cells_eq_sym,ClayNS.Waleffe,ClayNS.Waleffe.sum_cells_eq_sym,
RequestProject/NavierStokes/WaleffeExternalCrossTriadCells.lean,RequestProject.NavierStokes.WaleffeExternalCrossTriadCells,276,theorem,beltrami_of_support,ClayNS.Waleffe,ClayNS.Waleffe.beltrami_of_support,
RequestProject/NavierStokes/WaleffeExternalCrossTriadCells.lean,RequestProject.NavierStokes.WaleffeExternalCrossTriadCells,299,theorem,two_mul_externalResidue_eq_pairing,ClayNS.Waleffe,ClayNS.Waleffe.two_mul_externalResidue_eq_pairing,
RequestProject/NavierStokes/WaleffeExternalCrossTriadCells.lean,RequestProject.NavierStokes.WaleffeExternalCrossTriadCells,325,theorem,abs_pairing_term_le,ClayNS.Waleffe,ClayNS.Waleffe.abs_pairing_term_le,
RequestProject/NavierStokes/WaleffeExternalCrossTriadCells.lean,RequestProject.NavierStokes.WaleffeExternalCrossTriadCells,341,theorem,abs_externalResidue_le_helicity_gap_sum,ClayNS.Waleffe,ClayNS.Waleffe.abs_externalResidue_le_helicity_gap_sum,
RequestProject/NavierStokes/WaleffeExternalCrossTriadCells.lean,RequestProject.NavierStokes.WaleffeExternalCrossTriadCells,367,theorem,abs_externalResidue_le_frequency_sum,ClayNS.Waleffe,ClayNS.Waleffe.abs_externalResidue_le_frequency_sum,
RequestProject/NavierStokes/WaleffeExternalCrossTriadCells.lean,RequestProject.NavierStokes.WaleffeExternalCrossTriadCells,398,def,wvec,ClayNS.Waleffe,ClayNS.Waleffe.wvec,
RequestProject/NavierStokes/WaleffeExternalCrossTriadCells.lean,RequestProject.NavierStokes.WaleffeExternalCrossTriadCells,401,theorem,wvec_add,ClayNS.Waleffe,ClayNS.Waleffe.wvec_add,
RequestProject/NavierStokes/WaleffeExternalCrossTriadCells.lean,RequestProject.NavierStokes.WaleffeExternalCrossTriadCells,405,theorem,wvec_sub,ClayNS.Waleffe,ClayNS.Waleffe.wvec_sub,
RequestProject/NavierStokes/WaleffeExternalCrossTriadCells.lean,RequestProject.NavierStokes.WaleffeExternalCrossTriadCells,409,theorem,norm_wvec,ClayNS.Waleffe,ClayNS.Waleffe.norm_wvec,
RequestProject/NavierStokes/WaleffeExternalCrossTriadCells.lean,RequestProject.NavierStokes.WaleffeExternalCrossTriadCells,416,theorem,wlen_triangle,ClayNS.Waleffe,ClayNS.Waleffe.wlen_triangle,
RequestProject/NavierStokes/WaleffeExternalCrossTriadCells.lean,RequestProject.NavierStokes.WaleffeExternalCrossTriadCells,422,theorem,abs_wlen_sub_le,ClayNS.Waleffe,ClayNS.Waleffe.abs_wlen_sub_le,
RequestProject/NavierStokes/WaleffeExternalCrossTriadCells.lean,RequestProject.NavierStokes.WaleffeExternalCrossTriadCells,433,theorem,abs_crossCell_partner_sum_cohelical_le,ClayNS.Waleffe,ClayNS.Waleffe.abs_crossCell_partner_sum_cohelical_le,
RequestProject/NavierStokes/WaleffeExternalCrossTriadCells.lean,RequestProject.NavierStokes.WaleffeExternalCrossTriadCells,455,theorem,abs_externalResidue_le_cohelical_separation_sum,ClayNS.Waleffe,ClayNS.Waleffe.abs_externalResidue_le_cohelical_separation_sum,
RequestProject/NavierStokes/WaleffeExternalCrossTriadCells.lean,RequestProject.NavierStokes.WaleffeExternalCrossTriadCells,478,theorem,nsq_zero_fun,ClayNS.Waleffe,ClayNS.Waleffe.nsq_zero_fun,
RequestProject/NavierStokes/WaleffeExternalCrossTriadCells.lean,RequestProject.NavierStokes.WaleffeExternalCrossTriadCells,481,theorem,partner_injOn,ClayNS.Waleffe,ClayNS.Waleffe.partner_injOn,
RequestProject/NavierStokes/WaleffeExternalCrossTriadCells.lean,RequestProject.NavierStokes.WaleffeExternalCrossTriadCells,487,theorem,sum_nsq_le_energy,ClayNS.Waleffe,ClayNS.Waleffe.sum_nsq_le_energy,
RequestProject/NavierStokes/WaleffeExternalCrossTriadCells.lean,RequestProject.NavierStokes.WaleffeExternalCrossTriadCells,500,theorem,sum_wsq_nsq_le_dissipation,ClayNS.Waleffe,ClayNS.Waleffe.sum_wsq_nsq_le_dissipation,
RequestProject/NavierStokes/WaleffeExternalCrossTriadCells.lean,RequestProject.NavierStokes.WaleffeExternalCrossTriadCells,513,theorem,sum_partner_nsq_le_energy,ClayNS.Waleffe,ClayNS.Waleffe.sum_partner_nsq_le_energy,
RequestProject/NavierStokes/WaleffeExternalCrossTriadCells.lean,RequestProject.NavierStokes.WaleffeExternalCrossTriadCells,522,theorem,sum_partner_wsq_nsq_le_dissipation,ClayNS.Waleffe,ClayNS.Waleffe.sum_partner_wsq_nsq_le_dissipation,
RequestProject/NavierStokes/WaleffeExternalCrossTriadCells.lean,RequestProject.NavierStokes.WaleffeExternalCrossTriadCells,533,theorem,sum_mul_le_sqrt_mul,ClayNS.Waleffe,ClayNS.Waleffe.sum_mul_le_sqrt_mul,
RequestProject/NavierStokes/WaleffeExternalCrossTriadCells.lean,RequestProject.NavierStokes.WaleffeExternalCrossTriadCells,550,theorem,abs_externalResidue_le_sqrt_energy_dissipation,ClayNS.Waleffe,ClayNS.Waleffe.abs_externalResidue_le_sqrt_energy_dissipation,
RequestProject/NavierStokes/WaleffeExternalCrossTriadCells.lean,RequestProject.NavierStokes.WaleffeExternalCrossTriadCells,609,theorem,abs_externalResidue_le_frequency_sum,ClayNS.Waleffe.GalerkinFlow,ClayNS.Waleffe.GalerkinFlow.abs_externalResidue_le_frequency_sum,
RequestProject/NavierStokes/WaleffeExternalCrossTriadCells.lean,RequestProject.NavierStokes.WaleffeExternalCrossTriadCells,627,theorem,abs_externalResidue_le_sqrt_energy_dissipation,ClayNS.Waleffe.GalerkinFlow,ClayNS.Waleffe.GalerkinFlow.abs_externalResidue_le_sqrt_energy_dissipation,
RequestProject/NavierStokes/WaleffeExternalCrossTriadCells.lean,RequestProject.NavierStokes.WaleffeExternalCrossTriadCells,642,theorem,selected_external_residue_le,ClayNS.Waleffe.GalerkinFlow,ClayNS.Waleffe.GalerkinFlow.selected_external_residue_le,
RequestProject/NavierStokes/WaleffeExternalCrossTriadCells.lean,RequestProject.NavierStokes.WaleffeExternalCrossTriadCells,699,theorem,selected_external_residue_integrated_le,ClayNS.Waleffe.GalerkinFlow,ClayNS.Waleffe.GalerkinFlow.selected_external_residue_integrated_le,
RequestProject/NavierStokes/WaleffeExternalForcingSplit.lean,RequestProject.NavierStokes.WaleffeExternalForcingSplit,45,def,externalAdvection,ClayNS.Waleffe,ClayNS.Waleffe.externalAdvection,
RequestProject/NavierStokes/WaleffeExternalForcingSplit.lean,RequestProject.NavierStokes.WaleffeExternalForcingSplit,53,theorem,advection_self_external_split,ClayNS.Waleffe,ClayNS.Waleffe.advection_self_external_split,
RequestProject/NavierStokes/WaleffeExternalForcingSplit.lean,RequestProject.NavierStokes.WaleffeExternalForcingSplit,80,theorem,modalForcing_self_external_split,ClayNS.Waleffe,ClayNS.Waleffe.modalForcing_self_external_split,
RequestProject/NavierStokes/WaleffeExternalForcingSplit.lean,RequestProject.NavierStokes.WaleffeExternalForcingSplit,93,theorem,herm_force_pair_split,ClayNS.Waleffe,ClayNS.Waleffe.herm_force_pair_split,
RequestProject/NavierStokes/WaleffeExternalForcingSplit.lean,RequestProject.NavierStokes.WaleffeExternalForcingSplit,108,theorem,abs_herm_force_pair_le,ClayNS.Waleffe,ClayNS.Waleffe.abs_herm_force_pair_le,
RequestProject/NavierStokes/WaleffeExternalForcingSplit.lean,RequestProject.NavierStokes.WaleffeExternalForcingSplit,137,def,externalResidue,ClayNS.Waleffe.GalerkinFlow,ClayNS.Waleffe.GalerkinFlow.externalResidue,
RequestProject/NavierStokes/WaleffeExternalForcingSplit.lean,RequestProject.NavierStokes.WaleffeExternalForcingSplit,145,theorem,selected_pair_forcing_le,ClayNS.Waleffe.GalerkinFlow,ClayNS.Waleffe.GalerkinFlow.selected_pair_forcing_le,
RequestProject/NavierStokes/WaleffeExternalForcingSplit.lean,RequestProject.NavierStokes.WaleffeExternalForcingSplit,178,theorem,continuous_externalAdvection,ClayNS.Waleffe.GalerkinFlow,ClayNS.Waleffe.GalerkinFlow.continuous_externalAdvection,
RequestProject/NavierStokes/WaleffeExternalForcingSplit.lean,RequestProject.NavierStokes.WaleffeExternalForcingSplit,187,theorem,continuous_externalResidue,ClayNS.Waleffe.GalerkinFlow,ClayNS.Waleffe.GalerkinFlow.continuous_externalResidue,
RequestProject/NavierStokes/WaleffeExternalForcingSplit.lean,RequestProject.NavierStokes.WaleffeExternalForcingSplit,198,theorem,selected_pair_forcing_integrated_le,ClayNS.Waleffe.GalerkinFlow,ClayNS.Waleffe.GalerkinFlow.selected_pair_forcing_integrated_le,
RequestProject/NavierStokes/WaleffeForcingMajorant.lean,RequestProject.NavierStokes.WaleffeForcingMajorant,45,theorem,nrm_eq_norm,ClayNS.Waleffe,ClayNS.Waleffe.nrm_eq_norm,
RequestProject/NavierStokes/WaleffeForcingMajorant.lean,RequestProject.NavierStokes.WaleffeForcingMajorant,52,theorem,nrm_add_le,ClayNS.Waleffe,ClayNS.Waleffe.nrm_add_le,
RequestProject/NavierStokes/WaleffeForcingMajorant.lean,RequestProject.NavierStokes.WaleffeForcingMajorant,59,theorem,nrm_sum_le,ClayNS.Waleffe,ClayNS.Waleffe.nrm_sum_le,
RequestProject/NavierStokes/WaleffeForcingMajorant.lean,RequestProject.NavierStokes.WaleffeForcingMajorant,74,theorem,nrm_const_mul,ClayNS.Waleffe,ClayNS.Waleffe.nrm_const_mul,
RequestProject/NavierStokes/WaleffeForcingMajorant.lean,RequestProject.NavierStokes.WaleffeForcingMajorant,81,theorem,abs_bilin_le,ClayNS.Waleffe,ClayNS.Waleffe.abs_bilin_le,
RequestProject/NavierStokes/WaleffeForcingMajorant.lean,RequestProject.NavierStokes.WaleffeForcingMajorant,96,theorem,nrm_wC,ClayNS.Waleffe,ClayNS.Waleffe.nrm_wC,
RequestProject/NavierStokes/WaleffeForcingMajorant.lean,RequestProject.NavierStokes.WaleffeForcingMajorant,105,theorem,herm_add_left,ClayNS.Waleffe,ClayNS.Waleffe.herm_add_left,
RequestProject/NavierStokes/WaleffeForcingMajorant.lean,RequestProject.NavierStokes.WaleffeForcingMajorant,109,theorem,herm_smul_left,ClayNS.Waleffe,ClayNS.Waleffe.herm_smul_left,
RequestProject/NavierStokes/WaleffeForcingMajorant.lean,RequestProject.NavierStokes.WaleffeForcingMajorant,117,theorem,nsq_add_of_herm_zero,ClayNS.Waleffe,ClayNS.Waleffe.nsq_add_of_herm_zero,
RequestProject/NavierStokes/WaleffeForcingMajorant.lean,RequestProject.NavierStokes.WaleffeForcingMajorant,131,theorem,nsq_leray_add,ClayNS.Waleffe,ClayNS.Waleffe.nsq_leray_add,
RequestProject/NavierStokes/WaleffeForcingMajorant.lean,RequestProject.NavierStokes.WaleffeForcingMajorant,148,theorem,nsq_leray_le,ClayNS.Waleffe,ClayNS.Waleffe.nsq_leray_le,
RequestProject/NavierStokes/WaleffeForcingMajorant.lean,RequestProject.NavierStokes.WaleffeForcingMajorant,154,theorem,nrm_leray_le,ClayNS.Waleffe,ClayNS.Waleffe.nrm_leray_le,
RequestProject/NavierStokes/WaleffeForcingMajorant.lean,RequestProject.NavierStokes.WaleffeForcingMajorant,158,theorem,nrm_neg,ClayNS.Waleffe,ClayNS.Waleffe.nrm_neg,
RequestProject/NavierStokes/WaleffeForcingMajorant.lean,RequestProject.NavierStokes.WaleffeForcingMajorant,164,def,forcingMajorant,ClayNS.Waleffe,ClayNS.Waleffe.forcingMajorant,
RequestProject/NavierStokes/WaleffeForcingMajorant.lean,RequestProject.NavierStokes.WaleffeForcingMajorant,170,theorem,nrm_modalForcing_le,ClayNS.Waleffe,ClayNS.Waleffe.nrm_modalForcing_le,
RequestProject/NavierStokes/WaleffeForcingMajorant.lean,RequestProject.NavierStokes.WaleffeForcingMajorant,208,theorem,force3_majorant,ClayNS.Waleffe,ClayNS.Waleffe.force3_majorant,
RequestProject/NavierStokes/WaleffeForcingMajorant.lean,RequestProject.NavierStokes.WaleffeForcingMajorant,244,theorem,advection_smul,ClayNS.Waleffe,ClayNS.Waleffe.advection_smul,
RequestProject/NavierStokes/WaleffeForcingMajorant.lean,RequestProject.NavierStokes.WaleffeForcingMajorant,256,theorem,leray_smul,ClayNS.Waleffe,ClayNS.Waleffe.leray_smul,
RequestProject/NavierStokes/WaleffeForcingMajorant.lean,RequestProject.NavierStokes.WaleffeForcingMajorant,263,theorem,modalForcing_smul,ClayNS.Waleffe,ClayNS.Waleffe.modalForcing_smul,
RequestProject/NavierStokes/WaleffeForcingMajorant.lean,RequestProject.NavierStokes.WaleffeForcingMajorant,274,theorem,netForcingC_smul,ClayNS.Waleffe,ClayNS.Waleffe.netForcingC_smul,
RequestProject/NavierStokes/WaleffeForcingMajorant.lean,RequestProject.NavierStokes.WaleffeForcingMajorant,284,theorem,netForcing_smul,ClayNS.Waleffe,ClayNS.Waleffe.netForcing_smul,
RequestProject/NavierStokes/WaleffeGalerkinEnergy.lean,RequestProject.NavierStokes.WaleffeGalerkinEnergy,29,theorem,herm_sum_right,ClayNS.Waleffe,ClayNS.Waleffe.herm_sum_right,
RequestProject/NavierStokes/WaleffeGalerkinEnergy.lean,RequestProject.NavierStokes.WaleffeGalerkinEnergy,34,theorem,dotb_add_right,ClayNS.Waleffe,ClayNS.Waleffe.dotb_add_right,
RequestProject/NavierStokes/WaleffeGalerkinEnergy.lean,RequestProject.NavierStokes.WaleffeGalerkinEnergy,38,theorem,dotb_transverse,ClayNS.Waleffe,ClayNS.Waleffe.dotb_transverse,
RequestProject/NavierStokes/WaleffeGalerkinEnergy.lean,RequestProject.NavierStokes.WaleffeGalerkinEnergy,45,theorem,herm_wC_right_of_transverse,ClayNS.Waleffe,ClayNS.Waleffe.herm_wC_right_of_transverse,
RequestProject/NavierStokes/WaleffeGalerkinEnergy.lean,RequestProject.NavierStokes.WaleffeGalerkinEnergy,51,theorem,dotb_conj,ClayNS.Waleffe,ClayNS.Waleffe.dotb_conj,
RequestProject/NavierStokes/WaleffeGalerkinEnergy.lean,RequestProject.NavierStokes.WaleffeGalerkinEnergy,56,theorem,conj_wC,ClayNS.Waleffe,ClayNS.Waleffe.conj_wC,
RequestProject/NavierStokes/WaleffeGalerkinEnergy.lean,RequestProject.NavierStokes.WaleffeGalerkinEnergy,64,def,convPairs,ClayNS.Waleffe,ClayNS.Waleffe.convPairs,
RequestProject/NavierStokes/WaleffeGalerkinEnergy.lean,RequestProject.NavierStokes.WaleffeGalerkinEnergy,67,theorem,mem_convPairs,ClayNS.Waleffe,ClayNS.Waleffe.mem_convPairs,
RequestProject/NavierStokes/WaleffeGalerkinEnergy.lean,RequestProject.NavierStokes.WaleffeGalerkinEnergy,72,theorem,mem_convPairs_iff,ClayNS.Waleffe,ClayNS.Waleffe.mem_convPairs_iff,
RequestProject/NavierStokes/WaleffeGalerkinEnergy.lean,RequestProject.NavierStokes.WaleffeGalerkinEnergy,78,def,convFlip,ClayNS.Waleffe,ClayNS.Waleffe.convFlip,
RequestProject/NavierStokes/WaleffeGalerkinEnergy.lean,RequestProject.NavierStokes.WaleffeGalerkinEnergy,80,theorem,convFlip_involutive,ClayNS.Waleffe,ClayNS.Waleffe.convFlip_involutive,
RequestProject/NavierStokes/WaleffeGalerkinEnergy.lean,RequestProject.NavierStokes.WaleffeGalerkinEnergy,83,theorem,convFlip_mem,ClayNS.Waleffe,ClayNS.Waleffe.convFlip_mem,
RequestProject/NavierStokes/WaleffeGalerkinEnergy.lean,RequestProject.NavierStokes.WaleffeGalerkinEnergy,94,def,convTerm,ClayNS.Waleffe,ClayNS.Waleffe.convTerm,
RequestProject/NavierStokes/WaleffeGalerkinEnergy.lean,RequestProject.NavierStokes.WaleffeGalerkinEnergy,97,theorem,convTerm_conj_add_flip,ClayNS.Waleffe,ClayNS.Waleffe.convTerm_conj_add_flip,
RequestProject/NavierStokes/WaleffeGalerkinEnergy.lean,RequestProject.NavierStokes.WaleffeGalerkinEnergy,147,def,symCore,ClayNS.Waleffe,ClayNS.Waleffe.symCore,
RequestProject/NavierStokes/WaleffeGalerkinEnergy.lean,RequestProject.NavierStokes.WaleffeGalerkinEnergy,149,theorem,symCore_subset,ClayNS.Waleffe,ClayNS.Waleffe.symCore_subset,
RequestProject/NavierStokes/WaleffeGalerkinEnergy.lean,RequestProject.NavierStokes.WaleffeGalerkinEnergy,152,theorem,mem_symCore,ClayNS.Waleffe,ClayNS.Waleffe.mem_symCore,
RequestProject/NavierStokes/WaleffeGalerkinEnergy.lean,RequestProject.NavierStokes.WaleffeGalerkinEnergy,156,theorem,symCore_symmetric,ClayNS.Waleffe,ClayNS.Waleffe.symCore_symmetric,
RequestProject/NavierStokes/WaleffeGalerkinEnergy.lean,RequestProject.NavierStokes.WaleffeGalerkinEnergy,165,theorem,u_zero_of_neg_not_mem,ClayNS.Waleffe.GalerkinFlow,ClayNS.Waleffe.GalerkinFlow.u_zero_of_neg_not_mem,
RequestProject/NavierStokes/WaleffeGalerkinEnergy.lean,RequestProject.NavierStokes.WaleffeGalerkinEnergy,174,theorem,u_zero_of_not_mem_symCore,ClayNS.Waleffe.GalerkinFlow,ClayNS.Waleffe.GalerkinFlow.u_zero_of_not_mem_symCore,
RequestProject/NavierStokes/WaleffeGalerkinEnergy.lean,RequestProject.NavierStokes.WaleffeGalerkinEnergy,185,theorem,sum_convTerm_re_eq_zero,ClayNS.Waleffe,ClayNS.Waleffe.sum_convTerm_re_eq_zero,
RequestProject/NavierStokes/WaleffeGalerkinEnergy.lean,RequestProject.NavierStokes.WaleffeGalerkinEnergy,219,theorem,u_zero_of_not_mem_symCore_of,ClayNS.Waleffe,ClayNS.Waleffe.u_zero_of_not_mem_symCore_of,
RequestProject/NavierStokes/WaleffeGalerkinEnergy.lean,RequestProject.NavierStokes.WaleffeGalerkinEnergy,235,theorem,herm_advection_eq_sum_of,ClayNS.Waleffe,ClayNS.Waleffe.herm_advection_eq_sum_of,
RequestProject/NavierStokes/WaleffeGalerkinEnergy.lean,RequestProject.NavierStokes.WaleffeGalerkinEnergy,262,theorem,force_energy_neutral_of,ClayNS.Waleffe,ClayNS.Waleffe.force_energy_neutral_of,
RequestProject/NavierStokes/WaleffeGalerkinEnergy.lean,RequestProject.NavierStokes.WaleffeGalerkinEnergy,332,theorem,herm_advection_eq_sum,ClayNS.Waleffe.GalerkinFlow,ClayNS.Waleffe.GalerkinFlow.herm_advection_eq_sum,
RequestProject/NavierStokes/WaleffeGalerkinEnergy.lean,RequestProject.NavierStokes.WaleffeGalerkinEnergy,342,theorem,force_energy_neutral,ClayNS.Waleffe.GalerkinFlow,ClayNS.Waleffe.GalerkinFlow.force_energy_neutral,
RequestProject/NavierStokes/WaleffeGalerkinEnergy.lean,RequestProject.NavierStokes.WaleffeGalerkinEnergy,352,theorem,normSq_hasDerivAt,ClayNS.Waleffe,ClayNS.Waleffe.normSq_hasDerivAt,
RequestProject/NavierStokes/WaleffeGalerkinEnergy.lean,RequestProject.NavierStokes.WaleffeGalerkinEnergy,367,theorem,nsq_hasDerivAt,ClayNS.Waleffe,ClayNS.Waleffe.nsq_hasDerivAt,
RequestProject/NavierStokes/WaleffeGalerkinEnergy.lean,RequestProject.NavierStokes.WaleffeGalerkinEnergy,384,def,energy,ClayNS.Waleffe.GalerkinFlow,ClayNS.Waleffe.GalerkinFlow.energy,
RequestProject/NavierStokes/WaleffeGalerkinEnergy.lean,RequestProject.NavierStokes.WaleffeGalerkinEnergy,387,def,dissipation,ClayNS.Waleffe.GalerkinFlow,ClayNS.Waleffe.GalerkinFlow.dissipation,
RequestProject/NavierStokes/WaleffeGalerkinEnergy.lean,RequestProject.NavierStokes.WaleffeGalerkinEnergy,389,theorem,energy_nonneg,ClayNS.Waleffe.GalerkinFlow,ClayNS.Waleffe.GalerkinFlow.energy_nonneg,
RequestProject/NavierStokes/WaleffeGalerkinEnergy.lean,RequestProject.NavierStokes.WaleffeGalerkinEnergy,392,theorem,dissipation_nonneg,ClayNS.Waleffe.GalerkinFlow,ClayNS.Waleffe.GalerkinFlow.dissipation_nonneg,
RequestProject/NavierStokes/WaleffeGalerkinEnergy.lean,RequestProject.NavierStokes.WaleffeGalerkinEnergy,395,theorem,energy_eq_wienerL2_sq,ClayNS.Waleffe.GalerkinFlow,ClayNS.Waleffe.GalerkinFlow.energy_eq_wienerL2_sq,
RequestProject/NavierStokes/WaleffeGalerkinEnergy.lean,RequestProject.NavierStokes.WaleffeGalerkinEnergy,399,theorem,dissipation_eq_wienerH1_sq,ClayNS.Waleffe.GalerkinFlow,ClayNS.Waleffe.GalerkinFlow.dissipation_eq_wienerH1_sq,
RequestProject/NavierStokes/WaleffeGalerkinEnergy.lean,RequestProject.NavierStokes.WaleffeGalerkinEnergy,405,theorem,energy_hasDerivAt,ClayNS.Waleffe.GalerkinFlow,ClayNS.Waleffe.GalerkinFlow.energy_hasDerivAt,
RequestProject/NavierStokes/WaleffeGalerkinEnergy.lean,RequestProject.NavierStokes.WaleffeGalerkinEnergy,443,theorem,continuous_energy,ClayNS.Waleffe.GalerkinFlow,ClayNS.Waleffe.GalerkinFlow.continuous_energy,
RequestProject/NavierStokes/WaleffeGalerkinEnergy.lean,RequestProject.NavierStokes.WaleffeGalerkinEnergy,446,theorem,continuous_dissipation,ClayNS.Waleffe.GalerkinFlow,ClayNS.Waleffe.GalerkinFlow.continuous_dissipation,
RequestProject/NavierStokes/WaleffeGalerkinEnergy.lean,RequestProject.NavierStokes.WaleffeGalerkinEnergy,450,theorem,energy_balance,ClayNS.Waleffe.GalerkinFlow,ClayNS.Waleffe.GalerkinFlow.energy_balance,
RequestProject/NavierStokes/WaleffeGalerkinEnergy.lean,RequestProject.NavierStokes.WaleffeGalerkinEnergy,465,theorem,energy_le_initial,ClayNS.Waleffe.GalerkinFlow,ClayNS.Waleffe.GalerkinFlow.energy_le_initial,
RequestProject/NavierStokes/WaleffeGalerkinEnergy.lean,RequestProject.NavierStokes.WaleffeGalerkinEnergy,472,theorem,integral_dissipation_le,ClayNS.Waleffe.GalerkinFlow,ClayNS.Waleffe.GalerkinFlow.integral_dissipation_le,
RequestProject/NavierStokes/WaleffeHighHighOutputGain.lean,RequestProject.NavierStokes.WaleffeHighHighOutputGain,70,def,wdot,ClayNS.Waleffe,ClayNS.Waleffe.wdot,
RequestProject/NavierStokes/WaleffeHighHighOutputGain.lean,RequestProject.NavierStokes.WaleffeHighHighOutputGain,73,def,wcross,ClayNS.Waleffe,ClayNS.Waleffe.wcross,
RequestProject/NavierStokes/WaleffeHighHighOutputGain.lean,RequestProject.NavierStokes.WaleffeHighHighOutputGain,80,def,wcrossSq,ClayNS.Waleffe,ClayNS.Waleffe.wcrossSq,
RequestProject/NavierStokes/WaleffeHighHighOutputGain.lean,RequestProject.NavierStokes.WaleffeHighHighOutputGain,82,theorem,wdot_self,ClayNS.Waleffe,ClayNS.Waleffe.wdot_self,
RequestProject/NavierStokes/WaleffeHighHighOutputGain.lean,RequestProject.NavierStokes.WaleffeHighHighOutputGain,85,theorem,wdot_comm,ClayNS.Waleffe,ClayNS.Waleffe.wdot_comm,
RequestProject/NavierStokes/WaleffeHighHighOutputGain.lean,RequestProject.NavierStokes.WaleffeHighHighOutputGain,88,theorem,wcrossSq_nonneg,ClayNS.Waleffe,ClayNS.Waleffe.wcrossSq_nonneg,
RequestProject/NavierStokes/WaleffeHighHighOutputGain.lean,RequestProject.NavierStokes.WaleffeHighHighOutputGain,92,theorem,wcrossSq_eq,ClayNS.Waleffe,ClayNS.Waleffe.wcrossSq_eq,
RequestProject/NavierStokes/WaleffeHighHighOutputGain.lean,RequestProject.NavierStokes.WaleffeHighHighOutputGain,100,theorem,wdot_sq_le,ClayNS.Waleffe,ClayNS.Waleffe.wdot_sq_le,
RequestProject/NavierStokes/WaleffeHighHighOutputGain.lean,RequestProject.NavierStokes.WaleffeHighHighOutputGain,106,theorem,abs_wdot_le,ClayNS.Waleffe,ClayNS.Waleffe.abs_wdot_le,
RequestProject/NavierStokes/WaleffeHighHighOutputGain.lean,RequestProject.NavierStokes.WaleffeHighHighOutputGain,116,theorem,wlen_sq,ClayNS.Waleffe,ClayNS.Waleffe.wlen_sq,
RequestProject/NavierStokes/WaleffeHighHighOutputGain.lean,RequestProject.NavierStokes.WaleffeHighHighOutputGain,120,theorem,wsq_sub,ClayNS.Waleffe,ClayNS.Waleffe.wsq_sub,
RequestProject/NavierStokes/WaleffeHighHighOutputGain.lean,RequestProject.NavierStokes.WaleffeHighHighOutputGain,125,theorem,wsq_add,ClayNS.Waleffe,ClayNS.Waleffe.wsq_add,
RequestProject/NavierStokes/WaleffeHighHighOutputGain.lean,RequestProject.NavierStokes.WaleffeHighHighOutputGain,130,theorem,wdot_sub_right,ClayNS.Waleffe,ClayNS.Waleffe.wdot_sub_right,
RequestProject/NavierStokes/WaleffeHighHighOutputGain.lean,RequestProject.NavierStokes.WaleffeHighHighOutputGain,137,theorem,wsq_sub_wsq_eq_wdot,ClayNS.Waleffe,ClayNS.Waleffe.wsq_sub_wsq_eq_wdot,
RequestProject/NavierStokes/WaleffeHighHighOutputGain.lean,RequestProject.NavierStokes.WaleffeHighHighOutputGain,145,theorem,wsq_sub_partner,ClayNS.Waleffe,ClayNS.Waleffe.wsq_sub_partner,
RequestProject/NavierStokes/WaleffeHighHighOutputGain.lean,RequestProject.NavierStokes.WaleffeHighHighOutputGain,159,theorem,sq_gap_add_crossSq_eq,ClayNS.Waleffe,ClayNS.Waleffe.sq_gap_add_crossSq_eq,
RequestProject/NavierStokes/WaleffeHighHighOutputGain.lean,RequestProject.NavierStokes.WaleffeHighHighOutputGain,171,theorem,gap_mul_sum_eq_abs_wdot,ClayNS.Waleffe,ClayNS.Waleffe.gap_mul_sum_eq_abs_wdot,
RequestProject/NavierStokes/WaleffeHighHighOutputGain.lean,RequestProject.NavierStokes.WaleffeHighHighOutputGain,191,theorem,gap_mul_sum_le,ClayNS.Waleffe,ClayNS.Waleffe.gap_mul_sum_le,
RequestProject/NavierStokes/WaleffeHighHighOutputGain.lean,RequestProject.NavierStokes.WaleffeHighHighOutputGain,206,theorem,abs_wlen_sub_le_output_of_square_gap,ClayNS.Waleffe,ClayNS.Waleffe.abs_wlen_sub_le_output_of_square_gap,
RequestProject/NavierStokes/WaleffeHighHighOutputGain.lean,RequestProject.NavierStokes.WaleffeHighHighOutputGain,228,theorem,abs_helicity_gap_le_output_of_square_gap,ClayNS.Waleffe,ClayNS.Waleffe.abs_helicity_gap_le_output_of_square_gap,
RequestProject/NavierStokes/WaleffeHighHighOutputGain.lean,RequestProject.NavierStokes.WaleffeHighHighOutputGain,249,theorem,hhlow_gap_mul_le,ClayNS.Waleffe,ClayNS.Waleffe.hhlow_gap_mul_le,
RequestProject/NavierStokes/WaleffeHighHighOutputGain.lean,RequestProject.NavierStokes.WaleffeHighHighOutputGain,290,theorem,hhlow_gap_le_div,ClayNS.Waleffe,ClayNS.Waleffe.hhlow_gap_le_div,
RequestProject/NavierStokes/WaleffeHighHighOutputGain.lean,RequestProject.NavierStokes.WaleffeHighHighOutputGain,311,theorem,hhlow_gap_le_of_transverse,ClayNS.Waleffe,ClayNS.Waleffe.hhlow_gap_le_of_transverse,
RequestProject/NavierStokes/WaleffeHighHighOutputGain.lean,RequestProject.NavierStokes.WaleffeHighHighOutputGain,355,theorem,abs_bonyCells_HHlow_transverse_le,ClayNS.Waleffe,ClayNS.Waleffe.abs_bonyCells_HHlow_transverse_le,
RequestProject/NavierStokes/WaleffeHighHighOutputGain.lean,RequestProject.NavierStokes.WaleffeHighHighOutputGain,403,theorem,wlen_pos_of_wsq_ne_zero,ClayNS.Waleffe,ClayNS.Waleffe.wlen_pos_of_wsq_ne_zero,
RequestProject/NavierStokes/WaleffeHighHighOutputGain.lean,RequestProject.NavierStokes.WaleffeHighHighOutputGain,417,theorem,abs_bonyCells_HHlow_alignment_le,ClayNS.Waleffe,ClayNS.Waleffe.abs_bonyCells_HHlow_alignment_le,
RequestProject/NavierStokes/WaleffeHighHighOutputGain.lean,RequestProject.NavierStokes.WaleffeHighHighOutputGain,465,theorem,leray_cross_eq_zero_of_orthogonal,ClayNS.Waleffe,ClayNS.Waleffe.leray_cross_eq_zero_of_orthogonal,
RequestProject/NavierStokes/WaleffeHighHighOutputGain.lean,RequestProject.NavierStokes.WaleffeHighHighOutputGain,493,def,WaveCollinear,ClayNS.Waleffe,ClayNS.Waleffe.WaveCollinear,
RequestProject/NavierStokes/WaleffeHighHighOutputGain.lean,RequestProject.NavierStokes.WaleffeHighHighOutputGain,495,theorem,waveCollinear_partner,ClayNS.Waleffe,ClayNS.Waleffe.waveCollinear_partner,
RequestProject/NavierStokes/WaleffeHighHighOutputGain.lean,RequestProject.NavierStokes.WaleffeHighHighOutputGain,505,theorem,herm_wC_eq_zero_of_collinear,ClayNS.Waleffe,ClayNS.Waleffe.herm_wC_eq_zero_of_collinear,
RequestProject/NavierStokes/WaleffeHighHighOutputGain.lean,RequestProject.NavierStokes.WaleffeHighHighOutputGain,530,theorem,crossCell_partner_sum_eq_zero_of_collinear,ClayNS.Waleffe,ClayNS.Waleffe.crossCell_partner_sum_eq_zero_of_collinear,
RequestProject/NavierStokes/WaleffeHighHighOutputGain.lean,RequestProject.NavierStokes.WaleffeHighHighOutputGain,560,theorem,cross_wC_cross,ClayNS.Waleffe,ClayNS.Waleffe.cross_wC_cross,
RequestProject/NavierStokes/WaleffeHighHighOutputGain.lean,RequestProject.NavierStokes.WaleffeHighHighOutputGain,567,theorem,cross_wC_leray,ClayNS.Waleffe,ClayNS.Waleffe.cross_wC_leray,
RequestProject/NavierStokes/WaleffeHighHighOutputGain.lean,RequestProject.NavierStokes.WaleffeHighHighOutputGain,572,theorem,nrm_cross_wC_of_herm_zero,ClayNS.Waleffe,ClayNS.Waleffe.nrm_cross_wC_of_herm_zero,
RequestProject/NavierStokes/WaleffeHighHighOutputGain.lean,RequestProject.NavierStokes.WaleffeHighHighOutputGain,580,theorem,wlen_mul_nrm_leray_cross_le,ClayNS.Waleffe,ClayNS.Waleffe.wlen_mul_nrm_leray_cross_le,
RequestProject/NavierStokes/WaleffeHighHighOutputGain.lean,RequestProject.NavierStokes.WaleffeHighHighOutputGain,599,def,outTrans,ClayNS.Waleffe,ClayNS.Waleffe.outTrans,
RequestProject/NavierStokes/WaleffeHighHighOutputGain.lean,RequestProject.NavierStokes.WaleffeHighHighOutputGain,602,theorem,abs_herm_wC_le_of_transverse,ClayNS.Waleffe,ClayNS.Waleffe.abs_herm_wC_le_of_transverse,
RequestProject/NavierStokes/WaleffeHighHighOutputGain.lean,RequestProject.NavierStokes.WaleffeHighHighOutputGain,630,theorem,wlen_mul_nrm_leray_cross_le_outTrans,ClayNS.Waleffe,ClayNS.Waleffe.wlen_mul_nrm_leray_cross_le_outTrans,
RequestProject/NavierStokes/WaleffeHighHighOutputGain.lean,RequestProject.NavierStokes.WaleffeHighHighOutputGain,645,theorem,abs_crossCell_partner_sum_angular_le,ClayNS.Waleffe,ClayNS.Waleffe.abs_crossCell_partner_sum_angular_le,
RequestProject/NavierStokes/WaleffeHighHighOutputGain.lean,RequestProject.NavierStokes.WaleffeHighHighOutputGain,707,theorem,abs_bonyCells_HHlow_transverse_le,ClayNS.Waleffe.GalerkinFlow,ClayNS.Waleffe.GalerkinFlow.abs_bonyCells_HHlow_transverse_le,
RequestProject/NavierStokes/WaleffeHighHighOutputGain.lean,RequestProject.NavierStokes.WaleffeHighHighOutputGain,727,theorem,crossCell_partner_sum_eq_zero_of_collinear,ClayNS.Waleffe.GalerkinFlow,ClayNS.Waleffe.GalerkinFlow.crossCell_partner_sum_eq_zero_of_collinear,
RequestProject/NavierStokes/WaleffeIntegratedPayment.lean,RequestProject.NavierStokes.WaleffeIntegratedPayment,39,theorem,triad_reverse_triangle,ClayNS.Waleffe,ClayNS.Waleffe.triad_reverse_triangle,
RequestProject/NavierStokes/WaleffeIntegratedPayment.lean,RequestProject.NavierStokes.WaleffeIntegratedPayment,51,theorem,phase_damping_payment,ClayNS.Waleffe,ClayNS.Waleffe.phase_damping_payment,
RequestProject/NavierStokes/WaleffeIntegratedPayment.lean,RequestProject.NavierStokes.WaleffeIntegratedPayment,63,theorem,kato_integrated_payment,ClayNS.Waleffe,ClayNS.Waleffe.kato_integrated_payment,
RequestProject/NavierStokes/WaleffeIntegratedPayment.lean,RequestProject.NavierStokes.WaleffeIntegratedPayment,177,theorem,cell_integrated_production_payment,ClayNS.Waleffe,ClayNS.Waleffe.cell_integrated_production_payment,
RequestProject/NavierStokes/WaleffeIntegratedPayment.lean,RequestProject.NavierStokes.WaleffeIntegratedPayment,205,theorem,finite_production_payment,ClayNS.Waleffe,ClayNS.Waleffe.finite_production_payment,
RequestProject/NavierStokes/WaleffeNetworkForcingBudget.lean,RequestProject.NavierStokes.WaleffeNetworkForcingBudget,51,abbrev,Wave,ClayNS.Waleffe,ClayNS.Waleffe.Wave,
RequestProject/NavierStokes/WaleffeNetworkForcingBudget.lean,RequestProject.NavierStokes.WaleffeNetworkForcingBudget,54,def,wsq,ClayNS.Waleffe,ClayNS.Waleffe.wsq,
RequestProject/NavierStokes/WaleffeNetworkForcingBudget.lean,RequestProject.NavierStokes.WaleffeNetworkForcingBudget,57,def,wC,ClayNS.Waleffe,ClayNS.Waleffe.wC,
RequestProject/NavierStokes/WaleffeNetworkForcingBudget.lean,RequestProject.NavierStokes.WaleffeNetworkForcingBudget,60,def,leray,ClayNS.Waleffe,ClayNS.Waleffe.leray,
RequestProject/NavierStokes/WaleffeNetworkForcingBudget.lean,RequestProject.NavierStokes.WaleffeNetworkForcingBudget,63,theorem,wsq_cast,ClayNS.Waleffe,ClayNS.Waleffe.wsq_cast,
RequestProject/NavierStokes/WaleffeNetworkForcingBudget.lean,RequestProject.NavierStokes.WaleffeNetworkForcingBudget,67,theorem,herm_self,ClayNS.Waleffe,ClayNS.Waleffe.herm_self,
RequestProject/NavierStokes/WaleffeNetworkForcingBudget.lean,RequestProject.NavierStokes.WaleffeNetworkForcingBudget,72,theorem,herm_conj,ClayNS.Waleffe,ClayNS.Waleffe.herm_conj,
RequestProject/NavierStokes/WaleffeNetworkForcingBudget.lean,RequestProject.NavierStokes.WaleffeNetworkForcingBudget,75,theorem,herm_add_right,ClayNS.Waleffe,ClayNS.Waleffe.herm_add_right,
RequestProject/NavierStokes/WaleffeNetworkForcingBudget.lean,RequestProject.NavierStokes.WaleffeNetworkForcingBudget,79,theorem,herm_smul_right,ClayNS.Waleffe,ClayNS.Waleffe.herm_smul_right,
RequestProject/NavierStokes/WaleffeNetworkForcingBudget.lean,RequestProject.NavierStokes.WaleffeNetworkForcingBudget,87,theorem,herm_wC_leray,ClayNS.Waleffe,ClayNS.Waleffe.herm_wC_leray,
RequestProject/NavierStokes/WaleffeNetworkForcingBudget.lean,RequestProject.NavierStokes.WaleffeNetworkForcingBudget,99,theorem,herm_leray_self,ClayNS.Waleffe,ClayNS.Waleffe.herm_leray_self,
RequestProject/NavierStokes/WaleffeNetworkForcingBudget.lean,RequestProject.NavierStokes.WaleffeNetworkForcingBudget,123,def,advection,ClayNS.Waleffe,ClayNS.Waleffe.advection,
RequestProject/NavierStokes/WaleffeNetworkForcingBudget.lean,RequestProject.NavierStokes.WaleffeNetworkForcingBudget,128,def,modalForcing,ClayNS.Waleffe,ClayNS.Waleffe.modalForcing,
RequestProject/NavierStokes/WaleffeNetworkForcingBudget.lean,RequestProject.NavierStokes.WaleffeNetworkForcingBudget,132,def,wlen,ClayNS.Waleffe,ClayNS.Waleffe.wlen,
RequestProject/NavierStokes/WaleffeNetworkForcingBudget.lean,RequestProject.NavierStokes.WaleffeNetworkForcingBudget,139,structure,GalerkinFlow,ClayNS.Waleffe,ClayNS.Waleffe.GalerkinFlow,
RequestProject/NavierStokes/WaleffeNetworkForcingBudget.lean,RequestProject.NavierStokes.WaleffeNetworkForcingBudget,166,def,force,ClayNS.Waleffe.GalerkinFlow,ClayNS.Waleffe.GalerkinFlow.force,
RequestProject/NavierStokes/WaleffeNetworkForcingBudget.lean,RequestProject.NavierStokes.WaleffeNetworkForcingBudget,169,def,amp,ClayNS.Waleffe.GalerkinFlow,ClayNS.Waleffe.GalerkinFlow.amp,
RequestProject/NavierStokes/WaleffeNetworkForcingBudget.lean,RequestProject.NavierStokes.WaleffeNetworkForcingBudget,172,def,gamma,ClayNS.Waleffe.GalerkinFlow,ClayNS.Waleffe.GalerkinFlow.gamma,
RequestProject/NavierStokes/WaleffeNetworkForcingBudget.lean,RequestProject.NavierStokes.WaleffeNetworkForcingBudget,175,def,force3,ClayNS.Waleffe.GalerkinFlow,ClayNS.Waleffe.GalerkinFlow.force3,
RequestProject/NavierStokes/WaleffeNetworkForcingBudget.lean,RequestProject.NavierStokes.WaleffeNetworkForcingBudget,182,theorem,triad_amplitude_ode,ClayNS.Waleffe.GalerkinFlow,ClayNS.Waleffe.GalerkinFlow.triad_amplitude_ode,
RequestProject/NavierStokes/WaleffeNetworkForcingBudget.lean,RequestProject.NavierStokes.WaleffeNetworkForcingBudget,199,def,triads,ClayNS.Waleffe,ClayNS.Waleffe.triads,
RequestProject/NavierStokes/WaleffeNetworkForcingBudget.lean,RequestProject.NavierStokes.WaleffeNetworkForcingBudget,202,theorem,mem_triads,ClayNS.Waleffe,ClayNS.Waleffe.mem_triads,
RequestProject/NavierStokes/WaleffeNetworkForcingBudget.lean,RequestProject.NavierStokes.WaleffeNetworkForcingBudget,209,def,RapidlyDecaying,ClayNS.Waleffe,ClayNS.Waleffe.RapidlyDecaying,
RequestProject/NavierStokes/WaleffeNetworkForcingBudget.lean,RequestProject.NavierStokes.WaleffeNetworkForcingBudget,214,def,weightedPositiveForcing,ClayNS.Waleffe,ClayNS.Waleffe.weightedPositiveForcing,
RequestProject/NavierStokes/WaleffeNetworkForcingBudget.lean,RequestProject.NavierStokes.WaleffeNetworkForcingBudget,230,def,PhysicalWeightedPositiveWaleffeNetworkForcingBudget,ClayNS.Waleffe,ClayNS.Waleffe.PhysicalWeightedPositiveWaleffeNetworkForcingBudget,
RequestProject/NavierStokes/WaleffeNetworkForcingBudget.lean,RequestProject.NavierStokes.WaleffeNetworkForcingBudget,241,theorem,weighted_integrated_production_payment,ClayNS.Waleffe,ClayNS.Waleffe.weighted_integrated_production_payment,
RequestProject/NavierStokes/WaleffeOutputGainFibre.lean,RequestProject.NavierStokes.WaleffeOutputGainFibre,53,theorem,cross_triple,ClayNS.Waleffe,ClayNS.Waleffe.cross_triple,
RequestProject/NavierStokes/WaleffeOutputGainFibre.lean,RequestProject.NavierStokes.WaleffeOutputGainFibre,62,theorem,pairAdvection_output_form,ClayNS.Waleffe,ClayNS.Waleffe.pairAdvection_output_form,
RequestProject/NavierStokes/WaleffeOutputGainFibre.lean,RequestProject.NavierStokes.WaleffeOutputGainFibre,87,theorem,leray_pairAdvection_output_le,ClayNS.Waleffe,ClayNS.Waleffe.leray_pairAdvection_output_le,
RequestProject/NavierStokes/WaleffeOutputGainFibre.lean,RequestProject.NavierStokes.WaleffeOutputGainFibre,130,def,advCell,ClayNS.Waleffe,ClayNS.Waleffe.advCell,
RequestProject/NavierStokes/WaleffeOutputGainFibre.lean,RequestProject.NavierStokes.WaleffeOutputGainFibre,133,theorem,advection_eq_sum_advCell,ClayNS.Waleffe,ClayNS.Waleffe.advection_eq_sum_advCell,
RequestProject/NavierStokes/WaleffeOutputGainFibre.lean,RequestProject.NavierStokes.WaleffeOutputGainFibre,139,theorem,advCell_partner,ClayNS.Waleffe,ClayNS.Waleffe.advCell_partner,
RequestProject/NavierStokes/WaleffeOutputGainFibre.lean,RequestProject.NavierStokes.WaleffeOutputGainFibre,151,def,symFibre,ClayNS.Waleffe.GalerkinFlow,ClayNS.Waleffe.GalerkinFlow.symFibre,
RequestProject/NavierStokes/WaleffeOutputGainFibre.lean,RequestProject.NavierStokes.WaleffeOutputGainFibre,153,theorem,modes_subset_symFibre,ClayNS.Waleffe.GalerkinFlow,ClayNS.Waleffe.GalerkinFlow.modes_subset_symFibre,
RequestProject/NavierStokes/WaleffeOutputGainFibre.lean,RequestProject.NavierStokes.WaleffeOutputGainFibre,155,theorem,symFibre_partner,ClayNS.Waleffe.GalerkinFlow,ClayNS.Waleffe.GalerkinFlow.symFibre_partner,
RequestProject/NavierStokes/WaleffeOutputGainFibre.lean,RequestProject.NavierStokes.WaleffeOutputGainFibre,164,theorem,advCell_eq_zero_of_not_mem,ClayNS.Waleffe.GalerkinFlow,ClayNS.Waleffe.GalerkinFlow.advCell_eq_zero_of_not_mem,
RequestProject/NavierStokes/WaleffeOutputGainFibre.lean,RequestProject.NavierStokes.WaleffeOutputGainFibre,170,theorem,sum_advCell_symFibre,ClayNS.Waleffe.GalerkinFlow,ClayNS.Waleffe.GalerkinFlow.sum_advCell_symFibre,
RequestProject/NavierStokes/WaleffeOutputGainFibre.lean,RequestProject.NavierStokes.WaleffeOutputGainFibre,181,theorem,nrm_force_le_output_gain,ClayNS.Waleffe.GalerkinFlow,ClayNS.Waleffe.GalerkinFlow.nrm_force_le_output_gain,
RequestProject/NavierStokes/WaleffeOutputGainFibre.lean,RequestProject.NavierStokes.WaleffeOutputGainFibre,268,theorem,abs_critProd_le_wiener_absorption_of_flow,ClayNS.Waleffe.GalerkinFlow,ClayNS.Waleffe.GalerkinFlow.abs_critProd_le_wiener_absorption_of_flow,
RequestProject/NavierStokes/WaleffeSelfForcingSign.lean,RequestProject.NavierStokes.WaleffeSelfForcingSign,42,def,dotb,ClayNS.Waleffe,ClayNS.Waleffe.dotb,
RequestProject/NavierStokes/WaleffeSelfForcingSign.lean,RequestProject.NavierStokes.WaleffeSelfForcingSign,44,theorem,dotb_comm,ClayNS.Waleffe,ClayNS.Waleffe.dotb_comm,
RequestProject/NavierStokes/WaleffeSelfForcingSign.lean,RequestProject.NavierStokes.WaleffeSelfForcingSign,47,theorem,dotb_smul_left,ClayNS.Waleffe,ClayNS.Waleffe.dotb_smul_left,
RequestProject/NavierStokes/WaleffeSelfForcingSign.lean,RequestProject.NavierStokes.WaleffeSelfForcingSign,53,theorem,cross_cross,ClayNS.Waleffe,ClayNS.Waleffe.cross_cross,
RequestProject/NavierStokes/WaleffeSelfForcingSign.lean,RequestProject.NavierStokes.WaleffeSelfForcingSign,58,theorem,cross_smul_left,ClayNS.Waleffe,ClayNS.Waleffe.cross_smul_left,
RequestProject/NavierStokes/WaleffeSelfForcingSign.lean,RequestProject.NavierStokes.WaleffeSelfForcingSign,63,theorem,cross_antisymm,ClayNS.Waleffe,ClayNS.Waleffe.cross_antisymm,
RequestProject/NavierStokes/WaleffeSelfForcingSign.lean,RequestProject.NavierStokes.WaleffeSelfForcingSign,67,theorem,herm_wC_wC,ClayNS.Waleffe,ClayNS.Waleffe.herm_wC_wC,
RequestProject/NavierStokes/WaleffeSelfForcingSign.lean,RequestProject.NavierStokes.WaleffeSelfForcingSign,73,theorem,leray_longitudinal,ClayNS.Waleffe,ClayNS.Waleffe.leray_longitudinal,
RequestProject/NavierStokes/WaleffeSelfForcingSign.lean,RequestProject.NavierStokes.WaleffeSelfForcingSign,82,theorem,leray_add,ClayNS.Waleffe,ClayNS.Waleffe.leray_add,
RequestProject/NavierStokes/WaleffeSelfForcingSign.lean,RequestProject.NavierStokes.WaleffeSelfForcingSign,88,theorem,wC_add,ClayNS.Waleffe,ClayNS.Waleffe.wC_add,
RequestProject/NavierStokes/WaleffeSelfForcingSign.lean,RequestProject.NavierStokes.WaleffeSelfForcingSign,97,def,pairAdvection,ClayNS.Waleffe,ClayNS.Waleffe.pairAdvection,
RequestProject/NavierStokes/WaleffeSelfForcingSign.lean,RequestProject.NavierStokes.WaleffeSelfForcingSign,104,theorem,pair_rotational_form,ClayNS.Waleffe,ClayNS.Waleffe.pair_rotational_form,
RequestProject/NavierStokes/WaleffeSelfForcingSign.lean,RequestProject.NavierStokes.WaleffeSelfForcingSign,167,theorem,leray_pairAdvection,ClayNS.Waleffe,ClayNS.Waleffe.leray_pairAdvection,
RequestProject/NavierStokes/WaleffeSelfForcingSign.lean,RequestProject.NavierStokes.WaleffeSelfForcingSign,189,theorem,pair_self_forcing_signed_square,ClayNS.Waleffe,ClayNS.Waleffe.pair_self_forcing_signed_square,
RequestProject/NavierStokes/WaleffeSelfForcingSign.lean,RequestProject.NavierStokes.WaleffeSelfForcingSign,207,theorem,pair_self_forcing_nonneg,ClayNS.Waleffe,ClayNS.Waleffe.pair_self_forcing_nonneg,
RequestProject/NavierStokes/WaleffeSelfPhaseEnergyPayment.lean,RequestProject.NavierStokes.WaleffeSelfPhaseEnergyPayment,52,theorem,one_le_wsq,ClayNS.Waleffe,ClayNS.Waleffe.one_le_wsq,
RequestProject/NavierStokes/WaleffeSelfPhaseEnergyPayment.lean,RequestProject.NavierStokes.WaleffeSelfPhaseEnergyPayment,69,theorem,wlen_le_wsq,ClayNS.Waleffe,ClayNS.Waleffe.wlen_le_wsq,
RequestProject/NavierStokes/WaleffeSelfPhaseEnergyPayment.lean,RequestProject.NavierStokes.WaleffeSelfPhaseEnergyPayment,74,theorem,wsq_nonneg',ClayNS.Waleffe,ClayNS.Waleffe.wsq_nonneg',
RequestProject/NavierStokes/WaleffeSelfPhaseEnergyPayment.lean,RequestProject.NavierStokes.WaleffeSelfPhaseEnergyPayment,78,theorem,nsq_wC,ClayNS.Waleffe,ClayNS.Waleffe.nsq_wC,
RequestProject/NavierStokes/WaleffeSelfPhaseEnergyPayment.lean,RequestProject.NavierStokes.WaleffeSelfPhaseEnergyPayment,85,theorem,nsq_const_mul,ClayNS.Waleffe,ClayNS.Waleffe.nsq_const_mul,
RequestProject/NavierStokes/WaleffeSelfPhaseEnergyPayment.lean,RequestProject.NavierStokes.WaleffeSelfPhaseEnergyPayment,92,theorem,nsq_leray_cross_le,ClayNS.Waleffe,ClayNS.Waleffe.nsq_leray_cross_le,
RequestProject/NavierStokes/WaleffeSelfPhaseEnergyPayment.lean,RequestProject.NavierStokes.WaleffeSelfPhaseEnergyPayment,99,theorem,abs_helical_le_wlen,ClayNS.Waleffe,ClayNS.Waleffe.abs_helical_le_wlen,
RequestProject/NavierStokes/WaleffeSelfPhaseEnergyPayment.lean,RequestProject.NavierStokes.WaleffeSelfPhaseEnergyPayment,130,theorem,self_phase_ED_bound,ClayNS.Waleffe,ClayNS.Waleffe.self_phase_ED_bound,
RequestProject/NavierStokes/WaleffeSelfPhaseEnergyPayment.lean,RequestProject.NavierStokes.WaleffeSelfPhaseEnergyPayment,168,theorem,abs_pair_self_forcing_le_ED,ClayNS.Waleffe,ClayNS.Waleffe.abs_pair_self_forcing_le_ED,
RequestProject/NavierStokes/WaleffeSelfPhaseEnergyPayment.lean,RequestProject.NavierStokes.WaleffeSelfPhaseEnergyPayment,187,theorem,selected_pair_ED_sum,ClayNS.Waleffe,ClayNS.Waleffe.selected_pair_ED_sum,
RequestProject/NavierStokes/WaleffeSelfPhaseEnergyPayment.lean,RequestProject.NavierStokes.WaleffeSelfPhaseEnergyPayment,218,theorem,one_le_wsq_of_mem,ClayNS.Waleffe.GalerkinFlow,ClayNS.Waleffe.GalerkinFlow.one_le_wsq_of_mem,
RequestProject/NavierStokes/WaleffeSelfPhaseEnergyPayment.lean,RequestProject.NavierStokes.WaleffeSelfPhaseEnergyPayment,221,theorem,wsq_ne_zero_of_mem,ClayNS.Waleffe.GalerkinFlow,ClayNS.Waleffe.GalerkinFlow.wsq_ne_zero_of_mem,
RequestProject/NavierStokes/WaleffeSelfPhaseEnergyPayment.lean,RequestProject.NavierStokes.WaleffeSelfPhaseEnergyPayment,229,theorem,selected_self_phase_le,ClayNS.Waleffe.GalerkinFlow,ClayNS.Waleffe.GalerkinFlow.selected_self_phase_le,
RequestProject/NavierStokes/WaleffeSelfPhaseEnergyPayment.lean,RequestProject.NavierStokes.WaleffeSelfPhaseEnergyPayment,256,theorem,continuous_leray_of,ClayNS.Waleffe.GalerkinFlow,ClayNS.Waleffe.GalerkinFlow.continuous_leray_of,
RequestProject/NavierStokes/WaleffeSelfPhaseEnergyPayment.lean,RequestProject.NavierStokes.WaleffeSelfPhaseEnergyPayment,263,theorem,continuous_nsq_of,ClayNS.Waleffe.GalerkinFlow,ClayNS.Waleffe.GalerkinFlow.continuous_nsq_of,
RequestProject/NavierStokes/WaleffeSelfPhaseEnergyPayment.lean,RequestProject.NavierStokes.WaleffeSelfPhaseEnergyPayment,267,theorem,continuous_selected_self_phase,ClayNS.Waleffe.GalerkinFlow,ClayNS.Waleffe.GalerkinFlow.continuous_selected_self_phase,
RequestProject/NavierStokes/WaleffeSelfPhaseEnergyPayment.lean,RequestProject.NavierStokes.WaleffeSelfPhaseEnergyPayment,277,theorem,integral_energy_dissipation_le,ClayNS.Waleffe.GalerkinFlow,ClayNS.Waleffe.GalerkinFlow.integral_energy_dissipation_le,
RequestProject/NavierStokes/WaleffeSelfPhaseEnergyPayment.lean,RequestProject.NavierStokes.WaleffeSelfPhaseEnergyPayment,314,theorem,selected_self_phase_integrated_le,ClayNS.Waleffe.GalerkinFlow,ClayNS.Waleffe.GalerkinFlow.selected_self_phase_integrated_le,
RequestProject/NavierStokes/WaleffeSelfPhaseEnergyPayment.lean,RequestProject.NavierStokes.WaleffeSelfPhaseEnergyPayment,338,theorem,selected_triad_self_forcing_eq,ClayNS.Waleffe.GalerkinFlow,ClayNS.Waleffe.GalerkinFlow.selected_triad_self_forcing_eq,
RequestProject/NavierStokes/WaleffeSelfPhaseEnergyPayment.lean,RequestProject.NavierStokes.WaleffeSelfPhaseEnergyPayment,354,theorem,selected_triad_self_forcing_le,ClayNS.Waleffe.GalerkinFlow,ClayNS.Waleffe.GalerkinFlow.selected_triad_self_forcing_le,
RequestProject/NavierStokes/WaleffeSelfPhaseEnergyPayment.lean,RequestProject.NavierStokes.WaleffeSelfPhaseEnergyPayment,368,theorem,selected_triad_self_forcing_integrated_le,ClayNS.Waleffe.GalerkinFlow,ClayNS.Waleffe.GalerkinFlow.selected_triad_self_forcing_integrated_le,
RequestProject/NavierStokes/WaleffeSerrinReduction.lean,RequestProject.NavierStokes.WaleffeSerrinReduction,44,def,wienerL2,ClayNS.Waleffe,ClayNS.Waleffe.wienerL2,
RequestProject/NavierStokes/WaleffeSerrinReduction.lean,RequestProject.NavierStokes.WaleffeSerrinReduction,48,def,wienerH1,ClayNS.Waleffe,ClayNS.Waleffe.wienerH1,
RequestProject/NavierStokes/WaleffeSerrinReduction.lean,RequestProject.NavierStokes.WaleffeSerrinReduction,51,theorem,wsq_nonneg,ClayNS.Waleffe,ClayNS.Waleffe.wsq_nonneg,
RequestProject/NavierStokes/WaleffeSerrinReduction.lean,RequestProject.NavierStokes.WaleffeSerrinReduction,53,theorem,wienerL2_nonneg,ClayNS.Waleffe,ClayNS.Waleffe.wienerL2_nonneg,
RequestProject/NavierStokes/WaleffeSerrinReduction.lean,RequestProject.NavierStokes.WaleffeSerrinReduction,56,theorem,wienerH1_nonneg,ClayNS.Waleffe,ClayNS.Waleffe.wienerH1_nonneg,
RequestProject/NavierStokes/WaleffeSerrinReduction.lean,RequestProject.NavierStokes.WaleffeSerrinReduction,63,theorem,sum_translate_le,ClayNS.Waleffe,ClayNS.Waleffe.sum_translate_le,
RequestProject/NavierStokes/WaleffeSerrinReduction.lean,RequestProject.NavierStokes.WaleffeSerrinReduction,81,theorem,double_sum_conv_le,ClayNS.Waleffe,ClayNS.Waleffe.double_sum_conv_le,
RequestProject/NavierStokes/WaleffeSerrinReduction.lean,RequestProject.NavierStokes.WaleffeSerrinReduction,116,theorem,double_sum_conv_le',ClayNS.Waleffe,ClayNS.Waleffe.double_sum_conv_le',
RequestProject/NavierStokes/WaleffeSerrinReduction.lean,RequestProject.NavierStokes.WaleffeSerrinReduction,134,theorem,triads_triple_sum_le,ClayNS.Waleffe,ClayNS.Waleffe.triads_triple_sum_le,
RequestProject/NavierStokes/WaleffeSerrinReduction.lean,RequestProject.NavierStokes.WaleffeSerrinReduction,169,def,forcingL2,ClayNS.Waleffe,ClayNS.Waleffe.forcingL2,
RequestProject/NavierStokes/WaleffeSerrinReduction.lean,RequestProject.NavierStokes.WaleffeSerrinReduction,174,theorem,forcingL2_le,ClayNS.Waleffe,ClayNS.Waleffe.forcingL2_le,
RequestProject/NavierStokes/WaleffeSerrinReduction.lean,RequestProject.NavierStokes.WaleffeSerrinReduction,261,theorem,forcingMajorant_nonneg,ClayNS.Waleffe,ClayNS.Waleffe.forcingMajorant_nonneg,
RequestProject/NavierStokes/WaleffeSerrinReduction.lean,RequestProject.NavierStokes.WaleffeSerrinReduction,266,theorem,sqrt_sum_nrm_sq,ClayNS.Waleffe,ClayNS.Waleffe.sqrt_sum_nrm_sq,
RequestProject/NavierStokes/WaleffeSerrinReduction.lean,RequestProject.NavierStokes.WaleffeSerrinReduction,275,theorem,network_forcing_serrin_bound,ClayNS.Waleffe,ClayNS.Waleffe.network_forcing_serrin_bound,
RequestProject/NavierStokes/WaleffeSerrinReduction.lean,RequestProject.NavierStokes.WaleffeSerrinReduction,382,theorem,continuous_nsq_u,ClayNS.Waleffe.GalerkinFlow,ClayNS.Waleffe.GalerkinFlow.continuous_nsq_u,
RequestProject/NavierStokes/WaleffeSerrinReduction.lean,RequestProject.NavierStokes.WaleffeSerrinReduction,386,theorem,continuous_wienerL2,ClayNS.Waleffe.GalerkinFlow,ClayNS.Waleffe.GalerkinFlow.continuous_wienerL2,
RequestProject/NavierStokes/WaleffeSerrinReduction.lean,RequestProject.NavierStokes.WaleffeSerrinReduction,390,theorem,continuous_wienerH1,ClayNS.Waleffe.GalerkinFlow,ClayNS.Waleffe.GalerkinFlow.continuous_wienerH1,
RequestProject/NavierStokes/WaleffeSerrinReduction.lean,RequestProject.NavierStokes.WaleffeSerrinReduction,398,theorem,weightedPositiveForcing_le_serrin,ClayNS.Waleffe,ClayNS.Waleffe.weightedPositiveForcing_le_serrin,
RequestProject/NavierStokes/WaleffeSerrinReduction.lean,RequestProject.NavierStokes.WaleffeSerrinReduction,438,def,UniformSerrinWienerExpenditure,ClayNS.Waleffe,ClayNS.Waleffe.UniformSerrinWienerExpenditure,
RequestProject/NavierStokes/WaleffeSerrinReduction.lean,RequestProject.NavierStokes.WaleffeSerrinReduction,445,theorem,budget_of_uniform_serrin_expenditure,ClayNS.Waleffe,ClayNS.Waleffe.budget_of_uniform_serrin_expenditure,
RequestProject/NavierStokes/WaleffeTriadInternalPayment.lean,RequestProject.NavierStokes.WaleffeTriadInternalPayment,47,theorem,norm_herm_le,ClayNS.Waleffe,ClayNS.Waleffe.norm_herm_le,
RequestProject/NavierStokes/WaleffeTriadInternalPayment.lean,RequestProject.NavierStokes.WaleffeTriadInternalPayment,52,theorem,nrm_cross_le,ClayNS.Waleffe,ClayNS.Waleffe.nrm_cross_le,
RequestProject/NavierStokes/WaleffeTriadInternalPayment.lean,RequestProject.NavierStokes.WaleffeTriadInternalPayment,57,theorem,wsq_neg,ClayNS.Waleffe,ClayNS.Waleffe.wsq_neg,
RequestProject/NavierStokes/WaleffeTriadInternalPayment.lean,RequestProject.NavierStokes.WaleffeTriadInternalPayment,60,theorem,wlen_neg,ClayNS.Waleffe,ClayNS.Waleffe.wlen_neg,
RequestProject/NavierStokes/WaleffeTriadInternalPayment.lean,RequestProject.NavierStokes.WaleffeTriadInternalPayment,63,theorem,nsq_eq_nrm_sq,ClayNS.Waleffe,ClayNS.Waleffe.nsq_eq_nrm_sq,
RequestProject/NavierStokes/WaleffeTriadInternalPayment.lean,RequestProject.NavierStokes.WaleffeTriadInternalPayment,70,theorem,slot_forcing_chain,ClayNS.Waleffe,ClayNS.Waleffe.slot_forcing_chain,
RequestProject/NavierStokes/WaleffeTriadInternalPayment.lean,RequestProject.NavierStokes.WaleffeTriadInternalPayment,102,theorem,slot_forcing_chain',ClayNS.Waleffe,ClayNS.Waleffe.slot_forcing_chain',
RequestProject/NavierStokes/WaleffeTriadInternalPayment.lean,RequestProject.NavierStokes.WaleffeTriadInternalPayment,138,theorem,abs_gap_le,ClayNS.Waleffe,ClayNS.Waleffe.abs_gap_le,
RequestProject/NavierStokes/WaleffeTriadInternalPayment.lean,RequestProject.NavierStokes.WaleffeTriadInternalPayment,152,theorem,abs_slot_forcing_le_ED,ClayNS.Waleffe,ClayNS.Waleffe.abs_slot_forcing_le_ED,
RequestProject/NavierStokes/WaleffeTriadInternalPayment.lean,RequestProject.NavierStokes.WaleffeTriadInternalPayment,178,theorem,abs_slot_forcing_le_ED',ClayNS.Waleffe,ClayNS.Waleffe.abs_slot_forcing_le_ED',
RequestProject/NavierStokes/WaleffeTriadInternalPayment.lean,RequestProject.NavierStokes.WaleffeTriadInternalPayment,210,theorem,nsq_u_neg,ClayNS.Waleffe.GalerkinFlow,ClayNS.Waleffe.GalerkinFlow.nsq_u_neg,
RequestProject/NavierStokes/WaleffeTriadInternalPayment.lean,RequestProject.NavierStokes.WaleffeTriadInternalPayment,218,def,triadSelfForcing,ClayNS.Waleffe.GalerkinFlow,ClayNS.Waleffe.GalerkinFlow.triadSelfForcing,
RequestProject/NavierStokes/WaleffeTriadInternalPayment.lean,RequestProject.NavierStokes.WaleffeTriadInternalPayment,229,theorem,abs_triadSelfForcing_le,ClayNS.Waleffe.GalerkinFlow,ClayNS.Waleffe.GalerkinFlow.abs_triadSelfForcing_le,
RequestProject/NavierStokes/WaleffeTriadInternalPayment.lean,RequestProject.NavierStokes.WaleffeTriadInternalPayment,275,theorem,selected_triad_internal_le,ClayNS.Waleffe.GalerkinFlow,ClayNS.Waleffe.GalerkinFlow.selected_triad_internal_le,
RequestProject/NavierStokes/WaleffeTriadInternalPayment.lean,RequestProject.NavierStokes.WaleffeTriadInternalPayment,378,theorem,continuous_triadSelfForcing,ClayNS.Waleffe.GalerkinFlow,ClayNS.Waleffe.GalerkinFlow.continuous_triadSelfForcing,
RequestProject/NavierStokes/WaleffeTriadInternalPayment.lean,RequestProject.NavierStokes.WaleffeTriadInternalPayment,411,theorem,selected_triad_internal_integrated_le,ClayNS.Waleffe.GalerkinFlow,ClayNS.Waleffe.GalerkinFlow.selected_triad_internal_integrated_le,
RequestProject/NavierStokes/WaleffeTriadInternalPayment.lean,RequestProject.NavierStokes.WaleffeTriadInternalPayment,445,def,externalTriadForcing,ClayNS.Waleffe.GalerkinFlow,ClayNS.Waleffe.GalerkinFlow.externalTriadForcing,
RequestProject/NavierStokes/WaleffeTriadInternalPayment.lean,RequestProject.NavierStokes.WaleffeTriadInternalPayment,448,theorem,force3_internal_external,ClayNS.Waleffe.GalerkinFlow,ClayNS.Waleffe.GalerkinFlow.force3_internal_external,
RequestProject/NavierStokes/WaleffeTriadInternalPayment.lean,RequestProject.NavierStokes.WaleffeTriadInternalPayment,452,theorem,continuous_externalTriadForcing,ClayNS.Waleffe.GalerkinFlow,ClayNS.Waleffe.GalerkinFlow.continuous_externalTriadForcing,
RequestProject/NavierStokes/WaleffeTriadInternalPayment.lean,RequestProject.NavierStokes.WaleffeTriadInternalPayment,464,theorem,weightedPositiveForcing_le_external,ClayNS.Waleffe.GalerkinFlow,ClayNS.Waleffe.GalerkinFlow.weightedPositiveForcing_le_external,
RequestProject/NavierStokes/WaleffeWienerBudget.lean,RequestProject.NavierStokes.WaleffeWienerBudget,50,def,wienerA,ClayNS.Waleffe,ClayNS.Waleffe.wienerA,
RequestProject/NavierStokes/WaleffeWienerBudget.lean,RequestProject.NavierStokes.WaleffeWienerBudget,54,def,wienerD,ClayNS.Waleffe,ClayNS.Waleffe.wienerD,
RequestProject/NavierStokes/WaleffeWienerBudget.lean,RequestProject.NavierStokes.WaleffeWienerBudget,57,theorem,wlen_nonneg,ClayNS.Waleffe,ClayNS.Waleffe.wlen_nonneg,
RequestProject/NavierStokes/WaleffeWienerBudget.lean,RequestProject.NavierStokes.WaleffeWienerBudget,59,theorem,wienerA_nonneg,ClayNS.Waleffe,ClayNS.Waleffe.wienerA_nonneg,
RequestProject/NavierStokes/WaleffeWienerBudget.lean,RequestProject.NavierStokes.WaleffeWienerBudget,63,theorem,wienerD_nonneg,ClayNS.Waleffe,ClayNS.Waleffe.wienerD_nonneg,
RequestProject/NavierStokes/WaleffeWienerBudget.lean,RequestProject.NavierStokes.WaleffeWienerBudget,67,theorem,nrm_zero_fun,ClayNS.Waleffe,ClayNS.Waleffe.nrm_zero_fun,
RequestProject/NavierStokes/WaleffeWienerBudget.lean,RequestProject.NavierStokes.WaleffeWienerBudget,70,theorem,wsq_eq_zero_iff,ClayNS.Waleffe,ClayNS.Waleffe.wsq_eq_zero_iff,
RequestProject/NavierStokes/WaleffeWienerBudget.lean,RequestProject.NavierStokes.WaleffeWienerBudget,86,theorem,wsq_ne_zero_of_mem,ClayNS.Waleffe,ClayNS.Waleffe.wsq_ne_zero_of_mem,
RequestProject/NavierStokes/WaleffeWienerBudget.lean,RequestProject.NavierStokes.WaleffeWienerBudget,95,theorem,forcingMajorant_le_wiener,ClayNS.Waleffe,ClayNS.Waleffe.forcingMajorant_le_wiener,
RequestProject/NavierStokes/WaleffeWienerBudget.lean,RequestProject.NavierStokes.WaleffeWienerBudget,121,theorem,triads_pair_sum_le,ClayNS.Waleffe,ClayNS.Waleffe.triads_pair_sum_le,
RequestProject/NavierStokes/WaleffeWienerBudget.lean,RequestProject.NavierStokes.WaleffeWienerBudget,148,theorem,force_majorant_wiener,ClayNS.Waleffe,ClayNS.Waleffe.force_majorant_wiener,
RequestProject/NavierStokes/WaleffeWienerBudget.lean,RequestProject.NavierStokes.WaleffeWienerBudget,155,theorem,network_forcing_pointwise_bound,ClayNS.Waleffe,ClayNS.Waleffe.network_forcing_pointwise_bound,
RequestProject/NavierStokes/WaleffeWienerBudget.lean,RequestProject.NavierStokes.WaleffeWienerBudget,278,theorem,continuous_u,ClayNS.Waleffe.GalerkinFlow,ClayNS.Waleffe.GalerkinFlow.continuous_u,
RequestProject/NavierStokes/WaleffeWienerBudget.lean,RequestProject.NavierStokes.WaleffeWienerBudget,289,theorem,continuous_herm_of,ClayNS.Waleffe,ClayNS.Waleffe.continuous_herm_of,
RequestProject/NavierStokes/WaleffeWienerBudget.lean,RequestProject.NavierStokes.WaleffeWienerBudget,294,theorem,continuous_cross_of,ClayNS.Waleffe,ClayNS.Waleffe.continuous_cross_of,
RequestProject/NavierStokes/WaleffeWienerBudget.lean,RequestProject.NavierStokes.WaleffeWienerBudget,303,theorem,continuous_advection,ClayNS.Waleffe.GalerkinFlow,ClayNS.Waleffe.GalerkinFlow.continuous_advection,
RequestProject/NavierStokes/WaleffeWienerBudget.lean,RequestProject.NavierStokes.WaleffeWienerBudget,311,theorem,continuous_force,ClayNS.Waleffe.GalerkinFlow,ClayNS.Waleffe.GalerkinFlow.continuous_force,
RequestProject/NavierStokes/WaleffeWienerBudget.lean,RequestProject.NavierStokes.WaleffeWienerBudget,321,theorem,continuous_force3,ClayNS.Waleffe.GalerkinFlow,ClayNS.Waleffe.GalerkinFlow.continuous_force3,
RequestProject/NavierStokes/WaleffeWienerBudget.lean,RequestProject.NavierStokes.WaleffeWienerBudget,338,theorem,continuous_nrm_u,ClayNS.Waleffe.GalerkinFlow,ClayNS.Waleffe.GalerkinFlow.continuous_nrm_u,
RequestProject/NavierStokes/WaleffeWienerBudget.lean,RequestProject.NavierStokes.WaleffeWienerBudget,344,theorem,continuous_wienerA,ClayNS.Waleffe.GalerkinFlow,ClayNS.Waleffe.GalerkinFlow.continuous_wienerA,
RequestProject/NavierStokes/WaleffeWienerBudget.lean,RequestProject.NavierStokes.WaleffeWienerBudget,348,theorem,continuous_wienerD,ClayNS.Waleffe.GalerkinFlow,ClayNS.Waleffe.GalerkinFlow.continuous_wienerD,
RequestProject/NavierStokes/WaleffeWienerBudget.lean,RequestProject.NavierStokes.WaleffeWienerBudget,360,theorem,weightedPositiveForcing_le_wiener,ClayNS.Waleffe,ClayNS.Waleffe.weightedPositiveForcing_le_wiener,
RequestProject/NavierStokes/WaleffeWienerBudget.lean,RequestProject.NavierStokes.WaleffeWienerBudget,393,def,UniformWienerExpenditure,ClayNS.Waleffe,ClayNS.Waleffe.UniformWienerExpenditure,
RequestProject/NavierStokes/WaleffeWienerBudget.lean,RequestProject.NavierStokes.WaleffeWienerBudget,401,theorem,budget_of_uniform_wiener_expenditure,ClayNS.Waleffe,ClayNS.Waleffe.budget_of_uniform_wiener_expenditure,
RequestProject/NavierStokes/WaleffeWienerSupercritical.lean,RequestProject.NavierStokes.WaleffeWienerSupercritical,28,def,modeVec,ClayNS.Waleffe,ClayNS.Waleffe.modeVec,
RequestProject/NavierStokes/WaleffeWienerSupercritical.lean,RequestProject.NavierStokes.WaleffeWienerSupercritical,31,def,sampleModes,ClayNS.Waleffe,ClayNS.Waleffe.sampleModes,
RequestProject/NavierStokes/WaleffeWienerSupercritical.lean,RequestProject.NavierStokes.WaleffeWienerSupercritical,35,def,sampleVec,ClayNS.Waleffe,ClayNS.Waleffe.sampleVec,
RequestProject/NavierStokes/WaleffeWienerSupercritical.lean,RequestProject.NavierStokes.WaleffeWienerSupercritical,38,def,sampleField,ClayNS.Waleffe,ClayNS.Waleffe.sampleField,
RequestProject/NavierStokes/WaleffeWienerSupercritical.lean,RequestProject.NavierStokes.WaleffeWienerSupercritical,41,theorem,modeVec_injective,ClayNS.Waleffe,ClayNS.Waleffe.modeVec_injective,
RequestProject/NavierStokes/WaleffeWienerSupercritical.lean,RequestProject.NavierStokes.WaleffeWienerSupercritical,47,theorem,card_sampleModes,ClayNS.Waleffe,ClayNS.Waleffe.card_sampleModes,
RequestProject/NavierStokes/WaleffeWienerSupercritical.lean,RequestProject.NavierStokes.WaleffeWienerSupercritical,50,theorem,zero_not_mem_sampleModes,ClayNS.Waleffe,ClayNS.Waleffe.zero_not_mem_sampleModes,
RequestProject/NavierStokes/WaleffeWienerSupercritical.lean,RequestProject.NavierStokes.WaleffeWienerSupercritical,58,theorem,sampleModes_snd_zero,ClayNS.Waleffe,ClayNS.Waleffe.sampleModes_snd_zero,
RequestProject/NavierStokes/WaleffeWienerSupercritical.lean,RequestProject.NavierStokes.WaleffeWienerSupercritical,63,theorem,herm_wC_sampleVec,ClayNS.Waleffe,ClayNS.Waleffe.herm_wC_sampleVec,
RequestProject/NavierStokes/WaleffeWienerSupercritical.lean,RequestProject.NavierStokes.WaleffeWienerSupercritical,69,theorem,sampleField_transverse,ClayNS.Waleffe,ClayNS.Waleffe.sampleField_transverse,
RequestProject/NavierStokes/WaleffeWienerSupercritical.lean,RequestProject.NavierStokes.WaleffeWienerSupercritical,75,theorem,sampleField_support,ClayNS.Waleffe,ClayNS.Waleffe.sampleField_support,
RequestProject/NavierStokes/WaleffeWienerSupercritical.lean,RequestProject.NavierStokes.WaleffeWienerSupercritical,79,theorem,nsq_sampleVec,ClayNS.Waleffe,ClayNS.Waleffe.nsq_sampleVec,
RequestProject/NavierStokes/WaleffeWienerSupercritical.lean,RequestProject.NavierStokes.WaleffeWienerSupercritical,85,theorem,nsq_sampleField,ClayNS.Waleffe,ClayNS.Waleffe.nsq_sampleField,
RequestProject/NavierStokes/WaleffeWienerSupercritical.lean,RequestProject.NavierStokes.WaleffeWienerSupercritical,89,theorem,nrm_sampleField,ClayNS.Waleffe,ClayNS.Waleffe.nrm_sampleField,
RequestProject/NavierStokes/WaleffeWienerSupercritical.lean,RequestProject.NavierStokes.WaleffeWienerSupercritical,93,theorem,energy_sampleField,ClayNS.Waleffe,ClayNS.Waleffe.energy_sampleField,
RequestProject/NavierStokes/WaleffeWienerSupercritical.lean,RequestProject.NavierStokes.WaleffeWienerSupercritical,99,theorem,wienerA_sampleField,ClayNS.Waleffe,ClayNS.Waleffe.wienerA_sampleField,
RequestProject/NavierStokes/WaleffeWienerSupercritical.lean,RequestProject.NavierStokes.WaleffeWienerSupercritical,104,theorem,flat_spectrum_scale,ClayNS.Waleffe,ClayNS.Waleffe.flat_spectrum_scale,
RequestProject/NavierStokes/WaleffeWienerSupercritical.lean,RequestProject.NavierStokes.WaleffeWienerSupercritical,118,theorem,wiener_norm_not_controlled_by_energy,ClayNS.Waleffe,ClayNS.Waleffe.wiener_norm_not_controlled_by_energy,
RequestProject/NavierStokes/WaleffeWienerSupercritical.lean,RequestProject.NavierStokes.WaleffeWienerSupercritical,142,theorem,wienerA_le_sqrt_card_energy,ClayNS.Waleffe,ClayNS.Waleffe.wienerA_le_sqrt_card_energy,
RequestProject/NavierStokes/WaleffeWienerSupercritical.lean,RequestProject.NavierStokes.WaleffeWienerSupercritical,150,theorem,wienerD_le_sqrt_card_enstrophy,ClayNS.Waleffe,ClayNS.Waleffe.wienerD_le_sqrt_card_enstrophy,
RequestProject/NavierStokes/WaleffeWienerSupercritical.lean,RequestProject.NavierStokes.WaleffeWienerSupercritical,166,theorem,flat_spectrum_saturates,ClayNS.Waleffe,ClayNS.Waleffe.flat_spectrum_saturates,
RequestProject/NavierStokes/WindowUniqueness.lean,RequestProject.NavierStokes.WindowUniqueness,34,theorem,difference_energy_zero_on,ClayNS,ClayNS.difference_energy_zero_on,
RequestProject/NavierStokes/WindowUniqueness.lean,RequestProject.NavierStokes.WindowUniqueness,254,theorem,velocity_eq_of_same_datum_on,ClayNS,ClayNS.velocity_eq_of_same_datum_on,
RequestProject/NavierStokes/WindowUniqueness.lean,RequestProject.NavierStokes.WindowUniqueness,313,theorem,windowUniquenessGate_holds,ClayNS,ClayNS.windowUniquenessGate_holds,
Provenance/toe-overlay-20260912/donor-version/lean/MoonshineFractran.lean,Provenance.toe-overlay-20260912.donor-version.lean.MoonshineFractran,8,def,SSP,MoonshineFractran,MoonshineFractran.SSP,
Provenance/toe-overlay-20260912/donor-version/lean/MoonshineFractran.lean,Provenance.toe-overlay-20260912.donor-version.lean.MoonshineFractran,11,theorem,moonshine_kernel,MoonshineFractran,MoonshineFractran.moonshine_kernel,
Provenance/toe-overlay-20260912/donor-version/lean/MoonshineFractran.lean,Provenance.toe-overlay-20260912.donor-version.lean.MoonshineFractran,14,theorem,moonshine_observer,MoonshineFractran,MoonshineFractran.moonshine_observer,
Provenance/toe-overlay-20260912/donor-version/lean/MoonshineFractran.lean,Provenance.toe-overlay-20260912.donor-version.lean.MoonshineFractran,17,theorem,moonshine_factored,MoonshineFractran,MoonshineFractran.moonshine_factored,
Provenance/toe-overlay-20260912/donor-version/lean/MoonshineFractran.lean,Provenance.toe-overlay-20260912.donor-version.lean.MoonshineFractran,21,theorem,ssp_len,MoonshineFractran,MoonshineFractran.ssp_len,
Provenance/toe-overlay-20260912/donor-version/lean/MoonshineFractran.lean,Provenance.toe-overlay-20260912.donor-version.lean.MoonshineFractran,25,def,FractranState,MoonshineFractran,MoonshineFractran.FractranState,
Provenance/toe-overlay-20260912/donor-version/lean/MoonshineFractran.lean,Provenance.toe-overlay-20260912.donor-version.lean.MoonshineFractran,32,def,perfState4,MoonshineFractran,MoonshineFractran.perfState4,
Provenance/toe-overlay-20260912/donor-version/lean/MoonshineFractran.lean,Provenance.toe-overlay-20260912.donor-version.lean.MoonshineFractran,37,def,moonshinePure,MoonshineFractran,MoonshineFractran.moonshinePure,
Provenance/toe-overlay-20260912/donor-version/lean/MoonshineFractran.lean,Provenance.toe-overlay-20260912.donor-version.lean.MoonshineFractran,40,theorem,moonshine_mass,MoonshineFractran,MoonshineFractran.moonshine_mass,
Provenance/toe-overlay-20260912/donor-version/lean/MoonshineFractran.lean,Provenance.toe-overlay-20260912.donor-version.lean.MoonshineFractran,43,theorem,observer_residue,MoonshineFractran,MoonshineFractran.observer_residue,
Provenance/toe-overlay-20260912/donor-version/lean/MoonshineFractran.lean,Provenance.toe-overlay-20260912.donor-version.lean.MoonshineFractran,48,theorem,phase_invariant,MoonshineFractran,MoonshineFractran.phase_invariant,
Provenance/toe-overlay-20260912/donor-version/lean/AgdaMirror/LoomRelationAlgebra.lean,Provenance.toe-overlay-20260912.donor-version.lean.AgdaMirror.LoomRelationAlgebra,29,inductive,LoomRelationType,AgdaMirror.Loom,AgdaMirror.Loom.LoomRelationType,
Provenance/toe-overlay-20260912/donor-version/lean/AgdaMirror/LoomRelationAlgebra.lean,Provenance.toe-overlay-20260912.donor-version.lean.AgdaMirror.LoomRelationAlgebra,35,def,canonicalRelationPrecedence,AgdaMirror.Loom,AgdaMirror.Loom.canonicalRelationPrecedence,
Provenance/toe-overlay-20260912/donor-version/lean/AgdaMirror/LoomRelationAlgebra.lean,Provenance.toe-overlay-20260912.donor-version.lean.AgdaMirror.LoomRelationAlgebra,40,inductive,LoomRelationRoot,AgdaMirror.Loom,AgdaMirror.Loom.LoomRelationRoot,
Provenance/toe-overlay-20260912/donor-version/lean/AgdaMirror/LoomRelationAlgebra.lean,Provenance.toe-overlay-20260912.donor-version.lean.AgdaMirror.LoomRelationAlgebra,45,def,relationRootFor,AgdaMirror.Loom,AgdaMirror.Loom.relationRootFor,
Provenance/toe-overlay-20260912/donor-version/lean/AgdaMirror/LoomRelationAlgebra.lean,Provenance.toe-overlay-20260912.donor-version.lean.AgdaMirror.LoomRelationAlgebra,57,inductive,LoomBucket,AgdaMirror.Loom,AgdaMirror.Loom.LoomBucket,
Provenance/toe-overlay-20260912/donor-version/lean/AgdaMirror/LoomRelationAlgebra.lean,Provenance.toe-overlay-20260912.donor-version.lean.AgdaMirror.LoomRelationAlgebra,63,def,bucketFor,AgdaMirror.Loom,AgdaMirror.Loom.bucketFor,
Provenance/toe-overlay-20260912/donor-version/lean/AgdaMirror/LoomRelationAlgebra.lean,Provenance.toe-overlay-20260912.donor-version.lean.AgdaMirror.LoomRelationAlgebra,75,inductive,LoomEvidenceStatus,AgdaMirror.Loom,AgdaMirror.Loom.LoomEvidenceStatus,
Provenance/toe-overlay-20260912/donor-version/lean/AgdaMirror/LoomRelationAlgebra.lean,Provenance.toe-overlay-20260912.donor-version.lean.AgdaMirror.LoomRelationAlgebra,80,inductive,LoomPromotionState,AgdaMirror.Loom,AgdaMirror.Loom.LoomPromotionState,
Provenance/toe-overlay-20260912/donor-version/lean/AgdaMirror/LoomRelationAlgebra.lean,Provenance.toe-overlay-20260912.donor-version.lean.AgdaMirror.LoomRelationAlgebra,86,structure,LoomTypedRelation,AgdaMirror.Loom,AgdaMirror.Loom.LoomTypedRelation,
Provenance/toe-overlay-20260912/donor-version/lean/AgdaMirror/LoomRelationAlgebra.lean,Provenance.toe-overlay-20260912.donor-version.lean.AgdaMirror.LoomRelationAlgebra,98,structure,LoomRelationAlgebra,AgdaMirror.Loom,AgdaMirror.Loom.LoomRelationAlgebra,
Provenance/toe-overlay-20260912/donor-version/lean/AgdaMirror/LoomRelationAlgebra.lean,Provenance.toe-overlay-20260912.donor-version.lean.AgdaMirror.LoomRelationAlgebra,123,def,canonicalSupportRelation,AgdaMirror.Loom,AgdaMirror.Loom.canonicalSupportRelation,
Provenance/toe-overlay-20260912/donor-version/lean/AgdaMirror/LoomRelationAlgebra.lean,Provenance.toe-overlay-20260912.donor-version.lean.AgdaMirror.LoomRelationAlgebra,134,def,canonicalBoundaryRelation,AgdaMirror.Loom,AgdaMirror.Loom.canonicalBoundaryRelation,
Provenance/toe-overlay-20260912/donor-version/lean/AgdaMirror/LoomRelationAlgebra.lean,Provenance.toe-overlay-20260912.donor-version.lean.AgdaMirror.LoomRelationAlgebra,145,def,canonicalLoomRelationAlgebra,AgdaMirror.Loom,AgdaMirror.Loom.canonicalLoomRelationAlgebra,
Provenance/toe-overlay-20260912/donor-version/lean/AgdaMirror/LoomRelationAlgebra.lean,Provenance.toe-overlay-20260912.donor-version.lean.AgdaMirror.LoomRelationAlgebra,178,def,typedRelationEquiv,AgdaMirror.Loom,AgdaMirror.Loom.typedRelationEquiv,
Provenance/toe-overlay-20260912/donor-version/lean/AgdaMirror/LoomRelationAlgebra.lean,Provenance.toe-overlay-20260912.donor-version.lean.AgdaMirror.LoomRelationAlgebra,187,theorem,classifiers_determined,AgdaMirror.Loom,AgdaMirror.Loom.classifiers_determined,
Provenance/toe-overlay-20260912/donor-version/lean/AgdaMirror/LoomRelationAlgebra.lean,Provenance.toe-overlay-20260912.donor-version.lean.AgdaMirror.LoomRelationAlgebra,199,theorem,promotion_not_determined_by_relationType,AgdaMirror.Loom,AgdaMirror.Loom.promotion_not_determined_by_relationType,
Provenance/toe-overlay-20260912/donor-version/lean/AgdaMirror/LoomRelationAlgebra.lean,Provenance.toe-overlay-20260912.donor-version.lean.AgdaMirror.LoomRelationAlgebra,208,theorem,evidence_not_determined_by_relationType,AgdaMirror.Loom,AgdaMirror.Loom.evidence_not_determined_by_relationType,
Provenance/toe-overlay-20260912/donor-version/lean/AgdaMirror/LoomRelationAlgebra.lean,Provenance.toe-overlay-20260912.donor-version.lean.AgdaMirror.LoomRelationAlgebra,217,theorem,precedence_is_permutation,AgdaMirror.Loom,AgdaMirror.Loom.precedence_is_permutation,
Provenance/toe-overlay-20260912/donor-version/lean/AgdaMirror/LoomRelationAlgebra.lean,Provenance.toe-overlay-20260912.donor-version.lean.AgdaMirror.LoomRelationAlgebra,227,theorem,relationRootFor_surjective,AgdaMirror.Loom,AgdaMirror.Loom.relationRootFor_surjective,
Provenance/toe-overlay-20260912/donor-version/lean/AgdaMirror/LoomRelationAlgebra.lean,Provenance.toe-overlay-20260912.donor-version.lean.AgdaMirror.LoomRelationAlgebra,237,theorem,relationRootFor_not_injective,AgdaMirror.Loom,AgdaMirror.Loom.relationRootFor_not_injective,
Provenance/toe-overlay-20260912/donor-version/lean/AgdaMirror/LoomRelationAlgebra.lean,Provenance.toe-overlay-20260912.donor-version.lean.AgdaMirror.LoomRelationAlgebra,242,theorem,canonical_witnesses_nonPromoting,AgdaMirror.Loom,AgdaMirror.Loom.canonical_witnesses_nonPromoting,
Provenance/toe-overlay-20260912/donor-version/lean/AgdaMirror/MoonshineEarn.lean,Provenance.toe-overlay-20260912.donor-version.lean.AgdaMirror.MoonshineEarn,12,def,fstep,MoonshineEarn,MoonshineEarn.fstep,
Provenance/toe-overlay-20260912/donor-version/lean/AgdaMirror/MoonshineEarn.lean,Provenance.toe-overlay-20260912.donor-version.lean.AgdaMirror.MoonshineEarn,21,theorem,perf_product,MoonshineEarn,MoonshineEarn.perf_product,
Provenance/toe-overlay-20260912/donor-version/lean/AgdaMirror/MoonshineEarn.lean,Provenance.toe-overlay-20260912.donor-version.lean.AgdaMirror.MoonshineEarn,22,theorem,moonshine_product,MoonshineEarn,MoonshineEarn.moonshine_product,
Provenance/toe-overlay-20260912/donor-version/lean/AgdaMirror/MoonshineEarn.lean,Provenance.toe-overlay-20260912.donor-version.lean.AgdaMirror.MoonshineEarn,25,theorem,step1_fires,MoonshineEarn,MoonshineEarn.step1_fires,
Provenance/toe-overlay-20260912/donor-version/lean/AgdaMirror/MoonshineEarn.lean,Provenance.toe-overlay-20260912.donor-version.lean.AgdaMirror.MoonshineEarn,26,theorem,step1_result,MoonshineEarn,MoonshineEarn.step1_result,
Provenance/toe-overlay-20260912/donor-version/lean/AgdaMirror/MoonshineEarn.lean,Provenance.toe-overlay-20260912.donor-version.lean.AgdaMirror.MoonshineEarn,27,theorem,step1_factors,MoonshineEarn,MoonshineEarn.step1_factors,
Provenance/toe-overlay-20260912/donor-version/lean/AgdaMirror/MoonshineEarn.lean,Provenance.toe-overlay-20260912.donor-version.lean.AgdaMirror.MoonshineEarn,30,theorem,step2_fires,MoonshineEarn,MoonshineEarn.step2_fires,
Provenance/toe-overlay-20260912/donor-version/lean/AgdaMirror/MoonshineEarn.lean,Provenance.toe-overlay-20260912.donor-version.lean.AgdaMirror.MoonshineEarn,31,theorem,step2_result,MoonshineEarn,MoonshineEarn.step2_result,
Provenance/toe-overlay-20260912/donor-version/lean/AgdaMirror/MoonshineEarn.lean,Provenance.toe-overlay-20260912.donor-version.lean.AgdaMirror.MoonshineEarn,32,theorem,step2_factors,MoonshineEarn,MoonshineEarn.step2_factors,
Provenance/toe-overlay-20260912/donor-version/lean/AgdaMirror/MoonshineEarn.lean,Provenance.toe-overlay-20260912.donor-version.lean.AgdaMirror.MoonshineEarn,35,theorem,step3_fires,MoonshineEarn,MoonshineEarn.step3_fires,
Provenance/toe-overlay-20260912/donor-version/lean/AgdaMirror/MoonshineEarn.lean,Provenance.toe-overlay-20260912.donor-version.lean.AgdaMirror.MoonshineEarn,36,theorem,step3_result,MoonshineEarn,MoonshineEarn.step3_result,
Provenance/toe-overlay-20260912/donor-version/lean/AgdaMirror/MoonshineEarn.lean,Provenance.toe-overlay-20260912.donor-version.lean.AgdaMirror.MoonshineEarn,37,theorem,step3_factors,MoonshineEarn,MoonshineEarn.step3_factors,
Provenance/toe-overlay-20260912/donor-version/lean/AgdaMirror/MoonshineEarn.lean,Provenance.toe-overlay-20260912.donor-version.lean.AgdaMirror.MoonshineEarn,40,theorem,earning_chain,MoonshineEarn,MoonshineEarn.earning_chain,
Provenance/toe-overlay-20260912/donor-version/lean/AgdaMirror/MoonshineEarn.lean,Provenance.toe-overlay-20260912.donor-version.lean.AgdaMirror.MoonshineEarn,48,theorem,moonshine_observed,MoonshineEarn,MoonshineEarn.moonshine_observed,
Provenance/toe-overlay-20260912/donor-version/lean/AgdaMirror/MoonshineEarn.lean,Provenance.toe-overlay-20260912.donor-version.lean.AgdaMirror.MoonshineEarn,52,theorem,residue_7,MoonshineEarn,MoonshineEarn.residue_7,
Provenance/toe-overlay-20260912/donor-version/lean/AgdaMirror/MoonshineEarn.lean,Provenance.toe-overlay-20260912.donor-version.lean.AgdaMirror.MoonshineEarn,53,theorem,residue_11,MoonshineEarn,MoonshineEarn.residue_11,
Provenance/toe-overlay-20260912/donor-version/lean/AgdaMirror/MoonshineEarn.lean,Provenance.toe-overlay-20260912.donor-version.lean.AgdaMirror.MoonshineEarn,54,theorem,residue_23,MoonshineEarn,MoonshineEarn.residue_23,
Provenance/toe-overlay-20260912/donor-version/lean/AgdaMirror/MoonshineEarn.lean,Provenance.toe-overlay-20260912.donor-version.lean.AgdaMirror.MoonshineEarn,57,theorem,residue_47,MoonshineEarn,MoonshineEarn.residue_47,
Provenance/toe-overlay-20260912/donor-version/lean/AgdaMirror/MoonshineEarn.lean,Provenance.toe-overlay-20260912.donor-version.lean.AgdaMirror.MoonshineEarn,58,theorem,residue_59,MoonshineEarn,MoonshineEarn.residue_59,
Provenance/toe-overlay-20260912/donor-version/lean/AgdaMirror/MoonshineEarn.lean,Provenance.toe-overlay-20260912.donor-version.lean.AgdaMirror.MoonshineEarn,59,theorem,residue_71,MoonshineEarn,MoonshineEarn.residue_71,
Provenance/toe-overlay-20260912/donor-version/lean/AgdaMirror/MoonshineEarn.lean,Provenance.toe-overlay-20260912.donor-version.lean.AgdaMirror.MoonshineEarn,65,theorem,ratio_not_integer,MoonshineEarn,MoonshineEarn.ratio_not_integer,
Provenance/toe-overlay-20260912/donor-version/lean/AgdaMirror/MoonshineEarn.lean,Provenance.toe-overlay-20260912.donor-version.lean.AgdaMirror.MoonshineEarn,68,theorem,each_fires_once,MoonshineEarn,MoonshineEarn.each_fires_once,
Provenance/toe-overlay-20260912/donor-version/lean/AgdaMirror/MoonshineEarn.lean,Provenance.toe-overlay-20260912.donor-version.lean.AgdaMirror.MoonshineEarn,74,theorem,f1_inert,MoonshineEarn,MoonshineEarn.f1_inert,
Provenance/toe-overlay-20260912/donor-version/lean/AgdaMirror/MoonshineEarn.lean,Provenance.toe-overlay-20260912.donor-version.lean.AgdaMirror.MoonshineEarn,75,theorem,f2_inert,MoonshineEarn,MoonshineEarn.f2_inert,
Provenance/toe-overlay-20260912/donor-version/lean/AgdaMirror/MoonshineEarn.lean,Provenance.toe-overlay-20260912.donor-version.lean.AgdaMirror.MoonshineEarn,76,theorem,f3_inert,MoonshineEarn,MoonshineEarn.f3_inert,
Provenance/toe-overlay-20260912/donor-version/lean/AgdaMirror/MoonshineEarn.lean,Provenance.toe-overlay-20260912.donor-version.lean.AgdaMirror.MoonshineEarn,79,theorem,full_perf_earn,MoonshineEarn,MoonshineEarn.full_perf_earn,
Provenance/toe-overlay-20260912/donor-version/lean/AgdaMirror/MoonshineEarn.lean,Provenance.toe-overlay-20260912.donor-version.lean.AgdaMirror.MoonshineEarn,87,theorem,observer_preserved,MoonshineEarn,MoonshineEarn.observer_preserved,
Provenance/toe-overlay-20260912/donor-version/lean/AgdaMirror/MoonshineEarn.lean,Provenance.toe-overlay-20260912.donor-version.lean.AgdaMirror.MoonshineEarn,96,theorem,taxi_is_1729,,taxi_is_1729,
Provenance/toe-overlay-20260912/donor-version/lean/AgdaMirror/MoonshineEarn.lean,Provenance.toe-overlay-20260912.donor-version.lean.AgdaMirror.MoonshineEarn,97,theorem,taxi_step1,,taxi_step1,
Provenance/toe-overlay-20260912/donor-version/lean/AgdaMirror/MoonshineEarn.lean,Provenance.toe-overlay-20260912.donor-version.lean.AgdaMirror.MoonshineEarn,98,theorem,taxi_step2,,taxi_step2,
Provenance/toe-overlay-20260912/donor-version/lean/AgdaMirror/MoonshineEarn.lean,Provenance.toe-overlay-20260912.donor-version.lean.AgdaMirror.MoonshineEarn,99,theorem,taxi_step3,,taxi_step3,
Provenance/toe-overlay-20260912/donor-version/lean/AgdaMirror/MoonshineEarn.lean,Provenance.toe-overlay-20260912.donor-version.lean.AgdaMirror.MoonshineEarn,100,theorem,taxi_div7,,taxi_div7,
Provenance/toe-overlay-20260912/donor-version/lean/AgdaMirror/MoonshineEarn.lean,Provenance.toe-overlay-20260912.donor-version.lean.AgdaMirror.MoonshineEarn,101,theorem,taxi_div13,,taxi_div13,
Provenance/toe-overlay-20260912/donor-version/lean/AgdaMirror/MoonshineEarn.lean,Provenance.toe-overlay-20260912.donor-version.lean.AgdaMirror.MoonshineEarn,102,theorem,taxi_div19,,taxi_div19,
Provenance/toe-overlay-20260912/donor-version/lean/AgdaMirror/MoonshineEarn.lean,Provenance.toe-overlay-20260912.donor-version.lean.AgdaMirror.MoonshineEarn,103,theorem,taxi_earns_moonshine,,taxi_earns_moonshine,
Provenance/toe-overlay-20260912/donor-version/lean/AgdaMirror/MoonshineEarn.lean,Provenance.toe-overlay-20260912.donor-version.lean.AgdaMirror.MoonshineEarn,107,theorem,earning_quotient,,earning_quotient,
Provenance/toe-overlay-20260912/donor-version/lean/AgdaMirror/MoonshineEarn.lean,Provenance.toe-overlay-20260912.donor-version.lean.AgdaMirror.MoonshineEarn,108,theorem,earning_remainder,,earning_remainder,
Provenance/toe-overlay-20260912/donor-version/lean/AgdaMirror/MoonshineEarn.lean,Provenance.toe-overlay-20260912.donor-version.lean.AgdaMirror.MoonshineEarn,109,theorem,earning_decomp,,earning_decomp,
Provenance/toe-overlay-20260912/donor-version/lean/AgdaMirror/MoonshineEarn.lean,Provenance.toe-overlay-20260912.donor-version.lean.AgdaMirror.MoonshineEarn,112,theorem,taxicab_sum1,,taxicab_sum1,
Provenance/toe-overlay-20260912/donor-version/lean/AgdaMirror/MoonshineEarn.lean,Provenance.toe-overlay-20260912.donor-version.lean.AgdaMirror.MoonshineEarn,113,theorem,taxicab_sum2,,taxicab_sum2,
Provenance/toe-overlay-20260912/donor-version/lean/Synthesis/EndToEnd.lean,Provenance.toe-overlay-20260912.donor-version.lean.Synthesis.EndToEnd,68,structure,CrossDomainSpine,Synthesis.EndToEnd,Synthesis.EndToEnd.CrossDomainSpine,
Provenance/toe-overlay-20260912/donor-version/lean/Synthesis/EndToEnd.lean,Provenance.toe-overlay-20260912.donor-version.lean.Synthesis.EndToEnd,262,def,crossDomainSpine,Synthesis.EndToEnd,Synthesis.EndToEnd.crossDomainSpine,
Provenance/toe-overlay-20260912/donor-version/lean/Synthesis/EndToEnd.lean,Provenance.toe-overlay-20260912.donor-version.lean.Synthesis.EndToEnd,329,theorem,toTriTruth_rot,Synthesis.EndToEnd,Synthesis.EndToEnd.toTriTruth_rot,
Provenance/toe-overlay-20260912/donor-version/lean/Synthesis/EndToEnd.lean,Provenance.toe-overlay-20260912.donor-version.lean.Synthesis.EndToEnd,334,theorem,fabricTone_act_iterate,Synthesis.EndToEnd,Synthesis.EndToEnd.fabricTone_act_iterate,
Provenance/toe-overlay-20260912/donor-version/lean/Synthesis/EndToEnd.lean,Provenance.toe-overlay-20260912.donor-version.lean.Synthesis.EndToEnd,366,theorem,spine_end_to_end,Synthesis.EndToEnd,Synthesis.EndToEnd.spine_end_to_end,
