path,module,source_tree,line,imports,kind,resolved
RequestProject/Main.lean,RequestProject.Main,ns-lane,1,Mathlib,mathlib,mathlib
RequestProject/NavierStokes/ActualScaleSeparatingProbe.lean,RequestProject.NavierStokes.ActualScaleSeparatingProbe,ns-lane,31,RequestProject.NavierStokes.ParabolicProbeExistence,ns-lane,preserved-payload
RequestProject/NavierStokes/ActualScaleSeparatingProbe.lean,RequestProject.NavierStokes.ActualScaleSeparatingProbe,ns-lane,32,RequestProject.NavierStokes.UnnormalizedProbeCoercivity,ns-lane,preserved-payload
RequestProject/NavierStokes/AdjointCaccioppoliClosure.lean,RequestProject.NavierStokes.AdjointCaccioppoliClosure,ns-lane,48,RequestProject.NavierStokes.IncrementStretchingTransfer,ns-lane,preserved-payload
RequestProject/NavierStokes/AdjointCaccioppoliClosure.lean,RequestProject.NavierStokes.AdjointCaccioppoliClosure,ns-lane,49,RequestProject.NavierStokes.KarmanHowarth,ns-lane,preserved-payload
RequestProject/NavierStokes/AdjointLocalizedIncrement.lean,RequestProject.NavierStokes.AdjointLocalizedIncrement,ns-lane,44,RequestProject.NavierStokes.IncrementLocalizedLevelSet,ns-lane,preserved-payload
RequestProject/NavierStokes/AlmostOrthogonalGramSchur.lean,RequestProject.NavierStokes.AlmostOrthogonalGramSchur,ns-lane,66,RequestProject.NavierStokes.SignedGramWienerAssembly,ns-lane,preserved-payload
RequestProject/NavierStokes/AncientDirectionalLevelDrop.lean,RequestProject.NavierStokes.AncientDirectionalLevelDrop,ns-lane,49,RequestProject.NavierStokes.DeGiorgiOscillationAssembly,ns-lane,preserved-payload
RequestProject/NavierStokes/AncientLiouville.lean,RequestProject.NavierStokes.AncientLiouville,ns-lane,35,RequestProject.NavierStokes.Poincare,ns-lane,preserved-payload
RequestProject/NavierStokes/AncientLiouville.lean,RequestProject.NavierStokes.AncientLiouville,ns-lane,36,RequestProject.NavierStokes.EnstrophyDissipation,ns-lane,preserved-payload
RequestProject/NavierStokes/AncientOscillationContraction.lean,RequestProject.NavierStokes.AncientOscillationContraction,ns-lane,43,RequestProject.NavierStokes.BlowupOscillation,ns-lane,preserved-payload
RequestProject/NavierStokes/ApproximateScaleAnchor.lean,RequestProject.NavierStokes.ApproximateScaleAnchor,ns-lane,52,RequestProject.NavierStokes.ScaleAnchor,ns-lane,preserved-payload
RequestProject/NavierStokes/BackwardKernelFluxDefect.lean,RequestProject.NavierStokes.BackwardKernelFluxDefect,ns-lane,42,RequestProject.NavierStokes.FrequencyAlmostMonotone,ns-lane,preserved-payload
RequestProject/NavierStokes/BackwardKernelFluxDefect.lean,RequestProject.NavierStokes.BackwardKernelFluxDefect,ns-lane,43,RequestProject.NavierStokes.DynamicDefectReduction,ns-lane,preserved-payload
RequestProject/NavierStokes/BlowupCompactness.lean,RequestProject.NavierStokes.BlowupCompactness,ns-lane,35,RequestProject.NavierStokes.BlowupOscillation,ns-lane,preserved-payload
RequestProject/NavierStokes/BlowupEquicontinuousCompactness.lean,RequestProject.NavierStokes.BlowupEquicontinuousCompactness,ns-lane,37,RequestProject.NavierStokes.BlowupCompactness,ns-lane,preserved-payload
RequestProject/NavierStokes/BlowupOscillation.lean,RequestProject.NavierStokes.BlowupOscillation,ns-lane,44,RequestProject.NavierStokes.ClayPeriodic,ns-lane,preserved-payload
RequestProject/NavierStokes/CellL2.lean,RequestProject.NavierStokes.CellL2,ns-lane,23,RequestProject.NavierStokes.CellShift,ns-lane,preserved-payload
RequestProject/NavierStokes/CellShift.lean,RequestProject.NavierStokes.CellShift,ns-lane,20,RequestProject.NavierStokes.IncrementLocalizedLevelSet,ns-lane,preserved-payload
RequestProject/NavierStokes/CellVanishing.lean,RequestProject.NavierStokes.CellVanishing,ns-lane,21,RequestProject.NavierStokes.PeriodicIntegral,ns-lane,preserved-payload
RequestProject/NavierStokes/ClayPeriodic.lean,RequestProject.NavierStokes.ClayPeriodic,ns-lane,42,Mathlib,mathlib,mathlib
RequestProject/NavierStokes/CoarseGrainedResolution.lean,RequestProject.NavierStokes.CoarseGrainedResolution,ns-lane,36,RequestProject.NavierStokes.ScaleInvariantGradientEnergy,ns-lane,preserved-payload
RequestProject/NavierStokes/CompactCarrierBridge.lean,RequestProject.NavierStokes.CompactCarrierBridge,ns-lane,39,RequestProject.NavierStokes.GaussianUnweighting,ns-lane,preserved-payload
RequestProject/NavierStokes/CompactCarrierBridge.lean,RequestProject.NavierStokes.CompactCarrierBridge,ns-lane,40,RequestProject.NavierStokes.ParabolicGain,ns-lane,preserved-payload
RequestProject/NavierStokes/CompactDivergence.lean,RequestProject.NavierStokes.CompactDivergence,ns-lane,23,RequestProject.NavierStokes.PeriodicIntegral,ns-lane,preserved-payload
RequestProject/NavierStokes/ConcentratedWeightNoGo.lean,RequestProject.NavierStokes.ConcentratedWeightNoGo,ns-lane,49,RequestProject.NavierStokes.FrontierGatesAdjoint,ns-lane,preserved-payload
RequestProject/NavierStokes/ConcentratedWeightNoGo.lean,RequestProject.NavierStokes.ConcentratedWeightNoGo,ns-lane,50,RequestProject.NavierStokes.AncientLiouville,ns-lane,preserved-payload
RequestProject/NavierStokes/ConcentratedWeightNoGo.lean,RequestProject.NavierStokes.ConcentratedWeightNoGo,ns-lane,51,RequestProject.NavierStokes.IncrementEnergyPeriodic,ns-lane,preserved-payload
RequestProject/NavierStokes/ConcentratedWeightNoGo.lean,RequestProject.NavierStokes.ConcentratedWeightNoGo,ns-lane,52,RequestProject.NavierStokes.CellVanishing,ns-lane,preserved-payload
RequestProject/NavierStokes/Continuation.lean,RequestProject.NavierStokes.Continuation,ns-lane,23,RequestProject.NavierStokes.GlobalEnergy,ns-lane,preserved-payload
RequestProject/NavierStokes/CriticalElementRigidity.lean,RequestProject.NavierStokes.CriticalElementRigidity,ns-lane,66,RequestProject.NavierStokes.WaleffeCriticalEnergyBarrier,ns-lane,preserved-payload
RequestProject/NavierStokes/CriticalGradientMonotonicity.lean,RequestProject.NavierStokes.CriticalGradientMonotonicity,ns-lane,52,RequestProject.NavierStokes.FrequencyAlmostMonotone,ns-lane,preserved-payload
RequestProject/NavierStokes/CriticalSimonUpgradeObligations.lean,RequestProject.NavierStokes.CriticalSimonUpgradeObligations,ns-lane,27,RequestProject.NavierStokes.WaleffeNetworkForcingBudget,ns-lane,preserved-payload
RequestProject/NavierStokes/CutoffDilationProbe.lean,RequestProject.NavierStokes.CutoffDilationProbe,ns-lane,30,RequestProject.NavierStokes.GeneralDilationProbe,ns-lane,preserved-payload
RequestProject/NavierStokes/DeGiorgiIteration.lean,RequestProject.NavierStokes.DeGiorgiIteration,ns-lane,32,Mathlib,mathlib,mathlib
RequestProject/NavierStokes/DeGiorgiOscillationAssembly.lean,RequestProject.NavierStokes.DeGiorgiOscillationAssembly,ns-lane,54,RequestProject.NavierStokes.DeGiorgiRecurrence,ns-lane,preserved-payload
RequestProject/NavierStokes/DeGiorgiOscillationAssembly.lean,RequestProject.NavierStokes.DeGiorgiOscillationAssembly,ns-lane,55,RequestProject.NavierStokes.AncientOscillationContraction,ns-lane,preserved-payload
RequestProject/NavierStokes/DeGiorgiRecurrence.lean,RequestProject.NavierStokes.DeGiorgiRecurrence,ns-lane,43,RequestProject.NavierStokes.DeGiorgiIteration,ns-lane,preserved-payload
RequestProject/NavierStokes/DilationProbeExistence.lean,RequestProject.NavierStokes.DilationProbeExistence,ns-lane,43,RequestProject.NavierStokes.CutoffDilationProbe,ns-lane,preserved-payload
RequestProject/NavierStokes/DilationProbeExistence.lean,RequestProject.NavierStokes.DilationProbeExistence,ns-lane,44,RequestProject.NavierStokes.ScaleProbeExistence,ns-lane,preserved-payload
RequestProject/NavierStokes/DyadicCascade.lean,RequestProject.NavierStokes.DyadicCascade,ns-lane,50,Mathlib,mathlib,mathlib
RequestProject/NavierStokes/DynamicDefectReduction.lean,RequestProject.NavierStokes.DynamicDefectReduction,ns-lane,28,RequestProject.NavierStokes.ScaleInvariantGradientEnergy,ns-lane,preserved-payload
RequestProject/NavierStokes/EnergyIdentity.lean,RequestProject.NavierStokes.EnergyIdentity,ns-lane,28,RequestProject.NavierStokes.Vorticity,ns-lane,preserved-payload
RequestProject/NavierStokes/EnergyScaleDefect.lean,RequestProject.NavierStokes.EnergyScaleDefect,ns-lane,30,RequestProject.NavierStokes.BlowupOscillation,ns-lane,preserved-payload
RequestProject/NavierStokes/EnstrophyDissipation.lean,RequestProject.NavierStokes.EnstrophyDissipation,ns-lane,22,RequestProject.NavierStokes.GlobalEnergy,ns-lane,preserved-payload
RequestProject/NavierStokes/ExactSolution.lean,RequestProject.NavierStokes.ExactSolution,ns-lane,22,RequestProject.NavierStokes.PressurePoisson,ns-lane,preserved-payload
RequestProject/NavierStokes/ExpenditureInstantiation.lean,RequestProject.NavierStokes.ExpenditureInstantiation,ns-lane,27,RequestProject.NavierStokes.GaussianSpacetimeBudget,ns-lane,preserved-payload
RequestProject/NavierStokes/ExpenditureInstantiation.lean,RequestProject.NavierStokes.ExpenditureInstantiation,ns-lane,28,RequestProject.NavierStokes.ScaleInvariantWeightChoice,ns-lane,preserved-payload
RequestProject/NavierStokes/ExpenditureInstantiation.lean,RequestProject.NavierStokes.ExpenditureInstantiation,ns-lane,29,RequestProject.NavierStokes.ExpenditureLedger,ns-lane,preserved-payload
RequestProject/NavierStokes/ExpenditureLedger.lean,RequestProject.NavierStokes.ExpenditureLedger,ns-lane,52,RequestProject.NavierStokes.ClayPeriodic,ns-lane,preserved-payload
RequestProject/NavierStokes/FarPressureKernelExpenditure.lean,RequestProject.NavierStokes.FarPressureKernelExpenditure,ns-lane,41,RequestProject.NavierStokes.GaussianLerayTranslationNoGo,ns-lane,preserved-payload
RequestProject/NavierStokes/FiniteExpenditureMomentRigidity.lean,RequestProject.NavierStokes.FiniteExpenditureMomentRigidity,ns-lane,32,RequestProject.NavierStokes.FiniteExpenditureSmallReynoldsRigidity,ns-lane,preserved-payload
RequestProject/NavierStokes/FiniteExpenditureMomentRigidity.lean,RequestProject.NavierStokes.FiniteExpenditureMomentRigidity,ns-lane,33,RequestProject.NavierStokes.GaussianMomentRigidity,ns-lane,preserved-payload
RequestProject/NavierStokes/FiniteExpenditureSmallReynoldsRigidity.lean,RequestProject.NavierStokes.FiniteExpenditureSmallReynoldsRigidity,ns-lane,27,RequestProject.NavierStokes.FiniteProjectiveExpenditure,ns-lane,preserved-payload
RequestProject/NavierStokes/FiniteExpenditureSmallReynoldsRigidity.lean,RequestProject.NavierStokes.FiniteExpenditureSmallReynoldsRigidity,ns-lane,28,RequestProject.NavierStokes.StationarySimilarityRigidity,ns-lane,preserved-payload
RequestProject/NavierStokes/FiniteProjectiveExpenditure.lean,RequestProject.NavierStokes.FiniteProjectiveExpenditure,ns-lane,41,RequestProject.NavierStokes.GaussianSimilarityInteractionClosure,ns-lane,preserved-payload
RequestProject/NavierStokes/FrequencyAlmostMonotone.lean,RequestProject.NavierStokes.FrequencyAlmostMonotone,ns-lane,55,RequestProject.NavierStokes.FrequencyDoubling,ns-lane,preserved-payload
RequestProject/NavierStokes/FrequencyDoubling.lean,RequestProject.NavierStokes.FrequencyDoubling,ns-lane,53,RequestProject.NavierStokes.DyadicCascade,ns-lane,preserved-payload
RequestProject/NavierStokes/FrequencyDoubling.lean,RequestProject.NavierStokes.FrequencyDoubling,ns-lane,54,RequestProject.NavierStokes.DynamicDefectReduction,ns-lane,preserved-payload
RequestProject/NavierStokes/FrontierGatesAdjoint.lean,RequestProject.NavierStokes.FrontierGatesAdjoint,ns-lane,45,RequestProject.NavierStokes.AdjointCaccioppoliClosure,ns-lane,preserved-payload
RequestProject/NavierStokes/FrontierGatesAdjoint.lean,RequestProject.NavierStokes.FrontierGatesAdjoint,ns-lane,46,RequestProject.NavierStokes.IncrementStretchingCritical,ns-lane,preserved-payload
RequestProject/NavierStokes/GalerkinExistence.lean,RequestProject.NavierStokes.GalerkinExistence,ns-lane,21,RequestProject.NavierStokes.GalerkinInvariants,ns-lane,preserved-payload
RequestProject/NavierStokes/GalerkinGramFlux.lean,RequestProject.NavierStokes.GalerkinGramFlux,ns-lane,45,RequestProject.NavierStokes.GalerkinExistence,ns-lane,preserved-payload
RequestProject/NavierStokes/GalerkinGramFlux.lean,RequestProject.NavierStokes.GalerkinGramFlux,ns-lane,46,RequestProject.NavierStokes.SignedGramWienerAssembly,ns-lane,preserved-payload
RequestProject/NavierStokes/GalerkinInvariants.lean,RequestProject.NavierStokes.GalerkinInvariants,ns-lane,23,RequestProject.NavierStokes.GalerkinTruncatedField,ns-lane,preserved-payload
RequestProject/NavierStokes/GalerkinInvariants.lean,RequestProject.NavierStokes.GalerkinInvariants,ns-lane,24,Mathlib.Analysis.ODE.Gronwall,mathlib,mathlib
RequestProject/NavierStokes/GalerkinStateSpace.lean,RequestProject.NavierStokes.GalerkinStateSpace,ns-lane,29,RequestProject.NavierStokes.WaleffeGalerkinEnergy,ns-lane,preserved-payload
RequestProject/NavierStokes/GalerkinStateSpace.lean,RequestProject.NavierStokes.GalerkinStateSpace,ns-lane,30,Mathlib.Analysis.SpecialFunctions.SmoothTransition,mathlib,mathlib
RequestProject/NavierStokes/GalerkinTruncatedField.lean,RequestProject.NavierStokes.GalerkinTruncatedField,ns-lane,16,RequestProject.NavierStokes.GalerkinStateSpace,ns-lane,preserved-payload
RequestProject/NavierStokes/GalerkinTruncatedField.lean,RequestProject.NavierStokes.GalerkinTruncatedField,ns-lane,17,Mathlib.Analysis.ODE.PicardLindelof,mathlib,mathlib
RequestProject/NavierStokes/GaussianAdjointCaccioppoli.lean,RequestProject.NavierStokes.GaussianAdjointCaccioppoli,ns-lane,41,RequestProject.NavierStokes.GaussianApproximateAdjoint,ns-lane,preserved-payload
RequestProject/NavierStokes/GaussianAdjointCaccioppoli.lean,RequestProject.NavierStokes.GaussianAdjointCaccioppoli,ns-lane,42,RequestProject.NavierStokes.AdjointCaccioppoliClosure,ns-lane,preserved-payload
RequestProject/NavierStokes/GaussianApproximateAdjoint.lean,RequestProject.NavierStokes.GaussianApproximateAdjoint,ns-lane,57,RequestProject.NavierStokes.TorusGaussianIntegrals,ns-lane,preserved-payload
RequestProject/NavierStokes/GaussianApproximateAdjoint.lean,RequestProject.NavierStokes.GaussianApproximateAdjoint,ns-lane,58,RequestProject.NavierStokes.FrontierGatesAdjoint,ns-lane,preserved-payload
RequestProject/NavierStokes/GaussianDetector.lean,RequestProject.NavierStokes.GaussianDetector,ns-lane,50,RequestProject.NavierStokes.GaussianLinearBudgetAudit,ns-lane,preserved-payload
RequestProject/NavierStokes/GaussianFisherInformation.lean,RequestProject.NavierStokes.GaussianFisherInformation,ns-lane,41,RequestProject.NavierStokes.TorusGaussianIntegrals,ns-lane,preserved-payload
RequestProject/NavierStokes/GaussianLerayCounterexampleField.lean,RequestProject.NavierStokes.GaussianLerayCounterexampleField,ns-lane,39,RequestProject.NavierStokes.StationarySimilarityRigidity,ns-lane,preserved-payload
RequestProject/NavierStokes/GaussianLerayCounterexamplePressure.lean,RequestProject.NavierStokes.GaussianLerayCounterexamplePressure,ns-lane,33,RequestProject.NavierStokes.GaussianLerayCounterexampleField,ns-lane,preserved-payload
RequestProject/NavierStokes/GaussianLerayTranslationNoGo.lean,RequestProject.NavierStokes.GaussianLerayTranslationNoGo,ns-lane,32,RequestProject.NavierStokes.GaussianLerayCounterexamplePressure,ns-lane,preserved-payload
RequestProject/NavierStokes/GaussianLinearBudgetAudit.lean,RequestProject.NavierStokes.GaussianLinearBudgetAudit,ns-lane,57,RequestProject.NavierStokes.GaussianAdjointCaccioppoli,ns-lane,preserved-payload
RequestProject/NavierStokes/GaussianMarginalChannel.lean,RequestProject.NavierStokes.GaussianMarginalChannel,ns-lane,44,RequestProject.NavierStokes.CompactDivergence,ns-lane,preserved-payload
RequestProject/NavierStokes/GaussianMarginalTelescope.lean,RequestProject.NavierStokes.GaussianMarginalTelescope,ns-lane,50,RequestProject.NavierStokes.SimilarityNearFarAbsorption,ns-lane,preserved-payload
RequestProject/NavierStokes/GaussianMarginalTelescope.lean,RequestProject.NavierStokes.GaussianMarginalTelescope,ns-lane,51,RequestProject.NavierStokes.GaussianMarginalChannel,ns-lane,preserved-payload
RequestProject/NavierStokes/GaussianMomentRigidity.lean,RequestProject.NavierStokes.GaussianMomentRigidity,ns-lane,53,RequestProject.NavierStokes.StationarySimilarityRigidity,ns-lane,preserved-payload
RequestProject/NavierStokes/GaussianNearFarOptimization.lean,RequestProject.NavierStokes.GaussianNearFarOptimization,ns-lane,48,RequestProject.NavierStokes.GaussianNearFarSplit,ns-lane,preserved-payload
RequestProject/NavierStokes/GaussianNearFarSplit.lean,RequestProject.NavierStokes.GaussianNearFarSplit,ns-lane,47,RequestProject.NavierStokes.GaussianMarginalChannel,ns-lane,preserved-payload
RequestProject/NavierStokes/GaussianOrnsteinUhlenbeck.lean,RequestProject.NavierStokes.GaussianOrnsteinUhlenbeck,ns-lane,38,RequestProject.NavierStokes.GaussianMarginalChannel,ns-lane,preserved-payload
RequestProject/NavierStokes/GaussianScaleGram.lean,RequestProject.NavierStokes.GaussianScaleGram,ns-lane,40,RequestProject.NavierStokes.IncrementModulusGram,ns-lane,preserved-payload
RequestProject/NavierStokes/GaussianSimilarityInteractionClosure.lean,RequestProject.NavierStokes.GaussianSimilarityInteractionClosure,ns-lane,71,RequestProject.NavierStokes.GaussianMarginalTelescope,ns-lane,preserved-payload
RequestProject/NavierStokes/GaussianSimilarityInteractionClosure.lean,RequestProject.NavierStokes.GaussianSimilarityInteractionClosure,ns-lane,72,RequestProject.NavierStokes.SimilarityNearFarScaleCharge,ns-lane,preserved-payload
RequestProject/NavierStokes/GaussianSpacetimeBudget.lean,RequestProject.NavierStokes.GaussianSpacetimeBudget,ns-lane,28,RequestProject.NavierStokes.GaussianWeightedAbsorption,ns-lane,preserved-payload
RequestProject/NavierStokes/GaussianUnweighting.lean,RequestProject.NavierStokes.GaussianUnweighting,ns-lane,33,RequestProject.NavierStokes.ScaleInvariantWeightChoice,ns-lane,preserved-payload
RequestProject/NavierStokes/GaussianWeightedAbsorption.lean,RequestProject.NavierStokes.GaussianWeightedAbsorption,ns-lane,43,RequestProject.NavierStokes.GaussianLinearBudgetAudit,ns-lane,preserved-payload
RequestProject/NavierStokes/GaussianWeightedAbsorption.lean,RequestProject.NavierStokes.GaussianWeightedAbsorption,ns-lane,44,RequestProject.NavierStokes.GaussianFisherInformation,ns-lane,preserved-payload
RequestProject/NavierStokes/GeneralDilationProbe.lean,RequestProject.NavierStokes.GeneralDilationProbe,ns-lane,36,RequestProject.NavierStokes.CompactDivergence,ns-lane,preserved-payload
RequestProject/NavierStokes/GeneralDilationProbe.lean,RequestProject.NavierStokes.GeneralDilationProbe,ns-lane,37,RequestProject.NavierStokes.SpatialScaleGen,ns-lane,preserved-payload
RequestProject/NavierStokes/GlobalAssembly.lean,RequestProject.NavierStokes.GlobalAssembly,ns-lane,24,RequestProject.NavierStokes.WindowUniqueness,ns-lane,preserved-payload
RequestProject/NavierStokes/GlobalEnergy.lean,RequestProject.NavierStokes.GlobalEnergy,ns-lane,24,RequestProject.NavierStokes.PeriodicIntegral,ns-lane,preserved-payload
RequestProject/NavierStokes/GradientEnergyScaling.lean,RequestProject.NavierStokes.GradientEnergyScaling,ns-lane,31,RequestProject.NavierStokes.EnergyScaleDefect,ns-lane,preserved-payload
RequestProject/NavierStokes/GradientEnergyScaling.lean,RequestProject.NavierStokes.GradientEnergyScaling,ns-lane,32,RequestProject.NavierStokes.ScaleInvariantGradientEnergy,ns-lane,preserved-payload
RequestProject/NavierStokes/GramConsumerFactorisation.lean,RequestProject.NavierStokes.GramConsumerFactorisation,ns-lane,36,Proposed.FibreRoutingProjectionAdapter,toe-proposed,this-repo-Lean
RequestProject/NavierStokes/GramConsumerFactorisation.lean,RequestProject.NavierStokes.GramConsumerFactorisation,ns-lane,37,RequestProject.NavierStokes.RateBlockGramBound,ns-lane,preserved-payload
RequestProject/NavierStokes/HeadBoundedRigidityScope.lean,RequestProject.NavierStokes.HeadBoundedRigidityScope,ns-lane,33,RequestProject.NavierStokes.FiniteExpenditureMomentRigidity,ns-lane,preserved-payload
RequestProject/NavierStokes/IncrementConvexSubsolution.lean,RequestProject.NavierStokes.IncrementConvexSubsolution,ns-lane,49,RequestProject.NavierStokes.IncrementLocalEnergy,ns-lane,preserved-payload
RequestProject/NavierStokes/IncrementEnergyPeriodic.lean,RequestProject.NavierStokes.IncrementEnergyPeriodic,ns-lane,34,RequestProject.NavierStokes.IncrementLocalEnergy,ns-lane,preserved-payload
RequestProject/NavierStokes/IncrementEnergyPeriodic.lean,RequestProject.NavierStokes.IncrementEnergyPeriodic,ns-lane,35,RequestProject.NavierStokes.AncientLiouville,ns-lane,preserved-payload
RequestProject/NavierStokes/IncrementLevelSetEnergy.lean,RequestProject.NavierStokes.IncrementLevelSetEnergy,ns-lane,35,RequestProject.NavierStokes.IncrementEnergyPeriodic,ns-lane,preserved-payload
RequestProject/NavierStokes/IncrementLevelSetEnergy.lean,RequestProject.NavierStokes.IncrementLevelSetEnergy,ns-lane,36,RequestProject.NavierStokes.IncrementConvexSubsolution,ns-lane,preserved-payload
RequestProject/NavierStokes/IncrementLocalEnergy.lean,RequestProject.NavierStokes.IncrementLocalEnergy,ns-lane,44,RequestProject.NavierStokes.Increments,ns-lane,preserved-payload
RequestProject/NavierStokes/IncrementLocalEnergy.lean,RequestProject.NavierStokes.IncrementLocalEnergy,ns-lane,45,RequestProject.NavierStokes.EnergyIdentity,ns-lane,preserved-payload
RequestProject/NavierStokes/IncrementLocalizedLevelSet.lean,RequestProject.NavierStokes.IncrementLocalizedLevelSet,ns-lane,44,RequestProject.NavierStokes.IncrementLevelSetEnergy,ns-lane,preserved-payload
RequestProject/NavierStokes/IncrementModulusCancellation.lean,RequestProject.NavierStokes.IncrementModulusCancellation,ns-lane,48,RequestProject.NavierStokes.IncrementModulusGram,ns-lane,preserved-payload
RequestProject/NavierStokes/IncrementModulusGram.lean,RequestProject.NavierStokes.IncrementModulusGram,ns-lane,34,RequestProject.NavierStokes.IncrementStretchingTransfer,ns-lane,preserved-payload
RequestProject/NavierStokes/IncrementPressureAbsorption.lean,RequestProject.NavierStokes.IncrementPressureAbsorption,ns-lane,40,RequestProject.NavierStokes.PressureL2Oscillation,ns-lane,preserved-payload
RequestProject/NavierStokes/IncrementStretchingCritical.lean,RequestProject.NavierStokes.IncrementStretchingCritical,ns-lane,43,RequestProject.NavierStokes.IncrementLocalEnergy,ns-lane,preserved-payload
RequestProject/NavierStokes/IncrementStretchingCritical.lean,RequestProject.NavierStokes.IncrementStretchingCritical,ns-lane,44,Mathlib.MeasureTheory.Function.LpSeminorm.CompareExp,mathlib,mathlib
RequestProject/NavierStokes/IncrementStretchingTransfer.lean,RequestProject.NavierStokes.IncrementStretchingTransfer,ns-lane,50,RequestProject.NavierStokes.AdjointLocalizedIncrement,ns-lane,preserved-payload
RequestProject/NavierStokes/Increments.lean,RequestProject.NavierStokes.Increments,ns-lane,26,RequestProject.NavierStokes.Uniqueness,ns-lane,preserved-payload
RequestProject/NavierStokes/KarmanHowarth.lean,RequestProject.NavierStokes.KarmanHowarth,ns-lane,37,RequestProject.NavierStokes.StructureFunction,ns-lane,preserved-payload
RequestProject/NavierStokes/KarmanHowarthCutoffError.lean,RequestProject.NavierStokes.KarmanHowarthCutoffError,ns-lane,29,RequestProject.NavierStokes.KarmanHowarth,ns-lane,preserved-payload
RequestProject/NavierStokes/KarmanHowarthPressureGauge.lean,RequestProject.NavierStokes.KarmanHowarthPressureGauge,ns-lane,32,RequestProject.NavierStokes.KarmanHowarthCutoffError,ns-lane,preserved-payload
RequestProject/NavierStokes/LatticeRieszConvolution.lean,RequestProject.NavierStokes.LatticeRieszConvolution,ns-lane,37,RequestProject.NavierStokes.LatticeShellCounting,ns-lane,preserved-payload
RequestProject/NavierStokes/LatticeRieszConvolution.lean,RequestProject.NavierStokes.LatticeRieszConvolution,ns-lane,38,RequestProject.NavierStokes.WaleffeOutputGainFibre,ns-lane,preserved-payload
RequestProject/NavierStokes/LatticeShellCounting.lean,RequestProject.NavierStokes.LatticeShellCounting,ns-lane,22,RequestProject.NavierStokes.WaleffeCriticalCompanionSummation,ns-lane,preserved-payload
RequestProject/NavierStokes/LevelAnnulusPigeonhole.lean,RequestProject.NavierStokes.LevelAnnulusPigeonhole,ns-lane,43,RequestProject.NavierStokes.PeriodicIntegral,ns-lane,preserved-payload
RequestProject/NavierStokes/LinearSkeletonPropagation.lean,RequestProject.NavierStokes.LinearSkeletonPropagation,ns-lane,39,RequestProject.NavierStokes.ExactSolution,ns-lane,preserved-payload
RequestProject/NavierStokes/LinearSkeletonPropagation.lean,RequestProject.NavierStokes.LinearSkeletonPropagation,ns-lane,40,RequestProject.NavierStokes.Vorticity,ns-lane,preserved-payload
RequestProject/NavierStokes/LocalizedPoincare.lean,RequestProject.NavierStokes.LocalizedPoincare,ns-lane,28,RequestProject.NavierStokes.Poincare,ns-lane,preserved-payload
RequestProject/NavierStokes/ModulusCaccioppoliCell.lean,RequestProject.NavierStokes.ModulusCaccioppoliCell,ns-lane,33,RequestProject.NavierStokes.IncrementModulusCancellation,ns-lane,preserved-payload
RequestProject/NavierStokes/ModulusEpsCaccioppoli.lean,RequestProject.NavierStokes.ModulusEpsCaccioppoli,ns-lane,41,RequestProject.NavierStokes.ModulusCaccioppoliCell,ns-lane,preserved-payload
RequestProject/NavierStokes/ModulusLevelSplit.lean,RequestProject.NavierStokes.ModulusLevelSplit,ns-lane,46,RequestProject.NavierStokes.ModulusEpsCaccioppoli,ns-lane,preserved-payload
RequestProject/NavierStokes/ModulusOccupation.lean,RequestProject.NavierStokes.ModulusOccupation,ns-lane,27,RequestProject.NavierStokes.CompactCarrierBridge,ns-lane,preserved-payload
RequestProject/NavierStokes/ModulusOccupation.lean,RequestProject.NavierStokes.ModulusOccupation,ns-lane,28,RequestProject.NavierStokes.ExpenditureLedger,ns-lane,preserved-payload
RequestProject/NavierStokes/ModulusResidualLevelSelection.lean,RequestProject.NavierStokes.ModulusResidualLevelSelection,ns-lane,30,RequestProject.NavierStokes.ModulusLevelSplit,ns-lane,preserved-payload
RequestProject/NavierStokes/ModulusResidualLevelSelection.lean,RequestProject.NavierStokes.ModulusResidualLevelSelection,ns-lane,31,RequestProject.NavierStokes.LevelAnnulusPigeonhole,ns-lane,preserved-payload
RequestProject/NavierStokes/ModulusViscousCoercivity.lean,RequestProject.NavierStokes.ModulusViscousCoercivity,ns-lane,37,RequestProject.NavierStokes.ModulusLevelSplit,ns-lane,preserved-payload
RequestProject/NavierStokes/ModulusViscousCoercivity.lean,RequestProject.NavierStokes.ModulusViscousCoercivity,ns-lane,38,RequestProject.NavierStokes.EnergyIdentity,ns-lane,preserved-payload
RequestProject/NavierStokes/ModulusViscousCoercivity.lean,RequestProject.NavierStokes.ModulusViscousCoercivity,ns-lane,39,RequestProject.NavierStokes.IncrementEnergyPeriodic,ns-lane,preserved-payload
RequestProject/NavierStokes/OneStepDyadicNoGo.lean,RequestProject.NavierStokes.OneStepDyadicNoGo,ns-lane,41,RequestProject.NavierStokes.GradientEnergyScaling,ns-lane,preserved-payload
RequestProject/NavierStokes/OpenGates.lean,RequestProject.NavierStokes.OpenGates,ns-lane,56,RequestProject.NavierStokes.AncientOscillationContraction,ns-lane,preserved-payload
RequestProject/NavierStokes/OpenGates.lean,RequestProject.NavierStokes.OpenGates,ns-lane,57,RequestProject.NavierStokes.DynamicDefectReduction,ns-lane,preserved-payload
RequestProject/NavierStokes/OpenGates.lean,RequestProject.NavierStokes.OpenGates,ns-lane,58,RequestProject.NavierStokes.LinearSkeletonPropagation,ns-lane,preserved-payload
RequestProject/NavierStokes/OpenGates.lean,RequestProject.NavierStokes.OpenGates,ns-lane,59,RequestProject.NavierStokes.KarmanHowarthPressureGauge,ns-lane,preserved-payload
RequestProject/NavierStokes/OpenGates.lean,RequestProject.NavierStokes.OpenGates,ns-lane,60,RequestProject.NavierStokes.FrequencyDoubling,ns-lane,preserved-payload
RequestProject/NavierStokes/OpenGates.lean,RequestProject.NavierStokes.OpenGates,ns-lane,61,RequestProject.NavierStokes.DeGiorgiIteration,ns-lane,preserved-payload
RequestProject/NavierStokes/OpenGates.lean,RequestProject.NavierStokes.OpenGates,ns-lane,62,RequestProject.NavierStokes.IncrementConvexSubsolution,ns-lane,preserved-payload
RequestProject/NavierStokes/OpenGates.lean,RequestProject.NavierStokes.OpenGates,ns-lane,63,RequestProject.NavierStokes.IncrementLevelSetEnergy,ns-lane,preserved-payload
RequestProject/NavierStokes/OpenGates.lean,RequestProject.NavierStokes.OpenGates,ns-lane,64,RequestProject.NavierStokes.IncrementLocalizedLevelSet,ns-lane,preserved-payload
RequestProject/NavierStokes/OpenGates.lean,RequestProject.NavierStokes.OpenGates,ns-lane,65,RequestProject.NavierStokes.FrequencyAlmostMonotone,ns-lane,preserved-payload
RequestProject/NavierStokes/OpenGates.lean,RequestProject.NavierStokes.OpenGates,ns-lane,66,RequestProject.NavierStokes.OneStepDyadicNoGo,ns-lane,preserved-payload
RequestProject/NavierStokes/OperatorSchurBlockCancellation.lean,RequestProject.NavierStokes.OperatorSchurBlockCancellation,ns-lane,56,RequestProject.NavierStokes.AlmostOrthogonalGramSchur,ns-lane,preserved-payload
RequestProject/NavierStokes/ParabolicCutoffProbe.lean,RequestProject.NavierStokes.ParabolicCutoffProbe,ns-lane,36,RequestProject.NavierStokes.ParabolicDilationProbe,ns-lane,preserved-payload
RequestProject/NavierStokes/ParabolicDilationProbe.lean,RequestProject.NavierStokes.ParabolicDilationProbe,ns-lane,42,RequestProject.NavierStokes.SpacetimeDivergence,ns-lane,preserved-payload
RequestProject/NavierStokes/ParabolicDilationProbe.lean,RequestProject.NavierStokes.ParabolicDilationProbe,ns-lane,43,RequestProject.NavierStokes.GeneralDilationProbe,ns-lane,preserved-payload
RequestProject/NavierStokes/ParabolicDilationProbe.lean,RequestProject.NavierStokes.ParabolicDilationProbe,ns-lane,44,RequestProject.NavierStokes.GaussianScaleGram,ns-lane,preserved-payload
RequestProject/NavierStokes/ParabolicGain.lean,RequestProject.NavierStokes.ParabolicGain,ns-lane,39,RequestProject.NavierStokes.DeGiorgiRecurrence,ns-lane,preserved-payload
RequestProject/NavierStokes/ParabolicGain.lean,RequestProject.NavierStokes.ParabolicGain,ns-lane,40,RequestProject.NavierStokes.ClayPeriodic,ns-lane,preserved-payload
RequestProject/NavierStokes/ParabolicGain.lean,RequestProject.NavierStokes.ParabolicGain,ns-lane,41,Mathlib.Analysis.FunctionalSpaces.SobolevInequality,mathlib,mathlib
RequestProject/NavierStokes/ParabolicProbeExistence.lean,RequestProject.NavierStokes.ParabolicProbeExistence,ns-lane,41,RequestProject.NavierStokes.ParabolicCutoffProbe,ns-lane,preserved-payload
RequestProject/NavierStokes/ParabolicProbeExistence.lean,RequestProject.NavierStokes.ParabolicProbeExistence,ns-lane,42,RequestProject.NavierStokes.DilationProbeExistence,ns-lane,preserved-payload
RequestProject/NavierStokes/PeriodicBounded.lean,RequestProject.NavierStokes.PeriodicBounded,ns-lane,23,RequestProject.NavierStokes.GlobalEnergy,ns-lane,preserved-payload
RequestProject/NavierStokes/PeriodicIntegral.lean,RequestProject.NavierStokes.PeriodicIntegral,ns-lane,20,RequestProject.NavierStokes.EnergyIdentity,ns-lane,preserved-payload
RequestProject/NavierStokes/PhysicalGaussianNearFarRelativeBound.lean,RequestProject.NavierStokes.PhysicalGaussianNearFarRelativeBound,ns-lane,71,RequestProject.NavierStokes.GaussianNearFarOptimization,ns-lane,preserved-payload
RequestProject/NavierStokes/Poincare.lean,RequestProject.NavierStokes.Poincare,ns-lane,26,RequestProject.NavierStokes.CellVanishing,ns-lane,preserved-payload
RequestProject/NavierStokes/PositiveParabolicEnergyProbe.lean,RequestProject.NavierStokes.PositiveParabolicEnergyProbe,ns-lane,35,RequestProject.NavierStokes.QuadraticParabolicProbe,ns-lane,preserved-payload
RequestProject/NavierStokes/PositiveParabolicEnergyProbe.lean,RequestProject.NavierStokes.PositiveParabolicEnergyProbe,ns-lane,36,RequestProject.NavierStokes.ParabolicProbeExistence,ns-lane,preserved-payload
RequestProject/NavierStokes/PositiveParabolicEnergyScaleProbe.lean,RequestProject.NavierStokes.PositiveParabolicEnergyScaleProbe,ns-lane,38,RequestProject.NavierStokes.PositiveParabolicEnergyProbe,ns-lane,preserved-payload
RequestProject/NavierStokes/PositiveParabolicEnergyScaleProbe.lean,RequestProject.NavierStokes.PositiveParabolicEnergyScaleProbe,ns-lane,39,RequestProject.NavierStokes.UnnormalizedProbeCoercivity,ns-lane,preserved-payload
RequestProject/NavierStokes/PressureL2Oscillation.lean,RequestProject.NavierStokes.PressureL2Oscillation,ns-lane,36,RequestProject.NavierStokes.CellL2,ns-lane,preserved-payload
RequestProject/NavierStokes/PressurePoisson.lean,RequestProject.NavierStokes.PressurePoisson,ns-lane,24,RequestProject.NavierStokes.ClayPeriodic,ns-lane,preserved-payload
RequestProject/NavierStokes/QuadraticParabolicProbe.lean,RequestProject.NavierStokes.QuadraticParabolicProbe,ns-lane,47,RequestProject.NavierStokes.ParabolicCutoffProbe,ns-lane,preserved-payload
RequestProject/NavierStokes/RadialProbeLift.lean,RequestProject.NavierStokes.RadialProbeLift,ns-lane,40,RequestProject.NavierStokes.ScaleProbeExistence,ns-lane,preserved-payload
RequestProject/NavierStokes/RadialProbeLift.lean,RequestProject.NavierStokes.RadialProbeLift,ns-lane,41,RequestProject.NavierStokes.AncientLiouville,ns-lane,preserved-payload
RequestProject/NavierStokes/RateBlockGramBound.lean,RequestProject.NavierStokes.RateBlockGramBound,ns-lane,45,RequestProject.NavierStokes.TransverseFrameSplit,ns-lane,preserved-payload
RequestProject/NavierStokes/RecordNormalizedInheritedBounds.lean,RequestProject.NavierStokes.RecordNormalizedInheritedBounds,ns-lane,46,RequestProject.NavierStokes.PressurePoisson,ns-lane,preserved-payload
RequestProject/NavierStokes/RescalingAudit.lean,RequestProject.NavierStokes.RescalingAudit,ns-lane,37,RequestProject.NavierStokes.AncientOscillationContraction,ns-lane,preserved-payload
RequestProject/NavierStokes/ResolventGramFlux.lean,RequestProject.NavierStokes.ResolventGramFlux,ns-lane,43,RequestProject.NavierStokes.ResolventHeatFactorization,ns-lane,preserved-payload
RequestProject/NavierStokes/ResolventGramFlux.lean,RequestProject.NavierStokes.ResolventGramFlux,ns-lane,44,RequestProject.NavierStokes.WaleffeForcingMajorant,ns-lane,preserved-payload
RequestProject/NavierStokes/ResolventGramFlux.lean,RequestProject.NavierStokes.ResolventGramFlux,ns-lane,45,RequestProject.NavierStokes.WaleffeSerrinReduction,ns-lane,preserved-payload
RequestProject/NavierStokes/ResolventHeatFactorization.lean,RequestProject.NavierStokes.ResolventHeatFactorization,ns-lane,39,Mathlib,mathlib,mathlib
RequestProject/NavierStokes/ScaleAnchor.lean,RequestProject.NavierStokes.ScaleAnchor,ns-lane,55,RequestProject.NavierStokes.GaussianScaleGram,ns-lane,preserved-payload
RequestProject/NavierStokes/ScaleGramChargeAssembly.lean,RequestProject.NavierStokes.ScaleGramChargeAssembly,ns-lane,48,RequestProject.NavierStokes.BackwardKernelFluxDefect,ns-lane,preserved-payload
RequestProject/NavierStokes/ScaleInvariantGradientEnergy.lean,RequestProject.NavierStokes.ScaleInvariantGradientEnergy,ns-lane,33,RequestProject.NavierStokes.BlowupOscillation,ns-lane,preserved-payload
RequestProject/NavierStokes/ScaleInvariantWeightChoice.lean,RequestProject.NavierStokes.ScaleInvariantWeightChoice,ns-lane,40,RequestProject.NavierStokes.GaussianWeightedAbsorption,ns-lane,preserved-payload
RequestProject/NavierStokes/ScaleProbeExistence.lean,RequestProject.NavierStokes.ScaleProbeExistence,ns-lane,43,RequestProject.NavierStokes.ScaleProbeRadial,ns-lane,preserved-payload
RequestProject/NavierStokes/ScaleProbeRadial.lean,RequestProject.NavierStokes.ScaleProbeRadial,ns-lane,43,RequestProject.NavierStokes.ApproximateScaleAnchor,ns-lane,preserved-payload
RequestProject/NavierStokes/SeparableWeight.lean,RequestProject.NavierStokes.SeparableWeight,ns-lane,24,RequestProject.NavierStokes.AdjointLocalizedIncrement,ns-lane,preserved-payload
RequestProject/NavierStokes/SignedGramWienerAssembly.lean,RequestProject.NavierStokes.SignedGramWienerAssembly,ns-lane,37,RequestProject.NavierStokes.SignedRemainderResolventBudget,ns-lane,preserved-payload
RequestProject/NavierStokes/SignedGramWienerAssembly.lean,RequestProject.NavierStokes.SignedGramWienerAssembly,ns-lane,38,RequestProject.NavierStokes.WaleffeWienerSupercritical,ns-lane,preserved-payload
RequestProject/NavierStokes/SignedRemainderResolventBudget.lean,RequestProject.NavierStokes.SignedRemainderResolventBudget,ns-lane,56,RequestProject.NavierStokes.SignedRemainderTTStar,ns-lane,preserved-payload
RequestProject/NavierStokes/SignedRemainderTTStar.lean,RequestProject.NavierStokes.SignedRemainderTTStar,ns-lane,90,RequestProject.NavierStokes.ResolventGramFlux,ns-lane,preserved-payload
RequestProject/NavierStokes/SignedRemainderTTStar.lean,RequestProject.NavierStokes.SignedRemainderTTStar,ns-lane,91,RequestProject.NavierStokes.WaleffeBetweenBlockGram,ns-lane,preserved-payload
RequestProject/NavierStokes/SignedRemainderTTStar.lean,RequestProject.NavierStokes.SignedRemainderTTStar,ns-lane,92,RequestProject.NavierStokes.WaleffeSelfPhaseEnergyPayment,ns-lane,preserved-payload
RequestProject/NavierStokes/SignedRemainderTTStar.lean,RequestProject.NavierStokes.SignedRemainderTTStar,ns-lane,93,RequestProject.NavierStokes.WaleffeTriadInternalPayment,ns-lane,preserved-payload
RequestProject/NavierStokes/SignedRemainderTTStar.lean,RequestProject.NavierStokes.SignedRemainderTTStar,ns-lane,94,RequestProject.NavierStokes.WaleffeHighHighOutputGain,ns-lane,preserved-payload
RequestProject/NavierStokes/SignedRemainderTTStar.lean,RequestProject.NavierStokes.SignedRemainderTTStar,ns-lane,95,RequestProject.NavierStokes.WaleffeWienerBudget,ns-lane,preserved-payload
RequestProject/NavierStokes/SimilarityAbsorption.lean,RequestProject.NavierStokes.SimilarityAbsorption,ns-lane,35,RequestProject.NavierStokes.SimilarityEnergy,ns-lane,preserved-payload
RequestProject/NavierStokes/SimilarityAmplitudeLaw.lean,RequestProject.NavierStokes.SimilarityAmplitudeLaw,ns-lane,52,RequestProject.NavierStokes.StationarySimilarityRigidity,ns-lane,preserved-payload
RequestProject/NavierStokes/SimilarityEnergy.lean,RequestProject.NavierStokes.SimilarityEnergy,ns-lane,65,RequestProject.NavierStokes.GaussianScaleGram,ns-lane,preserved-payload
RequestProject/NavierStokes/SimilarityEnergy.lean,RequestProject.NavierStokes.SimilarityEnergy,ns-lane,66,RequestProject.NavierStokes.ScaleGramChargeAssembly,ns-lane,preserved-payload
RequestProject/NavierStokes/SimilarityNearFarAbsorption.lean,RequestProject.NavierStokes.SimilarityNearFarAbsorption,ns-lane,61,RequestProject.NavierStokes.SimilarityAbsorption,ns-lane,preserved-payload
RequestProject/NavierStokes/SimilarityNearFarScaleCharge.lean,RequestProject.NavierStokes.SimilarityNearFarScaleCharge,ns-lane,37,RequestProject.NavierStokes.SimilarityNearFarAbsorption,ns-lane,preserved-payload
RequestProject/NavierStokes/SimilarityNearFarScaleCharge.lean,RequestProject.NavierStokes.SimilarityNearFarScaleCharge,ns-lane,38,RequestProject.NavierStokes.SimilarityScaleCharge,ns-lane,preserved-payload
RequestProject/NavierStokes/SimilarityScaleCharge.lean,RequestProject.NavierStokes.SimilarityScaleCharge,ns-lane,39,RequestProject.NavierStokes.SimilarityEnergy,ns-lane,preserved-payload
RequestProject/NavierStokes/SimilarityScaleCharge.lean,RequestProject.NavierStokes.SimilarityScaleCharge,ns-lane,40,RequestProject.NavierStokes.SimilarityAbsorption,ns-lane,preserved-payload
RequestProject/NavierStokes/SlotKernelAntiParallel.lean,RequestProject.NavierStokes.SlotKernelAntiParallel,ns-lane,50,RequestProject.NavierStokes.WaleffeAmplitude,ns-lane,preserved-payload
RequestProject/NavierStokes/SmallReynoldsAmplitudeDecay.lean,RequestProject.NavierStokes.SmallReynoldsAmplitudeDecay,ns-lane,39,RequestProject.NavierStokes.SimilarityAmplitudeLaw,ns-lane,preserved-payload
RequestProject/NavierStokes/SpacetimeDivergence.lean,RequestProject.NavierStokes.SpacetimeDivergence,ns-lane,21,RequestProject.NavierStokes.CompactDivergence,ns-lane,preserved-payload
RequestProject/NavierStokes/SparseIslandNoGo.lean,RequestProject.NavierStokes.SparseIslandNoGo,ns-lane,26,RequestProject.NavierStokes.OpenGates,ns-lane,preserved-payload
RequestProject/NavierStokes/SpatialScaleGen.lean,RequestProject.NavierStokes.SpatialScaleGen,ns-lane,34,RequestProject.NavierStokes.RadialProbeLift,ns-lane,preserved-payload
RequestProject/NavierStokes/SpatialScaleGen.lean,RequestProject.NavierStokes.SpatialScaleGen,ns-lane,35,RequestProject.NavierStokes.GaussianScaleGram,ns-lane,preserved-payload
RequestProject/NavierStokes/SpineRateBlockAdapter.lean,RequestProject.NavierStokes.SpineRateBlockAdapter,ns-lane,58,Spine.RateBlockSchur,toe-spine,this-repo-Lean
RequestProject/NavierStokes/SpineRateBlockAdapter.lean,RequestProject.NavierStokes.SpineRateBlockAdapter,ns-lane,59,RequestProject.NavierStokes.RateBlockGramBound,ns-lane,preserved-payload
RequestProject/NavierStokes/StationarySimilarityRigidity.lean,RequestProject.NavierStokes.StationarySimilarityRigidity,ns-lane,63,RequestProject.NavierStokes.GaussianOrnsteinUhlenbeck,ns-lane,preserved-payload
RequestProject/NavierStokes/StationarySimilarityRigidity.lean,RequestProject.NavierStokes.StationarySimilarityRigidity,ns-lane,64,RequestProject.NavierStokes.GaussianMarginalTelescope,ns-lane,preserved-payload
RequestProject/NavierStokes/StrongMinimumNoGo.lean,RequestProject.NavierStokes.StrongMinimumNoGo,ns-lane,36,RequestProject.NavierStokes.KarmanHowarth,ns-lane,preserved-payload
RequestProject/NavierStokes/StructureFunction.lean,RequestProject.NavierStokes.StructureFunction,ns-lane,20,RequestProject.NavierStokes.IncrementEnergyPeriodic,ns-lane,preserved-payload
RequestProject/NavierStokes/TiltedProjectiveSpeed.lean,RequestProject.NavierStokes.TiltedProjectiveSpeed,ns-lane,35,RequestProject.NavierStokes.SimilarityEnergy,ns-lane,preserved-payload
RequestProject/NavierStokes/TorusGaussianIntegrals.lean,RequestProject.NavierStokes.TorusGaussianIntegrals,ns-lane,25,RequestProject.NavierStokes.TorusGaussianWeight,ns-lane,preserved-payload
RequestProject/NavierStokes/TorusGaussianIntegrals.lean,RequestProject.NavierStokes.TorusGaussianIntegrals,ns-lane,26,RequestProject.NavierStokes.PeriodicIntegral,ns-lane,preserved-payload
RequestProject/NavierStokes/TorusGaussianIntegrals.lean,RequestProject.NavierStokes.TorusGaussianIntegrals,ns-lane,27,RequestProject.NavierStokes.IncrementEnergyPeriodic,ns-lane,preserved-payload
RequestProject/NavierStokes/TorusGaussianWeight.lean,RequestProject.NavierStokes.TorusGaussianWeight,ns-lane,27,RequestProject.NavierStokes.SeparableWeight,ns-lane,preserved-payload
RequestProject/NavierStokes/TransverseFrameSplit.lean,RequestProject.NavierStokes.TransverseFrameSplit,ns-lane,34,RequestProject.NavierStokes.OperatorSchurBlockCancellation,ns-lane,preserved-payload
RequestProject/NavierStokes/Uniqueness.lean,RequestProject.NavierStokes.Uniqueness,ns-lane,18,RequestProject.NavierStokes.CellVanishing,ns-lane,preserved-payload
RequestProject/NavierStokes/Uniqueness.lean,RequestProject.NavierStokes.Uniqueness,ns-lane,19,RequestProject.NavierStokes.Continuation,ns-lane,preserved-payload
RequestProject/NavierStokes/UnnormalizedProbeCoercivity.lean,RequestProject.NavierStokes.UnnormalizedProbeCoercivity,ns-lane,25,RequestProject.NavierStokes.ApproximateScaleAnchor,ns-lane,preserved-payload
RequestProject/NavierStokes/UnnormalizedProbeCoercivity.lean,RequestProject.NavierStokes.UnnormalizedProbeCoercivity,ns-lane,26,RequestProject.NavierStokes.GaussianScaleGram,ns-lane,preserved-payload
RequestProject/NavierStokes/Vorticity.lean,RequestProject.NavierStokes.Vorticity,ns-lane,24,RequestProject.NavierStokes.PressurePoisson,ns-lane,preserved-payload
RequestProject/NavierStokes/WaleffeAmplitude.lean,RequestProject.NavierStokes.WaleffeAmplitude,ns-lane,33,Mathlib,mathlib,mathlib
RequestProject/NavierStokes/WaleffeBetweenBlockGram.lean,RequestProject.NavierStokes.WaleffeBetweenBlockGram,ns-lane,69,RequestProject.NavierStokes.WaleffeOutputGainFibre,ns-lane,preserved-payload
RequestProject/NavierStokes/WaleffeBetweenBlockGram.lean,RequestProject.NavierStokes.WaleffeBetweenBlockGram,ns-lane,70,RequestProject.NavierStokes.WaleffeExternalBonyClasses,ns-lane,preserved-payload
RequestProject/NavierStokes/WaleffeCriticalCompanionSummation.lean,RequestProject.NavierStokes.WaleffeCriticalCompanionSummation,ns-lane,61,RequestProject.NavierStokes.WaleffeHighHighOutputGain,ns-lane,preserved-payload
RequestProject/NavierStokes/WaleffeCriticalEnergyBarrier.lean,RequestProject.NavierStokes.WaleffeCriticalEnergyBarrier,ns-lane,31,RequestProject.NavierStokes.LatticeRieszConvolution,ns-lane,preserved-payload
RequestProject/NavierStokes/WaleffeCriticalEnergyBarrier.lean,RequestProject.NavierStokes.WaleffeCriticalEnergyBarrier,ns-lane,32,RequestProject.NavierStokes.WaleffeGalerkinEnergy,ns-lane,preserved-payload
RequestProject/NavierStokes/WaleffeCriticalEnergyBarrier.lean,RequestProject.NavierStokes.WaleffeCriticalEnergyBarrier,ns-lane,33,RequestProject.NavierStokes.WaleffeSerrinReduction,ns-lane,preserved-payload
RequestProject/NavierStokes/WaleffeExternalBonyClasses.lean,RequestProject.NavierStokes.WaleffeExternalBonyClasses,ns-lane,67,RequestProject.NavierStokes.WaleffeExternalCrossTriadCells,ns-lane,preserved-payload
RequestProject/NavierStokes/WaleffeExternalCrossTriadCells.lean,RequestProject.NavierStokes.WaleffeExternalCrossTriadCells,ns-lane,48,RequestProject.NavierStokes.WaleffeTriadInternalPayment,ns-lane,preserved-payload
RequestProject/NavierStokes/WaleffeExternalForcingSplit.lean,RequestProject.NavierStokes.WaleffeExternalForcingSplit,ns-lane,34,RequestProject.NavierStokes.WaleffeSelfPhaseEnergyPayment,ns-lane,preserved-payload
RequestProject/NavierStokes/WaleffeForcingMajorant.lean,RequestProject.NavierStokes.WaleffeForcingMajorant,ns-lane,37,RequestProject.NavierStokes.WaleffeNetworkForcingBudget,ns-lane,preserved-payload
RequestProject/NavierStokes/WaleffeGalerkinEnergy.lean,RequestProject.NavierStokes.WaleffeGalerkinEnergy,ns-lane,20,RequestProject.NavierStokes.WaleffeSerrinReduction,ns-lane,preserved-payload
RequestProject/NavierStokes/WaleffeGalerkinEnergy.lean,RequestProject.NavierStokes.WaleffeGalerkinEnergy,ns-lane,21,RequestProject.NavierStokes.WaleffeSelfForcingSign,ns-lane,preserved-payload
RequestProject/NavierStokes/WaleffeHighHighOutputGain.lean,RequestProject.NavierStokes.WaleffeHighHighOutputGain,ns-lane,61,RequestProject.NavierStokes.WaleffeExternalBonyClasses,ns-lane,preserved-payload
RequestProject/NavierStokes/WaleffeIntegratedPayment.lean,RequestProject.NavierStokes.WaleffeIntegratedPayment,ns-lane,28,Mathlib,mathlib,mathlib
RequestProject/NavierStokes/WaleffeNetworkForcingBudget.lean,RequestProject.NavierStokes.WaleffeNetworkForcingBudget,ns-lane,39,RequestProject.NavierStokes.WaleffeAmplitude,ns-lane,preserved-payload
RequestProject/NavierStokes/WaleffeNetworkForcingBudget.lean,RequestProject.NavierStokes.WaleffeNetworkForcingBudget,ns-lane,40,RequestProject.NavierStokes.WaleffeIntegratedPayment,ns-lane,preserved-payload
RequestProject/NavierStokes/WaleffeOutputGainFibre.lean,RequestProject.NavierStokes.WaleffeOutputGainFibre,ns-lane,43,RequestProject.NavierStokes.WaleffeCriticalCompanionSummation,ns-lane,preserved-payload
RequestProject/NavierStokes/WaleffeSelfForcingSign.lean,RequestProject.NavierStokes.WaleffeSelfForcingSign,ns-lane,35,RequestProject.NavierStokes.WaleffeForcingMajorant,ns-lane,preserved-payload
RequestProject/NavierStokes/WaleffeSelfPhaseEnergyPayment.lean,RequestProject.NavierStokes.WaleffeSelfPhaseEnergyPayment,ns-lane,41,RequestProject.NavierStokes.WaleffeGalerkinEnergy,ns-lane,preserved-payload
RequestProject/NavierStokes/WaleffeSerrinReduction.lean,RequestProject.NavierStokes.WaleffeSerrinReduction,ns-lane,33,RequestProject.NavierStokes.WaleffeWienerBudget,ns-lane,preserved-payload
RequestProject/NavierStokes/WaleffeTriadInternalPayment.lean,RequestProject.NavierStokes.WaleffeTriadInternalPayment,ns-lane,37,RequestProject.NavierStokes.WaleffeExternalForcingSplit,ns-lane,preserved-payload
RequestProject/NavierStokes/WaleffeWienerBudget.lean,RequestProject.NavierStokes.WaleffeWienerBudget,ns-lane,39,RequestProject.NavierStokes.WaleffeForcingMajorant,ns-lane,preserved-payload
RequestProject/NavierStokes/WaleffeWienerSupercritical.lean,RequestProject.NavierStokes.WaleffeWienerSupercritical,ns-lane,21,RequestProject.NavierStokes.WaleffeWienerBudget,ns-lane,preserved-payload
RequestProject/NavierStokes/WindowUniqueness.lean,RequestProject.NavierStokes.WindowUniqueness,ns-lane,20,RequestProject.NavierStokes.OpenGates,ns-lane,preserved-payload
RequestProject/NavierStokes/WindowUniqueness.lean,RequestProject.NavierStokes.WindowUniqueness,ns-lane,21,RequestProject.NavierStokes.PeriodicBounded,ns-lane,preserved-payload
RequestProject/NavierStokes/WindowUniqueness.lean,RequestProject.NavierStokes.WindowUniqueness,ns-lane,22,RequestProject.NavierStokes.Uniqueness,ns-lane,preserved-payload
Provenance/toe-overlay-20260912/donor-version/lean/Integration.lean,Provenance.toe-overlay-20260912.donor-version.lean.Integration,toe-donor-version,1,Integration.Levels,other,this-repo-Lean
Provenance/toe-overlay-20260912/donor-version/lean/Integration.lean,Provenance.toe-overlay-20260912.donor-version.lean.Integration,toe-donor-version,2,Integration.TernaryHub,other,this-repo-Lean
Provenance/toe-overlay-20260912/donor-version/lean/Integration.lean,Provenance.toe-overlay-20260912.donor-version.lean.Integration,toe-donor-version,3,Integration.Base369Group,other,this-repo-Lean
Provenance/toe-overlay-20260912/donor-version/lean/Integration.lean,Provenance.toe-overlay-20260912.donor-version.lean.Integration,toe-donor-version,4,Integration.Address,other,this-repo-Lean
Provenance/toe-overlay-20260912/donor-version/lean/Integration.lean,Provenance.toe-overlay-20260912.donor-version.lean.Integration,toe-donor-version,5,Integration.ClopenBalls,other,this-repo-Lean
Provenance/toe-overlay-20260912/donor-version/lean/Integration.lean,Provenance.toe-overlay-20260912.donor-version.lean.Integration,toe-donor-version,6,Integration.ReceiptSocket,other,this-repo-Lean
Provenance/toe-overlay-20260912/donor-version/lean/Integration.lean,Provenance.toe-overlay-20260912.donor-version.lean.Integration,toe-donor-version,7,Integration.Refinement,other,this-repo-Lean
Provenance/toe-overlay-20260912/donor-version/lean/Integration.lean,Provenance.toe-overlay-20260912.donor-version.lean.Integration,toe-donor-version,8,Integration.MonsterFifteen,other,this-repo-Lean
Provenance/toe-overlay-20260912/donor-version/lean/Integration.lean,Provenance.toe-overlay-20260912.donor-version.lean.Integration,toe-donor-version,9,Integration.CognitionSupervoxel,other,this-repo-Lean
Provenance/toe-overlay-20260912/donor-version/lean/Integration.lean,Provenance.toe-overlay-20260912.donor-version.lean.Integration,toe-donor-version,10,Integration.UltrametricCensus,other,this-repo-Lean
Provenance/toe-overlay-20260912/donor-version/lean/Integration.lean,Provenance.toe-overlay-20260912.donor-version.lean.Integration,toe-donor-version,11,Integration.PhaseQuotient,other,this-repo-Lean
Provenance/toe-overlay-20260912/donor-version/lean/Integration.lean,Provenance.toe-overlay-20260912.donor-version.lean.Integration,toe-donor-version,12,Integration.SSPWeave,other,this-repo-Lean
Provenance/toe-overlay-20260912/donor-version/lean/Integration.lean,Provenance.toe-overlay-20260912.donor-version.lean.Integration,toe-donor-version,13,Integration.ObserverQuotient,other,this-repo-Lean
Provenance/toe-overlay-20260912/donor-version/lean/Integration.lean,Provenance.toe-overlay-20260912.donor-version.lean.Integration,toe-donor-version,14,Integration.PolarResidual,other,this-repo-Lean
Provenance/toe-overlay-20260912/donor-version/lean/Integration.lean,Provenance.toe-overlay-20260912.donor-version.lean.Integration,toe-donor-version,15,Integration.ResidualQuotient,other,this-repo-Lean
Provenance/toe-overlay-20260912/donor-version/lean/Integration.lean,Provenance.toe-overlay-20260912.donor-version.lean.Integration,toe-donor-version,16,Integration.SymmetryReduction,other,this-repo-Lean
Provenance/toe-overlay-20260912/donor-version/lean/Integration.lean,Provenance.toe-overlay-20260912.donor-version.lean.Integration,toe-donor-version,17,Integration.StructuredObserver,other,this-repo-Lean
Provenance/toe-overlay-20260912/donor-version/lean/Integration.lean,Provenance.toe-overlay-20260912.donor-version.lean.Integration,toe-donor-version,18,Integration.ObserverTower,other,this-repo-Lean
Provenance/toe-overlay-20260912/donor-version/lean/Integration.lean,Provenance.toe-overlay-20260912.donor-version.lean.Integration,toe-donor-version,19,Integration.ObserverDescent,other,this-repo-Lean
Provenance/toe-overlay-20260912/donor-version/lean/Integration.lean,Provenance.toe-overlay-20260912.donor-version.lean.Integration,toe-donor-version,20,Integration.GaugeReduction,other,this-repo-Lean
Provenance/toe-overlay-20260912/donor-version/lean/Integration.lean,Provenance.toe-overlay-20260912.donor-version.lean.Integration,toe-donor-version,21,Integration.EquivariantChannel,other,this-repo-Lean
Provenance/toe-overlay-20260912/donor-version/lean/Integration.lean,Provenance.toe-overlay-20260912.donor-version.lean.Integration,toe-donor-version,22,Integration.GaugeObserver,other,this-repo-Lean
Provenance/toe-overlay-20260912/donor-version/lean/Integration.lean,Provenance.toe-overlay-20260912.donor-version.lean.Integration,toe-donor-version,23,Integration.GaugeSU2,other,this-repo-Lean
Provenance/toe-overlay-20260912/donor-version/lean/Integration.lean,Provenance.toe-overlay-20260912.donor-version.lean.Integration,toe-donor-version,24,Integration.GaugeSSP,other,this-repo-Lean
Provenance/toe-overlay-20260912/donor-version/lean/Integration.lean,Provenance.toe-overlay-20260912.donor-version.lean.Integration,toe-donor-version,25,Integration.DescentLevel,other,this-repo-Lean
Provenance/toe-overlay-20260912/donor-version/lean/Integration.lean,Provenance.toe-overlay-20260912.donor-version.lean.Integration,toe-donor-version,26,Integration.EnumInvariance,other,this-repo-Lean
Provenance/toe-overlay-20260912/donor-version/lean/Integration.lean,Provenance.toe-overlay-20260912.donor-version.lean.Integration,toe-donor-version,27,Integration.GaugePreimage,other,this-repo-Lean
Provenance/toe-overlay-20260912/donor-version/lean/Integration.lean,Provenance.toe-overlay-20260912.donor-version.lean.Integration,toe-donor-version,28,Integration.LeastSufficient,other,this-repo-Lean
Provenance/toe-overlay-20260912/donor-version/lean/Integration.lean,Provenance.toe-overlay-20260912.donor-version.lean.Integration,toe-donor-version,29,Integration.OrbitResidual,other,this-repo-Lean
Provenance/toe-overlay-20260912/donor-version/lean/Integration.lean,Provenance.toe-overlay-20260912.donor-version.lean.Integration,toe-donor-version,30,Integration.CertificatePays,other,this-repo-Lean
Provenance/toe-overlay-20260912/donor-version/lean/Integration.lean,Provenance.toe-overlay-20260912.donor-version.lean.Integration,toe-donor-version,31,Integration.CertificateFormula,other,this-repo-Lean
Provenance/toe-overlay-20260912/donor-version/lean/Integration.lean,Provenance.toe-overlay-20260912.donor-version.lean.Integration,toe-donor-version,32,Integration.SSPThreshold,other,this-repo-Lean
Provenance/toe-overlay-20260912/donor-version/lean/Integration.lean,Provenance.toe-overlay-20260912.donor-version.lean.Integration,toe-donor-version,33,Integration.ApproximateIntertwiner,other,this-repo-Lean
Provenance/toe-overlay-20260912/donor-version/lean/Integration.lean,Provenance.toe-overlay-20260912.donor-version.lean.Integration,toe-donor-version,34,Integration.StructureMorphism,other,this-repo-Lean
Provenance/toe-overlay-20260912/donor-version/lean/Integration.lean,Provenance.toe-overlay-20260912.donor-version.lean.Integration,toe-donor-version,35,Integration.PhaseGaugeU1,other,this-repo-Lean
Provenance/toe-overlay-20260912/donor-version/lean/Integration.lean,Provenance.toe-overlay-20260912.donor-version.lean.Integration,toe-donor-version,36,Integration.CertifiedMargin,other,this-repo-Lean
Provenance/toe-overlay-20260912/donor-version/lean/Integration.lean,Provenance.toe-overlay-20260912.donor-version.lean.Integration,toe-donor-version,37,Integration.MultiscaleDescent,other,this-repo-Lean
Provenance/toe-overlay-20260912/donor-version/lean/Integration.lean,Provenance.toe-overlay-20260912.donor-version.lean.Integration,toe-donor-version,38,Integration.CommutatorObservability,other,this-repo-Lean
Provenance/toe-overlay-20260912/donor-version/lean/Integration.lean,Provenance.toe-overlay-20260912.donor-version.lean.Integration,toe-donor-version,39,Integration.PathTransport,other,this-repo-Lean
Provenance/toe-overlay-20260912/donor-version/lean/Integration.lean,Provenance.toe-overlay-20260912.donor-version.lean.Integration,toe-donor-version,40,Integration.ResidualTaxonomy,other,this-repo-Lean
Provenance/toe-overlay-20260912/donor-version/lean/Integration.lean,Provenance.toe-overlay-20260912.donor-version.lean.Integration,toe-donor-version,41,Integration.SewingTaxonomy,other,this-repo-Lean
Provenance/toe-overlay-20260912/donor-version/lean/Integration.lean,Provenance.toe-overlay-20260912.donor-version.lean.Integration,toe-donor-version,42,Integration.SewingRegistry,other,this-repo-Lean
Provenance/toe-overlay-20260912/donor-version/lean/Integration.lean,Provenance.toe-overlay-20260912.donor-version.lean.Integration,toe-donor-version,43,Integration.EpistemicTrit,other,this-repo-Lean
Provenance/toe-overlay-20260912/donor-version/lean/Integration.lean,Provenance.toe-overlay-20260912.donor-version.lean.Integration,toe-donor-version,44,Integration.DNAMarginTrit,other,this-repo-Lean
Provenance/toe-overlay-20260912/donor-version/lean/Integration.lean,Provenance.toe-overlay-20260912.donor-version.lean.Integration,toe-donor-version,45,Integration.EducationGates,other,this-repo-Lean
Provenance/toe-overlay-20260912/donor-version/lean/Integration.lean,Provenance.toe-overlay-20260912.donor-version.lean.Integration,toe-donor-version,46,Integration.ObserverPlurality,other,this-repo-Lean
Provenance/toe-overlay-20260912/donor-version/lean/Integration.lean,Provenance.toe-overlay-20260912.donor-version.lean.Integration,toe-donor-version,47,Integration.GovernanceAgency,other,this-repo-Lean
Provenance/toe-overlay-20260912/donor-version/lean/Integration.lean,Provenance.toe-overlay-20260912.donor-version.lean.Integration,toe-donor-version,48,Integration.ChemistryKernelSocket,other,this-repo-Lean
Provenance/toe-overlay-20260912/donor-version/lean/Integration.lean,Provenance.toe-overlay-20260912.donor-version.lean.Integration,toe-donor-version,49,Integration.ChemistryReachability,other,this-repo-Lean
Provenance/toe-overlay-20260912/donor-version/lean/Integration.lean,Provenance.toe-overlay-20260912.donor-version.lean.Integration,toe-donor-version,50,Integration.TernaryHubClosure,other,this-repo-Lean
Provenance/toe-overlay-20260912/donor-version/lean/Integration.lean,Provenance.toe-overlay-20260912.donor-version.lean.Integration,toe-donor-version,51,Integration.EquivarianceObstruction,other,this-repo-Lean
Provenance/toe-overlay-20260912/donor-version/lean/Integration.lean,Provenance.toe-overlay-20260912.donor-version.lean.Integration,toe-donor-version,52,Integration.LocalRealisation,other,this-repo-Lean
Provenance/toe-overlay-20260912/donor-version/lean/Integration.lean,Provenance.toe-overlay-20260912.donor-version.lean.Integration,toe-donor-version,53,Integration.FieldControlledDynamics,other,this-repo-Lean
Provenance/toe-overlay-20260912/donor-version/lean/Integration.lean,Provenance.toe-overlay-20260912.donor-version.lean.Integration,toe-donor-version,54,Integration.ObserverBundle,other,this-repo-Lean
Provenance/toe-overlay-20260912/donor-version/lean/Integration.lean,Provenance.toe-overlay-20260912.donor-version.lean.Integration,toe-donor-version,55,Integration.CoordinateSufficiency,other,this-repo-Lean
Provenance/toe-overlay-20260912/donor-version/lean/Integration.lean,Provenance.toe-overlay-20260912.donor-version.lean.Integration,toe-donor-version,56,Integration.ContextIndexedRole,other,this-repo-Lean
Provenance/toe-overlay-20260912/donor-version/lean/Integration.lean,Provenance.toe-overlay-20260912.donor-version.lean.Integration,toe-donor-version,57,Integration.ApproximateTower,other,this-repo-Lean
Provenance/toe-overlay-20260912/donor-version/lean/Integration.lean,Provenance.toe-overlay-20260912.donor-version.lean.Integration,toe-donor-version,58,Integration.KernelRenormalisation,other,this-repo-Lean
Provenance/toe-overlay-20260912/donor-version/lean/Integration.lean,Provenance.toe-overlay-20260912.donor-version.lean.Integration,toe-donor-version,59,Integration.NeuralObservation,other,this-repo-Lean
Provenance/toe-overlay-20260912/donor-version/lean/Integration.lean,Provenance.toe-overlay-20260912.donor-version.lean.Integration,toe-donor-version,60,Integration.StatefulTransducer,other,this-repo-Lean
Provenance/toe-overlay-20260912/donor-version/lean/Integration.lean,Provenance.toe-overlay-20260912.donor-version.lean.Integration,toe-donor-version,61,Integration.CellDynamics,other,this-repo-Lean
Provenance/toe-overlay-20260912/donor-version/lean/Integration.lean,Provenance.toe-overlay-20260912.donor-version.lean.Integration,toe-donor-version,62,Integration.HolonomySocket,other,this-repo-Lean
Provenance/toe-overlay-20260912/donor-version/lean/Integration.lean,Provenance.toe-overlay-20260912.donor-version.lean.Integration,toe-donor-version,63,Integration.SelectiveDecision,other,this-repo-Lean
Provenance/toe-overlay-20260912/donor-version/lean/Integration.lean,Provenance.toe-overlay-20260912.donor-version.lean.Integration,toe-donor-version,64,Integration.CounterfactualEffect,other,this-repo-Lean
Provenance/toe-overlay-20260912/donor-version/lean/Integration.lean,Provenance.toe-overlay-20260912.donor-version.lean.Integration,toe-donor-version,65,Integration.ParetoOutcome,other,this-repo-Lean
Provenance/toe-overlay-20260912/donor-version/lean/Integration.lean,Provenance.toe-overlay-20260912.donor-version.lean.Integration,toe-donor-version,66,Integration.ReachabilityBarrier,other,this-repo-Lean
Provenance/toe-overlay-20260912/donor-version/lean/Integration.lean,Provenance.toe-overlay-20260912.donor-version.lean.Integration,toe-donor-version,67,Integration.Marginalisation,other,this-repo-Lean
Provenance/toe-overlay-20260912/donor-version/lean/Integration.lean,Provenance.toe-overlay-20260912.donor-version.lean.Integration,toe-donor-version,68,Integration.DeclaredCarrier,other,this-repo-Lean
Provenance/toe-overlay-20260912/donor-version/lean/Integration.lean,Provenance.toe-overlay-20260912.donor-version.lean.Integration,toe-donor-version,69,Integration.ContrastBoundary,other,this-repo-Lean
Provenance/toe-overlay-20260912/donor-version/lean/Integration.lean,Provenance.toe-overlay-20260912.donor-version.lean.Integration,toe-donor-version,70,Integration.RealisationAdequacy,other,this-repo-Lean
Provenance/toe-overlay-20260912/donor-version/lean/Integration.lean,Provenance.toe-overlay-20260912.donor-version.lean.Integration,toe-donor-version,71,Integration.FactorisationCollision,other,this-repo-Lean
Provenance/toe-overlay-20260912/donor-version/lean/Integration.lean,Provenance.toe-overlay-20260912.donor-version.lean.Integration,toe-donor-version,72,Integration.SeparabilityContrast,other,this-repo-Lean
Provenance/toe-overlay-20260912/donor-version/lean/Integration.lean,Provenance.toe-overlay-20260912.donor-version.lean.Integration,toe-donor-version,73,Integration.LanguageReachability,other,this-repo-Lean
Provenance/toe-overlay-20260912/donor-version/lean/Integration.lean,Provenance.toe-overlay-20260912.donor-version.lean.Integration,toe-donor-version,74,Integration.LevelIIWelds,other,this-repo-Lean
Provenance/toe-overlay-20260912/donor-version/lean/Integration.lean,Provenance.toe-overlay-20260912.donor-version.lean.Integration,toe-donor-version,75,Integration.PipelineAdequacy,other,this-repo-Lean
Provenance/toe-overlay-20260912/donor-version/lean/Integration.lean,Provenance.toe-overlay-20260912.donor-version.lean.Integration,toe-donor-version,76,Integration.SourceExactWelds,other,this-repo-Lean
Provenance/toe-overlay-20260912/donor-version/lean/Integration.lean,Provenance.toe-overlay-20260912.donor-version.lean.Integration,toe-donor-version,77,Integration.AveragingResidualWeld,other,this-repo-Lean
Provenance/toe-overlay-20260912/donor-version/lean/Integration.lean,Provenance.toe-overlay-20260912.donor-version.lean.Integration,toe-donor-version,78,Integration.OutstandingObligations,other,this-repo-Lean
Provenance/toe-overlay-20260912/donor-version/lean/Integration.lean,Provenance.toe-overlay-20260912.donor-version.lean.Integration,toe-donor-version,79,Integration.InteractionWelds,other,this-repo-Lean
Provenance/toe-overlay-20260912/donor-version/lean/Integration.lean,Provenance.toe-overlay-20260912.donor-version.lean.Integration,toe-donor-version,80,Integration.ClaimTransport,other,this-repo-Lean
Provenance/toe-overlay-20260912/donor-version/lean/Integration.lean,Provenance.toe-overlay-20260912.donor-version.lean.Integration,toe-donor-version,81,Integration.ClaimTransportLanes,other,this-repo-Lean
Provenance/toe-overlay-20260912/donor-version/lean/Integration.lean,Provenance.toe-overlay-20260912.donor-version.lean.Integration,toe-donor-version,82,Integration.PromotionDiscipline,other,this-repo-Lean
Provenance/toe-overlay-20260912/donor-version/lean/Integration.lean,Provenance.toe-overlay-20260912.donor-version.lean.Integration,toe-donor-version,83,Integration.ConsumerGauge,other,this-repo-Lean
Provenance/toe-overlay-20260912/donor-version/lean/Integration.lean,Provenance.toe-overlay-20260912.donor-version.lean.Integration,toe-donor-version,84,Integration.PhysicsInstances,other,this-repo-Lean
Provenance/toe-overlay-20260912/donor-version/lean/Integration.lean,Provenance.toe-overlay-20260912.donor-version.lean.Integration,toe-donor-version,85,Integration.Registry,other,this-repo-Lean
Provenance/toe-overlay-20260912/donor-version/lean/Integration.lean,Provenance.toe-overlay-20260912.donor-version.lean.Integration,toe-donor-version,86,Integration.RiemannReflection,other,this-repo-Lean
Provenance/toe-overlay-20260912/donor-version/lean/Integration.lean,Provenance.toe-overlay-20260912.donor-version.lean.Integration,toe-donor-version,87,Integration.RiemannStrip,other,this-repo-Lean
Provenance/toe-overlay-20260912/donor-version/lean/Integration.lean,Provenance.toe-overlay-20260912.donor-version.lean.Integration,toe-donor-version,88,Integration.RiemannSubstrate,other,this-repo-Lean
Provenance/toe-overlay-20260912/donor-version/lean/Integration.lean,Provenance.toe-overlay-20260912.donor-version.lean.Integration,toe-donor-version,89,Integration.RiemannXiSymmetry,other,this-repo-Lean
Provenance/toe-overlay-20260912/donor-version/lean/Integration.lean,Provenance.toe-overlay-20260912.donor-version.lean.Integration,toe-donor-version,90,Integration.RiemannDomain,other,this-repo-Lean
Provenance/toe-overlay-20260912/donor-version/lean/Integration.lean,Provenance.toe-overlay-20260912.donor-version.lean.Integration,toe-donor-version,91,Integration.ClaimTransportGeometry,other,this-repo-Lean
Provenance/toe-overlay-20260912/donor-version/lean/Integration.lean,Provenance.toe-overlay-20260912.donor-version.lean.Integration,toe-donor-version,92,Integration.PromotionEvidence,other,this-repo-Lean
Provenance/toe-overlay-20260912/donor-version/lean/Integration.lean,Provenance.toe-overlay-20260912.donor-version.lean.Integration,toe-donor-version,93,Integration.FreeFieldAudit,other,this-repo-Lean
Provenance/toe-overlay-20260912/donor-version/lean/Integration.lean,Provenance.toe-overlay-20260912.donor-version.lean.Integration,toe-donor-version,94,Integration.MirrorDrift,other,this-repo-Lean
Provenance/toe-overlay-20260912/donor-version/lean/Integration.lean,Provenance.toe-overlay-20260912.donor-version.lean.Integration,toe-donor-version,95,Integration.FrontierPriority,other,this-repo-Lean
Provenance/toe-overlay-20260912/donor-version/lean/Integration.lean,Provenance.toe-overlay-20260912.donor-version.lean.Integration,toe-donor-version,96,Integration.PredictionEnvelope,other,this-repo-Lean
Provenance/toe-overlay-20260912/donor-version/lean/Integration.lean,Provenance.toe-overlay-20260912.donor-version.lean.Integration,toe-donor-version,97,Integration.PredictionStatus,other,this-repo-Lean
Provenance/toe-overlay-20260912/donor-version/lean/Integration.lean,Provenance.toe-overlay-20260912.donor-version.lean.Integration,toe-donor-version,98,Integration.TransportFalsification,other,this-repo-Lean
Provenance/toe-overlay-20260912/donor-version/lean/Integration.lean,Provenance.toe-overlay-20260912.donor-version.lean.Integration,toe-donor-version,99,Integration.Experiment.Dimension,other,this-repo-Lean
Provenance/toe-overlay-20260912/donor-version/lean/Integration.lean,Provenance.toe-overlay-20260912.donor-version.lean.Integration,toe-donor-version,100,Integration.Experiment.QuantityGraph,other,this-repo-Lean
Provenance/toe-overlay-20260912/donor-version/lean/Integration.lean,Provenance.toe-overlay-20260912.donor-version.lean.Integration,toe-donor-version,101,Integration.Experiment.Uncertainty,other,this-repo-Lean
Provenance/toe-overlay-20260912/donor-version/lean/Integration.lean,Provenance.toe-overlay-20260912.donor-version.lean.Integration,toe-donor-version,102,Integration.Experiment.Protocol,other,this-repo-Lean
Provenance/toe-overlay-20260912/donor-version/lean/Integration.lean,Provenance.toe-overlay-20260912.donor-version.lean.Integration,toe-donor-version,103,Integration.Experiment.Risk,other,this-repo-Lean
Provenance/toe-overlay-20260912/donor-version/lean/Integration.lean,Provenance.toe-overlay-20260912.donor-version.lean.Integration,toe-donor-version,104,Integration.Experiment.MeasurementValue,other,this-repo-Lean
Provenance/toe-overlay-20260912/donor-version/lean/Integration.lean,Provenance.toe-overlay-20260912.donor-version.lean.Integration,toe-donor-version,105,Integration.Experiment.FailureLocalisation,other,this-repo-Lean
Provenance/toe-overlay-20260912/donor-version/lean/Integration.lean,Provenance.toe-overlay-20260912.donor-version.lean.Integration,toe-donor-version,106,Integration.Experiment.Compiler,other,this-repo-Lean
Provenance/toe-overlay-20260912/donor-version/lean/Integration.lean,Provenance.toe-overlay-20260912.donor-version.lean.Integration,toe-donor-version,107,Integration.Experiment.ModelSelection,other,this-repo-Lean
Provenance/toe-overlay-20260912/donor-version/lean/Integration.lean,Provenance.toe-overlay-20260912.donor-version.lean.Integration,toe-donor-version,108,Integration.Experiment.Lithium,other,this-repo-Lean
Provenance/toe-overlay-20260912/donor-version/lean/Integration.lean,Provenance.toe-overlay-20260912.donor-version.lean.Integration,toe-donor-version,109,Integration.Experiment.ThermalDiffusion,other,this-repo-Lean
Provenance/toe-overlay-20260912/donor-version/lean/Integration.lean,Provenance.toe-overlay-20260912.donor-version.lean.Integration,toe-donor-version,110,Integration.Experiment.ParameterRegion,other,this-repo-Lean
Provenance/toe-overlay-20260912/donor-version/lean/Integration.lean,Provenance.toe-overlay-20260912.donor-version.lean.Integration,toe-donor-version,111,Integration.Experiment.JacobianSensitivity,other,this-repo-Lean
Provenance/toe-overlay-20260912/donor-version/lean/Integration.lean,Provenance.toe-overlay-20260912.donor-version.lean.Integration,toe-donor-version,112,Integration.Experiment.ContinuousDynamics,other,this-repo-Lean
Provenance/toe-overlay-20260912/donor-version/lean/Integration.lean,Provenance.toe-overlay-20260912.donor-version.lean.Integration,toe-donor-version,113,Integration.Experiment.LithiumContinuous,other,this-repo-Lean
Provenance/toe-overlay-20260912/donor-version/lean/Integration.lean,Provenance.toe-overlay-20260912.donor-version.lean.Integration,toe-donor-version,114,Integration.Experiment.ModelReceipts,other,this-repo-Lean
Provenance/toe-overlay-20260912/donor-version/lean/Integration.lean,Provenance.toe-overlay-20260912.donor-version.lean.Integration,toe-donor-version,115,Integration.Experiment.ThermalRC,other,this-repo-Lean
Provenance/toe-overlay-20260912/donor-version/lean/Integration.lean,Provenance.toe-overlay-20260912.donor-version.lean.Integration,toe-donor-version,116,Integration.Experiment.ProbabilityLayer,other,this-repo-Lean
Provenance/toe-overlay-20260912/donor-version/lean/Integration.lean,Provenance.toe-overlay-20260912.donor-version.lean.Integration,toe-donor-version,117,Integration.Experiment.BestReading,other,this-repo-Lean
Provenance/toe-overlay-20260912/donor-version/lean/Integration.lean,Provenance.toe-overlay-20260912.donor-version.lean.Integration,toe-donor-version,118,Integration.Experiment.BayesUpdate,other,this-repo-Lean
Provenance/toe-overlay-20260912/donor-version/lean/Integration.lean,Provenance.toe-overlay-20260912.donor-version.lean.Integration,toe-donor-version,119,Integration.Experiment.MultiParameterRegion,other,this-repo-Lean
Provenance/toe-overlay-20260912/donor-version/lean/Integration.lean,Provenance.toe-overlay-20260912.donor-version.lean.Integration,toe-donor-version,120,Integration.Experiment.CertifiedPropagation,other,this-repo-Lean
Provenance/toe-overlay-20260912/donor-version/lean/Integration.lean,Provenance.toe-overlay-20260912.donor-version.lean.Integration,toe-donor-version,121,Integration.Experiment.NonlinearDiscrimination,other,this-repo-Lean
Provenance/toe-overlay-20260912/donor-version/lean/Integration.lean,Provenance.toe-overlay-20260912.donor-version.lean.Integration,toe-donor-version,122,Integration.Experiment.CoverageSemantics,other,this-repo-Lean
Provenance/toe-overlay-20260912/donor-version/lean/Integration.lean,Provenance.toe-overlay-20260912.donor-version.lean.Integration,toe-donor-version,123,Integration.Experiment.ContinuousBayes,other,this-repo-Lean
Provenance/toe-overlay-20260912/donor-version/lean/Integration.lean,Provenance.toe-overlay-20260912.donor-version.lean.Integration,toe-donor-version,124,Integration.Experiment.VarianceBudget,other,this-repo-Lean
Provenance/toe-overlay-20260912/donor-version/lean/Integration.lean,Provenance.toe-overlay-20260912.donor-version.lean.Integration,toe-donor-version,125,Integration.Experiment.LocalIdentifiability,other,this-repo-Lean
Provenance/toe-overlay-20260912/donor-version/lean/Integration.lean,Provenance.toe-overlay-20260912.donor-version.lean.Integration,toe-donor-version,126,Integration.Experiment.TrajectorySensitivity,other,this-repo-Lean
Provenance/toe-overlay-20260912/donor-version/lean/Integration.lean,Provenance.toe-overlay-20260912.donor-version.lean.Integration,toe-donor-version,127,Integration.Experiment.RepairObligations,other,this-repo-Lean
Provenance/toe-overlay-20260912/donor-version/lean/Integration.lean,Provenance.toe-overlay-20260912.donor-version.lean.Integration,toe-donor-version,128,Integration.Experiment.CalibratedCell,other,this-repo-Lean
Provenance/toe-overlay-20260912/donor-version/lean/Integration.lean,Provenance.toe-overlay-20260912.donor-version.lean.Integration,toe-donor-version,129,Integration.Experiment.ModelDiscrepancy,other,this-repo-Lean
Provenance/toe-overlay-20260912/donor-version/lean/Integration.lean,Provenance.toe-overlay-20260912.donor-version.lean.Integration,toe-donor-version,130,Integration.Experiment.DiscrepancyCoverage,other,this-repo-Lean
Provenance/toe-overlay-20260912/donor-version/lean/Integration.lean,Provenance.toe-overlay-20260912.donor-version.lean.Integration,toe-donor-version,131,Integration.Experiment.CorrelatedUncertainty,other,this-repo-Lean
Provenance/toe-overlay-20260912/donor-version/lean/Integration.lean,Provenance.toe-overlay-20260912.donor-version.lean.Integration,toe-donor-version,132,Integration.Experiment.IdentifiabilityRadius,other,this-repo-Lean
Provenance/toe-overlay-20260912/donor-version/lean/Integration.lean,Provenance.toe-overlay-20260912.donor-version.lean.Integration,toe-donor-version,133,Integration.Experiment.InformationMatrix,other,this-repo-Lean
Provenance/toe-overlay-20260912/donor-version/lean/Integration.lean,Provenance.toe-overlay-20260912.donor-version.lean.Integration,toe-donor-version,134,Integration.Experiment.VectorDynamics,other,this-repo-Lean
Provenance/toe-overlay-20260912/donor-version/lean/Integration.lean,Provenance.toe-overlay-20260912.donor-version.lean.Integration,toe-donor-version,135,Integration.Experiment.RepairSearch,other,this-repo-Lean
Provenance/toe-overlay-20260912/donor-version/lean/Integration.lean,Provenance.toe-overlay-20260912.donor-version.lean.Integration,toe-donor-version,136,Integration.Experiment.RCCircuit,other,this-repo-Lean
Provenance/toe-overlay-20260912/donor-version/lean/Integration.lean,Provenance.toe-overlay-20260912.donor-version.lean.Integration,toe-donor-version,137,Integration.Experiment.ObservationalEquivalence,other,this-repo-Lean
Provenance/toe-overlay-20260912/donor-version/lean/Integration.lean,Provenance.toe-overlay-20260912.donor-version.lean.Integration,toe-donor-version,138,Integration.Experiment.ModelLadder,other,this-repo-Lean
Provenance/toe-overlay-20260912/donor-version/lean/Integration.lean,Provenance.toe-overlay-20260912.donor-version.lean.Integration,toe-donor-version,139,Integration.Variation.Pairing,other,this-repo-Lean
Provenance/toe-overlay-20260912/donor-version/lean/Integration.lean,Provenance.toe-overlay-20260912.donor-version.lean.Integration,toe-donor-version,140,Integration.Variation.CutoffLimit,other,this-repo-Lean
Provenance/toe-overlay-20260912/donor-version/lean/Integration.lean,Provenance.toe-overlay-20260912.donor-version.lean.Integration,toe-donor-version,141,Integration.Variation.CommonLanguage,other,this-repo-Lean
Provenance/toe-overlay-20260912/donor-version/lean/Integration.lean,Provenance.toe-overlay-20260912.donor-version.lean.Integration,toe-donor-version,142,Integration.Variation.SourceCoordinate,other,this-repo-Lean
Provenance/toe-overlay-20260912/donor-version/lean/Integration.lean,Provenance.toe-overlay-20260912.donor-version.lean.Integration,toe-donor-version,143,Integration.Variation.Weld,other,this-repo-Lean
Provenance/toe-overlay-20260912/donor-version/lean/Integration.lean,Provenance.toe-overlay-20260912.donor-version.lean.Integration,toe-donor-version,144,Integration.Variation.MetricDensity,other,this-repo-Lean
Provenance/toe-overlay-20260912/donor-version/lean/Integration.lean,Provenance.toe-overlay-20260912.donor-version.lean.Integration,toe-donor-version,145,Integration.Variation.SymmetricFibre,other,this-repo-Lean
Provenance/toe-overlay-20260912/donor-version/lean/Integration.lean,Provenance.toe-overlay-20260912.donor-version.lean.Integration,toe-donor-version,146,Integration.Variation.SymmetricField,other,this-repo-Lean
Provenance/toe-overlay-20260912/donor-version/lean/Integration.lean,Provenance.toe-overlay-20260912.donor-version.lean.Integration,toe-donor-version,147,Integration.Variation.InverseMetric,other,this-repo-Lean
Provenance/toe-overlay-20260912/donor-version/lean/Integration.lean,Provenance.toe-overlay-20260912.donor-version.lean.Integration,toe-donor-version,148,Integration.Variation.SectorFilter,other,this-repo-Lean
Provenance/toe-overlay-20260912/donor-version/lean/Integration.lean,Provenance.toe-overlay-20260912.donor-version.lean.Integration,toe-donor-version,149,Integration.Variation.ThirdOrder,other,this-repo-Lean
Provenance/toe-overlay-20260912/donor-version/lean/Integration.lean,Provenance.toe-overlay-20260912.donor-version.lean.Integration,toe-donor-version,150,Integration.Variation.SourceCoordinateBanach,other,this-repo-Lean
Provenance/toe-overlay-20260912/donor-version/lean/Integration.lean,Provenance.toe-overlay-20260912.donor-version.lean.Integration,toe-donor-version,151,Integration.Variation.DenseFibre,other,this-repo-Lean
Provenance/toe-overlay-20260912/donor-version/lean/Integration.lean,Provenance.toe-overlay-20260912.donor-version.lean.Integration,toe-donor-version,152,Integration.Reconciliation.Stage7Boundary,other,this-repo-Lean
Provenance/toe-overlay-20260912/donor-version/lean/Integration.lean,Provenance.toe-overlay-20260912.donor-version.lean.Integration,toe-donor-version,153,Integration.Reconciliation.QFTGRBoundary,other,this-repo-Lean
Provenance/toe-overlay-20260912/donor-version/lean/Integration.lean,Provenance.toe-overlay-20260912.donor-version.lean.Integration,toe-donor-version,154,Integration.Reconciliation.ContinuumProducerBoundary,other,this-repo-Lean
Provenance/toe-overlay-20260912/donor-version/lean/Integration.lean,Provenance.toe-overlay-20260912.donor-version.lean.Integration,toe-donor-version,155,Integration.RecordConstraintAdequacy,other,this-repo-Lean
Provenance/toe-overlay-20260912/donor-version/lean/Integration.lean,Provenance.toe-overlay-20260912.donor-version.lean.Integration,toe-donor-version,156,Integration.CorpusPromotion,other,this-repo-Lean
Provenance/toe-overlay-20260912/donor-version/lean/Integration.lean,Provenance.toe-overlay-20260912.donor-version.lean.Integration,toe-donor-version,157,Integration.BridgeStatus,other,this-repo-Lean
Provenance/toe-overlay-20260912/donor-version/lean/Integration.lean,Provenance.toe-overlay-20260912.donor-version.lean.Integration,toe-donor-version,158,Integration.Kernel.ResidualFibre,other,this-repo-Lean
Provenance/toe-overlay-20260912/donor-version/lean/Integration.lean,Provenance.toe-overlay-20260912.donor-version.lean.Integration,toe-donor-version,159,Integration.Kernel.Probe,other,this-repo-Lean
Provenance/toe-overlay-20260912/donor-version/lean/Integration.lean,Provenance.toe-overlay-20260912.donor-version.lean.Integration,toe-donor-version,160,Integration.Kernel.Merge,other,this-repo-Lean
Provenance/toe-overlay-20260912/donor-version/lean/Integration.lean,Provenance.toe-overlay-20260912.donor-version.lean.Integration,toe-donor-version,161,Integration.Kernel.Authority,other,this-repo-Lean
Provenance/toe-overlay-20260912/donor-version/lean/Integration.lean,Provenance.toe-overlay-20260912.donor-version.lean.Integration,toe-donor-version,162,Integration.Kernel.Reopen,other,this-repo-Lean
Provenance/toe-overlay-20260912/donor-version/lean/Integration.lean,Provenance.toe-overlay-20260912.donor-version.lean.Integration,toe-donor-version,163,Integration.Kernel.Loop,other,this-repo-Lean
Provenance/toe-overlay-20260912/donor-version/lean/Integration.lean,Provenance.toe-overlay-20260912.donor-version.lean.Integration,toe-donor-version,164,Integration.Kernel.Quotient,other,this-repo-Lean
Provenance/toe-overlay-20260912/donor-version/lean/Integration.lean,Provenance.toe-overlay-20260912.donor-version.lean.Integration,toe-donor-version,165,Integration.Kernel.Instances.ParameterRegion,other,this-repo-Lean
Provenance/toe-overlay-20260912/donor-version/lean/Integration.lean,Provenance.toe-overlay-20260912.donor-version.lean.Integration,toe-donor-version,166,Integration.Kernel.Instances.CollectiveAction,other,this-repo-Lean
Provenance/toe-overlay-20260912/donor-version/lean/Integration.lean,Provenance.toe-overlay-20260912.donor-version.lean.Integration,toe-donor-version,167,Integration.Kernel.Instances.Distribution,other,this-repo-Lean
Provenance/toe-overlay-20260912/donor-version/lean/Integration.lean,Provenance.toe-overlay-20260912.donor-version.lean.Integration,toe-donor-version,168,Integration.Kernel.Instances.Translation,other,this-repo-Lean
Provenance/toe-overlay-20260912/donor-version/lean/Integration.lean,Provenance.toe-overlay-20260912.donor-version.lean.Integration,toe-donor-version,169,Integration.Kernel.Instances.Assay,other,this-repo-Lean
Provenance/toe-overlay-20260912/donor-version/lean/Integration.lean,Provenance.toe-overlay-20260912.donor-version.lean.Integration,toe-donor-version,170,Integration.Kernel.Instances.ObservationalEquivalence,other,this-repo-Lean
Provenance/toe-overlay-20260912/donor-version/lean/Integration.lean,Provenance.toe-overlay-20260912.donor-version.lean.Integration,toe-donor-version,171,Integration.Kernel.Instances.ModelSelection,other,this-repo-Lean
Provenance/toe-overlay-20260912/donor-version/lean/Integration.lean,Provenance.toe-overlay-20260912.donor-version.lean.Integration,toe-donor-version,172,Integration.Kernel.Instances.SSSP,other,this-repo-Lean
Provenance/toe-overlay-20260912/donor-version/lean/Integration.lean,Provenance.toe-overlay-20260912.donor-version.lean.Integration,toe-donor-version,173,Integration.Kernel.Instances.TemporalFibre,other,this-repo-Lean
Provenance/toe-overlay-20260912/donor-version/lean/Integration.lean,Provenance.toe-overlay-20260912.donor-version.lean.Integration,toe-donor-version,174,Integration.Kernel.Instances.Admission,other,this-repo-Lean
Provenance/toe-overlay-20260912/donor-version/lean/Integration.lean,Provenance.toe-overlay-20260912.donor-version.lean.Integration,toe-donor-version,175,Integration.Kernel.Instances.SituatedValuation,other,this-repo-Lean
Provenance/toe-overlay-20260912/donor-version/lean/Integration.lean,Provenance.toe-overlay-20260912.donor-version.lean.Integration,toe-donor-version,176,Integration.Kernel.Instances.SourceStage,other,this-repo-Lean
Provenance/toe-overlay-20260912/donor-version/lean/Integration.lean,Provenance.toe-overlay-20260912.donor-version.lean.Integration,toe-donor-version,177,Integration.Kernel.EvidenceDependence,other,this-repo-Lean
Provenance/toe-overlay-20260912/donor-version/lean/Integration.lean,Provenance.toe-overlay-20260912.donor-version.lean.Integration,toe-donor-version,178,Integration.Kernel.ConsumerPromotion,other,this-repo-Lean
Provenance/toe-overlay-20260912/donor-version/lean/Integration.lean,Provenance.toe-overlay-20260912.donor-version.lean.Integration,toe-donor-version,179,Integration.Kernel.QueryResidual,other,this-repo-Lean
Provenance/toe-overlay-20260912/donor-version/lean/Integration.lean,Provenance.toe-overlay-20260912.donor-version.lean.Integration,toe-donor-version,180,Integration.Kernel.PartialIdentification,other,this-repo-Lean
Provenance/toe-overlay-20260912/donor-version/lean/Integration.lean,Provenance.toe-overlay-20260912.donor-version.lean.Integration,toe-donor-version,181,Integration.Kernel.BoundaryKind,other,this-repo-Lean
Provenance/toe-overlay-20260912/donor-version/lean/Integration.lean,Provenance.toe-overlay-20260912.donor-version.lean.Integration,toe-donor-version,182,Integration.Kernel.Instances.ProjectionHierarchy,other,this-repo-Lean
Provenance/toe-overlay-20260912/donor-version/lean/Integration.lean,Provenance.toe-overlay-20260912.donor-version.lean.Integration,toe-donor-version,183,Integration.Kernel.DeclaredRealised,other,this-repo-Lean
Provenance/toe-overlay-20260912/donor-version/lean/Integration.lean,Provenance.toe-overlay-20260912.donor-version.lean.Integration,toe-donor-version,184,Integration.Kernel.AppendOnlyHistory,other,this-repo-Lean
Provenance/toe-overlay-20260912/donor-version/lean/Integration.lean,Provenance.toe-overlay-20260912.donor-version.lean.Integration,toe-donor-version,185,Integration.Kernel.BraidedTrace,other,this-repo-Lean
Provenance/toe-overlay-20260912/donor-version/lean/Integration.lean,Provenance.toe-overlay-20260912.donor-version.lean.Integration,toe-donor-version,186,Integration.Kernel.LineageEdge,other,this-repo-Lean
Provenance/toe-overlay-20260912/donor-version/lean/Integration.lean,Provenance.toe-overlay-20260912.donor-version.lean.Integration,toe-donor-version,187,Integration.Kernel.PromotionTransport,other,this-repo-Lean
Provenance/toe-overlay-20260912/donor-version/lean/Integration.lean,Provenance.toe-overlay-20260912.donor-version.lean.Integration,toe-donor-version,188,Integration.Kernel.Welds.RuntimeBraidedProvenance,other,this-repo-Lean
Provenance/toe-overlay-20260912/donor-version/lean/Integration.lean,Provenance.toe-overlay-20260912.donor-version.lean.Integration,toe-donor-version,189,Integration.Kernel.Welds.AmplifiedObservationCount,other,this-repo-Lean
Provenance/toe-overlay-20260912/donor-version/lean/Integration.lean,Provenance.toe-overlay-20260912.donor-version.lean.Integration,toe-donor-version,190,Integration.Kernel.Welds.RemedyRuntimeFeedback,other,this-repo-Lean
Provenance/toe-overlay-20260912/donor-version/lean/Integration.lean,Provenance.toe-overlay-20260912.donor-version.lean.Integration,toe-donor-version,191,Integration.Kernel.Welds.SituatedMediationCarriers,other,this-repo-Lean
Provenance/toe-overlay-20260912/donor-version/lean/Integration.lean,Provenance.toe-overlay-20260912.donor-version.lean.Integration,toe-donor-version,192,Integration.Kernel.Welds.ResidualSalienceScheduler,other,this-repo-Lean
Provenance/toe-overlay-20260912/donor-version/lean/Integration.lean,Provenance.toe-overlay-20260912.donor-version.lean.Integration,toe-donor-version,193,Integration.Kernel.Welds.DeliberativeMoves,other,this-repo-Lean
Provenance/toe-overlay-20260912/donor-version/lean/Integration.lean,Provenance.toe-overlay-20260912.donor-version.lean.Integration,toe-donor-version,194,Integration.Kernel.Welds.CommutingProvenanceSquare,other,this-repo-Lean
Provenance/toe-overlay-20260912/donor-version/lean/Integration.lean,Provenance.toe-overlay-20260912.donor-version.lean.Integration,toe-donor-version,195,Integration.Kernel.Bridges.QuorumThreshold,other,this-repo-Lean
Provenance/toe-overlay-20260912/donor-version/lean/Integration.lean,Provenance.toe-overlay-20260912.donor-version.lean.Integration,toe-donor-version,196,Integration.Kernel.Bridges.InformationLossLocus,other,this-repo-Lean
Provenance/toe-overlay-20260912/donor-version/lean/Integration.lean,Provenance.toe-overlay-20260912.donor-version.lean.Integration,toe-donor-version,197,Integration.Kernel.Bridges.CorroborationPhase,other,this-repo-Lean
Provenance/toe-overlay-20260912/donor-version/lean/Integration.lean,Provenance.toe-overlay-20260912.donor-version.lean.Integration,toe-donor-version,198,Integration.Kernel.Welds.LaneProjectionSquare,other,this-repo-Lean
Provenance/toe-overlay-20260912/donor-version/lean/Integration.lean,Provenance.toe-overlay-20260912.donor-version.lean.Integration,toe-donor-version,199,Integration.Kernel.Welds.SalienceOverLineage,other,this-repo-Lean
Provenance/toe-overlay-20260912/donor-version/lean/Integration.lean,Provenance.toe-overlay-20260912.donor-version.lean.Integration,toe-donor-version,200,Integration.Kernel.Aristotle.PropertyFamilyQueryFibre,other,this-repo-Lean
Provenance/toe-overlay-20260912/donor-version/lean/Integration.lean,Provenance.toe-overlay-20260912.donor-version.lean.Integration,toe-donor-version,201,Integration.Kernel.Aristotle.RankVisibilityCommutingProvenance,other,this-repo-Lean
Provenance/toe-overlay-20260912/donor-version/lean/Integration.lean,Provenance.toe-overlay-20260912.donor-version.lean.Integration,toe-donor-version,202,Integration.Kernel.Aristotle.SnakAbsenceInformationLoss,other,this-repo-Lean
Provenance/toe-overlay-20260912/donor-version/lean/Integration.lean,Provenance.toe-overlay-20260912.donor-version.lean.Integration,toe-donor-version,203,Integration.Kernel.Aristotle.ReliableSourceConsumerAdequacy,other,this-repo-Lean
Provenance/toe-overlay-20260912/donor-version/lean/Integration.lean,Provenance.toe-overlay-20260912.donor-version.lean.Integration,toe-donor-version,204,Integration.Kernel.Aristotle.PrunedGraphPromotionTransport,other,this-repo-Lean
Provenance/toe-overlay-20260912/donor-version/lean/Integration.lean,Provenance.toe-overlay-20260912.donor-version.lean.Integration,toe-donor-version,205,Integration.Kernel.Aristotle.WikibaseZelphBraidedPromotion,other,this-repo-Lean
Provenance/toe-overlay-20260912/donor-version/lean/Integration.lean,Provenance.toe-overlay-20260912.donor-version.lean.Integration,toe-donor-version,206,Integration.Kernel.Aristotle.SchemaCoverageProfile,other,this-repo-Lean
Provenance/toe-overlay-20260912/donor-version/lean/Integration.lean,Provenance.toe-overlay-20260912.donor-version.lean.Integration,toe-donor-version,207,Integration.Kernel.Aristotle.CoverageResidualSalience,other,this-repo-Lean
Provenance/toe-overlay-20260912/donor-version/lean/Integration.lean,Provenance.toe-overlay-20260912.donor-version.lean.Integration,toe-donor-version,208,Integration.Kernel.Aristotle.ContentIdentityRevisionSync,other,this-repo-Lean
Provenance/toe-overlay-20260912/donor-version/lean/Integration.lean,Provenance.toe-overlay-20260912.donor-version.lean.Integration,toe-donor-version,209,Integration.Kernel.Aristotle.WorklistDeliberativeMoves,other,this-repo-Lean
Provenance/toe-overlay-20260912/donor-version/lean/Integration.lean,Provenance.toe-overlay-20260912.donor-version.lean.Integration,toe-donor-version,210,Integration.Base369Heisenberg,other,this-repo-Lean
Provenance/toe-overlay-20260912/donor-version/lean/Integration.lean,Provenance.toe-overlay-20260912.donor-version.lean.Integration,toe-donor-version,211,Integration.Base369Schrodinger,other,this-repo-Lean
Provenance/toe-overlay-20260912/donor-version/lean/Integration.lean,Provenance.toe-overlay-20260912.donor-version.lean.Integration,toe-donor-version,212,Integration.AxiomAudit,other,this-repo-Lean
Provenance/toe-overlay-20260912/donor-version/lean/Integration.lean,Provenance.toe-overlay-20260912.donor-version.lean.Integration,toe-donor-version,213,Integration.AxiomAuditStage7,other,this-repo-Lean
Provenance/toe-overlay-20260912/donor-version/lean/Integration.lean,Provenance.toe-overlay-20260912.donor-version.lean.Integration,toe-donor-version,214,Integration.AxiomAuditVariation,other,this-repo-Lean
Provenance/toe-overlay-20260912/donor-version/lean/Integration.lean,Provenance.toe-overlay-20260912.donor-version.lean.Integration,toe-donor-version,215,Integration.AxiomAuditKernel,other,this-repo-Lean
Provenance/toe-overlay-20260912/donor-version/lean/Integration.lean,Provenance.toe-overlay-20260912.donor-version.lean.Integration,toe-donor-version,216,Integration.AxiomAuditAristotle,other,this-repo-Lean
Provenance/toe-overlay-20260912/donor-version/lean/Integration.lean,Provenance.toe-overlay-20260912.donor-version.lean.Integration,toe-donor-version,217,Integration.AxiomAuditBase369,other,this-repo-Lean
Provenance/toe-overlay-20260912/donor-version/lean/Spine.lean,Provenance.toe-overlay-20260912.donor-version.lean.Spine,toe-donor-version,1,Spine.AnchoredGram,toe-spine,this-repo-Lean
Provenance/toe-overlay-20260912/donor-version/lean/Spine.lean,Provenance.toe-overlay-20260912.donor-version.lean.Spine,toe-donor-version,2,Spine.TransverseGram,toe-spine,this-repo-Lean
Provenance/toe-overlay-20260912/donor-version/lean/Spine.lean,Provenance.toe-overlay-20260912.donor-version.lean.Spine,toe-donor-version,3,Spine.FiniteReindex,toe-spine,this-repo-Lean
Provenance/toe-overlay-20260912/donor-version/lean/Spine.lean,Provenance.toe-overlay-20260912.donor-version.lean.Spine,toe-donor-version,4,Spine.SchurComplement,toe-spine,this-repo-Lean
Provenance/toe-overlay-20260912/donor-version/lean/Spine.lean,Provenance.toe-overlay-20260912.donor-version.lean.Spine,toe-donor-version,5,Spine.SchurBlock,toe-spine,this-repo-Lean
Provenance/toe-overlay-20260912/donor-version/lean/Spine.lean,Provenance.toe-overlay-20260912.donor-version.lean.Spine,toe-donor-version,6,Spine.RateBlockSchur,toe-spine,this-repo-Lean
Provenance/toe-overlay-20260912/donor-version/lean/Spine.lean,Provenance.toe-overlay-20260912.donor-version.lean.Spine,toe-donor-version,7,Spine.TernaryPhase,toe-spine,this-repo-Lean
Provenance/toe-overlay-20260912/donor-version/lean/Spine.lean,Provenance.toe-overlay-20260912.donor-version.lean.Spine,toe-donor-version,8,Spine.TraceNorm,toe-spine,this-repo-Lean
Provenance/toe-overlay-20260912/donor-version/lean/Spine.lean,Provenance.toe-overlay-20260912.donor-version.lean.Spine,toe-donor-version,9,Spine.MeanSplit,toe-spine,this-repo-Lean
Provenance/toe-overlay-20260912/donor-version/lean/Spine.lean,Provenance.toe-overlay-20260912.donor-version.lean.Spine,toe-donor-version,10,Spine.Observer,toe-spine,this-repo-Lean
Provenance/toe-overlay-20260912/donor-version/lean/Spine.lean,Provenance.toe-overlay-20260912.donor-version.lean.Spine,toe-donor-version,11,Spine.TritCarrier,toe-spine,this-repo-Lean
Provenance/toe-overlay-20260912/donor-version/lean/Spine.lean,Provenance.toe-overlay-20260912.donor-version.lean.Spine,toe-donor-version,12,Spine.Duality,toe-spine,this-repo-Lean
Provenance/toe-overlay-20260912/donor-version/lean/Spine.lean,Provenance.toe-overlay-20260912.donor-version.lean.Spine,toe-donor-version,13,Spine.OggGrid,toe-spine,this-repo-Lean
Provenance/toe-overlay-20260912/donor-version/lean/Spine.lean,Provenance.toe-overlay-20260912.donor-version.lean.Spine,toe-donor-version,14,Spine.FixedLocus,toe-spine,this-repo-Lean
Provenance/toe-overlay-20260912/donor-version/lean/Spine.lean,Provenance.toe-overlay-20260912.donor-version.lean.Spine,toe-donor-version,15,Spine.EqualCardinality,toe-spine,this-repo-Lean
Provenance/toe-overlay-20260912/donor-version/lean/Spine.lean,Provenance.toe-overlay-20260912.donor-version.lean.Spine,toe-donor-version,16,Spine.TwoRegime,toe-spine,this-repo-Lean
Provenance/toe-overlay-20260912/donor-version/lean/Spine.lean,Provenance.toe-overlay-20260912.donor-version.lean.Spine,toe-donor-version,17,Spine.RiemannBridge,toe-spine,this-repo-Lean
Provenance/toe-overlay-20260912/donor-version/lean/Spine.lean,Provenance.toe-overlay-20260912.donor-version.lean.Spine,toe-donor-version,18,Spine.EndToEnd,toe-spine,this-repo-Lean
Provenance/toe-overlay-20260912/donor-version/lean/Spine.lean,Provenance.toe-overlay-20260912.donor-version.lean.Spine,toe-donor-version,19,Spine.AxiomAudit,toe-spine,this-repo-Lean
Provenance/toe-overlay-20260912/donor-version/lean/Synthesis.lean,Provenance.toe-overlay-20260912.donor-version.lean.Synthesis,toe-donor-version,1,Synthesis.ToneCore,other,this-repo-Lean
Provenance/toe-overlay-20260912/donor-version/lean/Synthesis.lean,Provenance.toe-overlay-20260912.donor-version.lean.Synthesis,toe-donor-version,2,Synthesis.DialecticTone,other,this-repo-Lean
Provenance/toe-overlay-20260912/donor-version/lean/Synthesis.lean,Provenance.toe-overlay-20260912.donor-version.lean.Synthesis,toe-donor-version,3,Synthesis.RelationSeam,other,this-repo-Lean
Provenance/toe-overlay-20260912/donor-version/lean/Synthesis.lean,Provenance.toe-overlay-20260912.donor-version.lean.Synthesis,toe-donor-version,4,Synthesis.MonsterFibre,other,this-repo-Lean
Provenance/toe-overlay-20260912/donor-version/lean/Synthesis.lean,Provenance.toe-overlay-20260912.donor-version.lean.Synthesis,toe-donor-version,5,Synthesis.WalkGeometry,other,this-repo-Lean
Provenance/toe-overlay-20260912/donor-version/lean/Synthesis.lean,Provenance.toe-overlay-20260912.donor-version.lean.Synthesis,toe-donor-version,6,Synthesis.MoonshineBase,other,this-repo-Lean
Provenance/toe-overlay-20260912/donor-version/lean/Synthesis.lean,Provenance.toe-overlay-20260912.donor-version.lean.Synthesis,toe-donor-version,7,Synthesis.WalkArithmetic,other,this-repo-Lean
Provenance/toe-overlay-20260912/donor-version/lean/Synthesis.lean,Provenance.toe-overlay-20260912.donor-version.lean.Synthesis,toe-donor-version,8,Synthesis.Vec15Fibre,other,this-repo-Lean
Provenance/toe-overlay-20260912/donor-version/lean/Synthesis.lean,Provenance.toe-overlay-20260912.donor-version.lean.Synthesis,toe-donor-version,9,Synthesis.StatisticsFibre,other,this-repo-Lean
Provenance/toe-overlay-20260912/donor-version/lean/Synthesis.lean,Provenance.toe-overlay-20260912.donor-version.lean.Synthesis,toe-donor-version,10,Synthesis.InferenceFibre,other,this-repo-Lean
Provenance/toe-overlay-20260912/donor-version/lean/Synthesis.lean,Provenance.toe-overlay-20260912.donor-version.lean.Synthesis,toe-donor-version,11,Synthesis.PhysicsInterfaces,other,this-repo-Lean
Provenance/toe-overlay-20260912/donor-version/lean/Synthesis.lean,Provenance.toe-overlay-20260912.donor-version.lean.Synthesis,toe-donor-version,12,Synthesis.SpinCoverBridge,other,this-repo-Lean
Provenance/toe-overlay-20260912/donor-version/lean/Synthesis.lean,Provenance.toe-overlay-20260912.donor-version.lean.Synthesis,toe-donor-version,13,Synthesis.ContractRepair,other,this-repo-Lean
Provenance/toe-overlay-20260912/donor-version/lean/Synthesis.lean,Provenance.toe-overlay-20260912.donor-version.lean.Synthesis,toe-donor-version,14,Synthesis.CircleCover,other,this-repo-Lean
Provenance/toe-overlay-20260912/donor-version/lean/Synthesis.lean,Provenance.toe-overlay-20260912.donor-version.lean.Synthesis,toe-donor-version,15,Synthesis.ExponentFibre,other,this-repo-Lean
Provenance/toe-overlay-20260912/donor-version/lean/Synthesis.lean,Provenance.toe-overlay-20260912.donor-version.lean.Synthesis,toe-donor-version,16,Synthesis.MonsterOrder,other,this-repo-Lean
Provenance/toe-overlay-20260912/donor-version/lean/Synthesis.lean,Provenance.toe-overlay-20260912.donor-version.lean.Synthesis,toe-donor-version,17,Synthesis.Hyperfabric,other,this-repo-Lean
Provenance/toe-overlay-20260912/donor-version/lean/Synthesis.lean,Provenance.toe-overlay-20260912.donor-version.lean.Synthesis,toe-donor-version,18,Synthesis.CodecBridge,other,this-repo-Lean
Provenance/toe-overlay-20260912/donor-version/lean/Synthesis.lean,Provenance.toe-overlay-20260912.donor-version.lean.Synthesis,toe-donor-version,19,Synthesis.EndToEnd,other,this-repo-Lean
Provenance/toe-overlay-20260912/donor-version/lean/Synthesis.lean,Provenance.toe-overlay-20260912.donor-version.lean.Synthesis,toe-donor-version,20,Synthesis.AxiomAudit,other,this-repo-Lean
Provenance/toe-overlay-20260912/donor-version/lean/AgdaMirror/LoomRelationAlgebra.lean,Provenance.toe-overlay-20260912.donor-version.lean.AgdaMirror.LoomRelationAlgebra,toe-donor-version,1,Mathlib,mathlib,mathlib
Provenance/toe-overlay-20260912/donor-version/lean/Synthesis/AxiomAudit.lean,Provenance.toe-overlay-20260912.donor-version.lean.Synthesis.AxiomAudit,toe-donor-version,1,Synthesis.EndToEnd,other,this-repo-Lean
Provenance/toe-overlay-20260912/donor-version/lean/Synthesis/AxiomAudit.lean,Provenance.toe-overlay-20260912.donor-version.lean.Synthesis.AxiomAudit,toe-donor-version,2,Synthesis.ContractRepair,other,this-repo-Lean
Provenance/toe-overlay-20260912/donor-version/lean/Synthesis/EndToEnd.lean,Provenance.toe-overlay-20260912.donor-version.lean.Synthesis.EndToEnd,toe-donor-version,1,Synthesis.Hyperfabric,other,this-repo-Lean
Provenance/toe-overlay-20260912/donor-version/lean/Synthesis/EndToEnd.lean,Provenance.toe-overlay-20260912.donor-version.lean.Synthesis.EndToEnd,toe-donor-version,2,Synthesis.WalkGeometry,other,this-repo-Lean
Provenance/toe-overlay-20260912/donor-version/lean/Synthesis/EndToEnd.lean,Provenance.toe-overlay-20260912.donor-version.lean.Synthesis.EndToEnd,toe-donor-version,3,Synthesis.MoonshineBase,other,this-repo-Lean
Provenance/toe-overlay-20260912/donor-version/lean/Synthesis/EndToEnd.lean,Provenance.toe-overlay-20260912.donor-version.lean.Synthesis.EndToEnd,toe-donor-version,4,Synthesis.CodecBridge,other,this-repo-Lean
Provenance/toe-overlay-20260912/donor-version/lean/Synthesis/EndToEnd.lean,Provenance.toe-overlay-20260912.donor-version.lean.Synthesis.EndToEnd,toe-donor-version,5,Synthesis.Vec15Fibre,other,this-repo-Lean
Provenance/toe-overlay-20260912/donor-version/lean/Synthesis/EndToEnd.lean,Provenance.toe-overlay-20260912.donor-version.lean.Synthesis.EndToEnd,toe-donor-version,6,Synthesis.WalkArithmetic,other,this-repo-Lean
Provenance/toe-overlay-20260912/donor-version/lean/Synthesis/EndToEnd.lean,Provenance.toe-overlay-20260912.donor-version.lean.Synthesis.EndToEnd,toe-donor-version,7,Synthesis.StatisticsFibre,other,this-repo-Lean
Provenance/toe-overlay-20260912/donor-version/lean/Synthesis/EndToEnd.lean,Provenance.toe-overlay-20260912.donor-version.lean.Synthesis.EndToEnd,toe-donor-version,8,Synthesis.InferenceFibre,other,this-repo-Lean
Provenance/toe-overlay-20260912/donor-version/lean/Synthesis/EndToEnd.lean,Provenance.toe-overlay-20260912.donor-version.lean.Synthesis.EndToEnd,toe-donor-version,9,Synthesis.PhysicsInterfaces,other,this-repo-Lean
Provenance/toe-overlay-20260912/donor-version/lean/Synthesis/EndToEnd.lean,Provenance.toe-overlay-20260912.donor-version.lean.Synthesis.EndToEnd,toe-donor-version,10,Synthesis.SpinCoverBridge,other,this-repo-Lean
Provenance/toe-overlay-20260912/donor-version/lean/Synthesis/EndToEnd.lean,Provenance.toe-overlay-20260912.donor-version.lean.Synthesis.EndToEnd,toe-donor-version,11,Synthesis.ExponentFibre,other,this-repo-Lean
Provenance/toe-overlay-20260912/donor-version/lean/Synthesis/EndToEnd.lean,Provenance.toe-overlay-20260912.donor-version.lean.Synthesis.EndToEnd,toe-donor-version,12,Synthesis.MonsterOrder,other,this-repo-Lean
Provenance/toe-overlay-20260912/donor-version/lean/Synthesis/EndToEnd.lean,Provenance.toe-overlay-20260912.donor-version.lean.Synthesis.EndToEnd,toe-donor-version,13,Synthesis.RelationSeam,other,this-repo-Lean
Provenance/toe-overlay-20260912/donor-version/lean/Synthesis/EndToEnd.lean,Provenance.toe-overlay-20260912.donor-version.lean.Synthesis.EndToEnd,toe-donor-version,14,Synthesis.CircleCover,other,this-repo-Lean
Provenance/toe-overlay-20260912/donor-version/lean/Spine/AxiomAudit.lean,Provenance.toe-overlay-20260912.donor-version.lean.Spine.AxiomAudit,toe-donor-version,1,Spine.TransverseGram,toe-spine,this-repo-Lean
Provenance/toe-overlay-20260912/donor-version/lean/Spine/AxiomAudit.lean,Provenance.toe-overlay-20260912.donor-version.lean.Spine.AxiomAudit,toe-donor-version,2,Spine.SchurComplement,toe-spine,this-repo-Lean
Provenance/toe-overlay-20260912/donor-version/lean/Spine/AxiomAudit.lean,Provenance.toe-overlay-20260912.donor-version.lean.Spine.AxiomAudit,toe-donor-version,3,Spine.EndToEnd,toe-spine,this-repo-Lean
Provenance/toe-overlay-20260912/donor-version/lean/Spine/AxiomAudit.lean,Provenance.toe-overlay-20260912.donor-version.lean.Spine.AxiomAudit,toe-donor-version,4,Spine.TwoRegime,toe-spine,this-repo-Lean
Provenance/toe-overlay-20260912/donor-version/lean/Spine/AxiomAudit.lean,Provenance.toe-overlay-20260912.donor-version.lean.Spine.AxiomAudit,toe-donor-version,5,Spine.RiemannBridge,toe-spine,this-repo-Lean
Provenance/toe-overlay-20260912/donor-version/lean/Spine/AxiomAudit.lean,Provenance.toe-overlay-20260912.donor-version.lean.Spine.AxiomAudit,toe-donor-version,6,Spine.Duality,toe-spine,this-repo-Lean
Provenance/toe-overlay-20260912/donor-version/lean/Spine/AxiomAudit.lean,Provenance.toe-overlay-20260912.donor-version.lean.Spine.AxiomAudit,toe-donor-version,7,Spine.FiniteReindex,toe-spine,this-repo-Lean
Provenance/toe-overlay-20260912/donor-version/lean/Spine/AxiomAudit.lean,Provenance.toe-overlay-20260912.donor-version.lean.Spine.AxiomAudit,toe-donor-version,8,Spine.SchurBlock,toe-spine,this-repo-Lean
Provenance/toe-overlay-20260912/donor-version/lean/Spine/AxiomAudit.lean,Provenance.toe-overlay-20260912.donor-version.lean.Spine.AxiomAudit,toe-donor-version,9,Spine.RateBlockSchur,toe-spine,this-repo-Lean
Provenance/toe-overlay-20260912/donor-version/lean/Integration/AxiomAudit.lean,Provenance.toe-overlay-20260912.donor-version.lean.Integration.AxiomAudit,toe-donor-version,1,Integration.PromotionEvidence,other,this-repo-Lean
Provenance/toe-overlay-20260912/donor-version/lean/Integration/AxiomAudit.lean,Provenance.toe-overlay-20260912.donor-version.lean.Integration.AxiomAudit,toe-donor-version,2,Integration.RecordConstraintAdequacy,other,this-repo-Lean
Provenance/toe-overlay-20260912/donor-version/lean/Integration/AxiomAudit.lean,Provenance.toe-overlay-20260912.donor-version.lean.Integration.AxiomAudit,toe-donor-version,3,Integration.CorpusPromotion,other,this-repo-Lean
Provenance/toe-overlay-20260912/donor-version/lean/Integration/AxiomAudit.lean,Provenance.toe-overlay-20260912.donor-version.lean.Integration.AxiomAudit,toe-donor-version,4,Integration.Experiment.Dimension,other,this-repo-Lean
Provenance/toe-overlay-20260912/donor-version/lean/Integration/AxiomAudit.lean,Provenance.toe-overlay-20260912.donor-version.lean.Integration.AxiomAudit,toe-donor-version,5,Integration.Experiment.QuantityGraph,other,this-repo-Lean
Provenance/toe-overlay-20260912/donor-version/lean/Integration/AxiomAudit.lean,Provenance.toe-overlay-20260912.donor-version.lean.Integration.AxiomAudit,toe-donor-version,6,Integration.Experiment.Uncertainty,other,this-repo-Lean
Provenance/toe-overlay-20260912/donor-version/lean/Integration/AxiomAudit.lean,Provenance.toe-overlay-20260912.donor-version.lean.Integration.AxiomAudit,toe-donor-version,7,Integration.Experiment.Protocol,other,this-repo-Lean
Provenance/toe-overlay-20260912/donor-version/lean/Integration/AxiomAudit.lean,Provenance.toe-overlay-20260912.donor-version.lean.Integration.AxiomAudit,toe-donor-version,8,Integration.Experiment.Risk,other,this-repo-Lean
Provenance/toe-overlay-20260912/donor-version/lean/Integration/AxiomAudit.lean,Provenance.toe-overlay-20260912.donor-version.lean.Integration.AxiomAudit,toe-donor-version,9,Integration.Experiment.MeasurementValue,other,this-repo-Lean
Provenance/toe-overlay-20260912/donor-version/lean/Integration/AxiomAudit.lean,Provenance.toe-overlay-20260912.donor-version.lean.Integration.AxiomAudit,toe-donor-version,10,Integration.Experiment.FailureLocalisation,other,this-repo-Lean
Provenance/toe-overlay-20260912/donor-version/lean/Integration/AxiomAudit.lean,Provenance.toe-overlay-20260912.donor-version.lean.Integration.AxiomAudit,toe-donor-version,11,Integration.Experiment.Compiler,other,this-repo-Lean
Provenance/toe-overlay-20260912/donor-version/lean/Integration/AxiomAudit.lean,Provenance.toe-overlay-20260912.donor-version.lean.Integration.AxiomAudit,toe-donor-version,12,Integration.Experiment.ModelSelection,other,this-repo-Lean
Provenance/toe-overlay-20260912/donor-version/lean/Integration/AxiomAudit.lean,Provenance.toe-overlay-20260912.donor-version.lean.Integration.AxiomAudit,toe-donor-version,13,Integration.Experiment.Lithium,other,this-repo-Lean
Provenance/toe-overlay-20260912/donor-version/lean/Integration/AxiomAudit.lean,Provenance.toe-overlay-20260912.donor-version.lean.Integration.AxiomAudit,toe-donor-version,14,Integration.Experiment.ThermalDiffusion,other,this-repo-Lean
Provenance/toe-overlay-20260912/donor-version/lean/Integration/AxiomAudit.lean,Provenance.toe-overlay-20260912.donor-version.lean.Integration.AxiomAudit,toe-donor-version,15,Integration.Experiment.ParameterRegion,other,this-repo-Lean
Provenance/toe-overlay-20260912/donor-version/lean/Integration/AxiomAudit.lean,Provenance.toe-overlay-20260912.donor-version.lean.Integration.AxiomAudit,toe-donor-version,16,Integration.Experiment.JacobianSensitivity,other,this-repo-Lean
Provenance/toe-overlay-20260912/donor-version/lean/Integration/AxiomAudit.lean,Provenance.toe-overlay-20260912.donor-version.lean.Integration.AxiomAudit,toe-donor-version,17,Integration.Experiment.ContinuousDynamics,other,this-repo-Lean
Provenance/toe-overlay-20260912/donor-version/lean/Integration/AxiomAudit.lean,Provenance.toe-overlay-20260912.donor-version.lean.Integration.AxiomAudit,toe-donor-version,18,Integration.Experiment.LithiumContinuous,other,this-repo-Lean
Provenance/toe-overlay-20260912/donor-version/lean/Integration/AxiomAudit.lean,Provenance.toe-overlay-20260912.donor-version.lean.Integration.AxiomAudit,toe-donor-version,19,Integration.Experiment.ModelReceipts,other,this-repo-Lean
Provenance/toe-overlay-20260912/donor-version/lean/Integration/AxiomAudit.lean,Provenance.toe-overlay-20260912.donor-version.lean.Integration.AxiomAudit,toe-donor-version,20,Integration.Experiment.ThermalRC,other,this-repo-Lean
Provenance/toe-overlay-20260912/donor-version/lean/Integration/AxiomAudit.lean,Provenance.toe-overlay-20260912.donor-version.lean.Integration.AxiomAudit,toe-donor-version,21,Integration.Experiment.ProbabilityLayer,other,this-repo-Lean
Provenance/toe-overlay-20260912/donor-version/lean/Integration/AxiomAudit.lean,Provenance.toe-overlay-20260912.donor-version.lean.Integration.AxiomAudit,toe-donor-version,22,Integration.Experiment.BestReading,other,this-repo-Lean
Provenance/toe-overlay-20260912/donor-version/lean/Integration/AxiomAudit.lean,Provenance.toe-overlay-20260912.donor-version.lean.Integration.AxiomAudit,toe-donor-version,23,Integration.Experiment.CoverageSemantics,other,this-repo-Lean
Provenance/toe-overlay-20260912/donor-version/lean/Integration/AxiomAudit.lean,Provenance.toe-overlay-20260912.donor-version.lean.Integration.AxiomAudit,toe-donor-version,24,Integration.Experiment.ContinuousBayes,other,this-repo-Lean
Provenance/toe-overlay-20260912/donor-version/lean/Integration/AxiomAudit.lean,Provenance.toe-overlay-20260912.donor-version.lean.Integration.AxiomAudit,toe-donor-version,25,Integration.Experiment.VarianceBudget,other,this-repo-Lean
Provenance/toe-overlay-20260912/donor-version/lean/Integration/AxiomAudit.lean,Provenance.toe-overlay-20260912.donor-version.lean.Integration.AxiomAudit,toe-donor-version,26,Integration.Experiment.LocalIdentifiability,other,this-repo-Lean
Provenance/toe-overlay-20260912/donor-version/lean/Integration/AxiomAudit.lean,Provenance.toe-overlay-20260912.donor-version.lean.Integration.AxiomAudit,toe-donor-version,27,Integration.Experiment.TrajectorySensitivity,other,this-repo-Lean
Provenance/toe-overlay-20260912/donor-version/lean/Integration/AxiomAudit.lean,Provenance.toe-overlay-20260912.donor-version.lean.Integration.AxiomAudit,toe-donor-version,28,Integration.Experiment.RepairObligations,other,this-repo-Lean
Provenance/toe-overlay-20260912/donor-version/lean/Integration/AxiomAudit.lean,Provenance.toe-overlay-20260912.donor-version.lean.Integration.AxiomAudit,toe-donor-version,29,Integration.Experiment.CalibratedCell,other,this-repo-Lean
Provenance/toe-overlay-20260912/donor-version/lean/Integration/AxiomAudit.lean,Provenance.toe-overlay-20260912.donor-version.lean.Integration.AxiomAudit,toe-donor-version,30,Integration.Experiment.BayesUpdate,other,this-repo-Lean
Provenance/toe-overlay-20260912/donor-version/lean/Integration/AxiomAudit.lean,Provenance.toe-overlay-20260912.donor-version.lean.Integration.AxiomAudit,toe-donor-version,31,Integration.Experiment.MultiParameterRegion,other,this-repo-Lean
Provenance/toe-overlay-20260912/donor-version/lean/Integration/AxiomAudit.lean,Provenance.toe-overlay-20260912.donor-version.lean.Integration.AxiomAudit,toe-donor-version,32,Integration.Experiment.CertifiedPropagation,other,this-repo-Lean
Provenance/toe-overlay-20260912/donor-version/lean/Integration/AxiomAudit.lean,Provenance.toe-overlay-20260912.donor-version.lean.Integration.AxiomAudit,toe-donor-version,33,Integration.Experiment.NonlinearDiscrimination,other,this-repo-Lean
Provenance/toe-overlay-20260912/donor-version/lean/Integration/AxiomAudit.lean,Provenance.toe-overlay-20260912.donor-version.lean.Integration.AxiomAudit,toe-donor-version,34,Integration.FreeFieldAudit,other,this-repo-Lean
Provenance/toe-overlay-20260912/donor-version/lean/Integration/AxiomAudit.lean,Provenance.toe-overlay-20260912.donor-version.lean.Integration.AxiomAudit,toe-donor-version,35,Integration.MirrorDrift,other,this-repo-Lean
Provenance/toe-overlay-20260912/donor-version/lean/Integration/AxiomAudit.lean,Provenance.toe-overlay-20260912.donor-version.lean.Integration.AxiomAudit,toe-donor-version,36,Integration.FrontierPriority,other,this-repo-Lean
Provenance/toe-overlay-20260912/donor-version/lean/Integration/AxiomAudit.lean,Provenance.toe-overlay-20260912.donor-version.lean.Integration.AxiomAudit,toe-donor-version,37,Integration.PredictionEnvelope,other,this-repo-Lean
Provenance/toe-overlay-20260912/donor-version/lean/Integration/AxiomAudit.lean,Provenance.toe-overlay-20260912.donor-version.lean.Integration.AxiomAudit,toe-donor-version,38,Integration.PredictionStatus,other,this-repo-Lean
Provenance/toe-overlay-20260912/donor-version/lean/Integration/AxiomAudit.lean,Provenance.toe-overlay-20260912.donor-version.lean.Integration.AxiomAudit,toe-donor-version,39,Integration.TransportFalsification,other,this-repo-Lean
Provenance/toe-overlay-20260912/donor-version/lean/Integration/AxiomAudit.lean,Provenance.toe-overlay-20260912.donor-version.lean.Integration.AxiomAudit,toe-donor-version,40,Integration.ClaimTransportGeometry,other,this-repo-Lean
Provenance/toe-overlay-20260912/donor-version/lean/Integration/AxiomAudit.lean,Provenance.toe-overlay-20260912.donor-version.lean.Integration.AxiomAudit,toe-donor-version,41,Integration.Registry,other,this-repo-Lean
Provenance/toe-overlay-20260912/donor-version/lean/Integration/AxiomAudit.lean,Provenance.toe-overlay-20260912.donor-version.lean.Integration.AxiomAudit,toe-donor-version,42,Integration.SewingRegistry,other,this-repo-Lean
Provenance/toe-overlay-20260912/donor-version/lean/Integration/AxiomAudit.lean,Provenance.toe-overlay-20260912.donor-version.lean.Integration.AxiomAudit,toe-donor-version,43,Integration.ObserverTower,other,this-repo-Lean
Provenance/toe-overlay-20260912/donor-version/lean/Integration/AxiomAudit.lean,Provenance.toe-overlay-20260912.donor-version.lean.Integration.AxiomAudit,toe-donor-version,44,Integration.ObserverDescent,other,this-repo-Lean
Provenance/toe-overlay-20260912/donor-version/lean/Integration/AxiomAudit.lean,Provenance.toe-overlay-20260912.donor-version.lean.Integration.AxiomAudit,toe-donor-version,45,Integration.StructuredObserver,other,this-repo-Lean
Provenance/toe-overlay-20260912/donor-version/lean/Integration/AxiomAudit.lean,Provenance.toe-overlay-20260912.donor-version.lean.Integration.AxiomAudit,toe-donor-version,46,Integration.PhysicsInstances,other,this-repo-Lean
Provenance/toe-overlay-20260912/donor-version/lean/Integration/AxiomAudit.lean,Provenance.toe-overlay-20260912.donor-version.lean.Integration.AxiomAudit,toe-donor-version,47,Integration.ResidualQuotient,other,this-repo-Lean
Provenance/toe-overlay-20260912/donor-version/lean/Integration/AxiomAudit.lean,Provenance.toe-overlay-20260912.donor-version.lean.Integration.AxiomAudit,toe-donor-version,48,Integration.RiemannDomain,other,this-repo-Lean
Provenance/toe-overlay-20260912/donor-version/lean/Integration/AxiomAudit.lean,Provenance.toe-overlay-20260912.donor-version.lean.Integration.AxiomAudit,toe-donor-version,49,Integration.GaugeObserver,other,this-repo-Lean
Provenance/toe-overlay-20260912/donor-version/lean/Integration/AxiomAudit.lean,Provenance.toe-overlay-20260912.donor-version.lean.Integration.AxiomAudit,toe-donor-version,50,Integration.GaugeSU2,other,this-repo-Lean
Provenance/toe-overlay-20260912/donor-version/lean/Integration/AxiomAudit.lean,Provenance.toe-overlay-20260912.donor-version.lean.Integration.AxiomAudit,toe-donor-version,51,Integration.GaugeSSP,other,this-repo-Lean
Provenance/toe-overlay-20260912/donor-version/lean/Integration/AxiomAudit.lean,Provenance.toe-overlay-20260912.donor-version.lean.Integration.AxiomAudit,toe-donor-version,52,Integration.DescentLevel,other,this-repo-Lean
Provenance/toe-overlay-20260912/donor-version/lean/Integration/AxiomAudit.lean,Provenance.toe-overlay-20260912.donor-version.lean.Integration.AxiomAudit,toe-donor-version,53,Integration.EnumInvariance,other,this-repo-Lean
Provenance/toe-overlay-20260912/donor-version/lean/Integration/AxiomAudit.lean,Provenance.toe-overlay-20260912.donor-version.lean.Integration.AxiomAudit,toe-donor-version,54,Integration.GaugePreimage,other,this-repo-Lean
Provenance/toe-overlay-20260912/donor-version/lean/Integration/AxiomAudit.lean,Provenance.toe-overlay-20260912.donor-version.lean.Integration.AxiomAudit,toe-donor-version,55,Integration.LeastSufficient,other,this-repo-Lean
Provenance/toe-overlay-20260912/donor-version/lean/Integration/AxiomAudit.lean,Provenance.toe-overlay-20260912.donor-version.lean.Integration.AxiomAudit,toe-donor-version,56,Integration.OrbitResidual,other,this-repo-Lean
Provenance/toe-overlay-20260912/donor-version/lean/Integration/AxiomAudit.lean,Provenance.toe-overlay-20260912.donor-version.lean.Integration.AxiomAudit,toe-donor-version,57,Integration.CertificatePays,other,this-repo-Lean
Provenance/toe-overlay-20260912/donor-version/lean/Integration/AxiomAudit.lean,Provenance.toe-overlay-20260912.donor-version.lean.Integration.AxiomAudit,toe-donor-version,58,Integration.CertificateFormula,other,this-repo-Lean
Provenance/toe-overlay-20260912/donor-version/lean/Integration/AxiomAudit.lean,Provenance.toe-overlay-20260912.donor-version.lean.Integration.AxiomAudit,toe-donor-version,59,Integration.SSPThreshold,other,this-repo-Lean
Provenance/toe-overlay-20260912/donor-version/lean/Integration/AxiomAudit.lean,Provenance.toe-overlay-20260912.donor-version.lean.Integration.AxiomAudit,toe-donor-version,60,Integration.ApproximateIntertwiner,other,this-repo-Lean
Provenance/toe-overlay-20260912/donor-version/lean/Integration/AxiomAudit.lean,Provenance.toe-overlay-20260912.donor-version.lean.Integration.AxiomAudit,toe-donor-version,61,Integration.ConsumerGauge,other,this-repo-Lean
Provenance/toe-overlay-20260912/donor-version/lean/Integration/AxiomAudit.lean,Provenance.toe-overlay-20260912.donor-version.lean.Integration.AxiomAudit,toe-donor-version,62,Integration.StructureMorphism,other,this-repo-Lean
Provenance/toe-overlay-20260912/donor-version/lean/Integration/AxiomAudit.lean,Provenance.toe-overlay-20260912.donor-version.lean.Integration.AxiomAudit,toe-donor-version,63,Integration.PhaseGaugeU1,other,this-repo-Lean
Provenance/toe-overlay-20260912/donor-version/lean/Integration/AxiomAudit.lean,Provenance.toe-overlay-20260912.donor-version.lean.Integration.AxiomAudit,toe-donor-version,64,Integration.CertifiedMargin,other,this-repo-Lean
Provenance/toe-overlay-20260912/donor-version/lean/Integration/AxiomAudit.lean,Provenance.toe-overlay-20260912.donor-version.lean.Integration.AxiomAudit,toe-donor-version,65,Integration.CommutatorObservability,other,this-repo-Lean
Provenance/toe-overlay-20260912/donor-version/lean/Integration/AxiomAudit.lean,Provenance.toe-overlay-20260912.donor-version.lean.Integration.AxiomAudit,toe-donor-version,66,Integration.MultiscaleDescent,other,this-repo-Lean
Provenance/toe-overlay-20260912/donor-version/lean/Integration/AxiomAudit.lean,Provenance.toe-overlay-20260912.donor-version.lean.Integration.AxiomAudit,toe-donor-version,67,Integration.PathTransport,other,this-repo-Lean
Provenance/toe-overlay-20260912/donor-version/lean/Integration/AxiomAudit.lean,Provenance.toe-overlay-20260912.donor-version.lean.Integration.AxiomAudit,toe-donor-version,68,Integration.ResidualTaxonomy,other,this-repo-Lean
Provenance/toe-overlay-20260912/donor-version/lean/Integration/AxiomAudit.lean,Provenance.toe-overlay-20260912.donor-version.lean.Integration.AxiomAudit,toe-donor-version,69,Integration.EquivarianceObstruction,other,this-repo-Lean
Provenance/toe-overlay-20260912/donor-version/lean/Integration/AxiomAudit.lean,Provenance.toe-overlay-20260912.donor-version.lean.Integration.AxiomAudit,toe-donor-version,70,Integration.LocalRealisation,other,this-repo-Lean
Provenance/toe-overlay-20260912/donor-version/lean/Integration/AxiomAudit.lean,Provenance.toe-overlay-20260912.donor-version.lean.Integration.AxiomAudit,toe-donor-version,71,Integration.ClaimTransport,other,this-repo-Lean
Provenance/toe-overlay-20260912/donor-version/lean/Integration/AxiomAudit.lean,Provenance.toe-overlay-20260912.donor-version.lean.Integration.AxiomAudit,toe-donor-version,72,Integration.ClaimTransportLanes,other,this-repo-Lean
Provenance/toe-overlay-20260912/donor-version/lean/Integration/AxiomAudit.lean,Provenance.toe-overlay-20260912.donor-version.lean.Integration.AxiomAudit,toe-donor-version,73,Integration.PromotionDiscipline,other,this-repo-Lean
Provenance/toe-overlay-20260912/donor-version/lean/Integration/AxiomAudit.lean,Provenance.toe-overlay-20260912.donor-version.lean.Integration.AxiomAudit,toe-donor-version,74,AgdaMirror.EntitlementRoutes,other,this-repo-Lean
Provenance/toe-overlay-20260912/donor-version/lean/Integration/AxiomAudit.lean,Provenance.toe-overlay-20260912.donor-version.lean.Integration.AxiomAudit,toe-donor-version,75,Integration.FieldControlledDynamics,other,this-repo-Lean
Provenance/toe-overlay-20260912/donor-version/lean/Integration/AxiomAudit.lean,Provenance.toe-overlay-20260912.donor-version.lean.Integration.AxiomAudit,toe-donor-version,76,Integration.ObserverBundle,other,this-repo-Lean
Provenance/toe-overlay-20260912/donor-version/lean/Integration/AxiomAudit.lean,Provenance.toe-overlay-20260912.donor-version.lean.Integration.AxiomAudit,toe-donor-version,77,Integration.CoordinateSufficiency,other,this-repo-Lean
Provenance/toe-overlay-20260912/donor-version/lean/Integration/AxiomAudit.lean,Provenance.toe-overlay-20260912.donor-version.lean.Integration.AxiomAudit,toe-donor-version,78,Integration.ContextIndexedRole,other,this-repo-Lean
Provenance/toe-overlay-20260912/donor-version/lean/Integration/AxiomAudit.lean,Provenance.toe-overlay-20260912.donor-version.lean.Integration.AxiomAudit,toe-donor-version,79,Integration.ApproximateTower,other,this-repo-Lean
Provenance/toe-overlay-20260912/donor-version/lean/Integration/AxiomAudit.lean,Provenance.toe-overlay-20260912.donor-version.lean.Integration.AxiomAudit,toe-donor-version,80,Integration.KernelRenormalisation,other,this-repo-Lean
Provenance/toe-overlay-20260912/donor-version/lean/Integration/AxiomAudit.lean,Provenance.toe-overlay-20260912.donor-version.lean.Integration.AxiomAudit,toe-donor-version,81,Integration.NeuralObservation,other,this-repo-Lean
Provenance/toe-overlay-20260912/donor-version/lean/Integration/AxiomAudit.lean,Provenance.toe-overlay-20260912.donor-version.lean.Integration.AxiomAudit,toe-donor-version,82,Integration.StatefulTransducer,other,this-repo-Lean
Provenance/toe-overlay-20260912/donor-version/lean/Integration/AxiomAudit.lean,Provenance.toe-overlay-20260912.donor-version.lean.Integration.AxiomAudit,toe-donor-version,83,Integration.CellDynamics,other,this-repo-Lean
Provenance/toe-overlay-20260912/donor-version/lean/Integration/AxiomAudit.lean,Provenance.toe-overlay-20260912.donor-version.lean.Integration.AxiomAudit,toe-donor-version,84,Integration.HolonomySocket,other,this-repo-Lean
Provenance/toe-overlay-20260912/donor-version/lean/Integration/AxiomAudit.lean,Provenance.toe-overlay-20260912.donor-version.lean.Integration.AxiomAudit,toe-donor-version,85,Integration.SelectiveDecision,other,this-repo-Lean
Provenance/toe-overlay-20260912/donor-version/lean/Integration/AxiomAudit.lean,Provenance.toe-overlay-20260912.donor-version.lean.Integration.AxiomAudit,toe-donor-version,86,Integration.CounterfactualEffect,other,this-repo-Lean
Provenance/toe-overlay-20260912/donor-version/lean/Integration/AxiomAudit.lean,Provenance.toe-overlay-20260912.donor-version.lean.Integration.AxiomAudit,toe-donor-version,87,Integration.ParetoOutcome,other,this-repo-Lean
Provenance/toe-overlay-20260912/donor-version/lean/Integration/AxiomAudit.lean,Provenance.toe-overlay-20260912.donor-version.lean.Integration.AxiomAudit,toe-donor-version,88,Integration.ReachabilityBarrier,other,this-repo-Lean
Provenance/toe-overlay-20260912/donor-version/lean/Integration/AxiomAudit.lean,Provenance.toe-overlay-20260912.donor-version.lean.Integration.AxiomAudit,toe-donor-version,89,Integration.Marginalisation,other,this-repo-Lean
Provenance/toe-overlay-20260912/donor-version/lean/Integration/AxiomAudit.lean,Provenance.toe-overlay-20260912.donor-version.lean.Integration.AxiomAudit,toe-donor-version,90,Integration.DeclaredCarrier,other,this-repo-Lean
Provenance/toe-overlay-20260912/donor-version/lean/Integration/AxiomAudit.lean,Provenance.toe-overlay-20260912.donor-version.lean.Integration.AxiomAudit,toe-donor-version,91,Integration.ContrastBoundary,other,this-repo-Lean
Provenance/toe-overlay-20260912/donor-version/lean/Integration/AxiomAudit.lean,Provenance.toe-overlay-20260912.donor-version.lean.Integration.AxiomAudit,toe-donor-version,92,Integration.RealisationAdequacy,other,this-repo-Lean
Provenance/toe-overlay-20260912/donor-version/lean/Integration/AxiomAudit.lean,Provenance.toe-overlay-20260912.donor-version.lean.Integration.AxiomAudit,toe-donor-version,93,Integration.FactorisationCollision,other,this-repo-Lean
Provenance/toe-overlay-20260912/donor-version/lean/Integration/AxiomAudit.lean,Provenance.toe-overlay-20260912.donor-version.lean.Integration.AxiomAudit,toe-donor-version,94,Integration.SeparabilityContrast,other,this-repo-Lean
Provenance/toe-overlay-20260912/donor-version/lean/Integration/AxiomAudit.lean,Provenance.toe-overlay-20260912.donor-version.lean.Integration.AxiomAudit,toe-donor-version,95,Integration.LanguageReachability,other,this-repo-Lean
Provenance/toe-overlay-20260912/donor-version/lean/Integration/AxiomAudit.lean,Provenance.toe-overlay-20260912.donor-version.lean.Integration.AxiomAudit,toe-donor-version,96,Integration.LevelIIWelds,other,this-repo-Lean
Provenance/toe-overlay-20260912/donor-version/lean/Integration/AxiomAudit.lean,Provenance.toe-overlay-20260912.donor-version.lean.Integration.AxiomAudit,toe-donor-version,97,Integration.PipelineAdequacy,other,this-repo-Lean
Provenance/toe-overlay-20260912/donor-version/lean/Integration/AxiomAudit.lean,Provenance.toe-overlay-20260912.donor-version.lean.Integration.AxiomAudit,toe-donor-version,98,Integration.SourceExactWelds,other,this-repo-Lean
Provenance/toe-overlay-20260912/donor-version/lean/Integration/AxiomAudit.lean,Provenance.toe-overlay-20260912.donor-version.lean.Integration.AxiomAudit,toe-donor-version,99,Integration.AveragingResidualWeld,other,this-repo-Lean
Provenance/toe-overlay-20260912/donor-version/lean/Integration/AxiomAudit.lean,Provenance.toe-overlay-20260912.donor-version.lean.Integration.AxiomAudit,toe-donor-version,100,Integration.OutstandingObligations,other,this-repo-Lean
Provenance/toe-overlay-20260912/donor-version/lean/Integration/AxiomAudit.lean,Provenance.toe-overlay-20260912.donor-version.lean.Integration.AxiomAudit,toe-donor-version,101,Integration.InteractionWelds,other,this-repo-Lean
Provenance/toe-overlay-20260912/donor-version/lean/Integration/AxiomAudit.lean,Provenance.toe-overlay-20260912.donor-version.lean.Integration.AxiomAudit,toe-donor-version,102,Integration.BridgeStatus,other,this-repo-Lean
