source_module,line,target_module,resolution
ComparatorChallenges.Euler,20,Mathlib,mathlib
ComparatorChallenges.NavierStokes,20,Mathlib,mathlib
Euler,1,Euler.EulerSingularity,in-tranche
Euler.AllOrderCorrectionBudget,1,Euler.AllOrderCorrectionCoherence,in-tranche
Euler.AllOrderCorrectionCoherence,1,Euler.AllOrderCorrectionData,in-tranche
Euler.AllOrderCorrectionData,1,Euler.GlobalInviscidGevrey,in-tranche
Euler.AllOrderCorrectionData,2,Euler.InviscidCorrectionCompatibility,in-tranche
Euler.AllOrderCorrectionFamily,1,Euler.AllOrderCorrectionStability,in-tranche
Euler.AllOrderCorrectionStability,1,Euler.AllOrderCorrectionBudget,in-tranche
Euler.AllOrderCorrectionStability,2,Euler.GevreyStabilityBudget,in-tranche
Euler.AllOrderDriftBudget,1,Euler.AllOrderCorrectionCoherence,in-tranche
Euler.AllOrderDriftBudget,2,Euler.DriftCorrectionBudget,in-tranche
Euler.AllOrderDriftBudget,3,Euler.CorrectionAssemblyData,in-tranche
Euler.AllOrderDriftCorrection,1,Euler.AllOrderDriftFinite,in-tranche
Euler.AllOrderDriftCorrection,2,Euler.CorrectionAssemblyRealizations,in-tranche
Euler.AllOrderDriftCorrection,3,Euler.CorrectionAssemblyTime,in-tranche
Euler.AllOrderDriftCorrection,4,Euler.CorrectionAssemblyParity,in-tranche
Euler.AllOrderDriftEquation,1,Euler.AllOrderDriftCorrection,in-tranche
Euler.AllOrderDriftEquation,2,Euler.AllOrderDriftPressure,in-tranche
Euler.AllOrderDriftEquation,3,Euler.CorrectionResidualCancellation,in-tranche
Euler.AllOrderDriftFieldDecomposition,1,Euler.AllOrderDriftGraph,in-tranche
Euler.AllOrderDriftFieldDecomposition,2,Euler.FieldTowerAlgebra,in-tranche
Euler.AllOrderDriftFieldDecomposition,3,Euler.PacketInitializedExactLifted,in-tranche
Euler.AllOrderDriftFinite,1,Euler.AllOrderDriftBudget,in-tranche
Euler.AllOrderDriftFinite,2,Euler.DriftGlobalInviscidGevrey,in-tranche
Euler.AllOrderDriftGraph,1,Euler.FieldTowerCanonicalGraph,in-tranche
Euler.AllOrderDriftGraph,2,Euler.CorrectionAssemblySourceTower,in-tranche
Euler.AllOrderDriftPointwiseBounds,1,Euler.AllOrderDriftGraph,in-tranche
Euler.AllOrderDriftPointwiseBounds,2,Euler.AllOrderDriftPressureBounds,in-tranche
Euler.AllOrderDriftPointwiseBounds,3,Euler.FieldTowerPointwiseGevrey,in-tranche
Euler.AllOrderDriftPressure,1,Euler.AllOrderDriftFinite,in-tranche
Euler.AllOrderDriftPressure,2,Euler.CorrectionAssemblyPressureParity,in-tranche
Euler.AllOrderDriftPressureBounds,1,Euler.AllOrderDriftRadiusBounds,in-tranche
Euler.AllOrderDriftPressureBounds,2,Euler.CorrectionAssemblySourceTower,in-tranche
Euler.AllOrderDriftPressureBounds,3,Euler.GevreyCorrectionSourceBounds,in-tranche
Euler.AllOrderDriftRadiusBounds,1,Euler.AllOrderDriftCorrection,in-tranche
Euler.AllOrderDriftRadiusBounds,2,Euler.GevreyRadiusReduction,in-tranche
Euler.AllOrderDriftResidualBounds,1,Euler.AllOrderDriftPressureBounds,in-tranche
Euler.AllOrderLiftedCorrection,1,Euler.AllOrderCorrectionFamily,in-tranche
Euler.AllOrderLiftedCorrection,2,Euler.ClassicalDivergence,in-tranche
Euler.AllOrderPressureCoherence,1,Euler.AllOrderLiftedCorrection,in-tranche
Euler.AllOrderPressureCoherence,2,Euler.CorrectionSourceRestriction,in-tranche
Euler.AllOrderSmoothPressure,1,Euler.AllOrderPressureCoherence,in-tranche
Euler.AllOrderSmoothPressure,2,Euler.GraphPressurePotential,in-tranche
Euler.AngleMeanZeroPrimitive,1,Euler.TerminalTimePrimitive,in-tranche
Euler.AngleMeanZeroPrimitive,2,Mathlib.MeasureTheory.Integral.IntervalIntegral.Periodic,mathlib
Euler.AngleMeanZeroPrimitive,3,Mathlib.Analysis.Calculus.MeanValue,mathlib
Euler.AnglePrimitiveBounds,1,Euler.AngleMeanZeroPrimitive,in-tranche
Euler.AnglePrimitiveKernel,1,Euler.AnglePrimitiveTranslation,in-tranche
Euler.AnglePrimitiveMap,1,Euler.AngleMeanZeroPrimitive,in-tranche
Euler.AnglePrimitiveParity,1,Euler.AnglePrimitiveTranslation,in-tranche
Euler.AnglePrimitiveSpatialRegularity,1,Euler.CompactParameterIntegral,in-tranche
Euler.AnglePrimitiveSpatialRegularity,2,Euler.AngleMeanZeroPrimitive,in-tranche
Euler.AnglePrimitiveTranslation,1,Euler.AngleMeanZeroPrimitive,in-tranche
Euler.AsymmetricTransport,1,Euler.SobolevTransport,in-tranche
Euler.AsymmetricTransport,2,Euler.GevreyOrderZero,in-tranche
Euler.BaseEulerDatum,1,Euler.GevreyCompactProduct,in-tranche
Euler.BaseEulerDatum,2,Euler.PacketPotentialRegularity,in-tranche
Euler.BaseEulerDatum,3,Euler.MeanSolenoidalSpace,in-tranche
Euler.BaseEulerFlowL2,1,Euler.BaseEulerParent,in-tranche
Euler.BaseEulerFlowL2,2,Euler.SmoothL2GevreyCalculus,in-tranche
Euler.BaseEulerFlowL2,3,Euler.LpParameterIntegral,in-tranche
Euler.BaseEulerFlowL2,4,Euler.SmoothTimeFieldTimeJets,in-tranche
Euler.BaseEulerGevrey,1,Euler.BaseEulerDatum,in-tranche
Euler.BaseEulerGevrey,2,Euler.CompactSmoothL2Bounds,in-tranche
Euler.BaseEulerGuards,1,Euler.ParentPacketScaledBounds,in-tranche
Euler.BaseEulerGuards,2,Euler.ParentPacketRestriction,in-tranche
Euler.BaseEulerGuards,3,Euler.PacketFirstPressureSign,in-tranche
Euler.BaseEulerInput,1,Euler.BaseStaticEuler,in-tranche
Euler.BaseEulerInput,2,Euler.BaseEulerUniform,in-tranche
Euler.BaseEulerLabelData,1,Euler.BaseEulerFlowL2,in-tranche
Euler.BaseEulerLabelData,2,Euler.ParentPacketLabelData,in-tranche
Euler.BaseEulerParent,1,Euler.ParentParticleInverse,in-tranche
Euler.BaseEulerParent,2,Euler.SmoothFlowDeformation,in-tranche
Euler.BaseEulerParent,3,Euler.SmoothTimeFieldRestriction,in-tranche
Euler.BaseEulerParity,1,Euler.BaseEulerParent,in-tranche
Euler.BaseEulerParity,2,Euler.ParentPacketParity,in-tranche
Euler.BaseEulerSign,1,Euler.BaseEulerGuards,in-tranche
Euler.BaseEulerSign,2,Euler.ParentPacketStrainEvolution,in-tranche
Euler.BaseEulerSobolev,1,Euler.BaseEulerInput,in-tranche
Euler.BaseEulerSobolev,2,Euler.StaticEulerForceField,in-tranche
Euler.BaseEulerSobolev,3,Euler.ParentEulerSobolev,in-tranche
Euler.BaseEulerState,1,Euler.BaseEulerSobolev,in-tranche
Euler.BaseEulerState,2,Euler.BaseEulerSign,in-tranche
Euler.BaseEulerUniform,1,Euler.BaseEulerGevrey,in-tranche
Euler.BaseFirstPacket,1,Euler.BasePacketLowBounds,in-tranche
Euler.BaseFirstPacket,2,Euler.ParentInitializedState,in-tranche
Euler.BaseFirstPacket,3,Euler.ParentFirstPacketLowGuards,in-tranche
Euler.BaseFirstPacketChoice,1,Euler.BaseFirstPacket,in-tranche
Euler.BaseFirstPacketChoice,2,Euler.ParentForwardInitialSupport,in-tranche
Euler.BaseFirstPacketChoice,3,Euler.BasePacketUniformCosts,in-tranche
Euler.BaseFirstPacketChoice,4,Euler.ParentUniformForwardChild,in-tranche
Euler.BaseFirstPacketChoiceNoOptions,1,Euler.BaseFirstPacket,in-tranche
Euler.BaseFirstPacketChoiceNoOptions,2,Euler.ParentForwardInitialSupport,in-tranche
Euler.BaseFirstPacketChoiceNoOptions,3,Euler.BasePacketUniformCosts,in-tranche
Euler.BaseFirstPacketChoiceNoOptions,4,Euler.ParentUniformForwardChild,in-tranche
Euler.BaseFirstPacketEvolution,1,Euler.BaseFirstPacketChoice,in-tranche
Euler.BaseFirstPacketEvolution,2,Euler.BasePacketFrameValues,in-tranche
Euler.BaseFirstPacketEvolution,3,Euler.ParentPacketStateGeometry,in-tranche
Euler.BaseFirstPacketEvolutionNoOptions,1,Euler.BaseFirstPacketChoice,in-tranche
Euler.BaseFirstPacketEvolutionNoOptions,2,Euler.BasePacketFrameValues,in-tranche
Euler.BaseFirstPacketEvolutionNoOptions,3,Euler.ParentPacketStateGeometry,in-tranche
Euler.BaseFirstPacketFrame,1,Euler.BaseFirstPacketEvolution,in-tranche
Euler.BaseFirstPacketScales,1,Euler.BasePacketFrequencyCost,in-tranche
Euler.BaseFirstPacketScales,2,Euler.PacketUniversalFrequency,in-tranche
Euler.BaseFirstPacketScales,3,Euler.PacketLowConstants,in-tranche
Euler.BaseFirstPacketScales,4,Euler.PacketLowBoundPropagation,in-tranche
Euler.BaseFirstPacketSupport,1,Euler.ParentChoiceInitialSupport,in-tranche
Euler.BaseFirstPacketSupport,2,Euler.BaseInductionStage,in-tranche
Euler.BaseInductionStage,1,Euler.PacketInductionStage,in-tranche
Euler.BaseInductionStage,2,Euler.BaseLiteralFirstPacket,in-tranche
Euler.BaseInductionStageNoOptions,1,Euler.PacketInductionStage,in-tranche
Euler.BaseInductionStageNoOptions,2,Euler.BaseLiteralFirstPacket,in-tranche
Euler.BaseLiteralFirstPacket,1,Euler.BaseFirstPacketChoice,in-tranche
Euler.BaseLiteralFirstPacket,2,Euler.BaseFirstPacketScales,in-tranche
Euler.BaseLiteralFirstPacket,3,Euler.PacketSourceScaleSequence,in-tranche
Euler.BasePacketFrameValues,1,Euler.BasePacketSetup,in-tranche
Euler.BasePacketFrameValues,2,Euler.ParentStateGeometry,in-tranche
Euler.BasePacketFrameValues,3,Euler.ParentEulerLowBounds,in-tranche
Euler.BasePacketFrequencyCost,1,Euler.BasePacketUniformCosts,in-tranche
Euler.BasePacketFrequencyCost,2,Euler.PacketBaseGuardScales,in-tranche
Euler.BasePacketLowBounds,1,Euler.BasePacketSetup,in-tranche
Euler.BasePacketLowBounds,2,Euler.ParentHomogeneousPacketLowBounds,in-tranche
Euler.BasePacketSetup,1,Euler.BaseSmoothState,in-tranche
Euler.BasePacketSetup,2,Euler.ParentPacketForwardInput,in-tranche
Euler.BasePacketUniformCosts,1,Euler.ParentShortForwardRadius,in-tranche
Euler.BasePacketUniformCosts,2,Euler.PacketSourceUniformEnvelope,in-tranche
Euler.BasePacketUniformCosts,3,Euler.BasePacketSetup,in-tranche
Euler.BasePressureCommutator,1,Euler.GevreyCorrectionSplit,in-tranche
Euler.BaseSmoothState,1,Euler.BaseEulerState,in-tranche
Euler.BaseSmoothState,2,Euler.ParentState,in-tranche
Euler.BaseStaticEuler,1,Euler.StaticEulerGevrey,in-tranche
Euler.BaseStaticEuler,2,Euler.StaticEulerParity,in-tranche
Euler.BaseStaticEuler,3,Euler.BaseEulerLabelData,in-tranche
Euler.BaseStaticEuler,4,Euler.BaseEulerParity,in-tranche
Euler.BaseStaticEuler,5,Euler.ParentEulerState,in-tranche
Euler.BaseTransportCommutator,1,Euler.MixedWordProduct,in-tranche
Euler.BaseTransportL2,1,Euler.SobolevTransportCommutator,in-tranche
Euler.BaseTransportL2,2,Euler.LowerTransportSource,in-tranche
Euler.BaseWordMetric,1,Euler.FiniteMetricEnergy,in-tranche
Euler.BoundedCoefficientJets,1,Euler.BoundedCoefficientSmooth,in-tranche
Euler.BoundedCoefficientJets,2,Mathlib.Analysis.Calculus.ContDiff.Bounds,mathlib
Euler.BoundedCoefficientSmooth,1,Euler.MeanCoefficientSpatial,in-tranche
Euler.BoundedEvaluationDifferentiation,1,Mathlib.Analysis.Calculus.FDeriv.Prod,mathlib
Euler.BoundedEvaluationDifferentiation,2,Mathlib.Analysis.Calculus.Deriv.Basic,mathlib
Euler.BoundedEvaluationDifferentiation,3,Mathlib.Analysis.Asymptotics.Lemmas,mathlib
Euler.BoundedFieldCalculus,1,Euler.ContinuousPathComposition,in-tranche
Euler.BoundedFieldCalculus,2,Mathlib.Topology.ContinuousMap.Bounded.Normed,mathlib
Euler.BoundedFieldForwardGenerator,1,Euler.BoundedFieldGramGevrey,in-tranche
Euler.BoundedFieldForwardGenerator,2,Euler.TransverseForwardCoefficientGevrey,in-tranche
Euler.BoundedFieldForwardGenerator,3,Euler.MeanCoefficientPathJets,in-tranche
Euler.BoundedFieldGramGevrey,1,Euler.BoundedFieldGramInverse,in-tranche
Euler.BoundedFieldGramGevrey,2,Euler.BoundedInverseGevrey,in-tranche
Euler.BoundedFieldGramGevrey,3,Euler.TimeLpGramGevrey,in-tranche
Euler.BoundedFieldGramGevrey,4,Euler.GevreyFixedShift,in-tranche
Euler.BoundedFieldGramInverse,1,Euler.BoundedFieldCalculus,in-tranche
Euler.BoundedFieldGramInverse,2,Euler.HilbertCoerciveParameter,in-tranche
Euler.BoundedFieldMultilinear,1,Euler.BoundedFieldCalculus,in-tranche
Euler.BoundedFieldMultilinear,2,Mathlib.Analysis.Normed.Module.Multilinear.Basic,mathlib
Euler.BoundedFieldPullback,1,Euler.SmoothTimeField,in-tranche
Euler.BoundedFieldPullback,2,Mathlib.Analysis.Calculus.MeanValue,mathlib
Euler.BoundedFieldTimeDerivative,1,Euler.ContinuousTimeIntegral,in-tranche
Euler.BoundedFieldTimeDerivative,2,Mathlib.Topology.ContinuousMap.Bounded.Normed,mathlib
Euler.BoundedFlowContinuity,1,Euler.BoundedLipschitzFlow,in-tranche
Euler.BoundedFlowPeriodicity,1,Euler.BoundedFlowContinuity,in-tranche
Euler.BoundedInverseGevrey,1,Euler.HilbertCoerciveGevrey,in-tranche
Euler.BoundedLipschitzFlow,1,Euler.EulerProof,in-tranche
Euler.BoundedMildContinuation,1,Euler.QuadraticMildPasting,in-tranche
Euler.BoundedPathFamily,1,Euler.ContinuousTimeIntegral,in-tranche
Euler.BoundedTensorCoordinates,1,Euler.ContinuousBoundedTensor,in-tranche
Euler.BoundedTensorCoordinates,2,Euler.SmoothTimeField,in-tranche
Euler.CanonicalGraphPotential,1,Euler.GraphPressurePotential,in-tranche
Euler.CanonicalGraphPotential,2,Mathlib.MeasureTheory.Integral.Bochner.Set,mathlib
Euler.CanonicalPacketHorizons,1,Euler.PacketFiniteLifespan,in-tranche
Euler.CanonicalVorticityConfinement,1,Euler.CanonicalPacketHorizons,in-tranche
Euler.CanonicalVorticityConfinement,2,Euler.StageVorticityConfinement,in-tranche
Euler.CanonicalVorticityConfinement,3,Euler.H3CurlConvergence,in-tranche
Euler.CanonicalVorticityConfinement,4,Euler.OrdinaryEulerMaximal,in-tranche
Euler.ChildParticleFieldBounds,1,Euler.SmoothL2ClassicalBounds,in-tranche
Euler.ChildParticleFieldBounds,2,Euler.SmoothL2GevreyCalculus,in-tranche
Euler.ChildParticleFieldTime,1,Euler.ChildParticleTime,in-tranche
Euler.ChildParticleFieldTime,2,Euler.ChildParticleFieldBounds,in-tranche
Euler.ChildParticleJacobian,1,Euler.ChildParticleTime,in-tranche
Euler.ChildParticleJacobian,2,Mathlib.LinearAlgebra.Determinant,mathlib
Euler.ChildParticleSourceBound,1,Euler.ChildParticleFieldBounds,in-tranche
Euler.ChildParticleSourceBound,2,Euler.SobolevSourceExponent,in-tranche
Euler.ChildParticleTime,1,Euler.SmoothTimeFieldChain,in-tranche
Euler.ClassicalBridge,1,Euler.SolutionDefinitions,in-tranche
Euler.ClassicalBridge,2,Mathlib.Analysis.Calculus.ContDiff.Operations,mathlib
Euler.ClassicalDivergence,1,Euler.ClassicalPressureCurl,in-tranche
Euler.ClassicalPressureCurl,1,Euler.EulerProof,in-tranche
Euler.ClosedIntervalDerivativeExtension,1,Mathlib.Analysis.Calculus.Deriv.Add,mathlib
Euler.ClosedIntervalDerivativeExtension,2,Mathlib.Analysis.Calculus.Deriv.Mul,mathlib
Euler.ClosedIntervalDerivativeExtension,3,Mathlib.Topology.Order.OrderClosed,mathlib
Euler.ClosedTranslationGraph,1,Euler.EulerProof,in-tranche
Euler.CoefficientCostMonotone,1,Euler.ParameterSobolevCostMonotone,in-tranche
Euler.CoefficientCostMonotone,2,Euler.CoefficientJetPressureBounds,in-tranche
Euler.CoefficientCostMonotone,3,Euler.PolynomialCostMajorant,in-tranche
Euler.CoefficientJetPressureBounds,1,Euler.H6Pressure,in-tranche
Euler.CoefficientPathBounds,1,Euler.CoefficientPathSmooth,in-tranche
Euler.CoefficientPathBounds,2,Euler.ParameterSobolevCoefficient,in-tranche
Euler.CoefficientPathBounds,3,Euler.H6Pressure,in-tranche
Euler.CoefficientPathOrbit,1,Euler.MeanCoefficientPathJets,in-tranche
Euler.CoefficientPathPressureBounds,1,Euler.CoefficientPathWeightedBounds,in-tranche
Euler.CoefficientPathPressureBounds,2,Euler.CoefficientJetPressureBounds,in-tranche
Euler.CoefficientPathPressureBounds,3,Euler.H6PressureConstants,in-tranche
Euler.CoefficientPathSmooth,1,Euler.CoefficientPathOrbit,in-tranche
Euler.CoefficientPathSmooth,2,Euler.LpCylinderRectangular,in-tranche
Euler.CoefficientPathSmooth,3,Euler.AllOrderCorrectionData,in-tranche
Euler.CoefficientPathSobolev,1,Euler.CoefficientPathSmooth,in-tranche
Euler.CoefficientPathSobolev,2,Euler.SobolevOperatorCoordinates,in-tranche
Euler.CoefficientPathWeightedBounds,1,Euler.CoefficientPathBounds,in-tranche
Euler.CoefficientPathWeightedBounds,2,Euler.SobolevGevreyOperators,in-tranche
Euler.CoefficientPathWeightedBounds,3,Euler.PacketTailBound,in-tranche
Euler.CoerciveEndpointBounds,1,Euler.EulerProof,in-tranche
Euler.CommonPressureRepresentative,1,Euler.AllOrderSmoothPressure,in-tranche
Euler.CommonPressureRepresentative,2,Euler.SobolevJointEvaluation,in-tranche
Euler.CompactCurlBounds,1,Euler.CompactSmoothBounds,in-tranche
Euler.CompactCurlBounds,2,Euler.CurlTimeDerivative,in-tranche
Euler.CompactParameterIntegral,1,Mathlib.Analysis.Calculus.ParametricIntegral,mathlib
Euler.CompactParameterIntegral,2,Mathlib.Analysis.Calculus.ContDiff.Operations,mathlib
Euler.CompactParameterIntegral,3,Mathlib.MeasureTheory.Integral.Bochner.Set,mathlib
Euler.CompactParameterIntegral,4,Mathlib.Analysis.Normed.Group.Bounded,mathlib
Euler.CompactPressurePairing,1,Euler.MeanWeakCurl,in-tranche
Euler.CompactProjectedEulerLaw,1,Euler.ProjectedEulerPairing,in-tranche
Euler.CompactProjectedEulerLaw,2,Euler.CompactProjectedPairing,in-tranche
Euler.CompactProjectedEulerLaw,3,Euler.CompactSolenoidalDensity,in-tranche
Euler.CompactProjectedPairing,1,Euler.OrdinaryHelmholtzField,in-tranche
Euler.CompactSmoothBounds,1,Euler.ClassicalBridge,in-tranche
Euler.CompactSmoothBounds,2,Mathlib.Analysis.Calculus.TangentCone.Prod,mathlib
Euler.CompactSmoothBounds,3,Mathlib.Analysis.Normed.Group.Bounded,mathlib
Euler.CompactSmoothL2Bounds,1,Euler.SmoothL2GevreyCalculus,in-tranche
Euler.CompactSmoothL2Bounds,2,Euler.MeanCutoffDifferenceBound,in-tranche
Euler.CompactSmoothTimeField,1,Euler.SmoothTimeField,in-tranche
Euler.CompactSmoothTimeField,2,Euler.CompactSupportBoundedPath,in-tranche
Euler.CompactSmoothTimeField,3,Mathlib.Analysis.Calculus.ContDiff.Comp,mathlib
Euler.CompactSmoothTimeField,4,Mathlib.Analysis.Calculus.TangentCone.Prod,mathlib
Euler.CompactSolenoidalDensity,1,Euler.MeanWeakHarmonicScaling,in-tranche
Euler.CompactSpatialJets,1,Euler.DivCurlRecovery,in-tranche
Euler.CompactSpatialJets,2,Mathlib.Analysis.Normed.Group.Bounded,mathlib
Euler.CompactSupportBoundedPath,1,Mathlib.Topology.ContinuousMap.Bounded.Normed,mathlib
Euler.CompactSupportBoundedPath,2,Mathlib.Topology.UniformSpace.HeineCantor,mathlib
Euler.CompactVorticityContradiction,1,Euler.CompactCurlBounds,in-tranche
Euler.CompactVorticityContradiction,2,Euler.OrdinaryEulerBKM,in-tranche
Euler.CompactVorticityTimeUpgrade,1,Euler.OrdinaryEulerClassicalClass,in-tranche
Euler.CompactVorticityTimeUpgrade,2,Euler.OrdinaryCauchyInterpolation,in-tranche
Euler.CompactVorticityTimeUpgrade,3,Euler.OrdinaryAdvectionLimit,in-tranche
Euler.CompactVorticityTimeUpgrade,4,Euler.WeakHilbertODE,in-tranche
Euler.CompactVorticityTimeUpgrade,5,Euler.WeakTimeContinuity,in-tranche
Euler.CompactVorticityTimeUpgrade,6,Euler.DevelopmentBridge,in-tranche
Euler.ComparatorEvolutionIdentification,1,Euler.ComparatorTimeShift,in-tranche
Euler.ComparatorEvolutionIdentification,2,Euler.EvolutionTimeShift,in-tranche
Euler.ComparatorEvolutionIdentification,3,Euler.OrdinaryEulerUniqueness,in-tranche
Euler.ComparatorEvolutionIdentification,4,Mathlib.Topology.Order.IntermediateValue,mathlib
Euler.ComparatorIdentification,1,Euler.ComparatorEvolutionIdentification,in-tranche
Euler.ComparatorIdentification,2,Euler.OrdinaryEulerMaximal,in-tranche
Euler.ComparatorLocalCompactVorticity,1,Euler.ScalarEulerVorticity,in-tranche
Euler.ComparatorLocalCompactVorticity,2,Euler.NoIncomingVorticity,in-tranche
Euler.ComparatorLocalCompactVorticity,3,Euler.ReversedVorticityTransport,in-tranche
Euler.ComparatorLocalCompactVorticity,4,Euler.TruncationFamily,in-tranche
Euler.ComparatorLocalCompactVorticity,5,Euler.TruncatedBackwardFlow,in-tranche
Euler.ComparatorLocalCompactVorticity,6,Euler.LocalFlowTrap,in-tranche
Euler.ComparatorLocalCompactVorticity,7,Euler.ComparatorTruncationFamily,in-tranche
Euler.ComparatorLocalEvolution,1,Euler.ComparatorEvolutionIdentification,in-tranche
Euler.ComparatorLocalEvolution,2,Euler.ComparatorLocalCompactVorticity,in-tranche
Euler.ComparatorLocalEvolution,3,Euler.ComparatorTruncationFamily,in-tranche
Euler.ComparatorLocalEvolution,4,Euler.ComparatorUniformSpatialJets,in-tranche
Euler.ComparatorLocalEvolution,5,Euler.DivCurlTensorRecovery,in-tranche
Euler.ComparatorLocalEvolution,6,Euler.CompactVorticityTimeUpgrade,in-tranche
Euler.ComparatorLocalEvolution,7,Euler.CompactProjectedEulerLaw,in-tranche
Euler.ComparatorMaximalFields,1,Euler.ComparatorSingularityNorms,in-tranche
Euler.ComparatorMaximalFields,2,Euler.OrdinaryEulerKineticEnergy,in-tranche
Euler.ComparatorMaximalSolution,1,Euler.ComparatorSobolevEvolution,in-tranche
Euler.ComparatorMaximalSolution,2,Euler.ComparatorMaximalFields,in-tranche
Euler.ComparatorSingularityNorms,1,Euler.SolutionDefinitions,in-tranche
Euler.ComparatorSingularityNorms,2,Euler.EulerSingularity,in-tranche
Euler.ComparatorSobolevEvolution,1,Euler.SolutionDefinitions,in-tranche
Euler.ComparatorSobolevEvolution,2,Euler.EulerSingularity,in-tranche
Euler.ComparatorTimeShift,1,Euler.ClassicalBridge,in-tranche
Euler.ComparatorTimeShift,2,Mathlib.Analysis.Calculus.Deriv.Add,mathlib
Euler.ComparatorTruncationFamily,1,Euler.ClassicalBridge,in-tranche
Euler.ComparatorTruncationFamily,2,Euler.TruncationFamily,in-tranche
Euler.ComparatorTruncationFamily,3,Euler.TruncationFamilySmooth,in-tranche
Euler.ComparatorTruncationFamily,4,Euler.CompactSmoothTimeField,in-tranche
Euler.ComparatorUniformSpatialJets,1,Euler.CompactSpatialJets,in-tranche
Euler.ComparatorUniformSpatialJets,2,Euler.ScalarEulerVorticity,in-tranche
Euler.ConstantCorrectionData,1,Euler.AllOrderDriftBudget,in-tranche
Euler.ConstantCorrectionData,2,Euler.GevreyUniformConstants,in-tranche
Euler.ConstantEulerGraph,1,Euler.ConstantCorrectionData,in-tranche
Euler.ConstantEulerGraph,2,Euler.ExactLiftedGraphPressure,in-tranche
Euler.ConstantEulerGraph,3,Euler.FieldTowerPhysicalContinuity,in-tranche
Euler.ConstantEulerGraph,4,Euler.LpSmoothField,in-tranche
Euler.ContinuousAccelerationForcing,1,Euler.ContinuousPathComposition,in-tranche
Euler.ContinuousAccelerationGevrey,1,Euler.ContinuousGramAcceleration,in-tranche
Euler.ContinuousAccelerationGevrey,2,Euler.ContinuousGramGevrey,in-tranche
Euler.ContinuousAccelerationGevrey,3,Euler.ContinuousAccelerationForcing,in-tranche
Euler.ContinuousAccelerationSobolev,1,Euler.ContinuousAccelerationGevrey,in-tranche
Euler.ContinuousAccelerationSobolev,2,Euler.ContinuousGramSobolev,in-tranche
Euler.ContinuousAccelerationSobolev,3,Euler.ParameterSobolevAcceleration,in-tranche
Euler.ContinuousBoundedTensor,1,Euler.FinitePathTensor,in-tranche
Euler.ContinuousBoundedTensor,2,Mathlib.Topology.ContinuousMap.Bounded.Normed,mathlib
Euler.ContinuousForcingTimeLp,1,Euler.ContinuousForcingTranslation,in-tranche
Euler.ContinuousForcingTimeLp,2,Euler.MeanForcingTranslation,in-tranche
Euler.ContinuousForcingTranslation,1,Euler.ContinuousSpatialFamily,in-tranche
Euler.ContinuousForcingTranslation,2,Euler.LpSmoothFieldJets,in-tranche
Euler.ContinuousForcingTranslation,3,Euler.MeanTimeContinuousTranslation,in-tranche
Euler.ContinuousGramAcceleration,1,Euler.TransverseStrongEstimates,in-tranche
Euler.ContinuousGramGevrey,1,Euler.ContinuousGramPath,in-tranche
Euler.ContinuousGramGevrey,2,Euler.BoundedInverseGevrey,in-tranche
Euler.ContinuousGramGevrey,3,Euler.TimeLpGramGevrey,in-tranche
Euler.ContinuousGramPath,1,Euler.ContinuousPathComposition,in-tranche
Euler.ContinuousGramPath,2,Euler.TransverseGramPath,in-tranche
Euler.ContinuousGramPath,3,Euler.TransverseStrongEstimates,in-tranche
Euler.ContinuousGramSobolev,1,Euler.ContinuousGramGevrey,in-tranche
Euler.ContinuousGramSobolev,2,Euler.TimeLpGramSobolev,in-tranche
Euler.ContinuousInverseDerivative,1,Mathlib.Analysis.Calculus.FDeriv.OfCompLeft,mathlib
Euler.ContinuousPathCalculus,1,Euler.ContinuousTimeIntegral,in-tranche
Euler.ContinuousPathCalculus,2,Euler.OperatorGevreyCalculus,in-tranche
Euler.ContinuousPathComposition,1,Euler.ContinuousPathCalculus,in-tranche
Euler.ContinuousPathComposition,2,Euler.TransverseGramInverse,in-tranche
Euler.ContinuousSpatialFamily,1,Euler.MeanCutoffTaylor,in-tranche
Euler.ContinuousSpatialFamily,2,Euler.ContinuousPathComposition,in-tranche
Euler.ContinuousTimeIntegral,1,Euler.TimeH1OperatorProduct,in-tranche
Euler.ContinuousTimeWeight,1,Euler.ContinuousTimeIntegral,in-tranche
Euler.CorrectionAssemblyCommon,1,Euler.CorrectionAssemblyCompatibility,in-tranche
Euler.CorrectionAssemblyCommon,2,Euler.ClassicalDivergence,in-tranche
Euler.CorrectionAssemblyCommon,3,Euler.SobolevJointEvaluation,in-tranche
Euler.CorrectionAssemblyCompatibility,1,Euler.CorrectionAssemblyData,in-tranche
Euler.CorrectionAssemblyData,1,Euler.AllOrderCorrectionData,in-tranche
Euler.CorrectionAssemblyData,2,Euler.GevreyStabilityBudget,in-tranche
Euler.CorrectionAssemblyParity,1,Euler.InviscidCorrectionParity,in-tranche
Euler.CorrectionAssemblyParity,2,Euler.CorrectionAssemblyRealizations,in-tranche
Euler.CorrectionAssemblyPressure,1,Euler.CorrectionAssemblyCommon,in-tranche
Euler.CorrectionAssemblyPressure,2,Euler.CorrectionSourceRestriction,in-tranche
Euler.CorrectionAssemblyPressureParity,1,Euler.CorrectionAssemblyParity,in-tranche
Euler.CorrectionAssemblyPressureParity,2,Euler.CorrectionAssemblyReconstruction,in-tranche
Euler.CorrectionAssemblyRealizations,1,Euler.CorrectionAssemblyPressure,in-tranche
Euler.CorrectionAssemblyReconstruction,1,Euler.CorrectionAssemblyPressure,in-tranche
Euler.CorrectionAssemblyReconstruction,2,Euler.CanonicalGraphPotential,in-tranche
Euler.CorrectionAssemblyReconstruction,3,Euler.CommonPressureRepresentative,in-tranche
Euler.CorrectionAssemblySourceTower,1,Euler.AllOrderDriftCorrection,in-tranche
Euler.CorrectionAssemblySourceTower,2,Euler.AllOrderDriftPressure,in-tranche
Euler.CorrectionAssemblyTime,1,Euler.CorrectionAssemblyReconstruction,in-tranche
Euler.CorrectionAssemblyTime,2,Euler.InviscidSobolevEvolution,in-tranche
Euler.CorrectionAssemblyTime,3,Euler.SobolevPointMultiplication,in-tranche
Euler.CorrectionBudgetRestriction,1,Euler.CorrectionEnergyData,in-tranche
Euler.CorrectionBudgetRestriction,2,Euler.CorrectionTimeRestriction,in-tranche
Euler.CorrectionContinuation,1,Euler.BoundedMildContinuation,in-tranche
Euler.CorrectionContinuation,2,Euler.CorrectionTimeRestriction,in-tranche
Euler.CorrectionDifference,1,Euler.SobolevL2Stability,in-tranche
Euler.CorrectionDifference,2,Euler.GevreyCorrectionSplit,in-tranche
Euler.CorrectionDifferenceMetric,1,Euler.CorrectionDifferencePDE,in-tranche
Euler.CorrectionDifferenceMetric,2,Euler.SobolevDifferenceEnergy,in-tranche
Euler.CorrectionDifferencePDE,1,Euler.CorrectionDifference,in-tranche
Euler.CorrectionDifferencePDE,2,Euler.CorrectionMildEquation,in-tranche
Euler.CorrectionEnergyBootstrap,1,Euler.CorrectionEnergyScalar,in-tranche
Euler.CorrectionEnergyBound,1,Euler.CorrectionEnergyTime,in-tranche
Euler.CorrectionEnergyBound,2,Euler.EnergyMetricPaths,in-tranche
Euler.CorrectionEnergyBound,3,Euler.GevreyMetricForcing,in-tranche
Euler.CorrectionEnergyData,1,Euler.CorrectionEnergyBound,in-tranche
Euler.CorrectionEnergyData,2,Euler.GevreyGrowthBudget,in-tranche
Euler.CorrectionEnergyData,3,Euler.NonlinearEnergyConstants,in-tranche
Euler.CorrectionEnergyMajorants,1,Euler.CorrectionEnergyData,in-tranche
Euler.CorrectionEnergyMajorants,2,Euler.TimeLpSubintervalBound,in-tranche
Euler.CorrectionEnergyRestriction,1,Euler.CorrectionLowerData,in-tranche
Euler.CorrectionEnergyScalar,1,Euler.CorrectionMildEnergy,in-tranche
Euler.CorrectionEnergyScalar,2,Euler.IntegralEnergyBootstrap,in-tranche
Euler.CorrectionEnergyTime,1,Euler.ProjectedForcingFields,in-tranche
Euler.CorrectionEnergyTime,2,Euler.RegularizedForcingRepresentative,in-tranche
Euler.CorrectionEnergyTime,3,Euler.SobolevWordValueIdentity,in-tranche
Euler.CorrectionEnergyTime,4,Euler.TimeCorrectionStrongIdentity,in-tranche
Euler.CorrectionEnergyTime,5,Euler.RegularizedMetricPaths,in-tranche
Euler.CorrectionFamilyCompactness,1,Euler.ViscosityCauchy,in-tranche
Euler.CorrectionFamilyCompactness,2,Euler.SobolevCauchyInterpolation,in-tranche
Euler.CorrectionFamilyCompactness,3,Euler.SobolevPathLimits,in-tranche
Euler.CorrectionLimitDerivative,1,Euler.CorrectionSourceRestriction,in-tranche
Euler.CorrectionLimitDerivative,2,Euler.QuadraticSourceLimit,in-tranche
Euler.CorrectionLimitDerivative,3,Euler.ViscosityDefect,in-tranche
Euler.CorrectionLimitDerivative,4,Euler.ViscosityCauchy,in-tranche
Euler.CorrectionLimitEquation,1,Euler.CorrectionSourceRestriction,in-tranche
Euler.CorrectionLimitEquation,2,Euler.QuadraticSourceLimit,in-tranche
Euler.CorrectionLimitEquation,3,Euler.IntegralPathLimit,in-tranche
Euler.CorrectionLimitEquation,4,Euler.SobolevPathLimits,in-tranche
Euler.CorrectionLimitEquation,5,Euler.ViscosityDefect,in-tranche
Euler.CorrectionLimitEquation,6,Euler.CorrectionLimitPathDerivative,in-tranche
Euler.CorrectionLimitEquation,7,Euler.ViscousPathDerivative,in-tranche
Euler.CorrectionLimitEquation,8,Euler.ViscousSourcePathLimit,in-tranche
Euler.CorrectionLimitPathDerivative,1,Euler.CorrectionLimitDerivative,in-tranche
Euler.CorrectionLimitPathDerivative,2,Euler.ViscousPathDerivative,in-tranche
Euler.CorrectionLimitPathDerivative,3,Euler.QuadraticSourceLimit,in-tranche
Euler.CorrectionLimitPathDerivative,4,Euler.ViscosityDefect,in-tranche
Euler.CorrectionLimitPathDerivative,5,Euler.ViscosityCauchy,in-tranche
Euler.CorrectionLowerData,1,Euler.CorrectionEnergyTime,in-tranche
Euler.CorrectionLowerData,2,Euler.GevreyCorrectionSplit,in-tranche
Euler.CorrectionMildEnergy,1,Euler.CorrectionEnergyMajorants,in-tranche
Euler.CorrectionMildEnergy,2,Euler.CorrectionEnergyRestriction,in-tranche
Euler.CorrectionMildEnergy,3,Euler.MildMajorantEnergy,in-tranche
Euler.CorrectionMildEquation,1,Euler.CorrectionContinuation,in-tranche
Euler.CorrectionMildEquation,2,Euler.EulerCorrectionEquation,in-tranche
Euler.CorrectionOperators,1,Euler.SobolevTransport,in-tranche
Euler.CorrectionOperators,2,Euler.SobolevCoefficientPressure,in-tranche
Euler.CorrectionOperators,3,Euler.QuadraticCoefficients,in-tranche
Euler.CorrectionParity,1,Euler.SobolevParityOperators,in-tranche
Euler.CorrectionParity,2,Euler.EulerCorrectionEquation,in-tranche
Euler.CorrectionResidualCancellation,1,Euler.InviscidSobolevEvolution,in-tranche
Euler.CorrectionSmoothTimeField,1,Euler.FieldTowerSmoothTimeField,in-tranche
Euler.CorrectionSmoothTimeField,2,Euler.AllOrderDriftPressureBounds,in-tranche
Euler.CorrectionSmoothTimeField,3,Euler.SmoothTimeFieldAlgebra,in-tranche
Euler.CorrectionSmoothTimeField,4,Euler.LiftedSmoothTimeField,in-tranche
Euler.CorrectionSourceRestriction,1,Euler.CorrectionLowerData,in-tranche
Euler.CorrectionSourceRestriction,2,Euler.SobolevCorrectionCompatibility,in-tranche
Euler.CorrectionStabilityBudget,1,Euler.CorrectionDifferenceMetric,in-tranche
Euler.CorrectionStabilityConstants,1,Euler.CorrectionDifference,in-tranche
Euler.CorrectionTime,1,Euler.CorrectionOperators,in-tranche
Euler.CorrectionTime,2,Euler.SobolevPressureTime,in-tranche
Euler.CorrectionTime,3,Euler.QuadraticHeatLocal,in-tranche
Euler.CorrectionTimeRestriction,1,Euler.EulerCorrectionLocal,in-tranche
Euler.CorrectionViscosityStability,1,Euler.CorrectionStabilityBudget,in-tranche
Euler.CurlMatrixSymmetry,1,Euler.MeanBoundaryOperator,in-tranche
Euler.CurlMatrixSymmetry,2,Mathlib.Analysis.InnerProductSpace.Symmetric,mathlib
Euler.CurlSupport,1,Euler.MeanBoundaryOperator,in-tranche
Euler.CurlTimeDerivative,1,Euler.MeanBoundaryOperator,in-tranche
Euler.CurlTimeDerivative,2,Mathlib.Analysis.Calculus.FDeriv.Symmetric,mathlib
Euler.CurlTransportAlgebra,1,Euler.MeanVectorIdentities,in-tranche
Euler.CurlTransportAlgebra,2,Euler.MeanScalarProductDerivatives,in-tranche
Euler.CylinderActionWords,1,Euler.IsometricActionWords,in-tranche
Euler.CylinderActionWords,2,Euler.LpCylinderOrbit,in-tranche
Euler.CylinderActionWords,3,Euler.CylinderTranslationAdjoint,in-tranche
Euler.CylinderActionWords,4,Euler.MeanPathLpBlocks,in-tranche
Euler.CylinderAngleAverage,1,Euler.LpCylinderRectangular,in-tranche
Euler.CylinderAngleAverage,2,Mathlib.MeasureTheory.Integral.IntervalIntegral.Basic,mathlib
Euler.CylinderAngleAverageEvolution,1,Euler.CylinderAngleAverage,in-tranche
Euler.CylinderAngleAverageEvolution,2,Euler.LpCylinderCoefficientTime,in-tranche
Euler.CylinderAngleAverageEvolution,3,Euler.LinearDuhamelNaturality,in-tranche
Euler.CylinderAngleAverageEvolution,4,Euler.LinearDuhamelOperator,in-tranche
Euler.CylinderAngleAverageRepresentative,1,Euler.CylinderAngleAverage,in-tranche
Euler.CylinderAngleAverageRepresentative,2,Euler.CylinderAngleRepresentative,in-tranche
Euler.CylinderAngleAverageTime,1,Euler.CylinderAngleAverageRepresentative,in-tranche
Euler.CylinderAngleAverageTime,2,Euler.CylinderTimeRegularity,in-tranche
Euler.CylinderAngleEvolution,1,Euler.CylinderAngleRepresentative,in-tranche
Euler.CylinderAngleEvolution,2,Euler.CylinderAngleWordBounds,in-tranche
Euler.CylinderAngleEvolution,3,Euler.CylinderTimeRegularity,in-tranche
Euler.CylinderAnglePrimitive,1,Euler.CylinderSobolevOperators,in-tranche
Euler.CylinderAnglePrimitive,2,Mathlib.MeasureTheory.Integral.IntervalIntegral.Basic,mathlib
Euler.CylinderAngleRepresentative,1,Euler.CylinderAnglePrimitive,in-tranche
Euler.CylinderAngleRepresentative,2,Euler.AnglePrimitiveKernel,in-tranche
Euler.CylinderAngleRepresentative,3,Euler.SobolevPointEvaluation,in-tranche
Euler.CylinderAngleWordBounds,1,Euler.CylinderAnglePrimitive,in-tranche
Euler.CylinderAngleWordBounds,2,Euler.ParameterSobolevProductGevrey,in-tranche
Euler.CylinderAngleWordBounds,3,Euler.LpCylinderOrbit,in-tranche
Euler.CylinderBoundedCover,1,Euler.CylinderSobolevWordBounds,in-tranche
Euler.CylinderBoundedCover,2,Euler.SobolevJointEvaluation,in-tranche
Euler.CylinderClassicalSolenoidal,1,Euler.ClassicalDivergence,in-tranche
Euler.CylinderClassicalWordBounds,1,Euler.CylinderOrbitSobolev,in-tranche
Euler.CylinderCompactBounds,1,Euler.CylinderCompactTranslation,in-tranche
Euler.CylinderCompactBounds,2,Euler.ParameterSobolevCoefficient,in-tranche
Euler.CylinderCompactTranslation,1,Euler.LpCylinderTranslation,in-tranche
Euler.CylinderCompactTranslation,2,Euler.LpDominatedDerivative,in-tranche
Euler.CylinderCompactTranslation,3,Euler.IsometricActionCalculus,in-tranche
Euler.CylinderCompactTranslation,4,Mathlib.Analysis.Calculus.MeanValue,mathlib
Euler.CylinderConstantMap,1,Euler.LpCylinderTranslation,in-tranche
Euler.CylinderConstantMap,2,Euler.ParameterSobolevLinear,in-tranche
Euler.CylinderConstantMapBounds,1,Euler.CylinderConstantMap,in-tranche
Euler.CylinderCorrectorMeanZero,1,Euler.CylinderSlowCurl,in-tranche
Euler.CylinderCorrectorMeanZero,2,Euler.CylinderPotentialPath,in-tranche
Euler.CylinderCorrectorMeanZero,3,Euler.CylinderAngleAverageTime,in-tranche
Euler.CylinderCoverDescent,1,Euler.CylinderMeasureDescent,in-tranche
Euler.CylinderCoverTensor,1,Euler.CylinderCoveringDerivative,in-tranche
Euler.CylinderCoveringDerivative,1,Euler.CylinderTimeRegularity,in-tranche
Euler.CylinderDescentJets,1,Euler.CylinderCoverDescent,in-tranche
Euler.CylinderDirichletData,1,Euler.LpOperatorFieldAlgebra,in-tranche
Euler.CylinderDirichletData,2,Euler.LpCylinderFullTime,in-tranche
Euler.CylinderDirichletData,3,Euler.TransverseFixedClassical,in-tranche
Euler.CylinderDirichletEquation,1,Euler.CylinderDirichletMean,in-tranche
Euler.CylinderDirichletEquation,2,Euler.TransverseNormalResidual,in-tranche
Euler.CylinderDirichletMean,1,Euler.CylinderDirichletNaturality,in-tranche
Euler.CylinderDirichletMean,2,Euler.CylinderAngleAverage,in-tranche
Euler.CylinderDirichletMean,3,Euler.TimeLpLinearity,in-tranche
Euler.CylinderDirichletNaturality,1,Euler.CylinderDirichletData,in-tranche
Euler.CylinderDirichletNaturality,2,Euler.FixedEvolutionNaturality,in-tranche
Euler.CylinderDirichletNaturality,3,Euler.GramNaturality,in-tranche
Euler.CylinderDirichletNaturality,4,Euler.CylinderTranslationAdjoint,in-tranche
Euler.CylinderDirichletParity,1,Euler.CylinderDirichletNaturality,in-tranche
Euler.CylinderDirichletParity,2,Euler.CylinderFieldReflection,in-tranche
Euler.CylinderDirichletParity,3,Euler.TimeLpLinearity,in-tranche
Euler.CylinderDirichletPhysicalBounds,1,Euler.CylinderDirichletRegularity,in-tranche
Euler.CylinderDirichletPhysicalBounds,2,Euler.CylinderActionWords,in-tranche
Euler.CylinderDirichletPhysicalBounds,3,Euler.LpCylinderPathBounds,in-tranche
Euler.CylinderDirichletPhysicalBounds,4,Euler.TransverseFixedSobolev,in-tranche
Euler.CylinderDirichletPhysicalBounds,5,Euler.FixedEvolutionSobolev,in-tranche
Euler.CylinderDirichletPhysicalBounds,6,Euler.CylinderDirichletSobolev,in-tranche
Euler.CylinderDirichletPhysicalBounds,7,Euler.CylinderDirichletTimeBounds,in-tranche
Euler.CylinderDirichletPhysicalBounds,8,Euler.LpCylinderRectangularRegularity,in-tranche
Euler.CylinderDirichletRegularity,1,Euler.CylinderDirichletTranslation,in-tranche
Euler.CylinderDirichletRegularity,2,Euler.FixedEvolutionRegularity,in-tranche
Euler.CylinderDirichletSobolev,1,Euler.CylinderDirichletRegularity,in-tranche
Euler.CylinderDirichletSobolev,2,Euler.CylinderActionWords,in-tranche
Euler.CylinderDirichletSobolev,3,Euler.LpCylinderPathBounds,in-tranche
Euler.CylinderDirichletSobolev,4,Euler.TransverseFixedSobolev,in-tranche
Euler.CylinderDirichletSupport,1,Euler.CylinderDirichletNaturality,in-tranche
Euler.CylinderDirichletTimeBounds,1,Euler.CylinderDirichletRegularity,in-tranche
Euler.CylinderDirichletTimeBounds,2,Euler.CylinderActionWords,in-tranche
Euler.CylinderDirichletTimeBounds,3,Euler.LpCylinderPathBounds,in-tranche
Euler.CylinderDirichletTimeBounds,4,Euler.TransverseFixedSobolev,in-tranche
Euler.CylinderDirichletTimeBounds,5,Euler.FixedEvolutionSobolev,in-tranche
Euler.CylinderDirichletTimeBounds,6,Euler.CylinderDirichletSobolev,in-tranche
Euler.CylinderDirichletTranslation,1,Euler.CylinderDirichletNaturality,in-tranche
Euler.CylinderDirichletTranslation,2,Euler.MeanCoefficientPath,in-tranche
Euler.CylinderEndpointBounds,1,Euler.CylinderEndpointUnitBounds,in-tranche
Euler.CylinderEndpointBudget,1,Euler.CylinderEndpointRegularity,in-tranche
Euler.CylinderEndpointBudget,2,Euler.CylinderDirichletPhysicalBounds,in-tranche
Euler.CylinderEndpointData,1,Euler.CylinderDirichletData,in-tranche
Euler.CylinderEndpointData,2,Euler.FixedEndpointStrong,in-tranche
Euler.CylinderEndpointEquation,1,Euler.CylinderEndpointData,in-tranche
Euler.CylinderEndpointEquation,2,Euler.CylinderDirichletEquation,in-tranche
Euler.CylinderEndpointForcing,1,Euler.CylinderEndpointData,in-tranche
Euler.CylinderEndpointForcing,2,Euler.FixedEndpointForcing,in-tranche
Euler.CylinderEndpointLabels,1,Euler.CylinderEndpointData,in-tranche
Euler.CylinderEndpointLabels,2,Euler.TransverseSourceCoefficientPath,in-tranche
Euler.CylinderEndpointParity,1,Euler.CylinderEndpointForcing,in-tranche
Euler.CylinderEndpointParity,2,Euler.CylinderDirichletParity,in-tranche
Euler.CylinderEndpointPointwise,1,Euler.CylinderEndpointLabels,in-tranche
Euler.CylinderEndpointPointwise,2,Euler.CylinderEndpointRegularity,in-tranche
Euler.CylinderEndpointPointwise,3,Euler.CylinderEndpointEquation,in-tranche
Euler.CylinderEndpointPointwise,4,Euler.CylinderRetractRepresentative,in-tranche
Euler.CylinderEndpointPointwise,5,Euler.CylinderPathIntegral,in-tranche
Euler.CylinderEndpointPointwise,6,Euler.FixedEndpointClassical,in-tranche
Euler.CylinderEndpointRegularity,1,Euler.CylinderEndpointForcing,in-tranche
Euler.CylinderEndpointRegularity,2,Euler.CylinderDirichletRegularity,in-tranche
Euler.CylinderEndpointRegularity,3,Euler.LpCylinderRectangularRegularity,in-tranche
Euler.CylinderEndpointSupport,1,Euler.CylinderEndpointForcing,in-tranche
Euler.CylinderEndpointSupport,2,Euler.CylinderDirichletSupport,in-tranche
Euler.CylinderEndpointSupport,3,Euler.CylinderDirichletMean,in-tranche
Euler.CylinderEndpointUnitBounds,1,Euler.CylinderEndpointBudget,in-tranche
Euler.CylinderEndpointUnitBounds,2,Euler.CylinderTerminalAmplitude,in-tranche
Euler.CylinderFieldReflection,1,Euler.CylinderReflection,in-tranche
Euler.CylinderFieldReflection,2,Euler.LpCylinderRectangular,in-tranche
Euler.CylinderFieldReflection,3,Euler.ClassicalPressureCurl,in-tranche
Euler.CylinderForwardParity,1,Euler.CylinderFieldReflection,in-tranche
Euler.CylinderForwardParity,2,Euler.LpCylinderCoefficientTime,in-tranche
Euler.CylinderForwardParity,3,Euler.LinearDuhamelNaturality,in-tranche
Euler.CylinderForwardParity,4,Euler.LinearDuhamelSymmetry,in-tranche
Euler.CylinderGradientEmbedding,1,Euler.CylinderSpatialEmbedding,in-tranche
Euler.CylinderGradientEmbedding,2,Euler.MeanSolenoidalSpace,in-tranche
Euler.CylinderGraphAffine,1,Euler.CylinderGraphRealization,in-tranche
Euler.CylinderGraphDerivative,1,Euler.CylinderGraphAffine,in-tranche
Euler.CylinderGraphGevrey,1,Euler.CylinderJetGraphTrace,in-tranche
Euler.CylinderGraphGevrey,2,Euler.CylinderPhysicalTensor,in-tranche
Euler.CylinderGraphGevrey,3,Euler.GevreyFixedShift,in-tranche
Euler.CylinderGraphPath,1,Euler.CylinderGraphRealization,in-tranche
Euler.CylinderGraphRealization,1,Euler.CylinderPathWords,in-tranche
Euler.CylinderGraphRealization,2,Euler.LpBochnerRealization,in-tranche
Euler.CylinderHeatEquation,1,Euler.StrongOperatorDerivative,in-tranche
Euler.CylinderHeatEquation,2,Euler.MetricHeatEnergy,in-tranche
Euler.CylinderHeatLaplacian,1,Euler.CylinderHeatEquation,in-tranche
Euler.CylinderJetGraphTrace,1,Euler.CylinderDescentJets,in-tranche
Euler.CylinderJetGraphTrace,2,Euler.LpParameterIntegral,in-tranche
Euler.CylinderJetLp,1,Euler.CylinderCoverTensor,in-tranche
Euler.CylinderJetLp,2,Euler.CylinderDescentJets,in-tranche
Euler.CylinderJetLpAlgebra,1,Euler.CylinderJetLpMap,in-tranche
Euler.CylinderJetLpMap,1,Euler.CylinderJetLp,in-tranche
Euler.CylinderJetLpMap,2,Euler.LiftedSmoothTimeField,in-tranche
Euler.CylinderLocalSupport,1,Euler.CylinderSlowCurl,in-tranche
Euler.CylinderLocalSupport,2,Euler.CylinderPotentialPath,in-tranche
Euler.CylinderLocalSupport,3,Euler.CylinderRawSupport,in-tranche
Euler.CylinderMeasureDescent,1,Euler.EulerProof,in-tranche
Euler.CylinderMeasureDescent,2,Mathlib.MeasureTheory.Group.FundamentalDomain,mathlib
Euler.CylinderMeasureDescent,3,Mathlib.MeasureTheory.Integral.IntervalIntegral.Periodic,mathlib
Euler.CylinderOrbitSobolev,1,Euler.CylinderSmoothOrbit,in-tranche
Euler.CylinderPathAdvection,1,Euler.CylinderPathBilinear,in-tranche
Euler.CylinderPathAdvection,2,Euler.CylinderPathDerivativeProduct,in-tranche
Euler.CylinderPathAdvection,3,Euler.CylinderTimeGradient,in-tranche
Euler.CylinderPathAdvection,4,Euler.ParameterSobolevFiniteSum,in-tranche
Euler.CylinderPathBilinear,1,Euler.CylinderPathProduct,in-tranche
Euler.CylinderPathBilinear,2,Euler.CylinderConstantMap,in-tranche
Euler.CylinderPathBilinearBounds,1,Euler.CylinderPathBilinear,in-tranche
Euler.CylinderPathBilinearBounds,2,Euler.CylinderPathProductBounds,in-tranche
Euler.CylinderPathBilinearBounds,3,Euler.ParameterSobolevFiniteSum,in-tranche
Euler.CylinderPathDerivativeProduct,1,Euler.CylinderPathProductBounds,in-tranche
Euler.CylinderPathIntegral,1,Euler.LpCylinderTranslation,in-tranche
Euler.CylinderPathIntegral,2,Euler.ContinuousTimeIntegral,in-tranche
Euler.CylinderPathProduct,1,Euler.CylinderSobolevOrbit,in-tranche
Euler.CylinderPathProduct,2,Euler.SobolevProduct,in-tranche
Euler.CylinderPathProduct,3,Euler.ContinuousPathComposition,in-tranche
Euler.CylinderPathProductBounds,1,Euler.CylinderPathProduct,in-tranche
Euler.CylinderPathProductBounds,2,Euler.CylinderSobolevWordBounds,in-tranche
Euler.CylinderPathProductBounds,3,Euler.OperatorGevreyCalculus,in-tranche
Euler.CylinderPathProductSupport,1,Euler.CylinderPathAdvection,in-tranche
Euler.CylinderPathProductSupport,2,Euler.LpCylinderPaths,in-tranche
Euler.CylinderPathWords,1,Euler.CylinderTimeWords,in-tranche
Euler.CylinderPeriodicFlow,1,Euler.CylinderCoverDescent,in-tranche
Euler.CylinderPeriodicFlow,2,Euler.BoundedFlowPeriodicity,in-tranche
Euler.CylinderPhysicalTensor,1,Euler.CylinderGraphRealization,in-tranche
Euler.CylinderPhysicalTensor,2,Euler.GraphPressurePotential,in-tranche
Euler.CylinderPhysicalTensorDifference,1,Euler.CylinderPhysicalTensorLp,in-tranche
Euler.CylinderPhysicalTensorLp,1,Euler.CylinderPhysicalTensor,in-tranche
Euler.CylinderPotentialPath,1,Euler.CylinderAngleEvolution,in-tranche
Euler.CylinderPotentialPath,2,Euler.LpCylinderRectangularRegularity,in-tranche
Euler.CylinderPotentialPath,3,Euler.PacketPeriodicPotential,in-tranche
Euler.CylinderPotentialPath,4,Euler.AnglePrimitiveMap,in-tranche
Euler.CylinderPotentialTime,1,Euler.CylinderPotentialPath,in-tranche
Euler.CylinderPotentialTime,2,Euler.LpCylinderFullTime,in-tranche
Euler.CylinderPotentialTime,3,Euler.PacketCurlTime,in-tranche
Euler.CylinderPotentialTimeWeight,1,Euler.CylinderPotentialTime,in-tranche
Euler.CylinderPotentialTimeWeight,2,Euler.CylinderPotentialWeight,in-tranche
Euler.CylinderPotentialWeight,1,Euler.CylinderPotentialPath,in-tranche
Euler.CylinderPotentialWeight,2,Euler.CylinderPathWords,in-tranche
Euler.CylinderPotentialWeight,3,Euler.LpCylinderTimeWeight,in-tranche
Euler.CylinderRawSupport,1,Euler.CylinderSmoothOrbit,in-tranche
Euler.CylinderRawSupport,2,Euler.LpCylinderPaths,in-tranche
Euler.CylinderReflection,1,Euler.CylinderSobolevDerivatives,in-tranche
Euler.CylinderRetractRepresentative,1,Euler.CylinderConstantMap,in-tranche
Euler.CylinderRetractRepresentative,2,Euler.CylinderTimeRegularity,in-tranche
Euler.CylinderScalarAverage,1,Euler.CylinderScalarRepresentative,in-tranche
Euler.CylinderScalarAverage,2,Euler.CylinderAngleAverageRepresentative,in-tranche
Euler.CylinderScalarClassical,1,Euler.AnglePrimitiveSpatialRegularity,in-tranche
Euler.CylinderScalarClassical,2,Euler.CylinderTimeRegularity,in-tranche
Euler.CylinderScalarParity,1,Euler.CylinderScalarClassical,in-tranche
Euler.CylinderScalarParity,2,Euler.AnglePrimitiveParity,in-tranche
Euler.CylinderScalarPrimitive,1,Euler.CylinderConstantMap,in-tranche
Euler.CylinderScalarPrimitive,2,Euler.CylinderAnglePrimitive,in-tranche
Euler.CylinderScalarRepresentative,1,Euler.CylinderScalarPrimitive,in-tranche
Euler.CylinderScalarRepresentative,2,Euler.CylinderScalarClassical,in-tranche
Euler.CylinderScalarRepresentative,3,Euler.CylinderAngleRepresentative,in-tranche
Euler.CylinderScalarRepresentative,4,Euler.AnglePrimitiveMap,in-tranche
Euler.CylinderScalarTime,1,Euler.CylinderScalarPrimitive,in-tranche
Euler.CylinderScalarTime,2,Euler.CylinderTimeRegularity,in-tranche
Euler.CylinderSliceRepresentatives,1,Euler.CylinderScalarTime,in-tranche
Euler.CylinderSlowCurl,1,Euler.CylinderPathWords,in-tranche
Euler.CylinderSlowCurl,2,Euler.CylinderTimeGradient,in-tranche
Euler.CylinderSlowCurl,3,Euler.PacketCurlCoordinates,in-tranche
Euler.CylinderSlowCurlBounds,1,Euler.CylinderSlowCurl,in-tranche
Euler.CylinderSlowCurlTime,1,Euler.CylinderSlowCurlBounds,in-tranche
Euler.CylinderSlowCurlTime,2,Euler.LpCylinderFullTime,in-tranche
Euler.CylinderSlowCurlWeight,1,Euler.CylinderSlowCurlTime,in-tranche
Euler.CylinderSlowCurlWeight,2,Euler.CylinderPotentialWeight,in-tranche
Euler.CylinderSmoothOrbit,1,Euler.LpCylinderOrbit,in-tranche
Euler.CylinderSmoothOrbit,2,Euler.IsometricActionCalculus,in-tranche
Euler.CylinderSmoothOrbit,3,Euler.SobolevJointEvaluation,in-tranche
Euler.CylinderSmoothTimeField,1,Euler.CylinderBoundedCover,in-tranche
Euler.CylinderSmoothTimeField,2,Euler.ContinuousBoundedTensor,in-tranche
Euler.CylinderSmoothTimeField,3,Euler.SmoothTimeFieldJoint,in-tranche
Euler.CylinderSobolevDensity,1,Euler.CylinderSobolevOperators,in-tranche
Euler.CylinderSobolevDerivatives,1,Euler.CylinderSobolevOperators,in-tranche
Euler.CylinderSobolevEmbedding,1,Euler.CylinderSobolevDensity,in-tranche
Euler.CylinderSobolevEmbedding,2,Euler.H6NonlinearProduct,in-tranche
Euler.CylinderSobolevOperators,1,Euler.CylinderSobolevSpace,in-tranche
Euler.CylinderSobolevOrbit,1,Euler.CylinderPathWords,in-tranche
Euler.CylinderSobolevOrbit,2,Euler.HilbertProductSubspaceRetraction,in-tranche
Euler.CylinderSobolevSpace,1,Euler.ClosedTranslationGraph,in-tranche
Euler.CylinderSobolevSpace,2,Mathlib.Topology.Algebra.Module.ClosedSubmodule,mathlib
Euler.CylinderSobolevWordBounds,1,Euler.CylinderSobolevOrbit,in-tranche
Euler.CylinderSobolevWordBounds,2,Euler.ParameterNestedWordSum,in-tranche
Euler.CylinderSpatialEmbedding,1,Euler.LpCylinderTranslation,in-tranche
Euler.CylinderSpatialEmbedding,2,Euler.LpBochnerRealization,in-tranche
Euler.CylinderSpatialEmbedding,3,Mathlib.MeasureTheory.Function.LpSeminorm.Prod,mathlib
Euler.CylinderSpatialMean,1,Euler.CylinderSpatialEmbedding,in-tranche
Euler.CylinderSpatialMean,2,Euler.CylinderAngleAverage,in-tranche
Euler.CylinderSpatialMean,3,Mathlib.Analysis.InnerProductSpace.Adjoint,mathlib
Euler.CylinderSpatialMeanPath,1,Euler.CylinderSpatialMean,in-tranche
Euler.CylinderSpatialMeanPath,2,Euler.ParameterSobolevProductGevrey,in-tranche
Euler.CylinderSpatialMeanRepresentative,1,Euler.CylinderSpatialMean,in-tranche
Euler.CylinderSpatialMeanRepresentative,2,Euler.CylinderAngleAverageRepresentative,in-tranche
Euler.CylinderSpatialMeanTime,1,Euler.CylinderSpatialMeanPath,in-tranche
Euler.CylinderSpatialMeanTime,2,Euler.CylinderSpatialMeanRepresentative,in-tranche
Euler.CylinderSpatialMeanTime,3,Euler.CylinderTimeRegularity,in-tranche
Euler.CylinderSpatialMeanTime,4,Euler.MeanSmoothRepresentative,in-tranche
Euler.CylinderTerminalAmplitude,1,Euler.CylinderEndpointRegularity,in-tranche
Euler.CylinderTerminalAmplitude,2,Euler.ParameterSobolevScaling,in-tranche
Euler.CylinderTerminalAmplitude,3,Euler.ParameterSobolevLinear,in-tranche
Euler.CylinderTimeGradient,1,Euler.CylinderTimeWords,in-tranche
Euler.CylinderTimePrecomposition,1,Euler.CylinderScalarTime,in-tranche
Euler.CylinderTimePrecomposition,2,Euler.ParameterSobolevLinear,in-tranche
Euler.CylinderTimeRegularity,1,Euler.CylinderOrbitSobolev,in-tranche
Euler.CylinderTimeRegularity,2,Euler.InjectivePathDerivativeWithin,in-tranche
Euler.CylinderTimeWords,1,Euler.CylinderTimeRegularity,in-tranche
Euler.CylinderTimeWords,2,Euler.CylinderClassicalWordBounds,in-tranche
Euler.CylinderTimeWords,3,Euler.SobolevWordBlocks,in-tranche
Euler.CylinderTranslationAdjoint,1,Euler.LpCylinderTranslation,in-tranche
Euler.CylinderTranslationAdjoint,2,Euler.TimeLpBoundedMap,in-tranche
Euler.CylinderViscousEnergy,1,Euler.FiniteMetricEnergy,in-tranche
Euler.DeformationTimeInverse,1,Euler.PacketNormalTimeMap,in-tranche
Euler.DeformationTimeInverse,2,Mathlib.Analysis.Calculus.FDeriv.Mul,mathlib
Euler.DevelopmentBridge,1,Euler.ClassicalBridge,in-tranche
Euler.DevelopmentBridge,2,Euler.InitialDataBridge,in-tranche
Euler.DevelopmentBridge,3,Euler.LpSmoothField,in-tranche
Euler.DirichletEndpointReduction,1,Euler.EulerProof,in-tranche
Euler.DirichletEndpointReduction,2,Mathlib.Analysis.InnerProductSpace.Positive,mathlib
Euler.DivCurlRecovery,1,Euler.MeanHarmonicCutoffEnergy,in-tranche
Euler.DivCurlRecovery,2,Euler.MeanVectorIdentities,in-tranche
Euler.DivCurlRecovery,3,Euler.LpSpatialCutoff,in-tranche
Euler.DivCurlTensorRecovery,1,Euler.DivCurlRecovery,in-tranche
Euler.DivCurlTensorRecovery,2,Euler.LpFiniteTensorReconstruction,in-tranche
Euler.DivCurlTensorRecovery,3,Euler.LpSmoothField,in-tranche
Euler.DivCurlTensorRecovery,4,Mathlib.MeasureTheory.SpecificCodomains.WithLp,mathlib
Euler.DivCurlTensorRecovery,5,Euler.TensorCoordinateEnergyBound,in-tranche
Euler.DivCurlTensorRecovery,6,Euler.LpBochnerRealization,in-tranche
Euler.DivergenceFreeHeat,1,Euler.SobolevHeatVolterra,in-tranche
Euler.DivergenceFreeHeat,2,Euler.SobolevPressureResolvent,in-tranche
Euler.DriftCorrectionBootstrap,1,Euler.DriftCorrectionMildEnergy,in-tranche
Euler.DriftCorrectionBootstrap,2,Euler.CorrectionEnergyBootstrap,in-tranche
Euler.DriftCorrectionBudget,1,Euler.CorrectionBudgetRestriction,in-tranche
Euler.DriftCorrectionBudget,2,Euler.SobolevDriftNorm,in-tranche
Euler.DriftCorrectionEnergyBound,1,Euler.DriftMetricForcing,in-tranche
Euler.DriftCorrectionEnergyBound,2,Euler.DriftEnergyMajorants,in-tranche
Euler.DriftCorrectionForcing,1,Euler.SobolevDriftTransport,in-tranche
Euler.DriftCorrectionForcing,2,Euler.GevreyCorrectionBound,in-tranche
Euler.DriftCorrectionMildEnergy,1,Euler.DriftCorrectionEnergyBound,in-tranche
Euler.DriftCorrectionMildEnergy,2,Euler.CorrectionEnergyRestriction,in-tranche
Euler.DriftCorrectionMildEnergy,3,Euler.MildMajorantEnergy,in-tranche
Euler.DriftEnergyConstants,1,Euler.NonlinearEnergyConstants,in-tranche
Euler.DriftEnergyMajorants,1,Euler.CorrectionEnergyScalar,in-tranche
Euler.DriftEnergyMajorants,2,Euler.DriftCorrectionBudget,in-tranche
Euler.DriftEnergyMajorants,3,Euler.DriftEnergyConstants,in-tranche
Euler.DriftGevreyInviscidEnergyCompactness,1,Euler.DriftViscousCorrectionFamily,in-tranche
Euler.DriftGevreyInviscidEnergyCompactness,2,Euler.GevreyStabilityBudget,in-tranche
Euler.DriftGevreyInviscidEnergyCompactness,3,Euler.GevreyFamilyCompactness,in-tranche
Euler.DriftGevreyInviscidEnergyCompactness,4,Euler.GevreyEnergyPathLimit,in-tranche
Euler.DriftGlobalGevreyCorrection,1,Euler.DriftPartialCorrectionBootstrap,in-tranche
Euler.DriftGlobalGevreyCorrection,2,Euler.GevreyPathNorm,in-tranche
Euler.DriftGlobalGevreyCorrection,3,Euler.CorrectionMildEquation,in-tranche
Euler.DriftGlobalInviscidGevrey,1,Euler.DriftGevreyInviscidEnergyCompactness,in-tranche
Euler.DriftGlobalInviscidGevrey,2,Euler.CorrectionLimitEquation,in-tranche
Euler.DriftGlobalInviscidGevrey,3,Euler.InviscidSobolevEvolution,in-tranche
Euler.DriftMetricForcing,1,Euler.DriftNonlinearEstimate,in-tranche
Euler.DriftMetricForcing,2,Euler.DriftEnergyConstants,in-tranche
Euler.DriftNonlinearEstimate,1,Euler.DriftCorrectionForcing,in-tranche
Euler.DriftNonlinearEstimate,2,Euler.GevreyNonlinearEstimate,in-tranche
Euler.DriftPartialCorrectionBootstrap,1,Euler.DriftCorrectionBootstrap,in-tranche
Euler.DriftPartialCorrectionBootstrap,2,Euler.CorrectionBudgetRestriction,in-tranche
Euler.DriftPartialCorrectionBootstrap,3,Euler.CorrectionContinuation,in-tranche
Euler.DriftPreservingTransport,1,Euler.GevreyTransportCommutator,in-tranche
Euler.DriftPreservingTransport,2,Euler.GevreyPressureShifted,in-tranche
Euler.DriftViscousCorrectionFamily,1,Euler.DriftGlobalGevreyCorrection,in-tranche
Euler.DriftViscousCorrectionFamily,2,Euler.ViscosityDefect,in-tranche
Euler.DuhamelDifferentiation,1,Euler.SobolevHeatGenerator,in-tranche
Euler.DuhamelDifferentiation,2,Euler.VolterraConvolution,in-tranche
Euler.DuhamelDifferentiation,3,Mathlib.Analysis.Calculus.ParametricIntegral,mathlib
Euler.DuhamelEquation,1,Euler.DuhamelDifferentiation,in-tranche
Euler.DuhamelPasting,1,Euler.TimePathGluing,in-tranche
Euler.DuhamelPasting,2,Euler.HeatRestart,in-tranche
Euler.ElapsedTimePathGluing,1,Euler.PacketMatchingFamily,in-tranche
Euler.ElapsedTimePathGluing,2,Euler.PacketShiftedTimeGluing,in-tranche
Euler.ElapsedTimePathNaturality,1,Euler.ElapsedTimePathGluing,in-tranche
Euler.ElapsedTimePathNaturality,2,Euler.LpCylinderPaths,in-tranche
Euler.ElapsedTimePathWeight,1,Euler.ElapsedTimePathNaturality,in-tranche
Euler.ElapsedTimePathWeight,2,Euler.CylinderTimePrecomposition,in-tranche
Euler.ElapsedTimePathWeight,3,Euler.SmoothCoefficientTimeRestriction,in-tranche
Euler.ElapsedTimePathWeight,4,Euler.LpCylinderTimeWeight,in-tranche
Euler.EnergyForcingIdentity,1,Euler.EnergyWordCoordinates,in-tranche
Euler.EnergyForcingIdentity,2,Euler.TransportL2Time,in-tranche
Euler.EnergyMetricPaths,1,Euler.EnergyWordCoordinates,in-tranche
Euler.EnergyMetricPaths,2,Euler.GevreyMetricEstimate,in-tranche
Euler.EnergyMetricPaths,3,Euler.RegularizedMetricPaths,in-tranche
Euler.EnergyMetricPaths,4,Euler.SobolevWordValueIdentity,in-tranche
Euler.EnergyWordCoordinates,1,Euler.GevreyDifferentiatedEquation,in-tranche
Euler.EnergyWordCoordinates,2,Euler.RegularizedEnergyFamily,in-tranche
Euler.EnergyWordCoordinates,3,Euler.SobolevWordBlockCoordinates,in-tranche
Euler.EulerC1Breakdown,1,Euler.EulerFiniteLifespan,in-tranche
Euler.EulerC1Breakdown,2,Euler.OrdinaryEulerMaximal,in-tranche
Euler.EulerC1Breakdown,3,Euler.OrdinaryEulerContinuation,in-tranche
Euler.EulerC1Limsup,1,Euler.EulerC1Breakdown,in-tranche
Euler.EulerC1Limsup,2,Mathlib.Topology.Order.AtTopBotIxx,mathlib
Euler.EulerC1Limsup,3,Mathlib.Order.Filter.ENNReal,mathlib
Euler.EulerCorrectionEquation,1,Euler.EulerCorrectionLocal,in-tranche
Euler.EulerCorrectionEquation,2,Euler.MildEquationBridge,in-tranche
Euler.EulerCorrectionLocal,1,Euler.CorrectionTime,in-tranche
Euler.EulerCorrectionLocal,2,Euler.QuadraticHeatConstraint,in-tranche
Euler.EulerCorrectionLocal,3,Euler.LiftedTransportComponents,in-tranche
Euler.EulerFiniteLifespan,1,Euler.PacketFiniteLifespan,in-tranche
Euler.EulerFiniteLifespan,2,Euler.PacketFirstStageSupport,in-tranche
Euler.EulerFiniteLifespan,3,Euler.PacketInitialDatumSupport,in-tranche
Euler.EulerProof,1,Mathlib.Data.Nat.Choose.Sum,mathlib
Euler.EulerProof,2,Mathlib.Data.Nat.Choose.Cast,mathlib
Euler.EulerProof,3,Mathlib.Data.Real.Basic,mathlib
Euler.EulerProof,4,Mathlib.Tactic,mathlib
Euler.EulerProof,5,Mathlib.Analysis.Calculus.UniformLimitsDeriv,mathlib
Euler.EulerProof,6,Mathlib.Analysis.Calculus.ContDiff.Operations,mathlib
Euler.EulerProof,7,Mathlib.Tactic.Choose,mathlib
Euler.EulerProof,8,Mathlib.Tactic.FieldSimp,mathlib
Euler.EulerProof,9,Mathlib.Tactic.Positivity,mathlib
Euler.EulerProof,10,Mathlib.Tactic.Ring,mathlib
Euler.EulerProof,11,Mathlib.Analysis.InnerProductSpace.LaxMilgram,mathlib
Euler.EulerProof,12,Mathlib.Analysis.InnerProductSpace.Projection.Basic,mathlib
Euler.EulerProof,13,Mathlib.Analysis.Calculus.Deriv.Comp,mathlib
Euler.EulerProof,14,Mathlib.Analysis.Calculus.Deriv.Mul,mathlib
Euler.EulerProof,15,Mathlib.Analysis.Calculus.FDeriv.Mul,mathlib
Euler.EulerProof,16,Mathlib.Tactic.Abel,mathlib
Euler.EulerProof,17,Mathlib.Analysis.InnerProductSpace.PiL2,mathlib
Euler.EulerProof,18,Mathlib.MeasureTheory.Function.L2Space,mathlib
Euler.EulerProof,19,Mathlib.MeasureTheory.Group.Prod,mathlib
Euler.EulerProof,20,Mathlib.MeasureTheory.Integral.IntervalIntegral.Periodic,mathlib
Euler.EulerProof,21,Mathlib.MeasureTheory.Measure.Haar.InnerProductSpace,mathlib
Euler.EulerProof,22,Mathlib.MeasureTheory.Function.StronglyMeasurable.Lemmas,mathlib
Euler.EulerProof,23,Mathlib.Analysis.InnerProductSpace.Calculus,mathlib
Euler.EulerProof,24,Mathlib.Analysis.Calculus.FDeriv.Symmetric,mathlib
Euler.EulerProof,25,Mathlib.Analysis.Calculus.MeanValue,mathlib
Euler.EulerProof,26,Mathlib.Analysis.Calculus.Deriv.Slope,mathlib
Euler.EulerProof,27,Mathlib.MeasureTheory.Function.LpSpace.Indicator,mathlib
Euler.EulerProof,28,Mathlib.Analysis.Calculus.BumpFunction.InnerProduct,mathlib
Euler.EulerProof,29,Mathlib.MeasureTheory.Integral.DominatedConvergence,mathlib
Euler.EulerProof,30,Mathlib.Analysis.SpecialFunctions.Sqrt,mathlib
Euler.EulerProof,31,Mathlib.Analysis.Calculus.SmoothSeries,mathlib
Euler.EulerProof,32,Mathlib.Analysis.Normed.Operator.Bilinear,mathlib
Euler.EulerProof,33,Mathlib.LinearAlgebra.Trace,mathlib
Euler.EulerProof,34,Mathlib.MeasureTheory.Function.L1Space.Integrable,mathlib
Euler.EulerProof,35,Mathlib.Analysis.Distribution.Sobolev,mathlib
Euler.EulerProof,36,Mathlib.MeasureTheory.Function.Holder,mathlib
Euler.EulerProof,37,Mathlib.Analysis.SpecialFunctions.JapaneseBracket,mathlib
Euler.EulerProof,38,Mathlib.Analysis.Fourier.Convolution,mathlib
Euler.EulerProof,39,Mathlib.MeasureTheory.Integral.MeanInequalities,mathlib
Euler.EulerProof,40,Mathlib.Analysis.SpecialFunctions.Pow.Integral,mathlib
Euler.EulerProof,41,Mathlib.Analysis.Calculus.IteratedDeriv.Lemmas,mathlib
Euler.EulerProof,42,Mathlib.Algebra.Order.Chebyshev,mathlib
Euler.EulerProof,43,Mathlib.MeasureTheory.Constructions.Pi,mathlib
Euler.EulerProof,44,Mathlib.MeasureTheory.Function.ConvergenceInMeasure,mathlib
Euler.EulerProof,45,Mathlib.MeasureTheory.Function.LpSpace.ContinuousCompMeasurePreserving,mathlib
Euler.EulerProof,46,Mathlib.Analysis.Calculus.BumpFunction.Convolution,mathlib
Euler.EulerProof,47,Mathlib.Analysis.Calculus.ContDiff.Convolution,mathlib
Euler.EulerProof,48,Mathlib.MeasureTheory.Function.AEEqOfIntegral,mathlib
Euler.EulerProof,49,Mathlib.Topology.MetricSpace.Cauchy,mathlib
Euler.EulerProof,50,Mathlib.Analysis.SpecialFunctions.Integrals.Basic,mathlib
Euler.EulerProof,51,Mathlib.MeasureTheory.Integral.IntervalIntegral.FundThmCalculus,mathlib
Euler.EulerProof,52,Mathlib.Analysis.InnerProductSpace.Continuous,mathlib
Euler.EulerProof,53,Mathlib.Tactic.Linarith,mathlib
Euler.EulerProof,54,Mathlib.Analysis.InnerProductSpace.Positive,mathlib
Euler.EulerProof,55,Mathlib.Algebra.QuadraticDiscriminant,mathlib
Euler.EulerProof,56,Mathlib.Tactic.NormNum,mathlib
Euler.EulerProof,57,Mathlib.Analysis.Calculus.Gradient.Basic,mathlib
Euler.EulerProof,58,Mathlib.Analysis.Calculus.Deriv.Prod,mathlib
Euler.EulerProof,59,Mathlib.Analysis.Calculus.FDeriv.Add,mathlib
Euler.EulerProof,60,Mathlib.Analysis.InnerProductSpace.Adjoint,mathlib
Euler.EulerProof,61,Mathlib.Analysis.Calculus.FDeriv.WithLp,mathlib
Euler.EulerProof,62,Mathlib.Analysis.Complex.Liouville,mathlib
Euler.EulerProof,63,Mathlib.Analysis.SpecialFunctions.SmoothTransition,mathlib
Euler.EulerProof,64,Mathlib.Analysis.Calculus.ContDiff.RestrictScalars,mathlib
Euler.EulerProof,65,Mathlib.Analysis.Calculus.ContDiff.Bounds,mathlib
Euler.EulerProof,66,Mathlib.Analysis.SpecialFunctions.Trigonometric.ArctanDeriv,mathlib
Euler.EulerProof,67,Mathlib.Analysis.ODE.Gronwall,mathlib
Euler.EulerProof,68,Mathlib.Analysis.SpecialFunctions.Pow.Real,mathlib
Euler.EulerProof,69,Mathlib.Algebra.Order.BigOperators.Group.Finset,mathlib
Euler.EulerProof,70,Mathlib.Algebra.BigOperators.Ring.Finset,mathlib
Euler.EulerProof,71,Mathlib.Analysis.Calculus.Deriv.Pow,mathlib
Euler.EulerProof,72,Mathlib.Analysis.Calculus.Deriv.Add,mathlib
Euler.EulerProof,73,Mathlib.MeasureTheory.Integral.CurveIntegral.Poincare,mathlib
Euler.EulerProof,74,Mathlib.Analysis.Normed.Group.Bounded,mathlib
Euler.EulerProof,75,Mathlib.LinearAlgebra.Matrix.Determinant.Basic,mathlib
Euler.EulerProof,76,Mathlib.LinearAlgebra.Matrix.Trace,mathlib
Euler.EulerProof,77,Mathlib.MeasureTheory.Function.Jacobian,mathlib
Euler.EulerProof,78,Mathlib.MeasureTheory.Integral.Prod,mathlib
Euler.EulerProof,79,Mathlib.Analysis.Calculus.FDeriv.Prod,mathlib
Euler.EulerProof,80,Mathlib.Tactic.Module,mathlib
Euler.EulerProof,81,Mathlib.Analysis.Calculus.Deriv.Inv,mathlib
Euler.EulerProof,82,Mathlib.Data.Matrix.Mul,mathlib
Euler.EulerProof,83,Mathlib.Analysis.Calculus.Deriv.MeanValue,mathlib
Euler.EulerProof,84,Mathlib.Analysis.SpecialFunctions.Trigonometric.DerivHyp,mathlib
Euler.EulerProof,85,Mathlib.Analysis.ODE.PicardLindelof,mathlib
Euler.EulerProof,86,Mathlib.Analysis.ODE.ExistUnique,mathlib
Euler.EulerProof,87,Mathlib.Analysis.SpecificLimits.Normed,mathlib
Euler.EulerProof,88,Mathlib.Analysis.SpecialFunctions.Exp,mathlib
Euler.EulerProof,89,Mathlib.Analysis.SpecialFunctions.Log.Basic,mathlib
Euler.EulerProof,90,Mathlib.Data.Fin.VecNotation,mathlib
Euler.EulerProof,91,Mathlib.Analysis.SpecialFunctions.Pow.Asymptotics,mathlib
Euler.EulerSingularity,1,Euler.EulerC1Limsup,in-tranche
Euler.EulerSingularity,2,Euler.OrdinaryEulerBKM,in-tranche
Euler.EulerSingularity,3,Euler.OrdinaryEulerClassicalClass,in-tranche
Euler.EulerSingularity,4,Euler.OrdinaryEulerNontriviality,in-tranche
Euler.EulerSpatialRescaling,1,Euler.PacketPhysicalEulerTransform,in-tranche
Euler.EulerTimeRescaling,1,Euler.EulerSpatialRescaling,in-tranche
Euler.EvolutionTimeShift,1,Euler.OrdinaryEulerDifference,in-tranche
Euler.EvolutionTimeShift,2,Mathlib.Analysis.Calculus.Deriv.Shift,mathlib
Euler.ExactLiftedGraphPressure,1,Euler.ExactLiftedJointDifferentiability,in-tranche
Euler.ExactLiftedGraphPressure,2,Euler.CanonicalGraphPotential,in-tranche
Euler.ExactLiftedGraphPressure,3,Euler.CommonPressureRepresentative,in-tranche
Euler.ExactLiftedGraphPressure,4,Euler.GraphDivergence,in-tranche
Euler.ExactLiftedJointDifferentiability,1,Euler.ExactLiftedPointwise,in-tranche
Euler.ExactLiftedJointDifferentiability,2,Euler.BoundedEvaluationDifferentiation,in-tranche
Euler.ExactLiftedJointDifferentiability,3,Euler.CylinderCoveringDerivative,in-tranche
Euler.ExactLiftedPointwise,1,Euler.PacketInitializedExactLifted,in-tranche
Euler.ExactLiftedPointwise,2,Euler.FieldTowerRepresentative,in-tranche
Euler.ExactLiftedPointwise,3,Euler.SobolevPointMultiplication,in-tranche
Euler.ExactLiftedPointwise,4,Euler.LiftedTransportComponents,in-tranche
Euler.ExternalScalarCommutator,1,Euler.BaseTransportCommutator,in-tranche
Euler.ExternalScalarCommutator,2,Euler.H6TransportSource,in-tranche
Euler.ExternalTransportCommutator,1,Euler.ExternalScalarCommutator,in-tranche
Euler.FamilyNormTime,1,Euler.FiniteMetricEnergy,in-tranche
Euler.FamilyNormTime,2,Euler.TimeLp,in-tranche
Euler.FieldTowerAlgebra,1,Euler.FieldTowerRepresentative,in-tranche
Euler.FieldTowerCanonicalGraph,1,Euler.FieldTowerGraphDerivative,in-tranche
Euler.FieldTowerCanonicalGraph,2,Euler.FieldTowerTimeRestriction,in-tranche
Euler.FieldTowerGraph,1,Euler.CylinderGraphPath,in-tranche
Euler.FieldTowerGraph,2,Euler.AllOrderCorrectionData,in-tranche
Euler.FieldTowerGraphDerivative,1,Euler.FieldTowerGraph,in-tranche
Euler.FieldTowerGraphDerivative,2,Euler.CylinderGraphDerivative,in-tranche
Euler.FieldTowerGraphGevrey,1,Euler.FieldTowerJetLp,in-tranche
Euler.FieldTowerGraphGevrey,2,Euler.FieldTowerPhysicalContinuity,in-tranche
Euler.FieldTowerGraphGevrey,3,Euler.PhysicalGraphGevrey,in-tranche
Euler.FieldTowerGraphGevrey,4,Euler.SmoothTimeFieldPrecomp,in-tranche
Euler.FieldTowerGraphGevrey,5,Euler.LiftedSmoothTimeField,in-tranche
Euler.FieldTowerJetLp,1,Euler.CylinderJetLp,in-tranche
Euler.FieldTowerJetLp,2,Euler.FieldTowerSmoothTimeField,in-tranche
Euler.FieldTowerPhysicalContinuity,1,Euler.FieldTowerPhysicalL2,in-tranche
Euler.FieldTowerPhysicalContinuity,2,Euler.CylinderPhysicalTensorDifference,in-tranche
Euler.FieldTowerPhysicalL2,1,Euler.FieldTowerCanonicalGraph,in-tranche
Euler.FieldTowerPhysicalL2,2,Euler.CylinderPhysicalTensorLp,in-tranche
Euler.FieldTowerPointwiseGevrey,1,Euler.FieldTowerRepresentative,in-tranche
Euler.FieldTowerPointwiseGevrey,2,Euler.SobolevWordLevel,in-tranche
Euler.FieldTowerPointwiseGevrey,3,Euler.GevreyRadiusReduction,in-tranche
Euler.FieldTowerRepresentative,1,Euler.AllOrderCorrectionData,in-tranche
Euler.FieldTowerRepresentative,2,Euler.SobolevJointEvaluation,in-tranche
Euler.FieldTowerSmoothTimeField,1,Euler.CylinderBoundedCover,in-tranche
Euler.FieldTowerSmoothTimeField,2,Euler.CylinderCoverTensor,in-tranche
Euler.FieldTowerSmoothTimeField,3,Euler.BoundedTensorCoordinates,in-tranche
Euler.FieldTowerSmoothTimeField,4,Euler.FieldTowerPointwiseGevrey,in-tranche
Euler.FieldTowerSmoothTimeField,5,Euler.SmoothTimeFieldJoint,in-tranche
Euler.FieldTowerSmoothTimeField,6,Euler.InjectivePathDerivativeWithin,in-tranche
Euler.FieldTowerTimeRestriction,1,Euler.FieldTowerRepresentative,in-tranche
Euler.FieldTowerVolumeSobolev,1,Euler.VolumeSobolevPath,in-tranche
Euler.FiniteEnergyTruncation,1,Euler.EulerProof,in-tranche
Euler.FiniteEnergyTruncation,2,Euler.CompactParameterIntegral,in-tranche
Euler.FiniteEnergyTruncation,3,Euler.MeanCutoffCurlBound,in-tranche
Euler.FiniteEnergyTruncation,4,Euler.RadialPotentialL2,in-tranche
Euler.FiniteEnergyTruncation,5,Mathlib.MeasureTheory.Integral.IntervalIntegral.FundThmCalculus,mathlib
Euler.FiniteGradeAlgebra,1,Mathlib.Algebra.BigOperators.Intervals,mathlib
Euler.FiniteGradeAlgebra,2,Mathlib.Algebra.Module.LinearMap.Basic,mathlib
Euler.FiniteGradeAlgebra,3,Mathlib.Tactic,mathlib
Euler.FiniteGradeAssembly,1,Euler.FiniteGradeSupport,in-tranche
Euler.FiniteGradeDiagonal,1,Euler.FiniteGradeAlgebra,in-tranche
Euler.FiniteGradeDiagonal,2,Mathlib.Algebra.BigOperators.NatAntidiagonal,mathlib
Euler.FiniteGradeSupport,1,Euler.FiniteGradeAlgebra,in-tranche
Euler.FiniteGradeTriangular,1,Euler.FiniteGradeDiagonal,in-tranche
Euler.FiniteIntervalFlow,1,Euler.BoundedFlowContinuity,in-tranche
Euler.FiniteMetricEnergy,1,Euler.MetricHeatEnergy,in-tranche
Euler.FinitePathTensor,1,Euler.LpFiniteTensorReconstruction,in-tranche
Euler.FinitePathTensor,2,Euler.ContinuousTimeIntegral,in-tranche
Euler.FinitePathTensorIntegral,1,Euler.FinitePathTensor,in-tranche
Euler.FiniteQuadraticCauchy,1,Euler.QuadraticCauchy,in-tranche
Euler.FixedEndpointClassical,1,Euler.FixedEndpointStrong,in-tranche
Euler.FixedEndpointClassical,2,Euler.FrameEndpointUniqueness,in-tranche
Euler.FixedEndpointClassical,3,Euler.TimeH1ContinuousDerivative,in-tranche
Euler.FixedEndpointForcing,1,Euler.FixedEndpointStrong,in-tranche
Euler.FixedEndpointForcing,2,Euler.TimeH1WeakPairing,in-tranche
Euler.FixedEndpointForcing,3,Euler.TransverseFixedClassical,in-tranche
Euler.FixedEndpointStrong,1,Euler.TransverseEndpointCoordinates,in-tranche
Euler.FixedEvolutionNaturality,1,Euler.FixedFrameNaturality,in-tranche
Euler.FixedEvolutionNaturality,2,Euler.TransverseFixedEvolution,in-tranche
Euler.FixedEvolutionNaturality,3,Euler.TimeH1ReconstructionNaturality,in-tranche
Euler.FixedEvolutionRegularity,1,Euler.TransverseFixedClassical,in-tranche
Euler.FixedEvolutionRegularity,2,Euler.TransverseParameterRegularity,in-tranche
Euler.FixedEvolutionRegularity,3,Euler.TimeLpAccelerationForcing,in-tranche
Euler.FixedEvolutionRegularity,4,Euler.ContinuousAccelerationGevrey,in-tranche
Euler.FixedEvolutionRegularity,5,Euler.TimeLpLinearity,in-tranche
Euler.FixedEvolutionSobolev,1,Euler.TransverseFixedSobolev,in-tranche
Euler.FixedEvolutionSobolev,2,Euler.TimeLpAccelerationSobolev,in-tranche
Euler.FixedEvolutionSobolev,3,Euler.TimeH1SobolevReconstruction,in-tranche
Euler.FixedEvolutionSobolev,4,Euler.ContinuousAccelerationSobolev,in-tranche
Euler.FixedEvolutionSobolev,5,Euler.MeanPathLpBlocks,in-tranche
Euler.FixedEvolutionSobolev,6,Euler.PacketMajorantShift,in-tranche
Euler.FixedFrameNaturality,1,Euler.TransverseFixedSpaceInverse,in-tranche
Euler.FixedFrameNaturality,2,Euler.TimeLpBoundedMap,in-tranche
Euler.FlowEscapeBound,1,Mathlib.MeasureTheory.Integral.Bochner.Basic,mathlib
Euler.FlowEscapeBound,2,Mathlib.MeasureTheory.Function.L2Space,mathlib
Euler.FlowEscapeBound,3,Mathlib.MeasureTheory.Integral.IntervalIntegral.FundThmCalculus,mathlib
Euler.FlowEscapeBound,4,Mathlib.MeasureTheory.Integral.Prod,mathlib
Euler.FlowL2Transport,1,Euler.FieldTowerPhysicalContinuity,in-tranche
Euler.FlowL2Transport,2,Mathlib.MeasureTheory.Function.LpSpace.ContinuousCompMeasurePreserving,mathlib
Euler.FrameEndpointUniqueness,1,Euler.TimeEndpointEnergyUniqueness,in-tranche
Euler.FrameEndpointUniqueness,2,Euler.TransverseGramInverse,in-tranche
Euler.FrameWronskian,1,Mathlib.Analysis.InnerProductSpace.Calculus,mathlib
Euler.FrameWronskian,2,Mathlib.Analysis.InnerProductSpace.Symmetric,mathlib
Euler.FrameWronskian,3,Mathlib.Analysis.Calculus.MeanValue,mathlib
Euler.FrameWronskian,4,Mathlib.Analysis.Calculus.Deriv.Mul,mathlib
Euler.FrozenEvolutionGevrey,1,Euler.HilbertCoerciveGevrey,in-tranche
Euler.FunctionalVelocity,1,Euler.ExternalTransportCommutator,in-tranche
Euler.FunctionalVelocity,2,Euler.LiftedTransportComponents,in-tranche
Euler.GainedMildFormula,1,Euler.MildEquationBridge,in-tranche
Euler.GainedMildPasting,1,Euler.GainedMildFormula,in-tranche
Euler.GainedMildPasting,2,Euler.DuhamelPasting,in-tranche
Euler.GaussianCylinderHeat,1,Euler.EulerProof,in-tranche
Euler.GaussianCylinderHeat,2,Mathlib.Probability.Distributions.Gaussian.Real,mathlib
Euler.GaussianHeatDerivative,1,Euler.GaussianCylinderHeat,in-tranche
Euler.GaussianHeatDerivative,2,Euler.ClosedTranslationGraph,in-tranche
Euler.GaussianHeatDerivative,3,Mathlib.MeasureTheory.Integral.IntegralEqImproper,mathlib
Euler.GaussianHeatGenerator,1,Euler.GaussianHeatTotal,in-tranche
Euler.GaussianHeatGenerator,2,Mathlib.Analysis.Calculus.ParametricIntegral,mathlib
Euler.GaussianHeatGenerator,3,Mathlib.Analysis.Calculus.FDeriv.Extend,mathlib
Euler.GaussianHeatSmoothing,1,Euler.GaussianHeatDerivative,in-tranche
Euler.GaussianHeatTotal,1,Euler.GaussianHeatSmoothing,in-tranche
Euler.GeneralCylinderAlgebra,1,Euler.EulerProof,in-tranche
Euler.GeneralRealCylinderAlgebra,1,Euler.GeneralCylinderAlgebra,in-tranche
Euler.GeneralRealCylinderAlgebra,2,Mathlib.MeasureTheory.SpecificCodomains.WithLp,mathlib
Euler.GevreyBaseTransport,1,Euler.SobolevBaseCommutator,in-tranche
Euler.GevreyBaseTransport,2,Euler.GevreyLowNorms,in-tranche
Euler.GevreyCompactProduct,1,Euler.SmoothL2GevreyCalculus,in-tranche
Euler.GevreyComposition,1,Euler.GevreyCompositionPartitions,in-tranche
Euler.GevreyComposition,2,Mathlib.Analysis.Calculus.ContDiff.Comp,mathlib
Euler.GevreyCompositionLp,1,Euler.GevreyComposition,in-tranche
Euler.GevreyCompositionLp,2,Euler.VolumeSobolevComposition,in-tranche
Euler.GevreyCompositionPartitions,1,Mathlib.Analysis.Calculus.ContDiff.FaaDiBruno,mathlib
Euler.GevreyCompositionPartitions,2,Mathlib.Tactic,mathlib
Euler.GevreyContinuationNorm,1,Euler.GevreyMetricEstimate,in-tranche
Euler.GevreyCorrectionBound,1,Euler.GevreyUniformConstants,in-tranche
Euler.GevreyCorrectionBound,2,Euler.GevreyRestriction,in-tranche
Euler.GevreyCorrectionForcing,1,Euler.GevreyForcingComponents,in-tranche
Euler.GevreyCorrectionForcing,2,Euler.GevreyPressureComplete,in-tranche
Euler.GevreyCorrectionSourceBounds,1,Euler.GevreyNonlinearEstimate,in-tranche
Euler.GevreyCorrectionSourceBounds,2,Euler.GevreyRadiusReduction,in-tranche
Euler.GevreyCorrectionSourceBounds,3,Euler.CorrectionEnergyData,in-tranche
Euler.GevreyCorrectionSourceBounds,4,Euler.InviscidSobolevEvolution,in-tranche
Euler.GevreyCorrectionSplit,1,Euler.GevreyOrderZero,in-tranche
Euler.GevreyCorrectionSplit,2,Euler.EulerCorrectionEquation,in-tranche
Euler.GevreyDifferentiatedEquation,1,Euler.GevreyCorrectionForcing,in-tranche
Euler.GevreyDifferentiatedEquation,2,Euler.SobolevNonlinearCompatibility,in-tranche
Euler.GevreyEnergyCutoff,1,Euler.GevreyEnergyLimit,in-tranche
Euler.GevreyEnergyCutoff,2,Euler.EnergyWordCoordinates,in-tranche
Euler.GevreyEnergyLimit,1,Euler.GevreyRestriction,in-tranche
Euler.GevreyEnergyLimit,2,Euler.GevreyMetricEstimate,in-tranche
Euler.GevreyEnergyLimit,3,Euler.MetricPathConvergence,in-tranche
Euler.GevreyEnergyPathLimit,1,Euler.GevreyEnergyCutoff,in-tranche
Euler.GevreyFamilyCompactness,1,Euler.GevreyStabilityBudget,in-tranche
Euler.GevreyFamilyCompactness,2,Euler.CorrectionFamilyCompactness,in-tranche
Euler.GevreyFixedShift,1,Euler.OperatorGevreyCalculus,in-tranche
Euler.GevreyFlowBootstrap,1,Mathlib.Topology.Order.IntermediateValue,mathlib
Euler.GevreyFlowBootstrap,2,Mathlib.Topology.Order.Compact,mathlib
Euler.GevreyFlowBootstrap,3,Mathlib.MeasureTheory.Integral.IntervalIntegral.Basic,mathlib
Euler.GevreyFlowBootstrap,4,Mathlib.Tactic,mathlib
Euler.GevreyFlowFinite,1,Euler.GevreyGeneratingDerivatives,in-tranche
Euler.GevreyFlowFinite,2,Mathlib.MeasureTheory.Integral.IntervalIntegral.FundThmCalculus,mathlib
Euler.GevreyFlowLpIntegration,1,Euler.GevreyJetCompositionLp,in-tranche
Euler.GevreyFlowLpIntegration,2,Euler.LpParameterIntegral,in-tranche
Euler.GevreyForcingComponents,1,Euler.GevreyBaseTransport,in-tranche
Euler.GevreyForcingComponents,2,Euler.GevreyPressureEnergy,in-tranche
Euler.GevreyForcingComponents,3,Euler.WeightedForcingAlgebra,in-tranche
Euler.GevreyGeneratingAlgebra,1,Euler.GevreyCompositionPartitions,in-tranche
Euler.GevreyGeneratingAlgebra,2,Mathlib.Analysis.Calculus.IteratedDeriv.FaaDiBruno,mathlib
Euler.GevreyGeneratingAlgebra,3,Mathlib.Analysis.Calculus.IteratedDeriv.Lemmas,mathlib
Euler.GevreyGeneratingAlgebra,4,Mathlib.Analysis.Calculus.Deriv.Polynomial,mathlib
Euler.GevreyGeneratingAlgebra,5,Mathlib.Analysis.Calculus.ContDiff.Polynomial,mathlib
Euler.GevreyGeneratingAlgebra,6,Mathlib.Algebra.Polynomial.Eval.Degree,mathlib
Euler.GevreyGeneratingAlgebra,7,Mathlib.Algebra.Order.Field.GeomSum,mathlib
Euler.GevreyGeneratingComposition,1,Euler.GevreyGeneratingAlgebra,in-tranche
Euler.GevreyGeneratingComposition,2,Euler.GevreyFlowBootstrap,in-tranche
Euler.GevreyGeneratingDerivatives,1,Euler.GevreyGeneratingComposition,in-tranche
Euler.GevreyGeneratingDerivativesNoOptions,1,Euler.GevreyGeneratingComposition,in-tranche
Euler.GevreyGrowthBudget,1,Euler.GevreyGrowthCoefficient,in-tranche
Euler.GevreyGrowthCoefficient,1,Euler.GevreyMetricEstimate,in-tranche
Euler.GevreyInverseMap,1,Euler.GevreyComposition,in-tranche
Euler.GevreyInverseMap,2,Euler.GevreyInversePartitions,in-tranche
Euler.GevreyInversePartitions,1,Euler.GevreyCompositionPartitions,in-tranche
Euler.GevreyInviscidEnergyCompactness,1,Euler.ViscousCorrectionFamily,in-tranche
Euler.GevreyInviscidEnergyCompactness,2,Euler.GevreyStabilityBudget,in-tranche
Euler.GevreyInviscidEnergyCompactness,3,Euler.GevreyFamilyCompactness,in-tranche
Euler.GevreyInviscidEnergyCompactness,4,Euler.GevreyEnergyPathLimit,in-tranche
Euler.GevreyJetCompositionLp,1,Euler.GevreyCompositionLp,in-tranche
Euler.GevreyLowNorms,1,Euler.GevreyTransportCommutator,in-tranche
Euler.GevreyLowNorms,2,Euler.GevreyMetricComparison,in-tranche
Euler.GevreyMetricComparison,1,Euler.SobolevGevreyOperators,in-tranche
Euler.GevreyMetricComparison,2,Euler.BaseWordMetric,in-tranche
Euler.GevreyMetricComparison,3,Euler.WeightedCylinderEnergy,in-tranche
Euler.GevreyMetricEstimate,1,Euler.GevreyNonlinearEstimate,in-tranche
Euler.GevreyMetricForcing,1,Euler.GevreyMetricEstimate,in-tranche
Euler.GevreyNonlinearEstimate,1,Euler.GevreyCorrectionBound,in-tranche
Euler.GevreyOrderZero,1,Euler.SobolevGevreyOperators,in-tranche
Euler.GevreyOrderZero,2,Euler.CorrectionOperators,in-tranche
Euler.GevreyPathNorm,1,Euler.GevreyContinuationNorm,in-tranche
Euler.GevreyPathNorm,2,Euler.EnergyMetricPaths,in-tranche
Euler.GevreyPressureComplete,1,Euler.GevreyPressureEnergy,in-tranche
Euler.GevreyPressureEnergy,1,Euler.GevreyPressureShifted,in-tranche
Euler.GevreyPressureEnergy,2,Euler.GevreyLowNorms,in-tranche
Euler.GevreyPressureEnergy,3,Euler.BasePressureCommutator,in-tranche
Euler.GevreyPressureEnergy,4,Euler.PressureCommutatorWeights,in-tranche
Euler.GevreyPressureShifted,1,Euler.GevreyPressureTransport,in-tranche
Euler.GevreyPressureTransport,1,Euler.GevreyTransportCommutator,in-tranche
Euler.GevreyPressureTransport,2,Euler.NonlinearPressureLower,in-tranche
Euler.GevreyProductLp,1,Euler.GevreyCompositionLp,in-tranche
Euler.GevreyProductLp,2,Euler.OperatorGevreyCalculus,in-tranche
Euler.GevreyRadiusReduction,1,Euler.GevreyRestriction,in-tranche
Euler.GevreyRestriction,1,Euler.GevreyDifferentiatedEquation,in-tranche
Euler.GevreyStabilityBudget,1,Euler.ViscosityCauchy,in-tranche
Euler.GevreyStabilityBudget,2,Euler.CorrectionEnergyData,in-tranche
Euler.GevreyStabilityBudget,3,Euler.CorrectionLowerData,in-tranche
Euler.GevreyTransportCommutator,1,Euler.SobolevTransportCommutator,in-tranche
Euler.GevreyUniformConstants,1,Euler.GevreyCorrectionForcing,in-tranche
Euler.GevreyUniformConstants,2,Euler.H6PressureConstants,in-tranche
Euler.GlobalGevreyCorrection,1,Euler.PartialCorrectionBootstrap,in-tranche
Euler.GlobalGevreyCorrection,2,Euler.GevreyPathNorm,in-tranche
Euler.GlobalGevreyCorrection,3,Euler.CorrectionMildEquation,in-tranche
Euler.GlobalInviscidGevrey,1,Euler.GevreyInviscidEnergyCompactness,in-tranche
Euler.GlobalInviscidGevrey,2,Euler.CorrectionLimitEquation,in-tranche
Euler.GlobalInviscidGevrey,3,Euler.InviscidSobolevEvolution,in-tranche
Euler.GradientReflection,1,Euler.CylinderReflection,in-tranche
Euler.GradientReflection,2,Euler.SobolevCoefficientPressure,in-tranche
Euler.GramNaturality,1,Euler.TransverseGramInverse,in-tranche
Euler.GraphDivergence,1,Euler.ClassicalDivergence,in-tranche
Euler.GraphDivergence,2,Euler.GraphPressurePotential,in-tranche
Euler.GraphInvariantFlow,1,Euler.BoundedFlowContinuity,in-tranche
Euler.GraphInvariantFlow,2,Euler.EulerProof,in-tranche
Euler.GraphPressurePotential,1,Euler.ClassicalPressureCurl,in-tranche
Euler.GraphVelocityTrace,1,Euler.GraphInvariantFlow,in-tranche
Euler.H3CurlConvergence,1,Euler.OrdinaryEulerStability,in-tranche
Euler.H3CurlConvergence,2,Euler.MeanBoundaryOperator,in-tranche
Euler.H5CylinderAlgebra,1,Euler.GeneralRealCylinderAlgebra,in-tranche
Euler.H5RealCylinderAlgebra,1,Euler.H5CylinderAlgebra,in-tranche
Euler.H5RealCylinderAlgebra,2,Mathlib.MeasureTheory.SpecificCodomains.WithLp,mathlib
Euler.H6NonlinearPressure,1,Euler.H6TransportSource,in-tranche
Euler.H6NonlinearProduct,1,Euler.H6PressureConstants,in-tranche
Euler.H6NonlinearProduct,2,Mathlib.MeasureTheory.SpecificCodomains.WithLp,mathlib
Euler.H6Pressure,1,Euler.EulerProof,in-tranche
Euler.H6PressureCommutator,1,Euler.H6Pressure,in-tranche
Euler.H6PressureConstants,1,Euler.H6PressureInverse,in-tranche
Euler.H6PressureInverse,1,Euler.H6PressureCommutator,in-tranche
Euler.H6TransportSource,1,Euler.H6NonlinearProduct,in-tranche
Euler.HeatAllOrders,1,Euler.SobolevSmoothApproximation,in-tranche
Euler.HeatAllOrders,2,Euler.SobolevSmoothProduct,in-tranche
Euler.HeatGradientEnergy,1,Euler.SobolevLaplacian,in-tranche
Euler.HeatGradientIntegral,1,Euler.HeatGradientEnergy,in-tranche
Euler.HeatHessianEnergy,1,Euler.HeatGradientEnergy,in-tranche
Euler.HeatMaximalCauchy,1,Euler.HeatMaximalEstimate,in-tranche
Euler.HeatMaximalCauchy,2,Euler.QuadraticCauchy,in-tranche
Euler.HeatMaximalEstimate,1,Euler.HeatGradientIntegral,in-tranche
Euler.HeatMaximalEstimate,2,Euler.SobolevEllipticBound,in-tranche
Euler.HeatMaximalEstimate,3,Euler.TimeLp,in-tranche
Euler.HeatMaximalRegularity,1,Euler.HeatMaximalCauchy,in-tranche
Euler.HeatMaximalRegularity,2,Euler.RegularizedMildEquation,in-tranche
Euler.HeatMaximalRegularity,3,Euler.TimeLpMap,in-tranche
Euler.HeatRegularizedPaths,1,Euler.HeatRestart,in-tranche
Euler.HeatRegularizedPaths,2,Euler.SobolevSmoothApproximation,in-tranche
Euler.HeatRestart,1,Euler.MildWordEquation,in-tranche
Euler.HilbertCoerciveGevrey,1,Euler.HilbertCoerciveParameter,in-tranche
Euler.HilbertCoerciveGevrey,2,Mathlib.Analysis.Calculus.ContDiff.Bounds,mathlib
Euler.HilbertCoerciveParameter,1,Euler.TransverseVariationalOperator,in-tranche
Euler.HilbertCoerciveTransport,1,Euler.TransverseVariationalOperator,in-tranche
Euler.HilbertProductSubspaceRetraction,1,Mathlib.Analysis.InnerProductSpace.PiL2,mathlib
Euler.HilbertProductSubspaceRetraction,2,Mathlib.Topology.Algebra.Module.ClosedSubmodule,mathlib
Euler.HilbertProductSubspaceRetraction,3,Mathlib.Topology.ContinuousMap.Algebra,mathlib
Euler.HilbertQuadraticFlow,1,Euler.BoundedLipschitzFlow,in-tranche
Euler.HilbertQuadraticFlow,2,Mathlib.Analysis.InnerProductSpace.Calculus,mathlib
Euler.InitialDataBridge,1,Euler.SolutionDefinitions,in-tranche
Euler.InitialDataBridge,2,Mathlib.Analysis.Distribution.SchwartzSpace.Basic,mathlib
Euler.InitialDataBridge,3,Mathlib.Analysis.SpecialFunctions.Pow.Continuity,mathlib
Euler.InitialH1OperatorProduct,1,Euler.InitialTimePrimitive,in-tranche
Euler.InitialH1OperatorProduct,2,Euler.TimeH1FieldProduct,in-tranche
Euler.InitialH1OperatorProduct,3,Euler.TimeWeakDerivative,in-tranche
Euler.InitialTimePrimitive,1,Euler.TerminalTimePrimitive,in-tranche
Euler.InjectivePathDerivative,1,Euler.IntegralPathLimit,in-tranche
Euler.InjectivePathDerivativeWithin,1,Euler.InjectivePathDerivative,in-tranche
Euler.IntegralEnergyBootstrap,1,Euler.EulerProof,in-tranche
Euler.IntegralEnergyBootstrap,2,Mathlib.Topology.Order.ProjIcc,mathlib
Euler.IntegralPathLimit,1,Euler.VolterraConvolution,in-tranche
Euler.IntegralPathLimit,2,Mathlib.MeasureTheory.Integral.IntervalIntegral.FundThmCalculus,mathlib
Euler.IntervalPathConcatenation,1,Euler.ContinuousTimeIntegral,in-tranche
Euler.InverseMapJetContinuity,1,Euler.GevreyInverseMap,in-tranche
Euler.InviscidCorrectionCompatibility,1,Euler.InviscidCorrectionRestriction,in-tranche
Euler.InviscidCorrectionCompatibility,2,Euler.InviscidCorrectionUniqueness,in-tranche
Euler.InviscidCorrectionParity,1,Euler.CorrectionParity,in-tranche
Euler.InviscidCorrectionParity,2,Euler.InviscidCorrectionUniqueness,in-tranche
Euler.InviscidCorrectionRestriction,1,Euler.CorrectionSourceRestriction,in-tranche
Euler.InviscidCorrectionRestriction,2,Euler.InviscidCorrectionUniqueness,in-tranche
Euler.InviscidCorrectionUniqueness,1,Euler.CorrectionStabilityBudget,in-tranche
Euler.InviscidCorrectionUniqueness,2,Euler.InviscidDifferencePDE,in-tranche
Euler.InviscidDifferencePDE,1,Euler.CorrectionDifferencePDE,in-tranche
Euler.InviscidSobolevEvolution,1,Euler.InjectivePathDerivative,in-tranche
Euler.InviscidSobolevEvolution,2,Euler.QuadraticSourceLimit,in-tranche
Euler.InviscidSobolevEvolution,3,Euler.EulerCorrectionEquation,in-tranche
Euler.IsometricActionCalculus,1,Mathlib.Analysis.Calculus.UniformLimitsDeriv,mathlib
Euler.IsometricActionDerivativeBound,1,Euler.IsometricActionCalculus,in-tranche
Euler.IsometricActionDerivativeBound,2,Mathlib.Analysis.Calculus.MeanValue,mathlib
Euler.IsometricActionWords,1,Euler.IsometricActionCalculus,in-tranche
Euler.IsometricActionWords,2,Euler.ParameterSobolevBlocks,in-tranche
Euler.LiftedSmoothTimeField,1,Euler.SmoothTimeFieldLinear,in-tranche
Euler.LiftedSmoothTimeField,2,Euler.LiftedTransportTrace,in-tranche
Euler.LiftedSmoothTimeField,3,Euler.PacketNormalDriftBounds,in-tranche
Euler.LiftedSmoothTimeFieldBounds,1,Euler.LiftedSmoothTimeField,in-tranche
Euler.LiftedSmoothTimeFieldBounds,2,Euler.SmoothTimeFieldAlgebra,in-tranche
Euler.LiftedTransportComponents,1,Euler.SobolevTransport,in-tranche
Euler.LiftedTransportTrace,1,Euler.ClassicalDivergence,in-tranche
Euler.LiftedTransportTrace,2,Euler.FieldTowerRepresentative,in-tranche
Euler.LiftedVelocitySplit,1,Euler.SobolevDriftNorm,in-tranche
Euler.LiftedVelocitySplit,2,Euler.PacketCylinderFieldAdvection,in-tranche
Euler.LinearDuhamel,1,Euler.TimeH1OperatorProduct,in-tranche
Euler.LinearDuhamel,2,Mathlib.Analysis.Calculus.FDeriv.Mul,mathlib
Euler.LinearDuhamelFrozenGevrey,1,Euler.LinearDuhamelFrozenOperator,in-tranche
Euler.LinearDuhamelFrozenGevrey,2,Euler.ParameterSobolevCoefficient,in-tranche
Euler.LinearDuhamelFrozenGevrey,3,Euler.ParameterSobolevLinear,in-tranche
Euler.LinearDuhamelFrozenOperator,1,Euler.LinearDuhamelGevrey,in-tranche
Euler.LinearDuhamelGevrey,1,Euler.LinearDuhamelParameter,in-tranche
Euler.LinearDuhamelGevrey,2,Euler.LinearDuhamelWeighted,in-tranche
Euler.LinearDuhamelGevrey,3,Euler.FrozenEvolutionGevrey,in-tranche
Euler.LinearDuhamelNaturality,1,Euler.LinearDuhamel,in-tranche
Euler.LinearDuhamelOperator,1,Euler.LinearDuhamel,in-tranche
Euler.LinearDuhamelOperator,2,Euler.ContinuousTimeIntegral,in-tranche
Euler.LinearDuhamelParameter,1,Euler.LinearDuhamelOperator,in-tranche
Euler.LinearDuhamelParameter,2,Euler.ContinuousPathCalculus,in-tranche
Euler.LinearDuhamelParameter,3,Mathlib.Analysis.Calculus.ContDiff.Operations,mathlib
Euler.LinearDuhamelSobolevGevrey,1,Euler.LinearDuhamelFrozenGevrey,in-tranche
Euler.LinearDuhamelSobolevGevrey,2,Euler.ParameterSobolevGevreyAt,in-tranche
Euler.LinearDuhamelSymmetry,1,Euler.LinearDuhamelWeighted,in-tranche
Euler.LinearDuhamelWeighted,1,Euler.LinearDuhamelOperator,in-tranche
Euler.LinearDuhamelWeighted,2,Euler.ContinuousTimeWeight,in-tranche
Euler.LinearDuhamelWeightedNaturality,1,Euler.LinearDuhamelNaturality,in-tranche
Euler.LinearDuhamelWeightedNaturality,2,Euler.LinearDuhamelWeighted,in-tranche
Euler.LinearEvolutionDeterminant,1,Euler.LinearFundamentalPath,in-tranche
Euler.LinearEvolutionDeterminant,2,Mathlib.Analysis.Calculus.FDeriv.Analytic,mathlib
Euler.LinearEvolutionDeterminant,3,Mathlib.Topology.Instances.Matrix,mathlib
Euler.LinearEvolutionDeterminant,4,Mathlib.Analysis.Normed.Module.FiniteDimension,mathlib
Euler.LinearEvolutionDeterminant,5,Mathlib.Analysis.Matrix.Normed,mathlib
Euler.LinearFundamentalExistence,1,Euler.LinearDuhamel,in-tranche
Euler.LinearFundamentalPath,1,Euler.LinearFundamentalExistence,in-tranche
Euler.LocalFlowTrap,1,Mathlib.Analysis.Calculus.MeanValue,mathlib
Euler.LocalFlowTrap,2,Mathlib.Analysis.Normed.Group.Bounded,mathlib
Euler.LocalFlowTrap,3,Mathlib.Topology.Instances.ENNReal.Lemmas,mathlib
Euler.LocalFlowTrap,4,Mathlib.Tactic.FieldSimp,mathlib
Euler.LocalFlowTrap,5,Mathlib.Tactic.Linarith,mathlib
Euler.LocalFlowTrap,6,Mathlib.Tactic.Positivity,mathlib
Euler.LogarithmicCutoffOptimization,1,Mathlib.Analysis.SpecialFunctions.Pow.Real,mathlib
Euler.LogarithmicCutoffOptimization,2,Mathlib.Tactic,mathlib
Euler.LowerTransportSource,1,Euler.H5RealCylinderAlgebra,in-tranche
Euler.LowerTransportSource,2,Euler.ExternalTransportCommutator,in-tranche
Euler.LpBochnerRealization,1,Mathlib.MeasureTheory.Function.L2Space,mathlib
Euler.LpBochnerRealization,2,Mathlib.MeasureTheory.Integral.Prod,mathlib
Euler.LpCompactTranslation,1,Euler.LpTranslation,in-tranche
Euler.LpCompactTranslation,2,Euler.LpDominatedDerivative,in-tranche
Euler.LpCompactTranslation,3,Mathlib.Analysis.Calculus.MeanValue,mathlib
Euler.LpCylinderCoefficientTime,1,Euler.LpCylinderRectangular,in-tranche
Euler.LpCylinderCoefficientTime,2,Euler.LpCylinderCoefficients,in-tranche
Euler.LpCylinderCoefficientTimeInvestigation,1,Euler.LpCylinderRectangular,in-tranche
Euler.LpCylinderCoefficientTimeInvestigation,2,Euler.LpCylinderCoefficients,in-tranche
Euler.LpCylinderCoefficients,1,Euler.LpCylinderPaths,in-tranche
Euler.LpCylinderCoefficients,2,Euler.LpSupportedConstructedEvolution,in-tranche
Euler.LpCylinderCoefficients,3,Euler.MeanCoefficientPathJets,in-tranche
Euler.LpCylinderFullTime,1,Euler.LpCylinderCoefficientTime,in-tranche
Euler.LpCylinderNormalBounds,1,Euler.LpCylinderRectangularRegularity,in-tranche
Euler.LpCylinderNormalBounds,2,Euler.ParameterSobolevOperations,in-tranche
Euler.LpCylinderOrbit,1,Euler.LpCylinderPaths,in-tranche
Euler.LpCylinderPathBounds,1,Euler.LpCylinderRectangularRegularity,in-tranche
Euler.LpCylinderPaths,1,Euler.LpCylinderTranslation,in-tranche
Euler.LpCylinderPaths,2,Euler.ParameterSobolevLinear,in-tranche
Euler.LpCylinderPaths,3,Euler.ParameterSobolevLocal,in-tranche
Euler.LpCylinderRectangular,1,Euler.LpCylinderPaths,in-tranche
Euler.LpCylinderRectangular,2,Euler.LpOperatorFieldPath,in-tranche
Euler.LpCylinderRectangular,3,Euler.ContinuousPathCalculus,in-tranche
Euler.LpCylinderRectangularRegularity,1,Euler.LpCylinderRectangular,in-tranche
Euler.LpCylinderRectangularRegularity,2,Euler.ParameterSobolevProductAt,in-tranche
Euler.LpCylinderRectangularRegularity,3,Euler.ParameterSobolevCoefficient,in-tranche
Euler.LpCylinderRegularCoefficient,1,Euler.LpCylinderCoefficients,in-tranche
Euler.LpCylinderRegularForward,1,Euler.LpCylinderSolutionTranslation,in-tranche
Euler.LpCylinderRegularForward,2,Euler.LpCylinderRegularCoefficient,in-tranche
Euler.LpCylinderRegularForward,3,Euler.LpCylinderOrbit,in-tranche
Euler.LpCylinderRegularForward,4,Euler.LinearDuhamelGevrey,in-tranche
Euler.LpCylinderRegularSobolev,1,Euler.LpCylinderRegularForward,in-tranche
Euler.LpCylinderRegularSobolev,2,Euler.LinearDuhamelSobolevGevrey,in-tranche
Euler.LpCylinderSolutionTranslation,1,Euler.LpCylinderCoefficients,in-tranche
Euler.LpCylinderSolutionTranslation,2,Euler.LinearDuhamelNaturality,in-tranche
Euler.LpCylinderSolutionTranslation,3,Euler.LinearDuhamelWeighted,in-tranche
Euler.LpCylinderSolutionTranslation,4,Euler.LinearDuhamelWeightedNaturality,in-tranche
Euler.LpCylinderTimeWeight,1,Euler.LpCylinderRectangular,in-tranche
Euler.LpCylinderTimeWeight,2,Euler.ContinuousTimeWeight,in-tranche
Euler.LpCylinderTranslation,1,Euler.LpSupportedTranslation,in-tranche
Euler.LpCylinderTranslation,2,Mathlib.MeasureTheory.Function.LpSpace.ContinuousCompMeasurePreserving,mathlib
Euler.LpCylinderUnweightedForward,1,Euler.LpCylinderRegularForward,in-tranche
Euler.LpDerivativeBundling,1,Euler.LpDerivativeMap,in-tranche
Euler.LpDerivativeMap,1,Euler.MeanSolenoidalSpace,in-tranche
Euler.LpDerivativeMap,2,Mathlib.MeasureTheory.Function.ContinuousMapDense,mathlib
Euler.LpDominatedConvergence,1,Euler.LpDerivativeMap,in-tranche
Euler.LpDominatedConvergence,2,Mathlib.MeasureTheory.Integral.DominatedConvergence,mathlib
Euler.LpDominatedDerivative,1,Euler.LpDominatedConvergence,in-tranche
Euler.LpDominatedDerivative,2,Euler.LpDerivativeBundling,in-tranche
Euler.LpFiniteTensorReconstruction,1,Euler.LpMultilinearBundling,in-tranche
Euler.LpFiniteTensorReconstruction,2,Mathlib.LinearAlgebra.Multilinear.Basis,mathlib
Euler.LpFiniteTensorReconstruction,3,Mathlib.LinearAlgebra.Basis.VectorSpace,mathlib
Euler.LpFiniteTensorReconstruction,4,Mathlib.Analysis.InnerProductSpace.PiL2,mathlib
Euler.LpFiniteTensorReconstruction,5,Mathlib.Analysis.Normed.Module.FiniteDimension,mathlib
Euler.LpFiniteTensorReconstruction,6,Mathlib.MeasureTheory.SpecificCodomains.Pi,mathlib
Euler.LpFiniteTensorReconstruction,7,Euler.EulerProof,in-tranche
Euler.LpMultilinearBundling,1,Euler.LpDerivativeBundling,in-tranche
Euler.LpMultilinearBundling,2,Mathlib.Analysis.Normed.Module.Multilinear.Basic,mathlib
Euler.LpOperatorField,1,Euler.LpSupportedSubspace,in-tranche
Euler.LpOperatorField,2,Mathlib.Topology.ContinuousMap.Bounded.Normed,mathlib
Euler.LpOperatorFieldAlgebra,1,Euler.LpOperatorFieldPath,in-tranche
Euler.LpOperatorFieldAlgebra,2,Euler.BoundedFieldCalculus,in-tranche
Euler.LpOperatorFieldPath,1,Euler.LpOperatorField,in-tranche
Euler.LpOperatorFieldPath,2,Euler.BoundedFieldTimeDerivative,in-tranche
Euler.LpParameterIntegral,1,Euler.LpBochnerRealization,in-tranche
Euler.LpParameterIntegral,2,Mathlib.MeasureTheory.Integral.Bochner.Basic,mathlib
Euler.LpParameterIntegral,3,Mathlib.MeasureTheory.Integral.IntervalIntegral.Basic,mathlib
Euler.LpPointwiseMultiplier,1,Euler.LpDominatedConvergence,in-tranche
Euler.LpSmoothApproximation,1,Euler.LpSpatialCutoff,in-tranche
Euler.LpSmoothApproximation,2,Euler.LpDerivativeBundling,in-tranche
Euler.LpSmoothCoefficientContinuity,1,Euler.LpSmoothCoefficientProduct,in-tranche
Euler.LpSmoothCoefficientProduct,1,Euler.LpSmoothFieldAlgebra,in-tranche
Euler.LpSmoothCoefficientProduct,2,Euler.SmoothCoefficientPathMap,in-tranche
Euler.LpSmoothCoefficientProduct,3,Euler.LpOperatorField,in-tranche
Euler.LpSmoothFamily,1,Euler.LpDominatedDerivative,in-tranche
Euler.LpSmoothFamily,2,Mathlib.Analysis.Calculus.MeanValue,mathlib
Euler.LpSmoothFamilyJets,1,Euler.LpSmoothFamily,in-tranche
Euler.LpSmoothField,1,Euler.LpSmoothApproximation,in-tranche
Euler.LpSmoothFieldAlgebra,1,Euler.LpSmoothFieldJets,in-tranche
Euler.LpSmoothFieldJets,1,Euler.LpSmoothField,in-tranche
Euler.LpSmoothFieldJets,2,Euler.LpMultilinearBundling,in-tranche
Euler.LpSmoothJetField,1,Euler.LpSmoothFieldAlgebra,in-tranche
Euler.LpSpatialCutoff,1,Euler.LpCompactTranslation,in-tranche
Euler.LpSpatialCutoff,2,Euler.LpDominatedConvergence,in-tranche
Euler.LpSupportedConstructedEvolution,1,Euler.LpSupportedEvolution,in-tranche
Euler.LpSupportedConstructedEvolution,2,Euler.LinearFundamentalPath,in-tranche
Euler.LpSupportedEvolution,1,Euler.LpSupportedMultiplier,in-tranche
Euler.LpSupportedEvolution,2,Euler.BoundedFieldTimeDerivative,in-tranche
Euler.LpSupportedEvolution,3,Euler.LinearDuhamel,in-tranche
Euler.LpSupportedMultiplier,1,Euler.LpSupportedSubspace,in-tranche
Euler.LpSupportedMultiplier,2,Mathlib.Topology.ContinuousMap.Bounded.Normed,mathlib
Euler.LpSupportedSubspace,1,Euler.EulerProof,in-tranche
Euler.LpSupportedTranslation,1,Euler.LpSupportedMultiplier,in-tranche
Euler.LpSupportedTranslation,2,Euler.LpTranslation,in-tranche
Euler.LpSupportedTranslation,3,Euler.MeanCoefficientPath,in-tranche
Euler.LpSupportedTranslation,4,Mathlib.Topology.MetricSpace.Thickening,mathlib
Euler.LpTranslation,1,Euler.LpDerivativeMap,in-tranche
Euler.LpTranslation,2,Mathlib.MeasureTheory.Function.LpSpace.ContinuousCompMeasurePreserving,mathlib
Euler.LpTranslation,3,Mathlib.Analysis.Calculus.UniformLimitsDeriv,mathlib
Euler.LpTranslation,4,Euler.IsometricActionCalculus,in-tranche
Euler.MaximalTopCauchy,1,Euler.HeatMaximalRegularity,in-tranche
Euler.MaximalTopCauchy,2,Euler.RegularizedTopBlocks,in-tranche
Euler.MaximalTopCauchy,3,Euler.TopBlockCauchy,in-tranche
Euler.MeanAccelerationGevrey,1,Euler.MeanGramTranslation,in-tranche
Euler.MeanAccelerationGevrey,2,Euler.MeanFixedCoefficientGevrey,in-tranche
Euler.MeanAccelerationGevrey,3,Euler.TimeLpAccelerationForcing,in-tranche
Euler.MeanAccelerationSobolev,1,Euler.MeanAccelerationGevrey,in-tranche
Euler.MeanAccelerationSobolev,2,Euler.TimeLpAccelerationSobolev,in-tranche
Euler.MeanBoundaryCoercivity,1,Euler.MeanBoundaryLocalization,in-tranche
Euler.MeanBoundaryCoercivity,2,Euler.MeanLocalizedQuadraticBound,in-tranche
Euler.MeanBoundaryCoercivity,3,Euler.MeanScaledCutoff,in-tranche
Euler.MeanBoundaryDerivative,1,Euler.MeanCutoffTaylor,in-tranche
Euler.MeanBoundaryDerivative,2,Mathlib.Analysis.Calculus.Deriv.Slope,mathlib
Euler.MeanBoundaryDifference,1,Euler.MeanBoundaryTranslation,in-tranche
Euler.MeanBoundaryFrechet,1,Euler.MeanBoundaryDerivative,in-tranche
Euler.MeanBoundaryFrechet,2,Mathlib.Analysis.Calculus.ContDiff.FiniteDimension,mathlib
Euler.MeanBoundaryGevrey,1,Euler.MeanBoundaryIterated,in-tranche
Euler.MeanBoundaryIterated,1,Euler.MeanBoundaryFrechet,in-tranche
Euler.MeanBoundaryIterated,2,Mathlib.Analysis.Calculus.ContDiff.Bounds,mathlib
Euler.MeanBoundaryLocalization,1,Euler.MeanWeakHarmonicScaling,in-tranche
Euler.MeanBoundaryMixed,1,Euler.MeanBoundaryOperator,in-tranche
Euler.MeanBoundaryOperator,1,Euler.MeanGradientTestSpace,in-tranche
Euler.MeanBoundaryOperator,2,Mathlib.MeasureTheory.Integral.Bochner.Set,mathlib
Euler.MeanBoundaryPhysicalSupport,1,Euler.MeanScaledCutoff,in-tranche
Euler.MeanBoundaryReflection,1,Euler.MeanBoundaryMixed,in-tranche
Euler.MeanBoundaryReflection,2,Euler.MeanSolenoidalReflection,in-tranche
Euler.MeanBoundaryReflection,3,Euler.MeanScaledCutoff,in-tranche
Euler.MeanBoundaryTranslation,1,Euler.MeanBoundaryMixed,in-tranche
Euler.MeanBoundaryTranslation,2,Euler.MeanSolenoidalTranslation,in-tranche
Euler.MeanClassicalConstraints,1,Euler.MeanPressurePotential,in-tranche
Euler.MeanClassicalConstraints,2,Euler.MeanSmoothRepresentative,in-tranche
Euler.MeanClassicalSpatialTime,1,Euler.MeanContinuousPhysical,in-tranche
Euler.MeanClassicalSpatialTime,2,Euler.MeanPathTimeDerivative,in-tranche
Euler.MeanClassicalTime,1,Euler.MeanStrongEstimates,in-tranche
Euler.MeanClassicalTime,2,Euler.ContinuousGramAcceleration,in-tranche
Euler.MeanClassicalTime,3,Euler.TimeH1ContinuousDerivative,in-tranche
Euler.MeanClassicalTime,4,Euler.TimeH1Reconstruction,in-tranche
Euler.MeanClassicalWordBounds,1,Euler.MeanSpatialDerivative,in-tranche
Euler.MeanClassicalWordBounds,2,Euler.MeanTimeContinuousTranslation,in-tranche
Euler.MeanClassicalWordBounds,3,Euler.ParameterSobolevLinear,in-tranche
Euler.MeanCoefficientFrame,1,Euler.MeanCoefficientTime,in-tranche
Euler.MeanCoefficientMultipliers,1,Euler.MeanSolenoidalSpace,in-tranche
Euler.MeanCoefficientMultipliers,2,Mathlib.Topology.ContinuousMap.Bounded.Normed,mathlib
Euler.MeanCoefficientPath,1,Euler.BoundedCoefficientSmooth,in-tranche
Euler.MeanCoefficientPath,2,Euler.MeanCoefficientTime,in-tranche
Euler.MeanCoefficientPathJets,1,Euler.SmoothCoefficientPath,in-tranche
Euler.MeanCoefficientPathJets,2,Euler.BoundedCoefficientJets,in-tranche
Euler.MeanCoefficientPathJets,3,Euler.MeanCoefficientFrame,in-tranche
Euler.MeanCoefficientSpatial,1,Euler.MeanCoefficientMultipliers,in-tranche
Euler.MeanCoefficientSpatial,2,Euler.MeanSolenoidalTranslation,in-tranche
Euler.MeanCoefficientSpatial,3,Euler.MeanCutoffTaylor,in-tranche
Euler.MeanCoefficientTime,1,Euler.MeanCoefficientMultipliers,in-tranche
Euler.MeanCoefficientTime,2,Euler.TimeH1OperatorProduct,in-tranche
Euler.MeanConcreteTranslation,1,Euler.MeanOperatorTranslation,in-tranche
Euler.MeanConcreteTranslation,2,Euler.MeanCoefficientSpatial,in-tranche
Euler.MeanConcreteTranslation,3,Euler.MeanCoefficientPath,in-tranche
Euler.MeanConcreteTranslation,4,Euler.MeanBoundaryTranslation,in-tranche
Euler.MeanContinuousAcceleration,1,Euler.MeanPointwiseGramTranslation,in-tranche
Euler.MeanContinuousAcceleration,2,Euler.MeanCoordinatePath,in-tranche
Euler.MeanContinuousAcceleration,3,Euler.MeanFixedCoefficientGevrey,in-tranche
Euler.MeanContinuousAcceleration,4,Euler.ContinuousAccelerationGevrey,in-tranche
Euler.MeanContinuousPhysical,1,Euler.MeanContinuousAcceleration,in-tranche
Euler.MeanContinuousPhysical,2,Euler.MeanPhysicalTranslation,in-tranche
Euler.MeanContinuousPressure,1,Euler.MeanTimeSobolev,in-tranche
Euler.MeanContinuousPressure,2,Euler.ParameterSobolevOperations,in-tranche
Euler.MeanContinuousSobolev,1,Euler.MeanContinuousAcceleration,in-tranche
Euler.MeanContinuousSobolev,2,Euler.ContinuousAccelerationSobolev,in-tranche
Euler.MeanContinuousVelocity,1,Euler.MeanVelocityPressure,in-tranche
Euler.MeanContinuousVelocity,2,Euler.MeanTimeContinuousTranslation,in-tranche
Euler.MeanCoordinatePath,1,Euler.MeanClassicalTime,in-tranche
Euler.MeanCoordinatePath,2,Euler.MeanStrongGevrey,in-tranche
Euler.MeanCoordinatePath,3,Euler.TimeH1ReconstructionNaturality,in-tranche
Euler.MeanCurlIntegration,1,Euler.MeanVectorIdentities,in-tranche
Euler.MeanCurlTensor,1,Euler.MeanBoundaryOperator,in-tranche
Euler.MeanCutoffCurlBound,1,Euler.EulerProof,in-tranche
Euler.MeanCutoffCurlBound,2,Mathlib.Analysis.FunctionalSpaces.SobolevInequality,mathlib
Euler.MeanCutoffCurlBound,3,Mathlib.MeasureTheory.Function.LpSeminorm.LpNorm,mathlib
Euler.MeanCutoffDifferenceBound,1,Euler.MeanBoundaryDifference,in-tranche
Euler.MeanCutoffDifferenceBound,2,Mathlib.Analysis.Calculus.MeanValue,mathlib
Euler.MeanCutoffDifferenceBound,3,Mathlib.MeasureTheory.Function.LpSeminorm.Indicator,mathlib
Euler.MeanCutoffTaylor,1,Euler.MeanCutoffDifferenceBound,in-tranche
Euler.MeanCutoffTaylor,2,Mathlib.Analysis.Calculus.FDeriv.Symmetric,mathlib
Euler.MeanCylinderSolenoidal,1,Euler.CylinderClassicalSolenoidal,in-tranche
Euler.MeanCylinderSolenoidal,2,Euler.CylinderSpatialEmbedding,in-tranche
Euler.MeanCylinderSolenoidal,3,Euler.MeanClassicalConstraints,in-tranche
Euler.MeanCylinderWordBounds,1,Euler.MeanPacketCylinderFields,in-tranche
Euler.MeanCylinderWordBounds,2,Euler.CylinderSpatialMeanPath,in-tranche
Euler.MeanCylinderWordBounds,3,Euler.ParameterWordRestriction,in-tranche
Euler.MeanCylinderWordBounds,4,Euler.CylinderActionWords,in-tranche
Euler.MeanCylinderWordBounds,5,Euler.PacketCylinderFieldBounds,in-tranche
Euler.MeanDisplacementRegularity,1,Euler.MeanVariationalInverse,in-tranche
Euler.MeanDisplacementRegularity,2,Euler.TimeH1OperatorProduct,in-tranche
Euler.MeanFixedCoefficientGevrey,1,Euler.MeanFixedCoefficientRegularity,in-tranche
Euler.MeanFixedCoefficientGevrey,2,Euler.TimeLpCoefficientGevrey,in-tranche
Euler.MeanFixedCoefficientGevrey,3,Euler.MeanFormGevrey,in-tranche
Euler.MeanFixedCoefficientRegularity,1,Euler.MeanFixedSpaceInverse,in-tranche
Euler.MeanFixedCoefficientRegularity,2,Euler.MeanStrongEstimates,in-tranche
Euler.MeanFixedCoefficientRegularity,3,Euler.TimeLpCoefficientMap,in-tranche
Euler.MeanFixedFrameTransport,1,Euler.MeanFrameCoefficients,in-tranche
Euler.MeanFixedFrameTransport,2,Euler.TimeH1FrameTransport,in-tranche
Euler.MeanFixedReflection,1,Euler.MeanOperatorReflection,in-tranche
Euler.MeanFixedSobolevGevrey,1,Euler.MeanTranslatedGevrey,in-tranche
Euler.MeanFixedSobolevGevrey,2,Euler.ParameterSobolevGevrey,in-tranche
Euler.MeanFixedSobolevGevrey,3,Euler.ParameterSobolevCoefficient,in-tranche
Euler.MeanFixedSobolevGevrey,4,Euler.ParameterSobolevProductGevrey,in-tranche
Euler.MeanFixedSpaceInverse,1,Euler.MeanFixedFrameTransport,in-tranche
Euler.MeanFixedSpaceInverse,2,Euler.HilbertCoerciveTransport,in-tranche
Euler.MeanFixedTranslation,1,Euler.MeanOperatorTranslation,in-tranche
Euler.MeanFixedTranslation,2,Euler.MeanFixedSpaceInverse,in-tranche
Euler.MeanForcingTranslation,1,Euler.LpSmoothFieldJets,in-tranche
Euler.MeanForcingTranslation,2,Euler.LpSmoothFamilyJets,in-tranche
Euler.MeanForcingTranslation,3,Euler.MeanTimeTranslation,in-tranche
Euler.MeanFormGevrey,1,Euler.MeanVariationalOperator,in-tranche
Euler.MeanFormGevrey,2,Euler.HilbertCoerciveTransport,in-tranche
Euler.MeanFormGevrey,3,Euler.OperatorGevreyCalculus,in-tranche
Euler.MeanFrameCoefficients,1,Euler.MeanDisplacementRegularity,in-tranche
Euler.MeanGradientTestSpace,1,Euler.MeanCutoffCurlBound,in-tranche
Euler.MeanGradientTestSpace,2,Euler.MeanSolenoidalSpace,in-tranche
Euler.MeanGradientTestSpace,3,Mathlib.Analysis.Normed.Operator.Extend,mathlib
Euler.MeanGramTranslation,1,Euler.MeanFixedTranslation,in-tranche
Euler.MeanGramTranslation,2,Euler.TimeLpGramInverse,in-tranche
Euler.MeanGramTranslation,3,Euler.MeanStrongCoordinates,in-tranche
Euler.MeanHarmonicComponents,1,Euler.MeanMollifierLimit,in-tranche
Euler.MeanHarmonicCutoffEnergy,1,Euler.MeanHarmonicDerivatives,in-tranche
Euler.MeanHarmonicCutoffEnergy,2,Euler.MeanScalarSobolev,in-tranche
Euler.MeanHarmonicDecomposition,1,Euler.MeanCurlIntegration,in-tranche
Euler.MeanHarmonicDerivatives,1,Euler.MeanHarmonicLaplacian,in-tranche
Euler.MeanHarmonicEnergy,1,Euler.MeanSolenoidalSpace,in-tranche
Euler.MeanHarmonicEnergy,2,Mathlib.Analysis.InnerProductSpace.Harmonic.Basic,mathlib
Euler.MeanHarmonicH2,1,Euler.MeanHarmonicInteriorEnergy,in-tranche
Euler.MeanHarmonicH2,2,Euler.MeanScalarProductDerivatives,in-tranche
Euler.MeanHarmonicInterior,1,Euler.MeanHarmonicH2,in-tranche
Euler.MeanHarmonicInteriorEnergy,1,Euler.MeanInteriorCutoffs,in-tranche
Euler.MeanHarmonicLaplacian,1,Euler.MeanHarmonicEnergy,in-tranche
Euler.MeanHarmonicScaling,1,Euler.MeanHarmonicSmallBall,in-tranche
Euler.MeanHarmonicScaling,2,Mathlib.MeasureTheory.Measure.Haar.NormedSpace,mathlib
Euler.MeanHarmonicSmallBall,1,Euler.MeanHarmonicInterior,in-tranche
Euler.MeanHarmonicSmallBall,2,Mathlib.MeasureTheory.Measure.Lebesgue.VolumeOfBalls,mathlib
Euler.MeanInteriorCutoffs,1,Euler.MeanHarmonicCutoffEnergy,in-tranche
Euler.MeanL2Scaling,1,Euler.MeanMollifierLimit,in-tranche
Euler.MeanLocalL2Energy,1,Euler.MeanHarmonicSmallBall,in-tranche
Euler.MeanLocalizedQuadraticBound,1,Euler.MeanLocalL2Energy,in-tranche
Euler.MeanMollificationHarmonic,1,Euler.MeanMollifierLimit,in-tranche
Euler.MeanMollifierLimit,1,Euler.MeanScalarMollification,in-tranche
Euler.MeanMollifierLimit,2,Euler.MeanHarmonicScaling,in-tranche
Euler.MeanMomentumBoundary,1,Euler.MeanMomentumRegularity,in-tranche
Euler.MeanMomentumBoundary,2,Euler.TimeWeakBoundary,in-tranche
Euler.MeanMomentumRegularity,1,Euler.MeanDisplacementRegularity,in-tranche
Euler.MeanMomentumRegularity,2,Euler.TransverseMomentumRegularity,in-tranche
Euler.MeanOperatorReflection,1,Euler.MeanTimeReflection,in-tranche
Euler.MeanOperatorReflection,2,Euler.MeanFixedSpaceInverse,in-tranche
Euler.MeanOperatorTranslation,1,Euler.MeanTimeTranslation,in-tranche
Euler.MeanOperatorTranslation,2,Euler.MeanDisplacementRegularity,in-tranche
Euler.MeanOrbitSmoothL2Field,1,Euler.LpFiniteTensorReconstruction,in-tranche
Euler.MeanOrbitSmoothL2Field,2,Euler.MeanClassicalWordBounds,in-tranche
Euler.MeanOrbitSmoothL2Field,3,Euler.MeanPathSpatialRepresentative,in-tranche
Euler.MeanOrbitSmoothL2Field,4,Euler.LpSmoothFieldAlgebra,in-tranche
Euler.MeanOrbitSobolev,1,Euler.MeanSmoothRepresentative,in-tranche
Euler.MeanOrbitSobolev,2,Euler.SobolevJointEvaluation,in-tranche
Euler.MeanOrdinaryLift,1,Euler.MeanTimeTranslation,in-tranche
Euler.MeanPacketAngularForcing,1,Euler.MeanPacketOrbitForcing,in-tranche
Euler.MeanPacketAngularForcing,2,Euler.CylinderSpatialMeanTime,in-tranche
Euler.MeanPacketBudget,1,Euler.MeanCylinderWordBounds,in-tranche
Euler.MeanPacketBudget,2,Euler.MeanPacketPathEnvelope,in-tranche
Euler.MeanPacketBudget,3,Euler.MeanPacketPressureForcing,in-tranche
Euler.MeanPacketBudget,4,Euler.MeanPacketJets,in-tranche
Euler.MeanPacketBudget,5,Euler.PacketCylinderCoefficientBounds,in-tranche
Euler.MeanPacketConstraints,1,Euler.MeanPacketProvider,in-tranche
Euler.MeanPacketContract,1,Euler.MeanPacketJets,in-tranche
Euler.MeanPacketContract,2,Euler.MeanPacketParity,in-tranche
Euler.MeanPacketCylinderFields,1,Euler.MeanPacketOrbitForcing,in-tranche
Euler.MeanPacketCylinderFields,2,Euler.PacketCylinderFieldAlgebra,in-tranche
Euler.MeanPacketCylinderFields,3,Euler.CylinderSpatialMean,in-tranche
Euler.MeanPacketData,1,Euler.MeanSourceStrongInverse,in-tranche
Euler.MeanPacketData,2,Euler.MeanSourceSpatialRegularity,in-tranche
Euler.MeanPacketData,3,Euler.MeanPressureRepresentative,in-tranche
Euler.MeanPacketData,4,Euler.ContinuousForcingTimeLp,in-tranche
Euler.MeanPacketData,5,Euler.TimeLpLinearity,in-tranche
Euler.MeanPacketEnvelopeBounds,1,Euler.MeanPacketZeroForcing,in-tranche
Euler.MeanPacketEnvelopeBounds,2,Euler.MeanPacketSobolevData,in-tranche
Euler.MeanPacketEnvelopeBounds,3,Euler.ParameterSobolevScaling,in-tranche
Euler.MeanPacketEnvelopeBoundsNoOptions,1,Euler.MeanPacketZeroForcing,in-tranche
Euler.MeanPacketEnvelopeBoundsNoOptions,2,Euler.MeanPacketSobolevData,in-tranche
Euler.MeanPacketEnvelopeBoundsNoOptions,3,Euler.ParameterSobolevScaling,in-tranche
Euler.MeanPacketForcing,1,Euler.MeanPacketData,in-tranche
Euler.MeanPacketForcing,2,Euler.PacketProfileRecursion,in-tranche
Euler.MeanPacketForcing,3,Euler.MeanClassicalSpatialTime,in-tranche
Euler.MeanPacketForcingAlgebra,1,Euler.MeanPacketForcing,in-tranche
Euler.MeanPacketForcingAlgebra,2,Euler.LpSmoothFieldAlgebra,in-tranche
Euler.MeanPacketForcingProduct,1,Euler.MeanPacketForcingAlgebra,in-tranche
Euler.MeanPacketForcingProduct,2,Euler.MeanPacketProvider,in-tranche
Euler.MeanPacketForcingProduct,3,Euler.LpSmoothCoefficientContinuity,in-tranche
Euler.MeanPacketHomogeneity,1,Euler.MeanPacketOrbitForcing,in-tranche
Euler.MeanPacketHomogeneity,2,Euler.MeanPacketReflection,in-tranche
Euler.MeanPacketInitialZero,1,Euler.MeanPacketContract,in-tranche
Euler.MeanPacketJets,1,Euler.MeanPacketConstraints,in-tranche
Euler.MeanPacketNonlinearForcing,1,Euler.MeanPacketForcingProduct,in-tranche
Euler.MeanPacketNonlinearForcing,2,Euler.SmoothL2CoefficientPath,in-tranche
Euler.MeanPacketOrbitForcing,1,Euler.MeanOrbitSmoothL2Field,in-tranche
Euler.MeanPacketOrbitForcing,2,Euler.MeanPacketNonlinearForcing,in-tranche
Euler.MeanPacketOrbitForcing,3,Euler.MeanPacketProvider,in-tranche
Euler.MeanPacketParity,1,Euler.MeanPacketReflection,in-tranche
Euler.MeanPacketPathEnvelope,1,Euler.MeanPacketEnvelopeBounds,in-tranche
Euler.MeanPacketPathEnvelope,2,Euler.MeanPathLpBlocks,in-tranche
Euler.MeanPacketPressureForcing,1,Euler.MeanPacketOrbitForcing,in-tranche
Euler.MeanPacketProvider,1,Euler.MeanPacketForcing,in-tranche
Euler.MeanPacketProvider,2,Euler.MeanPathTimeDerivative,in-tranche
Euler.MeanPacketReflection,1,Euler.MeanPacketConstraints,in-tranche
Euler.MeanPacketReflection,2,Euler.MeanFixedReflection,in-tranche
Euler.MeanPacketReflection,3,Euler.MeanBoundaryReflection,in-tranche
Euler.MeanPacketSobolevData,1,Euler.MeanPacketOrbitForcing,in-tranche
Euler.MeanPacketSobolevData,2,Euler.MeanSourceTimeSobolev,in-tranche
Euler.MeanPacketSobolevData,3,Euler.MeanSourcePressureSobolev,in-tranche
Euler.MeanPacketZeroForcing,1,Euler.MeanPacketHomogeneity,in-tranche
Euler.MeanPathLpBlocks,1,Euler.MeanTimeContinuousTranslation,in-tranche
Euler.MeanPathLpBlocks,2,Euler.TimeLpLinearity,in-tranche
Euler.MeanPathLpBlocks,3,Euler.ParameterSobolevLinear,in-tranche
Euler.MeanPathSpatialRepresentative,1,Euler.MeanSpatialEvaluation,in-tranche
Euler.MeanPathSpatialRepresentative,2,Euler.MeanTimeContinuousTranslation,in-tranche
Euler.MeanPathTimeDerivative,1,Euler.MeanPathSpatialRepresentative,in-tranche
Euler.MeanPathTimeDerivative,2,Euler.MeanSpatialTimeDerivative,in-tranche
Euler.MeanPathTimeDerivative,3,Euler.ContinuousTimeIntegral,in-tranche
Euler.MeanPhysicalTranslation,1,Euler.MeanOperatorTranslation,in-tranche
Euler.MeanPhysicalTranslation,2,Euler.MeanStrongEstimates,in-tranche
Euler.MeanPhysicalTranslation,3,Euler.MeanFixedCoefficientGevrey,in-tranche
Euler.MeanPointwiseGramTranslation,1,Euler.MeanGramTranslation,in-tranche
Euler.MeanPressurePotential,1,Euler.MeanWeakCurl,in-tranche
Euler.MeanPressurePotential,2,Euler.CanonicalGraphPotential,in-tranche
Euler.MeanPressurePotential,3,Euler.MeanCoefficientMultipliers,in-tranche
Euler.MeanPressurePotential,4,Mathlib.LinearAlgebra.BilinearForm.Properties,mathlib
Euler.MeanPressureRepresentative,1,Euler.MeanContinuousPressure,in-tranche
Euler.MeanPressureRepresentative,2,Euler.MeanClassicalConstraints,in-tranche
Euler.MeanPressureRepresentative,3,Euler.MeanCoefficientFrame,in-tranche
Euler.MeanPressureRepresentative,4,Euler.SmoothCoefficientPath,in-tranche
Euler.MeanPressureRepresentative,5,Euler.MeanPathSpatialRepresentative,in-tranche
Euler.MeanPressureRepresentative,6,Euler.MeanClassicalWordBounds,in-tranche
Euler.MeanPressureSobolev,1,Euler.MeanStrongSobolev,in-tranche
Euler.MeanPressureSobolev,2,Euler.MeanContinuousPressure,in-tranche
Euler.MeanPressureSobolev,3,Euler.MeanTimeSobolev,in-tranche
Euler.MeanPressureSobolev,4,Euler.MeanAccelerationSobolev,in-tranche
Euler.MeanPressureSobolev,5,Euler.MeanClassicalSpatialTime,in-tranche
Euler.MeanPressureSobolev,6,Euler.MeanStrongContinuousGevrey,in-tranche
Euler.MeanScalarMollification,1,Euler.MeanHarmonicSmallBall,in-tranche
Euler.MeanScalarMollification,2,Mathlib.Analysis.Calculus.BumpFunction.Convolution,mathlib
Euler.MeanScalarMollification,3,Mathlib.Analysis.Calculus.ContDiff.Convolution,mathlib
Euler.MeanScalarProductDerivatives,1,Euler.MeanHarmonicLaplacian,in-tranche
Euler.MeanScalarSobolev,1,Euler.MeanHarmonicLaplacian,in-tranche
Euler.MeanScalarSobolev,2,Mathlib.MeasureTheory.Function.LpSeminorm.LpNorm,mathlib
Euler.MeanScaledBoundaryGevrey,1,Euler.MeanBoundaryGevrey,in-tranche
Euler.MeanScaledBoundaryGevrey,2,Euler.MeanScaledCutoff,in-tranche
Euler.MeanScaledBoundaryGevrey,3,Mathlib.MeasureTheory.Measure.Lebesgue.VolumeOfBalls,mathlib
Euler.MeanScaledCutoff,1,Euler.MeanBoundaryOperator,in-tranche
Euler.MeanSmoothRepresentative,1,Euler.MeanOrdinaryLift,in-tranche
Euler.MeanSmoothRepresentative,2,Euler.IsometricActionCalculus,in-tranche
Euler.MeanSobolevBoundedField,1,Euler.MeanSpatialEvaluation,in-tranche
Euler.MeanSobolevBoundedField,2,Euler.LpSmoothFieldAlgebra,in-tranche
Euler.MeanSobolevBoundedField,3,Mathlib.Analysis.Normed.Module.FiniteDimension,mathlib
Euler.MeanSolenoidalReflection,1,Euler.MeanSolenoidalTranslation,in-tranche
Euler.MeanSolenoidalSpace,1,Euler.EulerProof,in-tranche
Euler.MeanSolenoidalSpace,2,Mathlib.Analysis.Calculus.LineDeriv.IntegrationByParts,mathlib
Euler.MeanSolenoidalTranslation,1,Euler.MeanSolenoidalSpace,in-tranche
Euler.MeanSourceFixedInverse,1,Euler.MeanSourceVariationalInverse,in-tranche
Euler.MeanSourceFixedInverse,2,Euler.MeanSourceOperatorRegularity,in-tranche
Euler.MeanSourceGevrey,1,Euler.MeanSourceFixedInverse,in-tranche
Euler.MeanSourceGevrey,2,Euler.MeanTranslatedGevrey,in-tranche
Euler.MeanSourceGevrey,3,Euler.MeanScaledBoundaryGevrey,in-tranche
Euler.MeanSourceOperatorRegularity,1,Euler.MeanConcreteTranslation,in-tranche
Euler.MeanSourceOperatorRegularity,2,Euler.MeanCoefficientPathJets,in-tranche
Euler.MeanSourceOperatorRegularity,3,Euler.MeanBoundaryFrechet,in-tranche
Euler.MeanSourceOperatorRegularity,4,Euler.MeanFixedCoefficientRegularity,in-tranche
Euler.MeanSourceOperatorRegularity,5,Euler.MeanTranslatedInverse,in-tranche
Euler.MeanSourcePressureSobolev,1,Euler.MeanSourceSpatialRegularity,in-tranche
Euler.MeanSourcePressureSobolev,2,Euler.MeanStrongGevrey,in-tranche
Euler.MeanSourcePressureSobolev,3,Euler.MeanSourceSobolev,in-tranche
Euler.MeanSourcePressureSobolev,4,Euler.MeanSourceStrongSobolev,in-tranche
Euler.MeanSourcePressureSobolev,5,Euler.MeanStrongSobolev,in-tranche
Euler.MeanSourcePressureSobolev,6,Euler.MeanPressureSobolev,in-tranche
Euler.MeanSourceSobolev,1,Euler.MeanSourceGevrey,in-tranche
Euler.MeanSourceSobolev,2,Euler.MeanFixedSobolevGevrey,in-tranche
Euler.MeanSourceSpatialRegularity,1,Euler.MeanSourceGevrey,in-tranche
Euler.MeanSourceSpatialRegularity,2,Euler.MeanSourceStrongInverse,in-tranche
Euler.MeanSourceSpatialRegularity,3,Euler.MeanAccelerationGevrey,in-tranche
Euler.MeanSourceSpatialRegularity,4,Euler.MeanPhysicalTranslation,in-tranche
Euler.MeanSourceSpatialRegularity,5,Euler.MeanContinuousVelocity,in-tranche
Euler.MeanSourceSpatialRegularity,6,Euler.MeanSmoothRepresentative,in-tranche
Euler.MeanSourceStrongInverse,1,Euler.MeanSourceVariationalInverse,in-tranche
Euler.MeanSourceStrongInverse,2,Euler.MeanStrongInverse,in-tranche
Euler.MeanSourceStrongInverse,3,Euler.MeanBoundaryPhysicalSupport,in-tranche
Euler.MeanSourceStrongSobolev,1,Euler.MeanSourceSpatialRegularity,in-tranche
Euler.MeanSourceStrongSobolev,2,Euler.MeanStrongGevrey,in-tranche
Euler.MeanSourceStrongSobolev,3,Euler.MeanSourceSobolev,in-tranche
Euler.MeanSourceTimeSobolev,1,Euler.MeanSourceSpatialRegularity,in-tranche
Euler.MeanSourceTimeSobolev,2,Euler.MeanStrongGevrey,in-tranche
Euler.MeanSourceTimeSobolev,3,Euler.MeanSourceSobolev,in-tranche
Euler.MeanSourceTimeSobolev,4,Euler.MeanSourceStrongSobolev,in-tranche
Euler.MeanSourceTimeSobolev,5,Euler.MeanStrongSobolev,in-tranche
Euler.MeanSourceVariationalInverse,1,Euler.MeanBoundaryCoercivity,in-tranche
Euler.MeanSourceVariationalInverse,2,Euler.MeanVariationalInverse,in-tranche
Euler.MeanSpatialDerivative,1,Euler.MeanSpatialEvaluation,in-tranche
Euler.MeanSpatialDerivative,2,Euler.MeanGradientTestSpace,in-tranche
Euler.MeanSpatialEvaluation,1,Euler.MeanOrbitSobolev,in-tranche
Euler.MeanSpatialTimeDerivative,1,Euler.MeanSpatialEvaluation,in-tranche
Euler.MeanStrongContinuousGevrey,1,Euler.MeanContinuousPhysical,in-tranche
Euler.MeanStrongContinuousGevrey,2,Euler.MeanStrongGevrey,in-tranche
Euler.MeanStrongCoordinates,1,Euler.MeanStrongEstimates,in-tranche
Euler.MeanStrongCoordinates,2,Euler.MeanFixedFrameTransport,in-tranche
Euler.MeanStrongEquation,1,Euler.MeanFrameCoefficients,in-tranche
Euler.MeanStrongEquation,2,Euler.MeanMomentumBoundary,in-tranche
Euler.MeanStrongEquation,3,Euler.TransverseStrongEquation,in-tranche
Euler.MeanStrongEstimates,1,Euler.MeanVelocityOperator,in-tranche
Euler.MeanStrongEstimates,2,Euler.TransverseStrongEstimates,in-tranche
Euler.MeanStrongEstimates,3,Euler.TimeH1PointwiseBounds,in-tranche
Euler.MeanStrongGevrey,1,Euler.MeanAccelerationGevrey,in-tranche
Euler.MeanStrongGevrey,2,Euler.MeanPhysicalTranslation,in-tranche
Euler.MeanStrongGevrey,3,Euler.MeanContinuousVelocity,in-tranche
Euler.MeanStrongInverse,1,Euler.MeanStrongEquation,in-tranche
Euler.MeanStrongSobolev,1,Euler.MeanTimeSobolev,in-tranche
Euler.MeanStrongSobolev,2,Euler.MeanAccelerationSobolev,in-tranche
Euler.MeanStrongSobolev,3,Euler.MeanClassicalSpatialTime,in-tranche
Euler.MeanStrongSobolev,4,Euler.MeanStrongContinuousGevrey,in-tranche
Euler.MeanTimeContinuousTranslation,1,Euler.MeanTimeTranslation,in-tranche
Euler.MeanTimeContinuousTranslation,2,Euler.TimeH1ReconstructionNaturality,in-tranche
Euler.MeanTimeReflection,1,Euler.MeanSolenoidalReflection,in-tranche
Euler.MeanTimeReflection,2,Euler.MeanTimeTranslation,in-tranche
Euler.MeanTimeReflection,3,Euler.TimeH1ReconstructionNaturality,in-tranche
Euler.MeanTimeSobolev,1,Euler.MeanContinuousPhysical,in-tranche
Euler.MeanTimeSobolev,2,Euler.MeanContinuousSobolev,in-tranche
Euler.MeanTimeSobolev,3,Euler.TimeH1SobolevReconstruction,in-tranche
Euler.MeanTimeTranslation,1,Euler.TimeLpStrongContinuity,in-tranche
Euler.MeanTimeTranslation,2,Euler.MeanSolenoidalTranslation,in-tranche
Euler.MeanTimeTranslation,3,Mathlib.MeasureTheory.Function.LpSpace.ContinuousCompMeasurePreserving,mathlib
Euler.MeanTranslatedGevrey,1,Euler.MeanTranslatedInverse,in-tranche
Euler.MeanTranslatedGevrey,2,Euler.MeanFixedCoefficientGevrey,in-tranche
Euler.MeanTranslatedGevrey,3,Euler.HilbertCoerciveGevrey,in-tranche
Euler.MeanTranslatedInverse,1,Euler.MeanFixedTranslation,in-tranche
Euler.MeanTranslatedInverse,2,Euler.HilbertCoerciveParameter,in-tranche
Euler.MeanVariationalInverse,1,Euler.TerminalTimePrimitive,in-tranche
Euler.MeanVariationalInverse,2,Euler.MeanSolenoidalSpace,in-tranche
Euler.MeanVariationalInverse,3,Euler.MeanVariationalOperator,in-tranche
Euler.MeanVariationalOperator,1,Euler.TransverseVariationalOperator,in-tranche
Euler.MeanVectorIdentities,1,Euler.MeanCurlTensor,in-tranche
Euler.MeanVectorIdentities,2,Euler.MeanHarmonicDerivatives,in-tranche
Euler.MeanVelocityOperator,1,Euler.MeanVelocityPressure,in-tranche
Euler.MeanVelocityPressure,1,Euler.MeanStrongInverse,in-tranche
Euler.MeanVelocityPressure,2,Euler.TimeH1FieldProduct,in-tranche
Euler.MeanWeakCurl,1,Euler.MeanSolenoidalSpace,in-tranche
Euler.MeanWeakCurl,2,Mathlib.Analysis.Distribution.AEEqOfIntegralContDiff,mathlib
Euler.MeanWeakHarmonicInterior,1,Euler.MeanHarmonicDecomposition,in-tranche
Euler.MeanWeakHarmonicInterior,2,Euler.MeanMollificationHarmonic,in-tranche
Euler.MeanWeakHarmonicInterior,3,Euler.MeanHarmonicComponents,in-tranche
Euler.MeanWeakHarmonicInterior,4,Euler.MeanLocalL2Energy,in-tranche
Euler.MeanWeakHarmonicScaling,1,Euler.MeanWeakHarmonicInterior,in-tranche
Euler.MeanWeakHarmonicScaling,2,Euler.MeanL2Scaling,in-tranche
Euler.MetricHeatEnergy,1,Euler.EulerProof,in-tranche
Euler.MetricPathConvergence,1,Euler.WeightedCylinderEnergy,in-tranche
Euler.MetricPathConvergence,2,Euler.TimeLp,in-tranche
Euler.MetricRootLimit,1,Euler.CylinderViscousEnergy,in-tranche
Euler.MildEquationBridge,1,Euler.DuhamelEquation,in-tranche
Euler.MildEquationBridge,2,Euler.SobolevHeatVolterra,in-tranche
Euler.MildMajorantEnergy,1,Euler.PDEMajorantLimit,in-tranche
Euler.MildMajorantEnergy,2,Euler.RegularizedMetricPaths,in-tranche
Euler.MildMajorantEnergy,3,Euler.SobolevMaximalRegularity,in-tranche
Euler.MildTopWord,1,Euler.MildWordEquation,in-tranche
Euler.MildWordEquation,1,Euler.MildEquationBridge,in-tranche
Euler.MildWordEquation,2,Euler.SobolevWordBlocks,in-tranche
Euler.MixedH5Product,1,Euler.H5RealCylinderAlgebra,in-tranche
Euler.MixedH5Product,2,Euler.H6NonlinearProduct,in-tranche
Euler.MixedWordProduct,1,Euler.MixedH5Product,in-tranche
Euler.MovingNormalProjection,1,Euler.TransverseEndpointEnergy,in-tranche
Euler.MovingNormalProjection,2,Mathlib.Analysis.InnerProductSpace.Calculus,mathlib
Euler.NoIncomingVorticity,1,Euler.FlowEscapeBound,in-tranche
Euler.NoIncomingVorticity,2,Mathlib.MeasureTheory.Measure.Haar.InnerProductSpace,mathlib
Euler.NoIncomingVorticity,3,Mathlib.MeasureTheory.Measure.OpenPos,mathlib
Euler.NoIncomingVorticity,4,Mathlib.Analysis.InnerProductSpace.PiL2,mathlib
Euler.NoIncomingVorticity,5,Mathlib.Topology.Algebra.Order.Field,mathlib
Euler.NoIncomingVorticity,6,Mathlib.Tactic,mathlib
Euler.NonlinearEnergyConstants,1,Euler.CorrectionEnergyBound,in-tranche
Euler.NonlinearEnergyConstants,2,Euler.GevreyGrowthCoefficient,in-tranche
Euler.NonlinearPressureLower,1,Euler.UnshiftedProducts,in-tranche
Euler.NonlinearPressureLower,2,Euler.H6NonlinearPressure,in-tranche
Euler.NonnegativeImproperIntegral,1,Mathlib.MeasureTheory.Integral.IntervalIntegral.Basic,mathlib
Euler.NonnegativeImproperIntegral,2,Mathlib.MeasureTheory.Integral.Bochner.Set,mathlib
Euler.NonnegativeLogConvex,1,Mathlib.Analysis.SpecialFunctions.Pow.Real,mathlib
Euler.NonnegativeLogConvex,2,Mathlib.Tactic,mathlib
Euler.NormalPacketFrequencyGuards,1,Euler.ParentNormalPacketParameters,in-tranche
Euler.NormalPacketFrequencyGuards,2,Euler.PacketInitialScaleSummability,in-tranche
Euler.NormalPacketFrequencyGuards,3,Euler.PacketUniversalFrequency,in-tranche
Euler.OperatorGevreyCalculus,1,Euler.HilbertCoerciveGevrey,in-tranche
Euler.OperatorGevreyCalculus,2,Euler.TransverseGramInverse,in-tranche
Euler.OrdinaryAdvectionLimit,1,Euler.OrdinarySmoothLimit,in-tranche
Euler.OrdinaryAdvectionLimit,2,Euler.OrdinaryHelmholtzField,in-tranche
Euler.OrdinaryBKMReduction,1,Euler.OrdinaryEulerLogarithmicControl,in-tranche
Euler.OrdinaryBKMReduction,2,Euler.OrdinaryEulerVorticity,in-tranche
Euler.OrdinaryBKMReduction,3,Euler.OrdinaryEulerContinuation,in-tranche
Euler.OrdinaryCauchyInterpolation,1,Euler.OrdinaryEulerHigherEnergy,in-tranche
Euler.OrdinaryCauchyInterpolation,2,Euler.SobolevCauchyInterpolation,in-tranche
Euler.OrdinaryEulerBKM,1,Euler.OrdinaryLogarithmicGradient,in-tranche
Euler.OrdinaryEulerBKM,2,Euler.OrdinaryBKMReduction,in-tranche
Euler.OrdinaryEulerBKM,3,Euler.OrdinaryMaximalVorticityIntegral,in-tranche
Euler.OrdinaryEulerCauchy,1,Euler.OrdinaryEulerLimit,in-tranche
Euler.OrdinaryEulerClassicalClass,1,Euler.OrdinaryEulerSobolevClass,in-tranche
Euler.OrdinaryEulerConcatenation,1,Euler.IntervalPathConcatenation,in-tranche
Euler.OrdinaryEulerConcatenation,2,Euler.OrdinaryEulerLifespan,in-tranche
Euler.OrdinaryEulerContinuation,1,Euler.OrdinaryEulerLocalExistence,in-tranche
Euler.OrdinaryEulerContinuation,2,Euler.OrdinaryEulerConcatenation,in-tranche
Euler.OrdinaryEulerDifference,1,Euler.OrdinaryH3Energy,in-tranche
Euler.OrdinaryEulerDifference,2,Euler.OrdinaryWordTime,in-tranche
Euler.OrdinaryEulerDifference,3,Euler.SmoothEulerEvolution,in-tranche
Euler.OrdinaryEulerEndpoint,1,Euler.OrdinaryEulerRescaling,in-tranche
Euler.OrdinaryEulerEndpoint,2,Euler.OrdinaryEulerUniqueness,in-tranche
Euler.OrdinaryEulerEndpoint,3,Euler.OrdinaryGradientLimit,in-tranche
Euler.OrdinaryEulerGradientControl,1,Euler.OrdinaryGradientEnergy,in-tranche
Euler.OrdinaryEulerGradientControl,2,Euler.OrdinaryVariableGronwall,in-tranche
Euler.OrdinaryEulerGradientControl,3,Euler.OrdinaryEulerHigherEnergy,in-tranche
Euler.OrdinaryEulerHigherEnergy,1,Euler.OrdinaryTameEnergy,in-tranche
Euler.OrdinaryEulerHigherEnergy,2,Euler.OrdinaryEulerL2Stability,in-tranche
Euler.OrdinaryEulerKineticEnergy,1,Euler.OrdinaryEulerGradientControl,in-tranche
Euler.OrdinaryEulerKineticEnergy,2,Euler.OrdinaryHelmholtzField,in-tranche
Euler.OrdinaryEulerL2Stability,1,Euler.OrdinaryEulerStability,in-tranche
Euler.OrdinaryEulerL2Stability,2,Mathlib.Analysis.ODE.Gronwall,mathlib
Euler.OrdinaryEulerLifespan,1,Euler.OrdinaryEulerEndpoint,in-tranche
Euler.OrdinaryEulerLimit,1,Euler.OrdinaryAdvectionLimit,in-tranche
Euler.OrdinaryEulerLimit,2,Euler.OrdinaryStrongTime,in-tranche
Euler.OrdinaryEulerLocalCauchy,1,Euler.OrdinaryEulerCauchy,in-tranche
Euler.OrdinaryEulerLocalCauchy,2,Euler.OrdinaryEulerRestriction,in-tranche
Euler.OrdinaryEulerLocalExistence,1,Euler.OrdinaryRegularizedCauchy,in-tranche
Euler.OrdinaryEulerLocalExistence,2,Euler.OrdinaryEulerLimit,in-tranche
Euler.OrdinaryEulerLogarithmicControl,1,Euler.OrdinaryEulerKineticEnergy,in-tranche
Euler.OrdinaryEulerMaximal,1,Euler.OrdinaryEulerLifespan,in-tranche
Euler.OrdinaryEulerNontriviality,1,Euler.OrdinaryEulerContinuation,in-tranche
Euler.OrdinaryEulerRescaling,1,Euler.OrdinaryFieldScaling,in-tranche
Euler.OrdinaryEulerRescaling,2,Euler.OrdinaryEulerGradientControl,in-tranche
Euler.OrdinaryEulerRescaling,3,Euler.OrdinaryEulerRestriction,in-tranche
Euler.OrdinaryEulerRestriction,1,Euler.OrdinaryEulerStability,in-tranche
Euler.OrdinaryEulerRestriction,2,Euler.SmoothCoefficientTimeRestriction,in-tranche
Euler.OrdinaryEulerSobolevClass,1,Euler.OrdinaryEulerConcatenation,in-tranche
Euler.OrdinaryEulerStability,1,Euler.OrdinaryH3Envelope,in-tranche
Euler.OrdinaryEulerStability,2,Euler.SmoothL2CoefficientPath,in-tranche
Euler.OrdinaryEulerUniqueness,1,Euler.OrdinaryGradientStability,in-tranche
Euler.OrdinaryEulerUniqueness,2,Euler.OrdinaryHelmholtzField,in-tranche
Euler.OrdinaryEulerUniqueness,3,Euler.OrdinaryEulerRestriction,in-tranche
Euler.OrdinaryEulerVaryingHorizon,1,Euler.OrdinaryEulerRestriction,in-tranche
Euler.OrdinaryEulerVorticity,1,Euler.OrdinaryEulerGradientControl,in-tranche
Euler.OrdinaryEulerVorticity,2,Euler.PacketPotentialRegularity,in-tranche
Euler.OrdinaryFieldAlgebra,1,Euler.OrdinarySmoothWords,in-tranche
Euler.OrdinaryFieldAlgebra,2,Euler.SmoothL2CoefficientPath,in-tranche
Euler.OrdinaryFieldAlgebra,3,Euler.LpSmoothCoefficientProduct,in-tranche
Euler.OrdinaryFieldScaling,1,Euler.OrdinaryFieldAlgebra,in-tranche
Euler.OrdinaryFieldScaling,2,Euler.OrdinaryWordBounds,in-tranche
Euler.OrdinaryFieldScaling,3,Euler.OrdinaryH3Norms,in-tranche
Euler.OrdinaryGradientEnergy,1,Euler.OrdinaryGradientProducts,in-tranche
Euler.OrdinaryGradientEnergy,2,Euler.OrdinaryTameEnergy,in-tranche
Euler.OrdinaryGradientInterpolation,1,Euler.OrdinaryL2Integration,in-tranche
Euler.OrdinaryGradientInterpolation,2,Euler.OrdinaryFieldAlgebra,in-tranche
Euler.OrdinaryGradientLimit,1,Euler.OrdinaryGradientStability,in-tranche
Euler.OrdinaryGradientLimit,2,Euler.OrdinaryEulerCauchy,in-tranche
Euler.OrdinaryGradientProducts,1,Euler.OrdinaryGradientInterpolation,in-tranche
Euler.OrdinaryGradientProducts,2,Euler.OrdinaryH3Products,in-tranche
Euler.OrdinaryGradientStability,1,Euler.OrdinaryEulerGradientControl,in-tranche
Euler.OrdinaryH3Commutator,1,Euler.OrdinaryH3Products,in-tranche
Euler.OrdinaryH3Commutator,2,Euler.OrdinaryTransportCancellation,in-tranche
Euler.OrdinaryH3Energy,1,Euler.OrdinaryH3Commutator,in-tranche
Euler.OrdinaryH3Energy,2,Euler.OrdinaryWordConstraints,in-tranche
Euler.OrdinaryH3Envelope,1,Euler.OrdinaryEulerDifference,in-tranche
Euler.OrdinaryH3Envelope,2,Euler.OrdinaryH3Norms,in-tranche
Euler.OrdinaryH3Envelope,3,Euler.OrdinaryQuadraticStability,in-tranche
Euler.OrdinaryH3Norms,1,Euler.OrdinaryWordBounds,in-tranche
Euler.OrdinaryH3Products,1,Euler.OrdinaryWordBounds,in-tranche
Euler.OrdinaryH3Products,2,Euler.OrdinaryFieldAlgebra,in-tranche
Euler.OrdinaryHelmholtzField,1,Euler.OrdinarySobolevTower,in-tranche
Euler.OrdinaryHelmholtzField,2,Euler.ContinuousTimeIntegral,in-tranche
Euler.OrdinaryL2Integration,1,Euler.LpSmoothFieldAlgebra,in-tranche
Euler.OrdinaryL2Integration,2,Euler.MeanVectorIdentities,in-tranche
Euler.OrdinaryL2Integration,3,Euler.OrdinarySobolevL4,in-tranche
Euler.OrdinaryLogarithmicGradient,1,Euler.WholeSpaceLogarithmic,in-tranche
Euler.OrdinaryLogarithmicGradient,2,Euler.OrdinaryVorticityCoordinates,in-tranche
Euler.OrdinaryMaximalVorticity,1,Euler.OrdinaryEulerVorticity,in-tranche
Euler.OrdinaryMaximalVorticity,2,Euler.OrdinaryEulerContinuation,in-tranche
Euler.OrdinaryMaximalVorticity,3,Euler.OrdinaryEulerMaximal,in-tranche
Euler.OrdinaryMaximalVorticityIntegral,1,Euler.OrdinaryMaximalVorticity,in-tranche
Euler.OrdinaryMaximalVorticityIntegral,2,Euler.NonnegativeImproperIntegral,in-tranche
Euler.OrdinaryMollifier,1,Euler.MeanTimeTranslation,in-tranche
Euler.OrdinaryMollifier,2,Euler.LpSmoothField,in-tranche
Euler.OrdinaryMollifier,3,Euler.IsometricActionDerivativeBound,in-tranche
Euler.OrdinaryPerturbedEnergy,1,Euler.OrdinaryRegularizationError,in-tranche
Euler.OrdinaryPressureCancellation,1,Euler.OrdinaryL2Integration,in-tranche
Euler.OrdinaryPressureCancellation,2,Euler.MeanOrbitSmoothL2Field,in-tranche
Euler.OrdinaryPressureCancellation,3,Euler.MeanClassicalConstraints,in-tranche
Euler.OrdinaryQuadraticControl,1,Euler.OrdinaryEulerL2Stability,in-tranche
Euler.OrdinaryQuadraticStability,1,Euler.EulerProof,in-tranche
Euler.OrdinaryRegularizationError,1,Euler.OrdinaryRegularizer,in-tranche
Euler.OrdinaryRegularizationError,2,Euler.OrdinaryRegularizedFlow,in-tranche
Euler.OrdinaryRegularizationError,3,Euler.OrdinaryH3Commutator,in-tranche
Euler.OrdinaryRegularizedCauchy,1,Euler.OrdinaryPerturbedEnergy,in-tranche
Euler.OrdinaryRegularizedCauchy,2,Euler.OrdinaryRegularizedEnergy,in-tranche
Euler.OrdinaryRegularizedEnergy,1,Euler.OrdinaryRegularizedFlow,in-tranche
Euler.OrdinaryRegularizedEnergy,2,Euler.OrdinaryQuadraticControl,in-tranche
Euler.OrdinaryRegularizedEnergy,3,Euler.OrdinaryEulerHigherEnergy,in-tranche
Euler.OrdinaryRegularizedEquation,1,Euler.OrdinarySmoothingOperator,in-tranche
Euler.OrdinaryRegularizedEquation,2,Euler.OrdinaryAdvectionLimit,in-tranche
Euler.OrdinaryRegularizedEquation,3,Euler.HilbertQuadraticFlow,in-tranche
Euler.OrdinaryRegularizedFlow,1,Euler.OrdinaryRegularizedEquation,in-tranche
Euler.OrdinaryRegularizedFlow,2,Euler.OrdinaryStrongTime,in-tranche
Euler.OrdinaryRegularizedFlow,3,Euler.ContinuousTimeIntegral,in-tranche
Euler.OrdinaryRegularizer,1,Euler.OrdinaryMollifier,in-tranche
Euler.OrdinaryRegularizer,2,Euler.OrdinarySmoothingOperator,in-tranche
Euler.OrdinaryRegularizer,3,Euler.OrdinaryHelmholtzField,in-tranche
Euler.OrdinarySmoothLimit,1,Euler.OrdinarySobolevTower,in-tranche
Euler.OrdinarySmoothWords,1,Euler.LpSmoothFieldAlgebra,in-tranche
Euler.OrdinarySmoothWords,2,Euler.ParameterWordHigher,in-tranche
Euler.OrdinarySmoothWords,3,Euler.SmoothL2Gevrey,in-tranche
Euler.OrdinarySmoothingOperator,1,Euler.OrdinarySobolevTower,in-tranche
Euler.OrdinarySmoothingOperator,2,Euler.OrdinaryEulerUniqueness,in-tranche
Euler.OrdinarySmoothingOperator,3,Euler.OrdinaryFieldScaling,in-tranche
Euler.OrdinarySmoothingOperator,4,Mathlib.Analysis.Normed.Operator.Banach,mathlib
Euler.OrdinarySobolevL4,1,Euler.LpSmoothApproximation,in-tranche
Euler.OrdinarySobolevL4,2,Euler.MeanCutoffCurlBound,in-tranche
Euler.OrdinarySobolevL4,3,Mathlib.MeasureTheory.Function.LpSpace.Complete,mathlib
Euler.OrdinarySobolevTower,1,Euler.OrdinaryCauchyInterpolation,in-tranche
Euler.OrdinarySobolevTower,2,Euler.FieldTowerGraphGevrey,in-tranche
Euler.OrdinarySobolevTower,3,Euler.LpFiniteTensorReconstruction,in-tranche
Euler.OrdinaryStrongTime,1,Euler.OrdinarySobolevTower,in-tranche
Euler.OrdinaryStrongTime,2,Euler.InjectivePathDerivativeWithin,in-tranche
Euler.OrdinaryTameEnergy,1,Euler.OrdinaryTameProduct,in-tranche
Euler.OrdinaryTameEnergy,2,Euler.OrdinaryH3Energy,in-tranche
Euler.OrdinaryTameProduct,1,Euler.OrdinaryWordInterpolation,in-tranche
Euler.OrdinaryTameProduct,2,Euler.OrdinaryH3Products,in-tranche
Euler.OrdinaryTransportCancellation,1,Euler.OrdinaryFieldAlgebra,in-tranche
Euler.OrdinaryTransportCancellation,2,Euler.OrdinaryL2Integration,in-tranche
Euler.OrdinaryVariableGronwall,1,Euler.OrdinaryEulerL2Stability,in-tranche
Euler.OrdinaryVariableGronwall,2,Euler.ContinuousTimeIntegral,in-tranche
Euler.OrdinaryVorticityCoordinates,1,Euler.OrdinaryEulerVorticity,in-tranche
Euler.OrdinaryVorticityCoordinates,2,Euler.MeanVectorIdentities,in-tranche
Euler.OrdinaryWordBounds,1,Euler.OrdinarySmoothWords,in-tranche
Euler.OrdinaryWordBounds,2,Euler.OrdinarySobolevL4,in-tranche
Euler.OrdinaryWordBounds,3,Euler.GevreyProductLp,in-tranche
Euler.OrdinaryWordConstraints,1,Euler.OrdinarySmoothWords,in-tranche
Euler.OrdinaryWordConstraints,2,Euler.OrdinaryPressureCancellation,in-tranche
Euler.OrdinaryWordInterpolation,1,Euler.OrdinaryWordBounds,in-tranche
Euler.OrdinaryWordInterpolation,2,Euler.OrdinaryL2Integration,in-tranche
Euler.OrdinaryWordInterpolation,3,Euler.NonnegativeLogConvex,in-tranche
Euler.OrdinaryWordTime,1,Euler.OrdinaryWordConstraints,in-tranche
Euler.OrdinaryWordTime,2,Euler.SmoothFieldSobolevTime,in-tranche
Euler.OrdinaryWordTime,3,Euler.CylinderSobolevOperators,in-tranche
Euler.OrdinaryWordTime,4,Mathlib.Analysis.InnerProductSpace.Calculus,mathlib
Euler.PDEEnergyLimit,1,Euler.WeightedSobolevEnergy,in-tranche
Euler.PDEEnergyLimit,2,Euler.TimeLpPairing,in-tranche
Euler.PDEEnergyLimit,3,Euler.SobolevEnergyPaths,in-tranche
Euler.PDEMajorantLimit,1,Euler.PDESubintervalEnergyLimit,in-tranche
Euler.PDEMajorantLimit,2,Euler.WeightedSobolevMajorant,in-tranche
Euler.PDESubintervalEnergyLimit,1,Euler.PDEEnergyLimit,in-tranche
Euler.PDESubintervalEnergyLimit,2,Euler.TimeLpSubinterval,in-tranche
Euler.PacketActivationConstructed,1,Euler.PacketActivationInitial,in-tranche
Euler.PacketActivationConstructed,2,Euler.PacketActivationSourceData,in-tranche
Euler.PacketActivationData,1,Euler.PacketActivationHistory,in-tranche
Euler.PacketActivationFrame,1,Euler.PacketActivationData,in-tranche
Euler.PacketActivationHistory,1,Euler.PacketPrimaryUncut,in-tranche
Euler.PacketActivationHistory,2,Euler.TransverseActivationSelection,in-tranche
Euler.PacketActivationHistory,3,Euler.TransverseEndpointUniqueness,in-tranche
Euler.PacketActivationInitial,1,Euler.PacketActivationFrame,in-tranche
Euler.PacketActivationInitial,2,Euler.PacketActivationRay,in-tranche
Euler.PacketActivationInitial,3,Euler.PacketPrimaryUncut,in-tranche
Euler.PacketActivationLipschitz,1,Euler.PacketPrimaryUncut,in-tranche
Euler.PacketActivationLipschitz,2,Euler.PacketNeighborInitial,in-tranche
Euler.PacketActivationLipschitz,3,Euler.PacketCoefficientLipschitz,in-tranche
Euler.PacketActivationNeighbor,1,Euler.PacketActivationInitial,in-tranche
Euler.PacketActivationNeighbor,2,Euler.PacketActivationLipschitz,in-tranche
Euler.PacketActivationRay,1,Euler.PacketInitialGeometry,in-tranche
Euler.PacketActivationRay,2,Euler.PacketPrimaryDynamics,in-tranche
Euler.PacketActivationScales,1,Euler.PacketGeometryData,in-tranche
Euler.PacketActivationSourceData,1,Euler.PacketActivationRay,in-tranche
Euler.PacketActivationSourceData,2,Euler.TransversePacketHistoryData,in-tranche
Euler.PacketActualFrameEstimates,1,Euler.PacketPhysicalFrameRenewal,in-tranche
Euler.PacketActualFrameEstimates,2,Euler.PacketScaledVelocitySystem,in-tranche
Euler.PacketAmplitudeBounds,1,Euler.PacketHorizonSize,in-tranche
Euler.PacketAmplitudeBounds,2,Euler.PacketTargetAmplification,in-tranche
Euler.PacketAngularPotential,1,Euler.PacketCrossProduct,in-tranche
Euler.PacketAngularPotential,2,Euler.AnglePrimitiveBounds,in-tranche
Euler.PacketAngularPressureStepBound,1,Euler.PacketScalarPressureGrade,in-tranche
Euler.PacketAngularPressureStepBound,2,Euler.PacketJoinedStepBudget,in-tranche
Euler.PacketApproximationBounds,1,Euler.PacketFiniteApproximationBounds,in-tranche
Euler.PacketApproximationBounds,2,Euler.PacketApproximationNormalization,in-tranche
Euler.PacketApproximationNormalization,1,Euler.PacketTailNormalization,in-tranche
Euler.PacketApproximationNormalization,2,Euler.PacketFiniteFrequencyBounds,in-tranche
Euler.PacketBaseGuardScales,1,Euler.PacketSourceScaleSequence,in-tranche
Euler.PacketBeforeTargetSize,1,Euler.PacketSizeComparison,in-tranche
Euler.PacketBudgetTimeChange,1,Euler.PacketProfileBudget,in-tranche
Euler.PacketChildFieldMatch,1,Euler.PacketPhysicalLowBounds,in-tranche
Euler.PacketChildFieldMatch,2,Euler.ParentPacketExactPressure,in-tranche
Euler.PacketChildFieldMatch,3,Euler.ParentParticleInverse,in-tranche
Euler.PacketChildFieldMatch,4,Euler.ParentPacketHistoryLowBounds,in-tranche
Euler.PacketChildFieldMatch,5,Euler.PacketExactShearError,in-tranche
Euler.PacketChildFieldMatch,6,Euler.PacketExactPressureError,in-tranche
Euler.PacketChildLowBounds,1,Euler.PacketChildFieldMatch,in-tranche
Euler.PacketChildLowBounds,2,Euler.PacketGeometryLowBounds,in-tranche
Euler.PacketChildLowBounds,3,Euler.ParentEulerState,in-tranche
Euler.PacketCoarseMajorant,1,Euler.PacketMajorantShift,in-tranche
Euler.PacketCoefficientLipschitz,1,Euler.TransverseSourceCoefficientPath,in-tranche
Euler.PacketCoefficientLipschitz,2,Mathlib.Analysis.Calculus.MeanValue,mathlib
Euler.PacketCoefficientMotion,1,Euler.EulerProof,in-tranche
Euler.PacketCoefficientMotion,2,Euler.ClosedIntervalDerivativeExtension,in-tranche
Euler.PacketCoefficientTower,1,Euler.PacketCylinderCoefficientData,in-tranche
Euler.PacketCoefficientTower,2,Euler.CoefficientPathSobolev,in-tranche
Euler.PacketCoefficientTowerBounds,1,Euler.PacketCoefficientTower,in-tranche
Euler.PacketCoefficientTowerBounds,2,Euler.CoefficientPathPressureBounds,in-tranche
Euler.PacketCofactorGevrey,1,Euler.PacketCofactorOperator,in-tranche
Euler.PacketCofactorOperator,1,Euler.PacketPiolaAlgebra,in-tranche
Euler.PacketCofactorOperator,2,Euler.PacketPotentialMultiplier,in-tranche
Euler.PacketCofactorOperator,3,Euler.OperatorGevreyCalculus,in-tranche
Euler.PacketCommonRadius,1,Euler.PacketJoinedGradeBounds,in-tranche
Euler.PacketCommonRadius,2,Euler.PacketMeanGradeBounds,in-tranche
Euler.PacketCommonRadius,3,Euler.PacketCylinderTermBudget,in-tranche
Euler.PacketCommonScaleChoice,1,Euler.PacketSourceScaleFromCosts,in-tranche
Euler.PacketCommonScaleChoice,2,Euler.PacketPressureSeries,in-tranche
Euler.PacketCommonScaleChoice,3,Euler.PacketUniformFrequencyScales,in-tranche
Euler.PacketConstructedPiola,1,Euler.PacketPeriodicPotential,in-tranche
Euler.PacketConstructedProfiles,1,Euler.PacketProfilesRegularity,in-tranche
Euler.PacketConstructedProfiles,2,Euler.PacketPrimaryRegularity,in-tranche
Euler.PacketContinuousInverse,1,Euler.ContinuousInverseDerivative,in-tranche
Euler.PacketContinuousInverse,2,Euler.PacketInverseFlowContinuity,in-tranche
Euler.PacketControlledPropagator,1,Euler.PacketNeighborControlled,in-tranche
Euler.PacketControlledPropagator,2,Euler.PacketReferenceRatio,in-tranche
Euler.PacketControlledPropagator,3,Euler.PacketVelocityPropagator,in-tranche
Euler.PacketConvolutionBounds,1,Euler.PacketCylinderConvolution,in-tranche
Euler.PacketConvolutionBounds,2,Euler.PacketCylinderHighPartBounds,in-tranche
Euler.PacketConvolutionBounds,3,Euler.PacketCylinderBoundTransfer,in-tranche
Euler.PacketCoordinateJets,1,Euler.PacketSourceCorrectionCoefficients,in-tranche
Euler.PacketCoordinateJets,2,Euler.TransversePacketTimeData,in-tranche
Euler.PacketCoordinateJets,3,Euler.PacketCylinderFieldAlgebra,in-tranche
Euler.PacketCoordinateJets,4,Euler.PacketSlicedResidual,in-tranche
Euler.PacketCoordinateJets,5,Euler.LpCylinderFullTime,in-tranche
Euler.PacketCoordinateJets,6,Euler.CylinderPathBilinear,in-tranche
Euler.PacketCoordinateResidual,1,Euler.PacketCoordinateJets,in-tranche
Euler.PacketCoordinateResidual,2,Euler.PacketCylinderPressureLocality,in-tranche
Euler.PacketCoordinateResidual,3,Mathlib.Tactic.Module,mathlib
Euler.PacketCoordinateSobolev,1,Euler.PacketCoordinateResidual,in-tranche
Euler.PacketCoordinateSobolev,2,Euler.PacketCorrectionSourceData,in-tranche
Euler.PacketCoordinateSobolev,3,Euler.CorrectionResidualCancellation,in-tranche
Euler.PacketCoordinateSobolev,4,Euler.LiftedTransportComponents,in-tranche
Euler.PacketCorrectionCoefficientBudget,1,Euler.PacketSourceCoefficientGevrey,in-tranche
Euler.PacketCorrectionCoefficientBudget,2,Euler.PacketCoefficientTowerBounds,in-tranche
Euler.PacketCorrectionCoefficientParity,1,Euler.PacketCorrectionSourceData,in-tranche
Euler.PacketCorrectionCoefficientParity,2,Euler.TransversePacketParity,in-tranche
Euler.PacketCorrectionCoefficientParity,3,Euler.CorrectionAssemblyParity,in-tranche
Euler.PacketCorrectionCoefficientParity,4,Euler.PacketCylinderJetParity,in-tranche
Euler.PacketCorrectionConstants,1,Euler.PacketFiniteCoarseBounds,in-tranche
Euler.PacketCorrectionGrowth,1,Euler.PacketCorrectionMetricBudget,in-tranche
Euler.PacketCorrectionGrowth,2,Euler.PacketCorrectionCoefficientBudget,in-tranche
Euler.PacketCorrectionGrowth,3,Euler.CorrectionEnergyMajorants,in-tranche
Euler.PacketCorrectionMetric,1,Euler.PacketSourceCorrectionCoefficients,in-tranche
Euler.PacketCorrectionMetricBounds,1,Euler.PacketCorrectionMetricBudget,in-tranche
Euler.PacketCorrectionMetricBounds,2,Euler.PacketSourceCoefficientGevrey,in-tranche
Euler.PacketCorrectionMetricBudget,1,Euler.PacketCorrectionSourceData,in-tranche
Euler.PacketCorrectionMetricBudget,2,Euler.PacketCorrectionMetricTime,in-tranche
Euler.PacketCorrectionMetricTime,1,Euler.PacketCorrectionMetric,in-tranche
Euler.PacketCorrectionMetricTime,2,Euler.TransverseGramPath,in-tranche
Euler.PacketCorrectionMetricTime,3,Euler.LpCylinderFullTime,in-tranche
Euler.PacketCorrectionOutputPolynomial,1,Euler.PacketInitializedCorrectionBounds,in-tranche
Euler.PacketCorrectionOutputPolynomial,2,Euler.PacketFiveCostPolynomial,in-tranche
Euler.PacketCorrectionPrimitiveBounds,1,Euler.PacketCorrectionPrimitivePolynomial,in-tranche
Euler.PacketCorrectionPrimitiveBounds,2,Euler.PacketCorrectionMetricBounds,in-tranche
Euler.PacketCorrectionPrimitiveBounds,3,Euler.PacketParentCoefficientBounds,in-tranche
Euler.PacketCorrectionPrimitivePolynomial,1,Euler.CoefficientCostMonotone,in-tranche
Euler.PacketCorrectionPrimitivePolynomial,2,Euler.PacketCorrectionCoefficientBudget,in-tranche
Euler.PacketCorrectionPrimitivePolynomial,3,Euler.PacketCylinderTermBudget,in-tranche
Euler.PacketCorrectionRapidDecay,1,Euler.PacketSourceFrequency,in-tranche
Euler.PacketCorrectionScalar,1,Euler.PacketCorrectionConstants,in-tranche
Euler.PacketCorrectionScalar,2,Mathlib.Analysis.Real.Sqrt,mathlib
Euler.PacketCorrectionSourceData,1,Euler.PacketCorrectionMetric,in-tranche
Euler.PacketCorrectionSourceData,2,Euler.PacketFieldTower,in-tranche
Euler.PacketCrossProduct,1,Euler.EulerProof,in-tranche
Euler.PacketCrossProduct,2,Mathlib.Geometry.Euclidean.Angle.Unoriented.CrossProduct,mathlib
Euler.PacketCurlCoordinates,1,Euler.PacketPotentialRegularity,in-tranche
Euler.PacketCurlCoordinates,2,Euler.LpCylinderRectangularRegularity,in-tranche
Euler.PacketCurlTime,1,Euler.CylinderTimeGradient,in-tranche
Euler.PacketCurlTime,2,Euler.PacketPotentialRegularity,in-tranche
Euler.PacketCurlTransport,1,Euler.FrameWronskian,in-tranche
Euler.PacketCurlTransport,2,Euler.CurlMatrixSymmetry,in-tranche
Euler.PacketCurlTransport,3,Euler.PacketPressureSymmetry,in-tranche
Euler.PacketCylinderAngularRegularity,1,Euler.PacketCylinderFieldAverage,in-tranche
Euler.PacketCylinderAngularRegularity,2,Euler.PacketCylinderJetOperations,in-tranche
Euler.PacketCylinderBoundTransfer,1,Euler.PacketCylinderWeightedLinear,in-tranche
Euler.PacketCylinderCoefficientBounds,1,Euler.PacketCylinderCoefficientData,in-tranche
Euler.PacketCylinderCoefficientBounds,2,Euler.PacketCylinderFieldAdvection,in-tranche
Euler.PacketCylinderCoefficientBounds,3,Euler.BoundedFieldCalculus,in-tranche
Euler.PacketCylinderCoefficientData,1,Euler.PacketCylinderFieldProducts,in-tranche
Euler.PacketCylinderCoefficientData,2,Euler.BoundedFieldCalculus,in-tranche
Euler.PacketCylinderConvolution,1,Euler.PacketCylinderFieldAlgebra,in-tranche
Euler.PacketCylinderField,1,Euler.CylinderCoveringDerivative,in-tranche
Euler.PacketCylinderField,2,Euler.PacketProfileRecursion,in-tranche
Euler.PacketCylinderFieldAdvection,1,Euler.PacketCylinderFieldProducts,in-tranche
Euler.PacketCylinderFieldAdvection,2,Euler.CylinderScalarPrimitive,in-tranche
Euler.PacketCylinderFieldAdvection,3,Euler.SmoothCoefficientPath,in-tranche
Euler.PacketCylinderFieldAlgebra,1,Euler.PacketCylinderField,in-tranche
Euler.PacketCylinderFieldAverage,1,Euler.PacketCylinderFieldAlgebra,in-tranche
Euler.PacketCylinderFieldAverage,2,Euler.MeanPacketAngularForcing,in-tranche
Euler.PacketCylinderFieldAverage,3,Euler.CylinderAngleAverageTime,in-tranche
Euler.PacketCylinderFieldBounds,1,Euler.PacketCylinderFieldUnique,in-tranche
Euler.PacketCylinderFieldBounds,2,Euler.PacketCylinderJetOperations,in-tranche
Euler.PacketCylinderFieldBounds,3,Euler.CylinderPathBilinearBounds,in-tranche
Euler.PacketCylinderFieldBounds,4,Euler.CylinderConstantMapBounds,in-tranche
Euler.PacketCylinderFieldBounds,5,Euler.PacketMajorantShift,in-tranche
Euler.PacketCylinderFieldProducts,1,Euler.PacketCylinderFieldAlgebra,in-tranche
Euler.PacketCylinderFieldProducts,2,Euler.CylinderPathAdvection,in-tranche
Euler.PacketCylinderFieldProducts,3,Euler.LpCylinderRectangularRegularity,in-tranche
Euler.PacketCylinderFieldSupport,1,Euler.PacketCylinderField,in-tranche
Euler.PacketCylinderFieldSupport,2,Euler.CylinderPathProductSupport,in-tranche
Euler.PacketCylinderFieldSupport,3,Euler.CylinderLocalSupport,in-tranche
Euler.PacketCylinderFieldUnique,1,Euler.PacketCylinderFieldAlgebra,in-tranche
Euler.PacketCylinderFieldWeight,1,Euler.PacketCylinderFieldBounds,in-tranche
Euler.PacketCylinderFieldWeight,2,Euler.CylinderPotentialWeight,in-tranche
Euler.PacketCylinderForcingParity,1,Euler.PacketCylinderMeanParity,in-tranche
Euler.PacketCylinderForcingParity,2,Euler.PacketCylinderKnownForce,in-tranche
Euler.PacketCylinderHighForcing,1,Euler.PacketCylinderFieldSupport,in-tranche
Euler.PacketCylinderHighForcing,2,Euler.PacketCylinderHighMean,in-tranche
Euler.PacketCylinderHighForcing,3,Euler.TransversePacketForcing,in-tranche
Euler.PacketCylinderHighMean,1,Euler.PacketCylinderKnownForce,in-tranche
Euler.PacketCylinderHighMean,2,Euler.PacketCylinderAngularRegularity,in-tranche
Euler.PacketCylinderHighMean,3,Euler.CylinderAngleAverageTime,in-tranche
Euler.PacketCylinderHighParity,1,Euler.PacketCylinderForcingParity,in-tranche
Euler.PacketCylinderHighParity,2,Euler.PacketCylinderMeanStep,in-tranche
Euler.PacketCylinderHighParity,3,Euler.MeanPacketParity,in-tranche
Euler.PacketCylinderHighPartBounds,1,Euler.PacketCylinderWeightedLinear,in-tranche
Euler.PacketCylinderHighSupport,1,Euler.PacketCylinderPrefixLocality,in-tranche
Euler.PacketCylinderHighSupport,2,Euler.PacketCylinderKnownForce,in-tranche
Euler.PacketCylinderJetOperations,1,Euler.PacketCylinderSpatialJet,in-tranche
Euler.PacketCylinderJetOperations,2,Euler.PacketCylinderFieldAdvection,in-tranche
Euler.PacketCylinderJetOperations,3,Euler.PacketCylinderCoefficientData,in-tranche
Euler.PacketCylinderJetParity,1,Euler.PacketCylinderKnownJets,in-tranche
Euler.PacketCylinderJetParity,2,Euler.PacketCylinderJetOperations,in-tranche
Euler.PacketCylinderJetParity,3,Euler.PacketCylinderTimeParity,in-tranche
Euler.PacketCylinderKnownForce,1,Euler.PacketCylinderKnownJets,in-tranche
Euler.PacketCylinderKnownForce,2,Euler.PacketCylinderJetOperations,in-tranche
Euler.PacketCylinderKnownForce,3,Euler.PacketCylinderConvolution,in-tranche
Euler.PacketCylinderKnownForce,4,Euler.PacketCylinderFieldAverage,in-tranche
Euler.PacketCylinderKnownJets,1,Euler.PacketCylinderSpatialJet,in-tranche
Euler.PacketCylinderLinearTermBudget,1,Euler.PacketCylinderTermBudget,in-tranche
Euler.PacketCylinderLinearTermBudget,2,Euler.PacketTimeProfiles,in-tranche
Euler.PacketCylinderLinearTermBudget,3,Euler.PacketCylinderBoundTransfer,in-tranche
Euler.PacketCylinderMeanParity,1,Euler.PacketCylinderJetParity,in-tranche
Euler.PacketCylinderMeanParity,2,Euler.PacketCylinderAngularRegularity,in-tranche
Euler.PacketCylinderMeanSolenoidal,1,Euler.MeanCylinderSolenoidal,in-tranche
Euler.PacketCylinderMeanSolenoidal,2,Euler.PacketSourceEquations,in-tranche
Euler.PacketCylinderMeanSolenoidal,3,Euler.PacketSourceRegularity,in-tranche
Euler.PacketCylinderMeanStep,1,Euler.PacketCylinderHighMean,in-tranche
Euler.PacketCylinderMeanStep,2,Euler.MeanPacketCylinderFields,in-tranche
Euler.PacketCylinderMeanStep,3,Euler.MeanPacketContract,in-tranche
Euler.PacketCylinderParity,1,Euler.PacketCylinderField,in-tranche
Euler.PacketCylinderParity,2,Euler.CylinderFieldReflection,in-tranche
Euler.PacketCylinderPiolaCorrector,1,Euler.TransversePacketPiolaData,in-tranche
Euler.PacketCylinderPiolaCorrector,2,Euler.PacketCylinderField,in-tranche
Euler.PacketCylinderPiolaPair,1,Euler.PacketCylinderPiolaCorrector,in-tranche
Euler.PacketCylinderPiolaPair,2,Euler.PacketCylinderCoefficientData,in-tranche
Euler.PacketCylinderPiolaPair,3,Euler.PacketCylinderFieldSupport,in-tranche
Euler.PacketCylinderPrefixLocality,1,Euler.PacketCylinderSpatialInvariance,in-tranche
Euler.PacketCylinderPrefixLocality,2,Euler.PacketCylinderCoefficientData,in-tranche
Euler.PacketCylinderPressureLocality,1,Euler.PacketCylinderScalarGradient,in-tranche
Euler.PacketCylinderProfileChange,1,Euler.PacketCylinderWeightedLinear,in-tranche
Euler.PacketCylinderProfileChange,2,Euler.PacketGradeAbsorption,in-tranche
Euler.PacketCylinderRecursiveAdmissibility,1,Euler.PacketCylinderMeanStep,in-tranche
Euler.PacketCylinderRecursiveAdmissibility,2,Euler.PacketCylinderHighSupport,in-tranche
Euler.PacketCylinderRecursiveAdmissibility,3,Euler.PacketCylinderHighForcing,in-tranche
Euler.PacketCylinderScalarGradient,1,Euler.PacketCylinderJetOperations,in-tranche
Euler.PacketCylinderScalarGradient,2,Euler.CylinderScalarTime,in-tranche
Euler.PacketCylinderScalarGradientBounds,1,Euler.PacketCylinderScalarGradient,in-tranche
Euler.PacketCylinderScalarGradientBounds,2,Euler.CylinderConstantMapBounds,in-tranche
Euler.PacketCylinderScalarGradientBounds,3,Euler.ParameterSobolevFiniteSum,in-tranche
Euler.PacketCylinderScalarGradientWeight,1,Euler.PacketCylinderScalarGradientBounds,in-tranche
Euler.PacketCylinderScalarGradientWeight,2,Euler.CylinderPotentialWeight,in-tranche
Euler.PacketCylinderSpatialInvariance,1,Euler.PacketCylinderFieldSupport,in-tranche
Euler.PacketCylinderSpatialInvariance,2,Euler.PacketCylinderKnownJets,in-tranche
Euler.PacketCylinderSpatialJet,1,Euler.PacketCylinderFieldAlgebra,in-tranche
Euler.PacketCylinderTermBudget,1,Euler.PacketCylinderWeightedAdvection,in-tranche
Euler.PacketCylinderTermBudget,2,Euler.PacketCylinderHighPartBounds,in-tranche
Euler.PacketCylinderTimeParity,1,Euler.PacketCylinderParity,in-tranche
Euler.PacketCylinderTimeUnique,1,Euler.PacketCylinderBoundTransfer,in-tranche
Euler.PacketCylinderWeightedAdvection,1,Euler.PacketCylinderWeightedProduct,in-tranche
Euler.PacketCylinderWeightedAdvection,2,Euler.PacketCylinderWeightedLinear,in-tranche
Euler.PacketCylinderWeightedAdvection,3,Euler.PacketCylinderCoefficientBounds,in-tranche
Euler.PacketCylinderWeightedLinear,1,Euler.PacketCylinderFieldWeight,in-tranche
Euler.PacketCylinderWeightedLinear,2,Euler.PacketCylinderFieldAverage,in-tranche
Euler.PacketCylinderWeightedProduct,1,Euler.PacketCylinderFieldWeight,in-tranche
Euler.PacketEarlyPhysical,1,Euler.PacketPhysicalNormBounds,in-tranche
Euler.PacketEarlyPhysical,2,Euler.PacketPhysicalFamily,in-tranche
Euler.PacketEulerianRegularity,1,Euler.PacketSourceSmoothField,in-tranche
Euler.PacketEulerianRegularity,2,Euler.PacketPhysicalFieldTower,in-tranche
Euler.PacketExactEulerianField,1,Euler.PacketExactPhysicalEuler,in-tranche
Euler.PacketExactEulerianField,2,Euler.PacketEulerianRegularity,in-tranche
Euler.PacketExactGlobalChoice,1,Euler.PacketExactGlobalShear,in-tranche
Euler.PacketExactGlobalChoice,2,Euler.PacketExactPressureError,in-tranche
Euler.PacketExactGlobalChoice,3,Euler.PacketInitializedHessianChoice,in-tranche
Euler.PacketExactGlobalShear,1,Euler.PacketPrimaryGlobalShear,in-tranche
Euler.PacketExactGlobalShear,2,Euler.PacketExactShearError,in-tranche
Euler.PacketExactPhysicalDivergence,1,Euler.PacketExactPhysicalMomentum,in-tranche
Euler.PacketExactPhysicalDivergence,2,Euler.PacketVolumeDivergence,in-tranche
Euler.PacketExactPhysicalEuler,1,Euler.PacketExactPhysicalDivergence,in-tranche
Euler.PacketExactPhysicalMomentum,1,Euler.PacketExactSourceEquation,in-tranche
Euler.PacketExactPhysicalMomentum,2,Euler.ExactLiftedGraphPressure,in-tranche
Euler.PacketExactPhysicalMomentum,3,Euler.PacketParentFlowDifferentiation,in-tranche
Euler.PacketExactPressureError,1,Euler.PacketInitializedHessianError,in-tranche
Euler.PacketExactPressureError,2,Euler.AllOrderDriftFieldDecomposition,in-tranche
Euler.PacketExactPressureError,3,Euler.ExactLiftedGraphPressure,in-tranche
Euler.PacketExactPressureError,4,Euler.PacketPhysicalCorrectionPotential,in-tranche
Euler.PacketExactShearError,1,Euler.PacketInitializedRemainder,in-tranche
Euler.PacketExactShearError,2,Euler.PacketPrimaryDynamics,in-tranche
Euler.PacketExactShearError,3,Euler.AllOrderDriftFieldDecomposition,in-tranche
Euler.PacketExactShearError,4,Euler.PacketPhysicalGevrey,in-tranche
Euler.PacketExactSourceEquation,1,Euler.ExactLiftedJointDifferentiability,in-tranche
Euler.PacketExactSourceEquation,2,Euler.PacketCorrectionSourceData,in-tranche
Euler.PacketExactSourceEquation,3,Euler.PacketCoordinateResidual,in-tranche
Euler.PacketExactSourceEquation,4,Euler.TransversePacketPiolaData,in-tranche
Euler.PacketExponentialTail,1,Euler.PacketTailBound,in-tranche
Euler.PacketFieldDrift,1,Euler.PacketFieldMap,in-tranche
Euler.PacketFieldDrift,2,Euler.PacketFieldSobolevBudget,in-tranche
Euler.PacketFieldDrift,3,Euler.LiftedVelocitySplit,in-tranche
Euler.PacketFieldGraphBounds,1,Euler.PacketFieldSobolev,in-tranche
Euler.PacketFieldGraphBounds,2,Euler.FieldTowerPointwiseGevrey,in-tranche
Euler.PacketFieldGraphBounds,3,Euler.CylinderPhysicalTensor,in-tranche
Euler.PacketFieldJetLp,1,Euler.FieldTowerJetLp,in-tranche
Euler.PacketFieldJetLp,2,Euler.PacketFieldSobolev,in-tranche
Euler.PacketFieldMap,1,Euler.PacketFieldSobolev,in-tranche
Euler.PacketFieldParityAlgebra,1,Euler.PacketFiniteParity,in-tranche
Euler.PacketFieldParityAlgebra,2,Euler.PacketCylinderRecursiveAdmissibility,in-tranche
Euler.PacketFieldPhysicalSobolev,1,Euler.PacketFieldGraphBounds,in-tranche
Euler.PacketFieldPhysicalSobolev,2,Euler.FieldTowerPhysicalL2,in-tranche
Euler.PacketFieldPhysicalSobolev,3,Euler.PhysicalL2Scaling,in-tranche
Euler.PacketFieldSmoothTimeField,1,Euler.CylinderSmoothTimeField,in-tranche
Euler.PacketFieldSmoothTimeField,2,Euler.PacketFieldTensorBounds,in-tranche
Euler.PacketFieldSmoothTimeField,3,Euler.SmoothTimeFieldAlgebra,in-tranche
Euler.PacketFieldSobolev,1,Euler.PacketFieldTower,in-tranche
Euler.PacketFieldSobolev,2,Euler.PacketCylinderFieldBounds,in-tranche
Euler.PacketFieldSobolev,3,Euler.SobolevGevreyOperators,in-tranche
Euler.PacketFieldSobolevBudget,1,Euler.PacketFieldSobolev,in-tranche
Euler.PacketFieldSobolevBudget,2,Euler.PacketTailBound,in-tranche
Euler.PacketFieldTensorBounds,1,Euler.PacketFieldGraphBounds,in-tranche
Euler.PacketFieldTensorBounds,2,Euler.PacketCylinderScalarGradient,in-tranche
Euler.PacketFieldTimeFreeze,1,Euler.PacketCylinderBoundTransfer,in-tranche
Euler.PacketFieldTimeFreeze,2,Euler.PacketCylinderFieldWeight,in-tranche
Euler.PacketFieldTimeFreeze,3,Euler.PacketProfileBudget,in-tranche
Euler.PacketFieldTower,1,Euler.PacketCylinderFieldProducts,in-tranche
Euler.PacketFieldTower,2,Euler.AllOrderCorrectionData,in-tranche
Euler.PacketFiniteApproximationBounds,1,Euler.PacketFiniteCoarseBounds,in-tranche
Euler.PacketFiniteApproximationBounds,2,Euler.PacketFiniteSumBounds,in-tranche
Euler.PacketFiniteAssemblyBounds,1,Euler.PacketFiniteFieldAlgebra,in-tranche
Euler.PacketFiniteAssemblyBounds,2,Euler.PacketProfileCoarseBounds,in-tranche
Euler.PacketFiniteCoarseBounds,1,Euler.PacketFiniteProfileBounds,in-tranche
Euler.PacketFiniteCoarseBounds,2,Euler.PacketTailBase,in-tranche
Euler.PacketFiniteFieldAlgebra,1,Euler.PacketTimeAlgebra,in-tranche
Euler.PacketFiniteFieldAlgebra,2,Euler.PacketJetAssembly,in-tranche
Euler.PacketFiniteFrequencyBounds,1,Euler.PacketExponentialTail,in-tranche
Euler.PacketFiniteLifespan,1,Euler.PacketInfiniteConstruction,in-tranche
Euler.PacketFiniteLifespan,2,Euler.PacketStageInitialLimit,in-tranche
Euler.PacketFiniteLifespan,3,Euler.PacketStageLocalExistence,in-tranche
Euler.PacketFiniteLifespan,4,Euler.OrdinaryEulerLifespan,in-tranche
Euler.PacketFiniteParity,1,Euler.PacketResidualTailFields,in-tranche
Euler.PacketFiniteParity,2,Euler.PacketProfileParity,in-tranche
Euler.PacketFiniteParity,3,Euler.PacketFiniteProfileFields,in-tranche
Euler.PacketFiniteProfileBounds,1,Euler.PacketFiniteProfileFields,in-tranche
Euler.PacketFiniteProfileBounds,2,Euler.PacketFiniteAssemblyBounds,in-tranche
Euler.PacketFiniteProfileFields,1,Euler.PacketFiniteFieldAlgebra,in-tranche
Euler.PacketFiniteProfileFields,2,Euler.PacketProfileRegularity,in-tranche
Euler.PacketFiniteProfileFields,3,Euler.PacketRecursiveCancellation,in-tranche
Euler.PacketFiniteRemainderBounds,1,Euler.PacketFiniteSumBounds,in-tranche
Euler.PacketFiniteSumBounds,1,Euler.PacketFiniteFieldAlgebra,in-tranche
Euler.PacketFiniteSumBounds,2,Euler.PacketCylinderBoundTransfer,in-tranche
Euler.PacketFiniteSumBounds,3,Euler.PacketCylinderHighPartBounds,in-tranche
Euler.PacketFiniteSumBounds,4,Euler.PacketTailBound,in-tranche
Euler.PacketFiniteVelocityBounds,1,Euler.PacketKnownPieceBounds,in-tranche
Euler.PacketFiniteVelocityBounds,2,Euler.PacketProfileCoarseBounds,in-tranche
Euler.PacketFiniteVelocityBounds,3,Euler.PacketCylinderBoundTransfer,in-tranche
Euler.PacketFirstLowBounds,1,Euler.PacketForwardGeometryLowBounds,in-tranche
Euler.PacketFirstLowBounds,2,Euler.PacketShortTimePhysicalGrowth,in-tranche
Euler.PacketFirstLowBounds,3,Euler.TransversePacketTimeData,in-tranche
Euler.PacketFirstPressureSign,1,Euler.PacketShortTimePhysicalGrowth,in-tranche
Euler.PacketFirstPressureSign,2,Euler.PacketForwardFactorization,in-tranche
Euler.PacketFirstPressureSign,3,Euler.TransversePacketTimeData,in-tranche
Euler.PacketFirstStageSupport,1,Euler.BaseFirstPacketSupport,in-tranche
Euler.PacketFirstStageSupport,2,Euler.PacketForwardSuccessor,in-tranche
Euler.PacketFiveCostGuards,1,Euler.PacketFiveCostPolynomial,in-tranche
Euler.PacketFiveCostPolynomial,1,Euler.PacketInitializedAllOrderBudget,in-tranche
Euler.PacketFiveCostPolynomial,2,Euler.PolynomialCostMajorant,in-tranche
Euler.PacketForcingBounds,1,Euler.PacketKnownTermBounds,in-tranche
Euler.PacketForcingBounds,2,Euler.PacketKnownTermSums,in-tranche
Euler.PacketForcingBounds,3,Mathlib.Algebra.BigOperators.Option,mathlib
Euler.PacketForwardApproximationBounds,1,Euler.PacketForwardUniformProfiles,in-tranche
Euler.PacketForwardApproximationBounds,2,Euler.PacketSourceSolenoidal,in-tranche
Euler.PacketForwardApproximationBounds,3,Euler.PacketNormalDriftBounds,in-tranche
Euler.PacketForwardCanonicalRadius,1,Euler.PacketForwardRadiusPolynomial,in-tranche
Euler.PacketForwardChildLowBounds,1,Euler.PacketChildLowBounds,in-tranche
Euler.PacketForwardChildLowBounds,2,Euler.PacketForwardGeometryLowBounds,in-tranche
Euler.PacketForwardChildLowBounds,3,Euler.PacketForwardPrimaryShear,in-tranche
Euler.PacketForwardCoefficientBudgets,1,Euler.PacketCorrectionCoefficientBudget,in-tranche
Euler.PacketForwardCoefficientBudgets,2,Euler.PacketSourceCoefficientBudget,in-tranche
Euler.PacketForwardCoefficientBudgets,3,Euler.TransversePacketForwardBudget,in-tranche
Euler.PacketForwardCoefficientBudgets,4,Euler.TransversePacketNormalBudget,in-tranche
Euler.PacketForwardCommonRadius,1,Euler.TransversePacketForwardGradeBounds,in-tranche
Euler.PacketForwardCommonRadius,2,Euler.PacketCommonRadius,in-tranche
Euler.PacketForwardExactFields,1,Euler.PacketForwardInitializedExactLifted,in-tranche
Euler.PacketForwardExactFields,2,Euler.ExactLiftedGraphPressure,in-tranche
Euler.PacketForwardExactFields,3,Euler.PacketPhysicalCorrectionPotential,in-tranche
Euler.PacketForwardExactFields,4,Euler.PacketPressureCovector,in-tranche
Euler.PacketForwardExactFields,5,Euler.PacketFieldGraphBounds,in-tranche
Euler.PacketForwardExactFields,6,Euler.AllOrderDriftFieldDecomposition,in-tranche
Euler.PacketForwardExactFields,7,Euler.PacketPhysicalGevrey,in-tranche
Euler.PacketForwardExactPressureError,1,Euler.PacketForwardHessianError,in-tranche
Euler.PacketForwardExactPressureError,2,Euler.PacketForwardExactFields,in-tranche
Euler.PacketForwardFactorization,1,Euler.PacketForwardPrimary,in-tranche
Euler.PacketForwardFactorization,2,Euler.PacketPrimaryUncut,in-tranche
Euler.PacketForwardForcedBounds,1,Euler.TransversePacketForwardGradeBounds,in-tranche
Euler.PacketForwardForcedBounds,2,Euler.TransversePacketInitial,in-tranche
Euler.PacketForwardGeometryAssembly,1,Euler.PacketForwardGeometryData,in-tranche
Euler.PacketForwardGeometryAssembly,2,Euler.PacketGeometrySourceGrowth,in-tranche
Euler.PacketForwardGeometryData,1,Euler.PacketSourceGeometryAssembly,in-tranche
Euler.PacketForwardGeometryData,2,Euler.PacketForwardFactorization,in-tranche
Euler.PacketForwardGeometryLowBounds,1,Euler.PacketForwardGeometryAssembly,in-tranche
Euler.PacketForwardGeometryLowBounds,2,Euler.PacketGeometryLowBounds,in-tranche
Euler.PacketForwardGlobalShear,1,Euler.PacketForwardPrimaryShear,in-tranche
Euler.PacketForwardGlobalShear,2,Euler.PacketForwardRemainder,in-tranche
Euler.PacketForwardGlobalShear,3,Euler.PacketForwardExactFields,in-tranche
Euler.PacketForwardHessianError,1,Euler.PacketForwardPressureRemainder,in-tranche
Euler.PacketForwardHessianError,2,Euler.PacketPressureFastBounds,in-tranche
Euler.PacketForwardHessianError,3,Euler.PacketForwardPrimaryShear,in-tranche
Euler.PacketForwardInitialSupport,1,Euler.PacketForwardExactFields,in-tranche
Euler.PacketForwardInitialSupport,2,Euler.PacketInitialSupport,in-tranche
Euler.PacketForwardInitialSupport,3,Euler.PacketSourceInitialMean,in-tranche
Euler.PacketForwardInitializedAllOrderBudget,1,Euler.PacketForwardInitializedSpatialBudget,in-tranche
Euler.PacketForwardInitializedAllOrderBudget,2,Euler.PacketForwardInitializedSolenoidal,in-tranche
Euler.PacketForwardInitializedAllOrderBudget,3,Euler.PacketSourceFrequency,in-tranche
Euler.PacketForwardInitializedBounds,1,Euler.PacketForwardInitializedProfiles,in-tranche
Euler.PacketForwardInitializedBounds,2,Euler.PacketForwardResidualBounds,in-tranche
Euler.PacketForwardInitializedBounds,3,Euler.PacketForwardApproximationBounds,in-tranche
Euler.PacketForwardInitializedChildShear,1,Euler.PacketForwardInitializedFlowAndShear,in-tranche
Euler.PacketForwardInitializedChildShear,2,Euler.PhysicalChildSourceBound,in-tranche
Euler.PacketForwardInitializedCorrectionChoice,1,Euler.PacketForwardInitializedAllOrderBudget,in-tranche
Euler.PacketForwardInitializedCorrectionChoice,2,Euler.PacketForwardCommonRadius,in-tranche
Euler.PacketForwardInitializedCorrectionChoice,3,Euler.PacketForwardCoefficientBudgets,in-tranche
Euler.PacketForwardInitializedCorrectionData,1,Euler.PacketForwardInitializedBounds,in-tranche
Euler.PacketForwardInitializedCorrectionData,2,Euler.PacketCorrectionSourceData,in-tranche
Euler.PacketForwardInitializedCorrectionData,3,Euler.PacketCorrectionConstants,in-tranche
Euler.PacketForwardInitializedCorrectionEstimates,1,Euler.PacketForwardInitializedAllOrderBudget,in-tranche
Euler.PacketForwardInitializedCorrectionEstimates,2,Euler.PacketInitializedCorrectionBounds,in-tranche
Euler.PacketForwardInitializedCorrectionEstimates,3,Euler.PacketForwardCommonRadius,in-tranche
Euler.PacketForwardInitializedCorrectionEstimates,4,Euler.PacketForwardCoefficientBudgets,in-tranche
Euler.PacketForwardInitializedCorrectionNorms,1,Euler.PacketForwardInitializedCorrectionData,in-tranche
Euler.PacketForwardInitializedCorrectionNorms,2,Euler.PacketFieldDrift,in-tranche
Euler.PacketForwardInitializedCorrectionParity,1,Euler.PacketForwardInitializedFieldParity,in-tranche
Euler.PacketForwardInitializedCorrectionParity,2,Euler.PacketCorrectionCoefficientParity,in-tranche
Euler.PacketForwardInitializedExactLifted,1,Euler.PacketInitializedExactLifted,in-tranche
Euler.PacketForwardInitializedExactLifted,2,Euler.PacketForwardInitializedResidualEquation,in-tranche
Euler.PacketForwardInitializedExactLifted,3,Euler.PacketForwardInitializedCorrectionChoice,in-tranche
Euler.PacketForwardInitializedExactLifted,4,Euler.PacketForwardInitializedCorrectionParity,in-tranche
Euler.PacketForwardInitializedFieldParity,1,Euler.PacketForwardInitializedCorrectionData,in-tranche
Euler.PacketForwardInitializedFieldParity,2,Euler.PacketForwardInitializedProfilesParity,in-tranche
Euler.PacketForwardInitializedFieldParity,3,Euler.PacketFieldParityAlgebra,in-tranche
Euler.PacketForwardInitializedFlowAndShear,1,Euler.PacketForwardInitializedFlowBounds,in-tranche
Euler.PacketForwardInitializedFlowAndShear,2,Euler.PacketForwardGlobalShear,in-tranche
Euler.PacketForwardInitializedFlowAndShear,3,Euler.PacketForwardExactPressureError,in-tranche
Euler.PacketForwardInitializedFlowBounds,1,Euler.PacketLiftedFlowData,in-tranche
Euler.PacketForwardInitializedFlowBounds,2,Euler.PacketWeightedPhysicalErrors,in-tranche
Euler.PacketForwardInitializedFlowBounds,3,Euler.PacketGraphFlowFieldBounds,in-tranche
Euler.PacketForwardInitializedFlowBounds,4,Euler.PacketGraphFlowSupBounds,in-tranche
Euler.PacketForwardInitializedFlowBounds,5,Euler.PacketForwardInitializedCorrectionEstimates,in-tranche
Euler.PacketForwardInitializedFlowBounds,6,Euler.PacketForwardInitializedTimeBounds,in-tranche
Euler.PacketForwardInitializedFlowBounds,7,Euler.PacketLiftedSmallness,in-tranche
Euler.PacketForwardInitializedPressure,1,Euler.PacketSourcePressureAssembly,in-tranche
Euler.PacketForwardInitializedPressure,2,Euler.PacketForwardInitializedProfiles,in-tranche
Euler.PacketForwardInitializedProfiles,1,Euler.PacketForwardUniformProfiles,in-tranche
Euler.PacketForwardInitializedProfiles,2,Euler.PacketForwardPrimaryBounds,in-tranche
Euler.PacketForwardInitializedProfiles,3,Euler.PacketProfileBudgetTimeChange,in-tranche
Euler.PacketForwardInitializedProfilesParity,1,Euler.PacketForwardInitializedProfiles,in-tranche
Euler.PacketForwardInitializedProfilesParity,2,Euler.PacketSourceParity,in-tranche
Euler.PacketForwardInitializedProfilesParity,3,Euler.PacketTerminalAdmissible,in-tranche
Euler.PacketForwardInitializedResidualEquation,1,Euler.PacketForwardInitializedPressure,in-tranche
Euler.PacketForwardInitializedResidualEquation,2,Euler.PacketForwardInitializedCorrectionData,in-tranche
Euler.PacketForwardInitializedResidualEquation,3,Euler.PacketCoordinateSobolev,in-tranche
Euler.PacketForwardInitializedResidualEquation,4,Euler.PacketFiniteProfileFields,in-tranche
Euler.PacketForwardInitializedResidualEquation,5,Euler.AllOrderDriftEquation,in-tranche
Euler.PacketForwardInitializedSolenoidal,1,Euler.PacketForwardInitializedCorrectionData,in-tranche
Euler.PacketForwardInitializedSpatialBudget,1,Euler.PacketForwardInitializedCorrectionNorms,in-tranche
Euler.PacketForwardInitializedSpatialBudget,2,Euler.PacketCorrectionGrowth,in-tranche
Euler.PacketForwardInitializedSpatialBudget,3,Euler.AllOrderDriftBudget,in-tranche
Euler.PacketForwardInitializedTimeBounds,1,Euler.PacketMatrixNormalization,in-tranche
Euler.PacketForwardInitializedTimeBounds,2,Euler.PacketForwardInitializedResidualEquation,in-tranche
Euler.PacketForwardInitializedTimeBounds,3,Euler.PacketForwardCommonRadius,in-tranche
Euler.PacketForwardInitializedTimeBounds,4,Euler.PacketSourceFrequency,in-tranche
Euler.PacketForwardOutputCosts,1,Euler.PacketForwardUniformBudget,in-tranche
Euler.PacketForwardOutputCosts,2,Euler.PacketInitializedOutputCosts,in-tranche
Euler.PacketForwardOutputCosts,3,Euler.PacketForwardGlobalShear,in-tranche
Euler.PacketForwardOutputCosts,4,Euler.PacketForwardHessianError,in-tranche
Euler.PacketForwardPressureBudgets,1,Euler.PacketForwardScalarPressureGrade,in-tranche
Euler.PacketForwardPressureBudgets,2,Euler.PacketForwardStepBudget,in-tranche
Euler.PacketForwardPressureBudgets,3,Euler.PacketInitializedPressureBudgets,in-tranche
Euler.PacketForwardPressureBudgets,4,Euler.PacketForwardInitializedProfiles,in-tranche
Euler.PacketForwardPressureRemainder,1,Euler.PacketPressureRemainder,in-tranche
Euler.PacketForwardPressureRemainder,2,Euler.PacketForwardRemainder,in-tranche
Euler.PacketForwardPressureRemainder,3,Euler.PacketForwardPressureBudgets,in-tranche
Euler.PacketForwardPressureRemainder,4,Euler.PacketForwardInitializedPressure,in-tranche
Euler.PacketForwardPressureRemainder,5,Euler.PacketPressureFastHessian,in-tranche
Euler.PacketForwardPrimary,1,Euler.PacketPrimaryRegularity,in-tranche
Euler.PacketForwardPrimary,2,Euler.PacketPrimaryParity,in-tranche
Euler.PacketForwardPrimary,3,Euler.PacketTerminalEnvelope,in-tranche
Euler.PacketForwardPrimary,4,Euler.TransversePacketJets,in-tranche
Euler.PacketForwardPrimary,5,Euler.TransversePacketInitialRepresentative,in-tranche
Euler.PacketForwardPrimaryBounds,1,Euler.PacketForwardPrimary,in-tranche
Euler.PacketForwardPrimaryBounds,2,Euler.TransversePacketForwardGradeBounds,in-tranche
Euler.PacketForwardPrimaryBounds,3,Euler.PacketProfileBudget,in-tranche
Euler.PacketForwardPrimaryShear,1,Euler.PacketForwardFactorization,in-tranche
Euler.PacketForwardPrimaryShear,2,Euler.PacketPrimaryGlobalShear,in-tranche
Euler.PacketForwardPrimaryShear,3,Euler.PacketPrimaryPressureShear,in-tranche
Euler.PacketForwardRadiusPolynomial,1,Euler.PacketSourceRadiusPolynomial,in-tranche
Euler.PacketForwardRadiusPolynomial,2,Euler.PacketForwardCommonRadius,in-tranche
Euler.PacketForwardRadiusPolynomial,3,Euler.PacketParentForwardBudget,in-tranche
Euler.PacketForwardRemainder,1,Euler.PacketForwardInitializedResidualEquation,in-tranche
Euler.PacketForwardRemainder,2,Euler.PacketRemainderBounds,in-tranche
Euler.PacketForwardRemainder,3,Euler.PacketForwardPrimaryShear,in-tranche
Euler.PacketForwardRemainder,4,Euler.PacketFieldGraphBounds,in-tranche
Euler.PacketForwardRemainder,5,Euler.FieldTowerPhysicalL2,in-tranche
Euler.PacketForwardResidualBounds,1,Euler.PacketForwardUniformProfiles,in-tranche
Euler.PacketForwardResidualBounds,2,Euler.PacketSourceResidualFields,in-tranche
Euler.PacketForwardResidualBounds,3,Euler.PacketProfileTailEstimates,in-tranche
Euler.PacketForwardScalarPressureGrade,1,Euler.PacketScalarPressureGrade,in-tranche
Euler.PacketForwardScalarPressureGrade,2,Euler.PacketForwardPrimaryBounds,in-tranche
Euler.PacketForwardScalarPressureGrade,3,Euler.PacketForwardForcedBounds,in-tranche
Euler.PacketForwardStepBudget,1,Euler.PacketBudgetTimeChange,in-tranche
Euler.PacketForwardStepBudget,2,Euler.PacketForcingBounds,in-tranche
Euler.PacketForwardStepBudget,3,Euler.PacketForwardForcedBounds,in-tranche
Euler.PacketForwardStepBudget,4,Euler.PacketMeanGradeBounds,in-tranche
Euler.PacketForwardStepBudget,5,Euler.TransverseHighSolveFields,in-tranche
Euler.PacketForwardSuccessor,1,Euler.PacketStageInputs,in-tranche
Euler.PacketForwardSuccessor,2,Euler.PacketStageEstimates,in-tranche
Euler.PacketForwardSuccessor,3,Euler.PacketStagePhysicalBounds,in-tranche
Euler.PacketForwardSuccessor,4,Euler.ParentGeometryChoiceLow,in-tranche
Euler.PacketForwardSuccessor,5,Euler.ParentGeometryChoiceRenewal,in-tranche
Euler.PacketForwardUniformBudget,1,Euler.PacketForwardUniformCosts,in-tranche
Euler.PacketForwardUniformBudget,2,Euler.PacketForwardInitializedAllOrderBudget,in-tranche
Euler.PacketForwardUniformBudget,3,Euler.PacketInitializedUniformBounds,in-tranche
Euler.PacketForwardUniformBudget,4,Euler.PacketProfileEnvelope,in-tranche
Euler.PacketForwardUniformChild,1,Euler.PacketForwardUniformFlow,in-tranche
Euler.PacketForwardUniformChild,2,Euler.PhysicalChildSourceBound,in-tranche
Euler.PacketForwardUniformCosts,1,Euler.PacketForwardCanonicalRadius,in-tranche
Euler.PacketForwardUniformCosts,2,Euler.PacketInitializedParameterBounds,in-tranche
Euler.PacketForwardUniformFlow,1,Euler.PacketForwardOutputCosts,in-tranche
Euler.PacketForwardUniformFlow,2,Euler.PacketGraphFlowExplicitBounds,in-tranche
Euler.PacketForwardUniformFlow,3,Euler.PacketForwardInitializedFlowAndShear,in-tranche
Euler.PacketForwardUniformProfiles,1,Euler.PacketForwardStepBudget,in-tranche
Euler.PacketForwardUniformProfiles,2,Euler.PacketProfileBudgetTransport,in-tranche
Euler.PacketForwardUniformProfiles,3,Euler.PacketGevreyProfileChoice,in-tranche
Euler.PacketForwardUniformProfiles,4,Euler.PacketSourceMeanZero,in-tranche
Euler.PacketFrameCoefficients,1,Euler.PacketMovingFrame,in-tranche
Euler.PacketFrameRenewalAlgebra,1,Euler.PacketScaledVelocityAlgebra,in-tranche
Euler.PacketFrameRenewalAlgebra,2,Mathlib.LinearAlgebra.CrossProduct,mathlib
Euler.PacketGeometryAssembly,1,Euler.PacketGeometryGuards,in-tranche
Euler.PacketGeometryAssembly,2,Euler.PacketPhysicalSign,in-tranche
Euler.PacketGeometryAssembly,3,Euler.PacketPhysicalCompression,in-tranche
Euler.PacketGeometryAssembly,4,Euler.PacketEarlyPhysical,in-tranche
Euler.PacketGeometryAssembly,5,Euler.PacketPhysicalPropagator,in-tranche
Euler.PacketGeometryAssembly,6,Euler.PacketPropagationTime,in-tranche
Euler.PacketGeometryControlledGrowth,1,Euler.PacketForwardGeometryLowBounds,in-tranche
Euler.PacketGeometryData,1,Euler.PacketPhysicalFamily,in-tranche
Euler.PacketGeometryData,2,Euler.PacketAmplitudeBounds,in-tranche
Euler.PacketGeometryGuards,1,Euler.PacketGeometryData,in-tranche
Euler.PacketGeometryGuards,2,Euler.PacketShearMotion,in-tranche
Euler.PacketGeometryInitialAmplitude,1,Euler.PacketSourceUniformEnvelope,in-tranche
Euler.PacketGeometryInitialAmplitude,2,Euler.PacketPressureScaleCosts,in-tranche
Euler.PacketGeometryJoinedBudget,1,Euler.PacketGeometryControlledGrowth,in-tranche
Euler.PacketGeometryJoinedBudget,2,Euler.PacketParentPhysicalBudgets,in-tranche
Euler.PacketGeometryLowBounds,1,Euler.PacketSourceGeometryGrowth,in-tranche
Euler.PacketGeometryPressureCosts,1,Euler.PacketPressureScaleCosts,in-tranche
Euler.PacketGeometryProfileEnvelope,1,Euler.PacketGeometryJoinedBudget,in-tranche
Euler.PacketGeometryProfileEnvelope,2,Euler.ParentForwardGeometryInput,in-tranche
Euler.PacketGeometryProfileEnvelope,3,Euler.PacketProfileEnvelope,in-tranche
Euler.PacketGeometryProfileEnvelope,4,Euler.PacketParentCoefficientBounds,in-tranche
Euler.PacketGeometrySourceGrowth,1,Euler.PacketGeometryAssembly,in-tranche
Euler.PacketGeometrySourceGrowth,2,Euler.PacketSourcePropagator,in-tranche
Euler.PacketGevreyProfileChoice,1,Euler.PacketBudgetTimeChange,in-tranche
Euler.PacketGradeAbsorption,1,Euler.PacketCylinderFieldBounds,in-tranche
Euler.PacketGradeAbsorption,2,Euler.PacketShiftArithmetic,in-tranche
Euler.PacketGraphFlowExplicitBounds,1,Euler.PacketGraphFlowFieldBounds,in-tranche
Euler.PacketGraphFlowExplicitBounds,2,Euler.PacketGraphFlowSupBounds,in-tranche
Euler.PacketGraphFlowExplicitBounds,3,Euler.PacketUniformFrequencyMargin,in-tranche
Euler.PacketGraphFlowFieldBounds,1,Euler.PhysicalGraphFlowBounds,in-tranche
Euler.PacketGraphFlowFieldBounds,2,Euler.PacketGraphFlowFrequency,in-tranche
Euler.PacketGraphFlowFrequency,1,Euler.SmoothFlowTimeGevrey,in-tranche
Euler.PacketGraphFlowSupBounds,1,Euler.PhysicalGraphFlowSupBounds,in-tranche
Euler.PacketGraphFlowSupBounds,2,Euler.PacketGraphFlowFrequency,in-tranche
Euler.PacketGraphHessian,1,Euler.PacketContinuousInverse,in-tranche
Euler.PacketGraphHessian,2,Euler.PacketCylinderPressureLocality,in-tranche
Euler.PacketHorizonSize,1,Euler.PacketBeforeTargetSize,in-tranche
Euler.PacketIdealSize,1,Euler.EulerProof,in-tranche
Euler.PacketInductionScaleBounds,1,Euler.PacketInductionScales,in-tranche
Euler.PacketInductionScaleBounds,2,Euler.PacketLowBoundPropagation,in-tranche
Euler.PacketInductionScales,1,Euler.BaseFirstPacketScales,in-tranche
Euler.PacketInductionScales,2,Euler.NormalPacketFrequencyGuards,in-tranche
Euler.PacketInductionScales,3,Euler.ParentRenewalPrefix,in-tranche
Euler.PacketInductionScales,4,Euler.ParentRenewalScaleCosts,in-tranche
Euler.PacketInductionStage,1,Euler.PacketInductionScaleBounds,in-tranche
Euler.PacketInductionStage,2,Euler.ParentStageHorizon,in-tranche
Euler.PacketInductionStage,3,Euler.ParentStageDirection,in-tranche
Euler.PacketInductionStage,4,Euler.BaseFirstPacketFrame,in-tranche
Euler.PacketInfiniteConstruction,1,Euler.BaseInductionStage,in-tranche
Euler.PacketInfiniteConstruction,2,Euler.PacketForwardSuccessor,in-tranche
Euler.PacketInfiniteConstruction,3,Euler.PacketJoinedSuccessor,in-tranche
Euler.PacketInfiniteConstruction,4,Euler.PacketStageGrowth,in-tranche
Euler.PacketInitialAmplitude,1,Euler.TransversePacketPrimaryHomogeneity,in-tranche
Euler.PacketInitialAmplitude,2,Euler.ParameterSobolevScaling,in-tranche
Euler.PacketInitialAmplitude,3,Euler.ElapsedTimePathWeight,in-tranche
Euler.PacketInitialBounds,1,Euler.PacketInitialFields,in-tranche
Euler.PacketInitialBounds,2,Euler.PacketFiniteCoarseBounds,in-tranche
Euler.PacketInitialBounds,3,Euler.PacketFiniteSumBounds,in-tranche
Euler.PacketInitialBounds,4,Euler.PacketFiniteFrequencyBounds,in-tranche
Euler.PacketInitialCostPolynomial,1,Euler.PacketInitializedInitial,in-tranche
Euler.PacketInitialCostPolynomial,2,Euler.PacketInitializedParameterBounds,in-tranche
Euler.PacketInitialCostPolynomial,3,Euler.PacketSourceUniformEnvelope,in-tranche
Euler.PacketInitialDatumSupport,1,Euler.PacketStageInitialLimit,in-tranche
Euler.PacketInitialExactLimit,1,Euler.PacketInitialSmoothLimit,in-tranche
Euler.PacketInitialFields,1,Euler.PacketFieldTimeFreeze,in-tranche
Euler.PacketInitialFields,2,Euler.PacketFiniteProfileFields,in-tranche
Euler.PacketInitialFields,3,Euler.PacketFiniteAssemblyBounds,in-tranche
Euler.PacketInitialGeometry,1,Euler.PacketScaledVelocity,in-tranche
Euler.PacketInitialInput,1,Euler.ParentGeometryInitialBounds,in-tranche
Euler.PacketInitialInput,2,Euler.PacketInitialSmoothFields,in-tranche
Euler.PacketInitialPhysical,1,Euler.PacketInitialBounds,in-tranche
Euler.PacketInitialPhysical,2,Euler.PacketFieldPhysicalSobolev,in-tranche
Euler.PacketInitialPolynomialBounds,1,Euler.PacketUniformInitialBounds,in-tranche
Euler.PacketInitialScaleSummability,1,Euler.PacketSourceParameterScales,in-tranche
Euler.PacketInitialSmoothFields,1,Euler.PacketInitializedInitialExact,in-tranche
Euler.PacketInitialSmoothFields,2,Euler.LpSmoothField,in-tranche
Euler.PacketInitialSmoothLimit,1,Euler.PacketInitialSummability,in-tranche
Euler.PacketInitialSmoothLimit,2,Euler.SmoothL2Series,in-tranche
Euler.PacketInitialSummability,1,Euler.PacketInitialInput,in-tranche
Euler.PacketInitialSummability,2,Euler.PacketInitialScaleSummability,in-tranche
Euler.PacketInitialSupport,1,Euler.PacketInitialFields,in-tranche
Euler.PacketInitialSupport,2,Euler.PhysicalL2Scaling,in-tranche
Euler.PacketInitializedAllOrderBudget,1,Euler.PacketInitializedSpatialBudget,in-tranche
Euler.PacketInitializedAllOrderBudget,2,Euler.PacketInitializedSolenoidal,in-tranche
Euler.PacketInitializedAllOrderBudget,3,Euler.PacketSourceFrequency,in-tranche
Euler.PacketInitializedBounds,1,Euler.PacketInitializedProfiles,in-tranche
Euler.PacketInitializedBounds,2,Euler.PacketJoinedResidualBounds,in-tranche
Euler.PacketInitializedBounds,3,Euler.PacketJoinedApproximationBounds,in-tranche
Euler.PacketInitializedCanonicalRadius,1,Euler.PacketInitializedRadius,in-tranche
Euler.PacketInitializedChildBounds,1,Euler.PacketInitializedFlowAndShear,in-tranche
Euler.PacketInitializedChildBounds,2,Euler.PhysicalChildSourceBound,in-tranche
Euler.PacketInitializedCorrectionBounds,1,Euler.PacketInitializedAllOrderBudget,in-tranche
Euler.PacketInitializedCorrectionBounds,2,Euler.AllOrderDriftResidualBounds,in-tranche
Euler.PacketInitializedCorrectionChoice,1,Euler.PacketInitializedAllOrderBudget,in-tranche
Euler.PacketInitializedCorrectionChoice,2,Euler.PacketInitializedRadius,in-tranche
Euler.PacketInitializedCorrectionChoice,3,Euler.PacketJoinedCoefficientBudgets,in-tranche
Euler.PacketInitializedCorrectionData,1,Euler.PacketInitializedBounds,in-tranche
Euler.PacketInitializedCorrectionData,2,Euler.PacketCorrectionSourceData,in-tranche
Euler.PacketInitializedCorrectionData,3,Euler.PacketCorrectionConstants,in-tranche
Euler.PacketInitializedCorrectionEstimateChoice,1,Euler.PacketInitializedCorrectionChoice,in-tranche
Euler.PacketInitializedCorrectionEstimateChoice,2,Euler.PacketInitializedCorrectionBounds,in-tranche
Euler.PacketInitializedCorrectionEstimateChoice,3,Euler.PacketCorrectionRapidDecay,in-tranche
Euler.PacketInitializedCorrectionNorms,1,Euler.PacketInitializedCorrectionData,in-tranche
Euler.PacketInitializedCorrectionNorms,2,Euler.PacketFieldDrift,in-tranche
Euler.PacketInitializedCorrectionParity,1,Euler.PacketInitializedFieldParity,in-tranche
Euler.PacketInitializedCorrectionParity,2,Euler.PacketCorrectionCoefficientParity,in-tranche
Euler.PacketInitializedExactLifted,1,Euler.PacketInitializedResidualEquation,in-tranche
Euler.PacketInitializedExactLifted,2,Euler.PacketInitializedCorrectionChoice,in-tranche
Euler.PacketInitializedExactLifted,3,Euler.PacketInitializedCorrectionParity,in-tranche
Euler.PacketInitializedFieldParity,1,Euler.PacketInitializedCorrectionData,in-tranche
Euler.PacketInitializedFieldParity,2,Euler.PacketInitializedProfilesParity,in-tranche
Euler.PacketInitializedFieldParity,3,Euler.PacketFieldParityAlgebra,in-tranche
Euler.PacketInitializedFlowAndShear,1,Euler.PacketLiftedFlowData,in-tranche
Euler.PacketInitializedFlowAndShear,2,Euler.PacketWeightedPhysicalErrors,in-tranche
Euler.PacketInitializedFlowAndShear,3,Euler.PacketGraphFlowFieldBounds,in-tranche
Euler.PacketInitializedFlowAndShear,4,Euler.PacketGraphFlowSupBounds,in-tranche
Euler.PacketInitializedFlowAndShear,5,Euler.PacketExactGlobalChoice,in-tranche
Euler.PacketInitializedFlowAndShear,6,Euler.PacketInitializedTimeBounds,in-tranche
Euler.PacketInitializedFlowAndShear,7,Euler.PacketLiftedSmallness,in-tranche
Euler.PacketInitializedHessianChoice,1,Euler.PacketInitializedPhysicalFieldsChoice,in-tranche
Euler.PacketInitializedHessianChoice,2,Euler.PacketPhysicalCorrectionPotential,in-tranche
Euler.PacketInitializedHessianError,1,Euler.PacketInitializedPressureRemainder,in-tranche
Euler.PacketInitializedHessianError,2,Euler.PacketPressureFastBounds,in-tranche
Euler.PacketInitializedHessianError,3,Euler.PacketPrimaryPressureShear,in-tranche
Euler.PacketInitializedInitial,1,Euler.PacketInitializedRemainder,in-tranche
Euler.PacketInitializedInitial,2,Euler.PacketInitialPhysical,in-tranche
Euler.PacketInitializedInitial,3,Euler.PacketInitialSupport,in-tranche
Euler.PacketInitializedInitial,4,Euler.PacketSourceInitialMean,in-tranche
Euler.PacketInitializedInitialExact,1,Euler.PacketInitializedInitial,in-tranche
Euler.PacketInitializedInitialExact,2,Euler.PacketExactShearError,in-tranche
Euler.PacketInitializedOutputCosts,1,Euler.PacketInitializedUniformBounds,in-tranche
Euler.PacketInitializedOutputCosts,2,Euler.PacketPhysicalCostPolynomial,in-tranche
Euler.PacketInitializedParameterBounds,1,Euler.PacketInitializedUniformCosts,in-tranche
Euler.PacketInitializedPhysicalChoice,1,Euler.PacketInitializedPointwiseChoice,in-tranche
Euler.PacketInitializedPhysicalChoice,2,Euler.PacketPhysicalFrequencyBounds,in-tranche
Euler.PacketInitializedPhysicalChoice,3,Euler.PacketContinuousInverse,in-tranche
Euler.PacketInitializedPhysicalFieldsChoice,1,Euler.PacketInitializedPhysicalChoice,in-tranche
Euler.PacketInitializedPhysicalFieldsChoice,2,Euler.PacketPhysicalPressureGevrey,in-tranche
Euler.PacketInitializedPointwiseChoice,1,Euler.PacketInitializedCorrectionEstimateChoice,in-tranche
Euler.PacketInitializedPointwiseChoice,2,Euler.AllOrderDriftPointwiseBounds,in-tranche
Euler.PacketInitializedPressureBudgets,1,Euler.PacketAngularPressureStepBound,in-tranche
Euler.PacketInitializedPressureBudgets,2,Euler.PacketMeanPressureStepBound,in-tranche
Euler.PacketInitializedPressureBudgets,3,Euler.PacketInitializedProfiles,in-tranche
Euler.PacketInitializedPressureRemainder,1,Euler.PacketPressureRemainder,in-tranche
Euler.PacketInitializedPressureRemainder,2,Euler.PacketInitializedRemainder,in-tranche
Euler.PacketInitializedPressureRemainder,3,Euler.PacketJoinedPressureAssembly,in-tranche
Euler.PacketInitializedPressureRemainder,4,Euler.PacketPressureFastHessian,in-tranche
Euler.PacketInitializedProfiles,1,Euler.PacketTerminalPrimaryBudget,in-tranche
Euler.PacketInitializedProfiles,2,Euler.PacketJoinedUniformProfiles,in-tranche
Euler.PacketInitializedProfilesParity,1,Euler.PacketInitializedProfiles,in-tranche
Euler.PacketInitializedProfilesParity,2,Euler.PacketPrimarySourceParity,in-tranche
Euler.PacketInitializedProfilesParity,3,Euler.PacketJoinedSourceProfiles,in-tranche
Euler.PacketInitializedRadius,1,Euler.PacketPrimaryCommonRadius,in-tranche
Euler.PacketInitializedRadius,2,Euler.PacketCommonRadius,in-tranche
Euler.PacketInitializedRadiusPolynomial,1,Euler.PacketRadiusCostPolynomial,in-tranche
Euler.PacketInitializedRadiusPolynomial,2,Euler.PacketParentMeanBudget,in-tranche
Euler.PacketInitializedRemainder,1,Euler.PacketInitializedResidualEquation,in-tranche
Euler.PacketInitializedRemainder,2,Euler.PacketRemainderBounds,in-tranche
Euler.PacketInitializedRemainder,3,Euler.PacketPrimaryScaling,in-tranche
Euler.PacketInitializedRemainder,4,Euler.PacketFieldGraphBounds,in-tranche
Euler.PacketInitializedRemainder,5,Euler.FieldTowerPhysicalL2,in-tranche
Euler.PacketInitializedResidualEquation,1,Euler.PacketJoinedPressureAssembly,in-tranche
Euler.PacketInitializedResidualEquation,2,Euler.PacketInitializedCorrectionData,in-tranche
Euler.PacketInitializedResidualEquation,3,Euler.PacketCoordinateSobolev,in-tranche
Euler.PacketInitializedResidualEquation,4,Euler.PacketFiniteProfileFields,in-tranche
Euler.PacketInitializedResidualEquation,5,Euler.AllOrderDriftEquation,in-tranche
Euler.PacketInitializedSolenoidal,1,Euler.PacketInitializedCorrectionData,in-tranche
Euler.PacketInitializedSpatialBudget,1,Euler.PacketInitializedCorrectionNorms,in-tranche
Euler.PacketInitializedSpatialBudget,2,Euler.PacketCorrectionGrowth,in-tranche
Euler.PacketInitializedSpatialBudget,3,Euler.AllOrderDriftBudget,in-tranche
Euler.PacketInitializedTimeBounds,1,Euler.PacketMatrixNormalization,in-tranche
Euler.PacketInitializedTimeBounds,2,Euler.PacketInitializedResidualEquation,in-tranche
Euler.PacketInitializedTimeBounds,3,Euler.PacketInitializedRadius,in-tranche
Euler.PacketInitializedTimeBounds,4,Euler.PacketSourceFrequency,in-tranche
Euler.PacketInitializedUniformBounds,1,Euler.PacketInitializedUniformBudget,in-tranche
Euler.PacketInitializedUniformBounds,2,Euler.PacketInitializedParameterBounds,in-tranche
Euler.PacketInitializedUniformBounds,3,Euler.PacketCorrectionOutputPolynomial,in-tranche
Euler.PacketInitializedUniformBudget,1,Euler.PacketInitializedUniformCosts,in-tranche
Euler.PacketInitializedUniformBudget,2,Euler.PacketProfileEnvelope,in-tranche
Euler.PacketInitializedUniformChild,1,Euler.PacketInitializedUniformFlow,in-tranche
Euler.PacketInitializedUniformChild,2,Euler.PhysicalChildSourceBound,in-tranche
Euler.PacketInitializedUniformCosts,1,Euler.PacketInitializedRadiusPolynomial,in-tranche
Euler.PacketInitializedUniformCosts,2,Euler.PacketSourcePrimitiveBounds,in-tranche
Euler.PacketInitializedUniformCosts,3,Euler.PacketFiveCostGuards,in-tranche
Euler.PacketInitializedUniformFlow,1,Euler.PacketInitializedOutputCosts,in-tranche
Euler.PacketInitializedUniformFlow,2,Euler.PacketGraphFlowExplicitBounds,in-tranche
Euler.PacketInitializedUniformFlow,3,Euler.PacketInitializedFlowAndShear,in-tranche
Euler.PacketInverseFlowContinuity,1,Euler.InverseMapJetContinuity,in-tranche
Euler.PacketInverseFlowContinuity,2,Euler.PacketInverseFlowGevrey,in-tranche
Euler.PacketInverseFlowGevrey,1,Euler.GevreyInverseMap,in-tranche
Euler.PacketInverseFlowGevrey,2,Euler.PacketParentCoefficientBounds,in-tranche
Euler.PacketInverseFlowSobolevBound,1,Euler.PacketInverseFlowGevrey,in-tranche
Euler.PacketJetAssembly,1,Euler.PacketPointJets,in-tranche
Euler.PacketJetAssembly,2,Euler.FiniteGradeAssembly,in-tranche
Euler.PacketJoinedApproximationBounds,1,Euler.PacketJoinedUniformProfiles,in-tranche
Euler.PacketJoinedApproximationBounds,2,Euler.PacketJoinedSourceSolenoidal,in-tranche
Euler.PacketJoinedApproximationBounds,3,Euler.PacketNormalDriftBounds,in-tranche
Euler.PacketJoinedCoefficientBudgets,1,Euler.PacketCorrectionCoefficientBudget,in-tranche
Euler.PacketJoinedCoefficientBudgets,2,Euler.PacketSourceCoefficientBudget,in-tranche
Euler.PacketJoinedCoefficientBudgets,3,Euler.PacketJoinedSourceOperators,in-tranche
Euler.PacketJoinedCoefficientBudgets,4,Euler.TransversePacketNormalBudget,in-tranche
Euler.PacketJoinedGradeBounds,1,Euler.TransversePacketJoinedFullBounds,in-tranche
Euler.PacketJoinedGradeBounds,2,Euler.TransversePacketParity,in-tranche
Euler.PacketJoinedGradeBounds,3,Euler.PacketLinearCostAbsorption,in-tranche
Euler.PacketJoinedGradeBounds,4,Euler.PacketCylinderProfileChange,in-tranche
Euler.PacketJoinedGradeBounds,5,Euler.PacketCylinderBoundTransfer,in-tranche
Euler.PacketJoinedPressureAssembly,1,Euler.PacketMeanPressureGradient,in-tranche
Euler.PacketJoinedPressureAssembly,2,Euler.PacketInitializedProfiles,in-tranche
Euler.PacketJoinedPressureAssembly,3,Euler.PacketJoinedSourceResidual,in-tranche
Euler.PacketJoinedPressureAssembly,4,Euler.TransversePacketJoinedSupport,in-tranche
Euler.PacketJoinedProfilesParity,1,Euler.PacketJoinedProfilesRegularity,in-tranche
Euler.PacketJoinedProfilesParity,2,Euler.PacketJoinedStepParity,in-tranche
Euler.PacketJoinedProfilesRegularity,1,Euler.PacketJoinedStepRegularity,in-tranche
Euler.PacketJoinedResidualBounds,1,Euler.PacketJoinedUniformProfiles,in-tranche
Euler.PacketJoinedResidualBounds,2,Euler.PacketJoinedResidualFields,in-tranche
Euler.PacketJoinedResidualBounds,3,Euler.PacketProfileTailEstimates,in-tranche
Euler.PacketJoinedResidualFields,1,Euler.PacketResidualTailActual,in-tranche
Euler.PacketJoinedResidualFields,2,Euler.PacketJoinedSourceResidual,in-tranche
Euler.PacketJoinedSourceConstraints,1,Euler.PacketJoinedSourceEquations,in-tranche
Euler.PacketJoinedSourceConstraints,2,Euler.PacketCylinderMeanSolenoidal,in-tranche
Euler.PacketJoinedSourceEquations,1,Euler.PacketJoinedSourceProfiles,in-tranche
Euler.PacketJoinedSourceEquations,2,Euler.PacketSourceEquations,in-tranche
Euler.PacketJoinedSourceOperators,1,Euler.PacketSourceOperators,in-tranche
Euler.PacketJoinedSourceOperators,2,Euler.TransversePacketJoinedProvider,in-tranche
Euler.PacketJoinedSourcePiola,1,Euler.PacketJoinedSourceConstraints,in-tranche
Euler.PacketJoinedSourcePiola,2,Euler.PacketSourcePiola,in-tranche
Euler.PacketJoinedSourceProfiles,1,Euler.PacketJoinedSourceOperators,in-tranche
Euler.PacketJoinedSourceProfiles,2,Euler.PacketJoinedProfilesParity,in-tranche
Euler.PacketJoinedSourceRegularity,1,Euler.PacketJoinedSourceEquations,in-tranche
Euler.PacketJoinedSourceRegularity,2,Euler.PacketSourceRegularity,in-tranche
Euler.PacketJoinedSourceResidual,1,Euler.PacketJoinedSourceRegularity,in-tranche
Euler.PacketJoinedSourceResidual,2,Euler.PacketRecursiveResidual,in-tranche
Euler.PacketJoinedSourceSolenoidal,1,Euler.PacketJoinedSourcePiola,in-tranche
Euler.PacketJoinedSourceSolenoidal,2,Euler.PacketJetAssembly,in-tranche
Euler.PacketJoinedStepBudget,1,Euler.PacketBudgetTimeChange,in-tranche
Euler.PacketJoinedStepBudget,2,Euler.PacketForcingBounds,in-tranche
Euler.PacketJoinedStepBudget,3,Euler.PacketJoinedGradeBounds,in-tranche
Euler.PacketJoinedStepBudget,4,Euler.PacketMeanGradeBounds,in-tranche
Euler.PacketJoinedStepBudget,5,Euler.TransversePacketJoinedProvider,in-tranche
Euler.PacketJoinedStepParity,1,Euler.PacketProfileParity,in-tranche
Euler.PacketJoinedStepParity,2,Euler.TransversePacketJoinedProvider,in-tranche
Euler.PacketJoinedStepParity,3,Euler.PacketCylinderPressureLocality,in-tranche
Euler.PacketJoinedStepRegularity,1,Euler.PacketProfileRegularity,in-tranche
Euler.PacketJoinedStepRegularity,2,Euler.TransversePacketJoinedProvider,in-tranche
Euler.PacketJoinedStepRegularity,3,Euler.PacketCylinderPressureLocality,in-tranche
Euler.PacketJoinedSuccessor,1,Euler.PacketStageInputs,in-tranche
Euler.PacketJoinedSuccessor,2,Euler.PacketStageEstimates,in-tranche
Euler.PacketJoinedSuccessor,3,Euler.PacketStagePhysicalBounds,in-tranche
Euler.PacketJoinedSuccessor,4,Euler.ParentGeometryChoiceLow,in-tranche
Euler.PacketJoinedSuccessor,5,Euler.ParentGeometryChoiceRenewal,in-tranche
Euler.PacketJoinedSuccessor,6,Euler.ParentGeometryChoiceInitial,in-tranche
Euler.PacketJoinedUniformProfiles,1,Euler.PacketJoinedStepBudget,in-tranche
Euler.PacketJoinedUniformProfiles,2,Euler.PacketProfileBudgetTransport,in-tranche
Euler.PacketJoinedUniformProfiles,3,Euler.PacketGevreyProfileChoice,in-tranche
Euler.PacketJoinedUniformProfiles,4,Euler.PacketJoinedSourceConstraints,in-tranche
Euler.PacketKnownDecomposition,1,Euler.PacketKnownPieces,in-tranche
Euler.PacketKnownGrade,1,Euler.PacketTriangular,in-tranche
Euler.PacketKnownGrade,2,Euler.PeriodicDerivativeMean,in-tranche
Euler.PacketKnownPieceBounds,1,Euler.PacketKnownPieceScales,in-tranche
Euler.PacketKnownPieceBounds,2,Euler.PacketCylinderHighPartBounds,in-tranche
Euler.PacketKnownPieceScales,1,Euler.PacketKnownPieces,in-tranche
Euler.PacketKnownPieceScales,2,Euler.PacketTimeProfiles,in-tranche
Euler.PacketKnownPieceScales,3,Euler.PacketShiftArithmetic,in-tranche
Euler.PacketKnownPieces,1,Euler.PacketCylinderKnownForce,in-tranche
Euler.PacketKnownPieces,2,Euler.PacketCylinderSpatialInvariance,in-tranche
Euler.PacketKnownPieces,3,Euler.PacketSlicedAssembly,in-tranche
Euler.PacketKnownTermBounds,1,Euler.PacketKnownTermFields,in-tranche
Euler.PacketKnownTermBounds,2,Euler.PacketKnownTermProfiles,in-tranche
Euler.PacketKnownTermBounds,3,Euler.PacketMaskedProductBounds,in-tranche
Euler.PacketKnownTermFields,1,Euler.PacketKnownDecomposition,in-tranche
Euler.PacketKnownTermFields,2,Euler.PacketCylinderAngularRegularity,in-tranche
Euler.PacketKnownTermFields,3,Euler.PacketCylinderPrefixLocality,in-tranche
Euler.PacketKnownTermProfiles,1,Euler.PacketKnownTermScales,in-tranche
Euler.PacketKnownTermScales,1,Euler.PacketKnownDecomposition,in-tranche
Euler.PacketKnownTermScales,2,Euler.PacketKnownPieceScales,in-tranche
Euler.PacketKnownTermSums,1,Euler.PacketKnownTermFields,in-tranche
Euler.PacketKnownTermSums,2,Euler.PacketCylinderFieldUnique,in-tranche
Euler.PacketLiftedCoefficient,1,Euler.PacketFieldSmoothTimeField,in-tranche
Euler.PacketLiftedCoefficient,2,Euler.CorrectionSmoothTimeField,in-tranche
Euler.PacketLiftedCoefficient,3,Euler.AllOrderDriftFieldDecomposition,in-tranche
Euler.PacketLiftedCoefficient,4,Euler.CylinderJetLp,in-tranche
Euler.PacketLiftedCoefficientBounds,1,Euler.PacketLiftedCoefficient,in-tranche
Euler.PacketLiftedCoefficientBounds,2,Euler.LiftedSmoothTimeFieldBounds,in-tranche
Euler.PacketLiftedCoefficientBounds,3,Euler.PacketFieldJetLp,in-tranche
Euler.PacketLiftedCoefficientBounds,4,Euler.CylinderJetLpAlgebra,in-tranche
Euler.PacketLiftedCurl,1,Euler.PacketPiola,in-tranche
Euler.PacketLiftedFlowData,1,Euler.PhysicalGraphFlowBounds,in-tranche
Euler.PacketLiftedFlowData,2,Euler.PacketLiftedTimeBounds,in-tranche
Euler.PacketLiftedParity,1,Euler.PacketLiftedCoefficient,in-tranche
Euler.PacketLiftedParity,2,Euler.PacketInitializedExactLifted,in-tranche
Euler.PacketLiftedPiola,1,Euler.PacketLiftedCurl,in-tranche
Euler.PacketLiftedSmallness,1,Euler.PacketCorrectionRapidDecay,in-tranche
Euler.PacketLiftedTimeBounds,1,Euler.PacketLiftedCoefficientBounds,in-tranche
Euler.PacketLinearCostAbsorption,1,Euler.PacketGradeAbsorption,in-tranche
Euler.PacketLowBoundPropagation,1,Euler.PacketBaseGuardScales,in-tranche
Euler.PacketLowConstants,1,Euler.BasePacketSetup,in-tranche
Euler.PacketLowConstants,2,Euler.PacketFirstLowBounds,in-tranche
Euler.PacketLowConstants,3,Euler.PacketGeometryLowBounds,in-tranche
Euler.PacketLowGrades,1,Euler.PacketMomentumExpansion,in-tranche
Euler.PacketMajorantShift,1,Euler.EulerProof,in-tranche
Euler.PacketMajorantShift,2,Mathlib.Data.Nat.Choose.Bounds,mathlib
Euler.PacketMaskedProductBounds,1,Euler.PacketKnownPieceBounds,in-tranche
Euler.PacketMaskedProductBounds,2,Euler.PacketCylinderLinearTermBudget,in-tranche
Euler.PacketMatchingFamily,1,Euler.PacketTimeWordGluing,in-tranche
Euler.PacketMatchingFamily,2,Euler.ParameterSobolevCoefficient,in-tranche
Euler.PacketMatrixCoefficientAlgebra,1,Euler.PacketCylinderCoefficientData,in-tranche
Euler.PacketMatrixCoefficientAlgebra,2,Euler.CoefficientPathOrbit,in-tranche
Euler.PacketMatrixCoefficientGevrey,1,Euler.PacketMatrixCoefficientAlgebra,in-tranche
Euler.PacketMatrixCoefficientGevrey,2,Euler.PacketCylinderCoefficientBounds,in-tranche
Euler.PacketMatrixCoefficientGevrey,3,Euler.GevreyFixedShift,in-tranche
Euler.PacketMatrixCoefficientGevrey,4,Euler.MeanCoefficientPathJets,in-tranche
Euler.PacketMatrixContinuity,1,Euler.PacketPhysicalCoefficients,in-tranche
Euler.PacketMatrixNormalization,1,Euler.PacketApproximationNormalization,in-tranche
Euler.PacketMeanGradeBounds,1,Euler.MeanPacketBudget,in-tranche
Euler.PacketMeanGradeBounds,2,Euler.PacketTimeProfiles,in-tranche
Euler.PacketMeanGradeBounds,3,Euler.PacketLinearCostAbsorption,in-tranche
Euler.PacketMeanGradeBounds,4,Euler.PacketCylinderBoundTransfer,in-tranche
Euler.PacketMeanPressureGradient,1,Euler.PacketPressureWitness,in-tranche
Euler.PacketMeanPressureGradient,2,Euler.MeanPacketPressureForcing,in-tranche
Euler.PacketMeanPressureGradient,3,Euler.MeanPacketCylinderFields,in-tranche
Euler.PacketMeanPressureGradient,4,Euler.MeanPacketJets,in-tranche
Euler.PacketMeanPressureStepBound,1,Euler.PacketJoinedStepBudget,in-tranche
Euler.PacketMomentumExpansion,1,Euler.PacketPointJets,in-tranche
Euler.PacketMomentumExpansion,2,Euler.FiniteGradeDiagonal,in-tranche
Euler.PacketMovingFrame,1,Euler.PacketNormalizedPrimary,in-tranche
Euler.PacketMovingFrame,2,Mathlib.LinearAlgebra.FiniteDimensional.Lemmas,mathlib
Euler.PacketMovingRay,1,Euler.PacketMovingFrame,in-tranche
Euler.PacketMovingVelocity,1,Euler.PacketMovingRay,in-tranche
Euler.PacketNeighborControlled,1,Euler.PacketNeighborStability,in-tranche
Euler.PacketNeighborControlled,2,Euler.PacketWithinRay,in-tranche
Euler.PacketNeighborInitial,1,Euler.PacketInitialGeometry,in-tranche
Euler.PacketNeighborInitial,2,Euler.TransverseHistoryLipschitz,in-tranche
Euler.PacketNeighborStability,1,Euler.PacketWithinStage,in-tranche
Euler.PacketNestedHorizons,1,Euler.PacketBaseGuardScales,in-tranche
Euler.PacketNestedHorizons,2,Euler.PacketSourceScaleGuards,in-tranche
Euler.PacketNormalDriftBounds,1,Euler.PacketRemainderBounds,in-tranche
Euler.PacketNormalTimeMap,1,Euler.PacketPotentialNormalMap,in-tranche
Euler.PacketNormalizedPrimary,1,Euler.PacketCrossProduct,in-tranche
Euler.PacketNormalizedPrimary,2,Mathlib.Analysis.InnerProductSpace.Calculus,mathlib
Euler.PacketNormalizedPrimary,3,Mathlib.Analysis.SpecialFunctions.Sqrt,mathlib
Euler.PacketOrientedCoordinates,1,Euler.PacketMovingVelocity,in-tranche
Euler.PacketParameterEnvelope,1,Euler.PacketSourceParameterScales,in-tranche
Euler.PacketParameterEnvelope,2,Euler.ParentInitializedRadiusPolynomial,in-tranche
Euler.PacketParentCoefficientBounds,1,Euler.PacketCofactorGevrey,in-tranche
Euler.PacketParentCoefficientBounds,2,Euler.MeanCoefficientPathJets,in-tranche
Euler.PacketParentCoefficientBounds,3,Euler.TransversePacketData,in-tranche
Euler.PacketParentFlowDifferentiation,1,Euler.PacketPhysicalEulerTransform,in-tranche
Euler.PacketParentForwardBudget,1,Euler.PacketParentTransverseCosts,in-tranche
Euler.PacketParentForwardBudget,2,Euler.TransversePacketForwardBudget,in-tranche
Euler.PacketParentJacobiCoefficient,1,Euler.PacketParentCoefficientBounds,in-tranche
Euler.PacketParentJacobiCoefficient,2,Euler.TransversePacketHistoryData,in-tranche
Euler.PacketParentJoinedBudget,1,Euler.PacketParentTransverseCosts,in-tranche
Euler.PacketParentJoinedBudget,2,Euler.PacketParentJacobiCoefficient,in-tranche
Euler.PacketParentLabelBounds,1,Euler.MeanClassicalWordBounds,in-tranche
Euler.PacketParentLabelBounds,2,Euler.LpSmoothField,in-tranche
Euler.PacketParentLabelBounds,3,Euler.GevreyFixedShift,in-tranche
Euler.PacketParentLabelBounds,4,Euler.ParameterSobolevCoefficient,in-tranche
Euler.PacketParentLabelBudgets,1,Euler.PacketParentLabelCoefficients,in-tranche
Euler.PacketParentLabelBudgets,2,Euler.PacketParentNormalBudget,in-tranche
Euler.PacketParentLabelBudgets,3,Euler.PacketParentMeanBudget,in-tranche
Euler.PacketParentLabelBudgets,4,Euler.SmoothL2CoefficientPath,in-tranche
Euler.PacketParentLabelCoefficients,1,Euler.PacketParentLabelBounds,in-tranche
Euler.PacketParentLabelCoefficients,2,Euler.PacketParentCoefficientBounds,in-tranche
Euler.PacketParentMeanBudget,1,Euler.PacketParentMeanCoercivity,in-tranche
Euler.PacketParentMeanBudget,2,Euler.ParameterSobolevCostMonotone,in-tranche
Euler.PacketParentMeanBudget,3,Euler.MeanPacketBudget,in-tranche
Euler.PacketParentMeanCoercivity,1,Euler.PacketParentCoefficientBounds,in-tranche
Euler.PacketParentMeanCoercivity,2,Euler.MeanPacketData,in-tranche
Euler.PacketParentMeanCoercivity,3,Euler.MeanStrongEstimates,in-tranche
Euler.PacketParentNormalBudget,1,Euler.PacketParentCoefficientBounds,in-tranche
Euler.PacketParentNormalBudget,2,Euler.TransversePacketNormalBudget,in-tranche
Euler.PacketParentPhysicalBudgets,1,Euler.PacketParentLabelBudgets,in-tranche
Euler.PacketParentPhysicalBudgets,2,Euler.PacketParentJoinedBudget,in-tranche
Euler.PacketParentPhysicalBudgets,3,Euler.PacketParentForwardBudget,in-tranche
Euler.PacketParentPhysicalBudgets,4,Euler.PacketSourcePropagator,in-tranche
Euler.PacketParentTransverseCosts,1,Euler.PacketParentMeanCoercivity,in-tranche
Euler.PacketParentTransverseCosts,2,Euler.ParameterSobolevCostMonotone,in-tranche
Euler.PacketParentTransverseCosts,3,Euler.TransversePacketBudget,in-tranche
Euler.PacketPeriodicPotential,1,Euler.PacketPotentialRegularity,in-tranche
Euler.PacketPhysicalCoefficients,1,Euler.PacketFrameCoefficients,in-tranche
Euler.PacketPhysicalCoefficients,2,Euler.PacketCoefficientMotion,in-tranche
Euler.PacketPhysicalCoefficients,3,Euler.PacketScaledRay,in-tranche
Euler.PacketPhysicalCompression,1,Euler.PacketPhysicalSize,in-tranche
Euler.PacketPhysicalCompression,2,Euler.PacketFrameCoefficients,in-tranche
Euler.PacketPhysicalCorrectionPotential,1,Euler.PacketContinuousInverse,in-tranche
Euler.PacketPhysicalCorrectionPotential,2,Euler.AllOrderDriftPressure,in-tranche
Euler.PacketPhysicalCostPolynomial,1,Euler.PacketCorrectionOutputPolynomial,in-tranche
Euler.PacketPhysicalCostPolynomial,2,Euler.PacketInitializedRadiusPolynomial,in-tranche
Euler.PacketPhysicalCostPolynomial,3,Euler.PacketWeightedPhysicalErrors,in-tranche
Euler.PacketPhysicalCostPolynomial,4,Euler.PacketExactGlobalShear,in-tranche
Euler.PacketPhysicalCostPolynomial,5,Euler.PacketInitializedHessianError,in-tranche
Euler.PacketPhysicalCostPolynomial,6,Euler.PacketLiftedFlowData,in-tranche
Euler.PacketPhysicalEulerTransform,1,Euler.EulerProof,in-tranche
Euler.PacketPhysicalFamily,1,Euler.PacketPhysicalNeighbor,in-tranche
Euler.PacketPhysicalFamily,2,Euler.PacketBeforeTargetSize,in-tranche
Euler.PacketPhysicalFamily,3,Euler.PacketScalarUniqueness,in-tranche
Euler.PacketPhysicalFieldTower,1,Euler.FieldTowerAlgebra,in-tranche
Euler.PacketPhysicalFieldTower,2,Euler.FlowL2Transport,in-tranche
Euler.PacketPhysicalFieldTower,3,Euler.PacketSourceCorrectionCoefficients,in-tranche
Euler.PacketPhysicalFrameRenewal,1,Euler.PacketPhysicalSize,in-tranche
Euler.PacketPhysicalFrameRenewal,2,Euler.PacketOrientedCoordinates,in-tranche
Euler.PacketPhysicalFrameRenewal,3,Euler.PacketFrameRenewalAlgebra,in-tranche
Euler.PacketPhysicalFrequencyBounds,1,Euler.PacketPhysicalGevrey,in-tranche
Euler.PacketPhysicalFrequencyBounds,2,Euler.FieldTowerPhysicalL2,in-tranche
Euler.PacketPhysicalGevrey,1,Euler.PacketInverseFlowGevrey,in-tranche
Euler.PacketPhysicalGevrey,2,Euler.CylinderPhysicalTensor,in-tranche
Euler.PacketPhysicalLowBounds,1,Euler.PacketPrimaryPressureShear,in-tranche
Euler.PacketPhysicalNeighbor,1,Euler.PacketPhysicalStage,in-tranche
Euler.PacketPhysicalNeighbor,2,Euler.PacketNeighborControlled,in-tranche
Euler.PacketPhysicalNormBounds,1,Euler.PacketPhysicalFrameRenewal,in-tranche
Euler.PacketPhysicalPressureGevrey,1,Euler.PacketPhysicalFrequencyBounds,in-tranche
Euler.PacketPhysicalPropagator,1,Euler.PacketPhysicalStage,in-tranche
Euler.PacketPhysicalPropagator,2,Euler.PacketControlledPropagator,in-tranche
Euler.PacketPhysicalPropagator,3,Euler.PacketTangentNorm,in-tranche
Euler.PacketPhysicalSign,1,Euler.PacketActualFrameEstimates,in-tranche
Euler.PacketPhysicalSize,1,Euler.PacketScaledVelocity,in-tranche
Euler.PacketPhysicalStage,1,Euler.PacketMatrixContinuity,in-tranche
Euler.PacketPhysicalStage,2,Euler.PacketWithinRay,in-tranche
Euler.PacketPhysicalStage,3,Euler.PacketTangentInvariant,in-tranche
Euler.PacketPiola,1,Euler.PacketPiolaAlgebra,in-tranche
Euler.PacketPiola,2,Euler.TransverseGramInverse,in-tranche
Euler.PacketPiolaAlgebra,1,Euler.MeanBoundaryOperator,in-tranche
Euler.PacketPiolaAlgebra,2,Euler.PacketCrossProduct,in-tranche
Euler.PacketPiolaAlgebra,3,Mathlib.LinearAlgebra.Matrix.Adjugate,mathlib
Euler.PacketPiolaPair,1,Euler.PacketLiftedPiola,in-tranche
Euler.PacketPiolaPair,2,Euler.PacketAngularPotential,in-tranche
Euler.PacketPointJets,1,Euler.EulerProof,in-tranche
Euler.PacketPointJets,2,Euler.PacketResidualGrades,in-tranche
Euler.PacketPotentialMultiplier,1,Euler.PacketCrossProduct,in-tranche
Euler.PacketPotentialMultiplier,2,Mathlib.Analysis.Calculus.ContDiff.Operations,mathlib
Euler.PacketPotentialNormalMap,1,Euler.PacketPotentialMultiplier,in-tranche
Euler.PacketPotentialNormalMap,2,Euler.TransverseGramInverse,in-tranche
Euler.PacketPotentialParity,1,Euler.PacketAngularPotential,in-tranche
Euler.PacketPotentialParity,2,Euler.AnglePrimitiveParity,in-tranche
Euler.PacketPotentialRegularity,1,Euler.PacketPotentialMultiplier,in-tranche
Euler.PacketPotentialRegularity,2,Euler.PacketPiolaPair,in-tranche
Euler.PacketPotentialRegularity,3,Euler.AnglePrimitiveSpatialRegularity,in-tranche
Euler.PacketPressureCovector,1,Euler.PacketPressureWitness,in-tranche
Euler.PacketPressureCovector,2,Euler.PacketGraphHessian,in-tranche
Euler.PacketPressureCovector,3,Euler.PacketRecursiveCancellation,in-tranche
Euler.PacketPressureFastBounds,1,Euler.PacketPressureFastHessian,in-tranche
Euler.PacketPressureFastBounds,2,Euler.PacketPhysicalPressureGevrey,in-tranche
Euler.PacketPressureFastBounds,3,Euler.TransversePacketNormalBudget,in-tranche
Euler.PacketPressureFastHessian,1,Euler.PacketGraphHessian,in-tranche
Euler.PacketPressureFastHessian,2,Euler.PacketFieldTensorBounds,in-tranche
Euler.PacketPressureJet,1,Euler.PacketSlicedJets,in-tranche
Euler.PacketPressureRemainder,1,Euler.PacketInitializedPressureBudgets,in-tranche
Euler.PacketPressureRemainder,2,Euler.PacketPressureCovector,in-tranche
Euler.PacketPressureRemainder,3,Euler.PacketRemainderBounds,in-tranche
Euler.PacketPressureScaleCosts,1,Euler.ParentPacketBadRatioPolynomial,in-tranche
Euler.PacketPressureScaleCosts,2,Euler.PacketSourceScaleGuards,in-tranche
Euler.PacketPressureSeries,1,Euler.PacketGeometryPressureCosts,in-tranche
Euler.PacketPressureSymmetry,1,Euler.ParentEulerState,in-tranche
Euler.PacketPressureSymmetry,2,Euler.ParentPacketHessianSymmetry,in-tranche
Euler.PacketPressureWitness,1,Euler.PacketScalarPressureGradient,in-tranche
Euler.PacketPressureWitness,2,Euler.PacketFiniteFieldAlgebra,in-tranche
Euler.PacketPressureWitness,3,Euler.PacketSlicedAssembly,in-tranche
Euler.PacketPrimaryCommonRadius,1,Euler.PacketPrimaryGradeBounds,in-tranche
Euler.PacketPrimaryCommonRadius,2,Euler.TransversePacketPrimaryRadius,in-tranche
Euler.PacketPrimaryDynamics,1,Euler.PacketPrimaryFactorization,in-tranche
Euler.PacketPrimaryDynamics,2,Euler.PacketPrimaryScaling,in-tranche
Euler.PacketPrimaryDynamics,3,Euler.FixedEndpointClassical,in-tranche
Euler.PacketPrimaryDynamics,4,Euler.TransversePacketTimeData,in-tranche
Euler.PacketPrimaryFactorization,1,Euler.TransversePacketPrimaryPressure,in-tranche
Euler.PacketPrimaryFactorization,2,Euler.TransversePacketPrimaryHistory,in-tranche
Euler.PacketPrimaryFactorization,3,Euler.LinearFundamentalPath,in-tranche
Euler.PacketPrimaryFullShear,1,Euler.PacketPrimaryFactorization,in-tranche
Euler.PacketPrimaryFullShear,2,Euler.PacketPrimaryShearIdentity,in-tranche
Euler.PacketPrimaryGlobalShear,1,Euler.PacketPrimaryScaling,in-tranche
Euler.PacketPrimaryGlobalShear,2,Euler.PacketPressureFastHessian,in-tranche
Euler.PacketPrimaryGradeBounds,1,Euler.TransversePacketPrimaryFullBounds,in-tranche
Euler.PacketPrimaryGradeBounds,2,Euler.PacketPrimarySourceRegularity,in-tranche
Euler.PacketPrimaryGradeBounds,3,Euler.PacketJoinedGradeBounds,in-tranche
Euler.PacketPrimaryGradeBounds,4,Euler.PacketProfileBudget,in-tranche
Euler.PacketPrimaryGradeBounds,5,Euler.PacketTerminalEnvelope,in-tranche
Euler.PacketPrimaryParity,1,Euler.PacketProfileParity,in-tranche
Euler.PacketPrimaryParity,2,Euler.PacketPrimaryRegularity,in-tranche
Euler.PacketPrimaryPressureShear,1,Euler.PacketPrimaryScaling,in-tranche
Euler.PacketPrimaryPressureShear,2,Euler.PacketGraphHessian,in-tranche
Euler.PacketPrimaryRegularity,1,Euler.PacketProfileRegularity,in-tranche
Euler.PacketPrimaryRegularity,2,Euler.PacketRecursiveBase,in-tranche
Euler.PacketPrimaryRegularity,3,Euler.TransversePacketPressureGradientProperties,in-tranche
Euler.PacketPrimaryRegularity,4,Euler.TransversePacketCorrectorOperator,in-tranche
Euler.PacketPrimaryScaling,1,Euler.PacketPrimaryFullShear,in-tranche
Euler.PacketPrimaryScaling,2,Euler.TransversePacketPrimaryHomogeneity,in-tranche
Euler.PacketPrimaryScaling,3,Euler.PacketCylinderFieldAlgebra,in-tranche
Euler.PacketPrimaryShearIdentity,1,Euler.TransversePacketPrimaryHistory,in-tranche
Euler.PacketPrimaryShearIdentity,2,Euler.TransversePacketPiolaData,in-tranche
Euler.PacketPrimaryShearIdentity,3,Euler.PacketFrameCoefficients,in-tranche
Euler.PacketPrimaryShearIdentity,4,Euler.PacketPhysicalEulerTransform,in-tranche
Euler.PacketPrimarySourceParity,1,Euler.PacketPrimarySourceRegularity,in-tranche
Euler.PacketPrimarySourceParity,2,Euler.PacketProfileParity,in-tranche
Euler.PacketPrimarySourceParity,3,Euler.PacketTerminalInitialData,in-tranche
Euler.PacketPrimarySourceRegularity,1,Euler.TransversePacketPrimaryPressure,in-tranche
Euler.PacketPrimarySourceRegularity,2,Euler.TransversePacketPrimaryCorrector,in-tranche
Euler.PacketPrimarySourceRegularity,3,Euler.PacketPrimaryRegularity,in-tranche
Euler.PacketPrimaryUncut,1,Euler.PacketPrimaryDynamics,in-tranche
Euler.PacketPrimaryUncut,2,Euler.PacketSourcePropagator,in-tranche
Euler.PacketProfileBudget,1,Euler.PacketProfileRegularity,in-tranche
Euler.PacketProfileBudget,2,Euler.PacketKnownPieceBounds,in-tranche
Euler.PacketProfileBudget,3,Euler.PacketCylinderTimeUnique,in-tranche
Euler.PacketProfileBudgetTimeChange,1,Euler.PacketBudgetTimeChange,in-tranche
Euler.PacketProfileBudgetTimeChange,2,Euler.PacketPrimaryRegularity,in-tranche
Euler.PacketProfileBudgetTransport,1,Euler.PacketProfileBudget,in-tranche
Euler.PacketProfileCoarseBounds,1,Euler.PacketProfileBudget,in-tranche
Euler.PacketProfileCoarseBounds,2,Euler.PacketMeanGradeBounds,in-tranche
Euler.PacketProfileCoarseBounds,3,Euler.PacketCoarseMajorant,in-tranche
Euler.PacketProfileEnvelope,1,Euler.PacketGevreyProfileChoice,in-tranche
Euler.PacketProfileEnvelope,2,Euler.ElapsedTimePathWeight,in-tranche
Euler.PacketProfileParity,1,Euler.PacketCylinderHighParity,in-tranche
Euler.PacketProfileParity,2,Euler.PacketProfileRegularity,in-tranche
Euler.PacketProfileRecursion,1,Euler.PacketSlicedResidual,in-tranche
Euler.PacketProfileRecursion,2,Euler.PacketKnownGrade,in-tranche
Euler.PacketProfileRegularity,1,Euler.PacketCylinderRecursiveAdmissibility,in-tranche
Euler.PacketProfileRegularity,2,Euler.PacketSlicedAssembly,in-tranche
Euler.PacketProfileStepParity,1,Euler.PacketProfileParity,in-tranche
Euler.PacketProfileStepParity,2,Euler.TransversePacketPressureGradientProperties,in-tranche
Euler.PacketProfileStepRegularity,1,Euler.PacketProfileRegularity,in-tranche
Euler.PacketProfileStepRegularity,2,Euler.TransverseHighSolveFields,in-tranche
Euler.PacketProfileStepRegularity,3,Euler.TransversePacketPressureGradientProperties,in-tranche
Euler.PacketProfileTailEstimates,1,Euler.PacketProfileTailGrade,in-tranche
Euler.PacketProfileTailEstimates,2,Euler.PacketTailBase,in-tranche
Euler.PacketProfileTailEstimates,3,Euler.PacketTailSumBounds,in-tranche
Euler.PacketProfileTailEstimates,4,Euler.PacketTailNormalization,in-tranche
Euler.PacketProfileTailGrade,1,Euler.PacketTailGradeBounds,in-tranche
Euler.PacketProfileTailGrade,2,Euler.PacketResidualTailActual,in-tranche
Euler.PacketProfilesParity,1,Euler.PacketProfileStepParity,in-tranche
Euler.PacketProfilesParity,2,Euler.PacketProfilesRegularity,in-tranche
Euler.PacketProfilesRegularity,1,Euler.PacketProfileStepRegularity,in-tranche
Euler.PacketPropagationTime,1,Euler.PacketScaledRay,in-tranche
Euler.PacketRadiusCostPolynomial,1,Euler.CoefficientCostMonotone,in-tranche
Euler.PacketRadiusCostPolynomial,2,Euler.PacketInitializedCanonicalRadius,in-tranche
Euler.PacketRadiusCostPolynomial,3,Euler.PacketParentTransverseCosts,in-tranche
Euler.PacketRecursionAlgebra,1,Euler.PacketLowGrades,in-tranche
Euler.PacketRecursionAlgebra,2,Euler.FiniteGradeAssembly,in-tranche
Euler.PacketRecursiveBase,1,Euler.PacketRecursiveCancellation,in-tranche
Euler.PacketRecursiveCancellation,1,Euler.PacketRecursiveForcing,in-tranche
Euler.PacketRecursiveCancellation,2,Euler.PacketSlicedAssembly,in-tranche
Euler.PacketRecursiveCancellation,3,Euler.PacketRecursionAlgebra,in-tranche
Euler.PacketRecursiveForcing,1,Euler.PacketProfileRecursion,in-tranche
Euler.PacketRecursiveForcing,2,Euler.FiniteGradeAssembly,in-tranche
Euler.PacketRecursiveResidual,1,Euler.PacketRecursiveBase,in-tranche
Euler.PacketReferenceRatio,1,Euler.EulerProof,in-tranche
Euler.PacketRemainderBounds,1,Euler.PacketApproximationBounds,in-tranche
Euler.PacketRemainderBounds,2,Euler.PacketFiniteRemainderBounds,in-tranche
Euler.PacketResidualGrades,1,Euler.FiniteGradeSupport,in-tranche
Euler.PacketResidualTailActual,1,Euler.PacketResidualTailFields,in-tranche
Euler.PacketResidualTailActual,2,Euler.PacketSourceRegularity,in-tranche
Euler.PacketResidualTailDecomposition,1,Euler.PacketRecursiveCancellation,in-tranche
Euler.PacketResidualTailFields,1,Euler.PacketResidualTailDecomposition,in-tranche
Euler.PacketResidualTailFields,2,Euler.PacketProfileRegularity,in-tranche
Euler.PacketScalarPressureGrade,1,Euler.PacketPrimaryGradeBounds,in-tranche
Euler.PacketScalarPressureGrade,2,Euler.PacketCylinderScalarGradientWeight,in-tranche
Euler.PacketScalarPressureGrade,3,Euler.PacketScalarPressureGradient,in-tranche
Euler.PacketScalarPressureGradient,1,Euler.PacketCoordinateResidual,in-tranche
Euler.PacketScalarPressureGradient,2,Euler.CylinderGradientEmbedding,in-tranche
Euler.PacketScalarUniqueness,1,Euler.EulerProof,in-tranche
Euler.PacketScaledRay,1,Euler.PacketMovingRay,in-tranche
Euler.PacketScaledVelocity,1,Euler.PacketScaledRay,in-tranche
Euler.PacketScaledVelocity,2,Euler.PacketMovingVelocity,in-tranche
Euler.PacketScaledVelocity,3,Euler.PacketScaledVelocityAlgebra,in-tranche
Euler.PacketScaledVelocityAlgebra,1,Euler.EulerProof,in-tranche
Euler.PacketScaledVelocitySystem,1,Euler.PacketScaledVelocity,in-tranche
Euler.PacketShearMotion,1,Euler.PacketPhysicalCoefficients,in-tranche
Euler.PacketShiftArithmetic,1,Euler.EulerProof,in-tranche
Euler.PacketShiftArithmeticNoOptions,1,Euler.EulerProof,in-tranche
Euler.PacketShiftedTimeGluing,1,Euler.PacketTimeWordGluing,in-tranche
Euler.PacketShortTimePhysicalGrowth,1,Euler.PacketShortTimePropagator,in-tranche
Euler.PacketShortTimePropagator,1,Euler.ShortTimeLinearGrowth,in-tranche
Euler.PacketShortTimePropagator,2,Euler.PacketSourcePropagator,in-tranche
Euler.PacketShortTimePropagator,3,Euler.PacketParentForwardBudget,in-tranche
Euler.PacketSizeComparison,1,Euler.PacketActualFrameEstimates,in-tranche
Euler.PacketSizeComparison,2,Euler.PacketIdealSize,in-tranche
Euler.PacketSlicedAssembly,1,Euler.PacketPressureJet,in-tranche
Euler.PacketSlicedAssembly,2,Euler.FiniteGradeAssembly,in-tranche
Euler.PacketSlicedJets,1,Euler.PacketPointJets,in-tranche
Euler.PacketSlicedJets,2,Mathlib.Analysis.Calculus.Deriv.Add,mathlib
Euler.PacketSlicedResidual,1,Euler.PacketPressureJet,in-tranche
Euler.PacketSourceCoefficientBudget,1,Euler.PacketCylinderTermBudget,in-tranche
Euler.PacketSourceCoefficientBudget,2,Euler.PacketSourceOperators,in-tranche
Euler.PacketSourceCoefficientBudget,3,Euler.MeanCoefficientPathJets,in-tranche
Euler.PacketSourceCoefficientGevrey,1,Euler.PacketSourceCorrectionCoefficients,in-tranche
Euler.PacketSourceCoefficientGevrey,2,Euler.PacketMatrixCoefficientGevrey,in-tranche
Euler.PacketSourceCorrectionCoefficients,1,Euler.PacketCoefficientTower,in-tranche
Euler.PacketSourceCorrectionCoefficients,2,Euler.PacketMatrixCoefficientAlgebra,in-tranche
Euler.PacketSourceCorrectionCoefficients,3,Euler.TransversePacketForcing,in-tranche
Euler.PacketSourceEquations,1,Euler.PacketSourceProfiles,in-tranche
Euler.PacketSourceEquations,2,Euler.TransversePacketJets,in-tranche
Euler.PacketSourceEquations,3,Euler.MeanPacketJets,in-tranche
Euler.PacketSourceFrequency,1,Euler.PacketCorrectionScalar,in-tranche
Euler.PacketSourceFrequency,2,Mathlib.Analysis.SpecialFunctions.Pow.Asymptotics,mathlib
Euler.PacketSourceGeometryAssembly,1,Euler.PacketSourceGeometryData,in-tranche
Euler.PacketSourceGeometryAssembly,2,Euler.PacketActivationNeighbor,in-tranche
Euler.PacketSourceGeometryData,1,Euler.PacketActivationConstructed,in-tranche
Euler.PacketSourceGeometryData,2,Euler.PacketActivationLipschitz,in-tranche
Euler.PacketSourceGeometryData,3,Euler.PacketActivationScales,in-tranche
Euler.PacketSourceGeometryGrowth,1,Euler.PacketSourceGeometryAssembly,in-tranche
Euler.PacketSourceGeometryGrowth,2,Euler.PacketGeometrySourceGrowth,in-tranche
Euler.PacketSourceInitialMean,1,Euler.PacketJoinedSourceProfiles,in-tranche
Euler.PacketSourceInitialMean,2,Euler.PacketSourceProfiles,in-tranche
Euler.PacketSourceInitialMean,3,Euler.MeanPacketInitialZero,in-tranche
Euler.PacketSourceMeanZero,1,Euler.PacketSourceRegularity,in-tranche
Euler.PacketSourceOperators,1,Euler.PacketCylinderCoefficientData,in-tranche
Euler.PacketSourceOperators,2,Euler.MeanPacketProvider,in-tranche
Euler.PacketSourceOperators,3,Euler.TransversePacketCorrectorOperator,in-tranche
Euler.PacketSourceParameterScales,1,Euler.PacketUniformFrequencyScales,in-tranche
Euler.PacketSourceParameterScales,2,Euler.PacketBaseGuardScales,in-tranche
Euler.PacketSourceParity,1,Euler.PacketSourceProfiles,in-tranche
Euler.PacketSourceParity,2,Euler.PacketProfilesParity,in-tranche
Euler.PacketSourceParity,3,Euler.PacketPrimaryParity,in-tranche
Euler.PacketSourcePiola,1,Euler.PacketCylinderPiolaPair,in-tranche
Euler.PacketSourcePiola,2,Euler.PacketSourceMeanZero,in-tranche
Euler.PacketSourcePiola,3,Euler.PacketCylinderFieldUnique,in-tranche
Euler.PacketSourcePressureAssembly,1,Euler.PacketMeanPressureGradient,in-tranche
Euler.PacketSourcePressureAssembly,2,Euler.PacketSourceProfiles,in-tranche
Euler.PacketSourcePressureAssembly,3,Euler.TransversePacketPressureGradient,in-tranche
Euler.PacketSourcePrimitiveBounds,1,Euler.PacketCorrectionPrimitiveBounds,in-tranche
Euler.PacketSourcePrimitiveBounds,2,Euler.PacketJoinedCoefficientBudgets,in-tranche
Euler.PacketSourcePrimitiveBounds,3,Euler.PacketForwardCoefficientBudgets,in-tranche
Euler.PacketSourceProfiles,1,Euler.PacketConstructedProfiles,in-tranche
Euler.PacketSourceProfiles,2,Euler.PacketSourceOperators,in-tranche
Euler.PacketSourcePropagator,1,Euler.PacketParentCoefficientBounds,in-tranche
Euler.PacketSourcePropagator,2,Euler.SourceForwardCoefficient,in-tranche
Euler.PacketSourcePropagator,3,Euler.LpSupportedConstructedEvolution,in-tranche
Euler.PacketSourcePropagator,4,Euler.TransverseNormalResidual,in-tranche
Euler.PacketSourceRadiusPolynomial,1,Euler.PacketInitializedRadiusPolynomial,in-tranche
Euler.PacketSourceRadiusPolynomial,2,Euler.PacketParentMeanBudget,in-tranche
Euler.PacketSourceRadiusPolynomial,3,Euler.ParentCoefficientPolynomial,in-tranche
Euler.PacketSourceRegularity,1,Euler.PacketSourceProfiles,in-tranche
Euler.PacketSourceResidual,1,Euler.PacketSourceRegularity,in-tranche
Euler.PacketSourceResidual,2,Euler.PacketSourceEquations,in-tranche
Euler.PacketSourceResidual,3,Euler.PacketRecursiveResidual,in-tranche
Euler.PacketSourceResidualFields,1,Euler.PacketResidualTailActual,in-tranche
Euler.PacketSourceResidualFields,2,Euler.PacketSourceResidual,in-tranche
Euler.PacketSourceScaleActual,1,Euler.PacketSourceScaleSequence,in-tranche
Euler.PacketSourceScaleBounds,1,Euler.EulerProof,in-tranche
Euler.PacketSourceScaleChoice,1,Euler.PacketSourceScaleBounds,in-tranche
Euler.PacketSourceScaleFromCosts,1,Euler.PacketSourceScaleActual,in-tranche
Euler.PacketSourceScaleGuards,1,Euler.PacketSourceScaleActual,in-tranche
Euler.PacketSourceScaleSequence,1,Euler.PacketSourceScaleChoice,in-tranche
Euler.PacketSourceScaleShift,1,Euler.PacketSourceParameterScales,in-tranche
Euler.PacketSourceSmoothField,1,Euler.PacketSourceVolumeSobolev,in-tranche
Euler.PacketSourceSmoothField,2,Euler.SmoothL2CoefficientPath,in-tranche
Euler.PacketSourceSolenoidal,1,Euler.PacketSourcePiola,in-tranche
Euler.PacketSourceSolenoidal,2,Euler.PacketCylinderMeanSolenoidal,in-tranche
Euler.PacketSourceSolenoidal,3,Euler.PacketJetAssembly,in-tranche
Euler.PacketSourceUniformEnvelope,1,Euler.ParentInitializedRadiusPolynomial,in-tranche
Euler.PacketSourceUniformEnvelope,2,Euler.PacketGeometryProfileEnvelope,in-tranche
Euler.PacketSourceUniformEnvelope,3,Euler.PacketInitializedOutputCosts,in-tranche
Euler.PacketSourceUniformEnvelope,4,Euler.PacketForwardRadiusPolynomial,in-tranche
Euler.PacketSourceVolumeSobolev,1,Euler.FieldTowerVolumeSobolev,in-tranche
Euler.PacketSourceVolumeSobolev,2,Euler.PacketInverseFlowSobolevBound,in-tranche
Euler.PacketSourceVolumeSobolev,3,Euler.PacketContinuousInverse,in-tranche
Euler.PacketSourceVolumeSobolev,4,Euler.PacketVolumeDivergence,in-tranche
Euler.PacketStageContradiction,1,Euler.PacketStageGrowth,in-tranche
Euler.PacketStageContradiction,2,Euler.ParentOrdinaryEvolution,in-tranche
Euler.PacketStageContradiction,3,Euler.OrdinaryEulerVaryingHorizon,in-tranche
Euler.PacketStageContradiction,4,Euler.SmoothL2Series,in-tranche
Euler.PacketStageEstimates,1,Euler.PacketStageGuards,in-tranche
Euler.PacketStageEstimates,2,Euler.ParentRenewalScaleApplication,in-tranche
Euler.PacketStageEstimates,3,Euler.PacketStageLowPropagation,in-tranche
Euler.PacketStageGeometry,1,Euler.PacketStageRestriction,in-tranche
Euler.PacketStageGeometry,2,Euler.ParentNeighborThreshold,in-tranche
Euler.PacketStageGeometry,3,Euler.ParentPacketGeometryGuards,in-tranche
Euler.PacketStageGeometry,4,Euler.ParentForwardGeometryGuards,in-tranche
Euler.PacketStageGrowth,1,Euler.PacketInductionStage,in-tranche
Euler.PacketStageGuards,1,Euler.PacketStageGeometry,in-tranche
Euler.PacketStageGuards,2,Euler.PacketForwardGeometryLowBounds,in-tranche
Euler.PacketStageInitialLimit,1,Euler.PacketStageInputs,in-tranche
Euler.PacketStageInitialLimit,2,Euler.PacketSourceScaleShift,in-tranche
Euler.PacketStageInitialLimit,3,Euler.PacketInitialSmoothLimit,in-tranche
Euler.PacketStageInitialLimit,4,Euler.PacketStageContradiction,in-tranche
Euler.PacketStageInputs,1,Euler.PacketStageGuards,in-tranche
Euler.PacketStageInputs,2,Euler.PacketStagePhysicalBounds,in-tranche
Euler.PacketStageInputs,3,Euler.ParentGeometryForwardChoice,in-tranche
Euler.PacketStageInputs,4,Euler.PacketInitialInput,in-tranche
Euler.PacketStageInputs,5,Euler.ParentForwardNormalParameters,in-tranche
Euler.PacketStageLocalExistence,1,Euler.PacketInductionStage,in-tranche
Euler.PacketStageLocalExistence,2,Euler.ParentOrdinaryEvolution,in-tranche
Euler.PacketStageLocalExistence,3,Euler.OrdinaryEulerLocalCauchy,in-tranche
Euler.PacketStageLocalExistence,4,Euler.SmoothL2Series,in-tranche
Euler.PacketStageLowPropagation,1,Euler.PacketInductionStage,in-tranche
Euler.PacketStagePhysicalBounds,1,Euler.PacketStageRestriction,in-tranche
Euler.PacketStageRestriction,1,Euler.PacketInductionStage,in-tranche
Euler.PacketTailBase,1,Euler.PacketCoarseMajorant,in-tranche
Euler.PacketTailBound,1,Euler.PacketMomentumExpansion,in-tranche
Euler.PacketTailGradeBounds,1,Euler.PacketTailLinearBounds,in-tranche
Euler.PacketTailGradeBounds,2,Euler.PacketTailNonlinearBounds,in-tranche
Euler.PacketTailLinearBounds,1,Euler.PacketResidualTailFields,in-tranche
Euler.PacketTailLinearBounds,2,Euler.PacketFiniteVelocityBounds,in-tranche
Euler.PacketTailLinearBounds,3,Euler.PacketCylinderLinearTermBudget,in-tranche
Euler.PacketTailNonlinearBounds,1,Euler.PacketResidualTailFields,in-tranche
Euler.PacketTailNonlinearBounds,2,Euler.PacketTailProductBounds,in-tranche
Euler.PacketTailNonlinearBounds,3,Euler.PacketConvolutionBounds,in-tranche
Euler.PacketTailNormalization,1,Euler.PacketCylinderLinearTermBudget,in-tranche
Euler.PacketTailNormalization,2,Euler.PacketExponentialTail,in-tranche
Euler.PacketTailProductBounds,1,Euler.PacketFiniteVelocityBounds,in-tranche
Euler.PacketTailProductBounds,2,Euler.PacketUnweightedAdvection,in-tranche
Euler.PacketTailSumBounds,1,Euler.PacketResidualTailFields,in-tranche
Euler.PacketTailSumBounds,2,Euler.PacketCylinderBoundTransfer,in-tranche
Euler.PacketTailSumBounds,3,Euler.PacketTailBound,in-tranche
Euler.PacketTangentInvariant,1,Euler.PacketScaledRay,in-tranche
Euler.PacketTangentNorm,1,Euler.PacketPhysicalNormBounds,in-tranche
Euler.PacketTargetAmplification,1,Euler.PacketPhysicalNormBounds,in-tranche
Euler.PacketTerminalAdmissible,1,Euler.PacketTerminalDatum,in-tranche
Euler.PacketTerminalAdmissible,2,Euler.CylinderAngleAverageRepresentative,in-tranche
Euler.PacketTerminalAdmissible,3,Euler.CylinderScalarPrimitive,in-tranche
Euler.PacketTerminalAdmissible,4,Euler.CylinderSmoothOrbit,in-tranche
Euler.PacketTerminalAdmissible,5,Euler.CylinderFieldReflection,in-tranche
Euler.PacketTerminalDatum,1,Euler.CylinderCompactTranslation,in-tranche
Euler.PacketTerminalDatum,2,Euler.PacketPeriodicPotential,in-tranche
Euler.PacketTerminalDatumBounds,1,Euler.PacketTerminalDatum,in-tranche
Euler.PacketTerminalDatumBounds,2,Euler.CylinderCompactBounds,in-tranche
Euler.PacketTerminalDatumBounds,3,Euler.OperatorGevreyCalculus,in-tranche
Euler.PacketTerminalEnvelope,1,Euler.PacketTerminalInitialData,in-tranche
Euler.PacketTerminalInitialData,1,Euler.PacketTerminalAdmissible,in-tranche
Euler.PacketTerminalInitialData,2,Euler.PacketTerminalDatumBounds,in-tranche
Euler.PacketTerminalInitialData,3,Euler.TransversePacketForcing,in-tranche
Euler.PacketTerminalPrimaryBudget,1,Euler.PacketTerminalPrimaryFields,in-tranche
Euler.PacketTerminalPrimaryBudget,2,Euler.PacketPrimaryGradeBounds,in-tranche
Euler.PacketTerminalPrimaryFields,1,Euler.PacketPrimarySourceRegularity,in-tranche
Euler.PacketTerminalPrimaryFields,2,Euler.PacketJoinedSourceOperators,in-tranche
Euler.PacketTerminalPrimaryFields,3,Euler.PacketProfileBudgetTimeChange,in-tranche
Euler.PacketTimeAlgebra,1,Euler.PacketCylinderFieldAlgebra,in-tranche
Euler.PacketTimePathGluing,1,Euler.TimeIntervalGlue,in-tranche
Euler.PacketTimePathGluing,2,Euler.ParameterWordCalculus,in-tranche
Euler.PacketTimeProfileArithmetic,1,Euler.PacketCylinderWeightedProduct,in-tranche
Euler.PacketTimeProfiles,1,Euler.PacketTimeProfileArithmetic,in-tranche
Euler.PacketTimeProfiles,2,Euler.PacketCylinderProfileChange,in-tranche
Euler.PacketTimeWordGluing,1,Euler.PacketTimePathGluing,in-tranche
Euler.PacketTimeWordGluing,2,Euler.ParameterSobolevLinear,in-tranche
Euler.PacketTriangular,1,Euler.PacketPointJets,in-tranche
Euler.PacketTriangular,2,Euler.FiniteGradeTriangular,in-tranche
Euler.PacketUniformFrequencyMargin,1,Euler.PacketLiftedSmallness,in-tranche
Euler.PacketUniformFrequencyMargin,2,Euler.PacketGraphFlowFrequency,in-tranche
Euler.PacketUniformFrequencyScales,1,Euler.PacketSourceScaleSequence,in-tranche
Euler.PacketUniformInitialBounds,1,Euler.PacketInitialCostPolynomial,in-tranche
Euler.PacketUniformInitialBounds,2,Euler.PacketInitializedInitialExact,in-tranche
Euler.PacketUniformInitialBounds,3,Euler.PacketInitializedUniformBudget,in-tranche
Euler.PacketUniversalFrequency,1,Euler.PacketUniformFrequencyMargin,in-tranche
Euler.PacketUniversalFrequency,2,Euler.PhysicalChildSourceBound,in-tranche
Euler.PacketUniversalFrequency,3,Euler.PacketTerminalDatum,in-tranche
Euler.PacketUnweightedAdvection,1,Euler.PacketCylinderLinearTermBudget,in-tranche
Euler.PacketVelocityPropagator,1,Euler.PacketNeighborStability,in-tranche
Euler.PacketVolumeDivergence,1,Euler.PacketPiolaAlgebra,in-tranche
Euler.PacketVolumeDivergence,2,Euler.PacketParentFlowDifferentiation,in-tranche
Euler.PacketWeightedPhysicalErrors,1,Euler.PacketInitializedPhysicalFieldsChoice,in-tranche
Euler.PacketWeightedPhysicalErrors,2,Euler.PacketPhysicalCorrectionPotential,in-tranche
Euler.PacketWithinRay,1,Euler.PacketWithinStage,in-tranche
Euler.PacketWithinStage,1,Euler.PacketScaledVelocitySystem,in-tranche
Euler.PacketWithinStage,2,Euler.ClosedIntervalDerivativeExtension,in-tranche
Euler.ParameterNestedWordSum,1,Euler.ParameterSobolevCoefficient,in-tranche
Euler.ParameterSobolevAcceleration,1,Euler.ParameterSobolevOperations,in-tranche
Euler.ParameterSobolevAcceleration,2,Euler.ParameterSobolevCoefficient,in-tranche
Euler.ParameterSobolevBlocks,1,Euler.ParameterWordProduct,in-tranche
Euler.ParameterSobolevBlocks,2,Euler.ParameterWordHigher,in-tranche
Euler.ParameterSobolevBlocks,3,Euler.H6Pressure,in-tranche
Euler.ParameterSobolevCoefficient,1,Euler.ParameterSobolevBlocks,in-tranche
Euler.ParameterSobolevCoefficient,2,Euler.PacketMajorantShift,in-tranche
Euler.ParameterSobolevCommutator,1,Euler.ParameterSobolevBlocks,in-tranche
Euler.ParameterSobolevCostMonotone,1,Euler.ParameterSobolevTensorInverse,in-tranche
Euler.ParameterSobolevFiniteSum,1,Euler.ParameterSobolevScaling,in-tranche
Euler.ParameterSobolevFiniteSum,2,Euler.ParameterSobolevCoefficient,in-tranche
Euler.ParameterSobolevGevrey,1,Euler.ParameterSobolevInverse,in-tranche
Euler.ParameterSobolevGevrey,2,Euler.ParameterSobolevCommutator,in-tranche
Euler.ParameterSobolevGevrey,3,Euler.ParameterWordInverse,in-tranche
Euler.ParameterSobolevGevreyAt,1,Euler.ParameterSobolevGevrey,in-tranche
Euler.ParameterSobolevInverse,1,Euler.ParameterSobolevBlocks,in-tranche
Euler.ParameterSobolevLinear,1,Euler.ParameterSobolevBlocks,in-tranche
Euler.ParameterSobolevLocal,1,Euler.ParameterWordLocal,in-tranche
Euler.ParameterSobolevLocal,2,Euler.ParameterSobolevBlocks,in-tranche
Euler.ParameterSobolevOperations,1,Euler.ParameterSobolevProductGevrey,in-tranche
Euler.ParameterSobolevPair,1,Euler.ParameterSobolevBlocks,in-tranche
Euler.ParameterSobolevProductAt,1,Euler.ParameterSobolevProductGevrey,in-tranche
Euler.ParameterSobolevProductGevrey,1,Euler.ParameterSobolevLinear,in-tranche
Euler.ParameterSobolevProductGevrey,2,Euler.OperatorGevreyCalculus,in-tranche
Euler.ParameterSobolevScaling,1,Euler.ParameterSobolevOperations,in-tranche
Euler.ParameterSobolevTensorInverse,1,Euler.ParameterSobolevGevrey,in-tranche
Euler.ParameterSobolevTensorInverse,2,Euler.ParameterSobolevCoefficient,in-tranche
Euler.ParameterWordCalculus,1,Euler.ParameterWordGevrey,in-tranche
Euler.ParameterWordCalculus,2,Mathlib.Analysis.Calculus.FDeriv.Bilinear,mathlib
Euler.ParameterWordGevrey,1,Euler.OperatorGevreyCalculus,in-tranche
Euler.ParameterWordHigher,1,Euler.ParameterWordCalculus,in-tranche
Euler.ParameterWordInverse,1,Euler.ParameterWordProduct,in-tranche
Euler.ParameterWordInverse,2,Euler.BoundedInverseGevrey,in-tranche
Euler.ParameterWordLocal,1,Euler.ParameterWordCalculus,in-tranche
Euler.ParameterWordProduct,1,Euler.ParameterWordCalculus,in-tranche
Euler.ParameterWordRestriction,1,Euler.ParameterSobolevCoefficient,in-tranche
Euler.ParentChildEulerMatch,1,Euler.ParentPacketExactPressure,in-tranche
Euler.ParentChildEulerMatch,2,Euler.ParentPacketExactDivergence,in-tranche
Euler.ParentChoiceInitialSupport,1,Euler.ParentGeometryChoiceInitial,in-tranche
Euler.ParentCoefficientPolynomial,1,Euler.PacketParentLabelCoefficients,in-tranche
Euler.ParentCoefficientPolynomial,2,Euler.PacketParentNormalBudget,in-tranche
Euler.ParentCoefficientPolynomial,3,Euler.PacketParentTransverseCosts,in-tranche
Euler.ParentCoefficientPolynomial,4,Euler.PolynomialCostMajorant,in-tranche
Euler.ParentCorrectionCostEnvelope,1,Euler.ParentCoefficientPolynomial,in-tranche
Euler.ParentCorrectionCostEnvelope,2,Euler.PacketCorrectionPrimitiveBounds,in-tranche
Euler.ParentEulerChild,1,Euler.ParentEulerState,in-tranche
Euler.ParentEulerChild,2,Euler.ParentChildEulerMatch,in-tranche
Euler.ParentEulerEndpoints,1,Euler.ParentEulerSobolev,in-tranche
Euler.ParentEulerLowBounds,1,Euler.ParentEulerState,in-tranche
Euler.ParentEulerLowBounds,2,Euler.PacketPhysicalLowBounds,in-tranche
Euler.ParentEulerParity,1,Euler.ParentEulerState,in-tranche
Euler.ParentEulerParity,2,Euler.ParentPacketParity,in-tranche
Euler.ParentEulerSobolev,1,Euler.ParentEulerState,in-tranche
Euler.ParentEulerSobolev,2,Euler.SmoothEulerEvolution,in-tranche
Euler.ParentEulerSobolevChild,1,Euler.ParentEulerChild,in-tranche
Euler.ParentEulerSobolevChild,2,Euler.ParentEulerSobolev,in-tranche
Euler.ParentEulerSobolevChild,3,Euler.ParentPacketSobolevFields,in-tranche
Euler.ParentEulerState,1,Euler.ParentParticleRegularity,in-tranche
Euler.ParentEulerState,2,Euler.ParentLagrangianEuler,in-tranche
Euler.ParentFirstPacketLowGuards,1,Euler.ParentForwardInitialSupport,in-tranche
Euler.ParentFirstPacketLowGuards,2,Euler.ParentHomogeneousPacketLowBounds,in-tranche
Euler.ParentFirstPacketLowGuards,3,Euler.ParentEulerLowBounds,in-tranche
Euler.ParentFirstPacketLowGuards,4,Euler.ParentEulerChild,in-tranche
Euler.ParentForwardGeometryGuards,1,Euler.PacketForwardGeometryData,in-tranche
Euler.ParentForwardGeometryGuards,2,Euler.ParentPacketNeighborBounds,in-tranche
Euler.ParentForwardGeometryGuards,3,Euler.PacketSourceScaleGuards,in-tranche
Euler.ParentForwardGeometryInput,1,Euler.PacketGeometryControlledGrowth,in-tranche
Euler.ParentForwardGeometryInput,2,Euler.ParentPacketForwardInput,in-tranche
Euler.ParentForwardGeometryInput,3,Euler.PacketParentPhysicalBudgets,in-tranche
Euler.ParentForwardInitialSupport,1,Euler.PacketChildFieldMatch,in-tranche
Euler.ParentForwardInitialSupport,2,Euler.PacketForwardInitialSupport,in-tranche
Euler.ParentForwardNormalParameters,1,Euler.ParentNormalPacketParameters,in-tranche
Euler.ParentForwardRadiusPolynomial,1,Euler.ParentInitializedRadiusPolynomial,in-tranche
Euler.ParentForwardRadiusPolynomial,2,Euler.PacketForwardRadiusPolynomial,in-tranche
Euler.ParentForwardRadiusPolynomial,3,Euler.ParentForwardGeometryInput,in-tranche
Euler.ParentForwardRadiusPolynomial,4,Euler.PacketForwardCoefficientBudgets,in-tranche
Euler.ParentForwardUniformCosts,1,Euler.PacketSourceUniformEnvelope,in-tranche
Euler.ParentForwardUniformCosts,2,Euler.ParentForwardRadiusPolynomial,in-tranche
Euler.ParentFrameReframe,1,Euler.ParentPacketSourceData,in-tranche
Euler.ParentFrameReframe,2,Euler.PacketSourceGeometryData,in-tranche
Euler.ParentFrameReframe,3,Euler.PacketActivationSourceData,in-tranche
Euler.ParentGeometryChoiceCenter,1,Euler.ParentGeometryJoinedChoice,in-tranche
Euler.ParentGeometryChoiceCenter,2,Euler.ParentGeometryForwardChoice,in-tranche
Euler.ParentGeometryChoiceCenter,3,Euler.ParentPacketStateGeometry,in-tranche
Euler.ParentGeometryChoiceInitial,1,Euler.ParentGeometryChoiceCenter,in-tranche
Euler.ParentGeometryChoiceInitial,2,Euler.ParentForwardInitialSupport,in-tranche
Euler.ParentGeometryChoiceLow,1,Euler.ParentGeometryForwardChoice,in-tranche
Euler.ParentGeometryChoiceLow,2,Euler.ParentGeometryJoinedChoice,in-tranche
Euler.ParentGeometryChoiceLow,3,Euler.ParentPacketChildLowGuards,in-tranche
Euler.ParentGeometryChoiceRenewal,1,Euler.ParentGeometryChoiceCenter,in-tranche
Euler.ParentGeometryChoiceRenewal,2,Euler.ParentTargetRenewal,in-tranche
Euler.ParentGeometryForwardChoice,1,Euler.ParentUniformForwardChild,in-tranche
Euler.ParentGeometryForwardChoice,2,Euler.ParentInitializedState,in-tranche
Euler.ParentGeometryForwardChoice,3,Euler.PacketForwardChildLowBounds,in-tranche
Euler.ParentGeometryForwardChoice,4,Euler.ParentForwardUniformCosts,in-tranche
Euler.ParentGeometryForwardChoiceNoOptions,1,Euler.ParentUniformForwardChild,in-tranche
Euler.ParentGeometryForwardChoiceNoOptions,2,Euler.ParentInitializedState,in-tranche
Euler.ParentGeometryForwardChoiceNoOptions,3,Euler.PacketForwardChildLowBounds,in-tranche
Euler.ParentGeometryForwardChoiceNoOptions,4,Euler.ParentForwardUniformCosts,in-tranche
Euler.ParentGeometryInitialBounds,1,Euler.ParentInitializedUniformCosts,in-tranche
Euler.ParentGeometryInitialBounds,2,Euler.PacketGeometryInitialAmplitude,in-tranche
Euler.ParentGeometryInitialBounds,3,Euler.PacketInitialPolynomialBounds,in-tranche
Euler.ParentGeometryJoinedChoice,1,Euler.ParentUniformJoinedChild,in-tranche
Euler.ParentGeometryJoinedChoice,2,Euler.ParentInitializedState,in-tranche
Euler.ParentGeometryJoinedChoice,3,Euler.PacketChildLowBounds,in-tranche
Euler.ParentGeometryJoinedChoice,4,Euler.PacketInitialExactLimit,in-tranche
Euler.ParentGeometryJoinedChoiceInvestigation,1,Euler.ParentUniformJoinedChild,in-tranche
Euler.ParentGeometryJoinedChoiceInvestigation,2,Euler.ParentInitializedState,in-tranche
Euler.ParentGeometryJoinedChoiceInvestigation,3,Euler.PacketChildLowBounds,in-tranche
Euler.ParentGeometryJoinedChoiceInvestigation,4,Euler.PacketInitialExactLimit,in-tranche
Euler.ParentHistoryCostPolynomial,1,Euler.TransverseHistoryParentCost,in-tranche
Euler.ParentHistoryCostPolynomial,2,Euler.PolynomialCostMajorant,in-tranche
Euler.ParentHistoryCostPolynomial,3,Euler.PacketParentLabelCoefficients,in-tranche
Euler.ParentHistoryFrequencyGuard,1,Euler.PacketNestedHorizons,in-tranche
Euler.ParentHistoryFrequencyGuard,2,Euler.PacketSourceParameterScales,in-tranche
Euler.ParentHomogeneousPacketLowBounds,1,Euler.PacketForwardChildLowBounds,in-tranche
Euler.ParentHomogeneousPacketLowBounds,2,Euler.PacketFirstLowBounds,in-tranche
Euler.ParentInitializedRadiusPolynomial,1,Euler.PacketSourceRadiusPolynomial,in-tranche
Euler.ParentInitializedRadiusPolynomial,2,Euler.ParentPacketJoinedInput,in-tranche
Euler.ParentInitializedRadiusPolynomial,3,Euler.ParentCorrectionCostEnvelope,in-tranche
Euler.ParentInitializedRadiusPolynomial,4,Euler.PacketJoinedCoefficientBudgets,in-tranche
Euler.ParentInitializedState,1,Euler.ParentState,in-tranche
Euler.ParentInitializedState,2,Euler.ParentPacketChildChoice,in-tranche
Euler.ParentInitializedState,3,Euler.ParentPacketForwardChildChoice,in-tranche
Euler.ParentInitializedUniformCosts,1,Euler.PacketSourceUniformEnvelope,in-tranche
Euler.ParentInitializedUniformCosts,2,Euler.ParentPacketGeometryInput,in-tranche
Euler.ParentInitializedUniformCosts,3,Euler.ParentForwardRadiusPolynomial,in-tranche
Euler.ParentLagrangianEuler,1,Euler.ParentPacketPhysicalCoefficients,in-tranche
Euler.ParentLagrangianEuler,2,Euler.PacketPhysicalEulerTransform,in-tranche
Euler.ParentNeighborThreshold,1,Euler.ParentHistoryFrequencyGuard,in-tranche
Euler.ParentNeighborThreshold,2,Euler.ParentPacketNeighborScaleGuard,in-tranche
Euler.ParentNormalPacketParameters,1,Euler.ParentInitializedUniformCosts,in-tranche
Euler.ParentNormalPacketParameters,2,Euler.ParentForwardUniformCosts,in-tranche
Euler.ParentNormalPacketParameters,3,Euler.ParentPacketParameterCaps,in-tranche
Euler.ParentNormalPacketParameters,4,Euler.PacketLowConstants,in-tranche
Euler.ParentNormalPacketParameters,5,Euler.PacketUniformFrequencyScales,in-tranche
Euler.ParentNormalizedEuler,1,Euler.ParentNormalizedGeometry,in-tranche
Euler.ParentNormalizedEuler,2,Euler.EulerSpatialRescaling,in-tranche
Euler.ParentNormalizedGeometry,1,Euler.ParentLagrangianEuler,in-tranche
Euler.ParentNormalizedGeometry,2,Euler.PhysicalChildPacketMatch,in-tranche
Euler.ParentNormalizedGeometry,3,Euler.SmoothTimeFieldSecondJoint,in-tranche
Euler.ParentNormalizedGeometry,4,Euler.SmoothFlowJoint,in-tranche
Euler.ParentOrdinaryEvolution,1,Euler.ParentEulerSobolev,in-tranche
Euler.ParentOrdinaryEvolution,2,Euler.OrdinaryEulerDifference,in-tranche
Euler.ParentPacketBadRatioPolynomial,1,Euler.ParentPacketHistoryPolynomial,in-tranche
Euler.ParentPacketBadRatioPolynomial,2,Euler.PacketGeometryLowBounds,in-tranche
Euler.ParentPacketBadRatioPolynomial,3,Euler.PacketForwardGeometryLowBounds,in-tranche
Euler.ParentPacketBadRatioPolynomial,4,Euler.PacketGeometryProfileEnvelope,in-tranche
Euler.ParentPacketChildChoice,1,Euler.ParentParticleInverse,in-tranche
Euler.ParentPacketChildChoice,2,Euler.ParentPacketJoinedInput,in-tranche
Euler.ParentPacketChildChoice,3,Euler.PacketInitializedChildBounds,in-tranche
Euler.ParentPacketChildLowGuards,1,Euler.ParentPacketInitialLowBounds,in-tranche
Euler.ParentPacketChildLowGuards,2,Euler.ParentEulerChild,in-tranche
Euler.ParentPacketCorrectionParity,1,Euler.ParentPacketParity,in-tranche
Euler.ParentPacketCorrectionParity,2,Euler.ParentPacketJoinedInput,in-tranche
Euler.ParentPacketCorrectionParity,3,Euler.PacketLiftedParity,in-tranche
Euler.ParentPacketCorrectionParity,4,Euler.PacketForwardInitializedCorrectionParity,in-tranche
Euler.ParentPacketExactDivergence,1,Euler.ParentPacketExactEuler,in-tranche
Euler.ParentPacketExactDivergence,2,Euler.PacketExactPhysicalEuler,in-tranche
Euler.ParentPacketExactEuler,1,Euler.ParentNormalizedEuler,in-tranche
Euler.ParentPacketExactEuler,2,Euler.PacketExactEulerianField,in-tranche
Euler.ParentPacketExactPressure,1,Euler.ParentPacketExactEuler,in-tranche
Euler.ParentPacketForwardChildChoice,1,Euler.ParentParticleInverse,in-tranche
Euler.ParentPacketForwardChildChoice,2,Euler.ParentPacketForwardInput,in-tranche
Euler.ParentPacketForwardChildChoice,3,Euler.PacketForwardInitializedChildShear,in-tranche
Euler.ParentPacketForwardInput,1,Euler.ParentPacketScaledBounds,in-tranche
Euler.ParentPacketForwardInput,2,Euler.PacketShortTimePhysicalGrowth,in-tranche
Euler.ParentPacketForwardInput,3,Euler.PacketCommonRadius,in-tranche
Euler.ParentPacketFrames,1,Euler.SmoothTimeFieldOrdinary,in-tranche
Euler.ParentPacketFrames,2,Euler.SmoothTimeFieldPrecomp,in-tranche
Euler.ParentPacketFrames,3,Euler.SmoothTimeFieldTimeJets,in-tranche
Euler.ParentPacketFrames,4,Euler.SmoothTimeFieldBilinear,in-tranche
Euler.ParentPacketFrames,5,Euler.SmoothTimeFieldAlgebra,in-tranche
Euler.ParentPacketFrames,6,Euler.PacketCofactorOperator,in-tranche
Euler.ParentPacketFrames,7,Euler.BoundedCoefficientSmooth,in-tranche
Euler.ParentPacketGeometryFrame,1,Euler.ParentPacketStrainEvolution,in-tranche
Euler.ParentPacketGeometryFrame,2,Euler.ParentPacketHessianSymmetry,in-tranche
Euler.ParentPacketGeometryFrame,3,Euler.PacketSourceGeometryData,in-tranche
Euler.ParentPacketGeometryFrame,4,Euler.PacketForwardFactorization,in-tranche
Euler.ParentPacketGeometryGuards,1,Euler.ParentPacketHistoryNeighbor,in-tranche
Euler.ParentPacketGeometryGuards,2,Euler.ParentPacketHessianSymmetry,in-tranche
Euler.ParentPacketGeometryGuards,3,Euler.PacketSourceScaleGuards,in-tranche
Euler.ParentPacketGeometryInput,1,Euler.ParentPacketJoinedInput,in-tranche
Euler.ParentPacketGeometryInput,2,Euler.PacketGeometryJoinedBudget,in-tranche
Euler.ParentPacketHessianSymmetry,1,Euler.ParentPacketPhysicalCoefficients,in-tranche
Euler.ParentPacketHessianSymmetry,2,Euler.TransversePacketIntervalData,in-tranche
Euler.ParentPacketHessianSymmetry,3,Mathlib.Analysis.Calculus.FDeriv.Symmetric,mathlib
Euler.ParentPacketHistoryLowBounds,1,Euler.ParentPacketHessianSymmetry,in-tranche
Euler.ParentPacketHistoryLowBounds,2,Euler.ParentPacketJoinedInput,in-tranche
Euler.ParentPacketHistoryLowBounds,3,Euler.CylinderEndpointLabels,in-tranche
Euler.ParentPacketHistoryNeighbor,1,Euler.ParentPacketNeighborBounds,in-tranche
Euler.ParentPacketHistoryNeighbor,2,Euler.ParentPacketJoinedInput,in-tranche
Euler.ParentPacketHistoryNeighbor,3,Euler.PacketSourceGeometryData,in-tranche
Euler.ParentPacketHistoryPolynomial,1,Euler.ParentPacketHistoryNeighbor,in-tranche
Euler.ParentPacketHistoryPolynomial,2,Euler.ParentHistoryCostPolynomial,in-tranche
Euler.ParentPacketInitialLowBounds,1,Euler.PacketForwardChildLowBounds,in-tranche
Euler.ParentPacketInitialLowBounds,2,Euler.ParentEulerLowBounds,in-tranche
Euler.ParentPacketJoinedInput,1,Euler.ParentPacketRestriction,in-tranche
Euler.ParentPacketJoinedInput,2,Euler.PacketParentPhysicalBudgets,in-tranche
Euler.ParentPacketJoinedInput,3,Euler.PacketCommonRadius,in-tranche
Euler.ParentPacketLabelData,1,Euler.ParentPacketSourceData,in-tranche
Euler.ParentPacketLabelData,2,Euler.PhysicalChildParent,in-tranche
Euler.ParentPacketLabelData,3,Euler.PacketParentLabelBudgets,in-tranche
Euler.ParentPacketNeighborBounds,1,Euler.ParentPacketScaledBounds,in-tranche
Euler.ParentPacketNeighborBounds,2,Euler.PacketActivationLipschitz,in-tranche
Euler.ParentPacketNeighborPolynomial,1,Euler.ParentPacketHistoryPolynomial,in-tranche
Euler.ParentPacketNeighborPolynomial,2,Euler.PacketActivationSourceData,in-tranche
Euler.ParentPacketNeighborScaleGuard,1,Euler.ParentPacketNeighborPolynomial,in-tranche
Euler.ParentPacketNeighborScaleGuard,2,Euler.PacketSourceScaleActual,in-tranche
Euler.ParentPacketParameterCaps,1,Euler.ParentPacketNeighborPolynomial,in-tranche
Euler.ParentPacketParameterCaps,2,Euler.PacketParameterEnvelope,in-tranche
Euler.ParentPacketParity,1,Euler.ParentParticleInverse,in-tranche
Euler.ParentPacketParity,2,Euler.SmoothTimeFieldParity,in-tranche
Euler.ParentPacketParity,3,Euler.SmoothFlowParity,in-tranche
Euler.ParentPacketParity,4,Euler.MeanPacketReflection,in-tranche
Euler.ParentPacketPhysicalCoefficients,1,Euler.ParentPacketSourceData,in-tranche
Euler.ParentPacketPhysicalFrame,1,Euler.ParentPacketGeometryFrame,in-tranche
Euler.ParentPacketPrimaryCenter,1,Euler.ParentPacketPhysicalFrame,in-tranche
Euler.ParentPacketRestriction,1,Euler.ParentPacketLabelData,in-tranche
Euler.ParentPacketRestriction,2,Euler.SmoothTimeFieldRestriction,in-tranche
Euler.ParentPacketScaledBounds,1,Euler.ParentPacketLabelData,in-tranche
Euler.ParentPacketScaledBounds,2,Euler.SmoothL2GevreyCalculus,in-tranche
Euler.ParentPacketSobolevFields,1,Euler.ParentPacketScaledBounds,in-tranche
Euler.ParentPacketSobolevFields,2,Euler.ParentParticleInverse,in-tranche
Euler.ParentPacketSobolevFields,3,Euler.PacketEulerianRegularity,in-tranche
Euler.ParentPacketSobolevFields,4,Euler.SmoothL2ScalingContinuity,in-tranche
Euler.ParentPacketSourceData,1,Euler.ParentPacketFrames,in-tranche
Euler.ParentPacketSourceData,2,Euler.TransversePacketHistoryData,in-tranche
Euler.ParentPacketSourceData,3,Euler.MeanPacketData,in-tranche
Euler.ParentPacketSourceData,4,Euler.PacketSourceEquations,in-tranche
Euler.ParentPacketStateGeometry,1,Euler.ParentStateGeometry,in-tranche
Euler.ParentPacketStateGeometry,2,Euler.PacketChildFieldMatch,in-tranche
Euler.ParentPacketStrainEvolution,1,Euler.ParentPacketPhysicalCoefficients,in-tranche
Euler.ParentPacketStrainEvolution,2,Euler.SmoothTimeFieldChain,in-tranche
Euler.ParentParticleInverse,1,Euler.ParentNormalizedGeometry,in-tranche
Euler.ParentParticleInverse,2,Euler.ParentPacketRestriction,in-tranche
Euler.ParentParticleInverse,3,Euler.FlowL2Transport,in-tranche
Euler.ParentParticleRegularity,1,Euler.ParentParticleInverse,in-tranche
Euler.ParentParticleRegularity,2,Euler.ContinuousInverseDerivative,in-tranche
Euler.ParentParticleRegularity,3,Euler.GevreyInverseMap,in-tranche
Euler.ParentRenewalParameters,1,Euler.ParentStateGeometry,in-tranche
Euler.ParentRenewalParameters,2,Euler.ParentPacketGeometryGuards,in-tranche
Euler.ParentRenewalParameters,3,Euler.PacketGeometryAssembly,in-tranche
Euler.ParentRenewalPrefix,1,Euler.PacketSourceScaleChoice,in-tranche
Euler.ParentRenewalPrefix,2,Euler.PacketSourceScaleGuards,in-tranche
Euler.ParentRenewalScaleApplication,1,Euler.ParentRenewalScaleCosts,in-tranche
Euler.ParentRenewalScaleApplication,2,Euler.ParentRenewalPrefix,in-tranche
Euler.ParentRenewalScaleApplication,3,Euler.PacketForwardGeometryLowBounds,in-tranche
Euler.ParentRenewalScaleCosts,1,Euler.ParentRenewalParameters,in-tranche
Euler.ParentRenewalScaleCosts,2,Euler.PacketCommonScaleChoice,in-tranche
Euler.ParentShortForwardRadius,1,Euler.ParentInitializedRadiusPolynomial,in-tranche
Euler.ParentShortForwardRadius,2,Euler.PacketForwardRadiusPolynomial,in-tranche
Euler.ParentShortForwardRadius,3,Euler.ParentPacketForwardInput,in-tranche
Euler.ParentShortForwardRadius,4,Euler.PacketForwardCoefficientBudgets,in-tranche
Euler.ParentStageDirection,1,Euler.ParentFrameReframe,in-tranche
Euler.ParentStageDirection,2,Euler.ParentPacketJoinedInput,in-tranche
Euler.ParentStageDirection,3,Euler.PacketForwardGeometryData,in-tranche
Euler.ParentStageHorizon,1,Euler.ParentFrameReframe,in-tranche
Euler.ParentStageHorizon,2,Euler.ParentPacketRestriction,in-tranche
Euler.ParentStageHorizon,3,Euler.PacketNestedHorizons,in-tranche
Euler.ParentState,1,Euler.ParentEulerSobolevChild,in-tranche
Euler.ParentState,2,Euler.ParentEulerParity,in-tranche
Euler.ParentState,3,Euler.ParentEulerEndpoints,in-tranche
Euler.ParentState,4,Euler.ParentPacketCorrectionParity,in-tranche
Euler.ParentStateGeometry,1,Euler.ParentState,in-tranche
Euler.ParentStateGeometry,2,Euler.ParentPacketPrimaryCenter,in-tranche
Euler.ParentTargetRenewal,1,Euler.ParentRenewalParameters,in-tranche
Euler.ParentTargetRenewal,2,Euler.PacketForwardGeometryLowBounds,in-tranche
Euler.ParentUniformForwardChild,1,Euler.ParentPacketForwardChildChoice,in-tranche
Euler.ParentUniformForwardChild,2,Euler.PacketForwardUniformChild,in-tranche
Euler.ParentUniformForwardChild,3,Euler.PacketUniversalFrequency,in-tranche
Euler.ParentUniformJoinedChild,1,Euler.ParentPacketChildChoice,in-tranche
Euler.ParentUniformJoinedChild,2,Euler.PacketInitializedUniformChild,in-tranche
Euler.ParentUniformJoinedChild,3,Euler.PacketUniversalFrequency,in-tranche
Euler.PartialCorrectionBootstrap,1,Euler.CorrectionEnergyBootstrap,in-tranche
Euler.PartialCorrectionBootstrap,2,Euler.CorrectionBudgetRestriction,in-tranche
Euler.PartialCorrectionBootstrap,3,Euler.CorrectionContinuation,in-tranche
Euler.PeriodicDerivativeMean,1,Euler.AngleMeanZeroPrimitive,in-tranche
Euler.PhysicalChildFields,1,Euler.ChildParticleFieldBounds,in-tranche
Euler.PhysicalChildFields,2,Euler.PhysicalGraphFlowSupBounds,in-tranche
Euler.PhysicalChildPacketMatch,1,Euler.PhysicalChildVelocity,in-tranche
Euler.PhysicalChildPacketMatch,2,Euler.PacketLiftedCoefficient,in-tranche
Euler.PhysicalChildPacketMatch,3,Euler.ExactLiftedJointDifferentiability,in-tranche
Euler.PhysicalChildParent,1,Euler.ParentPacketFrames,in-tranche
Euler.PhysicalChildParent,2,Euler.PhysicalChildStructure,in-tranche
Euler.PhysicalChildParent,3,Euler.PacketVolumeDivergence,in-tranche
Euler.PhysicalChildParent,4,Euler.ChildParticleFieldTime,in-tranche
Euler.PhysicalChildSourceBound,1,Euler.PhysicalChildFields,in-tranche
Euler.PhysicalChildSourceBound,2,Euler.ChildParticleSourceBound,in-tranche
Euler.PhysicalChildStructure,1,Euler.PhysicalGraphTimeFields,in-tranche
Euler.PhysicalChildStructure,2,Euler.ChildParticleJacobian,in-tranche
Euler.PhysicalChildVelocity,1,Euler.PhysicalChildParent,in-tranche
Euler.PhysicalChildVelocity,2,Euler.ParentPacketPhysicalCoefficients,in-tranche
Euler.PhysicalGraphFlowBounds,1,Euler.PhysicalGraphGevrey,in-tranche
Euler.PhysicalGraphFlowBounds,2,Euler.SmoothPhysicalGraphFlow,in-tranche
Euler.PhysicalGraphFlowBounds,3,Euler.SmoothCylinderAccelerationComposition,in-tranche
Euler.PhysicalGraphFlowSupBounds,1,Euler.PhysicalGraphFlowBounds,in-tranche
Euler.PhysicalGraphFlowSupBounds,2,Euler.SmoothL2GevreyCalculus,in-tranche
Euler.PhysicalGraphFlowSupBounds,3,Euler.SmoothFlowCoefficientPaths,in-tranche
Euler.PhysicalGraphGevrey,1,Euler.CylinderGraphGevrey,in-tranche
Euler.PhysicalGraphGevrey,2,Euler.PhysicalL2Scaling,in-tranche
Euler.PhysicalGraphGevrey,3,Euler.SmoothL2Gevrey,in-tranche
Euler.PhysicalGraphTimeFields,1,Euler.PhysicalGraphFlowBounds,in-tranche
Euler.PhysicalGraphTimeFields,2,Euler.SmoothFlowDeformation,in-tranche
Euler.PhysicalL2Scaling,1,Euler.MeanL2Scaling,in-tranche
Euler.PhysicalL2Scaling,2,Euler.LpDominatedConvergence,in-tranche
Euler.PhysicalL2Scaling,3,Mathlib.Analysis.Calculus.ContDiff.Operations,mathlib
Euler.PolynomialCostMajorant,1,Mathlib.Algebra.Polynomial.Eval.Degree,mathlib
Euler.PolynomialCostMajorant,2,Mathlib.Analysis.SpecialFunctions.Pow.Real,mathlib
Euler.PolynomialCostMajorant,3,Mathlib.Tactic,mathlib
Euler.PressureCommutatorWeights,1,Euler.UnshiftedPressure,in-tranche
Euler.ProjectedEnergyForcing,1,Euler.EnergyForcingIdentity,in-tranche
Euler.ProjectedEulerPairing,1,Euler.WeakTimeContinuity,in-tranche
Euler.ProjectedEulerPairing,2,Euler.CurlTimeDerivative,in-tranche
Euler.ProjectedEulerPairing,3,Euler.CompactPressurePairing,in-tranche
Euler.ProjectedEulerPairing,4,Euler.LpSmoothField,in-tranche
Euler.ProjectedEulerPairing,5,Mathlib.Analysis.Calculus.ParametricIntegral,mathlib
Euler.ProjectedEulerPairing,6,Mathlib.Analysis.InnerProductSpace.Calculus,mathlib
Euler.ProjectedForcingFields,1,Euler.ProjectedEnergyForcing,in-tranche
Euler.ProjectedForcingFields,2,Euler.SobolevWordValueIdentity,in-tranche
Euler.QuadraticCauchy,1,Euler.TimeLp,in-tranche
Euler.QuadraticCoefficients,1,Euler.QuadraticSource,in-tranche
Euler.QuadraticHeatConstraint,1,Euler.QuadraticHeatLocal,in-tranche
Euler.QuadraticHeatConstraint,2,Euler.DivergenceFreeHeat,in-tranche
Euler.QuadraticHeatLocal,1,Euler.QuadraticCoefficients,in-tranche
Euler.QuadraticMildPasting,1,Euler.WindowSource,in-tranche
Euler.QuadraticSource,1,Euler.SobolevHeatVolterra,in-tranche
Euler.QuadraticSource,2,Euler.VolterraUniqueness,in-tranche
Euler.QuadraticSourceLimit,1,Euler.QuadraticCoefficients,in-tranche
Euler.QuadraticSourceLimit,2,Euler.VolterraConvolution,in-tranche
Euler.RadialPotentialL2,1,Euler.FlowEscapeBound,in-tranche
Euler.RadialPotentialL2,2,Mathlib.Analysis.InnerProductSpace.PiL2,mathlib
Euler.RadialPotentialL2,3,Mathlib.MeasureTheory.Measure.Haar.InnerProductSpace,mathlib
Euler.RadialPotentialL2,4,Mathlib.MeasureTheory.Measure.Haar.NormedSpace,mathlib
Euler.RadialPotentialL2,5,Mathlib.MeasureTheory.Integral.IntervalIntegral.IntegrationByParts,mathlib
Euler.RegularizedEnergyFamily,1,Euler.RegularizedForcingWord,in-tranche
Euler.RegularizedEnergyFamily,2,Euler.TimeFamily,in-tranche
Euler.RegularizedEnergyFamily,3,Euler.SobolevEnergyPaths,in-tranche
Euler.RegularizedForcingRepresentative,1,Euler.RegularizedEnergyFamily,in-tranche
Euler.RegularizedForcingRepresentative,2,Euler.TimeForcingRepresentative,in-tranche
Euler.RegularizedForcingWord,1,Euler.RegularizedWordTime,in-tranche
Euler.RegularizedForcingWord,2,Euler.TimePathApply,in-tranche
Euler.RegularizedForcingWord,3,Euler.TransportL2Time,in-tranche
Euler.RegularizedMetricPaths,1,Euler.RegularizedEnergyFamily,in-tranche
Euler.RegularizedMetricPaths,2,Euler.FamilyNormTime,in-tranche
Euler.RegularizedMildEquation,1,Euler.HeatRegularizedPaths,in-tranche
Euler.RegularizedMildEquation,2,Euler.SobolevHeatDerivativeCommutation,in-tranche
Euler.RegularizedTopBlocks,1,Euler.MildTopWord,in-tranche
Euler.RegularizedTopBlocks,2,Euler.RegularizedMildEquation,in-tranche
Euler.RegularizedTopBlocks,3,Euler.SobolevTopBlocks,in-tranche
Euler.RegularizedWordConvergence,1,Euler.RegularizedWordEquation,in-tranche
Euler.RegularizedWordEquation,1,Euler.RegularizedTopBlocks,in-tranche
Euler.RegularizedWordEquation,2,Euler.SobolevWordConstraints,in-tranche
Euler.RegularizedWordTime,1,Euler.RegularizedWordConvergence,in-tranche
Euler.RegularizedWordTime,2,Euler.SobolevMaximalRegularity,in-tranche
Euler.RegularizedWordTime,3,Euler.TimeLpStrongOperators,in-tranche
Euler.RegularizedWordTime,4,Euler.TimeLpLinearity,in-tranche
Euler.RegularizedWordTime,5,Euler.TimeLpObservation,in-tranche
Euler.ResolventCalculus,1,Euler.EulerProof,in-tranche
Euler.ReversedVorticityTransport,1,Euler.ScalarEulerVorticity,in-tranche
Euler.ReversedVorticityTransport,2,Mathlib.Analysis.Calculus.Deriv.Shift,mathlib
Euler.ScalarEulerVorticity,1,Euler.ClassicalBridge,in-tranche
Euler.ScalarEulerVorticity,2,Euler.CurlTimeDerivative,in-tranche
Euler.ScalarEulerVorticity,3,Euler.CurlTransportAlgebra,in-tranche
Euler.ScalarEulerVorticity,4,Euler.VorticityTransport,in-tranche
Euler.SeparatingTimeDerivative,1,Euler.ContinuousTimeIntegral,in-tranche
Euler.ShortTimeLinearGrowth,1,Euler.LinearFundamentalExistence,in-tranche
Euler.SmallCorrectionBounds,1,Euler.SmallCorrectionScales,in-tranche
Euler.SmallCorrectionBounds,2,Euler.PacketFieldSobolevBudget,in-tranche
Euler.SmallCorrectionBudget,1,Euler.SmallCorrectionBounds,in-tranche
Euler.SmallCorrectionParity,1,Euler.SmallCorrectionResidual,in-tranche
Euler.SmallCorrectionParity,2,Euler.PacketFieldParityAlgebra,in-tranche
Euler.SmallCorrectionParity,3,Euler.PacketCylinderJetParity,in-tranche
Euler.SmallCorrectionResidual,1,Euler.SmallCorrectionBounds,in-tranche
Euler.SmallCorrectionResidual,2,Euler.ExactLiftedPointwise,in-tranche
Euler.SmallCorrectionResidual,3,Euler.PacketTimeAlgebra,in-tranche
Euler.SmallCorrectionScales,1,Euler.ConstantCorrectionData,in-tranche
Euler.SmoothBanachFlow,1,Euler.FiniteIntervalFlow,in-tranche
Euler.SmoothBanachFlow,2,Euler.SmoothTimeSuperposition,in-tranche
Euler.SmoothBanachFlow,3,Euler.SmoothImplicitLift,in-tranche
Euler.SmoothBanachFlow,4,Euler.LinearFundamentalPath,in-tranche
Euler.SmoothBanachFlow,5,Euler.LinearDuhamelOperator,in-tranche
Euler.SmoothCoefficientPath,1,Euler.MeanCoefficientPath,in-tranche
Euler.SmoothCoefficientPathMap,1,Euler.MeanCoefficientPathJets,in-tranche
Euler.SmoothCoefficientTimeRestriction,1,Euler.MeanCoefficientPathJets,in-tranche
Euler.SmoothCoefficientTimeRestriction,2,Euler.ParameterSobolevLinear,in-tranche
Euler.SmoothCylinderAccelerationComposition,1,Euler.SmoothCylinderAccelerationLp,in-tranche
Euler.SmoothCylinderAccelerationLp,1,Euler.SmoothCylinderComposition,in-tranche
Euler.SmoothCylinderAccelerationLp,2,Euler.GevreyProductLp,in-tranche
Euler.SmoothCylinderComposition,1,Euler.SmoothCylinderGevrey,in-tranche
Euler.SmoothCylinderFlow,1,Euler.CylinderPeriodicFlow,in-tranche
Euler.SmoothCylinderFlow,2,Euler.SmoothFlowVolume,in-tranche
Euler.SmoothCylinderGevrey,1,Euler.SmoothCylinderJets,in-tranche
Euler.SmoothCylinderGevrey,2,Euler.SmoothFlowTimeGevrey,in-tranche
Euler.SmoothCylinderGevrey,3,Euler.GevreyFlowLpIntegration,in-tranche
Euler.SmoothCylinderGevrey,4,Mathlib.LinearAlgebra.Multilinear.FiniteDimensional,mathlib
Euler.SmoothCylinderJets,1,Euler.SmoothCylinderFlow,in-tranche
Euler.SmoothCylinderJets,2,Euler.CylinderDescentJets,in-tranche
Euler.SmoothCylinderJets,3,Euler.SmoothFlowJets,in-tranche
Euler.SmoothEulerEvolution,1,Euler.SmoothFieldSobolevTime,in-tranche
Euler.SmoothEulerEvolution,2,Euler.LpSmoothCoefficientContinuity,in-tranche
Euler.SmoothFieldSobolevTime,1,Euler.SmoothL2CoefficientPath,in-tranche
Euler.SmoothFieldSobolevTime,2,Euler.SeparatingTimeDerivative,in-tranche
Euler.SmoothFieldSobolevTime,3,Euler.SobolevRestriction,in-tranche
Euler.SmoothFlowAcceleration,1,Euler.SmoothFlowJets,in-tranche
Euler.SmoothFlowAcceleration,2,Euler.SmoothTimeFieldJoint,in-tranche
Euler.SmoothFlowAcceleration,3,Euler.SeparatingTimeDerivative,in-tranche
Euler.SmoothFlowCoefficientPaths,1,Euler.SmoothTimeFieldFromPaths,in-tranche
Euler.SmoothFlowCoefficientPaths,2,Euler.SmoothFlowTimeGevrey,in-tranche
Euler.SmoothFlowCoefficientPaths,3,Euler.SmoothFlowJoint,in-tranche
Euler.SmoothFlowDeformation,1,Euler.SmoothFlowCoefficientPaths,in-tranche
Euler.SmoothFlowDeformation,2,Euler.SmoothTimeFieldComposition,in-tranche
Euler.SmoothFlowDeformation,3,Euler.SmoothTimeFieldBilinear,in-tranche
Euler.SmoothFlowDeformation,4,Euler.SmoothTimeFieldAlgebra,in-tranche
Euler.SmoothFlowDeformation,5,Euler.SmoothTimeFieldTimeJets,in-tranche
Euler.SmoothFlowDeformation,6,Euler.SmoothTimeFieldDerivativeBounds,in-tranche
Euler.SmoothFlowGevrey,1,Euler.SmoothFlowJets,in-tranche
Euler.SmoothFlowGevrey,2,Euler.GevreyFlowFinite,in-tranche
Euler.SmoothFlowJacobian,1,Euler.SmoothBanachFlow,in-tranche
Euler.SmoothFlowJacobian,2,Euler.ContinuousInverseDerivative,in-tranche
Euler.SmoothFlowJets,1,Euler.SmoothBanachFlow,in-tranche
Euler.SmoothFlowJets,2,Euler.FinitePathTensorIntegral,in-tranche
Euler.SmoothFlowJoint,1,Euler.SmoothFlowAcceleration,in-tranche
Euler.SmoothFlowJoint,2,Euler.SmoothFlowJacobian,in-tranche
Euler.SmoothFlowJoint,3,Euler.SmoothPathJoint,in-tranche
Euler.SmoothFlowParity,1,Euler.SmoothBanachFlow,in-tranche
Euler.SmoothFlowParity,2,Mathlib.Algebra.Group.EvenFunction,mathlib
Euler.SmoothFlowTimeGevrey,1,Euler.SmoothFlowGevrey,in-tranche
Euler.SmoothFlowTimeGevrey,2,Euler.GevreyComposition,in-tranche
Euler.SmoothFlowTimeGevrey,3,Euler.GevreyFixedShift,in-tranche
Euler.SmoothFlowVolume,1,Euler.SmoothFlowJacobian,in-tranche
Euler.SmoothFlowVolume,2,Euler.LinearEvolutionDeterminant,in-tranche
Euler.SmoothGraphFlow,1,Euler.GraphVelocityTrace,in-tranche
Euler.SmoothGraphFlow,2,Euler.SmoothTimeFieldPrecomp,in-tranche
Euler.SmoothGraphFlow,3,Euler.SmoothTimeFieldLinear,in-tranche
Euler.SmoothGraphFlow,4,Euler.SmoothFlowVolume,in-tranche
Euler.SmoothGraphFlow,5,Euler.SmoothFlowJets,in-tranche
Euler.SmoothImplicitLift,1,Mathlib.Analysis.Calculus.InverseFunctionTheorem.ContDiff,mathlib
Euler.SmoothInequalityTransfer,1,Euler.HeatAllOrders,in-tranche
Euler.SmoothL2ClassicalBounds,1,Euler.SmoothL2Gevrey,in-tranche
Euler.SmoothL2ClassicalBounds,2,Euler.GevreyProductLp,in-tranche
Euler.SmoothL2CoefficientPath,1,Euler.MeanSobolevBoundedField,in-tranche
Euler.SmoothL2CoefficientPath,2,Euler.LpSmoothJetField,in-tranche
Euler.SmoothL2CoefficientPath,3,Euler.SmoothCoefficientPathMap,in-tranche
Euler.SmoothL2CoefficientPath,4,Mathlib.LinearAlgebra.Multilinear.FiniteDimensional,mathlib
Euler.SmoothL2Gevrey,1,Euler.LpSmoothFieldAlgebra,in-tranche
Euler.SmoothL2Gevrey,2,Euler.ParameterSobolevCoefficient,in-tranche
Euler.SmoothL2Gevrey,3,Euler.PacketParentLabelBudgets,in-tranche
Euler.SmoothL2GevreyCalculus,1,Euler.SmoothL2Gevrey,in-tranche
Euler.SmoothL2GevreyCalculus,2,Euler.GevreyCompositionLp,in-tranche
Euler.SmoothL2GevreyCalculus,3,Euler.GevreyProductLp,in-tranche
Euler.SmoothL2GevreyCalculus,4,Euler.GevreyFixedShift,in-tranche
Euler.SmoothL2GevreyCalculus,5,Euler.GevreyGeneratingDerivatives,in-tranche
Euler.SmoothL2ScalingContinuity,1,Euler.PhysicalGraphGevrey,in-tranche
Euler.SmoothL2ScalingContinuity,2,Euler.LpSmoothCoefficientProduct,in-tranche
Euler.SmoothL2Series,1,Euler.OrdinarySmoothLimit,in-tranche
Euler.SmoothL2Series,2,Euler.PacketFieldPhysicalSobolev,in-tranche
Euler.SmoothL2Series,3,Euler.SmoothL2ScalingContinuity,in-tranche
Euler.SmoothPathJoint,1,Euler.SmoothPathTimeJets,in-tranche
Euler.SmoothPathJoint,2,Mathlib.Analysis.Calculus.FDeriv.Partial,mathlib
Euler.SmoothPathSuperposition,1,Euler.SmoothCoefficientPath,in-tranche
Euler.SmoothPathSuperposition,2,Euler.ContinuousPathCalculus,in-tranche
Euler.SmoothPathTimeJets,1,Euler.FinitePathTensorIntegral,in-tranche
Euler.SmoothPhysicalGraphFlow,1,Euler.SmoothGraphFlow,in-tranche
Euler.SmoothPhysicalGraphFlow,2,Euler.SmoothScaledFlow,in-tranche
Euler.SmoothScaledFlow,1,Euler.SmoothTimeFieldPrecomp,in-tranche
Euler.SmoothScaledFlow,2,Euler.SmoothTimeFieldLinear,in-tranche
Euler.SmoothScaledFlow,3,Euler.SmoothFlowTimeGevrey,in-tranche
Euler.SmoothScaledFlow,4,Euler.SmoothFlowVolume,in-tranche
Euler.SmoothScaledFlow,5,Euler.SmoothFlowAcceleration,in-tranche
Euler.SmoothTimeAmplitudeBounds,1,Euler.SmoothTimeAmplitudeScaling,in-tranche
Euler.SmoothTimeAmplitudeBounds,2,Euler.PhysicalGraphGevrey,in-tranche
Euler.SmoothTimeAmplitudeScaling,1,Euler.SmoothTimeFieldRestriction,in-tranche
Euler.SmoothTimeAmplitudeScaling,2,Euler.SmoothTimeFieldLinear,in-tranche
Euler.SmoothTimeAmplitudeScaling,3,Euler.EulerTimeRescaling,in-tranche
Euler.SmoothTimeField,1,Euler.SmoothPathSuperposition,in-tranche
Euler.SmoothTimeFieldAlgebra,1,Euler.SmoothTimeFieldLinear,in-tranche
Euler.SmoothTimeFieldBilinear,1,Euler.SmoothTimeFieldLinear,in-tranche
Euler.SmoothTimeFieldBilinear,2,Euler.BoundedFieldCalculus,in-tranche
Euler.SmoothTimeFieldBilinear,3,Mathlib.Analysis.Calculus.ContDiff.Bounds,mathlib
Euler.SmoothTimeFieldChain,1,Euler.SmoothTimeFieldComposition,in-tranche
Euler.SmoothTimeFieldChain,2,Euler.SmoothTimeFieldBilinear,in-tranche
Euler.SmoothTimeFieldChain,3,Euler.SmoothTimeFieldAlgebra,in-tranche
Euler.SmoothTimeFieldChain,4,Euler.SmoothTimeFieldTimeJets,in-tranche
Euler.SmoothTimeFieldChain,5,Euler.SeparatingTimeDerivative,in-tranche
Euler.SmoothTimeFieldComposition,1,Euler.BoundedFieldPullback,in-tranche
Euler.SmoothTimeFieldComposition,2,Euler.BoundedFieldMultilinear,in-tranche
Euler.SmoothTimeFieldComposition,3,Mathlib.Analysis.Calculus.ContDiff.Comp,mathlib
Euler.SmoothTimeFieldDerivativeBounds,1,Euler.SmoothTimeField,in-tranche
Euler.SmoothTimeFieldFromPaths,1,Euler.SmoothTimeField,in-tranche
Euler.SmoothTimeFieldFromPaths,2,Euler.SmoothPathTimeJets,in-tranche
Euler.SmoothTimeFieldFromPaths,3,Euler.BoundedPathFamily,in-tranche
Euler.SmoothTimeFieldJoint,1,Euler.SmoothTimeSuperposition,in-tranche
Euler.SmoothTimeFieldJoint,2,Mathlib.Analysis.Calculus.FDeriv.Partial,mathlib
Euler.SmoothTimeFieldLinear,1,Euler.SmoothTimeFieldJoint,in-tranche
Euler.SmoothTimeFieldOrdinary,1,Euler.SmoothTimeField,in-tranche
Euler.SmoothTimeFieldParity,1,Euler.SmoothTimeFieldTimeJets,in-tranche
Euler.SmoothTimeFieldParity,2,Mathlib.Algebra.Group.EvenFunction,mathlib
Euler.SmoothTimeFieldPrecomp,1,Euler.SmoothTimeFieldJoint,in-tranche
Euler.SmoothTimeFieldPrecomp,2,Mathlib.Analysis.Calculus.ContDiff.Basic,mathlib
Euler.SmoothTimeFieldRestriction,1,Euler.SmoothTimeFieldJoint,in-tranche
Euler.SmoothTimeFieldRestriction,2,Euler.SmoothCoefficientTimeRestriction,in-tranche
Euler.SmoothTimeFieldSecondJoint,1,Euler.SmoothTimeFieldTimeJets,in-tranche
Euler.SmoothTimeFieldTimeJets,1,Euler.SmoothTimeFieldJoint,in-tranche
Euler.SmoothTimeFieldTimeJets,2,Euler.SmoothTimeSuperposition,in-tranche
Euler.SmoothTimeFieldTimeJets,3,Euler.SmoothPathTimeJets,in-tranche
Euler.SmoothTimeFieldTimeJets,4,Euler.BoundedFieldTimeDerivative,in-tranche
Euler.SmoothTimeSuperposition,1,Euler.SmoothTimeField,in-tranche
Euler.SmoothTimeSuperposition,2,Euler.ContinuousPathCalculus,in-tranche
Euler.SobolevBaseCommutator,1,Euler.BaseTransportL2,in-tranche
Euler.SobolevBaseCommutator,2,Euler.TransportL2Bilinear,in-tranche
Euler.SobolevBaseCommutator,3,Euler.SmoothInequalityTransfer,in-tranche
Euler.SobolevCauchyInterpolation,1,Euler.SobolevPathInterpolation,in-tranche
Euler.SobolevCoefficientPressure,1,Euler.CylinderSobolevOperators,in-tranche
Euler.SobolevCoefficientPressure,2,Euler.H6Pressure,in-tranche
Euler.SobolevCorrectionCompatibility,1,Euler.SobolevNonlinearCompatibility,in-tranche
Euler.SobolevCorrectionCompatibility,2,Euler.CorrectionTime,in-tranche
Euler.SobolevDifferenceEnergy,1,Euler.CorrectionDifference,in-tranche
Euler.SobolevDifferenceEnergy,2,Euler.CorrectionStabilityConstants,in-tranche
Euler.SobolevDifferenceEnergy,3,Euler.SquaredMetricStability,in-tranche
Euler.SobolevDriftNorm,1,Euler.SobolevWordLevel,in-tranche
Euler.SobolevDriftNorm,2,Euler.FunctionalVelocity,in-tranche
Euler.SobolevDriftTransport,1,Euler.SobolevDriftNorm,in-tranche
Euler.SobolevDriftTransport,2,Euler.DriftPreservingTransport,in-tranche
Euler.SobolevEllipticBound,1,Euler.HeatHessianEnergy,in-tranche
Euler.SobolevEnergyPaths,1,Euler.MetricPathConvergence,in-tranche
Euler.SobolevEnergyPaths,2,Euler.WeightedForcingTime,in-tranche
Euler.SobolevEnergyPaths,3,Euler.TimeLpPairing,in-tranche
Euler.SobolevEnergyPaths,4,Euler.SobolevViscousEnergy,in-tranche
Euler.SobolevGevreyOperators,1,Euler.SobolevGevreyProduct,in-tranche
Euler.SobolevGevreyOperators,2,Euler.SobolevCoefficientPressure,in-tranche
Euler.SobolevGevreyProduct,1,Euler.HeatAllOrders,in-tranche
Euler.SobolevGevreyProduct,2,Euler.UnshiftedProducts,in-tranche
Euler.SobolevGevreyProduct,3,Euler.H6NonlinearPressure,in-tranche
Euler.SobolevGevreyProduct,4,Euler.SobolevProduct,in-tranche
Euler.SobolevHeat,1,Euler.SobolevSmoothing,in-tranche
Euler.SobolevHeat,2,Euler.GaussianHeatTotal,in-tranche
Euler.SobolevHeatDerivativeCommutation,1,Euler.SobolevLaplacian,in-tranche
Euler.SobolevHeatGenerator,1,Euler.SobolevHeatKernel,in-tranche
Euler.SobolevHeatGenerator,2,Euler.CylinderHeatLaplacian,in-tranche
Euler.SobolevHeatGenerator,3,Euler.H6Pressure,in-tranche
Euler.SobolevHeatKernel,1,Euler.SobolevHeat,in-tranche
Euler.SobolevHeatKernel,2,Mathlib.Analysis.SpecialFunctions.Integrals.Basic,mathlib
Euler.SobolevHeatVolterra,1,Euler.SobolevHeatKernel,in-tranche
Euler.SobolevHeatVolterra,2,Euler.VolterraFixedPoint,in-tranche
Euler.SobolevInterpolation,1,Euler.SobolevRestriction,in-tranche
Euler.SobolevInterpolation,2,Mathlib.Topology.UniformSpace.Pi,mathlib
Euler.SobolevJointEvaluation,1,Euler.SobolevPointEvaluation,in-tranche
Euler.SobolevL2Product,1,Euler.CylinderSobolevEmbedding,in-tranche
Euler.SobolevL2Product,2,Euler.SobolevTranslationDifferentiation,in-tranche
Euler.SobolevL2Stability,1,Euler.SobolevTransportCompatibility,in-tranche
Euler.SobolevL2Stability,2,Euler.CorrectionOperators,in-tranche
Euler.SobolevLaplacian,1,Euler.SobolevMetricTransport,in-tranche
Euler.SobolevLaplacian,2,Euler.SobolevHeatGenerator,in-tranche
Euler.SobolevLaplacian,3,Euler.SobolevRestriction,in-tranche
Euler.SobolevMaximalRegularity,1,Euler.MaximalTopCauchy,in-tranche
Euler.SobolevMaximalRegularity,2,Euler.TimeLpMap,in-tranche
Euler.SobolevMetricTransport,1,Euler.LiftedTransportComponents,in-tranche
Euler.SobolevMetricTransport,2,Euler.CylinderSobolevDensity,in-tranche
Euler.SobolevNonlinearCompatibility,1,Euler.AsymmetricTransport,in-tranche
Euler.SobolevNonlinearCompatibility,2,Euler.SobolevPressureResolvent,in-tranche
Euler.SobolevOperatorCoordinates,1,Euler.CylinderSobolevDerivatives,in-tranche
Euler.SobolevParityOperators,1,Euler.SobolevReflection,in-tranche
Euler.SobolevParityOperators,2,Euler.CorrectionOperators,in-tranche
Euler.SobolevPathInterpolation,1,Euler.SobolevInterpolation,in-tranche
Euler.SobolevPathInterpolation,2,Euler.VolterraConvolution,in-tranche
Euler.SobolevPathLimits,1,Euler.ViscosityCauchy,in-tranche
Euler.SobolevPointEvaluation,1,Euler.CylinderSobolevEmbedding,in-tranche
Euler.SobolevPointEvaluation,2,Euler.ClassicalPressureCurl,in-tranche
Euler.SobolevPointMultiplication,1,Euler.SobolevPointEvaluation,in-tranche
Euler.SobolevPointMultiplication,2,Euler.SobolevCoefficientPressure,in-tranche
Euler.SobolevPointMultiplication,3,Euler.SobolevRestriction,in-tranche
Euler.SobolevPressureResolvent,1,Euler.SobolevCoefficientPressure,in-tranche
Euler.SobolevPressureTime,1,Euler.SobolevPressureResolvent,in-tranche
Euler.SobolevPressureTime,2,Euler.ResolventCalculus,in-tranche
Euler.SobolevProduct,1,Euler.SobolevProductApproximation,in-tranche
Euler.SobolevProductApproximation,1,Euler.SobolevSmoothProduct,in-tranche
Euler.SobolevProductApproximation,2,Euler.SobolevSmoothApproximation,in-tranche
Euler.SobolevProductJet,1,Euler.SobolevL2Product,in-tranche
Euler.SobolevProductJet,2,Euler.SobolevRestriction,in-tranche
Euler.SobolevReflection,1,Euler.GradientReflection,in-tranche
Euler.SobolevRestriction,1,Euler.SobolevTranslationDifferentiation,in-tranche
Euler.SobolevSmoothApproximation,1,Euler.SobolevHeat,in-tranche
Euler.SobolevSmoothApproximation,2,Euler.CylinderSobolevDensity,in-tranche
Euler.SobolevSmoothApproximation,3,Euler.SobolevRestriction,in-tranche
Euler.SobolevSmoothProduct,1,Euler.SobolevProductJet,in-tranche
Euler.SobolevSmoothProduct,2,Euler.GeneralRealCylinderAlgebra,in-tranche
Euler.SobolevSmoothing,1,Euler.CylinderSobolevDerivatives,in-tranche
Euler.SobolevSourceExponent,1,Euler.SmoothL2Gevrey,in-tranche
Euler.SobolevTimeRegularization,1,Euler.TimeLpStrongOperators,in-tranche
Euler.SobolevTimeRegularization,2,Euler.TimeLpMultiplier,in-tranche
Euler.SobolevTimeRegularization,3,Euler.HeatRegularizedPaths,in-tranche
Euler.SobolevTopBlocks,1,Euler.SobolevWordBlockCoordinates,in-tranche
Euler.SobolevTranslationDifferentiation,1,Euler.CylinderSobolevDerivatives,in-tranche
Euler.SobolevTransport,1,Euler.SobolevProduct,in-tranche
Euler.SobolevTransportCommutator,1,Euler.FunctionalVelocity,in-tranche
Euler.SobolevTransportCommutator,2,Euler.SobolevWordLevel,in-tranche
Euler.SobolevTransportCommutator,3,Euler.GevreyCorrectionSplit,in-tranche
Euler.SobolevTransportCompatibility,1,Euler.SobolevMetricTransport,in-tranche
Euler.SobolevTransportCompatibility,2,Euler.SobolevRestriction,in-tranche
Euler.SobolevViscousEnergy,1,Euler.SobolevMetricTransport,in-tranche
Euler.SobolevViscousEnergy,2,Euler.CylinderViscousEnergy,in-tranche
Euler.SobolevViscousEnergy,3,Euler.SobolevRestriction,in-tranche
Euler.SobolevWordBlockCoordinates,1,Euler.SobolevWordBlocks,in-tranche
Euler.SobolevWordBlocks,1,Euler.SobolevRestriction,in-tranche
Euler.SobolevWordBlocks,2,Euler.SobolevHeat,in-tranche
Euler.SobolevWordConstraints,1,Euler.SobolevWordBlocks,in-tranche
Euler.SobolevWordConstraints,2,Euler.DivergenceFreeHeat,in-tranche
Euler.SobolevWordLevel,1,Euler.SobolevWordBlocks,in-tranche
Euler.SobolevWordLevel,2,Euler.SobolevGevreyOperators,in-tranche
Euler.SobolevWordValueIdentity,1,Euler.EnergyWordCoordinates,in-tranche
Euler.SobolevWordValueIdentity,2,Euler.SobolevMaximalRegularity,in-tranche
Euler.Solution,1,Euler.InitialDataBridge,in-tranche
Euler.Solution,2,Euler.ComparatorLocalEvolution,in-tranche
Euler.Solution,3,Euler.ComparatorIdentification,in-tranche
Euler.Solution,4,Euler.CanonicalVorticityConfinement,in-tranche
Euler.Solution,5,Euler.CompactVorticityContradiction,in-tranche
Euler.Solution,6,Euler.EulerFiniteLifespan,in-tranche
Euler.Solution,7,Euler.ComparatorMaximalSolution,in-tranche
Euler.SolutionDefinitions,20,Mathlib,mathlib
Euler.SourceCylinderClassical,1,Euler.SourceCylinderRegularity,in-tranche
Euler.SourceCylinderClassical,2,Euler.CylinderTimeRegularity,in-tranche
Euler.SourceCylinderClassical,3,Euler.CylinderRawSupport,in-tranche
Euler.SourceCylinderClassicalEquation,1,Euler.SourceCylinderClassical,in-tranche
Euler.SourceCylinderDerivativeBounds,1,Euler.SourceCylinderDerivativeWeight,in-tranche
Euler.SourceCylinderDerivativeBounds,2,Euler.PacketMajorantShift,in-tranche
Euler.SourceCylinderDerivativeWeight,1,Euler.SourceCylinderTimeBounds,in-tranche
Euler.SourceCylinderDerivativeWeight,2,Euler.SourceCylinderWeight,in-tranche
Euler.SourceCylinderEquation,1,Euler.SourceCylinderForward,in-tranche
Euler.SourceCylinderEquation,2,Euler.SourceCylinderForcing,in-tranche
Euler.SourceCylinderEquation,3,Euler.LpCylinderCoefficientTime,in-tranche
Euler.SourceCylinderEquation,4,Euler.TransverseNormalResidual,in-tranche
Euler.SourceCylinderForcing,1,Euler.SourceForwardCoefficient,in-tranche
Euler.SourceCylinderForcing,2,Euler.LpCylinderRectangularRegularity,in-tranche
Euler.SourceCylinderForward,1,Euler.SourceForwardCoefficient,in-tranche
Euler.SourceCylinderForward,2,Euler.LpCylinderRegularSobolev,in-tranche
Euler.SourceCylinderForwardSobolev,1,Euler.SourceCylinderForward,in-tranche
Euler.SourceCylinderForwardSobolev,2,Euler.SourceCylinderForcing,in-tranche
Euler.SourceCylinderMeanZero,1,Euler.CylinderAngleAverageEvolution,in-tranche
Euler.SourceCylinderMeanZero,2,Euler.SourceCylinderEquation,in-tranche
Euler.SourceCylinderParity,1,Euler.CylinderForwardParity,in-tranche
Euler.SourceCylinderParity,2,Euler.SourceCylinderEquation,in-tranche
Euler.SourceCylinderPressureField,1,Euler.SourceCylinderPressureMean,in-tranche
Euler.SourceCylinderPressureMean,1,Euler.SourceCylinderMeanZero,in-tranche
Euler.SourceCylinderPressureMean,2,Euler.SourceCylinderPressureSource,in-tranche
Euler.SourceCylinderPressureMean,3,Euler.SourceCylinderClassicalEquation,in-tranche
Euler.SourceCylinderPressureMean,4,Euler.CylinderScalarAverage,in-tranche
Euler.SourceCylinderPressureRegularity,1,Euler.SourceCylinderPressureField,in-tranche
Euler.SourceCylinderPressureRegularity,2,Euler.CylinderScalarTime,in-tranche
Euler.SourceCylinderPressureSource,1,Euler.SourceCylinderRegularity,in-tranche
Euler.SourceCylinderPressureSource,2,Euler.SourceNormalCoefficient,in-tranche
Euler.SourceCylinderPressureWeight,1,Euler.SourceCylinderPressureField,in-tranche
Euler.SourceCylinderPressureWeight,2,Euler.SourceCylinderWeight,in-tranche
Euler.SourceCylinderPressureWeight,3,Euler.SourceNormalResidualBounds,in-tranche
Euler.SourceCylinderRegularity,1,Euler.SourceCylinderEquation,in-tranche
Euler.SourceCylinderRegularity,2,Euler.LpCylinderUnweightedForward,in-tranche
Euler.SourceCylinderTimeBounds,1,Euler.SourceCylinderForcing,in-tranche
Euler.SourceCylinderTimeBounds,2,Euler.LpCylinderTimeWeight,in-tranche
Euler.SourceCylinderTimeBounds,3,Euler.OperatorGevreyCalculus,in-tranche
Euler.SourceCylinderWeight,1,Euler.SourceCylinderEquation,in-tranche
Euler.SourceCylinderWeight,2,Euler.SourceCylinderForwardSobolev,in-tranche
Euler.SourceCylinderWeight,3,Euler.LpCylinderTimeWeight,in-tranche
Euler.SourceForwardCoefficient,1,Euler.BoundedFieldForwardGenerator,in-tranche
Euler.SourceNormalCoefficient,1,Euler.SourceForwardCoefficient,in-tranche
Euler.SourceNormalCoefficient,2,Euler.SmoothCoefficientPathMap,in-tranche
Euler.SourceNormalResidualBounds,1,Euler.SourceNormalCoefficient,in-tranche
Euler.SourceNormalResidualBounds,2,Euler.LpCylinderNormalBounds,in-tranche
Euler.SourceNormalResidualBounds,3,Euler.CylinderScalarPrimitive,in-tranche
Euler.SourcePotentialCoefficient,1,Euler.SourceNormalCoefficient,in-tranche
Euler.SourcePotentialCoefficient,2,Euler.PacketPotentialNormalMap,in-tranche
Euler.SourcePotentialTime,1,Euler.SourcePotentialTimeCoefficient,in-tranche
Euler.SourcePotentialTime,2,Euler.CylinderPotentialTime,in-tranche
Euler.SourcePotentialTimeCoefficient,1,Euler.SourcePotentialCoefficient,in-tranche
Euler.SourcePotentialTimeCoefficient,2,Euler.PacketNormalTimeMap,in-tranche
Euler.SourcePotentialTimePath,1,Euler.SourcePotentialTime,in-tranche
Euler.SquaredMetricStability,1,Euler.SobolevViscousEnergy,in-tranche
Euler.SquaredMetricStability,2,Mathlib.Analysis.Calculus.Deriv.MeanValue,mathlib
Euler.StageDisplacementBound,1,Mathlib.Analysis.Normed.Group.Basic,mathlib
Euler.StageDisplacementBound,2,Mathlib.Topology.Algebra.InfiniteSum.Order,mathlib
Euler.StageDisplacementBound,3,Mathlib.Algebra.BigOperators.Group.Finset.Basic,mathlib
Euler.StageDisplacementConfinement,1,Euler.PacketInfiniteConstruction,in-tranche
Euler.StageInitialSupport,1,Euler.PacketInfiniteConstruction,in-tranche
Euler.StageInitialSupport,2,Euler.PacketFirstStageSupport,in-tranche
Euler.StageInitialSupport,3,Euler.CurlSupport,in-tranche
Euler.StageVorticityConfinement,1,Euler.StageDisplacementBound,in-tranche
Euler.StageVorticityConfinement,2,Euler.StageDisplacementConfinement,in-tranche
Euler.StageVorticityConfinement,3,Euler.StageInitialSupport,in-tranche
Euler.StageVorticityConfinement,4,Euler.PacketCurlTransport,in-tranche
Euler.StaticCylinderField,1,Euler.MeanCylinderSolenoidal,in-tranche
Euler.StaticCylinderField,2,Euler.MeanPacketCylinderFields,in-tranche
Euler.StaticCylinderField,3,Euler.CylinderTerminalAmplitude,in-tranche
Euler.StaticCylinderField,4,Euler.SmoothL2Gevrey,in-tranche
Euler.StaticCylinderField,5,Euler.PacketCylinderFieldBounds,in-tranche
Euler.StaticEulerCorrection,1,Euler.StaticCylinderField,in-tranche
Euler.StaticEulerCorrection,2,Euler.SmallCorrectionBudget,in-tranche
Euler.StaticEulerCorrection,3,Euler.SmallCorrectionResidual,in-tranche
Euler.StaticEulerForceField,1,Euler.StaticEulerRegularity,in-tranche
Euler.StaticEulerForceField,2,Euler.FieldTowerGraphGevrey,in-tranche
Euler.StaticEulerGevrey,1,Euler.StaticEulerRegularity,in-tranche
Euler.StaticEulerGevrey,2,Euler.StaticEulerWeightedBounds,in-tranche
Euler.StaticEulerGevrey,3,Euler.FieldTowerGraphGevrey,in-tranche
Euler.StaticEulerGevrey,4,Euler.SmoothTimeAmplitudeBounds,in-tranche
Euler.StaticEulerParity,1,Euler.StaticEulerSolution,in-tranche
Euler.StaticEulerParity,2,Euler.SmallCorrectionParity,in-tranche
Euler.StaticEulerParity,3,Euler.AllOrderDriftFieldDecomposition,in-tranche
Euler.StaticEulerRegularity,1,Euler.StaticEulerTime,in-tranche
Euler.StaticEulerRegularity,2,Euler.StaticEulerSolution,in-tranche
Euler.StaticEulerSolution,1,Euler.StaticEulerCorrection,in-tranche
Euler.StaticEulerSolution,2,Euler.ConstantEulerGraph,in-tranche
Euler.StaticEulerSolution,3,Euler.EulerTimeRescaling,in-tranche
Euler.StaticEulerSolution,4,Euler.LpSmoothFieldAlgebra,in-tranche
Euler.StaticEulerSolution,5,Euler.PacketFieldGraphBounds,in-tranche
Euler.StaticEulerTime,1,Euler.StaticEulerCorrection,in-tranche
Euler.StaticEulerTime,2,Euler.ConstantEulerGraph,in-tranche
Euler.StaticEulerTime,3,Euler.PacketLiftedCoefficient,in-tranche
Euler.StaticEulerTime,4,Euler.SmoothTimeFieldPrecomp,in-tranche
Euler.StaticEulerTime,5,Euler.SmoothTimeAmplitudeScaling,in-tranche
Euler.StaticEulerWeightedBounds,1,Euler.StaticEulerCorrection,in-tranche
Euler.StaticEulerWeightedBounds,2,Euler.AllOrderDriftPressureBounds,in-tranche
Euler.StaticEulerWeightedBounds,3,Euler.AllOrderDriftFieldDecomposition,in-tranche
Euler.StrongOperatorDerivative,1,Euler.GaussianHeatGenerator,in-tranche
Euler.TensorCoordinateEnergyBound,1,Euler.LpFiniteTensorReconstruction,in-tranche
Euler.TerminalLayerRamp,1,Euler.InitialTimePrimitive,in-tranche
Euler.TerminalLayerRamp,2,Mathlib.Analysis.SpecialFunctions.Integrals.Basic,mathlib
Euler.TerminalProjectionTrial,1,Euler.TerminalLayerRamp,in-tranche
Euler.TerminalProjectionTrial,2,Euler.TimeH1PointwiseBounds,in-tranche
Euler.TerminalProjectionTrial,3,Euler.TimeH1OperatorProduct,in-tranche
Euler.TerminalTimePrimitive,1,Euler.TimeLpLinearity,in-tranche
Euler.TerminalTimePrimitive,2,Mathlib.MeasureTheory.Integral.IntervalIntegral.LebesgueDifferentiationThm,mathlib
Euler.TerminalTimePrimitive,3,Mathlib.MeasureTheory.Function.AbsolutelyContinuous,mathlib
Euler.TerminalTimePrimitive,4,Mathlib.MeasureTheory.Integral.IntervalIntegral.AbsolutelyContinuousFun,mathlib
Euler.TimeContinuousPrimitive,1,Euler.ContinuousTimeIntegral,in-tranche
Euler.TimeContinuousPrimitive,2,Euler.InitialTimePrimitive,in-tranche
Euler.TimeCorrectionRestriction,1,Euler.TimeCorrectionSource,in-tranche
Euler.TimeCorrectionSource,1,Euler.SobolevCorrectionCompatibility,in-tranche
Euler.TimeCorrectionSource,2,Euler.TimeSobolevTransport,in-tranche
Euler.TimeCorrectionSource,3,Euler.EulerCorrectionEquation,in-tranche
Euler.TimeCorrectionStrongIdentity,1,Euler.TimeCorrectionRestriction,in-tranche
Euler.TimeEndpointEnergyUniqueness,1,Euler.TimeContinuousPrimitive,in-tranche
Euler.TimeEndpointEnergyUniqueness,2,Euler.TimeH1WeakPairing,in-tranche
Euler.TimeEndpointEnergyUniqueness,3,Euler.TransverseEndpointEnergy,in-tranche
Euler.TimeFamily,1,Euler.TimeLpLinearity,in-tranche
Euler.TimeForcingRepresentative,1,Euler.TimeLpMultiplier,in-tranche
Euler.TimeH1ContinuousDerivative,1,Euler.TimeH1PointwiseBounds,in-tranche
Euler.TimeH1ContinuousDerivative,2,Euler.VolterraConvolution,in-tranche
Euler.TimeH1ContinuousDerivative,3,Mathlib.Analysis.Calculus.ContDiff.Deriv,mathlib
Euler.TimeH1FieldProduct,1,Euler.TimeH1OperatorProduct,in-tranche
Euler.TimeH1FrameTransport,1,Euler.TransverseStrongEstimates,in-tranche
Euler.TimeH1GeneratorBounds,1,Euler.TimeH1Reconstruction,in-tranche
Euler.TimeH1GeneratorBounds,2,Euler.ContinuousPathCalculus,in-tranche
Euler.TimeH1GeneratorBounds,3,Euler.CoerciveEndpointBounds,in-tranche
Euler.TimeH1GeneratorBounds,4,Euler.TransverseEndpointBounds,in-tranche
Euler.TimeH1OperatorProduct,1,Euler.TerminalTimePrimitive,in-tranche
Euler.TimeH1OperatorProduct,2,Euler.TimeLpMultiplier,in-tranche
Euler.TimeH1OperatorProduct,3,Mathlib.Analysis.Calculus.Deriv.Mul,mathlib
Euler.TimeH1OperatorProduct,4,Mathlib.Analysis.Calculus.MeanValue,mathlib
Euler.TimeH1PointwiseBounds,1,Euler.TerminalTimePrimitive,in-tranche
Euler.TimeH1Reconstruction,1,Euler.TimeH1PointwiseBounds,in-tranche
Euler.TimeH1Reconstruction,2,Euler.TimeWeakDerivative,in-tranche
Euler.TimeH1Reconstruction,3,Euler.TimeLpCoefficientGevrey,in-tranche
Euler.TimeH1ReconstructionNaturality,1,Euler.TimeH1Reconstruction,in-tranche
Euler.TimeH1ReconstructionNaturality,2,Euler.TimeLpBoundedMap,in-tranche
Euler.TimeH1SobolevReconstruction,1,Euler.TimeH1Reconstruction,in-tranche
Euler.TimeH1SobolevReconstruction,2,Euler.ParameterSobolevProductGevrey,in-tranche
Euler.TimeH1SobolevReconstruction,3,Euler.ParameterSobolevPair,in-tranche
Euler.TimeH1WeakPairing,1,Euler.TimeWeakDerivative,in-tranche
Euler.TimeH1WeakPairing,2,Euler.TimeH1PointwiseBounds,in-tranche
Euler.TimeIntervalGlue,1,Euler.TimeH1ContinuousDerivative,in-tranche
Euler.TimeIntervalGlue,2,Mathlib.Topology.Piecewise,mathlib
Euler.TimeLp,1,Euler.VolterraConvolution,in-tranche
Euler.TimeLp,2,Mathlib.MeasureTheory.Function.L2Space,mathlib
Euler.TimeLp,3,Mathlib.MeasureTheory.Function.ConvergenceInMeasure,mathlib
Euler.TimeLpAccelerationForcing,1,Euler.TimeLpGramGevrey,in-tranche
Euler.TimeLpAccelerationForcing,2,Euler.TimeLpCoefficientGevrey,in-tranche
Euler.TimeLpAccelerationSobolev,1,Euler.TimeLpAccelerationForcing,in-tranche
Euler.TimeLpAccelerationSobolev,2,Euler.TimeLpGramSobolev,in-tranche
Euler.TimeLpAccelerationSobolev,3,Euler.ParameterSobolevAcceleration,in-tranche
Euler.TimeLpBoundedMap,1,Euler.TerminalTimePrimitive,in-tranche
Euler.TimeLpCoefficientGevrey,1,Euler.TimeLpCoefficientMap,in-tranche
Euler.TimeLpCoefficientGevrey,2,Euler.OperatorGevreyCalculus,in-tranche
Euler.TimeLpCoefficientMap,1,Euler.TransverseVariationalOperator,in-tranche
Euler.TimeLpCoefficientMap,2,Euler.TimeH1OperatorProduct,in-tranche
Euler.TimeLpGramGevrey,1,Euler.TimeLpGramInverse,in-tranche
Euler.TimeLpGramGevrey,2,Euler.HilbertCoerciveGevrey,in-tranche
Euler.TimeLpGramInverse,1,Euler.TransverseGramPath,in-tranche
Euler.TimeLpGramInverse,2,Euler.TimeLpCoefficientGevrey,in-tranche
Euler.TimeLpGramSobolev,1,Euler.TimeLpGramGevrey,in-tranche
Euler.TimeLpGramSobolev,2,Euler.ParameterSobolevTensorInverse,in-tranche
Euler.TimeLpLinearity,1,Euler.TimeLpMap,in-tranche
Euler.TimeLpMap,1,Euler.TimeLp,in-tranche
Euler.TimeLpMultiplier,1,Euler.TimeLpMap,in-tranche
Euler.TimeLpObservation,1,Euler.TimeLpMap,in-tranche
Euler.TimeLpPairing,1,Euler.TimeLp,in-tranche
Euler.TimeLpStrongContinuity,1,Euler.TimeLpBoundedMap,in-tranche
Euler.TimeLpStrongContinuity,2,Mathlib.MeasureTheory.Integral.DominatedConvergence,mathlib
Euler.TimeLpStrongOperators,1,Euler.TimeLpMap,in-tranche
Euler.TimeLpStrongOperators,2,Mathlib.MeasureTheory.Integral.DominatedConvergence,mathlib
Euler.TimeLpSubinterval,1,Euler.TimeLpPairing,in-tranche
Euler.TimeLpSubintervalBound,1,Euler.TimeLpSubinterval,in-tranche
Euler.TimeLpSubintervalBound,2,Euler.PDESubintervalEnergyLimit,in-tranche
Euler.TimePathApply,1,Euler.TimeLpMultiplier,in-tranche
Euler.TimePathApply,2,Euler.TimeLpLinearity,in-tranche
Euler.TimePathGluing,1,Euler.UniformHeatLocal,in-tranche
Euler.TimeSobolevTransport,1,Euler.AsymmetricTransport,in-tranche
Euler.TimeSobolevTransport,2,Euler.TimeLpMultiplier,in-tranche
Euler.TimeSobolevTransport,3,Euler.SobolevTimeRegularization,in-tranche
Euler.TimeWeakBoundary,1,Euler.TimeWeakDerivative,in-tranche
Euler.TimeWeakDerivative,1,Euler.TerminalTimePrimitive,in-tranche
Euler.TimeWeakDerivative,2,Mathlib.Analysis.InnerProductSpace.Calculus,mathlib
Euler.TopBlockCauchy,1,Euler.TopBlockTimeNorm,in-tranche
Euler.TopBlockCauchy,2,Euler.FiniteQuadraticCauchy,in-tranche
Euler.TopBlockTimeNorm,1,Euler.SobolevTopBlocks,in-tranche
Euler.TopBlockTimeNorm,2,Euler.TimeLp,in-tranche
Euler.TopBlockTimeNorm,3,Euler.QuadraticCauchy,in-tranche
Euler.TransportL2Bilinear,1,Euler.SobolevTransportCommutator,in-tranche
Euler.TransportL2Bilinear,2,Euler.SobolevMetricTransport,in-tranche
Euler.TransportL2Time,1,Euler.SobolevMetricTransport,in-tranche
Euler.TransportL2Time,2,Euler.TimeLpMultiplier,in-tranche
Euler.TransverseActivationSelection,1,Euler.TransverseEndpointVelocity,in-tranche
Euler.TransverseActivationSelection,2,Euler.TransverseActivationTrial,in-tranche
Euler.TransverseActivationTrial,1,Euler.MovingNormalProjection,in-tranche
Euler.TransverseActivationTrial,2,Euler.TerminalProjectionTrial,in-tranche
Euler.TransverseBoundedFrame,1,Euler.SmoothCoefficientPathMap,in-tranche
Euler.TransverseBoundedFrame,2,Euler.TransverseSourceCoefficientPath,in-tranche
Euler.TransverseBoundedGeometry,1,Euler.TransverseBoundedFrame,in-tranche
Euler.TransverseCoefficientGevrey,1,Euler.TransverseParameterRegularity,in-tranche
Euler.TransverseCoefficientGevrey,2,Euler.TimeLpCoefficientGevrey,in-tranche
Euler.TransverseCoordinateRegularity,1,Euler.TransverseGramPath,in-tranche
Euler.TransverseCoordinateRegularity,2,Euler.TransverseMomentumRegularity,in-tranche
Euler.TransverseEndpointBounds,1,Euler.CoerciveEndpointBounds,in-tranche
Euler.TransverseEndpointBounds,2,Euler.TransverseEndpointParameter,in-tranche
Euler.TransverseEndpointBounds,3,Euler.TimeLpCoefficientGevrey,in-tranche
Euler.TransverseEndpointCoordinates,1,Euler.TransverseInitialInverse,in-tranche
Euler.TransverseEndpointCoordinates,2,Euler.TransverseEndpointDifference,in-tranche
Euler.TransverseEndpointCoordinates,3,Euler.TransverseEndpointEquation,in-tranche
Euler.TransverseEndpointCoordinates,4,Euler.TimeH1Reconstruction,in-tranche
Euler.TransverseEndpointDifference,1,Euler.TransverseEndpointBounds,in-tranche
Euler.TransverseEndpointDifferentiation,1,Euler.TransverseEndpointVelocity,in-tranche
Euler.TransverseEndpointEnergy,1,Euler.InitialTimePrimitive,in-tranche
Euler.TransverseEndpointEnergy,2,Euler.DirichletEndpointReduction,in-tranche
Euler.TransverseEndpointEnergy,3,Euler.TransverseVariationalInverse,in-tranche
Euler.TransverseEndpointEquation,1,Euler.TransverseEndpointDifferentiation,in-tranche
Euler.TransverseEndpointEquation,2,Euler.TransverseEndpointUniqueness,in-tranche
Euler.TransverseEndpointEquation,3,Euler.TransverseForwardInverse,in-tranche
Euler.TransverseEndpointGreen,1,Euler.TransverseInitialCoordinates,in-tranche
Euler.TransverseEndpointGreen,2,Euler.TransverseEndpointMomentum,in-tranche
Euler.TransverseEndpointMomentum,1,Euler.TransverseEndpointEnergy,in-tranche
Euler.TransverseEndpointMomentum,2,Euler.TransverseMomentumRegularity,in-tranche
Euler.TransverseEndpointParameter,1,Euler.TransverseFixedEndpoint,in-tranche
Euler.TransverseEndpointParameter,2,Euler.TransverseParameterRegularity,in-tranche
Euler.TransverseEndpointUniqueness,1,Euler.TransverseEndpointEnergy,in-tranche
Euler.TransverseEndpointVelocity,1,Euler.TransverseEndpointGreen,in-tranche
Euler.TransverseEndpointVelocity,2,Euler.TransverseStrongAlgebra,in-tranche
Euler.TransverseFixedClassical,1,Euler.TransverseFixedEvolution,in-tranche
Euler.TransverseFixedClassical,2,Euler.ContinuousTimeIntegral,in-tranche
Euler.TransverseFixedEndpoint,1,Euler.InitialH1OperatorProduct,in-tranche
Euler.TransverseFixedEndpoint,2,Euler.TransverseEndpointUniqueness,in-tranche
Euler.TransverseFixedEndpoint,3,Euler.TransverseFixedSpaceInverse,in-tranche
Euler.TransverseFixedEvolution,1,Euler.TransverseFixedStrong,in-tranche
Euler.TransverseFixedEvolution,2,Euler.TimeLpGramInverse,in-tranche
Euler.TransverseFixedEvolution,3,Euler.TimeH1Reconstruction,in-tranche
Euler.TransverseFixedEvolution,4,Euler.ContinuousGramAcceleration,in-tranche
Euler.TransverseFixedEvolution,5,Euler.TimeH1ContinuousDerivative,in-tranche
Euler.TransverseFixedSobolev,1,Euler.TransverseGevreyInverse,in-tranche
Euler.TransverseFixedSobolev,2,Euler.FixedEvolutionRegularity,in-tranche
Euler.TransverseFixedSobolev,3,Euler.ParameterSobolevTensorInverse,in-tranche
Euler.TransverseFixedSobolev,4,Euler.ParameterSobolevProductGevrey,in-tranche
Euler.TransverseFixedSobolev,5,Euler.ParameterSobolevLinear,in-tranche
Euler.TransverseFixedSpaceInverse,1,Euler.TimeH1FrameTransport,in-tranche
Euler.TransverseFixedStrong,1,Euler.TransverseFixedSpaceInverse,in-tranche
Euler.TransverseFixedStrong,2,Euler.TransverseStrongEquation,in-tranche
Euler.TransverseForwardCoefficientGevrey,1,Euler.TransverseForwardRegularity,in-tranche
Euler.TransverseForwardCoefficientGevrey,2,Euler.ContinuousGramGevrey,in-tranche
Euler.TransverseForwardCoefficientGevrey,3,Euler.GevreyFixedShift,in-tranche
Euler.TransverseForwardInverse,1,Euler.LinearDuhamelOperator,in-tranche
Euler.TransverseForwardInverse,2,Euler.TransverseGramPath,in-tranche
Euler.TransverseForwardInverse,3,Euler.TransverseNormalResidual,in-tranche
Euler.TransverseForwardRegularity,1,Euler.TransverseForwardInverse,in-tranche
Euler.TransverseForwardRegularity,2,Euler.LinearDuhamelParameter,in-tranche
Euler.TransverseForwardRegularity,3,Euler.ContinuousGramPath,in-tranche
Euler.TransverseFrameCoordinates,1,Euler.TransverseVariationalOperator,in-tranche
Euler.TransverseGeneratorDifference,1,Euler.TransverseEndpointBounds,in-tranche
Euler.TransverseGeneratorDifference,2,Euler.TransverseForwardInverse,in-tranche
Euler.TransverseGeneratorDifference,3,Euler.TransverseStrongEstimates,in-tranche
Euler.TransverseGevreyInverse,1,Euler.TransverseCoefficientGevrey,in-tranche
Euler.TransverseGevreyInverse,2,Euler.HilbertCoerciveGevrey,in-tranche
Euler.TransverseGramInverse,1,Euler.TransverseVariationalOperator,in-tranche
Euler.TransverseGramPath,1,Euler.TransverseGramInverse,in-tranche
Euler.TransverseGramPath,2,Euler.TimeH1OperatorProduct,in-tranche
Euler.TransverseHighSolveFields,1,Euler.TransversePacketCorrectorOperator,in-tranche
Euler.TransverseHistoryBounds,1,Euler.TransverseEndpointCoordinates,in-tranche
Euler.TransverseHistoryBounds,2,Euler.TransverseGeneratorDifference,in-tranche
Euler.TransverseHistoryBounds,3,Euler.TimeH1GeneratorBounds,in-tranche
Euler.TransverseHistoryLipschitz,1,Euler.TransverseHistoryBounds,in-tranche
Euler.TransverseHistoryParentCost,1,Euler.TransverseHistoryPolynomialCost,in-tranche
Euler.TransverseHistoryPolynomialCost,1,Euler.TransverseHistoryLipschitz,in-tranche
Euler.TransverseHistoryPolynomialCost,2,Euler.PacketParentMeanCoercivity,in-tranche
Euler.TransverseInitialCoordinates,1,Euler.InitialTimePrimitive,in-tranche
Euler.TransverseInitialCoordinates,2,Euler.TransverseGramPath,in-tranche
Euler.TransverseInitialCoordinates,3,Euler.TimeH1FieldProduct,in-tranche
Euler.TransverseInitialInverse,1,Euler.TransverseEndpointBounds,in-tranche
Euler.TransverseInitialInverse,2,Euler.TransverseInitialCoordinates,in-tranche
Euler.TransverseInitialInverse,3,Euler.TransverseStrongEstimates,in-tranche
Euler.TransverseMomentumRegularity,1,Euler.TransverseVariationalInverse,in-tranche
Euler.TransverseMomentumRegularity,2,Euler.TransverseGramInverse,in-tranche
Euler.TransverseMomentumRegularity,3,Euler.TimeWeakDerivative,in-tranche
Euler.TransverseMomentumRegularity,4,Euler.TimeH1OperatorProduct,in-tranche
Euler.TransverseNormalResidual,1,Euler.TransverseStrongAlgebra,in-tranche
Euler.TransversePacketAmplitude,1,Euler.TransversePacketHomogeneity,in-tranche
Euler.TransversePacketAmplitude,2,Euler.ParameterSobolevScaling,in-tranche
Euler.TransversePacketAmplitude,3,Euler.ElapsedTimePathWeight,in-tranche
Euler.TransversePacketBudget,1,Euler.TransversePacketForwardBounds,in-tranche
Euler.TransversePacketBudget,2,Euler.TransversePacketLocalHistory,in-tranche
Euler.TransversePacketCoefficientBounds,1,Euler.TransversePacketCorrector,in-tranche
Euler.TransversePacketCoefficientBounds,2,Euler.MeanCoefficientPathJets,in-tranche
Euler.TransversePacketCorrector,1,Euler.TransversePacketTimeData,in-tranche
Euler.TransversePacketCorrector,2,Euler.TransversePacketProvider,in-tranche
Euler.TransversePacketCorrector,3,Euler.CylinderSlowCurlTime,in-tranche
Euler.TransversePacketCorrector,4,Euler.CylinderPotentialTime,in-tranche
Euler.TransversePacketCorrectorBounds,1,Euler.TransversePacketCorrector,in-tranche
Euler.TransversePacketCorrectorBounds,2,Euler.CylinderSlowCurlWeight,in-tranche
Euler.TransversePacketCorrectorBounds,3,Euler.CylinderPotentialTimeWeight,in-tranche
Euler.TransversePacketCorrectorMean,1,Euler.TransversePacketCorrector,in-tranche
Euler.TransversePacketCorrectorMean,2,Euler.CylinderCorrectorMeanZero,in-tranche
Euler.TransversePacketCorrectorNoOptions,1,Euler.TransversePacketCorrector,in-tranche
Euler.TransversePacketCorrectorOperator,1,Euler.TransversePacketCylinderFields,in-tranche
Euler.TransversePacketCorrectorOperator,2,Euler.TransversePacketCorrectorMean,in-tranche
Euler.TransversePacketCorrectorParity,1,Euler.TransversePacketCorrectorOperator,in-tranche
Euler.TransversePacketCorrectorParity,2,Euler.PacketPotentialParity,in-tranche
Euler.TransversePacketCorrectorSupport,1,Euler.TransversePacketCorrector,in-tranche
Euler.TransversePacketCorrectorSupport,2,Euler.CylinderLocalSupport,in-tranche
Euler.TransversePacketCylinderFields,1,Euler.TransversePacketCorrectorSupport,in-tranche
Euler.TransversePacketCylinderFields,2,Euler.PacketCylinderField,in-tranche
Euler.TransversePacketData,1,Euler.TransverseBoundedGeometry,in-tranche
Euler.TransversePacketEndpoint,1,Euler.TransversePacketHistory,in-tranche
Euler.TransversePacketEndpoint,2,Euler.CylinderEndpointEquation,in-tranche
Euler.TransversePacketEndpoint,3,Euler.CylinderEndpointRegularity,in-tranche
Euler.TransversePacketEndpoint,4,Euler.CylinderEndpointSupport,in-tranche
Euler.TransversePacketEndpointPointwise,1,Euler.CylinderEndpointPointwise,in-tranche
Euler.TransversePacketEndpointPointwise,2,Euler.TransversePacketEndpoint,in-tranche
Euler.TransversePacketEndpointPointwise,3,Euler.PacketTerminalInitialData,in-tranche
Euler.TransversePacketForcing,1,Euler.TransversePacketData,in-tranche
Euler.TransversePacketForcing,2,Euler.SourceCylinderPressureRegularity,in-tranche
Euler.TransversePacketForcing,3,Euler.PacketProfileRecursion,in-tranche
Euler.TransversePacketForwardBounds,1,Euler.TransversePacketHistoryBounds,in-tranche
Euler.TransversePacketForwardBounds,2,Euler.ElapsedTimePathWeight,in-tranche
Euler.TransversePacketForwardBounds,3,Euler.SourceCylinderDerivativeBounds,in-tranche
Euler.TransversePacketForwardBudget,1,Euler.TransversePacketForwardBounds,in-tranche
Euler.TransversePacketForwardBudget,2,Euler.TransversePacketCorrector,in-tranche
Euler.TransversePacketForwardFullBounds,1,Euler.TransversePacketForwardNorms,in-tranche
Euler.TransversePacketForwardFullBounds,2,Euler.TransversePacketNormalBudget,in-tranche
Euler.TransversePacketForwardFullBounds,3,Euler.TransversePacketCorrectorBounds,in-tranche
Euler.TransversePacketForwardFullBounds,4,Euler.TransversePacketPressureGradientBounds,in-tranche
Euler.TransversePacketForwardGradeBounds,1,Euler.TransversePacketForwardFullBounds,in-tranche
Euler.TransversePacketForwardGradeBounds,2,Euler.PacketJoinedGradeBounds,in-tranche
Euler.TransversePacketForwardNorms,1,Euler.TransversePacketForwardBudget,in-tranche
Euler.TransversePacketForwardNorms,2,Euler.TransversePacketPairAmplitude,in-tranche
Euler.TransversePacketHistory,1,Euler.TransversePacketHistoryData,in-tranche
Euler.TransversePacketHistory,2,Euler.TransversePacketForcing,in-tranche
Euler.TransversePacketHistory,3,Euler.CylinderDirichletEquation,in-tranche
Euler.TransversePacketHistory,4,Euler.CylinderDirichletRegularity,in-tranche
Euler.TransversePacketHistory,5,Euler.CylinderDirichletSupport,in-tranche
Euler.TransversePacketHistory,6,Euler.CylinderDirichletParity,in-tranche
Euler.TransversePacketHistory,7,Euler.SourceNormalResidualBounds,in-tranche
Euler.TransversePacketHistoryBounds,1,Euler.TransversePacketIntervalForcing,in-tranche
Euler.TransversePacketHistoryBounds,2,Euler.CylinderDirichletPhysicalBounds,in-tranche
Euler.TransversePacketHistoryBounds,3,Euler.MeanCoefficientPathJets,in-tranche
Euler.TransversePacketHistoryData,1,Euler.TransversePacketData,in-tranche
Euler.TransversePacketHistoryData,2,Euler.CylinderDirichletData,in-tranche
Euler.TransversePacketHistoryData,3,Euler.BoundedFieldCalculus,in-tranche
Euler.TransversePacketHistoryParity,1,Euler.TransversePacketHistoryPressure,in-tranche
Euler.TransversePacketHistoryParity,2,Euler.TransversePacketPressureParity,in-tranche
Euler.TransversePacketHistoryPressure,1,Euler.TransversePacketHistory,in-tranche
Euler.TransversePacketHistoryPressure,2,Euler.CylinderScalarAverage,in-tranche
Euler.TransversePacketHistoryPressure,3,Euler.CylinderScalarTime,in-tranche
Euler.TransversePacketHomogeneity,1,Euler.TransverseSolutionHomogeneity,in-tranche
Euler.TransversePacketHomogeneity,2,Euler.TransversePacketJoinedPaths,in-tranche
Euler.TransversePacketHomogeneity,3,Euler.PacketCylinderFieldAlgebra,in-tranche
Euler.TransversePacketInitial,1,Euler.TransversePacketProvider,in-tranche
Euler.TransversePacketInitialRepresentative,1,Euler.TransversePacketInitial,in-tranche
Euler.TransversePacketInitialRepresentative,2,Euler.TransversePacketCylinderFields,in-tranche
Euler.TransversePacketIntervalData,1,Euler.TransversePacketHistoryData,in-tranche
Euler.TransversePacketIntervalData,2,Euler.SmoothCoefficientTimeRestriction,in-tranche
Euler.TransversePacketIntervalForcing,1,Euler.TransversePacketIntervalData,in-tranche
Euler.TransversePacketIntervalForcing,2,Euler.TransversePacketHistory,in-tranche
Euler.TransversePacketIntervalForcing,3,Euler.CylinderTimePrecomposition,in-tranche
Euler.TransversePacketJets,1,Euler.TransversePacketProvider,in-tranche
Euler.TransversePacketJoinedBounds,1,Euler.TransversePacketJoinedUnitBounds,in-tranche
Euler.TransversePacketJoinedBounds,2,Euler.TransversePacketAmplitude,in-tranche
Euler.TransversePacketJoinedCorrector,1,Euler.TransversePacketJoinedSupport,in-tranche
Euler.TransversePacketJoinedCorrector,2,Euler.TransversePacketCorrectorOperator,in-tranche
Euler.TransversePacketJoinedCorrectorBounds,1,Euler.TransversePacketJoinedCorrector,in-tranche
Euler.TransversePacketJoinedCorrectorBounds,2,Euler.CylinderSlowCurlWeight,in-tranche
Euler.TransversePacketJoinedCorrectorBounds,3,Euler.CylinderPotentialTimeWeight,in-tranche
Euler.TransversePacketJoinedCorrectorSupport,1,Euler.TransversePacketJoinedCorrector,in-tranche
Euler.TransversePacketJoinedCorrectorSupport,2,Euler.CylinderLocalSupport,in-tranche
Euler.TransversePacketJoinedCorrectorSupport,3,Euler.CylinderCorrectorMeanZero,in-tranche
Euler.TransversePacketJoinedEquation,1,Euler.TransversePacketJoinedField,in-tranche
Euler.TransversePacketJoinedEquation,2,Euler.TransversePacketJets,in-tranche
Euler.TransversePacketJoinedField,1,Euler.TransversePacketJoinedPaths,in-tranche
Euler.TransversePacketJoinedField,2,Euler.CylinderSliceRepresentatives,in-tranche
Euler.TransversePacketJoinedField,3,Euler.TransversePacketPressureGradient,in-tranche
Euler.TransversePacketJoinedFullBounds,1,Euler.TransversePacketJoinedBounds,in-tranche
Euler.TransversePacketJoinedFullBounds,2,Euler.TransversePacketJoinedPressure,in-tranche
Euler.TransversePacketJoinedFullBounds,3,Euler.TransversePacketJoinedCorrectorBounds,in-tranche
Euler.TransversePacketJoinedFullBounds,4,Euler.TransversePacketNormalBudget,in-tranche
Euler.TransversePacketJoinedParity,1,Euler.TransversePacketHistoryParity,in-tranche
Euler.TransversePacketJoinedParity,2,Euler.TransversePacketJoinedCorrectorSupport,in-tranche
Euler.TransversePacketJoinedParity,3,Euler.PacketCylinderTimeParity,in-tranche
Euler.TransversePacketJoinedPaths,1,Euler.TransversePacketTraceMatching,in-tranche
Euler.TransversePacketJoinedPaths,2,Euler.ElapsedTimePathNaturality,in-tranche
Euler.TransversePacketJoinedPaths,3,Euler.TransversePacketCylinderFields,in-tranche
Euler.TransversePacketJoinedPressure,1,Euler.TransversePacketJoinedField,in-tranche
Euler.TransversePacketJoinedPressure,2,Euler.SourceCylinderPressureWeight,in-tranche
Euler.TransversePacketJoinedPressure,3,Euler.PacketCylinderScalarGradientWeight,in-tranche
Euler.TransversePacketJoinedPressure,4,Euler.ElapsedTimePathWeight,in-tranche
Euler.TransversePacketJoinedProvider,1,Euler.TransversePacketJoinedParity,in-tranche
Euler.TransversePacketJoinedProvider,2,Euler.TransversePacketJoinedEquation,in-tranche
Euler.TransversePacketJoinedProvider,3,Euler.TransversePacketJoinedPressure,in-tranche
Euler.TransversePacketJoinedProvider,4,Euler.TransversePacketHomogeneity,in-tranche
Euler.TransversePacketJoinedProvider,5,Euler.PacketCylinderFieldUnique,in-tranche
Euler.TransversePacketJoinedSupport,1,Euler.TransversePacketJoinedField,in-tranche
Euler.TransversePacketJoinedSupport,2,Euler.TransversePacketRegularity,in-tranche
Euler.TransversePacketJoinedUnitBounds,1,Euler.TransversePacketBudget,in-tranche
Euler.TransversePacketJoinedUnitBounds,2,Euler.TransversePacketJoinedPaths,in-tranche
Euler.TransversePacketLocalHistory,1,Euler.TransversePacketIntervalForcing,in-tranche
Euler.TransversePacketMatching,1,Euler.TransversePacketLocalHistory,in-tranche
Euler.TransversePacketMatching,2,Euler.TransversePacketHistoryPressure,in-tranche
Euler.TransversePacketMatching,3,Euler.TransversePacketProvider,in-tranche
Euler.TransversePacketNormalBudget,1,Euler.TransversePacketBudget,in-tranche
Euler.TransversePacketNormalBudget,2,Euler.TransversePacketCoefficientBounds,in-tranche
Euler.TransversePacketPairAmplitude,1,Euler.TransversePacketAmplitude,in-tranche
Euler.TransversePacketPairAmplitude,2,Euler.TransversePacketPrimaryHomogeneity,in-tranche
Euler.TransversePacketParity,1,Euler.SourceCylinderParity,in-tranche
Euler.TransversePacketParity,2,Euler.PacketCylinderParity,in-tranche
Euler.TransversePacketParity,3,Euler.TransversePacketCorrectorParity,in-tranche
Euler.TransversePacketPiolaData,1,Euler.TransversePacketCorrectorOperator,in-tranche
Euler.TransversePacketPiolaData,2,Euler.PacketConstructedPiola,in-tranche
Euler.TransversePacketPressureGradient,1,Euler.PacketCylinderScalarGradient,in-tranche
Euler.TransversePacketPressureGradient,2,Euler.TransversePacketProvider,in-tranche
Euler.TransversePacketPressureGradientBounds,1,Euler.TransversePacketPressureGradient,in-tranche
Euler.TransversePacketPressureGradientBounds,2,Euler.PacketCylinderScalarGradientWeight,in-tranche
Euler.TransversePacketPressureGradientBounds,3,Euler.SourceCylinderPressureWeight,in-tranche
Euler.TransversePacketPressureGradientProperties,1,Euler.TransversePacketPressureGradient,in-tranche
Euler.TransversePacketPressureGradientProperties,2,Euler.TransversePacketPressureParity,in-tranche
Euler.TransversePacketPressureGradientProperties,3,Euler.PacketCylinderPressureLocality,in-tranche
Euler.TransversePacketPressureGradientProperties,4,Euler.PacketCylinderFieldSupport,in-tranche
Euler.TransversePacketPressureParity,1,Euler.TransversePacketParity,in-tranche
Euler.TransversePacketPressureParity,2,Euler.CylinderScalarParity,in-tranche
Euler.TransversePacketPrimaryBounds,1,Euler.TransversePacketPrimaryUnitBounds,in-tranche
Euler.TransversePacketPrimaryBounds,2,Euler.PacketInitialAmplitude,in-tranche
Euler.TransversePacketPrimaryBudget,1,Euler.TransversePacketBudget,in-tranche
Euler.TransversePacketPrimaryBudget,2,Euler.CylinderEndpointBounds,in-tranche
Euler.TransversePacketPrimaryCorrector,1,Euler.TransversePacketPrimaryField,in-tranche
Euler.TransversePacketPrimaryCorrector,2,Euler.CylinderLocalSupport,in-tranche
Euler.TransversePacketPrimaryCorrector,3,Euler.CylinderCorrectorMeanZero,in-tranche
Euler.TransversePacketPrimaryCorrector,4,Euler.TransversePacketCorrectorOperator,in-tranche
Euler.TransversePacketPrimaryCorrector,5,Euler.TransversePacketCorrectorParity,in-tranche
Euler.TransversePacketPrimaryEquation,1,Euler.TransversePacketPrimaryPaths,in-tranche
Euler.TransversePacketPrimaryField,1,Euler.TransversePacketPrimaryEquation,in-tranche
Euler.TransversePacketPrimaryField,2,Euler.TransversePacketPrimaryParity,in-tranche
Euler.TransversePacketPrimaryField,3,Euler.PacketCylinderScalarGradient,in-tranche
Euler.TransversePacketPrimaryField,4,Euler.PacketCylinderFieldSupport,in-tranche
Euler.TransversePacketPrimaryField,5,Euler.PacketCylinderTimeParity,in-tranche
Euler.TransversePacketPrimaryFullBounds,1,Euler.TransversePacketPrimaryCorrector,in-tranche
Euler.TransversePacketPrimaryFullBounds,2,Euler.TransversePacketPrimaryBounds,in-tranche
Euler.TransversePacketPrimaryFullBounds,3,Euler.TransversePacketNormalBudget,in-tranche
Euler.TransversePacketPrimaryFullBounds,4,Euler.SourceCylinderPressureWeight,in-tranche
Euler.TransversePacketPrimaryFullBounds,5,Euler.PacketCylinderScalarGradientWeight,in-tranche
Euler.TransversePacketPrimaryFullBounds,6,Euler.CylinderSlowCurlWeight,in-tranche
Euler.TransversePacketPrimaryFullBounds,7,Euler.CylinderPotentialTimeWeight,in-tranche
Euler.TransversePacketPrimaryHistory,1,Euler.TransversePacketEndpointPointwise,in-tranche
Euler.TransversePacketPrimaryHistory,2,Euler.TransversePacketPrimaryField,in-tranche
Euler.TransversePacketPrimaryHistory,3,Euler.CylinderSliceRepresentatives,in-tranche
Euler.TransversePacketPrimaryHomogeneity,1,Euler.TransversePacketPrimaryPaths,in-tranche
Euler.TransversePacketPrimaryHomogeneity,2,Euler.TransversePacketHomogeneity,in-tranche
Euler.TransversePacketPrimaryMatching,1,Euler.TransversePacketEndpoint,in-tranche
Euler.TransversePacketPrimaryMatching,2,Euler.TransversePacketTraceMatching,in-tranche
Euler.TransversePacketPrimaryMatching,3,Euler.TransversePacketInitial,in-tranche
Euler.TransversePacketPrimaryMatching,4,Euler.TransversePacketCylinderFields,in-tranche
Euler.TransversePacketPrimaryParity,1,Euler.TransversePacketPrimaryPaths,in-tranche
Euler.TransversePacketPrimaryParity,2,Euler.CylinderEndpointParity,in-tranche
Euler.TransversePacketPrimaryParity,3,Euler.TransversePacketParity,in-tranche
Euler.TransversePacketPrimaryPaths,1,Euler.TransversePacketPrimaryMatching,in-tranche
Euler.TransversePacketPrimaryPaths,2,Euler.TransversePacketJoinedSupport,in-tranche
Euler.TransversePacketPrimaryPaths,3,Euler.SourceNormalResidualBounds,in-tranche
Euler.TransversePacketPrimaryPressure,1,Euler.TransversePacketPrimaryField,in-tranche
Euler.TransversePacketPrimaryPressure,2,Euler.CylinderScalarAverage,in-tranche
Euler.TransversePacketPrimaryPressure,3,Euler.CylinderScalarParity,in-tranche
Euler.TransversePacketPrimaryPressure,4,Euler.PacketCylinderPressureLocality,in-tranche
Euler.TransversePacketPrimaryPressure,5,Euler.TransversePacketJets,in-tranche
Euler.TransversePacketPrimaryRadius,1,Euler.TransversePacketPrimaryBudget,in-tranche
Euler.TransversePacketPrimaryRadius,2,Euler.PacketCommonRadius,in-tranche
Euler.TransversePacketPrimaryUnitBounds,1,Euler.TransversePacketPrimaryBudget,in-tranche
Euler.TransversePacketPrimaryUnitBounds,2,Euler.TransversePacketPrimaryPaths,in-tranche
Euler.TransversePacketProvider,1,Euler.TransversePacketForcing,in-tranche
Euler.TransversePacketProvider,2,Euler.CylinderAngleAverageTime,in-tranche
Euler.TransversePacketRegularity,1,Euler.TransversePacketProvider,in-tranche
Euler.TransversePacketTimeData,1,Euler.TransversePacketData,in-tranche
Euler.TransversePacketTimeData,2,Euler.DeformationTimeInverse,in-tranche
Euler.TransversePacketTimeData,3,Euler.SourcePotentialTimePath,in-tranche
Euler.TransversePacketTraceMatching,1,Euler.TransversePacketMatching,in-tranche
Euler.TransverseParameterRegularity,1,Euler.TransverseFixedSpaceInverse,in-tranche
Euler.TransverseParameterRegularity,2,Euler.TimeLpCoefficientMap,in-tranche
Euler.TransverseParameterRegularity,3,Euler.HilbertCoerciveParameter,in-tranche
Euler.TransverseParameterRegularity,4,Euler.TransverseGramInverse,in-tranche
Euler.TransverseSolutionHomogeneity,1,Euler.CylinderDirichletData,in-tranche
Euler.TransverseSolutionHomogeneity,2,Euler.SourceCylinderEquation,in-tranche
Euler.TransverseSolutionHomogeneity,3,Euler.LinearDuhamelOperator,in-tranche
Euler.TransverseSourceCoefficientPath,1,Euler.MeanCoefficientPathJets,in-tranche
Euler.TransverseSourceCoefficientPath,2,Euler.TransverseSourceFrame,in-tranche
Euler.TransverseSourceCoefficientPath,3,Euler.OperatorGevreyCalculus,in-tranche
Euler.TransverseSourceFrame,1,Euler.TransverseStrongEquation,in-tranche
Euler.TransverseStrongAlgebra,1,Euler.TransverseGramPath,in-tranche
Euler.TransverseStrongEquation,1,Euler.TransverseCoordinateRegularity,in-tranche
Euler.TransverseStrongEquation,2,Euler.TransverseStrongAlgebra,in-tranche
Euler.TransverseStrongEquation,3,Euler.TimeH1FieldProduct,in-tranche
Euler.TransverseStrongEstimates,1,Euler.TransverseStrongEquation,in-tranche
Euler.TransverseVariationalInverse,1,Euler.TerminalTimePrimitive,in-tranche
Euler.TransverseVariationalInverse,2,Euler.TransverseVariationalOperator,in-tranche
Euler.TransverseVariationalInverse,3,Euler.TransverseFrameCoordinates,in-tranche
Euler.TransverseVariationalOperator,1,Euler.EulerProof,in-tranche
Euler.TransverseVariationalOperator,2,Mathlib.Analysis.InnerProductSpace.Adjoint,mathlib
Euler.TransverseVariationalOperator,3,Euler.TimeLpMultiplier,in-tranche
Euler.TruncatedBackwardFlow,1,Euler.SmoothFlowVolume,in-tranche
Euler.TruncatedBackwardFlow,2,Euler.SmoothTimeFieldRestriction,in-tranche
Euler.TruncatedBackwardFlow,3,Euler.SmoothTimeFieldLinear,in-tranche
Euler.TruncatedBackwardFlow,4,Mathlib.MeasureTheory.Function.LpSeminorm.Basic,mathlib
Euler.TruncationFamily,1,Euler.SmoothTimeField,in-tranche
Euler.TruncationFamily,2,Mathlib.MeasureTheory.Function.LpSpace.Basic,mathlib
Euler.TruncationFamily,3,Mathlib.MeasureTheory.Integral.Bochner.Basic,mathlib
Euler.TruncationFamilySmooth,1,Euler.FiniteEnergyTruncation,in-tranche
Euler.TruncationFamilySmooth,2,Mathlib.Analysis.SpecialFunctions.Pow.Real,mathlib
Euler.UniformHeatLocal,1,Euler.QuadraticHeatLocal,in-tranche
Euler.UnshiftedPressure,1,Euler.H6PressureConstants,in-tranche
Euler.UnshiftedProducts,1,Euler.UnshiftedPressure,in-tranche
Euler.UnshiftedProducts,2,Euler.LowerTransportSource,in-tranche
Euler.ViscosityCauchy,1,Euler.CorrectionViscosityStability,in-tranche
Euler.ViscosityDefect,1,Euler.SobolevHeatGenerator,in-tranche
Euler.ViscosityDefect,2,Mathlib.Analysis.SpecificLimits.Basic,mathlib
Euler.ViscousCorrectionFamily,1,Euler.GlobalGevreyCorrection,in-tranche
Euler.ViscousCorrectionFamily,2,Euler.ViscosityDefect,in-tranche
Euler.ViscousPathDerivative,1,Euler.ViscosityDefect,in-tranche
Euler.ViscousPathDerivative,2,Euler.ViscosityCauchy,in-tranche
Euler.ViscousSourcePathLimit,1,Euler.QuadraticSourceLimit,in-tranche
Euler.ViscousSourcePathLimit,2,Euler.SobolevPathLimits,in-tranche
Euler.ViscousSourcePathLimit,3,Euler.ViscosityDefect,in-tranche
Euler.VolterraConvolution,1,Euler.CylinderSobolevSpace,in-tranche
Euler.VolterraConvolution,2,Mathlib.MeasureTheory.Integral.DominatedConvergence,mathlib
Euler.VolterraConvolution,3,Mathlib.Topology.Order.ProjIcc,mathlib
Euler.VolterraConvolution,4,Mathlib.Topology.ContinuousMap.Compact,mathlib
Euler.VolterraFixedPoint,1,Euler.VolterraConvolution,in-tranche
Euler.VolterraFixedPoint,2,Mathlib.Topology.MetricSpace.Contracting,mathlib
Euler.VolterraUniqueness,1,Euler.VolterraFixedPoint,in-tranche
Euler.VolterraUniqueness,2,Euler.SobolevHeatKernel,in-tranche
Euler.VolumeSobolevComposition,1,Euler.FlowL2Transport,in-tranche
Euler.VolumeSobolevComposition,2,Mathlib.Analysis.Calculus.ContDiff.Bounds,mathlib
Euler.VolumeSobolevPath,1,Euler.VolumeSobolevComposition,in-tranche
Euler.VolumeSobolevPath,2,Euler.LpPointwiseMultiplier,in-tranche
Euler.VorticityTransport,1,Mathlib.Analysis.InnerProductSpace.Calculus,mathlib
Euler.VorticityTransport,2,Mathlib.Analysis.SpecialFunctions.ExpDeriv,mathlib
Euler.VorticityTransport,3,Mathlib.Analysis.Calculus.Deriv.MeanValue,mathlib
Euler.VorticityTransport,4,Mathlib.Analysis.Calculus.Deriv.Prod,mathlib
Euler.VorticityTransport,5,Mathlib.Analysis.Normed.Group.Bounded,mathlib
Euler.VorticityTransport,6,Mathlib.Topology.Algebra.Support,mathlib
Euler.WeakHilbertODE,1,Mathlib.Analysis.Calculus.MeanValue,mathlib
Euler.WeakHilbertODE,2,Mathlib.Analysis.InnerProductSpace.Continuous,mathlib
Euler.WeakHilbertODE,3,Mathlib.MeasureTheory.Integral.IntervalIntegral.FundThmCalculus,mathlib
Euler.WeakHilbertODE,4,Mathlib.Tactic,mathlib
Euler.WeakTimeContinuity,1,Euler.ClassicalBridge,in-tranche
Euler.WeakTimeContinuity,2,Mathlib.Analysis.Calculus.ContDiff.Basic,mathlib
Euler.WeakTimeContinuity,3,Mathlib.MeasureTheory.Integral.Bochner.Set,mathlib
Euler.WeakTimeContinuity,4,Mathlib.Analysis.InnerProductSpace.Continuous,mathlib
Euler.WeakTimeContinuity,5,Mathlib.MeasureTheory.Function.L2Space,mathlib
Euler.WeakTimeContinuity,6,Mathlib.MeasureTheory.Function.ContinuousMapDense,mathlib
Euler.WeakTimeContinuity,7,Mathlib.Tactic,mathlib
Euler.WeightedCylinderEnergy,1,Euler.WeightedRootLimit,in-tranche
Euler.WeightedForcingAlgebra,1,Euler.WeightedCylinderEnergy,in-tranche
Euler.WeightedForcingTime,1,Euler.FamilyNormTime,in-tranche
Euler.WeightedForcingTime,2,Euler.TimeLpMultiplier,in-tranche
Euler.WeightedForcingTime,3,Euler.MetricPathConvergence,in-tranche
Euler.WeightedRootLimit,1,Euler.MetricRootLimit,in-tranche
Euler.WeightedSobolevEnergy,1,Euler.SobolevViscousEnergy,in-tranche
Euler.WeightedSobolevEnergy,2,Euler.WeightedCylinderEnergy,in-tranche
Euler.WeightedSobolevMajorant,1,Euler.WeightedSobolevEnergy,in-tranche
Euler.WholeSpaceGaussian,1,Euler.LpSmoothField,in-tranche
Euler.WholeSpaceGaussian,2,Euler.LpParameterIntegral,in-tranche
Euler.WholeSpaceGaussian,3,Mathlib.Analysis.SpecialFunctions.Gaussian.FourierTransform,mathlib
Euler.WholeSpaceGaussian,4,Mathlib.MeasureTheory.Function.LpSeminorm.LpNorm,mathlib
Euler.WholeSpaceGaussianElliptic,1,Euler.WholeSpaceGaussianHigh,in-tranche
Euler.WholeSpaceGaussianElliptic,2,Euler.MeanVectorIdentities,in-tranche
Euler.WholeSpaceGaussianEvolution,1,Euler.WholeSpaceGaussianTimeKernel,in-tranche
Euler.WholeSpaceGaussianEvolution,2,Euler.WholeSpaceGaussianIntegration,in-tranche
Euler.WholeSpaceGaussianEvolution,3,Euler.WholeSpaceGaussianScale,in-tranche
Euler.WholeSpaceGaussianFields,1,Euler.WholeSpaceGaussianEvolution,in-tranche
Euler.WholeSpaceGaussianFields,2,Euler.WholeSpaceGaussianLow,in-tranche
Euler.WholeSpaceGaussianFields,3,Euler.MeanSobolevBoundedField,in-tranche
Euler.WholeSpaceGaussianFields,4,Euler.OrdinaryH3Norms,in-tranche
Euler.WholeSpaceGaussianFields,5,Euler.MeanHarmonicDerivatives,in-tranche
Euler.WholeSpaceGaussianHigh,1,Euler.WholeSpaceGaussianFields,in-tranche
Euler.WholeSpaceGaussianHigh,2,Mathlib.MeasureTheory.Integral.IntervalIntegral.DistLEIntegral,mathlib
Euler.WholeSpaceGaussianHigh,3,Mathlib.Analysis.SpecialFunctions.Integrals.Basic,mathlib
Euler.WholeSpaceGaussianIntegration,1,Euler.WholeSpaceGaussianKernel,in-tranche
Euler.WholeSpaceGaussianIntegration,2,Mathlib.Analysis.Calculus.LineDeriv.IntegrationByParts,mathlib
Euler.WholeSpaceGaussianIntegration,3,Mathlib.Analysis.Calculus.ParametricIntegral,mathlib
Euler.WholeSpaceGaussianKernel,1,Euler.WholeSpaceGaussian,in-tranche
Euler.WholeSpaceGaussianKernel,2,Mathlib.MeasureTheory.Integral.IntegralEqImproper,mathlib
Euler.WholeSpaceGaussianLow,1,Euler.WholeSpaceGaussianIntegration,in-tranche
Euler.WholeSpaceGaussianScale,1,Euler.WholeSpaceGaussianKernel,in-tranche
Euler.WholeSpaceGaussianScale,2,Mathlib.MeasureTheory.Measure.Haar.NormedSpace,mathlib
Euler.WholeSpaceGaussianTimeKernel,1,Euler.WholeSpaceGaussianKernel,in-tranche
Euler.WholeSpaceGaussianTimeKernel,2,Mathlib.Analysis.SpecialFunctions.Pow.Deriv,mathlib
Euler.WholeSpaceLogarithmic,1,Euler.WholeSpaceGaussianElliptic,in-tranche
Euler.WholeSpaceLogarithmic,2,Euler.LogarithmicCutoffOptimization,in-tranche
Euler.WindowSource,1,Euler.GainedMildPasting,in-tranche
NavierStokes,1,NavierStokes.ComparatorSolution,in-tranche
NavierStokes,2,NavierStokes.PaperResults,in-tranche
NavierStokes.ActivationBounds,1,NavierStokes.StressActivation,in-tranche
NavierStokes.ActivationCone,1,NavierStokes.ConeAlgebra,in-tranche
NavierStokes.ActivationCone,2,NavierStokes.StressActivation,in-tranche
NavierStokes.ActivationCone,3,NavierStokes.UniformCone,in-tranche
NavierStokes.ActivationCone,4,NavierStokes.NaturalEntrance,in-tranche
NavierStokes.ActivationCone,5,NavierStokes.ActivationBounds,in-tranche
NavierStokes.ActivationCone,6,NavierStokes.ActivationStocks,in-tranche
NavierStokes.ActivationCone,7,Mathlib.Tactic.GCongr,mathlib
NavierStokes.ActivationCone,8,Mathlib.Topology.UniformSpace.HeineCantor,mathlib
NavierStokes.ActivationContinuation,1,NavierStokes.ReferenceBounds,in-tranche
NavierStokes.ActivationContinuation,2,NavierStokes.ActivationCone,in-tranche
NavierStokes.ActivationContinuation,3,NavierStokes.TransitionRamp,in-tranche
NavierStokes.ActivationContinuation,4,Mathlib.Analysis.Calculus.Deriv.MeanValue,mathlib
NavierStokes.ActivationHolomorphic,1,NavierStokes.AxisHolomorphicJoint,in-tranche
NavierStokes.ActivationHolomorphic,2,NavierStokes.HolomorphicFamily,in-tranche
NavierStokes.ActivationHolomorphic,3,NavierStokes.ReferenceJetBounds,in-tranche
NavierStokes.ActivationHolomorphic,4,NavierStokes.StressActivation,in-tranche
NavierStokes.ActivationHolomorphic,5,Mathlib.Analysis.SpecialFunctions.Complex.LogDeriv,mathlib
NavierStokes.ActivationHolomorphic,6,Mathlib.Analysis.Complex.LocallyUniformLimit,mathlib
NavierStokes.ActivationHolomorphic,7,Mathlib.Algebra.Group.EvenFunction,mathlib
NavierStokes.ActivationStocks,1,NavierStokes.ActivationBounds,in-tranche
NavierStokes.ActivationStocks,2,NavierStokes.NaturalEntrance,in-tranche
NavierStokes.ActiveAnnulusWeight,1,NavierStokes.ActivationCone,in-tranche
NavierStokes.ActiveAnnulusWeight,2,NavierStokes.FlatCutoff,in-tranche
NavierStokes.ActiveAnnulusWeight,3,NavierStokes.UniformCone,in-tranche
NavierStokes.ActiveAnnulusWeight,4,NavierStokes.EdgeWeightJets,in-tranche
NavierStokes.ActiveAnnulusWeight,5,NavierStokes.TerminalEdgeFactor,in-tranche
NavierStokes.ActiveAnnulusWeight,6,Mathlib.Analysis.Calculus.IteratedDeriv.Lemmas,mathlib
NavierStokes.ActiveAnnulusWeight,7,Mathlib.Topology.Separation.Hausdorff,mathlib
NavierStokes.ActualBasePressureBounds,1,NavierStokes.ActualBaseVelocityBounds,in-tranche
NavierStokes.ActualBasePressureBounds,2,NavierStokes.WholeDomainHeatBounds,in-tranche
NavierStokes.ActualBaseResidual,1,NavierStokes.CommonBaseContext,in-tranche
NavierStokes.ActualBaseResidual,2,NavierStokes.CopyAngularInvariance,in-tranche
NavierStokes.ActualBaseResidual,3,NavierStokes.GaugeStateCoherence,in-tranche
NavierStokes.ActualBaseVelocityBounds,1,NavierStokes.AllBandBaseJets,in-tranche
NavierStokes.ActualBaseVelocityBounds,2,NavierStokes.AnnularEndpoint,in-tranche
NavierStokes.ActualBaseVelocityBounds,3,NavierStokes.PhysicalClassBounds,in-tranche
NavierStokes.ActualBaseVelocityBounds,4,NavierStokes.WeightedQuotients,in-tranche
NavierStokes.ActualCandidateAssembly,1,NavierStokes.ActualCandidateConstruction,in-tranche
NavierStokes.ActualCandidateAssembly,2,NavierStokes.InitialPhysicalData,in-tranche
NavierStokes.ActualCandidateAssembly,3,NavierStokes.ActualPhysicalStageBounds,in-tranche
NavierStokes.ActualCandidateAssembly,4,NavierStokes.GermCandidateAssembly,in-tranche
NavierStokes.ActualCandidateAssembly,5,NavierStokes.ActualValidBandWaves,in-tranche
NavierStokes.ActualCandidateAssembly,6,NavierStokes.ActualMeanExterior,in-tranche
NavierStokes.ActualCandidateAssembly,7,NavierStokes.ActualPhysicalPrefixFields,in-tranche
NavierStokes.ActualCandidateAssembly,8,NavierStokes.ActualStageEstimates,in-tranche
NavierStokes.ActualCandidateAssembly,9,NavierStokes.ActualSignedExterior,in-tranche
NavierStokes.ActualCandidateAssembly,10,NavierStokes.ActualCurrentParticularAssembly,in-tranche
NavierStokes.ActualCandidateAssembly,11,NavierStokes.GluedStageEstimates,in-tranche
NavierStokes.ActualCandidateAssembly,12,NavierStokes.ActualSignedWaveData,in-tranche
NavierStokes.ActualCandidateAssembly,13,NavierStokes.CurrentSignedCurl,in-tranche
NavierStokes.ActualCandidateAssembly,14,NavierStokes.ActualSignedPhysicalCoherence,in-tranche
NavierStokes.ActualCandidateAssembly,15,NavierStokes.GermEndpointInputs,in-tranche
NavierStokes.ActualCandidateConstruction,1,NavierStokes.ActualCycleParameters,in-tranche
NavierStokes.ActualCandidateConstruction,2,NavierStokes.CyclePhysicalPrefixes,in-tranche
NavierStokes.ActualCandidateConstruction,3,NavierStokes.CycleStateCoherence,in-tranche
NavierStokes.ActualCandidateConstruction,4,NavierStokes.ActualInitialMeanEquation,in-tranche
NavierStokes.ActualCandidateConstruction,5,NavierStokes.ActualIterationLedger,in-tranche
NavierStokes.ActualCandidateConstruction,6,NavierStokes.ActualCarrierGeometry,in-tranche
NavierStokes.ActualCandidateConstruction,7,NavierStokes.ActualMeanPhysicalData,in-tranche
NavierStokes.ActualCandidateConstruction,8,NavierStokes.ActualMeanStageData,in-tranche
NavierStokes.ActualCandidateConstruction,9,NavierStokes.MixedCandidateAssembly,in-tranche
NavierStokes.ActualCarrierGeometry,1,NavierStokes.ActualInitialExcluded,in-tranche
NavierStokes.ActualCarrierGeometry,2,NavierStokes.ActualPrimaryCovariance,in-tranche
NavierStokes.ActualCarrierTransport,1,NavierStokes.ActualCarrierTransportBase,in-tranche
NavierStokes.ActualCarrierTransport,2,NavierStokes.ActualCycleParameters,in-tranche
NavierStokes.ActualCarrierTransportBase,1,NavierStokes.ActualCarrierGeometry,in-tranche
NavierStokes.ActualCopySliceRegularity,1,NavierStokes.ActualParticularStageControls,in-tranche
NavierStokes.ActualCopySliceRegularity,2,NavierStokes.ActualCoreSupport,in-tranche
NavierStokes.ActualCopySliceRegularity,3,NavierStokes.ActualCarrierGeometry,in-tranche
NavierStokes.ActualCoreSupport,1,NavierStokes.ActualInitialization,in-tranche
NavierStokes.ActualCorrectionModels,1,NavierStokes.OffplaneCorrectionExtensions,in-tranche
NavierStokes.ActualCorrectionModels,2,NavierStokes.BaseContextAssembly,in-tranche
NavierStokes.ActualCorrectionModels,3,NavierStokes.CommonBaseContext,in-tranche
NavierStokes.ActualCurrentCarrierJets,1,NavierStokes.ActualPhaseJetBounds,in-tranche
NavierStokes.ActualCurrentCarrierJets,2,NavierStokes.ParticularPaddedBackground,in-tranche
NavierStokes.ActualCurrentCarrierJets,3,NavierStokes.LocalPhysicalCopyBounds,in-tranche
NavierStokes.ActualCurrentCarrierJets,4,NavierStokes.ActualParticularStageControls,in-tranche
NavierStokes.ActualCurrentParticularAssembly,1,NavierStokes.ActualCurrentParticularPhysical,in-tranche
NavierStokes.ActualCurrentParticularAssembly,2,NavierStokes.ActualPhysicalPrefixFields,in-tranche
NavierStokes.ActualCurrentParticularBounds,1,NavierStokes.ValidDyadicBandCover,in-tranche
NavierStokes.ActualCurrentParticularBounds,2,NavierStokes.CartesianCopySource,in-tranche
NavierStokes.ActualCurrentParticularBounds,3,NavierStokes.ParticularPaddedBackground,in-tranche
NavierStokes.ActualCurrentParticularBounds,4,NavierStokes.ActualParticularStageControls,in-tranche
NavierStokes.ActualCurrentParticularBounds,5,NavierStokes.ActualCurrentCarrierJets,in-tranche
NavierStokes.ActualCurrentParticularBounds,6,NavierStokes.ActualCurrentParticularPhysical,in-tranche
NavierStokes.ActualCurrentParticularBounds,7,NavierStokes.CurrentPhysicalChartJets,in-tranche
NavierStokes.ActualCurrentParticularBounds,8,NavierStokes.CurrentPhysicalModeGerms,in-tranche
NavierStokes.ActualCurrentParticularBounds,9,NavierStokes.CurrentParticularLabelBounds,in-tranche
NavierStokes.ActualCurrentParticularBounds,10,NavierStokes.CurrentModeGeometry,in-tranche
NavierStokes.ActualCurrentParticularPhysical,1,NavierStokes.ActualWaveRegularityData,in-tranche
NavierStokes.ActualCurrentParticularPhysical,2,NavierStokes.ActualParticularDynamics,in-tranche
NavierStokes.ActualCurrentParticularPhysical,3,NavierStokes.ActualParticularCoherence,in-tranche
NavierStokes.ActualCurrentParticularPhysical,4,NavierStokes.ActualSignedPhysicalData,in-tranche
NavierStokes.ActualCurrentParticularPhysical,5,NavierStokes.ActualMeanPotentialRealization,in-tranche
NavierStokes.ActualCurrentParticularPhysical,6,NavierStokes.ActualParticularCycleData,in-tranche
NavierStokes.ActualCurrentWaveSupport,1,NavierStokes.ActualCycleAssembly,in-tranche
NavierStokes.ActualCurrentWaveSupport,2,NavierStokes.ActualCurrentParticularPhysical,in-tranche
NavierStokes.ActualCurrentWaveSupport,3,NavierStokes.ActualPolarCoverage,in-tranche
NavierStokes.ActualCurrentWaveSupport,4,NavierStokes.GermCandidateAssembly,in-tranche
NavierStokes.ActualCurrentWaveSupport,5,NavierStokes.PhysicalStageSupport,in-tranche
NavierStokes.ActualCurrentWaveSupport,6,NavierStokes.ValidDyadicBandCover,in-tranche
NavierStokes.ActualCycleAssembly,1,NavierStokes.ActualCycleParameters,in-tranche
NavierStokes.ActualCycleAssembly,2,NavierStokes.ActualCarrierGeometry,in-tranche
NavierStokes.ActualCycleAssembly,3,NavierStokes.ScalarParticularSupport,in-tranche
NavierStokes.ActualCycleAssembly,4,NavierStokes.ActualCarrierTransport,in-tranche
NavierStokes.ActualCycleAssembly,5,NavierStokes.ActualCoreSupport,in-tranche
NavierStokes.ActualCycleAssembly,6,NavierStokes.ActualWaveRegularityData,in-tranche
NavierStokes.ActualCycleCoherence,1,NavierStokes.ActualMeanPhysicalData,in-tranche
NavierStokes.ActualCycleCoherence,2,NavierStokes.ActualCycleParameters,in-tranche
NavierStokes.ActualCycleCoherence,3,NavierStokes.CorrectionAnalyticStep,in-tranche
NavierStokes.ActualCycleCoherence,4,NavierStokes.ActualReferenceRebase,in-tranche
NavierStokes.ActualCycleCoherence,5,NavierStokes.ActualCoreSupport,in-tranche
NavierStokes.ActualCycleCoherence,6,NavierStokes.ActualWaveRegularityData,in-tranche
NavierStokes.ActualCycleCoherence,7,NavierStokes.ActualSignedCoherence,in-tranche
NavierStokes.ActualCycleCoherence,8,NavierStokes.ActualSignedGaussianCoherence,in-tranche
NavierStokes.ActualCycleCoherence,9,NavierStokes.ActualParticularCoherence,in-tranche
NavierStokes.ActualCycleExcluded,1,NavierStokes.CorrectionStep,in-tranche
NavierStokes.ActualCycleExcluded,2,NavierStokes.GaugeExcludedBounds,in-tranche
NavierStokes.ActualCycleGeometry,1,NavierStokes.ActualInitialization,in-tranche
NavierStokes.ActualCycleGeometry,2,NavierStokes.ActualCycleExcluded,in-tranche
NavierStokes.ActualCycleParameters,1,NavierStokes.ActualInitialization,in-tranche
NavierStokes.ActualCycleParameters,2,NavierStokes.ActualParticularStageControls,in-tranche
NavierStokes.ActualCycleParameters,3,NavierStokes.ActualSignedStageControls,in-tranche
NavierStokes.ActualCycleParameters,4,NavierStokes.ActualCycleGeometry,in-tranche
NavierStokes.ActualCyclePeriodicity,1,NavierStokes.ActualCycleParameters,in-tranche
NavierStokes.ActualCyclePeriodicity,2,NavierStokes.ActualWaveRegularityData,in-tranche
NavierStokes.ActualCyclePeriodicity,3,NavierStokes.ActualSeedPeriodicity,in-tranche
NavierStokes.ActualCyclePeriodicity,4,NavierStokes.ActualWaveCoefficientPeriodicity,in-tranche
NavierStokes.ActualCyclePreservation,1,NavierStokes.CorrectionAnalyticStep,in-tranche
NavierStokes.ActualCyclePreservation,2,NavierStokes.ActualCycleParameters,in-tranche
NavierStokes.ActualCyclePreservation,3,NavierStokes.ActualCarrierGeometry,in-tranche
NavierStokes.ActualCyclePreservation,4,NavierStokes.ActualCoreSupport,in-tranche
NavierStokes.ActualCyclePreservation,5,NavierStokes.ActualWaveRegularityData,in-tranche
NavierStokes.ActualCyclePreservation,6,NavierStokes.ActualParticularMeanGain,in-tranche
NavierStokes.ActualCyclePreservation,7,NavierStokes.ActualSignedOutputBounds,in-tranche
NavierStokes.ActualCyclePreservation,8,NavierStokes.ActualSignedGaussian,in-tranche
NavierStokes.ActualCyclePreservation,9,NavierStokes.ActualCycleAssembly,in-tranche
NavierStokes.ActualCyclePreservation,10,NavierStokes.ActualSignedMeanBinding,in-tranche
NavierStokes.ActualCyclePreservation,11,NavierStokes.ActualSignedCommonDynamics,in-tranche
NavierStokes.ActualCyclePreservation,12,NavierStokes.ActualParticularCycleData,in-tranche
NavierStokes.ActualCyclePreservation,13,NavierStokes.ActualIntermediateDebtBounds,in-tranche
NavierStokes.ActualCyclePreservation,14,NavierStokes.ActualCycleCoherence,in-tranche
NavierStokes.ActualCyclePreservation,15,NavierStokes.ActualCyclePeriodicity,in-tranche
NavierStokes.ActualCyclePreservation,16,NavierStokes.ActualIterationLedger,in-tranche
NavierStokes.ActualCycleResidualBounds,1,NavierStokes.PhysicalResidualJetBounds,in-tranche
NavierStokes.ActualCycleResidualBounds,2,NavierStokes.ActualInitialization,in-tranche
NavierStokes.ActualCycleResidualBounds,3,NavierStokes.ActualInitialExcluded,in-tranche
NavierStokes.ActualCycleResidualBounds,4,NavierStokes.GaugeExcludedBounds,in-tranche
NavierStokes.ActualCycleResidualBounds,5,NavierStokes.ActualIterationLedger,in-tranche
NavierStokes.ActualCycleResidualBounds,6,NavierStokes.GlobalBaseError,in-tranche
NavierStokes.ActualCycleResidualBounds,7,NavierStokes.ActualCarrierGeometry,in-tranche
NavierStokes.ActualCycleResidualBounds,8,NavierStokes.ActualPolarCoverage,in-tranche
NavierStokes.ActualEndpointInputs,1,NavierStokes.OffplaneJetExtensions,in-tranche
NavierStokes.ActualEndpointInputs,2,NavierStokes.MixedCandidateAssembly,in-tranche
NavierStokes.ActualEndpointInputs,3,NavierStokes.ActualMeanStageData,in-tranche
NavierStokes.ActualEndpointInputs,4,NavierStokes.TailGaugePotential,in-tranche
NavierStokes.ActualEndpointInputs,5,NavierStokes.SlowBaseEndpoint,in-tranche
NavierStokes.ActualEndpointInputs,6,NavierStokes.ActualStageEstimates,in-tranche
NavierStokes.ActualExteriorPrefix,1,NavierStokes.ActualCycleResidualBounds,in-tranche
NavierStokes.ActualExteriorPrefix,2,NavierStokes.MixedDiagonalResidual,in-tranche
NavierStokes.ActualExteriorPrefix,3,NavierStokes.TailGaugePotential,in-tranche
NavierStokes.ActualExteriorPrefix,4,NavierStokes.PhysicalCurlCovariance,in-tranche
NavierStokes.ActualGaussianCoverage,1,NavierStokes.ScaledActualParticularControl,in-tranche
NavierStokes.ActualGaussianCoverage,2,NavierStokes.LocalizedGaussianBounds,in-tranche
NavierStokes.ActualInitialCoherence,1,NavierStokes.ActualPrimaryCoherence,in-tranche
NavierStokes.ActualInitialCoherence,2,NavierStokes.ActualPrimaryCovariance,in-tranche
NavierStokes.ActualInitialCoherence,3,NavierStokes.ActualBaseResidual,in-tranche
NavierStokes.ActualInitialCoherence,4,NavierStokes.MeanStageRegularity,in-tranche
NavierStokes.ActualInitialCoherence,5,NavierStokes.WaveStateRegularity,in-tranche
NavierStokes.ActualInitialCoherence,6,NavierStokes.RankStateCoherence,in-tranche
NavierStokes.ActualInitialExcluded,1,NavierStokes.GaugeExcludedBounds,in-tranche
NavierStokes.ActualInitialExcluded,2,NavierStokes.ActualBaseResidual,in-tranche
NavierStokes.ActualInitialExcluded,3,NavierStokes.GlobalBaseError,in-tranche
NavierStokes.ActualInitialExcluded,4,NavierStokes.SlowBaseEndpoint,in-tranche
NavierStokes.ActualInitialExcluded,5,NavierStokes.ActualPrimaryBounds,in-tranche
NavierStokes.ActualInitialExcluded,6,NavierStokes.ActualPrimaryDynamics,in-tranche
NavierStokes.ActualInitialExcluded,7,NavierStokes.ActualGaussianCoverage,in-tranche
NavierStokes.ActualInitialExcluded,8,NavierStokes.ActualPrimaryCovariance,in-tranche
NavierStokes.ActualInitialExcluded,9,NavierStokes.ActualInitialMean,in-tranche
NavierStokes.ActualInitialExcluded,10,NavierStokes.ActualInitialCoherence,in-tranche
NavierStokes.ActualInitialExcluded,11,NavierStokes.ActualPhaseJetBounds,in-tranche
NavierStokes.ActualInitialExcluded,12,Mathlib.Analysis.Calculus.LocalExtr.Basic,mathlib
NavierStokes.ActualInitialMean,1,NavierStokes.ActualBaseResidual,in-tranche
NavierStokes.ActualInitialMean,2,NavierStokes.CorrectionInitialization,in-tranche
NavierStokes.ActualInitialMean,3,NavierStokes.ActualPrimaryBounds,in-tranche
NavierStokes.ActualInitialMean,4,NavierStokes.ActualPrimaryCovariance,in-tranche
NavierStokes.ActualInitialMean,5,NavierStokes.ActualPrimaryCoherence,in-tranche
NavierStokes.ActualInitialMeanEquation,1,NavierStokes.ActualInitialCoherence,in-tranche
NavierStokes.ActualInitialMeanEquation,2,NavierStokes.LiftedMeanResidual,in-tranche
NavierStokes.ActualInitialization,1,NavierStokes.ActualInitialMeanEquation,in-tranche
NavierStokes.ActualInitialization,2,NavierStokes.ActualPrimaryDynamics,in-tranche
NavierStokes.ActualInitialization,3,NavierStokes.ActualInitialExcluded,in-tranche
NavierStokes.ActualInitialization,4,NavierStokes.ActualInitialCoherence,in-tranche
NavierStokes.ActualInitialization,5,NavierStokes.ActualInitialMean,in-tranche
NavierStokes.ActualInitialization,6,NavierStokes.GaugeRadialResidualBounds,in-tranche
NavierStokes.ActualInitialization,7,NavierStokes.CorrectionInitialization,in-tranche
NavierStokes.ActualInitialization,8,NavierStokes.ActualBaseResidual,in-tranche
NavierStokes.ActualInitialization,9,NavierStokes.ActualPrimaryBounds,in-tranche
NavierStokes.ActualIntermediateDebtBounds,1,NavierStokes.ActualParticularMeanGain,in-tranche
NavierStokes.ActualIntermediateDebtBounds,2,NavierStokes.CorrectionAnalyticStep,in-tranche
NavierStokes.ActualIterationLedger,1,NavierStokes.ExponentLedger,in-tranche
NavierStokes.ActualIterationLedger,2,NavierStokes.PhysicalStageBounds,in-tranche
NavierStokes.ActualMeanExterior,1,NavierStokes.ActualMeanStageData,in-tranche
NavierStokes.ActualMeanExterior,2,NavierStokes.ActualPolarCoverage,in-tranche
NavierStokes.ActualMeanPhysicalData,1,NavierStokes.ActualInitialCoherence,in-tranche
NavierStokes.ActualMeanPhysicalData,2,NavierStokes.ActualInitialMean,in-tranche
NavierStokes.ActualMeanPhysicalData,3,NavierStokes.CycleStateCoherence,in-tranche
NavierStokes.ActualMeanPhysicalData,4,NavierStokes.ActualMeanPotentialRealization,in-tranche
NavierStokes.ActualMeanPhysicalData,5,NavierStokes.PhysicalStageBounds,in-tranche
NavierStokes.ActualMeanPhysicalData,6,NavierStokes.LocalMeanPhysicalBounds,in-tranche
NavierStokes.ActualMeanPotentialRealization,1,NavierStokes.PhysicalMeanJetBounds,in-tranche
NavierStokes.ActualMeanPotentialRealization,2,NavierStokes.OffplaneCorrectionExtensions,in-tranche
NavierStokes.ActualMeanPotentialRealization,3,NavierStokes.CyclePhysicalPrefixes,in-tranche
NavierStokes.ActualMeanPotentialRealization,4,NavierStokes.CorrectionInitialization,in-tranche
NavierStokes.ActualMeanStageData,1,NavierStokes.ActualMeanPhysicalData,in-tranche
NavierStokes.ActualMeanStageData,2,NavierStokes.LocalAngularDiagonal,in-tranche
NavierStokes.ActualMeanStageData,3,NavierStokes.PhysicalStageSupport,in-tranche
NavierStokes.ActualParticularBackground,1,NavierStokes.ActualPrimaryBounds,in-tranche
NavierStokes.ActualParticularBackground,2,NavierStokes.ParticularWaveAssembly,in-tranche
NavierStokes.ActualParticularCoherence,1,NavierStokes.ActualReferenceRebase,in-tranche
NavierStokes.ActualParticularCoherence,2,NavierStokes.ActualParticularRealization,in-tranche
NavierStokes.ActualParticularCoherence,3,NavierStokes.GaussianErrorNaturality,in-tranche
NavierStokes.ActualParticularCoherence,4,NavierStokes.CycleStateCoherence,in-tranche
NavierStokes.ActualParticularCoherence,5,NavierStokes.IntervalCopyTransport,in-tranche
NavierStokes.ActualParticularCoherence,6,NavierStokes.ActualCopySliceRegularity,in-tranche
NavierStokes.ActualParticularControl,1,NavierStokes.ParticularCopyBounds,in-tranche
NavierStokes.ActualParticularControl,2,NavierStokes.ParticularWaveAssembly,in-tranche
NavierStokes.ActualParticularControl,3,NavierStokes.WaveEnvelopeTransport,in-tranche
NavierStokes.ActualParticularControl,4,NavierStokes.ScaledTangentTransport,in-tranche
NavierStokes.ActualParticularCycleData,1,NavierStokes.ActualCycleAssembly,in-tranche
NavierStokes.ActualParticularCycleData,2,NavierStokes.ActualParticularMeanGain,in-tranche
NavierStokes.ActualParticularCycleData,3,NavierStokes.ActualCycleCoherence,in-tranche
NavierStokes.ActualParticularCycleData,4,NavierStokes.ActualCyclePeriodicity,in-tranche
NavierStokes.ActualParticularCycleData,5,NavierStokes.ActualParticularDynamics,in-tranche
NavierStokes.ActualParticularCycleData,6,NavierStokes.ActualParticularGaussian,in-tranche
NavierStokes.ActualParticularDynamics,1,NavierStokes.ActualParticularStageControls,in-tranche
NavierStokes.ActualParticularDynamics,2,NavierStokes.ActualSignedDynamics,in-tranche
NavierStokes.ActualParticularDynamics,3,NavierStokes.ClosedNativeWaveIdentities,in-tranche
NavierStokes.ActualParticularDynamics,4,NavierStokes.ModeSolenoidalReindex,in-tranche
NavierStokes.ActualParticularDynamicsNoOptions,1,NavierStokes.ActualParticularDynamics,in-tranche
NavierStokes.ActualParticularGaussian,1,NavierStokes.ActualParticularStageControls,in-tranche
NavierStokes.ActualParticularGaussian,2,NavierStokes.ActualGaussianCoverage,in-tranche
NavierStokes.ActualParticularMeanGain,1,NavierStokes.ActualCycleParameters,in-tranche
NavierStokes.ActualParticularPhysicalData,1,NavierStokes.ActualParticularRealization,in-tranche
NavierStokes.ActualParticularPhysicalData,2,NavierStokes.ActualSignedPhysicalData,in-tranche
NavierStokes.ActualParticularPhysicalData,3,NavierStokes.PhysicalStageBounds,in-tranche
NavierStokes.ActualParticularPhysicalData,4,NavierStokes.MixedAxisPreservation,in-tranche
NavierStokes.ActualParticularPhysicalData,5,NavierStokes.ActualWaveRegularity,in-tranche
NavierStokes.ActualParticularPhysicalData,6,NavierStokes.CartesianCopySource,in-tranche
NavierStokes.ActualParticularPhysicalData,7,NavierStokes.ActualReferenceRebase,in-tranche
NavierStokes.ActualParticularPotentialCoherence,1,NavierStokes.ActualParticularCoherence,in-tranche
NavierStokes.ActualParticularRealization,1,NavierStokes.CorrectionStep,in-tranche
NavierStokes.ActualParticularRealization,2,NavierStokes.CyclePhysicalPrefixes,in-tranche
NavierStokes.ActualParticularStageControls,1,NavierStokes.CorrectionInitialization,in-tranche
NavierStokes.ActualParticularStageControls,2,NavierStokes.ScaledActualParticularControl,in-tranche
NavierStokes.ActualParticularStageControls,3,NavierStokes.ScaledParticularFrameJets,in-tranche
NavierStokes.ActualParticularStageControls,4,NavierStokes.ActualParticularBackground,in-tranche
NavierStokes.ActualParticularStageControls,5,NavierStokes.ActualCarrierTransportBase,in-tranche
NavierStokes.ActualParticularStageControls,6,NavierStokes.ScalarParticularSupport,in-tranche
NavierStokes.ActualParticularStageControls,7,NavierStokes.NativeCutoffJets,in-tranche
NavierStokes.ActualParticularStageControls,8,NavierStokes.ParticularPaddedBackground,in-tranche
NavierStokes.ActualPeriodizedSignedRealization,1,NavierStokes.PhysicalSignedWave,in-tranche
NavierStokes.ActualPeriodizedSignedRealization,2,NavierStokes.PeriodizedWaveBounds,in-tranche
NavierStokes.ActualPhaseDefect,1,NavierStokes.CorrectionInitialization,in-tranche
NavierStokes.ActualPhaseJetBounds,1,NavierStokes.ActualPrimaryBounds,in-tranche
NavierStokes.ActualPhaseJetBounds,2,NavierStokes.ActualGaussianCoverage,in-tranche
NavierStokes.ActualPhaseJetBounds,3,NavierStokes.ActualPrimaryCoherence,in-tranche
NavierStokes.ActualPhysicalPrefixFields,1,NavierStokes.ActualCycleResidualBounds,in-tranche
NavierStokes.ActualPhysicalPrefixFields,2,NavierStokes.ActualMeanPotentialRealization,in-tranche
NavierStokes.ActualPhysicalPrefixFields,3,NavierStokes.TailGaugePotential,in-tranche
NavierStokes.ActualPhysicalPrefixFields,4,NavierStokes.ActualExteriorPrefix,in-tranche
NavierStokes.ActualPhysicalStageBounds,1,NavierStokes.LocalMeanPhysicalBounds,in-tranche
NavierStokes.ActualPhysicalStageBounds,2,NavierStokes.InitializedPhysicalBackground,in-tranche
NavierStokes.ActualPhysicalStageBounds,3,NavierStokes.ActualIterationLedger,in-tranche
NavierStokes.ActualPhysicalStageBounds,4,NavierStokes.ActualMeanPhysicalData,in-tranche
NavierStokes.ActualPolarCoverage,1,NavierStokes.PhysicalResidualJetBounds,in-tranche
NavierStokes.ActualPolarCoverage,2,NavierStokes.ActualInitialization,in-tranche
NavierStokes.ActualPrimaryBounds,1,NavierStokes.CorrectionInitialization,in-tranche
NavierStokes.ActualPrimaryBounds,2,NavierStokes.LocalizedWaveBounds,in-tranche
NavierStokes.ActualPrimaryBounds,3,NavierStokes.UniformBlockBounds,in-tranche
NavierStokes.ActualPrimaryBounds,4,NavierStokes.ActualPhaseDefect,in-tranche
NavierStokes.ActualPrimaryCoherence,1,NavierStokes.CorrectionInitialization,in-tranche
NavierStokes.ActualPrimaryCoherence,2,NavierStokes.PhysicalCurlCovariance,in-tranche
NavierStokes.ActualPrimaryCoherence,3,NavierStokes.TemporalStateCoherence,in-tranche
NavierStokes.ActualPrimaryCovariance,1,NavierStokes.CorrectionInitialization,in-tranche
NavierStokes.ActualPrimaryCovariance,2,NavierStokes.BaseStressClasses,in-tranche
NavierStokes.ActualPrimaryDynamics,1,NavierStokes.ActualPrimaryCoherence,in-tranche
NavierStokes.ActualPrimaryDynamics,2,NavierStokes.ActualPhaseDefect,in-tranche
NavierStokes.ActualPrimaryDynamics,3,NavierStokes.LocalizedWaveBounds,in-tranche
NavierStokes.ActualReferenceRebase,1,NavierStokes.ActualParticularStageControls,in-tranche
NavierStokes.ActualReferenceRebase,2,NavierStokes.PhysicalResidualNaturality,in-tranche
NavierStokes.ActualReferenceRebase,3,NavierStokes.ActualInitialCoherence,in-tranche
NavierStokes.ActualReferenceRebase,4,NavierStokes.SubcoverPeriodicity,in-tranche
NavierStokes.ActualSeedPeriodicity,1,NavierStokes.ActualInitialization,in-tranche
NavierStokes.ActualSeedPeriodicity,2,NavierStokes.ActualWaveRegularityData,in-tranche
NavierStokes.ActualSignedCoherence,1,NavierStokes.ActualInitialization,in-tranche
NavierStokes.ActualSignedCoherence,2,NavierStokes.ActualSignedStageControls,in-tranche
NavierStokes.ActualSignedCoherence,3,NavierStokes.ActualPeriodizedSignedRealization,in-tranche
NavierStokes.ActualSignedCoherence,4,NavierStokes.CycleStateCoherence,in-tranche
NavierStokes.ActualSignedCommonDynamics,1,NavierStokes.ActualSignedOutputBounds,in-tranche
NavierStokes.ActualSignedCommonDynamics,2,NavierStokes.ClosedNativeWaveIdentities,in-tranche
NavierStokes.ActualSignedCommonDynamics,3,NavierStokes.ActualInitialization,in-tranche
NavierStokes.ActualSignedControl,1,NavierStokes.PrimaryCopyBounds,in-tranche
NavierStokes.ActualSignedControl,2,NavierStokes.SignedCopyBounds,in-tranche
NavierStokes.ActualSignedControl,3,NavierStokes.PhysicalSignedWave,in-tranche
NavierStokes.ActualSignedCurrentSupport,1,NavierStokes.ActualCyclePreservation,in-tranche
NavierStokes.ActualSignedCurrentSupport,2,NavierStokes.CurrentSignedCurl,in-tranche
NavierStokes.ActualSignedDynamics,1,NavierStokes.ActualPrimaryDynamics,in-tranche
NavierStokes.ActualSignedExterior,1,NavierStokes.ActualSignedPhysicalBinding,in-tranche
NavierStokes.ActualSignedExterior,2,NavierStokes.ActualCycleParameters,in-tranche
NavierStokes.ActualSignedExterior,3,NavierStokes.DependentSignedPhysicalFamily,in-tranche
NavierStokes.ActualSignedExterior,4,NavierStokes.ActualPolarCoverage,in-tranche
NavierStokes.ActualSignedFamilySupport,1,NavierStokes.PositiveTimeSignedData,in-tranche
NavierStokes.ActualSignedGaussian,1,NavierStokes.ActualSignedStageControls,in-tranche
NavierStokes.ActualSignedGaussian,2,NavierStokes.ActualWaveRegularityData,in-tranche
NavierStokes.ActualSignedGaussian,3,NavierStokes.ActualInitialExcluded,in-tranche
NavierStokes.ActualSignedGaussian,4,NavierStokes.UniformBlockBounds,in-tranche
NavierStokes.ActualSignedGaussianCoherence,1,NavierStokes.ActualSignedCoherence,in-tranche
NavierStokes.ActualSignedGeometry,1,NavierStokes.ActualSignedControl,in-tranche
NavierStokes.ActualSignedGeometry,2,NavierStokes.BaseContextAssembly,in-tranche
NavierStokes.ActualSignedGeometry,3,NavierStokes.CommonBaseContext,in-tranche
NavierStokes.ActualSignedGeometry,4,NavierStokes.PeriodicPhaseAssembly,in-tranche
NavierStokes.ActualSignedMeanBinding,1,NavierStokes.ActualSignedStageControls,in-tranche
NavierStokes.ActualSignedMeanBinding,2,NavierStokes.ActualPrimaryCovariance,in-tranche
NavierStokes.ActualSignedMeanBinding,3,NavierStokes.ActualInitialization,in-tranche
NavierStokes.ActualSignedMeanBinding,4,NavierStokes.BandReindexedSignedMeanGain,in-tranche
NavierStokes.ActualSignedMeanBinding,5,NavierStokes.SignedCrossDefectClass,in-tranche
NavierStokes.ActualSignedMeanBinding,6,NavierStokes.ActualCycleParameters,in-tranche
NavierStokes.ActualSignedNativeBounds,1,NavierStokes.ActualSignedExterior,in-tranche
NavierStokes.ActualSignedNativeBounds,2,NavierStokes.ActualSignedOutputBounds,in-tranche
NavierStokes.ActualSignedNativeBounds,3,NavierStokes.ActualSignedUnmaskedBounds,in-tranche
NavierStokes.ActualSignedNativeBounds,4,NavierStokes.InitialPhysicalData,in-tranche
NavierStokes.ActualSignedNativeProfiles,1,NavierStokes.ActualSignedExterior,in-tranche
NavierStokes.ActualSignedNativeRegularity,1,NavierStokes.ActualWaveRegularityData,in-tranche
NavierStokes.ActualSignedNativeRegularity,2,NavierStokes.ActualSignedPhysicalBinding,in-tranche
NavierStokes.ActualSignedNativeRegularity,3,NavierStokes.FlatDyadicExtension,in-tranche
NavierStokes.ActualSignedNativeRegularity,4,NavierStokes.ActualSignedUnmaskedBounds,in-tranche
NavierStokes.ActualSignedNativeRegularity,5,NavierStokes.ActualSignedUnmaskedBinding,in-tranche
NavierStokes.ActualSignedOutputBounds,1,NavierStokes.ActualSignedStageControls,in-tranche
NavierStokes.ActualSignedOutputBounds,2,NavierStokes.ActualWaveRegularityData,in-tranche
NavierStokes.ActualSignedPhysicalBinding,1,NavierStokes.ActualSignedPhysicalData,in-tranche
NavierStokes.ActualSignedPhysicalBinding,2,NavierStokes.ActualSignedStageControls,in-tranche
NavierStokes.ActualSignedPhysicalBinding,3,NavierStokes.ActualReferenceRebase,in-tranche
NavierStokes.ActualSignedPhysicalBinding,4,NavierStokes.TorusMeanRequestRebase,in-tranche
NavierStokes.ActualSignedPhysicalBinding,5,NavierStokes.ActualCycleParameters,in-tranche
NavierStokes.ActualSignedPhysicalCoherence,1,NavierStokes.ActualSignedPotentialCoherence,in-tranche
NavierStokes.ActualSignedPhysicalCoherence,2,NavierStokes.ActualSignedExterior,in-tranche
NavierStokes.ActualSignedPhysicalCoherence,3,NavierStokes.ActualSignedNativeRegularity,in-tranche
NavierStokes.ActualSignedPhysicalCoherence,4,NavierStokes.ActualPhysicalPrefixFields,in-tranche
NavierStokes.ActualSignedPhysicalCoherence,5,NavierStokes.ActualSignedReferenceGeometry,in-tranche
NavierStokes.ActualSignedPhysicalCoherence,6,NavierStokes.ActualSignedPhysicalGeometry,in-tranche
NavierStokes.ActualSignedPhysicalCoherence,7,NavierStokes.ActualSignedCurrentSupport,in-tranche
NavierStokes.ActualSignedPhysicalCoherence,8,NavierStokes.ActualSignedPhysicalZeros,in-tranche
NavierStokes.ActualSignedPhysicalCoherence,9,NavierStokes.SignedPhysicalSumCalculus,in-tranche
NavierStokes.ActualSignedPhysicalData,1,NavierStokes.ActualPeriodizedSignedRealization,in-tranche
NavierStokes.ActualSignedPhysicalData,2,NavierStokes.ActualSignedGeometry,in-tranche
NavierStokes.ActualSignedPhysicalData,3,NavierStokes.PhysicalStageBounds,in-tranche
NavierStokes.ActualSignedPhysicalData,4,NavierStokes.MixedAxisPreservation,in-tranche
NavierStokes.ActualSignedPhysicalData,5,NavierStokes.CartesianCopySource,in-tranche
NavierStokes.ActualSignedPhysicalGeometry,1,NavierStokes.ActualPolarCoverage,in-tranche
NavierStokes.ActualSignedPhysicalGeometry,2,NavierStokes.ActualSignedPotentialCoherence,in-tranche
NavierStokes.ActualSignedPhysicalGeometry,3,NavierStokes.ActualSignedPhysicalData,in-tranche
NavierStokes.ActualSignedPhysicalZeros,1,NavierStokes.ActualSignedPhysicalGeometry,in-tranche
NavierStokes.ActualSignedPhysicalZeros,2,NavierStokes.ActualSignedExterior,in-tranche
NavierStokes.ActualSignedPhysicalZeros,3,NavierStokes.ActualSignedNativeRegularity,in-tranche
NavierStokes.ActualSignedPotentialCoherence,1,NavierStokes.ActualSignedCoherence,in-tranche
NavierStokes.ActualSignedReferenceGeometry,1,NavierStokes.ActualSignedExterior,in-tranche
NavierStokes.ActualSignedStageControls,1,NavierStokes.CorrectionInitialization,in-tranche
NavierStokes.ActualSignedStageControls,2,NavierStokes.CorrectionStep,in-tranche
NavierStokes.ActualSignedStageControls,3,NavierStokes.ActualSignedControl,in-tranche
NavierStokes.ActualSignedStageControls,4,NavierStokes.ActualSignedGeometry,in-tranche
NavierStokes.ActualSignedStageControls,5,NavierStokes.ActualPhaseDefect,in-tranche
NavierStokes.ActualSignedStageControls,6,NavierStokes.ActualPrimaryDynamics,in-tranche
NavierStokes.ActualSignedStageControls,7,NavierStokes.ActualPrimaryBounds,in-tranche
NavierStokes.ActualSignedStageControls,8,NavierStokes.ActualSignedDynamics,in-tranche
NavierStokes.ActualSignedUnmaskedBinding,1,NavierStokes.ActualSignedUnmaskedBounds,in-tranche
NavierStokes.ActualSignedUnmaskedBinding,2,NavierStokes.ActualSignedExterior,in-tranche
NavierStokes.ActualSignedUnmaskedBounds,1,NavierStokes.ActualSignedPhysicalBinding,in-tranche
NavierStokes.ActualSignedUnmaskedBounds,2,NavierStokes.ActualSignedOutputBounds,in-tranche
NavierStokes.ActualSignedWaveData,1,NavierStokes.ActualSignedExterior,in-tranche
NavierStokes.ActualSignedWaveData,2,NavierStokes.ActualSignedNativeProfiles,in-tranche
NavierStokes.ActualSignedWaveData,3,NavierStokes.ActualPhaseJetBounds,in-tranche
NavierStokes.ActualSignedWaveData,4,NavierStokes.PositiveTimeCopyFamily,in-tranche
NavierStokes.ActualSignedWaveData,5,NavierStokes.PositiveTimeSignedData,in-tranche
NavierStokes.ActualSignedWaveData,6,NavierStokes.ActualSignedReferenceGeometry,in-tranche
NavierStokes.ActualSignedWaveData,7,NavierStokes.ActualSignedFamilySupport,in-tranche
NavierStokes.ActualSignedWaveData,8,NavierStokes.ActualSignedNativeRegularity,in-tranche
NavierStokes.ActualSignedWaveData,9,NavierStokes.ActualSignedNativeBounds,in-tranche
NavierStokes.ActualSignedWaveData,10,NavierStokes.GluedStageEstimates,in-tranche
NavierStokes.ActualSlowAxis,1,NavierStokes.SlowRecursion,in-tranche
NavierStokes.ActualSlowAxis,2,NavierStokes.ActivationHolomorphic,in-tranche
NavierStokes.ActualSlowAxis,3,NavierStokes.TransitionRamp,in-tranche
NavierStokes.ActualStageEstimates,1,NavierStokes.ActualPhysicalStageBounds,in-tranche
NavierStokes.ActualStageEstimates,2,NavierStokes.ActualCycleResidualBounds,in-tranche
NavierStokes.ActualStageEstimates,3,NavierStokes.ActualCyclePreservation,in-tranche
NavierStokes.ActualStageEstimates,4,NavierStokes.ActualIntermediateDebtBounds,in-tranche
NavierStokes.ActualStageEstimates,5,NavierStokes.MixedCandidateAssembly,in-tranche
NavierStokes.ActualValidBandWaves,1,NavierStokes.ValidDyadicBandCover,in-tranche
NavierStokes.ActualValidBandWaves,2,NavierStokes.ActualCurrentParticularPhysical,in-tranche
NavierStokes.ActualValidBandWaves,3,NavierStokes.ActualCycleParameters,in-tranche
NavierStokes.ActualValidBandWaves,4,NavierStokes.ActualCycleCoherence,in-tranche
NavierStokes.ActualValidBandWaves,5,NavierStokes.ActualCyclePreservation,in-tranche
NavierStokes.ActualValidBandWaves,6,NavierStokes.ActualCurrentWaveSupport,in-tranche
NavierStokes.ActualValidBandWaves,7,NavierStokes.ActualParticularPotentialCoherence,in-tranche
NavierStokes.ActualValidBandWaves,8,NavierStokes.CurrentParticularPhysicalCoherence,in-tranche
NavierStokes.ActualValidBandWaves,9,NavierStokes.ActualParticularCycleData,in-tranche
NavierStokes.ActualWaveCoefficientPeriodicity,1,NavierStokes.ActualWaveRegularityData,in-tranche
NavierStokes.ActualWaveCoefficientPeriodicity,2,NavierStokes.ActualCycleParameters,in-tranche
NavierStokes.ActualWaveRegularity,1,NavierStokes.CorrectionStep,in-tranche
NavierStokes.ActualWaveRegularity,2,NavierStokes.WaveEdgeExtension,in-tranche
NavierStokes.ActualWaveRegularityData,1,NavierStokes.ActualWaveRegularity,in-tranche
NavierStokes.ActualWaveRegularityData,2,NavierStokes.ActualSignedStageControls,in-tranche
NavierStokes.ActualWaveRegularityData,3,NavierStokes.ActualParticularStageControls,in-tranche
NavierStokes.ActualWaveRegularityData,4,NavierStokes.LabelSupportPreservation,in-tranche
NavierStokes.AlignedProfileSpectralCone,1,NavierStokes.ProfileSpectralCone,in-tranche
NavierStokes.AlignedProfileSpectralCone,2,NavierStokes.EntranceAlignedBase,in-tranche
NavierStokes.AllBandBaseJets,1,NavierStokes.BaseRadialJets,in-tranche
NavierStokes.AnalyticCoefficientBounds,1,NavierStokes.AxisCoefficientSpace,in-tranche
NavierStokes.AnalyticCoefficientBounds,2,Mathlib.Analysis.Complex.CauchyIntegral,mathlib
NavierStokes.AnalyticCoefficientBounds,3,Mathlib.Analysis.Complex.RealDeriv,mathlib
NavierStokes.AnalyticCoefficientBounds,4,Mathlib.Analysis.SpecificLimits.Normed,mathlib
NavierStokes.AnalyticCoefficientBounds,5,Mathlib.Analysis.SpecialFunctions.ExpDeriv,mathlib
NavierStokes.AnalyticPrimitive,1,Mathlib.Analysis.Calculus.ParametricIntervalIntegral,mathlib
NavierStokes.AnalyticPrimitive,2,Mathlib.Analysis.Complex.CauchyIntegral,mathlib
NavierStokes.AnalyticPrimitive,3,Mathlib.Analysis.Complex.RealDeriv,mathlib
NavierStokes.AnalyticPrimitive,4,Mathlib.Analysis.Convex.Basic,mathlib
NavierStokes.AnalyticPrimitive,5,Mathlib.Analysis.Normed.Group.Bounded,mathlib
NavierStokes.AnalyticPrimitive,6,Mathlib.Analysis.SpecialFunctions.ExpDeriv,mathlib
NavierStokes.AnalyticPrimitive,7,Mathlib.MeasureTheory.Integral.IntervalIntegral.FundThmCalculus,mathlib
NavierStokes.AngularMomentReset,1,NavierStokes.LocalizedMomentRepair,in-tranche
NavierStokes.AngularMomentReset,2,NavierStokes.SmoothMomentRepair,in-tranche
NavierStokes.AngularMomentReset,3,Mathlib.MeasureTheory.Group.Integral,mathlib
NavierStokes.AngularMomentReset,4,Mathlib.Topology.Algebra.Module.FiniteDimension,mathlib
NavierStokes.AngularMomentReset,5,Mathlib.Tactic.FinCases,mathlib
NavierStokes.AnnularAuxiliary,1,NavierStokes.ParametricRadialExtension,in-tranche
NavierStokes.AnnularAuxiliary,2,NavierStokes.TransportPrimitive,in-tranche
NavierStokes.AnnularEndpoint,1,NavierStokes.PhysicalCopyBounds,in-tranche
NavierStokes.AnnularEndpoint,2,NavierStokes.SimilarityApproach,in-tranche
NavierStokes.AnnularEndpoint,3,NavierStokes.TailGaugePotential,in-tranche
NavierStokes.AppendixHeatResults,1,NavierStokes.HeatProfileExtension,in-tranche
NavierStokes.AppendixJoiningResults,1,NavierStokes.ReferenceBounds,in-tranche
NavierStokes.AssembledSlowBase,1,NavierStokes.GlobalSlowProfiles,in-tranche
NavierStokes.AssembledSlowBase,2,NavierStokes.ParametricRadialExtension,in-tranche
NavierStokes.AssembledSlowBase,3,NavierStokes.SlowBorelBase,in-tranche
NavierStokes.AssembledSlowBase,4,NavierStokes.ModulatedHistories,in-tranche
NavierStokes.AssembledSlowBase,5,NavierStokes.ModulatedCone,in-tranche
NavierStokes.AssembledSlowBase,6,NavierStokes.ReservedPatches,in-tranche
NavierStokes.AssembledSlowBase,7,NavierStokes.NominalProfile,in-tranche
NavierStokes.AssembledSlowBase,8,NavierStokes.ActualSlowAxis,in-tranche
NavierStokes.AssembledSlowBase,9,NavierStokes.NaturalCoefficientBridge,in-tranche
NavierStokes.AxisAnalyticCoefficients,1,NavierStokes.AxisHolomorphic,in-tranche
NavierStokes.AxisAnalyticCoefficients,2,Mathlib.Analysis.Complex.LocallyUniformLimit,mathlib
NavierStokes.AxisAnalyticRadialSeries,1,NavierStokes.AxisAnalyticCoefficients,in-tranche
NavierStokes.AxisAnalyticRadialSeries,2,NavierStokes.CauchyRestriction,in-tranche
NavierStokes.AxisCoefficientSpace,1,NavierStokes.AxisWeightEstimates,in-tranche
NavierStokes.AxisCoefficientSpace,2,Mathlib.Topology.ContinuousMap.Bounded.Normed,mathlib
NavierStokes.AxisCoefficientSpace,3,Mathlib.Topology.Order.ProjIcc,mathlib
NavierStokes.AxisCoefficientSpace,4,Mathlib.MeasureTheory.Integral.IntervalIntegral.FundThmCalculus,mathlib
NavierStokes.AxisCoefficientSpace,5,Mathlib.MeasureTheory.Integral.DominatedConvergence,mathlib
NavierStokes.AxisCoefficientSpace,6,Mathlib.Analysis.Calculus.IteratedDeriv.Lemmas,mathlib
NavierStokes.AxisCoefficientSpace,7,Mathlib.Analysis.Normed.Module.Basic,mathlib
NavierStokes.AxisCoefficientSpace,8,Mathlib.Tactic.Positivity,mathlib
NavierStokes.AxisCoefficientSpace,9,Mathlib.Tactic.Ring,mathlib
NavierStokes.AxisContraction,1,NavierStokes.AxisCoefficientSpace,in-tranche
NavierStokes.AxisContraction,2,NavierStokes.AxisEvaluation,in-tranche
NavierStokes.AxisContraction,3,NavierStokes.AxisOperators,in-tranche
NavierStokes.AxisContraction,4,NavierStokes.AxisResolvent,in-tranche
NavierStokes.AxisContraction,5,Mathlib.Analysis.Normed.Operator.BoundedLinearMaps,mathlib
NavierStokes.AxisContraction,6,Mathlib.Topology.MetricSpace.Contracting,mathlib
NavierStokes.AxisContraction,7,Mathlib.Tactic.Abel,mathlib
NavierStokes.AxisContraction,8,Mathlib.Tactic.GCongr,mathlib
NavierStokes.AxisContraction,9,Mathlib.Tactic.Linarith,mathlib
NavierStokes.AxisContraction,10,Mathlib.Tactic.Positivity,mathlib
NavierStokes.AxisContraction,11,Mathlib.Tactic.Ring,mathlib
NavierStokes.AxisEvaluation,1,NavierStokes.AxisCoefficientSpace,in-tranche
NavierStokes.AxisEvaluation,2,Mathlib.Analysis.Calculus.SmoothSeries,mathlib
NavierStokes.AxisEvaluation,3,Mathlib.Analysis.Calculus.Deriv.Pow,mathlib
NavierStokes.AxisEvaluation,4,Mathlib.Analysis.Calculus.Deriv.Prod,mathlib
NavierStokes.AxisEvaluation,5,Mathlib.Analysis.SpecificLimits.Normed,mathlib
NavierStokes.AxisEvaluation,6,Mathlib.Data.Nat.Choose.Bounds,mathlib
NavierStokes.AxisEvaluation,7,Mathlib.Algebra.Order.Algebra,mathlib
NavierStokes.AxisEvaluation,8,Mathlib.Analysis.Normed.Group.Basic,mathlib
NavierStokes.AxisEvaluation,9,Mathlib.Analysis.Real.Sqrt,mathlib
NavierStokes.AxisEvaluation,10,Mathlib.Data.EReal.Inv,mathlib
NavierStokes.AxisEvaluation,11,Mathlib.Tactic.GCongr,mathlib
NavierStokes.AxisEvaluationAlgebra,1,NavierStokes.AxisEvaluation,in-tranche
NavierStokes.AxisEvaluationAlgebra,2,NavierStokes.AxisOperators,in-tranche
NavierStokes.AxisEvaluationAlgebra,3,Mathlib.Analysis.Normed.Ring.InfiniteSum,mathlib
NavierStokes.AxisEvaluationAlgebra,4,Mathlib.MeasureTheory.Integral.IntervalIntegral.FundThmCalculus,mathlib
NavierStokes.AxisHolomorphic,1,NavierStokes.AxisEvaluation,in-tranche
NavierStokes.AxisHolomorphic,2,Mathlib.Analysis.Complex.CauchyIntegral,mathlib
NavierStokes.AxisHolomorphic,3,Mathlib.Analysis.Complex.RealDeriv,mathlib
NavierStokes.AxisHolomorphicJoint,1,NavierStokes.AxisHolomorphic,in-tranche
NavierStokes.AxisHolomorphicJoint,2,NavierStokes.HolomorphicFamily,in-tranche
NavierStokes.AxisInverseFactors,1,NavierStokes.AxisOperators,in-tranche
NavierStokes.AxisJointAnalytic,1,NavierStokes.AxisAnalyticRadialSeries,in-tranche
NavierStokes.AxisJointAnalytic,2,NavierStokes.HolomorphicFamilyAnalytic,in-tranche
NavierStokes.AxisModelBounds,1,NavierStokes.AxisSeries,in-tranche
NavierStokes.AxisOperators,1,NavierStokes.AxisCoefficientSpace,in-tranche
NavierStokes.AxisOperators,2,Mathlib.Analysis.Normed.Operator.Bilinear,mathlib
NavierStokes.AxisOperators,3,Mathlib.Analysis.Calculus.Deriv.Mul,mathlib
NavierStokes.AxisOperators,4,Mathlib.Analysis.Calculus.Deriv.Add,mathlib
NavierStokes.AxisOperators,5,Mathlib.Tactic.Ring,mathlib
NavierStokes.AxisPreservation,1,NavierStokes.PhysicalWaveSum,in-tranche
NavierStokes.AxisPreservation,2,NavierStokes.SolenoidalDiagonal,in-tranche
NavierStokes.AxisProfile,1,Mathlib.Analysis.Calculus.Deriv.Pow,mathlib
NavierStokes.AxisProfile,2,Mathlib.Analysis.Calculus.Deriv.Mul,mathlib
NavierStokes.AxisProfile,3,Mathlib.Data.Nat.Factorial.Basic,mathlib
NavierStokes.AxisProfile,4,Mathlib.Tactic.FieldSimp,mathlib
NavierStokes.AxisProfile,5,Mathlib.Tactic.Linarith,mathlib
NavierStokes.AxisProfile,6,Mathlib.Tactic.NormNum,mathlib
NavierStokes.AxisProfile,7,Mathlib.Tactic.Positivity,mathlib
NavierStokes.AxisProfile,8,Mathlib.Tactic.Ring,mathlib
NavierStokes.AxisReference,1,NavierStokes.NaturalAxisBridge,in-tranche
NavierStokes.AxisReference,2,NavierStokes.AxisSeries,in-tranche
NavierStokes.AxisResolvent,1,NavierStokes.AxisCoefficientSpace,in-tranche
NavierStokes.AxisResolvent,2,NavierStokes.AxisOperators,in-tranche
NavierStokes.AxisResolvent,3,Mathlib.Analysis.Normed.Operator.ContinuousLinearMap,mathlib
NavierStokes.AxisResolvent,4,Mathlib.Analysis.SpecificLimits.Normed,mathlib
NavierStokes.AxisResolvent,5,Mathlib.Topology.Algebra.InfiniteSum.Ring,mathlib
NavierStokes.AxisResolvent,6,Mathlib.Tactic.GCongr,mathlib
NavierStokes.AxisRootPressureBounds,1,NavierStokes.NaturalAxisRange,in-tranche
NavierStokes.AxisSeries,1,NavierStokes.AxisProfile,in-tranche
NavierStokes.AxisSeries,2,Mathlib.Analysis.Calculus.SmoothSeries,mathlib
NavierStokes.AxisSeries,3,Mathlib.Analysis.SpecificLimits.Normed,mathlib
NavierStokes.AxisSeries,4,Mathlib.Topology.Algebra.InfiniteSum.NatInt,mathlib
NavierStokes.AxisSeries,5,Mathlib.Tactic.GCongr,mathlib
NavierStokes.AxisSourceRegularity,1,NavierStokes.SimilarityProfile,in-tranche
NavierStokes.AxisSourceRegularity,2,Mathlib.Algebra.BigOperators.NatAntidiagonal,mathlib
NavierStokes.AxisSourceRegularity,3,Mathlib.Analysis.Calculus.FDeriv.Analytic,mathlib
NavierStokes.AxisTailRegularity,1,NavierStokes.SlowResidualMatching,in-tranche
NavierStokes.AxisWeightEstimates,1,Mathlib.Data.Nat.Choose.Vandermonde,mathlib
NavierStokes.AxisWeightEstimates,2,Mathlib.Data.Nat.Choose.Cast,mathlib
NavierStokes.AxisWeightEstimates,3,Mathlib.Algebra.BigOperators.NatAntidiagonal,mathlib
NavierStokes.AxisWeightEstimates,4,Mathlib.Algebra.BigOperators.Intervals,mathlib
NavierStokes.AxisWeightEstimates,5,Mathlib.Data.Real.Basic,mathlib
NavierStokes.AxisWeightEstimates,6,Mathlib.Tactic.FieldSimp,mathlib
NavierStokes.AxisWeightEstimates,7,Mathlib.Tactic.Linarith,mathlib
NavierStokes.AxisWeightEstimates,8,Mathlib.Tactic.NormNum,mathlib
NavierStokes.AxisWeightEstimates,9,Mathlib.Tactic.Ring,mathlib
NavierStokes.AxisymmetricFields,1,NavierStokes.SpatialCurl,in-tranche
NavierStokes.AxisymmetricFields,2,Mathlib.Analysis.Calculus.ContDiff.Operations,mathlib
NavierStokes.AxisymmetricFields,3,Mathlib.Analysis.Calculus.FDeriv.Mul,mathlib
NavierStokes.AxisymmetricFields,4,Mathlib.Tactic.Ring,mathlib
NavierStokes.AxisymmetricResidual,1,NavierStokes.AxisymmetricFields,in-tranche
NavierStokes.AxisymmetricResidual,2,Mathlib.Tactic.Ring,mathlib
NavierStokes.AxisymmetricResidualGrouping,1,NavierStokes.HarmonicResidual,in-tranche
NavierStokes.BandReindexedSignedMeanGain,1,NavierStokes.SignedMeanGain,in-tranche
NavierStokes.BaseAngularGrowth,1,NavierStokes.FinalSlowBase,in-tranche
NavierStokes.BaseChartJets,1,NavierStokes.BasePhaseGeometry,in-tranche
NavierStokes.BaseChartJets,2,NavierStokes.SlowBorelBase,in-tranche
NavierStokes.BaseChartJets,3,NavierStokes.SimilarityHomogeneity,in-tranche
NavierStokes.BaseChartJets,4,NavierStokes.ConstructedSlowBase,in-tranche
NavierStokes.BaseChartJets,5,NavierStokes.PositiveRepresentatives,in-tranche
NavierStokes.BaseContextAssembly,1,NavierStokes.FinalSlowBase,in-tranche
NavierStokes.BaseContextAssembly,2,NavierStokes.LocalSignedRequest,in-tranche
NavierStokes.BaseContextAssembly,3,NavierStokes.LocalRankDefect,in-tranche
NavierStokes.BaseContextAssembly,4,NavierStokes.PrimaryResidualClass,in-tranche
NavierStokes.BaseContextAssembly,5,NavierStokes.PrimaryMaterialDefect,in-tranche
NavierStokes.BaseContextAssembly,6,NavierStokes.PhysicalResidualTZ,in-tranche
NavierStokes.BaseContextAssembly,7,NavierStokes.PrimaryTargetBounds,in-tranche
NavierStokes.BaseContextAssembly,8,NavierStokes.AllBandBaseJets,in-tranche
NavierStokes.BaseExterior,1,NavierStokes.BaseResidual,in-tranche
NavierStokes.BaseExterior,2,NavierStokes.PhysicalHeatCoordinates,in-tranche
NavierStokes.BaseExterior,3,NavierStokes.TerminalPressure,in-tranche
NavierStokes.BaseExterior,4,NavierStokes.HeatProfileExtension,in-tranche
NavierStokes.BaseExterior,5,NavierStokes.AssembledSlowBase,in-tranche
NavierStokes.BasePhaseGeometry,1,NavierStokes.PrimaryPulseBounds,in-tranche
NavierStokes.BasePhaseGeometry,2,NavierStokes.PhaseEstimates,in-tranche
NavierStokes.BasePhaseGeometry,3,NavierStokes.ChartScales,in-tranche
NavierStokes.BasePhaseGeometry,4,NavierStokes.PrimaryCovarianceBounds,in-tranche
NavierStokes.BasePhaseGeometry,5,NavierStokes.PrimaryRepresentatives,in-tranche
NavierStokes.BasePrefixIdentity,1,NavierStokes.BaseResidual,in-tranche
NavierStokes.BasePrefixIdentity,2,NavierStokes.SlowDivergence,in-tranche
NavierStokes.BaseRadialJets,1,NavierStokes.BaseChartJets,in-tranche
NavierStokes.BaseRadialJets,2,NavierStokes.UniformPrimaryWeights,in-tranche
NavierStokes.BaseRadialJets,3,NavierStokes.FinalSlowBase,in-tranche
NavierStokes.BaseRankPatch,1,NavierStokes.BaseChartJets,in-tranche
NavierStokes.BaseRankPatch,2,NavierStokes.FinalSlowBase,in-tranche
NavierStokes.BaseRankPatch,3,NavierStokes.MeanRankUpdate,in-tranche
NavierStokes.BaseRankPatch,4,NavierStokes.VariableGaugeMean,in-tranche
NavierStokes.BaseResidual,1,NavierStokes.SlowBorelBase,in-tranche
NavierStokes.BaseResidual,2,NavierStokes.NaturalCore,in-tranche
NavierStokes.BaseResidual,3,NavierStokes.DiagonalResidual,in-tranche
NavierStokes.BaseResidual,4,NavierStokes.ParametricModulation,in-tranche
NavierStokes.BaseResidual,5,NavierStokes.SlowResidualMatching,in-tranche
NavierStokes.BaseResidual,6,NavierStokes.ParametricRadialExtension,in-tranche
NavierStokes.BaseResidual,7,NavierStokes.ActiveAnnulusWeight,in-tranche
NavierStokes.BaseResidual,8,NavierStokes.AxisTailRegularity,in-tranche
NavierStokes.BaseResidual,9,NavierStokes.SlowFirstOrderEdge,in-tranche
NavierStokes.BaseStressClasses,1,NavierStokes.BaseContextAssembly,in-tranche
NavierStokes.BaseWitnessClosure,1,NavierStokes.ActualInitialization,in-tranche
NavierStokes.BaseWitnessClosure,2,NavierStokes.ActualCarrierGeometry,in-tranche
NavierStokes.BlowupImplication,1,Mathlib.Analysis.SpecialFunctions.Pow.Asymptotics,mathlib
NavierStokes.BlowupImplication,2,Mathlib.Analysis.Normed.Module.Basic,mathlib
NavierStokes.BlowupImplication,3,Mathlib.Topology.Order.LeftRightNhds,mathlib
NavierStokes.BlowupImplication,4,Mathlib.Tactic.Linarith,mathlib
NavierStokes.BorelExtension,1,NavierStokes.SmoothCutoffs,in-tranche
NavierStokes.BorelExtension,2,NavierStokes.DiagonalScale,in-tranche
NavierStokes.BorelExtension,3,Mathlib.Analysis.Calculus.SmoothSeries,mathlib
NavierStokes.BorelExtension,4,Mathlib.Analysis.Calculus.Deriv.Pow,mathlib
NavierStokes.BoundaryAxisJets,1,NavierStokes.EvenSmoothDescent,in-tranche
NavierStokes.BoundaryAxisJets,2,NavierStokes.ParametricEvenDescent,in-tranche
NavierStokes.BoundaryAxisJets,3,NavierStokes.HolomorphicFamily,in-tranche
NavierStokes.BoundaryAxisJets,4,NavierStokes.VolterraRegularity,in-tranche
NavierStokes.BoundaryAxisJets,5,Mathlib.Analysis.Complex.LocallyUniformLimit,mathlib
NavierStokes.BoundaryAxisJets,6,Mathlib.Analysis.Calculus.Deriv.Slope,mathlib
NavierStokes.BoundaryCoordinates,1,Mathlib.Analysis.Calculus.TangentCone.Prod,mathlib
NavierStokes.BoundaryCoordinates,2,NavierStokes.SimilarityCoordinates,in-tranche
NavierStokes.BoundaryCoordinates,3,Mathlib.Data.Real.Sign,mathlib
NavierStokes.BoundaryCoordinates,4,Mathlib.Analysis.Calculus.ContDiff.Comp,mathlib
NavierStokes.BoundaryCoordinates,5,Mathlib.Topology.UniformSpace.LocallyUniformConvergence,mathlib
NavierStokes.CandidateAssembly,1,NavierStokes.TimeLocalization,in-tranche
NavierStokes.CandidateAssembly,2,NavierStokes.ResidualRegularity,in-tranche
NavierStokes.CandidateAssembly,3,Mathlib.Tactic.Linarith,mathlib
NavierStokes.CandidateAssembly,4,Mathlib.Tactic.NormNum,mathlib
NavierStokes.CandidateConsequences,1,NavierStokes.MaximalLifespan,in-tranche
NavierStokes.CandidateConsequences,2,NavierStokes.PeriodicSobolev,in-tranche
NavierStokes.CandidateConsequences,3,NavierStokes.CompactForceDecay,in-tranche
NavierStokes.CandidateConsequences,4,NavierStokes.CandidateFromLimits,in-tranche
NavierStokes.CandidateConsequences,5,NavierStokes.MixedPeriodicAssembly,in-tranche
NavierStokes.CandidateFromLimits,1,NavierStokes.PastExtension,in-tranche
NavierStokes.CandidateFromLimits,2,NavierStokes.SpacetimeGluing,in-tranche
NavierStokes.CandidateFromLimits,3,NavierStokes.CompactForceDecay,in-tranche
NavierStokes.CartesianCopySource,1,NavierStokes.LocalPhysicalCopyBounds,in-tranche
NavierStokes.CauchyRestriction,1,Mathlib.Analysis.Complex.Liouville,mathlib
NavierStokes.CauchyRestriction,2,Mathlib.Topology.ContinuousMap.Compact,mathlib
NavierStokes.CauchyRestriction,3,Mathlib.MeasureTheory.Integral.Bochner.ContinuousLinearMap,mathlib
NavierStokes.CauchyRestriction,4,Mathlib.Tactic.FieldSimp,mathlib
NavierStokes.CauchyRestriction,5,Mathlib.Tactic.Linarith,mathlib
NavierStokes.CauchyRestriction,6,Mathlib.Tactic.Positivity,mathlib
NavierStokes.CauchyRestriction,7,Mathlib.Tactic.Ring,mathlib
NavierStokes.ChartScales,1,NavierStokes.SlotColoring,in-tranche
NavierStokes.ChartScales,2,NavierStokes.Scaling,in-tranche
NavierStokes.ChartScales,3,Mathlib.Analysis.SpecialFunctions.Pow.Asymptotics,mathlib
NavierStokes.ClosedIntervalCk,1,Mathlib.Analysis.Calculus.ContDiff.Deriv,mathlib
NavierStokes.ClosedIntervalCk,2,Mathlib.Analysis.Calculus.IteratedDeriv.Lemmas,mathlib
NavierStokes.ClosedIntervalCk,3,Mathlib.MeasureTheory.Integral.IntervalIntegral.FundThmCalculus,mathlib
NavierStokes.ClosedIntervalCk,4,Mathlib.Topology.ContinuousMap.Interval,mathlib
NavierStokes.ClosedIntervalCk,5,Mathlib.Topology.ContinuousMap.Compact,mathlib
NavierStokes.ClosedIntervalCk,6,Mathlib.Analysis.Normed.Module.FiniteDimension,mathlib
NavierStokes.ClosedIntervalCkOperators,1,NavierStokes.ClosedIntervalCk,in-tranche
NavierStokes.ClosedIntervalCkOperators,2,Mathlib.Analysis.Calculus.ContDiff.Bounds,mathlib
NavierStokes.ClosedIntervalCkOperators,3,Mathlib.Analysis.Normed.Operator.Bilinear,mathlib
NavierStokes.ClosedIntervalCkOperators,4,Mathlib.Data.Nat.Choose.Sum,mathlib
NavierStokes.ClosedIntervalJetAlgebra,1,NavierStokes.WeightedQuotients,in-tranche
NavierStokes.ClosedIntervalJetAlgebra,2,Mathlib.Analysis.Calculus.MeanValue,mathlib
NavierStokes.ClosedIntervalMomentRepair,1,NavierStokes.ClosedIntervalCkOperators,in-tranche
NavierStokes.ClosedIntervalMomentRepair,2,NavierStokes.MomentRepairPicard,in-tranche
NavierStokes.ClosedIntervalMomentRepair,3,NavierStokes.QuadraticLinearization,in-tranche
NavierStokes.ClosedIntervalMomentRepair,4,NavierStokes.SmoothQuadraticBranch,in-tranche
NavierStokes.ClosedNativeWaveIdentities,1,NavierStokes.LocalizedCurlRealization,in-tranche
NavierStokes.ClosedNativeWaveIdentities,2,NavierStokes.CopyAngularInvariance,in-tranche
NavierStokes.CommonBaseContext,1,NavierStokes.BaseContextAssembly,in-tranche
NavierStokes.CommonBaseContext,2,NavierStokes.BaseStressClasses,in-tranche
NavierStokes.CommonBaseContext,3,NavierStokes.PhysicalResidualNaturality,in-tranche
NavierStokes.CommonCoverClass,1,NavierStokes.CommonCoverSolve,in-tranche
NavierStokes.CommonCoverClass,2,NavierStokes.PhysicalGraphBounds,in-tranche
NavierStokes.CommonCoverClass,3,NavierStokes.WeightedClasses,in-tranche
NavierStokes.CommonCoverClass,4,NavierStokes.SimilarityHomogeneity,in-tranche
NavierStokes.CommonCoverSolve,1,NavierStokes.TorusAverages,in-tranche
NavierStokes.CommonCoverSolve,2,NavierStokes.SlotGeometry,in-tranche
NavierStokes.CommonCoverSolve,3,NavierStokes.SmoothPathFamily,in-tranche
NavierStokes.CommonCoverSolve,4,NavierStokes.JointODE,in-tranche
NavierStokes.CommonCoverSolve,5,NavierStokes.WeightedODEJets,in-tranche
NavierStokes.CommonCoverWithin,1,NavierStokes.WithinJointODE,in-tranche
NavierStokes.CommonCoverWithin,2,NavierStokes.CommonCoverSolve,in-tranche
NavierStokes.CommonCoverWithin,3,NavierStokes.CommonCoverClass,in-tranche
NavierStokes.CompactForceDecay,1,NavierStokes.ProblemStatement,in-tranche
NavierStokes.CompactForceDecay,2,Mathlib.Analysis.Calculus.ContDiff.Operations,mathlib
NavierStokes.CompactForceDecay,3,Mathlib.Analysis.Normed.Group.Bounded,mathlib
NavierStokes.CompactForceDecay,4,Mathlib.Analysis.SpecialFunctions.Pow.Real,mathlib
NavierStokes.CompactForceDecay,5,Mathlib.Algebra.Order.Floor.Ring,mathlib
NavierStokes.CompactForceDecay,6,Mathlib.Algebra.Ring.Periodic,mathlib
NavierStokes.CompactForceDecay,7,Mathlib.Tactic.Linarith,mathlib
NavierStokes.CompactForceDecay,8,Mathlib.Tactic.NormNum,mathlib
NavierStokes.CompactHolomorphicFamily,1,NavierStokes.HolomorphicFamily,in-tranche
NavierStokes.CompactSmoothFamily,1,Mathlib.Analysis.Calculus.MeanValue,mathlib
NavierStokes.CompactSmoothFamily,2,Mathlib.Analysis.Calculus.ContDiff.Operations,mathlib
NavierStokes.CompactSmoothFamily,3,Mathlib.Topology.ContinuousMap.Compact,mathlib
NavierStokes.CompactSmoothFamily,4,Mathlib.Topology.CompactOpen,mathlib
NavierStokes.CompactSpatialForceDecay,1,NavierStokes.ComparatorBridge,in-tranche
NavierStokes.ComparatorBridge,1,NavierStokes.ComparatorDefinitions,in-tranche
NavierStokes.ComparatorBridge,2,NavierStokes.ProblemStatement,in-tranche
NavierStokes.ComparatorDefinitions,20,Mathlib,mathlib
NavierStokes.ComparatorR3Bridge,1,NavierStokes.ComparatorBridge,in-tranche
NavierStokes.ComparatorR3Theorem,1,NavierStokes.R3FiniteEnergyComparison,in-tranche
NavierStokes.ComparatorR3Theorem,2,NavierStokes.R3ActualCandidate,in-tranche
NavierStokes.ComparatorR3Theorem,3,NavierStokes.R3.Theorem,in-tranche
NavierStokes.ComparatorR3Theorem,4,NavierStokes.R3.ComparatorBridge,in-tranche
NavierStokes.ComparatorSolution,1,NavierStokes.ComparatorR3Theorem,in-tranche
NavierStokes.ComparatorSolution,2,NavierStokes.ComparatorTheorem,in-tranche
NavierStokes.ComparatorTheorem,1,NavierStokes.ComparatorBridge,in-tranche
NavierStokes.ComparatorTheorem,2,NavierStokes.ActualCandidateAssembly,in-tranche
NavierStokes.ComparatorTheorem,3,NavierStokes.CandidateConsequences,in-tranche
NavierStokes.ComparatorTheorem,4,NavierStokes.PeriodicPaperComparator,in-tranche
NavierStokes.ConeAlgebra,1,Mathlib.Analysis.Real.Sqrt,mathlib
NavierStokes.ConeAlgebra,2,Mathlib.Tactic.FieldSimp,mathlib
NavierStokes.ConeAlgebra,3,Mathlib.Tactic.Linarith,mathlib
NavierStokes.ConeAlgebra,4,Mathlib.Tactic.Ring,mathlib
NavierStokes.ConstructedSlowBase,1,NavierStokes.AssembledSlowBase,in-tranche
NavierStokes.ConstructedSlowBase,2,NavierStokes.GlobalStressSupport,in-tranche
NavierStokes.ConstructedSlowBase,3,NavierStokes.BasePrefixIdentity,in-tranche
NavierStokes.ConstructedSlowBase,4,NavierStokes.PreparedOutgoing,in-tranche
NavierStokes.ConstructedSlowBase,5,NavierStokes.BaseExterior,in-tranche
NavierStokes.ConstructedSlowBase,6,NavierStokes.TerminalHistoryBridge,in-tranche
NavierStokes.ConstructedSlowBase,7,NavierStokes.ModulatedProfileAssembly,in-tranche
NavierStokes.ConstructedSlowBase,8,NavierStokes.FirstOrderBaseEdge,in-tranche
NavierStokes.CoordinateAlgebra,1,Mathlib.Analysis.SpecialFunctions.Pow.Real,mathlib
NavierStokes.CoordinateAlgebra,2,Mathlib.Tactic.FieldSimp,mathlib
NavierStokes.CoordinateAlgebra,3,Mathlib.Tactic.Linarith,mathlib
NavierStokes.CoordinateAlgebra,4,Mathlib.Tactic.Ring,mathlib
NavierStokes.CopyAngularInvariance,1,NavierStokes.CopySolveCompatibility,in-tranche
NavierStokes.CopyAngularInvariance,2,NavierStokes.LinearWaveBounds,in-tranche
NavierStokes.CopyAngularInvariance,3,NavierStokes.HarmonicFields,in-tranche
NavierStokes.CopySolveCompatibility,1,NavierStokes.CommonCoverClass,in-tranche
NavierStokes.CorrectedPressureBounds,1,NavierStokes.FuturePressureBounds,in-tranche
NavierStokes.CorrectedPressureBounds,2,NavierStokes.TransportPrimitive,in-tranche
NavierStokes.CorrectedPulseAmplitude,1,NavierStokes.PulseAmplitude,in-tranche
NavierStokes.CorrectedPulseAmplitude,2,NavierStokes.ResetEnergyBounds,in-tranche
NavierStokes.CorrectionAnalyticStep,1,NavierStokes.CorrectionStep,in-tranche
NavierStokes.CorrectionAnalyticStep,2,NavierStokes.CrossBasedMeanComposition,in-tranche
NavierStokes.CorrectionAnalyticStep,3,NavierStokes.ActualCycleExcluded,in-tranche
NavierStokes.CorrectionAnalyticStep,4,NavierStokes.CycleMeanEquation,in-tranche
NavierStokes.CorrectionAnalyticStep,5,NavierStokes.SignedCrossDefectClass,in-tranche
NavierStokes.CorrectionInitialization,1,NavierStokes.CorrectionState,in-tranche
NavierStokes.CorrectionInitialization,2,NavierStokes.PartitionedCovariance,in-tranche
NavierStokes.CorrectionInitialization,3,NavierStokes.LinearWaveBounds,in-tranche
NavierStokes.CorrectionInitialization,4,NavierStokes.TemporalMeanUpdate,in-tranche
NavierStokes.CorrectionInitialization,5,NavierStokes.MeanRankUpdate,in-tranche
NavierStokes.CorrectionInitialization,6,NavierStokes.CorrectionStep,in-tranche
NavierStokes.CorrectionInitialization,7,NavierStokes.IntegratedMeanBalances,in-tranche
NavierStokes.CorrectionInitialization,8,NavierStokes.DefectIncrementBounds,in-tranche
NavierStokes.CorrectionInitialization,9,NavierStokes.WaveInteractionBounds,in-tranche
NavierStokes.CorrectionInitialization,10,NavierStokes.HarmonicCovariance,in-tranche
NavierStokes.CorrectionInitialization,11,NavierStokes.ErrorHarmonics,in-tranche
NavierStokes.CorrectionInitialization,12,NavierStokes.PrimaryFieldAssembly,in-tranche
NavierStokes.CorrectionInitialization,13,NavierStokes.ParticularWaveBounds,in-tranche
NavierStokes.CorrectionInitialization,14,NavierStokes.StateMomentBalances,in-tranche
NavierStokes.CorrectionInitialization,15,NavierStokes.SignedWaveUpdate,in-tranche
NavierStokes.CorrectionInitialization,16,NavierStokes.VariableGaugeMean,in-tranche
NavierStokes.CorrectionInitialization,17,NavierStokes.PrimaryMaterialDefect,in-tranche
NavierStokes.CorrectionInitialization,18,NavierStokes.PrimaryResidualClass,in-tranche
NavierStokes.CorrectionInitialization,19,NavierStokes.LabelSumBounds,in-tranche
NavierStokes.CorrectionInitialization,20,NavierStokes.LocalRankDefect,in-tranche
NavierStokes.CorrectionInitialization,21,NavierStokes.UniformPrimaryWeights,in-tranche
NavierStokes.CorrectionInitialization,22,NavierStokes.RankStateBounds,in-tranche
NavierStokes.CorrectionInitialization,23,NavierStokes.MovingMomentBounds,in-tranche
NavierStokes.CorrectionInitialization,24,NavierStokes.GaugeMassPreservation,in-tranche
NavierStokes.CorrectionInitialization,25,NavierStokes.PrimaryTargetBounds,in-tranche
NavierStokes.CorrectionInitialization,26,NavierStokes.BaseContextAssembly,in-tranche
NavierStokes.CorrectionInitialization,27,NavierStokes.CommonBaseContext,in-tranche
NavierStokes.CorrectionInitialization,28,NavierStokes.PeriodicPhaseAssembly,in-tranche
NavierStokes.CorrectionInitialization,29,NavierStokes.BaseRankPatch,in-tranche
NavierStokes.CorrectionInitialization,30,NavierStokes.ActualSignedGeometry,in-tranche
NavierStokes.CorrectionInitialization,31,NavierStokes.NativeBandExtension,in-tranche
NavierStokes.CorrectionInitializationNoOptions,1,NavierStokes.CorrectionState,in-tranche
NavierStokes.CorrectionInitializationNoOptions,2,NavierStokes.PartitionedCovariance,in-tranche
NavierStokes.CorrectionInitializationNoOptions,3,NavierStokes.LinearWaveBounds,in-tranche
NavierStokes.CorrectionInitializationNoOptions,4,NavierStokes.TemporalMeanUpdate,in-tranche
NavierStokes.CorrectionInitializationNoOptions,5,NavierStokes.MeanRankUpdate,in-tranche
NavierStokes.CorrectionInitializationNoOptions,6,NavierStokes.CorrectionStep,in-tranche
NavierStokes.CorrectionInitializationNoOptions,7,NavierStokes.IntegratedMeanBalances,in-tranche
NavierStokes.CorrectionInitializationNoOptions,8,NavierStokes.DefectIncrementBounds,in-tranche
NavierStokes.CorrectionInitializationNoOptions,9,NavierStokes.WaveInteractionBounds,in-tranche
NavierStokes.CorrectionInitializationNoOptions,10,NavierStokes.HarmonicCovariance,in-tranche
NavierStokes.CorrectionInitializationNoOptions,11,NavierStokes.ErrorHarmonics,in-tranche
NavierStokes.CorrectionInitializationNoOptions,12,NavierStokes.PrimaryFieldAssembly,in-tranche
NavierStokes.CorrectionInitializationNoOptions,13,NavierStokes.ParticularWaveBounds,in-tranche
NavierStokes.CorrectionInitializationNoOptions,14,NavierStokes.StateMomentBalances,in-tranche
NavierStokes.CorrectionInitializationNoOptions,15,NavierStokes.SignedWaveUpdate,in-tranche
NavierStokes.CorrectionInitializationNoOptions,16,NavierStokes.VariableGaugeMean,in-tranche
NavierStokes.CorrectionInitializationNoOptions,17,NavierStokes.PrimaryMaterialDefect,in-tranche
NavierStokes.CorrectionInitializationNoOptions,18,NavierStokes.PrimaryResidualClass,in-tranche
NavierStokes.CorrectionInitializationNoOptions,19,NavierStokes.LabelSumBounds,in-tranche
NavierStokes.CorrectionInitializationNoOptions,20,NavierStokes.LocalRankDefect,in-tranche
NavierStokes.CorrectionInitializationNoOptions,21,NavierStokes.UniformPrimaryWeights,in-tranche
NavierStokes.CorrectionInitializationNoOptions,22,NavierStokes.RankStateBounds,in-tranche
NavierStokes.CorrectionInitializationNoOptions,23,NavierStokes.MovingMomentBounds,in-tranche
NavierStokes.CorrectionInitializationNoOptions,24,NavierStokes.GaugeMassPreservation,in-tranche
NavierStokes.CorrectionInitializationNoOptions,25,NavierStokes.PrimaryTargetBounds,in-tranche
NavierStokes.CorrectionInitializationNoOptions,26,NavierStokes.BaseContextAssembly,in-tranche
NavierStokes.CorrectionInitializationNoOptions,27,NavierStokes.CommonBaseContext,in-tranche
NavierStokes.CorrectionInitializationNoOptions,28,NavierStokes.PeriodicPhaseAssembly,in-tranche
NavierStokes.CorrectionInitializationNoOptions,29,NavierStokes.BaseRankPatch,in-tranche
NavierStokes.CorrectionInitializationNoOptions,30,NavierStokes.ActualSignedGeometry,in-tranche
NavierStokes.CorrectionInitializationNoOptions,31,NavierStokes.NativeBandExtension,in-tranche
NavierStokes.CorrectionState,1,NavierStokes.MeanIncrementBounds,in-tranche
NavierStokes.CorrectionState,2,NavierStokes.HarmonicFields,in-tranche
NavierStokes.CorrectionState,3,NavierStokes.TemporalMeanUpdate,in-tranche
NavierStokes.CorrectionState,4,NavierStokes.MeanRankUpdate,in-tranche
NavierStokes.CorrectionStep,1,NavierStokes.LabelSupportPreservation,in-tranche
NavierStokes.CorrectionStep,2,NavierStokes.HarmonicStructurePreservation,in-tranche
NavierStokes.CorrectionStep,3,NavierStokes.LocalResidualGrouping,in-tranche
NavierStokes.CorrectionStep,4,NavierStokes.AxisymmetricResidualGrouping,in-tranche
NavierStokes.CorrectionStep,5,NavierStokes.MeanBoundsReindex,in-tranche
NavierStokes.CorrectionStep,6,NavierStokes.MeanStageRegularity,in-tranche
NavierStokes.CorrectionStep,7,NavierStokes.WaveStateRegularity,in-tranche
NavierStokes.CorrectionStep,8,NavierStokes.MeanStateRegularity,in-tranche
NavierStokes.CorrectionStep,9,NavierStokes.BandReindexedSignedMeanGain,in-tranche
NavierStokes.CorrectionStep,10,NavierStokes.PhysicalResidualNaturality,in-tranche
NavierStokes.CorrectionStep,11,NavierStokes.UniformBlockBounds,in-tranche
NavierStokes.CorrectionStep,12,NavierStokes.UniformHarmonicInteraction,in-tranche
NavierStokes.CorrectionStep,13,NavierStokes.LocalizedCurlRealization,in-tranche
NavierStokes.CorrectionStep,14,NavierStokes.LocalizedMeanInteraction,in-tranche
NavierStokes.CorrectionStep,15,NavierStokes.HarmonicSourceSupport,in-tranche
NavierStokes.CorrectionStep,16,NavierStokes.NativePrincipalEquations,in-tranche
NavierStokes.CorrectionStep,17,NavierStokes.ParticularCopyBounds,in-tranche
NavierStokes.CorrectionStep,18,NavierStokes.SignedCopyBounds,in-tranche
NavierStokes.CorrectionStep,19,NavierStokes.LocalizedWaveBounds,in-tranche
NavierStokes.CorrectionStep,20,NavierStokes.MovingMomentBounds,in-tranche
NavierStokes.CorrectionStep,21,NavierStokes.GaugeDebtIncrement,in-tranche
NavierStokes.CorrectionStep,22,NavierStokes.GaugeMassPreservation,in-tranche
NavierStokes.CorrectionStep,23,NavierStokes.RankStateBounds,in-tranche
NavierStokes.CorrectionStep,24,NavierStokes.SignedMeanGain,in-tranche
NavierStokes.CorrectionStep,25,NavierStokes.PeriodizedWaveBounds,in-tranche
NavierStokes.CorrectionStep,26,NavierStokes.MeanIncrementBounds,in-tranche
NavierStokes.CorrectionStep,27,NavierStokes.HarmonicFields,in-tranche
NavierStokes.CorrectionStep,28,NavierStokes.ExponentLedger,in-tranche
NavierStokes.CorrectionStep,29,NavierStokes.CorrectionState,in-tranche
NavierStokes.CorrectionStep,30,NavierStokes.LinearWaveResidual,in-tranche
NavierStokes.CorrectionStep,31,NavierStokes.DefectIncrementBounds,in-tranche
NavierStokes.CorrectionStep,32,NavierStokes.HarmonicResidual,in-tranche
NavierStokes.CorrectionStep,33,NavierStokes.LiftedMeanResidual,in-tranche
NavierStokes.CorrectionStep,34,NavierStokes.MeanChartCompatibility,in-tranche
NavierStokes.CorrectionStep,35,NavierStokes.HarmonicCovariance,in-tranche
NavierStokes.CorrectionStep,36,NavierStokes.HarmonicMeanInteraction,in-tranche
NavierStokes.CorrectionStep,37,NavierStokes.PhysicalMeanDomain,in-tranche
NavierStokes.CorrectionStep,38,NavierStokes.SignedWaveUpdate,in-tranche
NavierStokes.CorrectionStep,39,NavierStokes.VariableGaugeMean,in-tranche
NavierStokes.CorrectionStep,40,NavierStokes.PhysicalResidualBridge,in-tranche
NavierStokes.CorrectionStep,41,NavierStokes.LabelSumBounds,in-tranche
NavierStokes.CorrectionStep,42,NavierStokes.HarmonicWaveInteraction,in-tranche
NavierStokes.CorrectionStep,43,NavierStokes.LocalSignedRequest,in-tranche
NavierStokes.CorrectionStep,44,NavierStokes.ParticularWaveAssembly,in-tranche
NavierStokes.CorrectionStep,45,NavierStokes.LocalRankDefect,in-tranche
NavierStokes.CorrectionStep,46,NavierStokes.StateReindex,in-tranche
NavierStokes.Covariance,1,Mathlib.Analysis.Real.Sqrt,mathlib
NavierStokes.Covariance,2,Mathlib.LinearAlgebra.Matrix.NonsingularInverse,mathlib
NavierStokes.Covariance,3,Mathlib.Tactic.FieldSimp,mathlib
NavierStokes.Covariance,4,Mathlib.Tactic.FinCases,mathlib
NavierStokes.Covariance,5,Mathlib.Tactic.Linarith,mathlib
NavierStokes.Covariance,6,Mathlib.Tactic.Positivity,mathlib
NavierStokes.Covariance,7,Mathlib.Tactic.Ring,mathlib
NavierStokes.CrossBasedMeanComposition,1,NavierStokes.CorrectionStep,in-tranche
NavierStokes.CrossBasedMeanComposition,2,NavierStokes.FiniteHeadClass,in-tranche
NavierStokes.CurlClassBounds,1,NavierStokes.OscillatoryCurl,in-tranche
NavierStokes.CurlClassBounds,2,NavierStokes.HarmonicCalculus,in-tranche
NavierStokes.CurlClassBounds,3,NavierStokes.WeightedClasses,in-tranche
NavierStokes.CurlClassBounds,4,NavierStokes.PhaseJetBounds,in-tranche
NavierStokes.CurlClassBounds,5,NavierStokes.Scaling,in-tranche
NavierStokes.CurlClassBounds,6,Mathlib.Analysis.Calculus.FDeriv.Symmetric,mathlib
NavierStokes.CurlClassBounds,7,Mathlib.Analysis.Calculus.ContDiff.WithLp,mathlib
NavierStokes.CurlGeometry,1,Mathlib.Data.Complex.Basic,mathlib
NavierStokes.CurlGeometry,2,Mathlib.LinearAlgebra.Matrix.Notation,mathlib
NavierStokes.CurlGeometry,3,Mathlib.Tactic.FieldSimp,mathlib
NavierStokes.CurlGeometry,4,Mathlib.Tactic.FinCases,mathlib
NavierStokes.CurlGeometry,5,Mathlib.Tactic.Linarith,mathlib
NavierStokes.CurlGeometry,6,Mathlib.Tactic.Ring,mathlib
NavierStokes.CurrentModeGeometry,1,NavierStokes.CurrentPhysicalModeGerms,in-tranche
NavierStokes.CurrentModeGeometry,2,NavierStokes.ActualCurrentWaveSupport,in-tranche
NavierStokes.CurrentParticularLabelBounds,1,NavierStokes.ActualCurrentWaveSupport,in-tranche
NavierStokes.CurrentParticularLabelBounds,2,NavierStokes.LabelSumBounds,in-tranche
NavierStokes.CurrentParticularPhysicalCoherence,1,NavierStokes.ActualCurrentParticularPhysical,in-tranche
NavierStokes.CurrentParticularPhysicalCoherence,2,NavierStokes.PhysicalParticularWave,in-tranche
NavierStokes.CurrentPhysicalChartJets,1,NavierStokes.ActualSignedPhysicalData,in-tranche
NavierStokes.CurrentPhysicalChartJets,2,NavierStokes.PhysicalParticularWave,in-tranche
NavierStokes.CurrentPhysicalChartJets,3,NavierStokes.CartesianCopySource,in-tranche
NavierStokes.CurrentPhysicalChartJets,4,NavierStokes.WaveEnvelopeTransport,in-tranche
NavierStokes.CurrentPhysicalModeGerms,1,NavierStokes.ActualCurrentParticularPhysical,in-tranche
NavierStokes.CurrentPhysicalModeGerms,2,NavierStokes.ResidualPolarGraph,in-tranche
NavierStokes.CurrentPhysicalModeGerms,3,NavierStokes.CurrentPhysicalChartJets,in-tranche
NavierStokes.CurrentPhysicalRadialClosure,1,NavierStokes.ActualCurrentParticularBounds,in-tranche
NavierStokes.CurrentSignedCurl,1,NavierStokes.ActualSignedPotentialCoherence,in-tranche
NavierStokes.CurrentSignedCurl,2,NavierStokes.ActualSignedOutputBounds,in-tranche
NavierStokes.CurrentSignedCurl,3,NavierStokes.ActualSignedCommonDynamics,in-tranche
NavierStokes.CurrentSignedCurl,4,NavierStokes.ActualPhysicalPrefixFields,in-tranche
NavierStokes.CutStageEstimates,1,NavierStokes.DiagonalJetBounds,in-tranche
NavierStokes.CutStageEstimates,2,NavierStokes.PhysicalCoordinateBounds,in-tranche
NavierStokes.CutStageEstimates,3,NavierStokes.PhysicalWaveSum,in-tranche
NavierStokes.CycleContinuationInvariant,1,NavierStokes.WaveStageContinuation,in-tranche
NavierStokes.CycleContinuationInvariant,2,NavierStokes.MeanStageContinuation,in-tranche
NavierStokes.CycleContinuationInvariant,3,NavierStokes.CorrectionStep,in-tranche
NavierStokes.CycleMeanEquation,1,NavierStokes.CorrectionStep,in-tranche
NavierStokes.CycleMeanEquation,2,NavierStokes.ActualInitialMeanEquation,in-tranche
NavierStokes.CyclePhysicalPrefixes,1,NavierStokes.CorrectionStep,in-tranche
NavierStokes.CyclePhysicalPrefixes,2,NavierStokes.PhysicalResidualTZ,in-tranche
NavierStokes.CyclePhysicalPrefixes,3,NavierStokes.PhysicalCurlCovariance,in-tranche
NavierStokes.CyclePhysicalPrefixes,4,NavierStokes.MixedDiagonalResidual,in-tranche
NavierStokes.CycleStateCoherence,1,NavierStokes.CorrectionStep,in-tranche
NavierStokes.CycleStateCoherence,2,NavierStokes.GaugeStateCoherence,in-tranche
NavierStokes.CycleStateCoherence,3,NavierStokes.TemporalStateCoherence,in-tranche
NavierStokes.CycleStateCoherence,4,NavierStokes.RankStateCoherence,in-tranche
NavierStokes.CycleStateCoherence,5,NavierStokes.MeanStageRegularity,in-tranche
NavierStokes.CylindricalResidual,1,NavierStokes.LocalAxisymmetricResidual,in-tranche
NavierStokes.CylindricalResidual,2,Mathlib.Analysis.SpecialFunctions.Trigonometric.Deriv,mathlib
NavierStokes.CylindricalResidual,3,Mathlib.Tactic.FieldSimp,mathlib
NavierStokes.CylindricalResidual,4,Mathlib.Tactic.Module,mathlib
NavierStokes.CylindricalResidual,5,Mathlib.Tactic.LinearCombination,mathlib
NavierStokes.DefectIncrementBounds,1,NavierStokes.MeanMomentBounds,in-tranche
NavierStokes.DefectIncrementBounds,2,NavierStokes.MeanIncrementBounds,in-tranche
NavierStokes.DefectIncrementBounds,3,NavierStokes.MeanRankUpdate,in-tranche
NavierStokes.DefectIncrementBounds,4,NavierStokes.CorrectionState,in-tranche
NavierStokes.DependentSignedPhysicalFamily,1,NavierStokes.ActualSignedPhysicalData,in-tranche
NavierStokes.DiagonalJetBounds,1,NavierStokes.SolenoidalDiagonal,in-tranche
NavierStokes.DiagonalJetBounds,2,Mathlib.Analysis.Normed.Group.InfiniteSum,mathlib
NavierStokes.DiagonalJetBoundsNoOptions,1,NavierStokes.SolenoidalDiagonal,in-tranche
NavierStokes.DiagonalJetBoundsNoOptions,2,Mathlib.Analysis.Normed.Group.InfiniteSum,mathlib
NavierStokes.DiagonalResidual,1,NavierStokes.DiagonalJetBounds,in-tranche
NavierStokes.DiagonalResidual,2,NavierStokes.ResidualStability,in-tranche
NavierStokes.DiagonalScale,1,Mathlib.Analysis.SpecialFunctions.Pow.Asymptotics,mathlib
NavierStokes.DiagonalScale,2,Mathlib.Analysis.SpecificLimits.Normed,mathlib
NavierStokes.DiagonalScale,3,Mathlib.Topology.Order.LeftRightNhds,mathlib
NavierStokes.DiagonalScale,4,Mathlib.Tactic.Linarith,mathlib
NavierStokes.DiagonalScale,5,Mathlib.Tactic.NormNum,mathlib
NavierStokes.DiagonalScale,6,Mathlib.Tactic.Ring,mathlib
NavierStokes.DiophantineGraph,1,Mathlib.NumberTheory.Real.Irrational,mathlib
NavierStokes.DiophantineGraph,2,Mathlib.Tactic.FieldSimp,mathlib
NavierStokes.DiophantineGraph,3,Mathlib.Tactic.Linarith,mathlib
NavierStokes.DiophantineGraph,4,Mathlib.Tactic.NormNum,mathlib
NavierStokes.DiophantineGraph,5,Mathlib.Tactic.Positivity,mathlib
NavierStokes.DiophantineGraph,6,Mathlib.Tactic.Ring,mathlib
NavierStokes.DirectAngularDiagonal,1,NavierStokes.SolenoidalDiagonal,in-tranche
NavierStokes.DirectAngularDiagonal,2,NavierStokes.AxisymmetricResidual,in-tranche
NavierStokes.DirectAngularDiagonal,3,NavierStokes.PhysicalWaveSum,in-tranche
NavierStokes.DirectAngularDiagonal,4,NavierStokes.VariableGaugeMean,in-tranche
NavierStokes.DirectAngularDiagonal,5,NavierStokes.ResidualCalculus,in-tranche
NavierStokes.DirectAngularDiagonal,6,NavierStokes.SpatialLocalization,in-tranche
NavierStokes.DirectAngularDiagonal,7,NavierStokes.OffplaneCorrectionExtensions,in-tranche
NavierStokes.DirectAngularDiagonal,8,NavierStokes.LocalRankDefect,in-tranche
NavierStokes.EdgeWeightJets,1,NavierStokes.WeightedQuotients,in-tranche
NavierStokes.EdgeWeightJets,2,NavierStokes.ParametricFlatFactor,in-tranche
NavierStokes.EndpointCoordinates,1,NavierStokes.PositiveRepresentatives,in-tranche
NavierStokes.EndpointCoordinates,2,NavierStokes.SlowBorelBase,in-tranche
NavierStokes.EndpointExtension,1,Mathlib.Analysis.Calculus.IteratedDeriv.Defs,mathlib
NavierStokes.EndpointExtension,2,Mathlib.Analysis.Calculus.ContDiff.Comp,mathlib
NavierStokes.EndpointLimits,1,Mathlib.Analysis.Calculus.FDeriv.Extend,mathlib
NavierStokes.EndpointLimits,2,NavierStokes.EndpointExtension,in-tranche
NavierStokes.EntranceAlignedBase,1,NavierStokes.ConstructedSlowBase,in-tranche
NavierStokes.EntranceAlignedBase,2,NavierStokes.ModulatedProfileAssembly,in-tranche
NavierStokes.EntranceAlignedBase,3,NavierStokes.FirstOrderBaseEdge,in-tranche
NavierStokes.EntranceAlignedBase,4,NavierStokes.ZerothStressIdentity,in-tranche
NavierStokes.EntranceAlignedBase,5,NavierStokes.LeadingStressWeights,in-tranche
NavierStokes.ErrorHarmonics,1,NavierStokes.HarmonicFields,in-tranche
NavierStokes.ErrorHarmonics,2,NavierStokes.LinearWaveBounds,in-tranche
NavierStokes.ErrorHarmonics,3,NavierStokes.CorrectionState,in-tranche
NavierStokes.ErrorHarmonics,4,NavierStokes.AxisymmetricResidual,in-tranche
NavierStokes.EvenSmoothDescent,1,NavierStokes.SmoothParameterIntegral,in-tranche
NavierStokes.EvenSmoothDescent,2,NavierStokes.SmoothCutoffs,in-tranche
NavierStokes.EvenSmoothDescent,3,Mathlib.Analysis.Calculus.FDeriv.Extend,mathlib
NavierStokes.EvenSmoothDescent,4,Mathlib.Analysis.SpecialFunctions.Sqrt,mathlib
NavierStokes.EvenSmoothDescent,5,Mathlib.Analysis.SpecialFunctions.Integrals.Basic,mathlib
NavierStokes.EvenSmoothDescent,6,Mathlib.Algebra.Group.EvenFunction,mathlib
NavierStokes.ExponentLedger,1,Mathlib.Data.Real.Basic,mathlib
NavierStokes.ExponentLedger,2,Mathlib.Tactic.Linarith,mathlib
NavierStokes.ExponentLedger,3,Mathlib.Tactic.NormNum,mathlib
NavierStokes.ExponentLedger,4,Mathlib.Tactic.Ring,mathlib
NavierStokes.ExponentialMomentMatrix,1,NavierStokes.PowerMomentMatrix,in-tranche
NavierStokes.ExtendedHeatDebts,1,NavierStokes.HeatProfileExtension,in-tranche
NavierStokes.ExtendedHeatDebts,2,NavierStokes.ParametricTerminalCompensation,in-tranche
NavierStokes.ExtendedHeatedOutgoing,1,NavierStokes.HeatedOutgoing,in-tranche
NavierStokes.ExtendedHeatedOutgoing,2,NavierStokes.ExtendedHeatDebts,in-tranche
NavierStokes.FinalSlowBase,1,NavierStokes.EntranceAlignedBase,in-tranche
NavierStokes.FinalSlowBase,2,NavierStokes.ModulatedExterior,in-tranche
NavierStokes.FinalSlowBase,3,NavierStokes.AlignedProfileSpectralCone,in-tranche
NavierStokes.FiniteHeadClass,1,NavierStokes.WeightedClasses,in-tranche
NavierStokes.FirstOrderBaseEdge,1,NavierStokes.GlobalStressSupport,in-tranche
NavierStokes.FirstOrderBaseEdge,2,NavierStokes.SlowFirstOrderEdge,in-tranche
NavierStokes.FirstOrderBaseEdge,3,NavierStokes.TerminalHistoryBridge,in-tranche
NavierStokes.FirstOrderBaseEdge,4,NavierStokes.BaseResidual,in-tranche
NavierStokes.FirstOrderBaseEdge,5,NavierStokes.ModulatedProfileAssembly,in-tranche
NavierStokes.FiveProfileMoments,1,NavierStokes.FiveRowRank,in-tranche
NavierStokes.FiveProfileMoments,2,NavierStokes.UniformAngularReset,in-tranche
NavierStokes.FiveProfileMoments,3,NavierStokes.JetBounds,in-tranche
NavierStokes.FiveProfileMoments,4,Mathlib.Analysis.Calculus.ContDiff.Bounds,mathlib
NavierStokes.FiveRowRank,1,NavierStokes.LocalizedMomentRepair,in-tranche
NavierStokes.FiveRowRank,2,Mathlib.Tactic.FinCases,mathlib
NavierStokes.FlatCovariance,1,NavierStokes.FlatCutoff,in-tranche
NavierStokes.FlatCovariance,2,NavierStokes.SmoothCovariance,in-tranche
NavierStokes.FlatCovariance,3,Mathlib.Analysis.Calculus.IteratedDeriv.Lemmas,mathlib
NavierStokes.FlatCutoff,1,Mathlib.Analysis.SpecialFunctions.SmoothTransition,mathlib
NavierStokes.FlatCutoff,2,Mathlib.Analysis.Calculus.IteratedDeriv.Defs,mathlib
NavierStokes.FlatCutoff,3,Mathlib.Tactic.FieldSimp,mathlib
NavierStokes.FlatCutoff,4,Mathlib.Tactic.Linarith,mathlib
NavierStokes.FlatCutoff,5,Mathlib.Tactic.Ring,mathlib
NavierStokes.FlatDyadicExtension,1,NavierStokes.NativeBandExtension,in-tranche
NavierStokes.FlatKernelBounds,1,Mathlib.Analysis.Calculus.IteratedDeriv.Defs,mathlib
NavierStokes.FlatKernelBounds,2,Mathlib.Analysis.Calculus.Deriv.Add,mathlib
NavierStokes.FlatKernelBounds,3,Mathlib.Analysis.Calculus.Deriv.Inv,mathlib
NavierStokes.FlatKernelBounds,4,Mathlib.Analysis.SpecialFunctions.Sqrt,mathlib
NavierStokes.FlatKernelBounds,5,Mathlib.Analysis.Normed.Group.Bounded,mathlib
NavierStokes.FlatKernelBounds,6,Mathlib.Analysis.SpecialFunctions.Exp,mathlib
NavierStokes.FlatKernelBounds,7,Mathlib.Tactic.FieldSimp,mathlib
NavierStokes.FlatKernelBounds,8,Mathlib.Tactic.Linarith,mathlib
NavierStokes.FlatKernelBounds,9,Mathlib.Tactic.Positivity,mathlib
NavierStokes.FlatKernelBounds,10,Mathlib.Tactic.Ring,mathlib
NavierStokes.FlatPrimitive,1,NavierStokes.FlatCutoff,in-tranche
NavierStokes.FlatPrimitive,2,Mathlib.MeasureTheory.Integral.IntervalIntegral.FundThmCalculus,mathlib
NavierStokes.FlatPrimitive,3,Mathlib.Analysis.Calculus.LHopital,mathlib
NavierStokes.FlatPrimitive,4,Mathlib.Analysis.Calculus.IteratedDeriv.Lemmas,mathlib
NavierStokes.FlatPrimitiveFactor,1,NavierStokes.FlatPrimitive,in-tranche
NavierStokes.FlatPrimitiveFactor,2,NavierStokes.FlatKernelBounds,in-tranche
NavierStokes.FlatPrimitiveFactor,3,NavierStokes.SmoothParameterIntegral,in-tranche
NavierStokes.FlatPrimitiveFactor,4,Mathlib.MeasureTheory.Function.Jacobian,mathlib
NavierStokes.FlatPrimitiveFactor,5,Mathlib.Analysis.SpecialFunctions.Sqrt,mathlib
NavierStokes.FlatPrimitiveFactor,6,Mathlib.Analysis.SpecialFunctions.ImproperIntegrals,mathlib
NavierStokes.FlatPrimitiveFactor,7,Mathlib.Analysis.SpecialFunctions.Pow.Asymptotics,mathlib
NavierStokes.FlatPrimitiveFactor,8,Mathlib.MeasureTheory.Integral.ExpDecay,mathlib
NavierStokes.FlatPrimitivePaper,1,NavierStokes.ParametricFlatFactor,in-tranche
NavierStokes.FlatPrimitivePaper,2,Mathlib.Analysis.Calculus.BumpFunction.FiniteDimension,mathlib
NavierStokes.FlatZeroExtension,1,NavierStokes.FlatCutoff,in-tranche
NavierStokes.FlatZeroExtension,2,Mathlib.Analysis.Calculus.ContDiff.Comp,mathlib
NavierStokes.Flatness,1,Mathlib.Analysis.Normed.Group.Continuity,mathlib
NavierStokes.Flatness,2,Mathlib.Analysis.Normed.Field.Basic,mathlib
NavierStokes.Flatness,3,Mathlib.Tactic.Ring,mathlib
NavierStokes.FourierAlias,1,NavierStokes.TransportPrimitive,in-tranche
NavierStokes.FourierAlias,2,NavierStokes.SmoothFourierData,in-tranche
NavierStokes.FourierAlias,3,NavierStokes.ParametricTorusInverse,in-tranche
NavierStokes.FourierAlias,4,NavierStokes.ChartScales,in-tranche
NavierStokes.FourierAlias,5,NavierStokes.Flatness,in-tranche
NavierStokes.FourierAlias,6,Mathlib.MeasureTheory.Integral.IntervalIntegral.Periodic,mathlib
NavierStokes.FuturePressureBounds,1,NavierStokes.SchedulePressure,in-tranche
NavierStokes.FuturePressureBounds,2,NavierStokes.UniformAngularReset,in-tranche
NavierStokes.FuturePressureBounds,3,Mathlib.Analysis.Calculus.Deriv.MeanValue,mathlib
NavierStokes.GaugeAliasDecay,1,NavierStokes.GaugeMomentBalances,in-tranche
NavierStokes.GaugeDebtIncrement,1,NavierStokes.MovingMomentBounds,in-tranche
NavierStokes.GaugeDebtIncrement,2,NavierStokes.SignedMeanGain,in-tranche
NavierStokes.GaugeExcludedBounds,1,NavierStokes.GaugeAliasDecay,in-tranche
NavierStokes.GaugeExcludedBounds,2,NavierStokes.MeanStateRegularity,in-tranche
NavierStokes.GaugeExcludedBounds,3,NavierStokes.HarmonicWaveInteraction,in-tranche
NavierStokes.GaugeMassPreservation,1,NavierStokes.GaugeAliasDecay,in-tranche
NavierStokes.GaugeMomentBalances,1,NavierStokes.StateMomentBalances,in-tranche
NavierStokes.GaugeMomentBalances,2,NavierStokes.VariableGaugeMean,in-tranche
NavierStokes.GaugeMomentBalances,3,NavierStokes.LocalSignedRequest,in-tranche
NavierStokes.GaugeRadialResidualBounds,1,NavierStokes.MeanStateRegularity,in-tranche
NavierStokes.GaugeRadialResidualBounds,2,NavierStokes.RankStateBounds,in-tranche
NavierStokes.GaugeStateCoherence,1,NavierStokes.PhysicalResidualNaturality,in-tranche
NavierStokes.GaugeStateCoherence,2,NavierStokes.VariableGaugeMean,in-tranche
NavierStokes.GaussianEnvelope,1,NavierStokes.PulseGrowth,in-tranche
NavierStokes.GaussianEnvelope,2,Mathlib.Analysis.Calculus.Deriv.MeanValue,mathlib
NavierStokes.GaussianEnvelope,3,Mathlib.Analysis.SpecialFunctions.Integrals.Basic,mathlib
NavierStokes.GaussianEnvelope,4,Mathlib.Analysis.SpecialFunctions.Sqrt,mathlib
NavierStokes.GaussianErrorNaturality,1,NavierStokes.CorrectionStep,in-tranche
NavierStokes.GaussianTailFlat,1,NavierStokes.GaussianEnvelope,in-tranche
NavierStokes.GaussianTailFlat,2,NavierStokes.SmoothCutoffs,in-tranche
NavierStokes.GaussianTailFlat,3,NavierStokes.WeightedRadialPrimitive,in-tranche
NavierStokes.GaussianTailFlat,4,NavierStokes.WeightedClasses,in-tranche
NavierStokes.GaussianTailFlat,5,NavierStokes.PhysicalGraphBounds,in-tranche
NavierStokes.GenericAngularRecovery,1,NavierStokes.GenericSolenoidalRealization,in-tranche
NavierStokes.GenericDiagonalSchedule,1,NavierStokes.CutStageEstimates,in-tranche
NavierStokes.GenericDifferentialPolynomial,1,NavierStokes.GenericJetRateAlgebra,in-tranche
NavierStokes.GenericEndpointExtension,1,Mathlib.Analysis.Calculus.TangentCone.Prod,mathlib
NavierStokes.GenericEndpointExtension,2,Mathlib.Analysis.Calculus.FDeriv.Symmetric,mathlib
NavierStokes.GenericEndpointExtension,3,Mathlib.Analysis.Calculus.FDeriv.Extend,mathlib
NavierStokes.GenericEndpointExtension,4,Mathlib.Analysis.Calculus.ContDiff.FiniteDimension,mathlib
NavierStokes.GenericEndpointExtension,5,Mathlib.Analysis.Calculus.IteratedDeriv.Lemmas,mathlib
NavierStokes.GenericEndpointExtension,6,Mathlib.Topology.ExtendFrom,mathlib
NavierStokes.GenericEndpointExtension,7,NavierStokes.SpatialBorelExtension,in-tranche
NavierStokes.GenericFactorSupport,1,NavierStokes.GenericSupportedPolynomial,in-tranche
NavierStokes.GenericJetRateAlgebra,1,NavierStokes.DiagonalResidual,in-tranche
NavierStokes.GenericRealization,1,NavierStokes.GenericDiagonalSchedule,in-tranche
NavierStokes.GenericRealization,2,NavierStokes.GenericSupportedPolynomial,in-tranche
NavierStokes.GenericRealizationBounds,1,NavierStokes.MixedFiniteBackground,in-tranche
NavierStokes.GenericSolenoidalRealization,1,NavierStokes.GenericRealization,in-tranche
NavierStokes.GenericSolenoidalRealization,2,NavierStokes.DirectAngularDiagonal,in-tranche
NavierStokes.GenericSolenoidalRealization,3,NavierStokes.MixedPeriodicAssembly,in-tranche
NavierStokes.GenericSummationRealization,1,NavierStokes.GenericTupleSupport,in-tranche
NavierStokes.GenericSummationRealization,2,NavierStokes.GenericAngularRecovery,in-tranche
NavierStokes.GenericSupportLocalCoefficients,1,NavierStokes.GenericSupportedPolynomial,in-tranche
NavierStokes.GenericSupportLocalSummation,1,NavierStokes.GenericSummationRealization,in-tranche
NavierStokes.GenericSupportLocalSummation,2,NavierStokes.GenericSupportLocalCoefficients,in-tranche
NavierStokes.GenericSupportedPolynomial,1,NavierStokes.GenericDifferentialPolynomial,in-tranche
NavierStokes.GenericSupportedPolynomial,2,NavierStokes.GenericRealizationBounds,in-tranche
NavierStokes.GenericTupleRealization,1,NavierStokes.GenericVelocityRates,in-tranche
NavierStokes.GenericTupleSupport,1,NavierStokes.GenericTupleRealization,in-tranche
NavierStokes.GenericTupleSupport,2,NavierStokes.GenericFactorSupport,in-tranche
NavierStokes.GenericVelocityRates,1,NavierStokes.GenericSolenoidalRealization,in-tranche
NavierStokes.GermCandidateAssembly,1,NavierStokes.MixedCandidateWitness,in-tranche
NavierStokes.GermEndpointInputs,1,NavierStokes.ActualEndpointInputs,in-tranche
NavierStokes.GermEndpointInputs,2,NavierStokes.GermCandidateAssembly,in-tranche
NavierStokes.GermEndpointInputs,3,NavierStokes.InitialPhysicalData,in-tranche
NavierStokes.GlobalBaseError,1,NavierStokes.FinalSlowBase,in-tranche
NavierStokes.GlobalBaseError,2,NavierStokes.SimilarityApproach,in-tranche
NavierStokes.GlobalBaseError,3,NavierStokes.JointResidualLimits,in-tranche
NavierStokes.GlobalSlowProfiles,1,NavierStokes.SlowRecursion,in-tranche
NavierStokes.GlobalSlowProfiles,2,NavierStokes.PositiveOrderMoments,in-tranche
NavierStokes.GlobalSlowProfiles,3,NavierStokes.TransportPrimitive,in-tranche
NavierStokes.GlobalSlowProfiles,4,NavierStokes.SlowStressSupport,in-tranche
NavierStokes.GlobalSlowProfiles,5,NavierStokes.SlowResidualMatching,in-tranche
NavierStokes.GlobalStressSupport,1,NavierStokes.AssembledSlowBase,in-tranche
NavierStokes.GluedStageEstimates,1,NavierStokes.ActualStageEstimates,in-tranche
NavierStokes.GluedStageEstimates,2,NavierStokes.ActualParticularCycleData,in-tranche
NavierStokes.GluedStageEstimates,3,NavierStokes.ActualValidBandWaves,in-tranche
NavierStokes.GluedStageEstimates,4,NavierStokes.InitialPhysicalData,in-tranche
NavierStokes.GluedStageEstimates,5,NavierStokes.CurrentParticularLabelBounds,in-tranche
NavierStokes.GluedStageEstimates,6,NavierStokes.ActualCurrentParticularBounds,in-tranche
NavierStokes.GraphCalculus,1,Mathlib.Analysis.Calculus.Deriv.Comp,mathlib
NavierStokes.GraphCalculus,2,Mathlib.Analysis.Calculus.Deriv.Prod,mathlib
NavierStokes.GraphCalculus,3,Mathlib.Analysis.Calculus.FDeriv.Symmetric,mathlib
NavierStokes.GraphCalculus,4,Mathlib.Analysis.SpecialFunctions.Pow.Deriv,mathlib
NavierStokes.GraphRestriction,1,Mathlib.Analysis.Calculus.Deriv.Comp,mathlib
NavierStokes.GraphRestriction,2,Mathlib.Analysis.Calculus.Deriv.Prod,mathlib
NavierStokes.GraphRestriction,3,Mathlib.Analysis.Normed.Group.InfiniteSum,mathlib
NavierStokes.GraphRestriction,4,Mathlib.Analysis.SpecialFunctions.Integrals.Basic,mathlib
NavierStokes.GrowingMode,1,NavierStokes.TangentODE,in-tranche
NavierStokes.GrowingMode,2,NavierStokes.GaussianEnvelope,in-tranche
NavierStokes.GrowingMode,3,Mathlib.Analysis.InnerProductSpace.PiL2,mathlib
NavierStokes.GrowingMode,4,Mathlib.Topology.Order.IntermediateValue,mathlib
NavierStokes.GrowingMode,5,Mathlib.Tactic.FinCases,mathlib
NavierStokes.HarmonicCalculus,1,NavierStokes.PhaseCalculus,in-tranche
NavierStokes.HarmonicCalculus,2,NavierStokes.GraphCalculus,in-tranche
NavierStokes.HarmonicCalculus,3,NavierStokes.JetBounds,in-tranche
NavierStokes.HarmonicCalculus,4,Mathlib.Analysis.Calculus.ContDiff.Operations,mathlib
NavierStokes.HarmonicCovariance,1,NavierStokes.CorrectionState,in-tranche
NavierStokes.HarmonicCovariance,2,NavierStokes.WaveInteractionBounds,in-tranche
NavierStokes.HarmonicCovariance,3,NavierStokes.HarmonicResidual,in-tranche
NavierStokes.HarmonicFields,1,NavierStokes.HarmonicCalculus,in-tranche
NavierStokes.HarmonicFields,2,NavierStokes.MeanResidual,in-tranche
NavierStokes.HarmonicFields,3,Mathlib.Algebra.MonoidAlgebra.Support,mathlib
NavierStokes.HarmonicFields,4,Mathlib.Analysis.SpecialFunctions.Integrals.Basic,mathlib
NavierStokes.HarmonicMeanInteraction,1,NavierStokes.HarmonicResidual,in-tranche
NavierStokes.HarmonicMeanInteraction,2,NavierStokes.WaveInteractionBounds,in-tranche
NavierStokes.HarmonicResidual,1,NavierStokes.CorrectionState,in-tranche
NavierStokes.HarmonicResidual,2,NavierStokes.LinearWaveResidual,in-tranche
NavierStokes.HarmonicResidual,3,NavierStokes.HarmonicFields,in-tranche
NavierStokes.HarmonicSourceSupport,1,NavierStokes.PeriodizedWaveBounds,in-tranche
NavierStokes.HarmonicStructurePreservation,1,NavierStokes.HarmonicWaveInteraction,in-tranche
NavierStokes.HarmonicWaveInteraction,1,NavierStokes.HarmonicMeanInteraction,in-tranche
NavierStokes.HeatProfileExtension,1,NavierStokes.RadialHeatProfile,in-tranche
NavierStokes.HeatProfileExtension,2,NavierStokes.BorelExtension,in-tranche
NavierStokes.HeatProfileExtension,3,NavierStokes.EndpointExtension,in-tranche
NavierStokes.HeatSwitchCone,1,NavierStokes.HeatedOutgoing,in-tranche
NavierStokes.HeatSwitchCone,2,NavierStokes.OutgoingCone,in-tranche
NavierStokes.HeatSwitchCone,3,Mathlib.Analysis.Calculus.MeanValue,mathlib
NavierStokes.HeatSwitchCone,4,Mathlib.Topology.MetricSpace.Thickening,mathlib
NavierStokes.HeatSwitchHistoryDerivatives,1,NavierStokes.HeatSwitchCone,in-tranche
NavierStokes.HeatTailEdit,1,NavierStokes.RadialHeatProfile,in-tranche
NavierStokes.HeatTailEdit,2,NavierStokes.OutgoingTail,in-tranche
NavierStokes.HeatTailEdit,3,NavierStokes.SmoothCutoffs,in-tranche
NavierStokes.HeatTailEdit,4,Mathlib.Analysis.SpecialFunctions.ImproperIntegrals,mathlib
NavierStokes.HeatTailHistoryLimits,1,NavierStokes.RenormalizedHeatMoment,in-tranche
NavierStokes.HeatTailHistoryLimits,2,NavierStokes.ExtendedHeatDebts,in-tranche
NavierStokes.HeatTailHistoryLimits,3,Mathlib.Analysis.SpecialFunctions.ImproperIntegrals,mathlib
NavierStokes.HeatedOutgoing,1,NavierStokes.OutgoingDilation,in-tranche
NavierStokes.HeatedOutgoing,2,NavierStokes.ParametricTerminalCompensation,in-tranche
NavierStokes.HeatedOutgoing,3,NavierStokes.HeatProfileExtension,in-tranche
NavierStokes.HolomorphicFamily,1,NavierStokes.CauchyRestriction,in-tranche
NavierStokes.HolomorphicFamily,2,NavierStokes.CompactSmoothFamily,in-tranche
NavierStokes.HolomorphicFamilyAnalytic,1,NavierStokes.HolomorphicFamily,in-tranche
NavierStokes.HolomorphicFamilyAnalytic,2,Mathlib.Analysis.Analytic.Constructions,mathlib
NavierStokes.HolomorphicFamilyAnalytic,3,Mathlib.Topology.ContinuousMap.Units,mathlib
NavierStokes.InitialDyadicSource,1,NavierStokes.NativeDyadicRegularity,in-tranche
NavierStokes.InitialDyadicSource,2,NavierStokes.HarmonicSourceSupport,in-tranche
NavierStokes.InitialHarmonicContinuation,1,NavierStokes.ActualPrimaryBounds,in-tranche
NavierStokes.InitialHarmonicContinuation,2,NavierStokes.ActualPrimaryCoherence,in-tranche
NavierStokes.InitialHarmonicContinuation,3,NavierStokes.WaveStageContinuation,in-tranche
NavierStokes.InitialHarmonicContinuation,4,NavierStokes.GenericEndpointExtension,in-tranche
NavierStokes.InitialNativeRegularity,1,NavierStokes.ActualPrimaryBounds,in-tranche
NavierStokes.InitialNativeRegularity,2,NavierStokes.ActualPrimaryCoherence,in-tranche
NavierStokes.InitialPhysicalData,1,NavierStokes.ActualPrimaryBounds,in-tranche
NavierStokes.InitialPhysicalData,2,NavierStokes.ActualPrimaryDynamics,in-tranche
NavierStokes.InitialPhysicalData,3,NavierStokes.ActualPrimaryCovariance,in-tranche
NavierStokes.InitialPhysicalData,4,NavierStokes.ActualCarrierGeometry,in-tranche
NavierStokes.InitialPhysicalData,5,NavierStokes.ActualSignedPhysicalData,in-tranche
NavierStokes.InitialPhysicalData,6,NavierStokes.CartesianCopySource,in-tranche
NavierStokes.InitialPhysicalData,7,NavierStokes.PhysicalStageBounds,in-tranche
NavierStokes.InitialPhysicalData,8,NavierStokes.MixedAxisPreservation,in-tranche
NavierStokes.InitialPhysicalData,9,NavierStokes.InitialNativeRegularity,in-tranche
NavierStokes.InitializedPhysicalBackground,1,NavierStokes.PhysicalStageBounds,in-tranche
NavierStokes.InitializedPhysicalBackground,2,NavierStokes.ActualBaseVelocityBounds,in-tranche
NavierStokes.InitializedPhysicalBackground,3,NavierStokes.MixedFiniteBackground,in-tranche
NavierStokes.IntegratedMeanBalances,1,NavierStokes.TransportPrimitive,in-tranche
NavierStokes.IntegratedMeanBalances,2,NavierStokes.PressureStream,in-tranche
NavierStokes.IntegratedMeanBalances,3,Mathlib.MeasureTheory.Integral.IntegralEqImproper,mathlib
NavierStokes.IntegratedMeanBalances,4,Mathlib.Analysis.Calculus.Deriv.Support,mathlib
NavierStokes.IntegratedMeanBalances,5,Mathlib.MeasureTheory.Function.LocallyIntegrable,mathlib
NavierStokes.IntervalCopyTransport,1,NavierStokes.ScaledTangentTransport,in-tranche
NavierStokes.JetBounds,1,Mathlib.Analysis.Calculus.ContDiff.Bounds,mathlib
NavierStokes.JetBounds,2,Mathlib.Analysis.SpecialFunctions.Pow.Real,mathlib
NavierStokes.JetBounds,3,Mathlib.Data.Nat.Choose.Sum,mathlib
NavierStokes.JetBounds,4,Mathlib.Tactic.Abel,mathlib
NavierStokes.JetBounds,5,Mathlib.Tactic.NormNum,mathlib
NavierStokes.JetBounds,6,Mathlib.Tactic.Positivity,mathlib
NavierStokes.JetBounds,7,Mathlib.Tactic.Ring,mathlib
NavierStokes.JointODE,1,NavierStokes.SmoothPathFamily,in-tranche
NavierStokes.JointResidualLimits,1,NavierStokes.SpacetimeEndpoint,in-tranche
NavierStokes.JointResidualLimits,2,Mathlib.Topology.UniformSpace.LocallyUniformConvergence,mathlib
NavierStokes.LabelCounting,1,NavierStokes.SquaredPartition,in-tranche
NavierStokes.LabelCounting,2,Mathlib.Data.Set.Card,mathlib
NavierStokes.LabelCounting,3,NavierStokes.LabelCountingFinite,in-tranche
NavierStokes.LabelCounting,4,Mathlib.Analysis.Normed.Group.Bounded,mathlib
NavierStokes.LabelCounting,5,NavierStokes.PhysicalWaveSum,in-tranche
NavierStokes.LabelCountingFinite,1,NavierStokes.SlotColoring,in-tranche
NavierStokes.LabelCountingFinite,2,Mathlib.Data.Set.Card,mathlib
NavierStokes.LabelSumBounds,1,NavierStokes.PhysicalWaveSum,in-tranche
NavierStokes.LabelSumBounds,2,NavierStokes.HarmonicCovariance,in-tranche
NavierStokes.LabelSumBounds,3,NavierStokes.PrimaryPulseBounds,in-tranche
NavierStokes.LabelSupportPreservation,1,NavierStokes.ActualGaussianCoverage,in-tranche
NavierStokes.LabelSupportPreservation,2,NavierStokes.HarmonicWaveInteraction,in-tranche
NavierStokes.LeadingStress,1,NavierStokes.ProfileHistories,in-tranche
NavierStokes.LeadingStress,2,NavierStokes.SimilarityProfile,in-tranche
NavierStokes.LeadingStress,3,NavierStokes.SlowDivergence,in-tranche
NavierStokes.LeadingStress,4,NavierStokes.SlowExpansionResidual,in-tranche
NavierStokes.LeadingStress,5,Mathlib.Analysis.SpecialFunctions.Sqrt,mathlib
NavierStokes.LeadingStressWeights,1,NavierStokes.ActiveAnnulusWeight,in-tranche
NavierStokes.LeadingStressWeights,2,NavierStokes.ModulatedProfileAssembly,in-tranche
NavierStokes.LeadingStressWeights,3,NavierStokes.LeadingStress,in-tranche
NavierStokes.LiftedMeanResidual,1,NavierStokes.CorrectionState,in-tranche
NavierStokes.LiftedMeanResidual,2,NavierStokes.WaveInteractionBounds,in-tranche
NavierStokes.LinearWaveBounds,1,NavierStokes.LinearWaveResidual,in-tranche
NavierStokes.LinearWaveBounds,2,NavierStokes.WeightedClasses,in-tranche
NavierStokes.LinearWaveBounds,3,NavierStokes.CurlClassBounds,in-tranche
NavierStokes.LinearWaveBounds,4,NavierStokes.GaussianTailFlat,in-tranche
NavierStokes.LinearWaveResidual,1,NavierStokes.HarmonicCalculus,in-tranche
NavierStokes.LinearWaveResidual,2,NavierStokes.CylindricalResidual,in-tranche
NavierStokes.LinearWaveResidual,3,NavierStokes.TangentProjection,in-tranche
NavierStokes.LocalAngularDiagonal,1,NavierStokes.MixedAxisPreservation,in-tranche
NavierStokes.LocalAngularDiagonal,2,NavierStokes.CutStageEstimates,in-tranche
NavierStokes.LocalAngularGrowth,1,NavierStokes.R3.ActualCandidate,in-tranche
NavierStokes.LocalAngularGrowth,2,NavierStokes.ActualExteriorPrefix,in-tranche
NavierStokes.LocalAngularGrowth,3,NavierStokes.BaseAngularGrowth,in-tranche
NavierStokes.LocalAngularScalar,1,NavierStokes.LocalAngularGrowth,in-tranche
NavierStokes.LocalAxisymmetricResidual,1,NavierStokes.AxisymmetricResidual,in-tranche
NavierStokes.LocalHeatExterior,1,NavierStokes.TailGaugePotential,in-tranche
NavierStokes.LocalHeatFormula,1,NavierStokes.LocalHeatPressure,in-tranche
NavierStokes.LocalHeatFormula,2,NavierStokes.DirectAngularDiagonal,in-tranche
NavierStokes.LocalHeatPressure,1,NavierStokes.BaseExterior,in-tranche
NavierStokes.LocalHeatPressure,2,Mathlib.MeasureTheory.Function.JacobianOneDim,mathlib
NavierStokes.LocalJetBounds,1,NavierStokes.JointResidualLimits,in-tranche
NavierStokes.LocalJetBounds,2,NavierStokes.LocalScaleGeometry,in-tranche
NavierStokes.LocalJetBounds,3,NavierStokes.AnnularEndpoint,in-tranche
NavierStokes.LocalJetBounds,4,Mathlib.Analysis.Normed.Group.Bounded,mathlib
NavierStokes.LocalMeanPhysicalBounds,1,NavierStokes.PhysicalStageSupport,in-tranche
NavierStokes.LocalPaperDomain,1,NavierStokes.LocalAngularGrowth,in-tranche
NavierStokes.LocalPaperHeat,1,NavierStokes.LocalPaperTheorem,in-tranche
NavierStokes.LocalPaperHeat,2,NavierStokes.LocalHeatFormula,in-tranche
NavierStokes.LocalPaperHeat,3,NavierStokes.LocalHeatPressure,in-tranche
NavierStokes.LocalPaperTheorem,1,NavierStokes.LocalPotentialRebundle,in-tranche
NavierStokes.LocalPaperTheorem,2,NavierStokes.LocalResidualFlatness,in-tranche
NavierStokes.LocalPaperTheorem,3,NavierStokes.LocalScheduleWitness,in-tranche
NavierStokes.LocalPaperTheorem,4,NavierStokes.LocalScheduleAngular,in-tranche
NavierStokes.LocalPaperTheorem,5,NavierStokes.LocalScaleApproach,in-tranche
NavierStokes.LocalPaperTheorem,6,NavierStokes.LocalJetBounds,in-tranche
NavierStokes.LocalPaperTheorem,7,NavierStokes.LocalPaperDomain,in-tranche
NavierStokes.LocalPhysicalCopyBounds,1,NavierStokes.PhysicalCopyBounds,in-tranche
NavierStokes.LocalPhysicalCopyBounds,2,Mathlib.Analysis.Calculus.BumpFunction.FiniteDimension,mathlib
NavierStokes.LocalPotentialRebundle,1,NavierStokes.LocalAngularGrowth,in-tranche
NavierStokes.LocalPotentialRebundle,2,NavierStokes.LocalHeatExterior,in-tranche
NavierStokes.LocalPotentialRebundle,3,NavierStokes.LocalAngularScalar,in-tranche
NavierStokes.LocalRankDefect,1,NavierStokes.DefectIncrementBounds,in-tranche
NavierStokes.LocalRankDefect,2,NavierStokes.VariableGaugeMean,in-tranche
NavierStokes.LocalResidualFlatness,1,NavierStokes.ActualCandidateAssembly,in-tranche
NavierStokes.LocalResidualGrouping,1,NavierStokes.AxisymmetricResidualGrouping,in-tranche
NavierStokes.LocalScaleApproach,1,NavierStokes.LocalScaleGeometry,in-tranche
NavierStokes.LocalScaleApproach,2,NavierStokes.DiagonalResidual,in-tranche
NavierStokes.LocalScaleApproach,3,NavierStokes.SpacetimeEndpoint,in-tranche
NavierStokes.LocalScaleGeometry,1,NavierStokes.PhysicalWaveSum,in-tranche
NavierStokes.LocalScheduleAngular,1,NavierStokes.ActualCandidateAssembly,in-tranche
NavierStokes.LocalScheduleWitness,1,NavierStokes.ActualCandidateAssembly,in-tranche
NavierStokes.LocalScheduleWitness,2,NavierStokes.R3.ActualCandidate,in-tranche
NavierStokes.LocalSignedRequest,1,NavierStokes.PhysicalMeanDomain,in-tranche
NavierStokes.LocalSignedRequest,2,NavierStokes.SignedWaveUpdate,in-tranche
NavierStokes.LocalSignedRequest,3,NavierStokes.MeanChartCompatibility,in-tranche
NavierStokes.LocalSignedRequest,4,NavierStokes.HarmonicWaveInteraction,in-tranche
NavierStokes.LocalizedCurlRealization,1,NavierStokes.LocalizedWaveBounds,in-tranche
NavierStokes.LocalizedCurlRealization,2,NavierStokes.ParticularCopyBounds,in-tranche
NavierStokes.LocalizedGaussianBounds,1,NavierStokes.HarmonicSourceSupport,in-tranche
NavierStokes.LocalizedGaussianBounds,2,NavierStokes.LocalizedWaveBounds,in-tranche
NavierStokes.LocalizedMeanInteraction,1,NavierStokes.LocalizedWaveBounds,in-tranche
NavierStokes.LocalizedMeanInteraction,2,NavierStokes.HarmonicWaveInteraction,in-tranche
NavierStokes.LocalizedMomentRepair,1,NavierStokes.SmoothCutoffs,in-tranche
NavierStokes.LocalizedMomentRepair,2,NavierStokes.PowerMomentMatrix,in-tranche
NavierStokes.LocalizedMomentRepair,3,NavierStokes.MomentRepair,in-tranche
NavierStokes.LocalizedWaveBounds,1,NavierStokes.PeriodizedWaveBounds,in-tranche
NavierStokes.LoopMoments,1,Mathlib.Algebra.BigOperators.Ring.Finset,mathlib
NavierStokes.LoopMoments,2,Mathlib.Analysis.Real.Sqrt,mathlib
NavierStokes.LoopMoments,3,Mathlib.Tactic.FieldSimp,mathlib
NavierStokes.LoopMoments,4,Mathlib.Tactic.Linarith,mathlib
NavierStokes.LoopMoments,5,Mathlib.Tactic.Ring,mathlib
NavierStokes.LoopVariance,1,NavierStokes.SmoothLoop,in-tranche
NavierStokes.LoopVariance,2,Mathlib.Probability.Moments.MGFAnalytic,mathlib
NavierStokes.LoopVariance,3,Mathlib.Analysis.Analytic.IsolatedZeros,mathlib
NavierStokes.LoopVariance,4,Mathlib.Analysis.SpecialFunctions.Trigonometric.Bounds,mathlib
NavierStokes.LoopVariance,5,Mathlib.Analysis.SpecialFunctions.Gaussian.GaussianIntegral,mathlib
NavierStokes.LoopVariance,6,Mathlib.Analysis.SpecialFunctions.Sqrt,mathlib
NavierStokes.MatchingConeBounds,1,NavierStokes.MatchingDebtBounds,in-tranche
NavierStokes.MatchingConeBounds,2,NavierStokes.OutgoingEntranceCone,in-tranche
NavierStokes.MatchingDebtBounds,1,NavierStokes.NominalProfile,in-tranche
NavierStokes.MatchingDebtBounds,2,NavierStokes.ActivationContinuation,in-tranche
NavierStokes.MaximalLifespan,1,NavierStokes.PeriodicUniqueness,in-tranche
NavierStokes.MeanBoundsReindex,1,NavierStokes.UniformBlockBounds,in-tranche
NavierStokes.MeanBoundsReindex,2,NavierStokes.UniformHarmonicInteraction,in-tranche
NavierStokes.MeanChartCompatibility,1,NavierStokes.CorrectionState,in-tranche
NavierStokes.MeanChartCompatibility,2,NavierStokes.CommonCoverClass,in-tranche
NavierStokes.MeanIncrementBounds,1,NavierStokes.MeanResidual,in-tranche
NavierStokes.MeanIncrementBounds,2,NavierStokes.WeightedClasses,in-tranche
NavierStokes.MeanIncrementBounds,3,NavierStokes.PressureStream,in-tranche
NavierStokes.MeanIncrementBounds,4,NavierStokes.MeanMomentBounds,in-tranche
NavierStokes.MeanLocalCoefficient,1,NavierStokes.WeightedClasses,in-tranche
NavierStokes.MeanLocalDefectBounds,1,NavierStokes.MeanLocalCoefficient,in-tranche
NavierStokes.MeanLocalDefectBounds,2,NavierStokes.MovingMomentBounds,in-tranche
NavierStokes.MeanLocalDefectBounds,3,NavierStokes.RankStateBounds,in-tranche
NavierStokes.MeanMomentBounds,1,NavierStokes.WeightedRadialPrimitive,in-tranche
NavierStokes.MeanMomentBounds,2,NavierStokes.PressureStream,in-tranche
NavierStokes.MeanMomentBounds,3,NavierStokes.SmoothParameterIntegral,in-tranche
NavierStokes.MeanMomentBounds,4,NavierStokes.IntegratedMeanBalances,in-tranche
NavierStokes.MeanRankUpdate,1,NavierStokes.FiveRowRank,in-tranche
NavierStokes.MeanRankUpdate,2,NavierStokes.FiveProfileMoments,in-tranche
NavierStokes.MeanRankUpdate,3,NavierStokes.PressureStream,in-tranche
NavierStokes.MeanRankUpdate,4,NavierStokes.WeightedClasses,in-tranche
NavierStokes.MeanRankUpdate,5,NavierStokes.PhysicalCoordinateBounds,in-tranche
NavierStokes.MeanRankUpdate,6,NavierStokes.ParametricFlatFactor,in-tranche
NavierStokes.MeanRankUpdate,7,NavierStokes.ReservedPatches,in-tranche
NavierStokes.MeanRankUpdate,8,Mathlib.MeasureTheory.Measure.Haar.NormedSpace,mathlib
NavierStokes.MeanResidual,1,NavierStokes.CylindricalResidual,in-tranche
NavierStokes.MeanResidual,2,NavierStokes.TransportPrimitive,in-tranche
NavierStokes.MeanStageContinuation,1,NavierStokes.SupportedActualContext,in-tranche
NavierStokes.MeanStageContinuation,2,NavierStokes.MeanStateRegularity,in-tranche
NavierStokes.MeanStageContinuation,3,NavierStokes.RankStateBounds,in-tranche
NavierStokes.MeanStageRegularity,1,NavierStokes.MeanStateRegularity,in-tranche
NavierStokes.MeanStateRegularity,1,NavierStokes.GaugeDebtIncrement,in-tranche
NavierStokes.MixedAxisPreservation,1,NavierStokes.LocalPhysicalCopyBounds,in-tranche
NavierStokes.MixedAxisPreservation,2,NavierStokes.DirectAngularDiagonal,in-tranche
NavierStokes.MixedAxisPreservation,3,NavierStokes.AxisPreservation,in-tranche
NavierStokes.MixedAxisPreservation,4,NavierStokes.TailGaugePotential,in-tranche
NavierStokes.MixedCandidateAssembly,1,NavierStokes.MixedDiagonalResidual,in-tranche
NavierStokes.MixedCandidateAssembly,2,NavierStokes.MixedDiagonalExtensions,in-tranche
NavierStokes.MixedCandidateAssembly,3,NavierStokes.LocalAngularDiagonal,in-tranche
NavierStokes.MixedCandidateWitness,1,NavierStokes.MixedCandidateAssembly,in-tranche
NavierStokes.MixedCandidateWitness,2,NavierStokes.CandidateConsequences,in-tranche
NavierStokes.MixedDiagonalExtensions,1,NavierStokes.OffplaneCorrectionExtensions,in-tranche
NavierStokes.MixedDiagonalExtensions,2,NavierStokes.AnnularEndpoint,in-tranche
NavierStokes.MixedDiagonalExtensions,3,NavierStokes.LocalPhysicalCopyBounds,in-tranche
NavierStokes.MixedDiagonalResidual,1,NavierStokes.MixedPeriodicAssembly,in-tranche
NavierStokes.MixedDiagonalResidual,2,NavierStokes.DiagonalResidual,in-tranche
NavierStokes.MixedDiagonalResidual,3,NavierStokes.AnnularEndpoint,in-tranche
NavierStokes.MixedDiagonalResidual,4,NavierStokes.MixedDiagonalSchedule,in-tranche
NavierStokes.MixedDiagonalSchedule,1,NavierStokes.CutStageEstimates,in-tranche
NavierStokes.MixedFiniteBackground,1,NavierStokes.MixedCandidateAssembly,in-tranche
NavierStokes.MixedFiniteBackground,2,NavierStokes.PhysicalParticularWave,in-tranche
NavierStokes.MixedPeriodicAssembly,1,NavierStokes.PeriodicResidualLimits,in-tranche
NavierStokes.MixedPeriodicAssembly,2,NavierStokes.DirectAngularDiagonal,in-tranche
NavierStokes.ModeSolenoidalReindex,1,NavierStokes.StateReindex,in-tranche
NavierStokes.ModeSolenoidalReindex,2,NavierStokes.HarmonicWaveInteraction,in-tranche
NavierStokes.ModulatedCone,1,NavierStokes.ParametricModulation,in-tranche
NavierStokes.ModulatedCone,2,NavierStokes.StressActivation,in-tranche
NavierStokes.ModulatedCone,3,NavierStokes.UniformCone,in-tranche
NavierStokes.ModulatedCone,4,NavierStokes.ModulatedStockBounds,in-tranche
NavierStokes.ModulatedCone,5,NavierStokes.ModulatedHistories,in-tranche
NavierStokes.ModulatedExterior,1,NavierStokes.BaseExterior,in-tranche
NavierStokes.ModulatedExterior,2,NavierStokes.ConstructedSlowBase,in-tranche
NavierStokes.ModulatedHistories,1,NavierStokes.ParametricModulation,in-tranche
NavierStokes.ModulatedHistories,2,NavierStokes.ShapeTransition,in-tranche
NavierStokes.ModulatedHistories,3,NavierStokes.FiveProfileMoments,in-tranche
NavierStokes.ModulatedHistories,4,NavierStokes.ActivationStocks,in-tranche
NavierStokes.ModulatedProfileAssembly,1,NavierStokes.AnnularAuxiliary,in-tranche
NavierStokes.ModulatedProfileAssembly,2,NavierStokes.ModulatedCone,in-tranche
NavierStokes.ModulatedProfileAssembly,3,NavierStokes.NominalProfile,in-tranche
NavierStokes.ModulatedProfileAssembly,4,NavierStokes.ReservedPatches,in-tranche
NavierStokes.ModulatedProfileAssembly,5,NavierStokes.NominalConeAssembly,in-tranche
NavierStokes.ModulatedProfileAssembly,6,NavierStokes.AssembledSlowBase,in-tranche
NavierStokes.ModulatedProfileJetRates,1,NavierStokes.ModulatedCone,in-tranche
NavierStokes.ModulatedStockBounds,1,NavierStokes.ActivationStocks,in-tranche
NavierStokes.ModulatedStockBounds,2,NavierStokes.JetBounds,in-tranche
NavierStokes.ModulatedStockBounds,3,Mathlib.Analysis.Calculus.MeanValue,mathlib
NavierStokes.ModulatedStockBounds,4,Mathlib.Analysis.Normed.Group.Bounded,mathlib
NavierStokes.MomentRepair,1,Mathlib.LinearAlgebra.Matrix.NonsingularInverse,mathlib
NavierStokes.MomentRepair,2,Mathlib.Analysis.Normed.Operator.ContinuousLinearMap,mathlib
NavierStokes.MomentRepair,3,Mathlib.Analysis.Normed.Module.Basic,mathlib
NavierStokes.MomentRepair,4,Mathlib.Topology.MetricSpace.Contracting,mathlib
NavierStokes.MomentRepair,5,Mathlib.Tactic.Linarith,mathlib
NavierStokes.MomentRepair,6,Mathlib.Tactic.Ring,mathlib
NavierStokes.MomentRepairPicard,1,NavierStokes.MomentRepairPicardConvergence,in-tranche
NavierStokes.MomentRepairPicardConvergence,1,NavierStokes.SmoothMomentRepair,in-tranche
NavierStokes.MovingFrameODE,1,NavierStokes.TangentProjection,in-tranche
NavierStokes.MovingFrameODE,2,NavierStokes.PhaseCalculus,in-tranche
NavierStokes.MovingFrameODE,3,NavierStokes.GrowingMode,in-tranche
NavierStokes.MovingFrameODE,4,NavierStokes.ViscousPropagator,in-tranche
NavierStokes.MovingFrameODE,5,Mathlib.Analysis.InnerProductSpace.PiL2,mathlib
NavierStokes.MovingFrameODE,6,Mathlib.Analysis.Calculus.Deriv.Prod,mathlib
NavierStokes.MovingFrameODE,7,Mathlib.Analysis.Calculus.Deriv.Inv,mathlib
NavierStokes.MovingFrameODE,8,Mathlib.Tactic.FinCases,mathlib
NavierStokes.MovingFrameODE,9,Mathlib.Tactic.Positivity,mathlib
NavierStokes.MovingMomentBounds,1,NavierStokes.VariableGaugeMean,in-tranche
NavierStokes.MovingMomentBounds,2,NavierStokes.LocalRankDefect,in-tranche
NavierStokes.NativeBandExtension,1,NavierStokes.WaveEdgeExtension,in-tranche
NavierStokes.NativeBandExtension,2,NavierStokes.ActualSignedGeometry,in-tranche
NavierStokes.NativeCutoffJets,1,NavierStokes.ActualGaussianCoverage,in-tranche
NavierStokes.NativeDyadicRegularity,1,NavierStokes.ActualCoreSupport,in-tranche
NavierStokes.NativeDyadicRegularity,2,NavierStokes.ActualReferenceRebase,in-tranche
NavierStokes.NativePrincipalEquations,1,NavierStokes.ParticularCopyBounds,in-tranche
NavierStokes.NaturalAxisBridge,1,NavierStokes.AxisContraction,in-tranche
NavierStokes.NaturalAxisBridge,2,NavierStokes.AxisEvaluationAlgebra,in-tranche
NavierStokes.NaturalAxisBridge,3,Mathlib.Analysis.Calculus.Deriv.Mul,mathlib
NavierStokes.NaturalAxisBridge,4,Mathlib.Tactic.Ring,mathlib
NavierStokes.NaturalAxisCoefficients,1,NavierStokes.AnalyticCoefficientBounds,in-tranche
NavierStokes.NaturalAxisCoefficients,2,NavierStokes.AnalyticPrimitive,in-tranche
NavierStokes.NaturalAxisCoefficients,3,NavierStokes.NaturalAxisRange,in-tranche
NavierStokes.NaturalAxisCoefficients,4,NavierStokes.NaturalAxisBridge,in-tranche
NavierStokes.NaturalAxisCoefficients,5,Mathlib.Topology.MetricSpace.Thickening,mathlib
NavierStokes.NaturalAxisCoefficients,6,Mathlib.Analysis.Normed.Module.Convex,mathlib
NavierStokes.NaturalAxisCoefficients,7,Mathlib.Tactic.FunProp,mathlib
NavierStokes.NaturalAxisData,1,NavierStokes.PressureDatum,in-tranche
NavierStokes.NaturalAxisData,2,Mathlib.Analysis.Calculus.ContDiff.Operations,mathlib
NavierStokes.NaturalAxisData,3,Mathlib.Topology.Order.IntermediateValue,mathlib
NavierStokes.NaturalAxisData,4,Mathlib.Topology.Order.Compact,mathlib
NavierStokes.NaturalAxisData,5,Mathlib.Analysis.Real.Sqrt,mathlib
NavierStokes.NaturalAxisData,6,Mathlib.Tactic.FunProp,mathlib
NavierStokes.NaturalAxisData,7,Mathlib.Tactic.Linarith,mathlib
NavierStokes.NaturalAxisData,8,Mathlib.Tactic.Positivity,mathlib
NavierStokes.NaturalAxisData,9,Mathlib.Tactic.Ring,mathlib
NavierStokes.NaturalAxisJointAnalytic,1,NavierStokes.AxisJointAnalytic,in-tranche
NavierStokes.NaturalAxisJointAnalytic,2,NavierStokes.NaturalEntrance,in-tranche
NavierStokes.NaturalAxisRange,1,NavierStokes.NaturalAxisData,in-tranche
NavierStokes.NaturalCoefficientBridge,1,NavierStokes.ActualSlowAxis,in-tranche
NavierStokes.NaturalCoefficientBridge,2,NavierStokes.SlowResidualMatching,in-tranche
NavierStokes.NaturalCore,1,NavierStokes.NaturalProfile,in-tranche
NavierStokes.NaturalCore,2,NavierStokes.SimilarityCoordinates,in-tranche
NavierStokes.NaturalCore,3,NavierStokes.AxisymmetricFields,in-tranche
NavierStokes.NaturalCore,4,NavierStokes.SmoothParameterIntegral,in-tranche
NavierStokes.NaturalCore,5,NavierStokes.BlowupImplication,in-tranche
NavierStokes.NaturalEntrance,1,NavierStokes.NaturalProfile,in-tranche
NavierStokes.NaturalEntrance,2,NavierStokes.ProfileHistories,in-tranche
NavierStokes.NaturalEntrance,3,Mathlib.Topology.Order.Compact,mathlib
NavierStokes.NaturalEntrance,4,Mathlib.Data.Fin.VecNotation,mathlib
NavierStokes.NaturalEntrance,5,Mathlib.Tactic.FinCases,mathlib
NavierStokes.NaturalExitBounds,1,NavierStokes.NaturalExitParameterJets,in-tranche
NavierStokes.NaturalExitParameterJets,1,NavierStokes.TransitionRamp,in-tranche
NavierStokes.NaturalExitParameterJets,2,NavierStokes.SharpPhaseJetAlgebra,in-tranche
NavierStokes.NaturalProfile,1,NavierStokes.NaturalAxisCoefficients,in-tranche
NavierStokes.NaturalProfile,2,NavierStokes.AxisReference,in-tranche
NavierStokes.NaturalProfile,3,Mathlib.Analysis.Calculus.IteratedDeriv.Lemmas,mathlib
NavierStokes.NilpotentVolterra,1,Mathlib.Analysis.Calculus.ParametricIntervalIntegral,mathlib
NavierStokes.NilpotentVolterra,2,Mathlib.Analysis.Calculus.Deriv.Slope,mathlib
NavierStokes.NilpotentVolterra,3,Mathlib.Analysis.Calculus.Deriv.Inv,mathlib
NavierStokes.NilpotentVolterra,4,Mathlib.Analysis.Calculus.Deriv.Pow,mathlib
NavierStokes.NilpotentVolterra,5,Mathlib.Analysis.SpecialFunctions.Integrals.Basic,mathlib
NavierStokes.NilpotentVolterra,6,Mathlib.Tactic.Ring,mathlib
NavierStokes.NilpotentVolterra,7,Mathlib.Tactic.FieldSimp,mathlib
NavierStokes.NilpotentVolterra,8,Mathlib.Topology.ContinuousMap.Compact,mathlib
NavierStokes.NilpotentVolterra,9,Mathlib.Analysis.Normed.Operator.Bilinear,mathlib
NavierStokes.NilpotentVolterra,10,Mathlib.LinearAlgebra.Matrix.ToLin,mathlib
NavierStokes.NilpotentVolterra,11,Mathlib.Analysis.Complex.CauchyIntegral,mathlib
NavierStokes.NilpotentVolterra,12,Mathlib.Analysis.Complex.LocallyUniformLimit,mathlib
NavierStokes.NilpotentVolterra,13,NavierStokes.VolterraAnalyticBounds,in-tranche
NavierStokes.NominalConeAssembly,1,NavierStokes.NominalProfile,in-tranche
NavierStokes.NominalConeAssembly,2,NavierStokes.MatchingDebtBounds,in-tranche
NavierStokes.NominalConeAssembly,3,NavierStokes.OutgoingCone,in-tranche
NavierStokes.NominalConeAssembly,4,NavierStokes.HeatSwitchCone,in-tranche
NavierStokes.NominalConeAssembly,5,NavierStokes.TerminalHistoryBridge,in-tranche
NavierStokes.NominalConeAssembly,6,NavierStokes.TrueConeLoop,in-tranche
NavierStokes.NominalConeAssembly,7,NavierStokes.ModulatedCone,in-tranche
NavierStokes.NominalConeAssembly,8,NavierStokes.MatchingConeBounds,in-tranche
NavierStokes.NominalConeAssembly,9,NavierStokes.PreparedOutgoing,in-tranche
NavierStokes.NominalConeAssembly,10,NavierStokes.RepairConeBounds,in-tranche
NavierStokes.NominalProfile,1,NavierStokes.OutgoingDilation,in-tranche
NavierStokes.NominalProfile,2,NavierStokes.OutgoingHistories,in-tranche
NavierStokes.NominalProfile,3,NavierStokes.NaturalEntrance,in-tranche
NavierStokes.NominalProfile,4,NavierStokes.ReferencePath,in-tranche
NavierStokes.NominalProfile,5,NavierStokes.ShapeTransition,in-tranche
NavierStokes.NominalProfile,6,NavierStokes.FiveProfileMoments,in-tranche
NavierStokes.NominalProfile,7,NavierStokes.TransitionRamp,in-tranche
NavierStokes.NominalProfile,8,NavierStokes.HeatedOutgoing,in-tranche
NavierStokes.NominalProfile,9,NavierStokes.ActivationContinuation,in-tranche
NavierStokes.NominalProfile,10,NavierStokes.ExtendedHeatedOutgoing,in-tranche
NavierStokes.NormalScaling,1,NavierStokes.CommonCoverSolve,in-tranche
NavierStokes.OffplaneCorrectionExtensions,1,NavierStokes.AnnularEndpoint,in-tranche
NavierStokes.OffplaneCorrectionExtensions,2,NavierStokes.VariableGaugeMean,in-tranche
NavierStokes.OffplaneCorrectionExtensions,3,NavierStokes.PeriodicPhaseAssembly,in-tranche
NavierStokes.OffplaneJetExtensions,1,NavierStokes.GenericEndpointExtension,in-tranche
NavierStokes.OffplaneJetExtensions,2,NavierStokes.MixedDiagonalExtensions,in-tranche
NavierStokes.OffplaneJetExtensions,3,NavierStokes.CutStageEstimates,in-tranche
NavierStokes.OffplaneJetExtensions,4,NavierStokes.ActualPhysicalStageBounds,in-tranche
NavierStokes.OscillatoryCurl,1,NavierStokes.SpatialCurl,in-tranche
NavierStokes.OscillatoryCurl,2,NavierStokes.ResidualStability,in-tranche
NavierStokes.OscillatoryCurl,3,NavierStokes.CurlGeometry,in-tranche
NavierStokes.OscillatoryCurl,4,NavierStokes.JetBounds,in-tranche
NavierStokes.OscillatoryCurl,5,Mathlib.Analysis.InnerProductSpace.Calculus,mathlib
NavierStokes.OscillatoryCurl,6,Mathlib.Analysis.SpecialFunctions.Trigonometric.Deriv,mathlib
NavierStokes.OutgoingCone,1,NavierStokes.OutgoingEntranceCone,in-tranche
NavierStokes.OutgoingCone,2,NavierStokes.ShapedWaitBounds,in-tranche
NavierStokes.OutgoingCone,3,NavierStokes.PulseCone,in-tranche
NavierStokes.OutgoingCone,4,NavierStokes.TailCone,in-tranche
NavierStokes.OutgoingCone,5,NavierStokes.OutgoingProfile,in-tranche
NavierStokes.OutgoingDilation,1,NavierStokes.OutgoingProfile,in-tranche
NavierStokes.OutgoingDilation,2,NavierStokes.TerminalCompensation,in-tranche
NavierStokes.OutgoingEntranceCone,1,NavierStokes.SchedulePressure,in-tranche
NavierStokes.OutgoingEntranceCone,2,NavierStokes.ProfileHistories,in-tranche
NavierStokes.OutgoingEntranceCone,3,NavierStokes.OutgoingPulseBounds,in-tranche
NavierStokes.OutgoingEntranceCone,4,NavierStokes.FuturePressureBounds,in-tranche
NavierStokes.OutgoingEntranceCone,5,NavierStokes.OutgoingHistories,in-tranche
NavierStokes.OutgoingEntranceCone,6,NavierStokes.UniformCone,in-tranche
NavierStokes.OutgoingHistories,1,NavierStokes.CorrectedPulseAmplitude,in-tranche
NavierStokes.OutgoingHistories,2,NavierStokes.SchedulePressure,in-tranche
NavierStokes.OutgoingHistories,3,NavierStokes.ProfileHistories,in-tranche
NavierStokes.OutgoingHistories,4,Mathlib.MeasureTheory.Integral.IntegralEqImproper,mathlib
NavierStokes.OutgoingNegativeSlopeCone,1,NavierStokes.OutgoingCone,in-tranche
NavierStokes.OutgoingProfile,1,NavierStokes.CorrectedPulseAmplitude,in-tranche
NavierStokes.OutgoingProfile,2,NavierStokes.ReleaseMoments,in-tranche
NavierStokes.OutgoingProfile,3,NavierStokes.SchedulePressure,in-tranche
NavierStokes.OutgoingProfile,4,NavierStokes.ParametricRephase,in-tranche
NavierStokes.OutgoingPulseBounds,1,NavierStokes.OutgoingSchedule,in-tranche
NavierStokes.OutgoingPulseBounds,2,Mathlib.Analysis.Calculus.IteratedDeriv.Lemmas,mathlib
NavierStokes.OutgoingPulseBounds,3,Mathlib.MeasureTheory.Measure.Haar.NormedSpace,mathlib
NavierStokes.OutgoingSchedule,1,NavierStokes.FlatPrimitive,in-tranche
NavierStokes.OutgoingSchedule,2,NavierStokes.LocalizedMomentRepair,in-tranche
NavierStokes.OutgoingSchedule,3,Mathlib.Analysis.SpecialFunctions.Log.Deriv,mathlib
NavierStokes.OutgoingSchedule,4,Mathlib.Analysis.SpecialFunctions.Integrals.Basic,mathlib
NavierStokes.OutgoingSchedule,5,Mathlib.Analysis.Calculus.Deriv.MeanValue,mathlib
NavierStokes.OutgoingSchedule,6,Mathlib.MeasureTheory.Integral.IntervalIntegral.IntegrationByParts,mathlib
NavierStokes.OutgoingSchedule,7,Mathlib.Tactic.FinCases,mathlib
NavierStokes.OutgoingTail,1,NavierStokes.OutgoingSchedule,in-tranche
NavierStokes.OutgoingTail,2,Mathlib.Analysis.Normed.Group.Bounded,mathlib
NavierStokes.PaperAdditionalResults,1,NavierStokes.LabelCounting,in-tranche
NavierStokes.PaperAdditionalResults,2,NavierStokes.TorusCoverDegree,in-tranche
NavierStokes.PaperAdditionalResults,3,NavierStokes.MeanLocalDefectBounds,in-tranche
NavierStokes.PaperAdditionalResults,4,NavierStokes.AxisModelBounds,in-tranche
NavierStokes.PaperAdditionalResults,5,NavierStokes.AxisInverseFactors,in-tranche
NavierStokes.PaperAdditionalResults,6,NavierStokes.NaturalAxisJointAnalytic,in-tranche
NavierStokes.PaperAdditionalResults,7,NavierStokes.NaturalExitBounds,in-tranche
NavierStokes.PaperAdditionalResults,8,NavierStokes.OutgoingNegativeSlopeCone,in-tranche
NavierStokes.PaperAdditionalResults,9,NavierStokes.AppendixJoiningResults,in-tranche
NavierStokes.PaperAdditionalResults,10,NavierStokes.ReferenceEndpointRate,in-tranche
NavierStokes.PaperAdditionalResults,11,NavierStokes.AxisRootPressureBounds,in-tranche
NavierStokes.PaperAdditionalResults,12,NavierStokes.AppendixHeatResults,in-tranche
NavierStokes.PaperAdditionalResults,13,NavierStokes.TerminalEdgePaper,in-tranche
NavierStokes.PaperAdditionalResults,14,NavierStokes.FlatPrimitivePaper,in-tranche
NavierStokes.PaperAdditionalResults,15,NavierStokes.SeedConePaper,in-tranche
NavierStokes.PaperAdditionalResults,16,NavierStokes.SeedHandbackJets,in-tranche
NavierStokes.PaperAdditionalResults,17,NavierStokes.SmoothExponentialMomentMatrix,in-tranche
NavierStokes.PaperAdditionalResults,18,NavierStokes.RegularSingularIntegral,in-tranche
NavierStokes.PaperAdditionalResults,19,NavierStokes.PositiveAxisDifferential,in-tranche
NavierStokes.PaperAdditionalResults,20,NavierStokes.PaperLocalization,in-tranche
NavierStokes.PaperAdditionalResults,21,NavierStokes.R3.H3MaximalLifespan,in-tranche
NavierStokes.PaperAdditionalResults,22,NavierStokes.GenericSummationRealization,in-tranche
NavierStokes.PaperAdditionalResults,23,NavierStokes.GenericSupportLocalSummation,in-tranche
NavierStokes.PaperAdditionalResults,24,NavierStokes.ClosedIntervalMomentRepair,in-tranche
NavierStokes.PaperAdditionalResults,25,NavierStokes.UniformQuadraticBranch,in-tranche
NavierStokes.PaperAdditionalResults,26,NavierStokes.ParameterizedMomentRepair,in-tranche
NavierStokes.PaperAdditionalResults,27,NavierStokes.ModulatedProfileJetRates,in-tranche
NavierStokes.PaperAdditionalResults,28,NavierStokes.TrueConeLoopPaper,in-tranche
NavierStokes.PaperAdditionalResults,29,NavierStokes.WholeDomainPhysicalStageTheorem,in-tranche
NavierStokes.PaperAdditionalResults,30,NavierStokes.ParticularOneSided,in-tranche
NavierStokes.PaperLocalization,1,NavierStokes.LocalPaperHeat,in-tranche
NavierStokes.PaperLocalization,2,NavierStokes.R3.Theorem,in-tranche
NavierStokes.PaperResults,1,NavierStokes.PeriodicPaperTheorem,in-tranche
NavierStokes.PaperResults,2,NavierStokes.LocalAngularGrowth,in-tranche
NavierStokes.PaperResults,3,NavierStokes.LocalPaperHeat,in-tranche
NavierStokes.PaperResults,4,NavierStokes.PaperAdditionalResults,in-tranche
NavierStokes.ParameterizedMomentRepair,1,NavierStokes.UniformQuadraticBranch,in-tranche
NavierStokes.ParameterizedMomentRepair,2,NavierStokes.ClosedIntervalMomentRepair,in-tranche
NavierStokes.ParametricEvenDescent,1,NavierStokes.EvenSmoothDescent,in-tranche
NavierStokes.ParametricEvenDescent,2,NavierStokes.ParametricRephase,in-tranche
NavierStokes.ParametricEvenDescent,3,Mathlib.Analysis.Calculus.Deriv.Prod,mathlib
NavierStokes.ParametricFlatFactor,1,NavierStokes.FlatPrimitiveFactor,in-tranche
NavierStokes.ParametricFlatFactor,2,NavierStokes.ParametricKernelBounds,in-tranche
NavierStokes.ParametricFlatFactor,3,Mathlib.Analysis.Normed.Module.FiniteDimension,mathlib
NavierStokes.ParametricHeatTail,1,NavierStokes.HeatTailEdit,in-tranche
NavierStokes.ParametricHeatTail,2,Mathlib.Analysis.Calculus.ContDiff.Bounds,mathlib
NavierStokes.ParametricHeatTail,3,Mathlib.Analysis.Calculus.IteratedDeriv.Lemmas,mathlib
NavierStokes.ParametricKernelBounds,1,Mathlib.Analysis.Normed.Operator.Prod,mathlib
NavierStokes.ParametricKernelBounds,2,NavierStokes.FlatKernelBounds,in-tranche
NavierStokes.ParametricKernelBounds,3,Mathlib.Analysis.Calculus.ContDiff.Bounds,mathlib
NavierStokes.ParametricKernelBounds,4,Mathlib.Algebra.Order.Algebra,mathlib
NavierStokes.ParametricKernelBounds,5,Mathlib.Analysis.Normed.Group.Basic,mathlib
NavierStokes.ParametricKernelBounds,6,Mathlib.Analysis.Real.Sqrt,mathlib
NavierStokes.ParametricKernelBounds,7,Mathlib.Data.EReal.Inv,mathlib
NavierStokes.ParametricModulation,1,NavierStokes.RadialModulation,in-tranche
NavierStokes.ParametricModulation,2,NavierStokes.TrueConeLoop,in-tranche
NavierStokes.ParametricModulation,3,NavierStokes.ParametricRephase,in-tranche
NavierStokes.ParametricModulation,4,Mathlib.Analysis.Calculus.BumpFunction.FiniteDimension,mathlib
NavierStokes.ParametricODE,1,NavierStokes.TangentODE,in-tranche
NavierStokes.ParametricODE,2,Mathlib.Analysis.Normed.Operator.Banach,mathlib
NavierStokes.ParametricODE,3,Mathlib.Analysis.Calculus.ContDiff.Operations,mathlib
NavierStokes.ParametricRadialExtension,1,NavierStokes.BoundaryAxisJets,in-tranche
NavierStokes.ParametricRadialExtension,2,NavierStokes.SpacetimeGluing,in-tranche
NavierStokes.ParametricRadialExtension,3,Mathlib.Topology.MetricSpace.Thickening,mathlib
NavierStokes.ParametricRephase,1,NavierStokes.SmoothLoop,in-tranche
NavierStokes.ParametricRephase,2,NavierStokes.SmoothParameterIntegral,in-tranche
NavierStokes.ParametricRephase,3,Mathlib.Analysis.Calculus.InverseFunctionTheorem.ContDiff,mathlib
NavierStokes.ParametricRephase,4,Mathlib.Analysis.Normed.Module.FiniteDimension,mathlib
NavierStokes.ParametricTerminalCompensation,1,NavierStokes.TerminalCompensation,in-tranche
NavierStokes.ParametricTerminalCompensation,2,NavierStokes.ParametricHeatTail,in-tranche
NavierStokes.ParametricTorusInverse,1,NavierStokes.SmoothFourierData,in-tranche
NavierStokes.ParametricTorusInverse,2,NavierStokes.TransportPrimitive,in-tranche
NavierStokes.ParametricTorusInverse,3,Mathlib.Analysis.Calculus.SmoothSeries,mathlib
NavierStokes.ParticularCopyBounds,1,NavierStokes.SignedCopyBounds,in-tranche
NavierStokes.ParticularCopyBounds,2,NavierStokes.ParticularWaveBounds,in-tranche
NavierStokes.ParticularOneSided,1,NavierStokes.ParticularWithinPressure,in-tranche
NavierStokes.ParticularOneSided,2,NavierStokes.ParticularWithinBounds,in-tranche
NavierStokes.ParticularOneSided,3,NavierStokes.GenericEndpointExtension,in-tranche
NavierStokes.ParticularPaddedBackground,1,NavierStokes.ActualParticularBackground,in-tranche
NavierStokes.ParticularPaddedBackground,2,NavierStokes.ActualCarrierGeometry,in-tranche
NavierStokes.ParticularWaveAssembly,1,NavierStokes.HarmonicResidual,in-tranche
NavierStokes.ParticularWaveAssembly,2,NavierStokes.ErrorHarmonics,in-tranche
NavierStokes.ParticularWaveAssembly,3,NavierStokes.ParticularWaveBounds,in-tranche
NavierStokes.ParticularWaveAssembly,4,NavierStokes.CopyAngularInvariance,in-tranche
NavierStokes.ParticularWaveAssembly,5,NavierStokes.SignedWaveUpdate,in-tranche
NavierStokes.ParticularWaveBounds,1,NavierStokes.PrimaryPulseBounds,in-tranche
NavierStokes.ParticularWaveBounds,2,NavierStokes.CommonCoverSolve,in-tranche
NavierStokes.ParticularWaveBounds,3,NavierStokes.CommonCoverClass,in-tranche
NavierStokes.ParticularWaveBounds,4,NavierStokes.CopySolveCompatibility,in-tranche
NavierStokes.ParticularWaveBounds,5,NavierStokes.CopyAngularInvariance,in-tranche
NavierStokes.ParticularWaveBounds,6,NavierStokes.PrimaryODE,in-tranche
NavierStokes.ParticularWaveBounds,7,NavierStokes.PrimaryCopyBridge,in-tranche
NavierStokes.ParticularWaveBounds,8,NavierStokes.LinearWaveBounds,in-tranche
NavierStokes.ParticularWithinBounds,1,NavierStokes.WithinJointODE,in-tranche
NavierStokes.ParticularWithinBounds,2,NavierStokes.ParticularWaveBounds,in-tranche
NavierStokes.ParticularWithinPressure,1,NavierStokes.CommonCoverWithin,in-tranche
NavierStokes.ParticularWithinPressure,2,NavierStokes.ParticularWaveBounds,in-tranche
NavierStokes.PartitionedCovariance,1,NavierStokes.SquaredPartition,in-tranche
NavierStokes.PartitionedCovariance,2,NavierStokes.TorusAverages,in-tranche
NavierStokes.PartitionedCovariance,3,NavierStokes.PhaseCalculus,in-tranche
NavierStokes.PartitionedCovariance,4,NavierStokes.ParametricODE,in-tranche
NavierStokes.PartitionedCovariance,5,NavierStokes.PhaseEstimates,in-tranche
NavierStokes.PastExtension,1,NavierStokes.TimeLocalization,in-tranche
NavierStokes.PastExtension,2,NavierStokes.ResidualRegularity,in-tranche
NavierStokes.PastExtension,3,NavierStokes.SpacetimeEndpoint,in-tranche
NavierStokes.PeriodicComparatorSolution,1,NavierStokes.ComparatorBridge,in-tranche
NavierStokes.PeriodicComparatorSolution,2,NavierStokes.PeriodicPaperTheorem,in-tranche
NavierStokes.PeriodicIntegration,1,NavierStokes.ProblemStatement,in-tranche
NavierStokes.PeriodicIntegration,2,Mathlib.MeasureTheory.Integral.DivergenceTheorem,mathlib
NavierStokes.PeriodicIntegration,3,Mathlib.MeasureTheory.Measure.OpenPos,mathlib
NavierStokes.PeriodicIntegration,4,Mathlib.Analysis.Calculus.ParametricIntegral,mathlib
NavierStokes.PeriodicIntegration,5,Mathlib.Analysis.Calculus.ContDiff.Operations,mathlib
NavierStokes.PeriodicIntegration,6,Mathlib.Analysis.Calculus.Deriv.Prod,mathlib
NavierStokes.PeriodicLocalization,1,NavierStokes.ProblemStatement,in-tranche
NavierStokes.PeriodicLocalization,2,Mathlib.Analysis.Calculus.ContDiff.Operations,mathlib
NavierStokes.PeriodicLocalization,3,Mathlib.Topology.Algebra.InfiniteSum.Basic,mathlib
NavierStokes.PeriodicLocalization,4,Mathlib.Topology.LocallyFinite,mathlib
NavierStokes.PeriodicLocalization,5,Mathlib.Data.Int.Interval,mathlib
NavierStokes.PeriodicLocalization,6,Mathlib.Data.Fintype.Pi,mathlib
NavierStokes.PeriodicLocalization,7,Mathlib.Tactic.Abel,mathlib
NavierStokes.PeriodicLocalization,8,Mathlib.Tactic.Linarith,mathlib
NavierStokes.PeriodicLocalization,9,Mathlib.Tactic.NormNum,mathlib
NavierStokes.PeriodicLocalization,10,Mathlib.Tactic.Ring,mathlib
NavierStokes.PeriodicPaperComparator,1,NavierStokes.PeriodicComparatorSolution,in-tranche
NavierStokes.PeriodicPaperComparator,2,NavierStokes.CandidateConsequences,in-tranche
NavierStokes.PeriodicPaperScalingSupport,1,NavierStokes.PeriodicPaperSupport,in-tranche
NavierStokes.PeriodicPaperScalingSupport,2,NavierStokes.R3.ParabolicDefinitions,in-tranche
NavierStokes.PeriodicPaperScalingSupport,3,NavierStokes.R3.ParabolicSupport,in-tranche
NavierStokes.PeriodicPaperSupport,1,NavierStokes.PeriodicLocalization,in-tranche
NavierStokes.PeriodicPaperSupport,2,NavierStokes.R3.ProblemStatement,in-tranche
NavierStokes.PeriodicPaperSupport,3,Mathlib.Analysis.Calculus.FDeriv.Const,mathlib
NavierStokes.PeriodicPaperTheorem,1,NavierStokes.PeriodicPaperSupport,in-tranche
NavierStokes.PeriodicPaperTheorem,2,NavierStokes.PeriodicPaperScalingSupport,in-tranche
NavierStokes.PeriodicPaperTheorem,3,NavierStokes.R3.ParabolicScaling,in-tranche
NavierStokes.PeriodicPaperTheorem,4,NavierStokes.R3.Theorem,in-tranche
NavierStokes.PeriodicPaperTheorem,5,NavierStokes.PeriodizePDE,in-tranche
NavierStokes.PeriodicPaperTheorem,6,NavierStokes.PeriodicViscosity,in-tranche
NavierStokes.PeriodicPaperTheorem,7,NavierStokes.CandidateConsequences,in-tranche
NavierStokes.PeriodicPhaseAssembly,1,NavierStokes.PeriodizedWaveBounds,in-tranche
NavierStokes.PeriodicPhaseAssembly,2,NavierStokes.PhysicalParticularWave,in-tranche
NavierStokes.PeriodicPhaseAssembly,3,Mathlib.Analysis.SpecialFunctions.SmoothTransition,mathlib
NavierStokes.PeriodicResidualLimits,1,NavierStokes.JointResidualLimits,in-tranche
NavierStokes.PeriodicResidualLimits,2,NavierStokes.SpatialLocalization,in-tranche
NavierStokes.PeriodicResidualLimits,3,NavierStokes.CandidateFromLimits,in-tranche
NavierStokes.PeriodicResidualLimits,4,Mathlib.Algebra.Order.Round,mathlib
NavierStokes.PeriodicSobolev,1,NavierStokes.PeriodicUniqueness,in-tranche
NavierStokes.PeriodicSobolev,2,Mathlib.MeasureTheory.Integral.IntervalIntegral.FundThmCalculus,mathlib
NavierStokes.PeriodicSobolev,3,Mathlib.Analysis.Calculus.Deriv.Mul,mathlib
NavierStokes.PeriodicSobolev,4,Mathlib.Tactic.FinCases,mathlib
NavierStokes.PeriodicUniqueness,1,Mathlib.Analysis.Calculus.TangentCone.Prod,mathlib
NavierStokes.PeriodicUniqueness,2,NavierStokes.ProblemStatement,in-tranche
NavierStokes.PeriodicUniqueness,3,NavierStokes.PeriodicIntegration,in-tranche
NavierStokes.PeriodicUniqueness,4,Mathlib.Analysis.InnerProductSpace.Calculus,mathlib
NavierStokes.PeriodicUniqueness,5,Mathlib.Analysis.Calculus.Deriv.MeanValue,mathlib
NavierStokes.PeriodicUniqueness,6,Mathlib.Analysis.SpecialFunctions.ExpDeriv,mathlib
NavierStokes.PeriodicUniqueness,7,Mathlib.Algebra.Ring.Periodic,mathlib
NavierStokes.PeriodicUniqueness,8,Mathlib.Algebra.Order.Floor.Ring,mathlib
NavierStokes.PeriodicUniqueness,9,Mathlib.Tactic.Abel,mathlib
NavierStokes.PeriodicUniqueness,10,Mathlib.Tactic.Linarith,mathlib
NavierStokes.PeriodicUniqueness,11,Mathlib.Tactic.Ring,mathlib
NavierStokes.PeriodicViscosity,1,NavierStokes.PeriodicViscosityUniqueness,in-tranche
NavierStokes.PeriodicViscosity,2,NavierStokes.MaximalLifespan,in-tranche
NavierStokes.PeriodicViscosityUniqueness,1,NavierStokes.PeriodicUniqueness,in-tranche
NavierStokes.PeriodicViscosityUniqueness,2,NavierStokes.ComparatorBridge,in-tranche
NavierStokes.PeriodicViscosityUniqueness,3,NavierStokes.R3.ProblemStatement,in-tranche
NavierStokes.PeriodizeLatticeCover,1,NavierStokes.PeriodicLocalization,in-tranche
NavierStokes.PeriodizeLatticeCover,2,Mathlib.Algebra.Order.Floor.Ring,mathlib
NavierStokes.PeriodizePDE,1,NavierStokes.PeriodicLocalization,in-tranche
NavierStokes.PeriodizePDE,2,NavierStokes.PeriodizeLatticeCover,in-tranche
NavierStokes.PeriodizePDE,3,NavierStokes.ResidualRegularity,in-tranche
NavierStokes.PeriodizePDE,4,NavierStokes.R3.ProblemStatement,in-tranche
NavierStokes.PeriodizedWaveBounds,1,NavierStokes.ParticularWaveAssembly,in-tranche
NavierStokes.PeriodizedWaveBounds,2,NavierStokes.WaveEnvelopeTransport,in-tranche
NavierStokes.PeriodizedWaveBounds,3,NavierStokes.LabelSumBounds,in-tranche
NavierStokes.PhaseCalculus,1,Mathlib.Analysis.Calculus.FDeriv.Mul,mathlib
NavierStokes.PhaseCalculus,2,Mathlib.Analysis.Calculus.Deriv.Mul,mathlib
NavierStokes.PhaseCalculus,3,Mathlib.Analysis.Calculus.ContDiff.Comp,mathlib
NavierStokes.PhaseCalculus,4,Mathlib.Analysis.Calculus.ContDiff.Operations,mathlib
NavierStokes.PhaseCalculus,5,Mathlib.Analysis.InnerProductSpace.PiL2,mathlib
NavierStokes.PhaseCalculus,6,Mathlib.Analysis.SpecialFunctions.ExpDeriv,mathlib
NavierStokes.PhaseCalculus,7,Mathlib.Analysis.SpecialFunctions.Trigonometric.Basic,mathlib
NavierStokes.PhaseCalculus,8,Mathlib.Tactic.FieldSimp,mathlib
NavierStokes.PhaseCalculus,9,Mathlib.Tactic.FinCases,mathlib
NavierStokes.PhaseCalculus,10,Mathlib.Tactic.Linarith,mathlib
NavierStokes.PhaseCalculus,11,Mathlib.Tactic.Ring,mathlib
NavierStokes.PhaseEstimates,1,NavierStokes.MovingFrameODE,in-tranche
NavierStokes.PhaseEstimates,2,NavierStokes.ChartScales,in-tranche
NavierStokes.PhaseEstimates,3,Mathlib.Algebra.Order.Floor.Ring,mathlib
NavierStokes.PhaseEstimates,4,Mathlib.Analysis.Calculus.MeanValue,mathlib
NavierStokes.PhaseJetBounds,1,NavierStokes.JetBounds,in-tranche
NavierStokes.PhaseJetBounds,2,NavierStokes.PrimaryODE,in-tranche
NavierStokes.PhysicalClassBounds,1,NavierStokes.LabelSumBounds,in-tranche
NavierStokes.PhysicalClassBounds,2,NavierStokes.WeightedRadialPrimitive,in-tranche
NavierStokes.PhysicalClassBounds,3,NavierStokes.LocalSignedRequest,in-tranche
NavierStokes.PhysicalClassBounds,4,NavierStokes.SpatialCurl,in-tranche
NavierStokes.PhysicalCoordinateBounds,1,NavierStokes.SimilarityCoordinates,in-tranche
NavierStokes.PhysicalCoordinateBounds,2,Mathlib.Analysis.Calculus.ContDiff.Bounds,mathlib
NavierStokes.PhysicalCoordinateBounds,3,Mathlib.Analysis.Normed.Group.Bounded,mathlib
NavierStokes.PhysicalCopyBounds,1,NavierStokes.PhysicalClassBounds,in-tranche
NavierStokes.PhysicalCopyBounds,2,NavierStokes.PeriodizedWaveBounds,in-tranche
NavierStokes.PhysicalCurlCovariance,1,NavierStokes.PhysicalResidualBridge,in-tranche
NavierStokes.PhysicalCurlCovariance,2,NavierStokes.LinearWaveBounds,in-tranche
NavierStokes.PhysicalCurlCovariance,3,NavierStokes.SpatialCurl,in-tranche
NavierStokes.PhysicalCurlCovariance,4,NavierStokes.CopyAngularInvariance,in-tranche
NavierStokes.PhysicalGraphBounds,1,NavierStokes.ChartScales,in-tranche
NavierStokes.PhysicalGraphBounds,2,NavierStokes.GraphCalculus,in-tranche
NavierStokes.PhysicalGraphBounds,3,NavierStokes.SlotGeometry,in-tranche
NavierStokes.PhysicalGraphBounds,4,NavierStokes.AxisymmetricFields,in-tranche
NavierStokes.PhysicalGraphBounds,5,NavierStokes.JetBounds,in-tranche
NavierStokes.PhysicalGraphBounds,6,NavierStokes.PhaseCalculus,in-tranche
NavierStokes.PhysicalGraphBounds,7,NavierStokes.CoordinateAlgebra,in-tranche
NavierStokes.PhysicalGraphBounds,8,NavierStokes.PolarCharts,in-tranche
NavierStokes.PhysicalGraphBounds,9,Mathlib.Analysis.Calculus.ContDiff.Bounds,mathlib
NavierStokes.PhysicalGraphBounds,10,Mathlib.Analysis.Calculus.IteratedDeriv.Lemmas,mathlib
NavierStokes.PhysicalGraphBounds,11,Mathlib.Analysis.SpecialFunctions.ExpDeriv,mathlib
NavierStokes.PhysicalGraphBounds,12,Mathlib.Analysis.Normed.Group.Bounded,mathlib
NavierStokes.PhysicalHeatCoordinates,1,NavierStokes.ParametricHeatTail,in-tranche
NavierStokes.PhysicalHeatCoordinates,2,NavierStokes.TerminalStress,in-tranche
NavierStokes.PhysicalMeanDomain,1,NavierStokes.MeanRankUpdate,in-tranche
NavierStokes.PhysicalMeanDomain,2,NavierStokes.MeanIncrementBounds,in-tranche
NavierStokes.PhysicalMeanDomain,3,NavierStokes.TemporalMeanUpdate,in-tranche
NavierStokes.PhysicalMeanDomain,4,Mathlib.Analysis.Calculus.BumpFunction.FiniteDimension,mathlib
NavierStokes.PhysicalMeanJetBounds,1,NavierStokes.LocalPhysicalCopyBounds,in-tranche
NavierStokes.PhysicalMeanJetBounds,2,NavierStokes.VariableGaugeMean,in-tranche
NavierStokes.PhysicalMeanJetBounds,3,Mathlib.Algebra.Order.Archimedean.Basic,mathlib
NavierStokes.PhysicalParticularWave,1,NavierStokes.ParticularWaveAssembly,in-tranche
NavierStokes.PhysicalParticularWave,2,NavierStokes.PhysicalCurlCovariance,in-tranche
NavierStokes.PhysicalParticularWave,3,NavierStokes.PhysicalResidualTZ,in-tranche
NavierStokes.PhysicalParticularWave,4,NavierStokes.StateReindex,in-tranche
NavierStokes.PhysicalParticularWave,5,NavierStokes.ScaledTangentTransport,in-tranche
NavierStokes.PhysicalResidualBridge,1,NavierStokes.LinearWaveResidual,in-tranche
NavierStokes.PhysicalResidualBridge,2,NavierStokes.PhysicalGraphBounds,in-tranche
NavierStokes.PhysicalResidualBridge,3,NavierStokes.LiftedMeanResidual,in-tranche
NavierStokes.PhysicalResidualBridge,4,NavierStokes.MeanChartCompatibility,in-tranche
NavierStokes.PhysicalResidualJetBounds,1,NavierStokes.PhysicalMeanJetBounds,in-tranche
NavierStokes.PhysicalResidualJetBounds,2,NavierStokes.PhysicalResidualTZ,in-tranche
NavierStokes.PhysicalResidualJetBounds,3,NavierStokes.UniformHarmonicInteraction,in-tranche
NavierStokes.PhysicalResidualJetBounds,4,NavierStokes.AnnularEndpoint,in-tranche
NavierStokes.PhysicalResidualJetBounds,5,NavierStokes.DiagonalResidual,in-tranche
NavierStokes.PhysicalResidualJetBounds,6,NavierStokes.ResidualPolarGraph,in-tranche
NavierStokes.PhysicalResidualNaturality,1,NavierStokes.PhysicalParticularWave,in-tranche
NavierStokes.PhysicalResidualNaturality,2,NavierStokes.HarmonicSourceSupport,in-tranche
NavierStokes.PhysicalResidualTZ,1,NavierStokes.PhysicalResidualBridge,in-tranche
NavierStokes.PhysicalResidualTZ,2,Mathlib.Analysis.Calculus.FDeriv.Equiv,mathlib
NavierStokes.PhysicalSignedWave,1,NavierStokes.LocalSignedRequest,in-tranche
NavierStokes.PhysicalSignedWave,2,NavierStokes.PhysicalParticularWave,in-tranche
NavierStokes.PhysicalSignedWave,3,NavierStokes.PrimaryFieldAssembly,in-tranche
NavierStokes.PhysicalSignedWave,4,NavierStokes.PhysicalResidualNaturality,in-tranche
NavierStokes.PhysicalSignedWave,5,NavierStokes.PeriodicPhaseAssembly,in-tranche
NavierStokes.PhysicalStageBounds,1,NavierStokes.PhysicalMeanJetBounds,in-tranche
NavierStokes.PhysicalStageBounds,2,NavierStokes.MixedDiagonalSchedule,in-tranche
NavierStokes.PhysicalStageBounds,3,NavierStokes.TailGaugePotential,in-tranche
NavierStokes.PhysicalStageSupport,1,NavierStokes.PhysicalStageBounds,in-tranche
NavierStokes.PhysicalStageSupport,2,NavierStokes.MixedCandidateAssembly,in-tranche
NavierStokes.PhysicalStageSupport,3,NavierStokes.ActualInitialization,in-tranche
NavierStokes.PhysicalWaveSum,1,NavierStokes.PhysicalGraphBounds,in-tranche
NavierStokes.PhysicalWaveSum,2,NavierStokes.CommonCoverSolve,in-tranche
NavierStokes.PhysicalWaveSum,3,NavierStokes.SquaredPartition,in-tranche
NavierStokes.PhysicalWaveSum,4,NavierStokes.SimilarityProfile,in-tranche
NavierStokes.PhysicalWaveSum,5,Mathlib.Data.Set.Card,mathlib
NavierStokes.PolarCharts,1,NavierStokes.RadialPullback,in-tranche
NavierStokes.PolarCharts,2,Mathlib.Analysis.SpecialFunctions.Trigonometric.ArctanDeriv,mathlib
NavierStokes.PolarCharts,3,Mathlib.Analysis.SpecialFunctions.Trigonometric.Angle,mathlib
NavierStokes.PolarCharts,4,Mathlib.Analysis.SpecialFunctions.Sqrt,mathlib
NavierStokes.PolarCharts,5,Mathlib.Analysis.Normed.Group.Bounded,mathlib
NavierStokes.PolarCharts,6,Mathlib.Tactic.FinCases,mathlib
NavierStokes.PositiveAxisDifferential,1,NavierStokes.PositiveAxisExistence,in-tranche
NavierStokes.PositiveAxisDifferential,2,NavierStokes.RegularSingularIntegral,in-tranche
NavierStokes.PositiveAxisDifferential,3,NavierStokes.CompactHolomorphicFamily,in-tranche
NavierStokes.PositiveAxisExistence,1,NavierStokes.VolterraRegularity,in-tranche
NavierStokes.PositiveAxisExistence,2,NavierStokes.ParametricEvenDescent,in-tranche
NavierStokes.PositiveAxisExistence,3,NavierStokes.PositiveAxisSystem,in-tranche
NavierStokes.PositiveAxisExistence,4,NavierStokes.HolomorphicFamily,in-tranche
NavierStokes.PositiveAxisExistence,5,Mathlib.Analysis.Normed.Module.FiniteDimension,mathlib
NavierStokes.PositiveAxisSystem,1,NavierStokes.SimilarityProfile,in-tranche
NavierStokes.PositiveAxisSystem,2,NavierStokes.SlowDivergence,in-tranche
NavierStokes.PositiveAxisSystem,3,NavierStokes.VolterraAnalyticBounds,in-tranche
NavierStokes.PositiveAxisSystem,4,NavierStokes.VolterraParity,in-tranche
NavierStokes.PositiveAxisSystem,5,Mathlib.Analysis.Calculus.ContDiff.Operations,mathlib
NavierStokes.PositiveAxisSystem,6,Mathlib.Analysis.Analytic.Constructions,mathlib
NavierStokes.PositiveAxisSystem,7,Mathlib.Analysis.Complex.RealDeriv,mathlib
NavierStokes.PositiveAxisSystem,8,Mathlib.Algebra.BigOperators.Group.Finset.Basic,mathlib
NavierStokes.PositiveAxisSystem,9,Mathlib.Tactic.FinCases,mathlib
NavierStokes.PositiveAxisSystem,10,Mathlib.Tactic.LinearCombination,mathlib
NavierStokes.PositiveOrderMoments,1,NavierStokes.PositiveAxisSystem,in-tranche
NavierStokes.PositiveOrderMoments,2,NavierStokes.FiveRowRank,in-tranche
NavierStokes.PositiveOrderMoments,3,NavierStokes.ProfileHistories,in-tranche
NavierStokes.PositiveOrderMoments,4,Mathlib.MeasureTheory.Integral.IntervalIntegral.IntegrationByParts,mathlib
NavierStokes.PositiveRepresentatives,1,NavierStokes.PrimaryRepresentatives,in-tranche
NavierStokes.PositiveRepresentatives,2,Mathlib.Analysis.Calculus.Deriv.MeanValue,mathlib
NavierStokes.PositiveTimeCopyFamily,1,NavierStokes.LocalPhysicalCopyBounds,in-tranche
NavierStokes.PositiveTimeSignedData,1,NavierStokes.ActualSignedPhysicalData,in-tranche
NavierStokes.PositiveTimeSignedData,2,NavierStokes.PositiveTimeCopyFamily,in-tranche
NavierStokes.PositiveTimeSignedData,3,NavierStokes.PositiveTimeSignedLocalization,in-tranche
NavierStokes.PositiveTimeSignedData,4,NavierStokes.ActualSignedNativeProfiles,in-tranche
NavierStokes.PositiveTimeSignedLocalization,1,NavierStokes.ActualSignedPhysicalBinding,in-tranche
NavierStokes.PositiveTimeSignedLocalization,2,NavierStokes.ActualWaveRegularityData,in-tranche
NavierStokes.PositiveTimeSignedLocalization,3,NavierStokes.InitialPhysicalData,in-tranche
NavierStokes.PowerMomentMatrix,1,Mathlib.Analysis.Calculus.Deriv.MeanValue,mathlib
NavierStokes.PowerMomentMatrix,2,Mathlib.Analysis.SpecialFunctions.ExpDeriv,mathlib
NavierStokes.PowerMomentMatrix,3,Mathlib.Analysis.SpecialFunctions.Pow.Real,mathlib
NavierStokes.PowerMomentMatrix,4,Mathlib.Analysis.SpecialFunctions.Pow.Continuity,mathlib
NavierStokes.PowerMomentMatrix,5,Mathlib.LinearAlgebra.Matrix.NonsingularInverse,mathlib
NavierStokes.PowerMomentMatrix,6,Mathlib.MeasureTheory.Integral.Average,mathlib
NavierStokes.PowerMomentMatrix,7,Mathlib.MeasureTheory.Function.LocallyIntegrable,mathlib
NavierStokes.PowerMomentMatrix,8,Mathlib.MeasureTheory.Measure.Lebesgue.Basic,mathlib
NavierStokes.PowerMomentMatrix,9,Mathlib.Topology.Order.IntermediateValue,mathlib
NavierStokes.PowerMomentMatrix,10,Mathlib.Tactic.Linarith,mathlib
NavierStokes.PowerMomentMatrix,11,Mathlib.Tactic.Ring,mathlib
NavierStokes.PreparedOutgoing,1,NavierStokes.ScheduledProfileChoice,in-tranche
NavierStokes.PreparedOutgoing,2,NavierStokes.MatchingDebtBounds,in-tranche
NavierStokes.PreparedOutgoing,3,NavierStokes.OutgoingCone,in-tranche
NavierStokes.PressureDatum,1,Mathlib.Analysis.Calculus.ParametricIntegral,mathlib
NavierStokes.PressureDatum,2,Mathlib.Analysis.Complex.CauchyIntegral,mathlib
NavierStokes.PressureDatum,3,Mathlib.Analysis.Complex.RealDeriv,mathlib
NavierStokes.PressureDatum,4,Mathlib.Analysis.SpecialFunctions.Complex.LogDeriv,mathlib
NavierStokes.PressureDatum,5,Mathlib.Analysis.SpecialFunctions.Pow.Real,mathlib
NavierStokes.PressureDatum,6,Mathlib.Analysis.SpecialFunctions.ImproperIntegrals,mathlib
NavierStokes.PressureDatum,7,Mathlib.MeasureTheory.Group.Integral,mathlib
NavierStokes.PressureDatum,8,Mathlib.MeasureTheory.Integral.Bochner.Set,mathlib
NavierStokes.PressureDatum,9,Mathlib.Tactic.Linarith,mathlib
NavierStokes.PressureDatum,10,Mathlib.Tactic.Positivity,mathlib
NavierStokes.PressureDatum,11,Mathlib.Tactic.Ring,mathlib
NavierStokes.PressureStream,1,NavierStokes.TransportPrimitive,in-tranche
NavierStokes.PressureStream,2,NavierStokes.FourierAlias,in-tranche
NavierStokes.PressureStream,3,NavierStokes.RadialPullback,in-tranche
NavierStokes.PressureStream,4,Mathlib.Analysis.Calculus.BumpFunction.Normed,mathlib
NavierStokes.PressureStream,5,Mathlib.Analysis.Calculus.BumpFunction.InnerProduct,mathlib
NavierStokes.PressureStream,6,Mathlib.Analysis.Calculus.FDeriv.Symmetric,mathlib
NavierStokes.PrimaryCopyBounds,1,NavierStokes.PrimaryTargetBounds,in-tranche
NavierStokes.PrimaryCopyBounds,2,NavierStokes.UniformPrimaryWeights,in-tranche
NavierStokes.PrimaryCopyBounds,3,NavierStokes.PeriodizedWaveBounds,in-tranche
NavierStokes.PrimaryCopyBridge,1,NavierStokes.PrimaryODE,in-tranche
NavierStokes.PrimaryCopyBridge,2,NavierStokes.CommonCoverSolve,in-tranche
NavierStokes.PrimaryCovarianceBounds,1,NavierStokes.PrimaryPulseBounds,in-tranche
NavierStokes.PrimaryCovarianceBounds,2,NavierStokes.ChartScales,in-tranche
NavierStokes.PrimaryFieldAssembly,1,NavierStokes.PrimaryPulseBounds,in-tranche
NavierStokes.PrimaryFieldAssembly,2,NavierStokes.LinearWaveBounds,in-tranche
NavierStokes.PrimaryGeometryAssembly,1,NavierStokes.FinalSlowBase,in-tranche
NavierStokes.PrimaryGeometryAssembly,2,NavierStokes.BaseChartJets,in-tranche
NavierStokes.PrimaryMaterialDefect,1,NavierStokes.BasePhaseGeometry,in-tranche
NavierStokes.PrimaryMaterialDefect,2,NavierStokes.LinearWaveBounds,in-tranche
NavierStokes.PrimaryODE,1,NavierStokes.MovingFrameODE,in-tranche
NavierStokes.PrimaryODE,2,NavierStokes.SmoothPathFamily,in-tranche
NavierStokes.PrimaryODE,3,NavierStokes.WeightedODEJets,in-tranche
NavierStokes.PrimaryODE,4,NavierStokes.PulseCovariance,in-tranche
NavierStokes.PrimaryODE,5,NavierStokes.PhaseEstimates,in-tranche
NavierStokes.PrimaryODE,6,NavierStokes.JointODE,in-tranche
NavierStokes.PrimaryPulseBounds,1,NavierStokes.PhaseJetBounds,in-tranche
NavierStokes.PrimaryPulseBounds,2,NavierStokes.WeightedClasses,in-tranche
NavierStokes.PrimaryPulseBounds,3,NavierStokes.WeightedQuotients,in-tranche
NavierStokes.PrimaryPulseBounds,4,NavierStokes.PartitionedCovariance,in-tranche
NavierStokes.PrimaryPulseBounds,5,NavierStokes.JointODE,in-tranche
NavierStokes.PrimaryPulseBounds,6,NavierStokes.CurlClassBounds,in-tranche
NavierStokes.PrimaryPulseBounds,7,NavierStokes.SignedCovariance,in-tranche
NavierStokes.PrimaryPulseBounds,8,NavierStokes.GaussianTailFlat,in-tranche
NavierStokes.PrimaryRepresentatives,1,NavierStokes.PartitionedCovariance,in-tranche
NavierStokes.PrimaryRepresentatives,2,NavierStokes.UniformCone,in-tranche
NavierStokes.PrimaryRepresentatives,3,NavierStokes.SimilarityHomogeneity,in-tranche
NavierStokes.PrimaryRepresentatives,4,Mathlib.Topology.UniformSpace.HeineCantor,mathlib
NavierStokes.PrimaryResidualClass,1,NavierStokes.HarmonicWaveInteraction,in-tranche
NavierStokes.PrimaryResidualClass,2,NavierStokes.SignedWaveUpdate,in-tranche
NavierStokes.PrimaryTargetBounds,1,NavierStokes.BasePhaseGeometry,in-tranche
NavierStokes.PrimaryTargetBounds,2,NavierStokes.AlignedProfileSpectralCone,in-tranche
NavierStokes.PrimaryTargetBounds,3,NavierStokes.PrimaryGeometryAssembly,in-tranche
NavierStokes.PrimaryTargetBounds,4,NavierStokes.LocalSignedRequest,in-tranche
NavierStokes.ProblemStatement,1,Mathlib.Analysis.Calculus.ContDiff.Comp,mathlib
NavierStokes.ProblemStatement,2,Mathlib.Analysis.InnerProductSpace.PiL2,mathlib
NavierStokes.ProfileHistories,1,NavierStokes.StressAlgebra,in-tranche
NavierStokes.ProfileHistories,2,NavierStokes.SmoothParameterIntegral,in-tranche
NavierStokes.ProfileHistories,3,NavierStokes.ParametricFlatFactor,in-tranche
NavierStokes.ProfileHistories,4,Mathlib.Analysis.Calculus.ParametricIntervalIntegral,mathlib
NavierStokes.ProfileHistories,5,Mathlib.Analysis.Calculus.Deriv.Prod,mathlib
NavierStokes.ProfileHistories,6,Mathlib.Analysis.Calculus.Deriv.Comp,mathlib
NavierStokes.ProfileHistories,7,Mathlib.Analysis.SpecialFunctions.Sqrt,mathlib
NavierStokes.ProfileHistories,8,Mathlib.Analysis.SpecialFunctions.Log.Deriv,mathlib
NavierStokes.ProfileSpectralCone,1,NavierStokes.ModulatedProfileAssembly,in-tranche
NavierStokes.ProfileSpectralCone,2,NavierStokes.PrimaryRepresentatives,in-tranche
NavierStokes.ProfileSpectralCone,3,NavierStokes.LeadingStress,in-tranche
NavierStokes.ProfileSpectralCone,4,NavierStokes.BaseChartJets,in-tranche
NavierStokes.PulseAmplitude,1,NavierStokes.OutgoingSchedule,in-tranche
NavierStokes.PulseAmplitude,2,NavierStokes.OutgoingTail,in-tranche
NavierStokes.PulseAmplitude,3,NavierStokes.TailEnergyBounds,in-tranche
NavierStokes.PulseAmplitude,4,NavierStokes.OutgoingPulseBounds,in-tranche
NavierStokes.PulseAmplitude,5,NavierStokes.RadialSchedule,in-tranche
NavierStokes.PulseAmplitude,6,Mathlib.Analysis.SpecialFunctions.Sqrt,mathlib
NavierStokes.PulseAmplitude,7,Mathlib.Analysis.SpecialFunctions.ImproperIntegrals,mathlib
NavierStokes.PulseAmplitude,8,Mathlib.Analysis.SpecialFunctions.Pow.Asymptotics,mathlib
NavierStokes.PulseAmplitude,9,Mathlib.MeasureTheory.Function.Jacobian,mathlib
NavierStokes.PulseCone,1,NavierStokes.PulseLag,in-tranche
NavierStokes.PulseCone,2,NavierStokes.OutgoingHistories,in-tranche
NavierStokes.PulseCone,3,NavierStokes.OutgoingEntranceCone,in-tranche
NavierStokes.PulseCone,4,NavierStokes.PulseEnergyHistory,in-tranche
NavierStokes.PulseCone,5,NavierStokes.ShapedWaitBounds,in-tranche
NavierStokes.PulseCovariance,1,NavierStokes.SmoothCovariance,in-tranche
NavierStokes.PulseCovariance,2,NavierStokes.FlatCovariance,in-tranche
NavierStokes.PulseCovariance,3,NavierStokes.GaussianEnvelope,in-tranche
NavierStokes.PulseCovariance,4,Mathlib.Analysis.SpecialFunctions.Gaussian.GaussianIntegral,mathlib
NavierStokes.PulseCovariance,5,Mathlib.MeasureTheory.Function.LocallyIntegrable,mathlib
NavierStokes.PulseCovariance,6,Mathlib.MeasureTheory.Measure.Haar.NormedSpace,mathlib
NavierStokes.PulseEnergyHistory,1,NavierStokes.OutgoingHistories,in-tranche
NavierStokes.PulseEnergyHistory,2,NavierStokes.PulseLag,in-tranche
NavierStokes.PulseGrowth,1,Mathlib.Analysis.Real.Sqrt,mathlib
NavierStokes.PulseGrowth,2,Mathlib.Tactic.FieldSimp,mathlib
NavierStokes.PulseGrowth,3,Mathlib.Tactic.Linarith,mathlib
NavierStokes.PulseGrowth,4,Mathlib.Tactic.Ring,mathlib
NavierStokes.PulseLag,1,NavierStokes.OutgoingPulseBounds,in-tranche
NavierStokes.PulseLag,2,NavierStokes.PulseAmplitude,in-tranche
NavierStokes.PulseLag,3,NavierStokes.CorrectedPulseAmplitude,in-tranche
NavierStokes.PulseLag,4,Mathlib.MeasureTheory.Integral.IntervalIntegral.IntegrationByParts,mathlib
NavierStokes.PulseLag,5,Mathlib.Analysis.Calculus.IteratedDeriv.Lemmas,mathlib
NavierStokes.QuadraticLinearization,1,NavierStokes.SmoothMomentRepair,in-tranche
NavierStokes.QuadraticLinearization,2,Mathlib.Analysis.Normed.Ring.Units,mathlib
NavierStokes.R3,1,NavierStokes.R3.WholeSpaceUniqueness,in-tranche
NavierStokes.R3,2,NavierStokes.ComparatorR3Theorem,in-tranche
NavierStokes.R3.ActualCandidate,1,NavierStokes.R3ActualCandidate,in-tranche
NavierStokes.R3.ActualCandidate,2,NavierStokes.R3.CompactEnergy,in-tranche
NavierStokes.R3.ActualCandidate,3,NavierStokes.R3.PositiveTimeForce,in-tranche
NavierStokes.R3.ActualPressureFlux,1,NavierStokes.R3.PressureRecovery,in-tranche
NavierStokes.R3.ActualPressureFlux,2,NavierStokes.R3.PressureFluxIdentity,in-tranche
NavierStokes.R3.CandidateBreakdown,1,NavierStokes.R3.WholeSpaceUniqueness,in-tranche
NavierStokes.R3.CompactComparisonBounds,1,NavierStokes.R3.ComparisonFiniteEnergy,in-tranche
NavierStokes.R3.CompactComparisonBounds,2,NavierStokes.R3.CompactTimeIntegral,in-tranche
NavierStokes.R3.CompactComparisonBounds,3,NavierStokes.R3.ComparisonCutoffs,in-tranche
NavierStokes.R3.CompactEnergy,1,NavierStokes.PeriodicUniqueness,in-tranche
NavierStokes.R3.CompactEnergy,2,Mathlib.Analysis.Calculus.LineDeriv.IntegrationByParts,mathlib
NavierStokes.R3.CompactEnergy,3,NavierStokes.R3.CompactTimeIntegral,in-tranche
NavierStokes.R3.CompactEnergy,4,NavierStokes.R3.ScalarEnergyBound,in-tranche
NavierStokes.R3.CompactEnergy,5,NavierStokes.R3.CompactForceBound,in-tranche
NavierStokes.R3.CompactForceBound,1,NavierStokes.ProblemStatement,in-tranche
NavierStokes.R3.CompactForceBound,2,Mathlib.MeasureTheory.Integral.Bochner.Set,mathlib
NavierStokes.R3.CompactForceBound,3,Mathlib.MeasureTheory.Measure.Haar.InnerProductSpace,mathlib
NavierStokes.R3.CompactForceBound,4,Mathlib.Topology.Algebra.Support,mathlib
NavierStokes.R3.CompactSchwartz,1,NavierStokes.R3.ProblemStatement,in-tranche
NavierStokes.R3.CompactSchwartz,2,Mathlib.Analysis.Distribution.SchwartzSpace.Deriv,mathlib
NavierStokes.R3.CompactTimeIntegral,1,NavierStokes.R3.ProblemStatement,in-tranche
NavierStokes.R3.CompactTimeIntegral,2,Mathlib.Analysis.Calculus.ParametricIntegral,mathlib
NavierStokes.R3.CompactTimeIntegral,3,Mathlib.Analysis.Calculus.ContDiff.Basic,mathlib
NavierStokes.R3.CompactTimeIntegral,4,Mathlib.Analysis.Calculus.Deriv.Prod,mathlib
NavierStokes.R3.CompactTimeIntegral,5,Mathlib.Analysis.Calculus.Deriv.Comp,mathlib
NavierStokes.R3.ComparatorBridge,1,NavierStokes.R3.ProblemStatement,in-tranche
NavierStokes.R3.ComparatorBridge,2,NavierStokes.ComparatorR3Bridge,in-tranche
NavierStokes.R3.ComparatorBridge,3,NavierStokes.CompactSpatialForceDecay,in-tranche
NavierStokes.R3.ComparisonCutoffs,1,NavierStokes.R3.ComparisonSetup,in-tranche
NavierStokes.R3.ComparisonCutoffs,2,Mathlib.Analysis.Calculus.BumpFunction.InnerProduct,mathlib
NavierStokes.R3.ComparisonCutoffs,3,Mathlib.Analysis.Normed.Group.Bounded,mathlib
NavierStokes.R3.ComparisonFiniteEnergy,1,NavierStokes.R3.ComparisonSetup,in-tranche
NavierStokes.R3.ComparisonFiniteEnergy,2,NavierStokes.R3.LpNormTools,in-tranche
NavierStokes.R3.ComparisonFourierSetup,1,NavierStokes.R3.ComparisonSetup,in-tranche
NavierStokes.R3.ComparisonFourierSetup,2,Mathlib.Analysis.Distribution.SchwartzSpace.Fourier,mathlib
NavierStokes.R3.ComparisonGronwall,1,Mathlib.Analysis.Calculus.Deriv.MeanValue,mathlib
NavierStokes.R3.ComparisonGronwall,2,Mathlib.Analysis.SpecialFunctions.ExpDeriv,mathlib
NavierStokes.R3.ComparisonGronwall,3,Mathlib.Tactic.Linarith,mathlib
NavierStokes.R3.ComparisonGronwall,4,Mathlib.Tactic.Ring,mathlib
NavierStokes.R3.ComparisonRateBound,1,NavierStokes.R3.ComparisonYoung,in-tranche
NavierStokes.R3.ComparisonSetup,1,NavierStokes.R3.ProblemStatement,in-tranche
NavierStokes.R3.ComparisonSetup,2,NavierStokes.PeriodicUniqueness,in-tranche
NavierStokes.R3.ComparisonSetup,3,Mathlib.MeasureTheory.Function.L2Space,mathlib
NavierStokes.R3.ComparisonTimeAverages,1,NavierStokes.R3.ComparisonFiniteEnergy,in-tranche
NavierStokes.R3.ComparisonTimeAverages,2,Mathlib.MeasureTheory.Integral.Prod,mathlib
NavierStokes.R3.ComparisonTimeAverages,3,Mathlib.MeasureTheory.Integral.Bochner.ContinuousLinearMap,mathlib
NavierStokes.R3.ComparisonYoung,1,Mathlib.Analysis.SpecialFunctions.Pow.Asymptotics,mathlib
NavierStokes.R3.ComparisonYoung,2,Mathlib.Tactic.Linarith,mathlib
NavierStokes.R3.ComparisonYoung,3,Mathlib.Tactic.Positivity,mathlib
NavierStokes.R3.ComparisonYoung,4,Mathlib.Tactic.Ring,mathlib
NavierStokes.R3.ConservativeDifference,1,NavierStokes.R3.ComparisonSetup,in-tranche
NavierStokes.R3.ConservativeDifference,2,NavierStokes.R3.CompactEnergy,in-tranche
NavierStokes.R3.ConservativeDifference,3,Mathlib.Analysis.Calculus.FDeriv.Symmetric,mathlib
NavierStokes.R3.DelayedExtension,1,NavierStokes.R3.ProblemStatement,in-tranche
NavierStokes.R3.DelayedExtension,2,Mathlib.Tactic.Linarith,mathlib
NavierStokes.R3.ForceL2Norm,1,NavierStokes.R3.CompactEnergy,in-tranche
NavierStokes.R3.ForceL2Norm,2,Mathlib.MeasureTheory.Integral.IntervalIntegral.FundThmCalculus,mathlib
NavierStokes.R3.FourierConvolution,1,NavierStokes.R3.ComparisonFourierSetup,in-tranche
NavierStokes.R3.FourierSobolevWeights,1,NavierStokes.R3.ComparisonFourierSetup,in-tranche
NavierStokes.R3.FourierTestDerivatives,1,NavierStokes.R3.ComparisonFourierSetup,in-tranche
NavierStokes.R3.GaussianMoments,1,NavierStokes.R3.HeatKernel,in-tranche
NavierStokes.R3.GaussianMoments,2,Mathlib.Analysis.SpecialFunctions.Gaussian.FourierTransform,mathlib
NavierStokes.R3.GradientOperator,1,NavierStokes.R3.ComparisonSetup,in-tranche
NavierStokes.R3.H3Approximation,1,NavierStokes.R3.CompactEnergy,in-tranche
NavierStokes.R3.H3Approximation,2,Mathlib.MeasureTheory.Function.L2Space,mathlib
NavierStokes.R3.H3Approximation,3,Mathlib.MeasureTheory.Function.LpSpace.Indicator,mathlib
NavierStokes.R3.H3Blowup,1,NavierStokes.R3.H3CompactCurve,in-tranche
NavierStokes.R3.H3Blowup,2,NavierStokes.R3.H3StrongSolution,in-tranche
NavierStokes.R3.H3BoxIntegral,1,NavierStokes.R3.H3Definitions,in-tranche
NavierStokes.R3.H3BoxIntegral,2,Mathlib.MeasureTheory.Integral.Pi,mathlib
NavierStokes.R3.H3CandidateStrong,1,NavierStokes.R3.L2TimeDerivative,in-tranche
NavierStokes.R3.H3CandidateStrong,2,NavierStokes.R3.H3CompactCurve,in-tranche
NavierStokes.R3.H3CandidateStrong,3,NavierStokes.R3.H3StrongSolution,in-tranche
NavierStokes.R3.H3CandidateUniqueness,1,NavierStokes.R3.H3WeakStrong,in-tranche
NavierStokes.R3.H3CandidateUniqueness,2,NavierStokes.R3.H3CandidateStrong,in-tranche
NavierStokes.R3.H3CandidateUniqueness,3,NavierStokes.R3.H3PressureOrthogonality,in-tranche
NavierStokes.R3.H3CandidateUniqueness,4,NavierStokes.R3.CompactComparisonBounds,in-tranche
NavierStokes.R3.H3CompactCurve,1,NavierStokes.R3.H3Curve,in-tranche
NavierStokes.R3.H3CompactHelpers,1,NavierStokes.R3.ViscousEnergyBalance,in-tranche
NavierStokes.R3.H3Comparison,1,NavierStokes.R3.H3Approximation,in-tranche
NavierStokes.R3.H3Continuity,1,NavierStokes.R3.H3Definitions,in-tranche
NavierStokes.R3.H3Continuity,2,NavierStokes.R3.H3CompactHelpers,in-tranche
NavierStokes.R3.H3Curve,1,NavierStokes.R3.H3UniformApproximation,in-tranche
NavierStokes.R3.H3Curve,2,NavierStokes.R3.H3Continuity,in-tranche
NavierStokes.R3.H3Definitions,1,NavierStokes.PeriodicSobolev,in-tranche
NavierStokes.R3.H3Definitions,2,NavierStokes.R3.ProblemStatement,in-tranche
NavierStokes.R3.H3DivCurlFourier,1,NavierStokes.R3.WeakFourierUniqueness,in-tranche
NavierStokes.R3.H3DivCurlFourier,2,Mathlib.Analysis.Fourier.LpSpace,mathlib
NavierStokes.R3.H3Embedding,1,NavierStokes.R3.H3BoxIntegral,in-tranche
NavierStokes.R3.H3Embedding,2,Mathlib.MeasureTheory.Group.Integral,mathlib
NavierStokes.R3.H3Energy,1,NavierStokes.R3.H3Transport,in-tranche
NavierStokes.R3.H3Energy,2,NavierStokes.R3.ComparisonGronwall,in-tranche
NavierStokes.R3.H3MaximalLifespan,1,NavierStokes.R3.H3CandidateStrong,in-tranche
NavierStokes.R3.H3MaximalLifespan,2,NavierStokes.R3.H3CandidateUniqueness,in-tranche
NavierStokes.R3.H3MaximalLifespan,3,NavierStokes.R3.H3Blowup,in-tranche
NavierStokes.R3.H3MaximalLifespan,4,NavierStokes.R3.Theorem,in-tranche
NavierStokes.R3.H3Operations,1,NavierStokes.R3.H3Approximation,in-tranche
NavierStokes.R3.H3PressureDistribution,1,NavierStokes.R3.H3Comparison,in-tranche
NavierStokes.R3.H3PressureDistribution,2,NavierStokes.R3.SchwartzCompactApproximation,in-tranche
NavierStokes.R3.H3PressureDistribution,3,Mathlib.Analysis.Distribution.TemperedDistribution,mathlib
NavierStokes.R3.H3PressureDistribution,4,Mathlib.Analysis.Calculus.LineDeriv.IntegrationByParts,mathlib
NavierStokes.R3.H3PressureDistribution,5,Mathlib.Analysis.Calculus.FDeriv.Symmetric,mathlib
NavierStokes.R3.H3PressureOrthogonality,1,NavierStokes.R3.H3PressureDistribution,in-tranche
NavierStokes.R3.H3PressureOrthogonality,2,NavierStokes.R3.H3DivCurlFourier,in-tranche
NavierStokes.R3.H3Products,1,NavierStokes.R3.H3Comparison,in-tranche
NavierStokes.R3.H3StrongSolution,1,NavierStokes.R3.H3Curve,in-tranche
NavierStokes.R3.H3Transport,1,NavierStokes.R3.H3Products,in-tranche
NavierStokes.R3.H3Transport,2,NavierStokes.R3.H3UniformApproximation,in-tranche
NavierStokes.R3.H3UniformApproximation,1,NavierStokes.R3.H3WeakEmbedding,in-tranche
NavierStokes.R3.H3UniformApproximation,2,NavierStokes.R3.H3Operations,in-tranche
NavierStokes.R3.H3WeakEmbedding,1,NavierStokes.R3.H3Embedding,in-tranche
NavierStokes.R3.H3WeakEmbedding,2,NavierStokes.R3.H3Approximation,in-tranche
NavierStokes.R3.H3WeakEmbedding,3,Mathlib.MeasureTheory.Function.ConvergenceInMeasure,mathlib
NavierStokes.R3.H3WeakStrong,1,NavierStokes.R3.H3Energy,in-tranche
NavierStokes.R3.H3WeakStrong,2,NavierStokes.R3.H3StrongSolution,in-tranche
NavierStokes.R3.HarmonicTestFunctionals,1,NavierStokes.R3.FourierTestDerivatives,in-tranche
NavierStokes.R3.HarmonicTestFunctionals,2,NavierStokes.R3.FourierSobolevWeights,in-tranche
NavierStokes.R3.HarmonicTestFunctionals,3,NavierStokes.R3.HilbertFunctionalExtension,in-tranche
NavierStokes.R3.HarmonicTestFunctionals,4,NavierStokes.R3.WeakFourierUniqueness,in-tranche
NavierStokes.R3.HarmonicTestFunctionals,5,NavierStokes.R3.SchwartzCompactApproximation,in-tranche
NavierStokes.R3.HeatKernel,1,NavierStokes.R3.ComparisonSetup,in-tranche
NavierStokes.R3.HeatKernelCancellation,1,NavierStokes.R3.ComparisonSetup,in-tranche
NavierStokes.R3.HeatKernelCancellation,2,Mathlib.MeasureTheory.Integral.Prod,mathlib
NavierStokes.R3.HeatKernelCommutator,1,NavierStokes.R3.HeatKernelCancellation,in-tranche
NavierStokes.R3.HeatKernelCommutator,2,NavierStokes.R3.HeatKernelFourier,in-tranche
NavierStokes.R3.HeatKernelCommutator,3,NavierStokes.R3.FourierConvolution,in-tranche
NavierStokes.R3.HeatKernelCommutator,4,NavierStokes.R3.HeatKernelFubini,in-tranche
NavierStokes.R3.HeatKernelCommutator,5,NavierStokes.R3.HeatKernelPairedBound,in-tranche
NavierStokes.R3.HeatKernelFourier,1,NavierStokes.R3.HeatKernel,in-tranche
NavierStokes.R3.HeatKernelFourier,2,NavierStokes.R3.GaussianMoments,in-tranche
NavierStokes.R3.HeatKernelFourier,3,NavierStokes.R3.RieszTestOperators,in-tranche
NavierStokes.R3.HeatKernelFourier,4,NavierStokes.R3.RieszHeatRepresentation,in-tranche
NavierStokes.R3.HeatKernelFourier,5,Mathlib.Analysis.Fourier.Inversion,mathlib
NavierStokes.R3.HeatKernelFubini,1,NavierStokes.R3.HeatKernelCancellation,in-tranche
NavierStokes.R3.HeatKernelFubini,2,NavierStokes.R3.PairedKernelBound,in-tranche
NavierStokes.R3.HeatKernelFubini,3,NavierStokes.R3.RadialKernelBounds,in-tranche
NavierStokes.R3.HeatKernelPairedBound,1,NavierStokes.R3.HeatKernelCancellation,in-tranche
NavierStokes.R3.HeatKernelPairedBound,2,NavierStokes.R3.HeatKernelTimeBound,in-tranche
NavierStokes.R3.HeatKernelPairedBound,3,NavierStokes.R3.RadialKernelBounds,in-tranche
NavierStokes.R3.HeatKernelPairedBound,4,NavierStokes.R3.PairedKernelBound,in-tranche
NavierStokes.R3.HeatKernelTimeBound,1,NavierStokes.R3.HeatKernel,in-tranche
NavierStokes.R3.HeatKernelTimeBound,2,Mathlib.Analysis.SpecialFunctions.Gaussian.GaussianIntegral,mathlib
NavierStokes.R3.HilbertFunctionalExtension,1,Mathlib.Analysis.InnerProductSpace.Dual,mathlib
NavierStokes.R3.HilbertFunctionalExtension,2,Mathlib.Analysis.Normed.Module.HahnBanach,mathlib
NavierStokes.R3.IntegratedDissipation,1,NavierStokes.R3.ViscousEnergyBalance,in-tranche
NavierStokes.R3.IntegratedDissipation,2,NavierStokes.R3.SpatialCauchySchwarz,in-tranche
NavierStokes.R3.IntegratedDissipation,3,NavierStokes.R3.SharpEnergyBound,in-tranche
NavierStokes.R3.IntegratedDissipation,4,NavierStokes.R3.ForceL2Norm,in-tranche
NavierStokes.R3.IntegratedDissipation,5,Mathlib.MeasureTheory.Integral.IntegralEqImproper,mathlib
NavierStokes.R3.L2TimeDerivative,1,NavierStokes.R3.H3WeakEmbedding,in-tranche
NavierStokes.R3.L2TimeDerivative,2,NavierStokes.R3.CompactTimeIntegral,in-tranche
NavierStokes.R3.L2TimeDerivative,3,Mathlib.Analysis.Calculus.Deriv.Slope,mathlib
NavierStokes.R3.L2TimeDerivative,4,Mathlib.Analysis.Calculus.MeanValue,mathlib
NavierStokes.R3.L2TimeDerivative,5,Mathlib.MeasureTheory.Integral.DominatedConvergence,mathlib
NavierStokes.R3.LocalizedDifferenceEnergy,1,NavierStokes.R3.CompactEnergy,in-tranche
NavierStokes.R3.LocalizedDifferenceEnergy,2,NavierStokes.R3.ComparisonSetup,in-tranche
NavierStokes.R3.LocalizedDifferenceEnergy,3,NavierStokes.R3.LocalizedLaplacian,in-tranche
NavierStokes.R3.LocalizedDifferenceEnergy,4,NavierStokes.R3.LocalizedTransport,in-tranche
NavierStokes.R3.LocalizedFluxEstimates,1,NavierStokes.R3.LocalizedDifferenceEnergy,in-tranche
NavierStokes.R3.LocalizedFluxEstimates,2,NavierStokes.R3.WeightedSobolev,in-tranche
NavierStokes.R3.LocalizedFluxEstimates,3,NavierStokes.R3.ComparisonCutoffs,in-tranche
NavierStokes.R3.LocalizedLaplacian,1,NavierStokes.R3.CompactEnergy,in-tranche
NavierStokes.R3.LocalizedTensorBounds,1,NavierStokes.R3.WeightedSobolev,in-tranche
NavierStokes.R3.LocalizedTransport,1,NavierStokes.R3.CompactEnergy,in-tranche
NavierStokes.R3.LpNormTools,1,NavierStokes.R3.ComparisonSetup,in-tranche
NavierStokes.R3.PairedKernelBound,1,NavierStokes.R3.ComparisonSetup,in-tranche
NavierStokes.R3.PairedKernelBound,2,Mathlib.MeasureTheory.Function.LpSeminorm.CompareExp,mathlib
NavierStokes.R3.PairedKernelBound,3,Mathlib.MeasureTheory.Group.Integral,mathlib
NavierStokes.R3.PairedKernelBound,4,Mathlib.MeasureTheory.Integral.Prod,mathlib
NavierStokes.R3.PairedKernelBound,5,Mathlib.MeasureTheory.Measure.Haar.NormedSpace,mathlib
NavierStokes.R3.ParabolicCalculus,1,NavierStokes.R3.ParabolicDefinitions,in-tranche
NavierStokes.R3.ParabolicCalculus,2,NavierStokes.ResidualRegularity,in-tranche
NavierStokes.R3.ParabolicCalculus,3,Mathlib.Analysis.Calculus.Deriv.Comp,mathlib
NavierStokes.R3.ParabolicCalculus,4,Mathlib.Analysis.Calculus.Deriv.Mul,mathlib
NavierStokes.R3.ParabolicCalculus,5,Mathlib.Analysis.Calculus.Deriv.Add,mathlib
NavierStokes.R3.ParabolicDefinitions,1,NavierStokes.R3.DelayedExtension,in-tranche
NavierStokes.R3.ParabolicDefinitions,2,NavierStokes.R3.ViscosityScaling,in-tranche
NavierStokes.R3.ParabolicEnergy,1,NavierStokes.R3.ParabolicDefinitions,in-tranche
NavierStokes.R3.ParabolicScaling,1,NavierStokes.R3.ParabolicCalculus,in-tranche
NavierStokes.R3.ParabolicScaling,2,NavierStokes.R3.ParabolicEnergy,in-tranche
NavierStokes.R3.ParabolicScaling,3,NavierStokes.R3.ParabolicSupport,in-tranche
NavierStokes.R3.ParabolicSupport,1,NavierStokes.R3.SpatialSupportScaling,in-tranche
NavierStokes.R3.PositiveTimeForce,1,NavierStokes.R3.ProblemStatement,in-tranche
NavierStokes.R3.PositiveTimeForce,2,NavierStokes.SmoothCutoffs,in-tranche
NavierStokes.R3.PressureFlux,1,NavierStokes.R3.PressureFluxTest,in-tranche
NavierStokes.R3.PressureFlux,2,NavierStokes.R3.PressureRecoveryHelpers,in-tranche
NavierStokes.R3.PressureFlux,3,NavierStokes.R3.RieszTestOperators,in-tranche
NavierStokes.R3.PressureFlux,4,NavierStokes.R3.LocalizedTensorBounds,in-tranche
NavierStokes.R3.PressureFlux,5,NavierStokes.R3.ActualPressureFlux,in-tranche
NavierStokes.R3.PressureFlux,6,NavierStokes.R3.HeatKernelCommutator,in-tranche
NavierStokes.R3.PressureFlux,7,Mathlib.Analysis.Calculus.MeanValue,mathlib
NavierStokes.R3.PressureFluxIdentity,1,NavierStokes.R3.PressureRecoveryHelpers,in-tranche
NavierStokes.R3.PressureFluxIdentity,2,NavierStokes.R3.LocalizedTransport,in-tranche
NavierStokes.R3.PressureFluxIdentity,3,NavierStokes.R3.PressureFunctionals,in-tranche
NavierStokes.R3.PressureFluxIdentity,4,NavierStokes.R3.RieszLinearityDecay,in-tranche
NavierStokes.R3.PressureFluxTest,1,NavierStokes.R3.ComparisonCutoffs,in-tranche
NavierStokes.R3.PressureFluxTest,2,NavierStokes.R3.WeightedSobolev,in-tranche
NavierStokes.R3.PressureFunctionals,1,NavierStokes.R3.PressureTestBounds,in-tranche
NavierStokes.R3.PressureFunctionals,2,NavierStokes.R3.RieszPairing,in-tranche
NavierStokes.R3.PressureFunctionals,3,NavierStokes.R3.RieszLinearityDecay,in-tranche
NavierStokes.R3.PressureRecovery,1,NavierStokes.R3.PressureRecoveryHelpers,in-tranche
NavierStokes.R3.PressureRecovery,2,NavierStokes.R3.PressureFunctionals,in-tranche
NavierStokes.R3.PressureRecovery,3,NavierStokes.R3.ComparisonTimeAverages,in-tranche
NavierStokes.R3.PressureRecovery,4,NavierStokes.R3.WeakTimeContinuity,in-tranche
NavierStokes.R3.PressureRecovery,5,NavierStokes.R3.TemporalTestUniqueness,in-tranche
NavierStokes.R3.PressureRecovery,6,NavierStokes.R3.HarmonicTestFunctionals,in-tranche
NavierStokes.R3.PressureRecovery,7,NavierStokes.R3.RieszTestOperators,in-tranche
NavierStokes.R3.PressureRecovery,8,NavierStokes.R3.RieszLinearityDecay,in-tranche
NavierStokes.R3.PressureRecoveryHelpers,1,NavierStokes.R3.PressureTemporalIdentity,in-tranche
NavierStokes.R3.PressureRecoveryHelpers,2,NavierStokes.R3.CompactSchwartz,in-tranche
NavierStokes.R3.PressureRecoveryHelpers,3,NavierStokes.R3.FourierTestDerivatives,in-tranche
NavierStokes.R3.PressureRecoveryHelpers,4,Mathlib.MeasureTheory.Integral.Bochner.ContinuousLinearMap,mathlib
NavierStokes.R3.PressureTemporalIdentity,1,NavierStokes.R3.ConservativeDifference,in-tranche
NavierStokes.R3.PressureTemporalIdentity,2,Mathlib.MeasureTheory.Integral.IntervalIntegral.FundThmCalculus,mathlib
NavierStokes.R3.PressureTestBounds,1,NavierStokes.R3.SchwartzParseval,in-tranche
NavierStokes.R3.PressureTestBounds,2,NavierStokes.R3.FourierTestDerivatives,in-tranche
NavierStokes.R3.PressureTestBounds,3,NavierStokes.R3.FourierSobolevWeights,in-tranche
NavierStokes.R3.PressureTestBounds,4,NavierStokes.R3.RieszSymbolRegularity,in-tranche
NavierStokes.R3.PressureTestBounds,5,Mathlib.Analysis.SpecialFunctions.JapaneseBracket,mathlib
NavierStokes.R3.ProblemStatement,1,NavierStokes.ProblemStatement,in-tranche
NavierStokes.R3.ProblemStatement,2,Mathlib.MeasureTheory.Integral.Bochner.Basic,mathlib
NavierStokes.R3.ProblemStatement,3,Mathlib.MeasureTheory.Measure.Haar.InnerProductSpace,mathlib
NavierStokes.R3.ProblemStatement,4,Mathlib.Topology.Algebra.Support,mathlib
NavierStokes.R3.RadialKernelBounds,1,NavierStokes.R3.ComparisonSetup,in-tranche
NavierStokes.R3.RadialKernelBounds,2,Mathlib.MeasureTheory.Measure.Haar.NormedSpace,mathlib
NavierStokes.R3.RadialKernelBounds,3,Mathlib.MeasureTheory.Integral.Layercake,mathlib
NavierStokes.R3.RadialKernelBounds,4,Mathlib.Analysis.SpecialFunctions.ImproperIntegrals,mathlib
NavierStokes.R3.RieszHeatRepresentation,1,NavierStokes.R3.ComparisonFourierSetup,in-tranche
NavierStokes.R3.RieszHeatRepresentation,2,NavierStokes.R3.RieszSymbolRegularity,in-tranche
NavierStokes.R3.RieszHeatRepresentation,3,Mathlib.Analysis.SpecialFunctions.ImproperIntegrals,mathlib
NavierStokes.R3.RieszL2Bounds,1,NavierStokes.R3.RieszPairing,in-tranche
NavierStokes.R3.RieszL2Bounds,2,NavierStokes.R3.SchwartzParseval,in-tranche
NavierStokes.R3.RieszL2Bounds,3,NavierStokes.R3.CompactSchwartz,in-tranche
NavierStokes.R3.RieszL2Bounds,4,Mathlib.Analysis.Calculus.BumpFunction.FiniteDimension,mathlib
NavierStokes.R3.RieszLinearityDecay,1,NavierStokes.R3.RieszSymbolRegularity,in-tranche
NavierStokes.R3.RieszLinearityDecay,2,Mathlib.Analysis.Fourier.RiemannLebesgueLemma,mathlib
NavierStokes.R3.RieszPairing,1,NavierStokes.R3.RieszSymbolRegularity,in-tranche
NavierStokes.R3.RieszPairing,2,NavierStokes.R3.SchwartzParseval,in-tranche
NavierStokes.R3.RieszSymbolRegularity,1,NavierStokes.R3.ComparisonFourierSetup,in-tranche
NavierStokes.R3.RieszTestOperators,1,NavierStokes.R3.RieszSymbolRegularity,in-tranche
NavierStokes.R3.RieszTestOperators,2,NavierStokes.R3.RieszL2Bounds,in-tranche
NavierStokes.R3.RieszTestOperators,3,NavierStokes.R3.SmoothSobolevL6,in-tranche
NavierStokes.R3.RieszTestOperators,4,NavierStokes.R3.LpNormTools,in-tranche
NavierStokes.R3.RieszTestOperators,5,NavierStokes.R3.FourierTestDerivatives,in-tranche
NavierStokes.R3.RieszTestOperators,6,NavierStokes.R3.RieszLinearityDecay,in-tranche
NavierStokes.R3.ScalarEnergyBound,1,Mathlib.Analysis.Calculus.Deriv.MeanValue,mathlib
NavierStokes.R3.ScalarEnergyBound,2,Mathlib.Analysis.SpecialFunctions.ExpDeriv,mathlib
NavierStokes.R3.ScalarEnergyBound,3,Mathlib.Tactic.Linarith,mathlib
NavierStokes.R3.ScalarEnergyBound,4,Mathlib.Tactic.Ring,mathlib
NavierStokes.R3.SchwartzCompactApproximation,1,NavierStokes.R3.CompactSchwartz,in-tranche
NavierStokes.R3.SchwartzCompactApproximation,2,NavierStokes.R3.ComparisonCutoffs,in-tranche
NavierStokes.R3.SchwartzParseval,1,NavierStokes.R3.ComparisonFourierSetup,in-tranche
NavierStokes.R3.SharpEnergyBound,1,Mathlib.Analysis.SpecialFunctions.Sqrt,mathlib
NavierStokes.R3.SharpEnergyBound,2,Mathlib.MeasureTheory.Integral.IntervalIntegral.FundThmCalculus,mathlib
NavierStokes.R3.SharpEnergyBound,3,Mathlib.Tactic.Linarith,mathlib
NavierStokes.R3.SmoothSobolevL6,1,NavierStokes.R3.ComparisonCutoffs,in-tranche
NavierStokes.R3.SmoothSobolevL6,2,Mathlib.Analysis.FunctionalSpaces.SobolevInequality,mathlib
NavierStokes.R3.SmoothSobolevL6,3,Mathlib.MeasureTheory.Function.LpSpace.Complete,mathlib
NavierStokes.R3.SpatialCauchySchwarz,1,NavierStokes.R3.CompactEnergy,in-tranche
NavierStokes.R3.SpatialCauchySchwarz,2,Mathlib.MeasureTheory.Function.L2Space,mathlib
NavierStokes.R3.SpatialEnergyScaling,1,NavierStokes.R3.ProblemStatement,in-tranche
NavierStokes.R3.SpatialEnergyScaling,2,Mathlib.MeasureTheory.Measure.Haar.NormedSpace,mathlib
NavierStokes.R3.SpatialSupportScaling,1,NavierStokes.R3.ProblemStatement,in-tranche
NavierStokes.R3.TemporalTestUniqueness,1,Mathlib.Analysis.Distribution.AEEqOfIntegralContDiff,mathlib
NavierStokes.R3.TemporalTestUniqueness,2,Mathlib.MeasureTheory.Measure.OpenPos,mathlib
NavierStokes.R3.Theorem,1,NavierStokes.R3.ActualCandidate,in-tranche
NavierStokes.R3.Theorem,2,NavierStokes.R3.CandidateBreakdown,in-tranche
NavierStokes.R3.Theorem,3,NavierStokes.R3.ViscosityScaling,in-tranche
NavierStokes.R3.Theorem,4,NavierStokes.R3.IntegratedDissipation,in-tranche
NavierStokes.R3.ViscosityScaling,1,NavierStokes.R3.ProblemStatement,in-tranche
NavierStokes.R3.ViscosityScaling,2,NavierStokes.R3.SpatialEnergyScaling,in-tranche
NavierStokes.R3.ViscosityScaling,3,NavierStokes.R3.SpatialSupportScaling,in-tranche
NavierStokes.R3.ViscosityScaling,4,Mathlib.Analysis.Calculus.FDeriv.Equiv,mathlib
NavierStokes.R3.ViscosityScaling,5,Mathlib.Analysis.SpecialFunctions.Sqrt,mathlib
NavierStokes.R3.ViscosityScaling,6,Mathlib.Tactic.FieldSimp,mathlib
NavierStokes.R3.ViscosityScaling,7,Mathlib.Tactic.Ring,mathlib
NavierStokes.R3.ViscousEnergyBalance,1,NavierStokes.R3.CompactEnergy,in-tranche
NavierStokes.R3.ViscousUniqueness,1,NavierStokes.R3.WholeSpaceUniqueness,in-tranche
NavierStokes.R3.ViscousUniqueness,2,NavierStokes.R3.ViscosityScaling,in-tranche
NavierStokes.R3.WeakFourierUniqueness,1,NavierStokes.R3.CompactSchwartz,in-tranche
NavierStokes.R3.WeakFourierUniqueness,2,NavierStokes.R3.ComparisonFourierSetup,in-tranche
NavierStokes.R3.WeakFourierUniqueness,3,Mathlib.Analysis.Distribution.AEEqOfIntegralContDiff,mathlib
NavierStokes.R3.WeakTimeContinuity,1,NavierStokes.R3.CompactTimeIntegral,in-tranche
NavierStokes.R3.WeakTimeContinuity,2,NavierStokes.R3.ComparisonCutoffs,in-tranche
NavierStokes.R3.WeakTimeContinuity,3,Mathlib.Analysis.Normed.Group.ZeroAtInfty,mathlib
NavierStokes.R3.WeakTimeContinuity,4,Mathlib.Topology.UniformSpace.UniformApproximation,mathlib
NavierStokes.R3.WeightedInterpolation,1,NavierStokes.R3.ComparisonSetup,in-tranche
NavierStokes.R3.WeightedInterpolation,2,Mathlib.MeasureTheory.Function.LpSeminorm.CompareExp,mathlib
NavierStokes.R3.WeightedSobolev,1,NavierStokes.R3.ComparisonSetup,in-tranche
NavierStokes.R3.WeightedSobolev,2,NavierStokes.R3.LpNormTools,in-tranche
NavierStokes.R3.WeightedSobolev,3,NavierStokes.R3.GradientOperator,in-tranche
NavierStokes.R3.WeightedSobolev,4,NavierStokes.R3.WeightedInterpolation,in-tranche
NavierStokes.R3.WeightedSobolev,5,Mathlib.Analysis.FunctionalSpaces.SobolevInequality,mathlib
NavierStokes.R3.WholeSpaceComparisonClosure,1,NavierStokes.R3.WholeSpaceEnergyLimit,in-tranche
NavierStokes.R3.WholeSpaceComparisonClosure,2,NavierStokes.R3.LocalizedFluxEstimates,in-tranche
NavierStokes.R3.WholeSpaceComparisonClosure,3,NavierStokes.R3.ComparisonRateBound,in-tranche
NavierStokes.R3.WholeSpaceEnergyLimit,1,NavierStokes.R3.ComparisonCutoffs,in-tranche
NavierStokes.R3.WholeSpaceEnergyLimit,2,NavierStokes.R3.ComparisonFiniteEnergy,in-tranche
NavierStokes.R3.WholeSpaceEnergyLimit,3,NavierStokes.R3.ComparisonGronwall,in-tranche
NavierStokes.R3.WholeSpaceEnergyLimit,4,NavierStokes.R3.LocalizedDifferenceEnergy,in-tranche
NavierStokes.R3.WholeSpaceEnergyLimit,5,Mathlib.MeasureTheory.Integral.DominatedConvergence,mathlib
NavierStokes.R3.WholeSpaceEnergyLimit,6,Mathlib.MeasureTheory.Measure.OpenPos,mathlib
NavierStokes.R3.WholeSpaceUniqueness,1,NavierStokes.R3.WholeSpaceComparisonClosure,in-tranche
NavierStokes.R3.WholeSpaceUniqueness,2,NavierStokes.R3.PressureFlux,in-tranche
NavierStokes.R3.WholeSpaceUniqueness,3,NavierStokes.R3.CompactComparisonBounds,in-tranche
NavierStokes.R3AbsorbedBoundary,1,NavierStokes.R3EnergyBoundary,in-tranche
NavierStokes.R3AbsorbedBoundary,2,NavierStokes.R3EnergyAbsorption,in-tranche
NavierStokes.R3ActualCandidate,1,NavierStokes.R3CompactCandidate,in-tranche
NavierStokes.R3ActualCandidate,2,NavierStokes.ActualCandidateAssembly,in-tranche
NavierStokes.R3CompactCandidate,1,NavierStokes.CompactSpatialForceDecay,in-tranche
NavierStokes.R3CompactCandidate,2,NavierStokes.PeriodicResidualLimits,in-tranche
NavierStokes.R3CompactEnergy,1,NavierStokes.R3CompactIntegration,in-tranche
NavierStokes.R3CompactEnergy,2,NavierStokes.PeriodicUniqueness,in-tranche
NavierStokes.R3CompactIntegration,1,NavierStokes.ComparatorBridge,in-tranche
NavierStokes.R3CompactIntegration,2,Mathlib.Analysis.Calculus.LineDeriv.IntegrationByParts,mathlib
NavierStokes.R3CompactParametricIntegral,1,NavierStokes.R3CompactIntegration,in-tranche
NavierStokes.R3CompactParametricIntegral,2,Mathlib.Analysis.Calculus.ParametricIntegral,mathlib
NavierStokes.R3ConvolutionYoung,1,NavierStokes.ComparatorR3Bridge,in-tranche
NavierStokes.R3ConvolutionYoung,2,Mathlib.Analysis.Convolution,mathlib
NavierStokes.R3CutoffSobolev,1,NavierStokes.R3WeightedLp,in-tranche
NavierStokes.R3CutoffSobolev,2,Mathlib.Analysis.FunctionalSpaces.SobolevInequality,mathlib
NavierStokes.R3CutoffSobolev,3,Mathlib.Analysis.Calculus.BumpFunction.InnerProduct,mathlib
NavierStokes.R3CutoffTestFields,1,NavierStokes.R3SpaceTimeCalculus,in-tranche
NavierStokes.R3CutoffTestFields,2,NavierStokes.R3CompactEnergy,in-tranche
NavierStokes.R3CutoffTestFields,3,NavierStokes.R3CompactParametricIntegral,in-tranche
NavierStokes.R3DifferenceStress,1,NavierStokes.R3SpaceTimeCalculus,in-tranche
NavierStokes.R3DifferenceStress,2,NavierStokes.R3CompactEnergy,in-tranche
NavierStokes.R3EnergyAbsorption,1,Mathlib.Analysis.SpecialFunctions.Pow.Asymptotics,mathlib
NavierStokes.R3EnergyAbsorption,2,Mathlib.Analysis.SpecialFunctions.Pow.Continuity,mathlib
NavierStokes.R3EnergyAbsorption,3,Mathlib.Tactic,mathlib
NavierStokes.R3EnergyBoundary,1,NavierStokes.R3EnergyNorms,in-tranche
NavierStokes.R3EnergyNorms,1,NavierStokes.R3CompactEnergy,in-tranche
NavierStokes.R3EnergyNorms,2,NavierStokes.R3CutoffSobolev,in-tranche
NavierStokes.R3EnergyNorms,3,NavierStokes.R3PressureFlux,in-tranche
NavierStokes.R3FiniteEnergyComparison,1,NavierStokes.R3.WholeSpaceUniqueness,in-tranche
NavierStokes.R3FiniteEnergyComparison,2,NavierStokes.R3CompactCandidate,in-tranche
NavierStokes.R3FiniteEnergyComparison,3,NavierStokes.ComparatorR3Bridge,in-tranche
NavierStokes.R3GaussianPressure,1,NavierStokes.R3PressureFourier,in-tranche
NavierStokes.R3GaussianPressure,2,Mathlib.Analysis.SpecialFunctions.Gaussian.FourierTransform,mathlib
NavierStokes.R3GaussianPressure,3,Mathlib.Analysis.Calculus.LineDeriv.IntegrationByParts,mathlib
NavierStokes.R3HarmonicPressure,1,NavierStokes.ComparatorR3Bridge,in-tranche
NavierStokes.R3HarmonicPressure,2,Mathlib.Analysis.Distribution.Sobolev,mathlib
NavierStokes.R3LocalEnergyEvolution,1,NavierStokes.R3CompactEnergy,in-tranche
NavierStokes.R3LocalEnergyEvolution,2,NavierStokes.R3CompactParametricIntegral,in-tranche
NavierStokes.R3LocalEnergyEvolution,3,NavierStokes.R3LocalizedEnergyLimit,in-tranche
NavierStokes.R3LocalizedEnergyLimit,1,NavierStokes.ComparatorR3Bridge,in-tranche
NavierStokes.R3LocalizedEnergyLimit,2,Mathlib.MeasureTheory.Measure.OpenPos,mathlib
NavierStokes.R3LocalizedPressure,1,NavierStokes.R3SmoothPressure,in-tranche
NavierStokes.R3LocalizedPressure,2,NavierStokes.R3TimeLocalization,in-tranche
NavierStokes.R3LocalizedPressureTests,1,NavierStokes.R3PressurePairing,in-tranche
NavierStokes.R3PhysicalPressureBound,1,NavierStokes.R3LocalizedPressureTests,in-tranche
NavierStokes.R3PhysicalPressureBound,2,NavierStokes.R3PositiveTests,in-tranche
NavierStokes.R3PositiveTests,1,Mathlib.Analysis.Calculus.BumpFunction.FiniteDimension,mathlib
NavierStokes.R3PositiveTests,2,Mathlib.MeasureTheory.Integral.Bochner.Set,mathlib
NavierStokes.R3PositiveTests,3,Mathlib.MeasureTheory.Measure.Lebesgue.Basic,mathlib
NavierStokes.R3PressureCommutator,1,NavierStokes.R3ConvolutionYoung,in-tranche
NavierStokes.R3PressureCommutator,2,NavierStokes.R3PressureNearKernel,in-tranche
NavierStokes.R3PressureCutoff,1,NavierStokes.R3RieszApproximation,in-tranche
NavierStokes.R3PressureFlux,1,NavierStokes.R3WeightedLp,in-tranche
NavierStokes.R3PressureFourier,1,NavierStokes.R3HarmonicPressure,in-tranche
NavierStokes.R3PressureKernel,1,NavierStokes.ComparatorR3Bridge,in-tranche
NavierStokes.R3PressureKernel,2,Mathlib.MeasureTheory.Constructions.HaarToSphere,mathlib
NavierStokes.R3PressureKernel,3,Mathlib.Analysis.SpecialFunctions.ImproperIntegrals,mathlib
NavierStokes.R3PressureNearKernel,1,NavierStokes.R3PressureKernel,in-tranche
NavierStokes.R3PressurePairing,1,NavierStokes.R3LocalizedPressure,in-tranche
NavierStokes.R3PressurePairing,2,NavierStokes.R3SpaceTimeApproximation,in-tranche
NavierStokes.R3RieszApproximation,1,NavierStokes.R3RieszKernel,in-tranche
NavierStokes.R3RieszApproximation,2,Mathlib.Analysis.Fourier.Convolution,mathlib
NavierStokes.R3RieszKernel,1,NavierStokes.R3GaussianPressure,in-tranche
NavierStokes.R3RieszKernel,2,NavierStokes.R3PressureCommutator,in-tranche
NavierStokes.R3SmoothPressure,1,NavierStokes.R3WeakPressure,in-tranche
NavierStokes.R3SpaceTime,1,NavierStokes.R3PressureFourier,in-tranche
NavierStokes.R3SpaceTime,2,Mathlib.MeasureTheory.Measure.Haar.InnerProductSpace,mathlib
NavierStokes.R3SpaceTime,3,Mathlib.Analysis.InnerProductSpace.ProdL2,mathlib
NavierStokes.R3SpaceTimeApproximation,1,NavierStokes.R3SpatialConvolution,in-tranche
NavierStokes.R3SpaceTimeApproximation,2,NavierStokes.R3SpaceTimePressure,in-tranche
NavierStokes.R3SpaceTimeCalculus,1,NavierStokes.R3LocalizedPressure,in-tranche
NavierStokes.R3SpaceTimeCalculus,2,NavierStokes.PeriodicUniqueness,in-tranche
NavierStokes.R3SpaceTimeHarmonic,1,NavierStokes.R3SpaceTime,in-tranche
NavierStokes.R3SpaceTimePressure,1,NavierStokes.R3SpaceTimeHarmonic,in-tranche
NavierStokes.R3SpatialConvolution,1,NavierStokes.R3SpaceTime,in-tranche
NavierStokes.R3SpatialConvolution,2,NavierStokes.R3RieszApproximation,in-tranche
NavierStokes.R3StressPressureEstimate,1,NavierStokes.R3EnergyNorms,in-tranche
NavierStokes.R3StressPressureEstimate,2,NavierStokes.R3EnergyAbsorption,in-tranche
NavierStokes.R3TimeLocalization,1,NavierStokes.R3SpaceTime,in-tranche
NavierStokes.R3TimeLocalization,2,Mathlib.Analysis.Calculus.BumpFunction.FiniteDimension,mathlib
NavierStokes.R3UniformBounds,1,NavierStokes.R3EnergyNorms,in-tranche
NavierStokes.R3UniformBounds,2,NavierStokes.R3CompactParametricIntegral,in-tranche
NavierStokes.R3WeakPressure,1,NavierStokes.R3SpaceTimePressure,in-tranche
NavierStokes.R3WeakPressure,2,NavierStokes.SchwartzCompactApproximation,in-tranche
NavierStokes.R3WeakPressure,3,Mathlib.Analysis.Calculus.LineDeriv.IntegrationByParts,mathlib
NavierStokes.R3WeakPressure,4,Mathlib.Analysis.Calculus.FDeriv.Symmetric,mathlib
NavierStokes.R3WeightedLp,1,NavierStokes.R3PressureCutoff,in-tranche
NavierStokes.RadialAlias,1,Mathlib.MeasureTheory.Integral.IntervalIntegral.FundThmCalculus,mathlib
NavierStokes.RadialAlias,2,Mathlib.Analysis.Calculus.ContDiff.Comp,mathlib
NavierStokes.RadialAlias,3,Mathlib.Analysis.Calculus.Deriv.Prod,mathlib
NavierStokes.RadialAlias,4,Mathlib.Analysis.Calculus.Deriv.Mul,mathlib
NavierStokes.RadialAlias,5,Mathlib.Analysis.Calculus.Deriv.Comp,mathlib
NavierStokes.RadialAlias,6,Mathlib.Logic.Function.Iterate,mathlib
NavierStokes.RadialFluxResidual,1,NavierStokes.AxisymmetricResidual,in-tranche
NavierStokes.RadialFluxResidual,2,NavierStokes.LocalAxisymmetricResidual,in-tranche
NavierStokes.RadialFluxResidual,3,Mathlib.Analysis.Calculus.Deriv.Inv,mathlib
NavierStokes.RadialFluxResidual,4,Mathlib.Tactic.FieldSimp,mathlib
NavierStokes.RadialFluxResidual,5,Mathlib.Tactic.Linarith,mathlib
NavierStokes.RadialHeatProfile,1,NavierStokes.SmoothParameterIntegral,in-tranche
NavierStokes.RadialHeatProfile,2,Mathlib.Analysis.SpecialFunctions.Gamma.Basic,mathlib
NavierStokes.RadialHeatProfile,3,Mathlib.Analysis.SpecialFunctions.Pow.Deriv,mathlib
NavierStokes.RadialHeatProfile,4,Mathlib.Analysis.Calculus.FDeriv.Extend,mathlib
NavierStokes.RadialModulation,1,Mathlib.Analysis.Calculus.Deriv.Prod,mathlib
NavierStokes.RadialModulation,2,Mathlib.Analysis.Calculus.IteratedDeriv.Defs,mathlib
NavierStokes.RadialModulation,3,Mathlib.Analysis.Calculus.MeanValue,mathlib
NavierStokes.RadialModulation,4,Mathlib.Analysis.Normed.Group.Bounded,mathlib
NavierStokes.RadialModulation,5,Mathlib.Analysis.SpecialFunctions.ExpDeriv,mathlib
NavierStokes.RadialModulation,6,Mathlib.Analysis.SpecialFunctions.Log.Deriv,mathlib
NavierStokes.RadialModulation,7,Mathlib.MeasureTheory.Integral.IntervalIntegral.Periodic,mathlib
NavierStokes.RadialModulation,8,Mathlib.MeasureTheory.Integral.IntervalIntegral.FundThmCalculus,mathlib
NavierStokes.RadialModulation,9,Mathlib.Tactic.FieldSimp,mathlib
NavierStokes.RadialModulation,10,Mathlib.Tactic.GCongr,mathlib
NavierStokes.RadialModulation,11,Mathlib.Tactic.Linarith,mathlib
NavierStokes.RadialModulation,12,Mathlib.Tactic.Ring,mathlib
NavierStokes.RadialPrimitive,1,Mathlib.Analysis.Calculus.ContDiff.Deriv,mathlib
NavierStokes.RadialPrimitive,2,Mathlib.MeasureTheory.Integral.IntervalIntegral.FundThmCalculus,mathlib
NavierStokes.RadialPrimitive,3,Mathlib.Analysis.Calculus.ContDiff.Comp,mathlib
NavierStokes.RadialPrimitive,4,Mathlib.Analysis.Calculus.ContDiff.Operations,mathlib
NavierStokes.RadialPrimitive,5,Mathlib.Analysis.Calculus.Deriv.Mul,mathlib
NavierStokes.RadialPrimitive,6,Mathlib.Analysis.Calculus.ParametricIntervalIntegral,mathlib
NavierStokes.RadialPrimitive,7,Mathlib.Tactic.Ring,mathlib
NavierStokes.RadialPullback,1,NavierStokes.WeightedRadialPrimitive,in-tranche
NavierStokes.RadialPullback,2,Mathlib.Analysis.SpecialFunctions.Pow.Deriv,mathlib
NavierStokes.RadialSchedule,1,Mathlib.Analysis.SpecialFunctions.Integrals.Basic,mathlib
NavierStokes.RadialSchedule,2,Mathlib.Analysis.SpecialFunctions.ExpDeriv,mathlib
NavierStokes.RadialSchedule,3,Mathlib.Topology.Order.IntermediateValue,mathlib
NavierStokes.RadialSchedule,4,Mathlib.Tactic.FieldSimp,mathlib
NavierStokes.RadialSchedule,5,Mathlib.Tactic.Linarith,mathlib
NavierStokes.RadialSchedule,6,Mathlib.Tactic.NormNum,mathlib
NavierStokes.RadialSchedule,7,Mathlib.Tactic.Positivity,mathlib
NavierStokes.RadialSchedule,8,Mathlib.Tactic.Ring,mathlib
NavierStokes.RankStateBounds,1,NavierStokes.LocalRankDefect,in-tranche
NavierStokes.RankStateCoherence,1,NavierStokes.GaugeStateCoherence,in-tranche
NavierStokes.RankStateCoherence,2,NavierStokes.RankStateBounds,in-tranche
NavierStokes.RankStateCoherence,3,NavierStokes.BaseRankPatch,in-tranche
NavierStokes.RankStateCoherence,4,NavierStokes.TemporalStateCoherence,in-tranche
NavierStokes.ReferenceBounds,1,NavierStokes.ProfileHistories,in-tranche
NavierStokes.ReferenceBounds,2,NavierStokes.NaturalProfile,in-tranche
NavierStokes.ReferenceBounds,3,NavierStokes.NaturalEntrance,in-tranche
NavierStokes.ReferenceBounds,4,NavierStokes.ReferencePath,in-tranche
NavierStokes.ReferenceBounds,5,NavierStokes.ReferenceJetBounds,in-tranche
NavierStokes.ReferenceBounds,6,Mathlib.Analysis.Calculus.Deriv.MeanValue,mathlib
NavierStokes.ReferenceBounds,7,Mathlib.Analysis.SpecialFunctions.Integrals.Basic,mathlib
NavierStokes.ReferenceEndpointRate,1,NavierStokes.ReferenceUniformStocks,in-tranche
NavierStokes.ReferenceEndpointRate,2,NavierStokes.AppendixJoiningResults,in-tranche
NavierStokes.ReferenceJetBounds,1,NavierStokes.NaturalEntrance,in-tranche
NavierStokes.ReferenceJetBounds,2,NavierStokes.ReferencePath,in-tranche
NavierStokes.ReferencePath,1,NavierStokes.ProfileHistories,in-tranche
NavierStokes.ReferencePath,2,NavierStokes.NaturalProfile,in-tranche
NavierStokes.ReferencePath,3,Mathlib.Analysis.SpecialFunctions.SmoothTransition,mathlib
NavierStokes.ReferencePath,4,Mathlib.Topology.UniformSpace.HeineCantor,mathlib
NavierStokes.ReferencePath,5,Mathlib.Topology.UniformSpace.UniformConvergence,mathlib
NavierStokes.ReferenceUniformJets,1,NavierStokes.TransitionRamp,in-tranche
NavierStokes.ReferenceUniformJets,2,Mathlib.MeasureTheory.Integral.IntervalIntegral.IntegrationByParts,mathlib
NavierStokes.ReferenceUniformStocks,1,NavierStokes.ReferenceUniformJets,in-tranche
NavierStokes.ReferenceUniformStocks,2,NavierStokes.ClosedIntervalJetAlgebra,in-tranche
NavierStokes.RegularSingularIntegral,1,NavierStokes.NilpotentVolterra,in-tranche
NavierStokes.ReleaseMoments,1,NavierStokes.UniformAngularReset,in-tranche
NavierStokes.ReleaseMoments,2,Mathlib.Analysis.Calculus.LocalExtr.Basic,mathlib
NavierStokes.ReleaseMoments,3,Mathlib.MeasureTheory.Function.Jacobian,mathlib
NavierStokes.RenormalizedHeatMoment,1,NavierStokes.ParametricHeatTail,in-tranche
NavierStokes.RenormalizedHeatMoment,2,NavierStokes.ParametricRephase,in-tranche
NavierStokes.RenormalizedHeatMoment,3,NavierStokes.SimilarityProfile,in-tranche
NavierStokes.RenormalizedHeatMoment,4,NavierStokes.OutgoingDilation,in-tranche
NavierStokes.RenormalizedHeatMoment,5,NavierStokes.HeatedOutgoing,in-tranche
NavierStokes.RenormalizedHeatMoment,6,Mathlib.MeasureTheory.Function.Jacobian,mathlib
NavierStokes.RenormalizedHeatMoment,7,Mathlib.Analysis.SpecialFunctions.Integrals.Basic,mathlib
NavierStokes.RepairConeBounds,1,NavierStokes.MatchingDebtBounds,in-tranche
NavierStokes.RepairConeBounds,2,NavierStokes.HeatSwitchCone,in-tranche
NavierStokes.ReservedPatches,1,NavierStokes.HeatedOutgoing,in-tranche
NavierStokes.ReservedPatches,2,NavierStokes.FiveProfileMoments,in-tranche
NavierStokes.ResetEnergyBounds,1,NavierStokes.UniformAngularReset,in-tranche
NavierStokes.ResetEnergyBounds,2,NavierStokes.TailEnergyBounds,in-tranche
NavierStokes.ResidualCalculus,1,NavierStokes.ProblemStatement,in-tranche
NavierStokes.ResidualCalculus,2,Mathlib.Analysis.Calculus.FDeriv.Add,mathlib
NavierStokes.ResidualCalculus,3,Mathlib.Analysis.Calculus.FDeriv.Mul,mathlib
NavierStokes.ResidualCalculus,4,Mathlib.Tactic.Abel,mathlib
NavierStokes.ResidualPolarGraph,1,NavierStokes.PhysicalMeanJetBounds,in-tranche
NavierStokes.ResidualPolarGraph,2,NavierStokes.PhysicalResidualTZ,in-tranche
NavierStokes.ResidualRegularity,1,NavierStokes.ProblemStatement,in-tranche
NavierStokes.ResidualRegularity,2,Mathlib.Analysis.Calculus.ContDiff.Operations,mathlib
NavierStokes.ResidualRegularity,3,Mathlib.Analysis.Calculus.FDeriv.Add,mathlib
NavierStokes.ResidualStability,1,NavierStokes.ResidualCalculus,in-tranche
NavierStokes.ResidualStability,2,NavierStokes.ResidualRegularity,in-tranche
NavierStokes.ResidualStability,3,NavierStokes.SpatialCurl,in-tranche
NavierStokes.ResidualStability,4,NavierStokes.JetBounds,in-tranche
NavierStokes.ResidualStability,5,NavierStokes.Flatness,in-tranche
NavierStokes.ResidualStability,6,Mathlib.Analysis.Calculus.FDeriv.Prod,mathlib
NavierStokes.ScalarParticularSupport,1,NavierStokes.LabelSupportPreservation,in-tranche
NavierStokes.ScaledActualParticularControl,1,NavierStokes.ActualParticularControl,in-tranche
NavierStokes.ScaledActualParticularControl,2,NavierStokes.ActualSignedGeometry,in-tranche
NavierStokes.ScaledParticularFrameJets,1,NavierStokes.ScaledActualParticularControl,in-tranche
NavierStokes.ScaledTangentTransport,1,NavierStokes.ParticularWaveBounds,in-tranche
NavierStokes.ScaledTangentTransport,2,NavierStokes.NormalScaling,in-tranche
NavierStokes.Scaling,1,Mathlib.Analysis.SpecialFunctions.Pow.Real,mathlib
NavierStokes.Scaling,2,Mathlib.Algebra.Order.AbsoluteValue.Basic,mathlib
NavierStokes.Scaling,3,Mathlib.Data.Rat.Floor,mathlib
NavierStokes.Scaling,4,Mathlib.Tactic.FieldSimp,mathlib
NavierStokes.Scaling,5,Mathlib.Tactic.Linarith,mathlib
NavierStokes.Scaling,6,Mathlib.Tactic.NormNum,mathlib
NavierStokes.Scaling,7,Mathlib.Tactic.Positivity,mathlib
NavierStokes.Scaling,8,Mathlib.Tactic.Ring,mathlib
NavierStokes.SchedulePressure,1,NavierStokes.OutgoingTail,in-tranche
NavierStokes.SchedulePressure,2,NavierStokes.TailEnergyBounds,in-tranche
NavierStokes.SchedulePressure,3,NavierStokes.PressureDatum,in-tranche
NavierStokes.SchedulePressure,4,NavierStokes.NaturalProfile,in-tranche
NavierStokes.ScheduledProfileChoice,1,NavierStokes.ExtendedHeatedOutgoing,in-tranche
NavierStokes.ScheduledProfileChoice,2,NavierStokes.TerminalCone,in-tranche
NavierStokes.SchwartzCompactApproximation,1,Mathlib.Analysis.Distribution.TemperedDistribution,mathlib
NavierStokes.SchwartzCompactApproximation,2,Mathlib.Analysis.Calculus.BumpFunction.InnerProduct,mathlib
NavierStokes.SeedConePaper,1,NavierStokes.UniformCone,in-tranche
NavierStokes.SeedHandbackJets,1,NavierStokes.ClosedIntervalJetAlgebra,in-tranche
NavierStokes.SeedHandbackJets,2,NavierStokes.NaturalAxisData,in-tranche
NavierStokes.SeedHandbackJets,3,Mathlib.MeasureTheory.Integral.IntervalIntegral.Basic,mathlib
NavierStokes.ShapeTransition,1,NavierStokes.OutgoingSchedule,in-tranche
NavierStokes.ShapeTransition,2,NavierStokes.SmoothParameterIntegral,in-tranche
NavierStokes.ShapeTransition,3,NavierStokes.ParametricFlatFactor,in-tranche
NavierStokes.ShapeTransition,4,Mathlib.Analysis.Calculus.ContDiff.Bounds,mathlib
NavierStokes.ShapeTransition,5,Mathlib.Analysis.Calculus.IteratedDeriv.Lemmas,mathlib
NavierStokes.ShapeTransition,6,Mathlib.Analysis.SpecialFunctions.Pow.Asymptotics,mathlib
NavierStokes.ShapedWaitBounds,1,NavierStokes.OutgoingEntranceCone,in-tranche
NavierStokes.SharpActualStageBounds,1,NavierStokes.SharpGluedStageBounds,in-tranche
NavierStokes.SharpActualStageBounds,2,NavierStokes.ActualCandidateAssembly,in-tranche
NavierStokes.SharpCommonGraphJets,1,NavierStokes.SharpPhysicalLoss,in-tranche
NavierStokes.SharpCommonGraphJets,2,NavierStokes.LocalPhysicalCopyBounds,in-tranche
NavierStokes.SharpCurrentModeJets,1,NavierStokes.SharpCurrentPhysicalPhase,in-tranche
NavierStokes.SharpCurrentParticularBounds,1,NavierStokes.SharpCurrentModeJets,in-tranche
NavierStokes.SharpCurrentParticularBounds,2,NavierStokes.CurrentPhysicalRadialClosure,in-tranche
NavierStokes.SharpCurrentParticularBounds,3,NavierStokes.CurrentParticularLabelBounds,in-tranche
NavierStokes.SharpCurrentPhysicalPhase,1,NavierStokes.ActualCurrentParticularBounds,in-tranche
NavierStokes.SharpCurrentPhysicalPhase,2,NavierStokes.SharpCommonGraphJets,in-tranche
NavierStokes.SharpCurrentPhysicalPhase,3,NavierStokes.SharpGeometricModeJets,in-tranche
NavierStokes.SharpGeometricModeJets,1,NavierStokes.LocalPhysicalCopyBounds,in-tranche
NavierStokes.SharpGeometricModeJets,2,NavierStokes.SharpPhaseJetAlgebra,in-tranche
NavierStokes.SharpGluedStageBounds,1,NavierStokes.GluedStageEstimates,in-tranche
NavierStokes.SharpGluedStageBounds,2,NavierStokes.SharpPhysicalLogBounds,in-tranche
NavierStokes.SharpGluedStageBounds,3,NavierStokes.SharpWaveStageBounds,in-tranche
NavierStokes.SharpGluedStageBounds,4,NavierStokes.SharpMeanStageBounds,in-tranche
NavierStokes.SharpGraphBounds,1,NavierStokes.PhysicalGraphBounds,in-tranche
NavierStokes.SharpLogWeights,1,NavierStokes.SharpPhysicalCarrier,in-tranche
NavierStokes.SharpMeanJetBounds,1,NavierStokes.LocalMeanPhysicalBounds,in-tranche
NavierStokes.SharpMeanJetBounds,2,NavierStokes.SharpPhysicalLoss,in-tranche
NavierStokes.SharpMeanStageBounds,1,NavierStokes.ActualPhysicalStageBounds,in-tranche
NavierStokes.SharpMeanStageBounds,2,NavierStokes.SharpMeanJetBounds,in-tranche
NavierStokes.SharpParticularGluing,1,NavierStokes.GluedStageEstimates,in-tranche
NavierStokes.SharpParticularGluing,2,NavierStokes.SharpPhysicalLogBounds,in-tranche
NavierStokes.SharpParticularStageBounds,1,NavierStokes.SharpParticularGluing,in-tranche
NavierStokes.SharpParticularStageBounds,2,NavierStokes.SharpCurrentParticularBounds,in-tranche
NavierStokes.SharpParticularStageBounds,3,NavierStokes.SharpActualStageBounds,in-tranche
NavierStokes.SharpPhaseJetAlgebra,1,NavierStokes.PhysicalGraphBounds,in-tranche
NavierStokes.SharpPhysicalCarrier,1,NavierStokes.SharpPhysicalPhase,in-tranche
NavierStokes.SharpPhysicalCopyBounds,1,NavierStokes.LocalPhysicalCopyBounds,in-tranche
NavierStokes.SharpPhysicalCopyBounds,2,NavierStokes.SharpPhysicalLoss,in-tranche
NavierStokes.SharpPhysicalLogBounds,1,NavierStokes.PhysicalStageBounds,in-tranche
NavierStokes.SharpPhysicalLoss,1,NavierStokes.SharpLogWeights,in-tranche
NavierStokes.SharpPhysicalPhase,1,NavierStokes.SharpGraphBounds,in-tranche
NavierStokes.SharpPhysicalPhase,2,NavierStokes.SharpPhaseJetAlgebra,in-tranche
NavierStokes.SharpWaveStageBounds,1,NavierStokes.PhysicalStageBounds,in-tranche
NavierStokes.SharpWaveStageBounds,2,NavierStokes.SharpPhysicalCopyBounds,in-tranche
NavierStokes.SignedCopyBounds,1,NavierStokes.PeriodizedWaveBounds,in-tranche
NavierStokes.SignedCopyBounds,2,NavierStokes.UniformPrimaryWeights,in-tranche
NavierStokes.SignedCopyBounds,3,NavierStokes.SignedWaveUpdate,in-tranche
NavierStokes.SignedCovariance,1,NavierStokes.PartitionedCovariance,in-tranche
NavierStokes.SignedCovariance,2,NavierStokes.FlatCovariance,in-tranche
NavierStokes.SignedCovariance,3,NavierStokes.WeightedQuotients,in-tranche
NavierStokes.SignedCovariance,4,NavierStokes.WeightedClasses,in-tranche
NavierStokes.SignedCrossDefectClass,1,NavierStokes.MeanStateRegularity,in-tranche
NavierStokes.SignedCrossDefectClass,2,NavierStokes.FiniteHeadClass,in-tranche
NavierStokes.SignedMeanGain,1,NavierStokes.GaugeMomentBalances,in-tranche
NavierStokes.SignedMeanGain,2,NavierStokes.LabelSumBounds,in-tranche
NavierStokes.SignedMeanGain,3,NavierStokes.LocalRankDefect,in-tranche
NavierStokes.SignedPhysicalSumCalculus,1,NavierStokes.PhysicalWaveSum,in-tranche
NavierStokes.SignedPhysicalSumCalculus,2,NavierStokes.PhysicalCurlCovariance,in-tranche
NavierStokes.SignedRequestContinuation,1,NavierStokes.ActualCorrectionModels,in-tranche
NavierStokes.SignedStressPrimitive,1,NavierStokes.IntegratedMeanBalances,in-tranche
NavierStokes.SignedStressPrimitive,2,NavierStokes.WeightedRadialPrimitive,in-tranche
NavierStokes.SignedStressPrimitive,3,NavierStokes.RadialPullback,in-tranche
NavierStokes.SignedWaveUpdate,1,NavierStokes.SignedCovariance,in-tranche
NavierStokes.SignedWaveUpdate,2,NavierStokes.SignedStressPrimitive,in-tranche
NavierStokes.SignedWaveUpdate,3,NavierStokes.PrimaryPulseBounds,in-tranche
NavierStokes.SignedWaveUpdate,4,NavierStokes.ParticularWaveBounds,in-tranche
NavierStokes.SignedWaveUpdate,5,NavierStokes.ErrorHarmonics,in-tranche
NavierStokes.SignedWaveUpdate,6,NavierStokes.MeanMomentBounds,in-tranche
NavierStokes.SignedWaveUpdate,7,NavierStokes.CopyAngularInvariance,in-tranche
NavierStokes.SimilarityApproach,1,NavierStokes.SimilarityProfile,in-tranche
NavierStokes.SimilarityApproach,2,NavierStokes.DiagonalResidual,in-tranche
NavierStokes.SimilarityCoordinates,1,Mathlib.Analysis.SpecialFunctions.Pow.Deriv,mathlib
NavierStokes.SimilarityCoordinates,2,Mathlib.Analysis.Calculus.InverseFunctionTheorem.ContDiff,mathlib
NavierStokes.SimilarityCoordinates,3,Mathlib.Topology.Order.IntermediateValue,mathlib
NavierStokes.SimilarityCoordinates,4,Mathlib.Tactic.FieldSimp,mathlib
NavierStokes.SimilarityCoordinates,5,Mathlib.Tactic.Linarith,mathlib
NavierStokes.SimilarityCoordinates,6,Mathlib.Tactic.Ring,mathlib
NavierStokes.SimilarityHomogeneity,1,NavierStokes.SimilarityProfile,in-tranche
NavierStokes.SimilarityHomogeneity,2,NavierStokes.Scaling,in-tranche
NavierStokes.SimilarityProfile,1,NavierStokes.SimilarityCoordinates,in-tranche
NavierStokes.SimilarityProfile,2,NavierStokes.CoordinateAlgebra,in-tranche
NavierStokes.SlotColoring,1,NavierStokes.SlotGeometry,in-tranche
NavierStokes.SlotColoring,2,Mathlib.Analysis.SpecialFunctions.Pow.Real,mathlib
NavierStokes.SlotColoring,3,Mathlib.Data.Fintype.Pi,mathlib
NavierStokes.SlotColoring,4,Mathlib.Data.Fintype.Card,mathlib
NavierStokes.SlotColoring,5,Mathlib.Data.Fintype.BigOperators,mathlib
NavierStokes.SlotColoring,6,Mathlib.LinearAlgebra.Matrix.Notation,mathlib
NavierStokes.SlotColoring,7,Mathlib.Algebra.Order.Floor.Ring,mathlib
NavierStokes.SlotColoring,8,Mathlib.Algebra.Order.Floor.Semiring,mathlib
NavierStokes.SlotColoring,9,Mathlib.Order.Interval.Finset.Nat,mathlib
NavierStokes.SlotColoring,10,Mathlib.Analysis.Real.Sqrt,mathlib
NavierStokes.SlotGeometry,1,Mathlib.Analysis.Normed.Operator.ContinuousLinearMap,mathlib
NavierStokes.SlotGeometry,2,Mathlib.Topology.Algebra.Module.ContinuousLinearMap.PiProd,mathlib
NavierStokes.SlotGeometry,3,Mathlib.Topology.Instances.Int,mathlib
NavierStokes.SlotGeometry,4,Mathlib.Data.Rat.Cast.Order,mathlib
NavierStokes.SlotGeometry,5,Mathlib.Tactic.FieldSimp,mathlib
NavierStokes.SlotGeometry,6,Mathlib.Tactic.Linarith,mathlib
NavierStokes.SlotGeometry,7,Mathlib.Tactic.NormNum,mathlib
NavierStokes.SlotGeometry,8,Mathlib.Tactic.Positivity,mathlib
NavierStokes.SlotGeometry,9,Mathlib.Tactic.Ring,mathlib
NavierStokes.SlotGeometry,10,Mathlib.Tactic.Abel,mathlib
NavierStokes.SlowBaseEndpoint,1,NavierStokes.EndpointCoordinates,in-tranche
NavierStokes.SlowBaseEndpoint,2,NavierStokes.ModulatedExterior,in-tranche
NavierStokes.SlowBaseEndpoint,3,NavierStokes.FinalSlowBase,in-tranche
NavierStokes.SlowBaseEndpoint,4,NavierStokes.JointResidualLimits,in-tranche
NavierStokes.SlowBaseEndpoint,5,NavierStokes.SpacetimeGluing,in-tranche
NavierStokes.SlowBaseEndpoint,6,Mathlib.Analysis.Calculus.BumpFunction.FiniteDimension,mathlib
NavierStokes.SlowBorelBase,1,NavierStokes.DiagonalJetBounds,in-tranche
NavierStokes.SlowBorelBase,2,NavierStokes.SpatialBorelExtension,in-tranche
NavierStokes.SlowBorelBase,3,NavierStokes.SlowExpansionResidual,in-tranche
NavierStokes.SlowBorelBase,4,NavierStokes.PhysicalCoordinateBounds,in-tranche
NavierStokes.SlowBorelBase,5,NavierStokes.ProfileHistories,in-tranche
NavierStokes.SlowBorelBase,6,Mathlib.Analysis.Calculus.ContDiff.Bounds,mathlib
NavierStokes.SlowBorelBase,7,Mathlib.Analysis.SpecialFunctions.Sqrt,mathlib
NavierStokes.SlowDivergence,1,NavierStokes.ProfileHistories,in-tranche
NavierStokes.SlowDivergence,2,NavierStokes.SimilarityProfile,in-tranche
NavierStokes.SlowExpansionResidual,1,NavierStokes.AxisymmetricResidual,in-tranche
NavierStokes.SlowExpansionResidual,2,NavierStokes.SimilarityProfile,in-tranche
NavierStokes.SlowExpansionResidual,3,NavierStokes.RadialFluxResidual,in-tranche
NavierStokes.SlowExpansionResidual,4,NavierStokes.LocalAxisymmetricResidual,in-tranche
NavierStokes.SlowExpansionResidual,5,Mathlib.Algebra.BigOperators.NatAntidiagonal,mathlib
NavierStokes.SlowExpansionResidual,6,Mathlib.Analysis.SpecialFunctions.Pow.Real,mathlib
NavierStokes.SlowFirstOrderEdge,1,NavierStokes.TerminalEdgeFactor,in-tranche
NavierStokes.SlowRecursion,1,NavierStokes.PositiveAxisExistence,in-tranche
NavierStokes.SlowRecursion,2,NavierStokes.AxisSourceRegularity,in-tranche
NavierStokes.SlowRecursion,3,NavierStokes.BoundaryAxisJets,in-tranche
NavierStokes.SlowResidualMatching,1,NavierStokes.SlowExpansionResidual,in-tranche
NavierStokes.SlowResidualMatching,2,NavierStokes.SlowRecursion,in-tranche
NavierStokes.SlowResidualMatching,3,NavierStokes.LeadingStress,in-tranche
NavierStokes.SlowResidualMatching,4,NavierStokes.SlowStressSupport,in-tranche
NavierStokes.SlowResidualMatching,5,NavierStokes.SlowBorelBase,in-tranche
NavierStokes.SlowResidualMatching,6,NavierStokes.RenormalizedHeatMoment,in-tranche
NavierStokes.SlowStressSupport,1,NavierStokes.PositiveOrderMoments,in-tranche
NavierStokes.SlowStressSupport,2,NavierStokes.SlowExpansionResidual,in-tranche
NavierStokes.SlowStressSupport,3,NavierStokes.WeightedRadialPrimitive,in-tranche
NavierStokes.SlowStressSupport,4,Mathlib.Analysis.Calculus.Deriv.Support,mathlib
NavierStokes.SmoothCovariance,1,NavierStokes.Covariance,in-tranche
NavierStokes.SmoothCovariance,2,Mathlib.Analysis.SpecialFunctions.Sqrt,mathlib
NavierStokes.SmoothCovariance,3,Mathlib.Topology.Order.Compact,mathlib
NavierStokes.SmoothCovariance,4,Mathlib.Topology.MetricSpace.Thickening,mathlib
NavierStokes.SmoothCutoffs,1,Mathlib.Analysis.Calculus.BumpFunction.InnerProduct,mathlib
NavierStokes.SmoothCutoffs,2,Mathlib.Analysis.Calculus.Deriv.Support,mathlib
NavierStokes.SmoothCutoffs,3,Mathlib.Analysis.Calculus.IteratedDeriv.Lemmas,mathlib
NavierStokes.SmoothCutoffs,4,Mathlib.Analysis.Normed.Group.Bounded,mathlib
NavierStokes.SmoothCutoffs,5,Mathlib.Tactic.FieldSimp,mathlib
NavierStokes.SmoothCutoffs,6,Mathlib.Tactic.Linarith,mathlib
NavierStokes.SmoothCutoffs,7,Mathlib.Tactic.NormNum,mathlib
NavierStokes.SmoothCutoffs,8,Mathlib.Tactic.Positivity,mathlib
NavierStokes.SmoothCutoffs,9,Mathlib.Tactic.Ring,mathlib
NavierStokes.SmoothExponentialMomentMatrix,1,NavierStokes.SmoothPowerMomentMatrix,in-tranche
NavierStokes.SmoothExponentialMomentMatrix,2,NavierStokes.ExponentialMomentMatrix,in-tranche
NavierStokes.SmoothFamilyTorusInverse,1,NavierStokes.ParametricTorusInverse,in-tranche
NavierStokes.SmoothFamilyTorusInverse,2,Mathlib.Analysis.Calculus.ContDiff.Bounds,mathlib
NavierStokes.SmoothFamilyTorusInverse,3,Mathlib.Analysis.Normed.Module.FiniteDimension,mathlib
NavierStokes.SmoothFourierData,1,NavierStokes.TorusInverse,in-tranche
NavierStokes.SmoothFourierData,2,Mathlib.Analysis.Fourier.AddCircleMulti,mathlib
NavierStokes.SmoothFourierData,3,Mathlib.Analysis.Calculus.FDeriv.Add,mathlib
NavierStokes.SmoothFourierData,4,Mathlib.Analysis.Calculus.Deriv.Prod,mathlib
NavierStokes.SmoothFourierData,5,Mathlib.Analysis.Normed.Group.Bounded,mathlib
NavierStokes.SmoothFourierData,6,Mathlib.Analysis.PSeries,mathlib
NavierStokes.SmoothFourierData,7,Mathlib.Analysis.Normed.Ring.InfiniteSum,mathlib
NavierStokes.SmoothLoop,1,NavierStokes.LoopMoments,in-tranche
NavierStokes.SmoothLoop,2,Mathlib.Analysis.SpecialFunctions.Integrals.Basic,mathlib
NavierStokes.SmoothLoop,3,Mathlib.Analysis.SpecialFunctions.Trigonometric.Deriv,mathlib
NavierStokes.SmoothLoop,4,Mathlib.Analysis.Calculus.Deriv.MeanValue,mathlib
NavierStokes.SmoothLoop,5,Mathlib.MeasureTheory.Integral.IntervalIntegral.Periodic,mathlib
NavierStokes.SmoothLoop,6,Mathlib.Topology.Order.MonotoneContinuity,mathlib
NavierStokes.SmoothMomentRepair,1,NavierStokes.MomentRepair,in-tranche
NavierStokes.SmoothMomentRepair,2,Mathlib.Analysis.Calculus.InverseFunctionTheorem.ContDiff,mathlib
NavierStokes.SmoothMomentRepair,3,Mathlib.Analysis.Calculus.FDeriv.Mul,mathlib
NavierStokes.SmoothMomentRepair,4,Mathlib.Analysis.Normed.Group.Bounded,mathlib
NavierStokes.SmoothMomentRepair,5,Mathlib.Tactic.Abel,mathlib
NavierStokes.SmoothMomentRepair,6,Mathlib.Tactic.FieldSimp,mathlib
NavierStokes.SmoothMomentRepair,7,Mathlib.Tactic.Positivity,mathlib
NavierStokes.SmoothParameterIntegral,1,Mathlib.Analysis.Calculus.ParametricIntegral,mathlib
NavierStokes.SmoothParameterIntegral,2,Mathlib.Analysis.Calculus.IteratedDeriv.Defs,mathlib
NavierStokes.SmoothParameterIntegral,3,Mathlib.Analysis.Calculus.ContDiff.Comp,mathlib
NavierStokes.SmoothParameterIntegral,4,Mathlib.MeasureTheory.Integral.IntervalIntegral.Basic,mathlib
NavierStokes.SmoothPathFamily,1,NavierStokes.ParametricODE,in-tranche
NavierStokes.SmoothPathFamily,2,Mathlib.Analysis.Calculus.MeanValue,mathlib
NavierStokes.SmoothPathFamily,3,Mathlib.Analysis.Calculus.ContDiff.Operations,mathlib
NavierStokes.SmoothPathFamily,4,Mathlib.Topology.CompactOpen,mathlib
NavierStokes.SmoothPowerMomentMatrix,1,NavierStokes.PowerMomentMatrix,in-tranche
NavierStokes.SmoothPowerMomentMatrix,2,NavierStokes.ParametricRephase,in-tranche
NavierStokes.SmoothPowerMomentMatrix,3,Mathlib.Analysis.SpecialFunctions.Pow.Deriv,mathlib
NavierStokes.SmoothPowerMomentMatrix,4,Mathlib.Analysis.Matrix.Normed,mathlib
NavierStokes.SmoothQuadraticBranch,1,NavierStokes.SmoothMomentRepair,in-tranche
NavierStokes.SmoothQuadraticBranch,2,Mathlib.Analysis.Calculus.ImplicitContDiff,mathlib
NavierStokes.SolenoidalDiagonal,1,NavierStokes.SmoothCutoffs,in-tranche
NavierStokes.SolenoidalDiagonal,2,NavierStokes.DiagonalScale,in-tranche
NavierStokes.SolenoidalDiagonal,3,NavierStokes.SpatialCurl,in-tranche
NavierStokes.SolenoidalDiagonal,4,Mathlib.Analysis.Calculus.ContDiff.Operations,mathlib
NavierStokes.SolenoidalDiagonal,5,Mathlib.Topology.LocallyFinite,mathlib
NavierStokes.SpacetimeEndpoint,1,Mathlib.Analysis.Calculus.FDeriv.Extend,mathlib
NavierStokes.SpacetimeEndpoint,2,Mathlib.Analysis.Calculus.TangentCone.Prod,mathlib
NavierStokes.SpacetimeEndpoint,3,Mathlib.Topology.UniformSpace.UniformApproximation,mathlib
NavierStokes.SpacetimeEndpoint,4,NavierStokes.ProblemStatement,in-tranche
NavierStokes.SpacetimeGluing,1,Mathlib.Analysis.Calculus.FDeriv.Symmetric,mathlib
NavierStokes.SpacetimeGluing,2,Mathlib.Analysis.Calculus.ContDiff.FiniteDimension,mathlib
NavierStokes.SpacetimeGluing,3,Mathlib.Analysis.Calculus.IteratedDeriv.Lemmas,mathlib
NavierStokes.SpacetimeGluing,4,NavierStokes.SpacetimeEndpoint,in-tranche
NavierStokes.SpacetimeGluing,5,NavierStokes.SpatialBorelExtension,in-tranche
NavierStokes.SpatialBorelExtension,1,NavierStokes.BorelExtension,in-tranche
NavierStokes.SpatialBorelExtension,2,Mathlib.Analysis.Calculus.BumpFunction.FiniteDimension,mathlib
NavierStokes.SpatialBorelExtension,3,Mathlib.Algebra.Order.Algebra,mathlib
NavierStokes.SpatialBorelExtension,4,Mathlib.Analysis.Normed.Group.Basic,mathlib
NavierStokes.SpatialBorelExtension,5,Mathlib.Analysis.Real.Sqrt,mathlib
NavierStokes.SpatialBorelExtension,6,Mathlib.Data.EReal.Inv,mathlib
NavierStokes.SpatialCurl,1,NavierStokes.ProblemStatement,in-tranche
NavierStokes.SpatialCurl,2,Mathlib.Analysis.Calculus.FDeriv.Symmetric,mathlib
NavierStokes.SpatialCurl,3,Mathlib.Analysis.Calculus.FDeriv.Add,mathlib
NavierStokes.SpatialCurl,4,Mathlib.Tactic.Abel,mathlib
NavierStokes.SpatialCurl,5,Mathlib.Tactic.FinCases,mathlib
NavierStokes.SpatialLocalization,1,NavierStokes.PeriodicLocalization,in-tranche
NavierStokes.SpatialLocalization,2,NavierStokes.SolenoidalDiagonal,in-tranche
NavierStokes.SpatialLocalization,3,NavierStokes.CylindricalResidual,in-tranche
NavierStokes.SpatialLocalization,4,NavierStokes.ResidualRegularity,in-tranche
NavierStokes.SpatialLocalization,5,NavierStokes.TimeLocalization,in-tranche
NavierStokes.SquaredPartition,1,NavierStokes.ChartScales,in-tranche
NavierStokes.SquaredPartition,2,Mathlib.Analysis.Calculus.BumpFunction.InnerProduct,mathlib
NavierStokes.SquaredPartition,3,Mathlib.Analysis.Calculus.IteratedDeriv.Lemmas,mathlib
NavierStokes.SquaredPartition,4,Mathlib.Analysis.SpecialFunctions.Log.Deriv,mathlib
NavierStokes.SquaredPartition,5,Mathlib.Topology.Algebra.Support,mathlib
NavierStokes.SquaredPartition,6,Mathlib.Algebra.BigOperators.Finprod,mathlib
NavierStokes.SquaredPartition,7,Mathlib.Algebra.BigOperators.Ring.Finset,mathlib
NavierStokes.SquaredPartition,8,Mathlib.Analysis.Normed.Group.Bounded,mathlib
NavierStokes.StateMomentBalances,1,NavierStokes.CorrectionState,in-tranche
NavierStokes.StateMomentBalances,2,NavierStokes.IntegratedMeanBalances,in-tranche
NavierStokes.StateMomentBalances,3,NavierStokes.MeanMomentBounds,in-tranche
NavierStokes.StateMomentBalances,4,NavierStokes.DefectIncrementBounds,in-tranche
NavierStokes.StateMomentBalances,5,NavierStokes.SignedStressPrimitive,in-tranche
NavierStokes.StateReindex,1,NavierStokes.ParticularWaveBounds,in-tranche
NavierStokes.StateReindex,2,NavierStokes.HarmonicResidual,in-tranche
NavierStokes.StateReindex,3,NavierStokes.LiftedMeanResidual,in-tranche
NavierStokes.StressActivation,1,NavierStokes.ProfileHistories,in-tranche
NavierStokes.StressActivation,2,NavierStokes.OutgoingSchedule,in-tranche
NavierStokes.StressActivation,3,NavierStokes.ParametricFlatFactor,in-tranche
NavierStokes.StressActivation,4,NavierStokes.ReferencePath,in-tranche
NavierStokes.StressActivation,5,Mathlib.Analysis.Calculus.BumpFunction.Basic,mathlib
NavierStokes.StressActivation,6,Mathlib.Analysis.Calculus.BumpFunction.FiniteDimension,mathlib
NavierStokes.StressActivation,7,Mathlib.Analysis.Calculus.IteratedDeriv.Lemmas,mathlib
NavierStokes.StressAlgebra,1,Mathlib.Analysis.Calculus.Deriv.Mul,mathlib
NavierStokes.StressAlgebra,2,Mathlib.MeasureTheory.Integral.IntervalIntegral.FundThmCalculus,mathlib
NavierStokes.StressAlgebra,3,Mathlib.Tactic.FieldSimp,mathlib
NavierStokes.StressAlgebra,4,Mathlib.Tactic.LinearCombination,mathlib
NavierStokes.StressAlgebra,5,Mathlib.Tactic.Ring,mathlib
NavierStokes.SubcoverPeriodicity,1,NavierStokes.ParticularWaveBounds,in-tranche
NavierStokes.SupportedActualContext,1,NavierStokes.SupportedParameterExtension,in-tranche
NavierStokes.SupportedActualContext,2,NavierStokes.SignedRequestContinuation,in-tranche
NavierStokes.SupportedParameterExtension,1,NavierStokes.SpacetimeGluing,in-tranche
NavierStokes.SupportedParameterExtension,2,NavierStokes.FinalSlowBase,in-tranche
NavierStokes.TailCone,1,NavierStokes.ReleaseMoments,in-tranche
NavierStokes.TailCone,2,NavierStokes.CorrectedPulseAmplitude,in-tranche
NavierStokes.TailCone,3,NavierStokes.FuturePressureBounds,in-tranche
NavierStokes.TailCone,4,NavierStokes.UniformCone,in-tranche
NavierStokes.TailCone,5,NavierStokes.CoordinateAlgebra,in-tranche
NavierStokes.TailCone,6,NavierStokes.OutgoingHistories,in-tranche
NavierStokes.TailCone,7,NavierStokes.CorrectedPressureBounds,in-tranche
NavierStokes.TailCone,8,NavierStokes.PulseCone,in-tranche
NavierStokes.TailEnergyBounds,1,NavierStokes.OutgoingTail,in-tranche
NavierStokes.TailEnergyBounds,2,NavierStokes.ParametricRephase,in-tranche
NavierStokes.TailEnergyBounds,3,Mathlib.Analysis.SpecialFunctions.ImproperIntegrals,mathlib
NavierStokes.TailEnergyBounds,4,Mathlib.Analysis.Calculus.ParametricIntervalIntegral,mathlib
NavierStokes.TailGaugePotential,1,NavierStokes.ModulatedExterior,in-tranche
NavierStokes.TailGaugePotential,2,NavierStokes.JointResidualLimits,in-tranche
NavierStokes.TailGaugePotential,3,NavierStokes.SlowBaseEndpoint,in-tranche
NavierStokes.TangentODE,1,NavierStokes.TangentProjection,in-tranche
NavierStokes.TangentODE,2,Mathlib.Analysis.ODE.PicardLindelof,mathlib
NavierStokes.TangentODE,3,Mathlib.Analysis.ODE.Gronwall,mathlib
NavierStokes.TangentODE,4,Mathlib.Analysis.ODE.ExistUnique,mathlib
NavierStokes.TangentProjection,1,Mathlib.Analysis.InnerProductSpace.Calculus,mathlib
NavierStokes.TangentProjection,2,Mathlib.Analysis.Calculus.MeanValue,mathlib
NavierStokes.TangentProjection,3,Mathlib.Analysis.SpecialFunctions.ExpDeriv,mathlib
NavierStokes.TangentProjection,4,Mathlib.Data.Complex.Basic,mathlib
NavierStokes.TangentProjection,5,Mathlib.Tactic.FieldSimp,mathlib
NavierStokes.TangentProjection,6,Mathlib.Tactic.Linarith,mathlib
NavierStokes.TangentProjection,7,Mathlib.Tactic.Module,mathlib
NavierStokes.TemporalMeanUpdate,1,NavierStokes.ParametricTorusInverse,in-tranche
NavierStokes.TemporalMeanUpdate,2,NavierStokes.SmoothFamilyTorusInverse,in-tranche
NavierStokes.TemporalMeanUpdate,3,NavierStokes.PressureStream,in-tranche
NavierStokes.TemporalMeanUpdate,4,NavierStokes.ChartScales,in-tranche
NavierStokes.TemporalMeanUpdate,5,NavierStokes.TorusAverages,in-tranche
NavierStokes.TemporalMeanUpdate,6,NavierStokes.UniformFourierAlias,in-tranche
NavierStokes.TemporalStateCoherence,1,NavierStokes.GaugeStateCoherence,in-tranche
NavierStokes.TemporalStateCoherence,2,NavierStokes.CommonBaseContext,in-tranche
NavierStokes.TerminalCompensation,1,NavierStokes.UniformAngularReset,in-tranche
NavierStokes.TerminalCompensation,2,NavierStokes.HeatTailEdit,in-tranche
NavierStokes.TerminalCompensation,3,Mathlib.Tactic.FinCases,mathlib
NavierStokes.TerminalCone,1,NavierStokes.HeatedOutgoing,in-tranche
NavierStokes.TerminalCone,2,NavierStokes.TerminalEdgeFactor,in-tranche
NavierStokes.TerminalEdgeFactor,1,NavierStokes.TerminalStress,in-tranche
NavierStokes.TerminalEdgeFactor,2,NavierStokes.TransportPrimitive,in-tranche
NavierStokes.TerminalEdgeFactor,3,NavierStokes.HeatProfileExtension,in-tranche
NavierStokes.TerminalEdgeFactor,4,NavierStokes.EdgeWeightJets,in-tranche
NavierStokes.TerminalEdgeFactor,5,NavierStokes.PhysicalHeatCoordinates,in-tranche
NavierStokes.TerminalEdgeFactor,6,NavierStokes.TerminalPressure,in-tranche
NavierStokes.TerminalEdgeFactor,7,NavierStokes.UniformCone,in-tranche
NavierStokes.TerminalEdgePaper,1,NavierStokes.TerminalEdgeFactor,in-tranche
NavierStokes.TerminalHistoryBridge,1,NavierStokes.HeatedOutgoing,in-tranche
NavierStokes.TerminalHistoryBridge,2,NavierStokes.TerminalEdgeFactor,in-tranche
NavierStokes.TerminalHistoryBridge,3,NavierStokes.LeadingStress,in-tranche
NavierStokes.TerminalHistoryBridge,4,NavierStokes.HeatSwitchCone,in-tranche
NavierStokes.TerminalHistoryBridge,5,NavierStokes.TerminalCone,in-tranche
NavierStokes.TerminalHistoryBridge,6,NavierStokes.HeatSwitchHistoryDerivatives,in-tranche
NavierStokes.TerminalHistoryBridge,7,NavierStokes.HeatTailHistoryLimits,in-tranche
NavierStokes.TerminalPressure,1,NavierStokes.TerminalStress,in-tranche
NavierStokes.TerminalPressure,2,NavierStokes.ParametricHeatTail,in-tranche
NavierStokes.TerminalPressure,3,NavierStokes.SmoothParameterIntegral,in-tranche
NavierStokes.TerminalPressure,4,NavierStokes.TailCone,in-tranche
NavierStokes.TerminalStress,1,NavierStokes.LeadingStress,in-tranche
NavierStokes.TerminalStress,2,NavierStokes.RadialHeatProfile,in-tranche
NavierStokes.TerminalStress,3,NavierStokes.OutgoingTail,in-tranche
NavierStokes.TerminalStress,4,NavierStokes.ParametricFlatFactor,in-tranche
NavierStokes.TerminalStress,5,Mathlib.MeasureTheory.Integral.IntegralEqImproper,mathlib
NavierStokes.TimeLocalization,1,NavierStokes.SmoothCutoffs,in-tranche
NavierStokes.TimeLocalization,2,NavierStokes.ResidualCalculus,in-tranche
NavierStokes.TimeLocalization,3,NavierStokes.ProblemStatement,in-tranche
NavierStokes.TorusAverages,1,NavierStokes.SmoothFourierData,in-tranche
NavierStokes.TorusAverages,2,NavierStokes.SmoothLoop,in-tranche
NavierStokes.TorusAverages,3,NavierStokes.PulseCovariance,in-tranche
NavierStokes.TorusAverages,4,Mathlib.MeasureTheory.Measure.Haar.Unique,mathlib
NavierStokes.TorusAverages,5,Mathlib.Dynamics.Ergodic.MeasurePreserving,mathlib
NavierStokes.TorusAverages,6,Mathlib.MeasureTheory.Group.FundamentalDomain,mathlib
NavierStokes.TorusAverages,7,Mathlib.MeasureTheory.Measure.Lebesgue.EqHaar,mathlib
NavierStokes.TorusAverages,8,Mathlib.MeasureTheory.Function.LocallyIntegrable,mathlib
NavierStokes.TorusCoverDegree,1,NavierStokes.CommonCoverSolve,in-tranche
NavierStokes.TorusCoverDegree,2,NavierStokes.TorusCoverLattice,in-tranche
NavierStokes.TorusCoverLattice,1,NavierStokes.CommonCoverSolve,in-tranche
NavierStokes.TorusCoverLattice,2,Mathlib.GroupTheory.Index,mathlib
NavierStokes.TorusCoverLattice,3,Mathlib.Data.ZMod.Basic,mathlib
NavierStokes.TorusInverse,1,NavierStokes.DiophantineGraph,in-tranche
NavierStokes.TorusInverse,2,Mathlib.Analysis.Calculus.SmoothSeries,mathlib
NavierStokes.TorusInverse,3,Mathlib.Analysis.SpecialFunctions.ExpDeriv,mathlib
NavierStokes.TorusInverse,4,Mathlib.Analysis.Fourier.AddCircle,mathlib
NavierStokes.TorusInverse,5,Mathlib.MeasureTheory.Integral.Prod,mathlib
NavierStokes.TorusInverse,6,Mathlib.MeasureTheory.Integral.DominatedConvergence,mathlib
NavierStokes.TorusMeanRequestRebase,1,NavierStokes.PhysicalSignedWave,in-tranche
NavierStokes.TorusMeanRequestRebase,2,NavierStokes.MeanStateRegularity,in-tranche
NavierStokes.TransitionRamp,1,NavierStokes.ActivationStocks,in-tranche
NavierStokes.TransitionRamp,2,NavierStokes.ReferenceJetBounds,in-tranche
NavierStokes.TransitionRamp,3,Mathlib.Analysis.Calculus.ContDiff.Bounds,mathlib
NavierStokes.TransportPrimitive,1,NavierStokes.RadialAlias,in-tranche
NavierStokes.TransportPrimitive,2,Mathlib.Analysis.Calculus.ParametricIntervalIntegral,mathlib
NavierStokes.TransportPrimitive,3,Mathlib.Analysis.Calculus.FDeriv.Mul,mathlib
NavierStokes.TransportPrimitive,4,Mathlib.Analysis.Calculus.ContDiff.Bounds,mathlib
NavierStokes.TransportPrimitive,5,Mathlib.Analysis.SpecialFunctions.SmoothTransition,mathlib
NavierStokes.TransportPrimitive,6,Mathlib.Analysis.Normed.Group.Bounded,mathlib
NavierStokes.TrueConeLoop,1,NavierStokes.LoopVariance,in-tranche
NavierStokes.TrueConeLoop,2,NavierStokes.UniformCone,in-tranche
NavierStokes.TrueConeLoop,3,NavierStokes.ParametricRephase,in-tranche
NavierStokes.TrueConeLoop,4,Mathlib.Analysis.SpecialFunctions.SmoothTransition,mathlib
NavierStokes.TrueConeLoop,5,Mathlib.Algebra.Field.Periodic,mathlib
NavierStokes.TrueConeLoopPaper,1,NavierStokes.TrueConeLoop,in-tranche
NavierStokes.TrueConeLoopPaper,2,NavierStokes.FlatPrimitivePaper,in-tranche
NavierStokes.TrueConeLoopPaper,3,Mathlib.Topology.MetricSpace.Thickening,mathlib
NavierStokes.UniformAngularReset,1,NavierStokes.AngularMomentReset,in-tranche
NavierStokes.UniformAngularReset,2,NavierStokes.OutgoingTail,in-tranche
NavierStokes.UniformAngularReset,3,NavierStokes.ParametricFlatFactor,in-tranche
NavierStokes.UniformAngularReset,4,Mathlib.Analysis.Calculus.ParametricIntegral,mathlib
NavierStokes.UniformAngularReset,5,Mathlib.Analysis.Calculus.ParametricIntervalIntegral,mathlib
NavierStokes.UniformAngularReset,6,Mathlib.Analysis.SpecialFunctions.Pow.Asymptotics,mathlib
NavierStokes.UniformAngularReset,7,Mathlib.Analysis.SpecialFunctions.ImproperIntegrals,mathlib
NavierStokes.UniformBlockBounds,1,NavierStokes.ParticularWaveAssembly,in-tranche
NavierStokes.UniformBlockBounds,2,NavierStokes.StateReindex,in-tranche
NavierStokes.UniformBlockBounds,3,NavierStokes.UniformPrimaryWeights,in-tranche
NavierStokes.UniformBlockBounds,4,NavierStokes.HarmonicWaveInteraction,in-tranche
NavierStokes.UniformBlockBounds,5,NavierStokes.PeriodizedWaveBounds,in-tranche
NavierStokes.UniformCone,1,NavierStokes.ConeAlgebra,in-tranche
NavierStokes.UniformCone,2,Mathlib.Topology.Order.Compact,mathlib
NavierStokes.UniformCone,3,Mathlib.Topology.MetricSpace.Thickening,mathlib
NavierStokes.UniformFourierAlias,1,NavierStokes.FourierAlias,in-tranche
NavierStokes.UniformFourierAlias,2,NavierStokes.WeightedRadialPrimitive,in-tranche
NavierStokes.UniformFourierAlias,3,NavierStokes.RadialPullback,in-tranche
NavierStokes.UniformFourierAlias,4,NavierStokes.SmoothFamilyTorusInverse,in-tranche
NavierStokes.UniformHarmonicInteraction,1,NavierStokes.UniformPrimaryWeights,in-tranche
NavierStokes.UniformHarmonicInteraction,2,NavierStokes.LocalizedMeanInteraction,in-tranche
NavierStokes.UniformPrimaryWeights,1,NavierStokes.LabelSumBounds,in-tranche
NavierStokes.UniformPrimaryWeights,2,NavierStokes.LinearWaveBounds,in-tranche
NavierStokes.UniformPrimaryWeights,3,Mathlib.Data.Countable.Defs,mathlib
NavierStokes.UniformQuadraticBranch,1,NavierStokes.SmoothQuadraticBranch,in-tranche
NavierStokes.UniformQuadraticBranch,2,NavierStokes.QuadraticLinearization,in-tranche
NavierStokes.ValidBandGluing,1,NavierStokes.SpatialCurl,in-tranche
NavierStokes.ValidDyadicBandCover,1,NavierStokes.PhysicalMeanJetBounds,in-tranche
NavierStokes.ValidDyadicBandCover,2,NavierStokes.CutStageEstimates,in-tranche
NavierStokes.ValidDyadicBandCover,3,NavierStokes.MixedDiagonalExtensions,in-tranche
NavierStokes.ValidDyadicBandCover,4,NavierStokes.ValidBandGluing,in-tranche
NavierStokes.VariableGaugeMean,1,NavierStokes.MeanChartCompatibility,in-tranche
NavierStokes.VariableGaugeMean,2,NavierStokes.PhysicalMeanDomain,in-tranche
NavierStokes.VariableGaugeMean,3,NavierStokes.LocalSignedRequest,in-tranche
NavierStokes.ViscousPropagator,1,NavierStokes.GaussianEnvelope,in-tranche
NavierStokes.ViscousPropagator,2,NavierStokes.TangentODE,in-tranche
NavierStokes.ViscousPropagator,3,Mathlib.Analysis.InnerProductSpace.Calculus,mathlib
NavierStokes.ViscousPropagator,4,Mathlib.Analysis.InnerProductSpace.PiL2,mathlib
NavierStokes.ViscousPropagator,5,Mathlib.Analysis.ODE.Gronwall,mathlib
NavierStokes.ViscousPropagator,6,Mathlib.Tactic.Module,mathlib
NavierStokes.ViscousPropagator,7,Mathlib.Tactic.FinCases,mathlib
NavierStokes.VolterraAnalyticBounds,1,Mathlib.Analysis.Complex.CauchyIntegral,mathlib
NavierStokes.VolterraAnalyticBounds,2,Mathlib.Analysis.SpecialFunctions.Integrals.Basic,mathlib
NavierStokes.VolterraAnalyticBounds,3,Mathlib.Data.Matrix.Mul,mathlib
NavierStokes.VolterraAnalyticBounds,4,Mathlib.Analysis.Normed.Group.Constructions,mathlib
NavierStokes.VolterraAnalyticBounds,5,Mathlib.Analysis.Normed.Group.Basic,mathlib
NavierStokes.VolterraAnalyticBounds,6,Mathlib.Data.EReal.Operations,mathlib
NavierStokes.VolterraAnalyticBounds,7,Mathlib.Topology.Algebra.InfiniteSum.Order,mathlib
NavierStokes.VolterraAnalyticBounds,8,Mathlib.Topology.MetricSpace.Bounded,mathlib
NavierStokes.VolterraAnalyticBounds,9,Mathlib.Tactic.FinCases,mathlib
NavierStokes.VolterraAnalyticBounds,10,Mathlib.Tactic.Positivity,mathlib
NavierStokes.VolterraAnalyticBounds,11,Mathlib.Tactic.Ring,mathlib
NavierStokes.VolterraAnalyticBounds,12,NavierStokes.AnalyticCoefficientBounds,in-tranche
NavierStokes.VolterraParity,1,NavierStokes.NilpotentVolterra,in-tranche
NavierStokes.VolterraParity,2,Mathlib.Topology.Piecewise,mathlib
NavierStokes.VolterraParity,3,Mathlib.Topology.Order.OrderClosed,mathlib
NavierStokes.VolterraRegularity,1,NavierStokes.NilpotentVolterra,in-tranche
NavierStokes.VolterraRegularity,2,NavierStokes.VolterraParity,in-tranche
NavierStokes.VolterraRegularity,3,NavierStokes.CauchyRestriction,in-tranche
NavierStokes.VolterraRegularity,4,NavierStokes.CompactSmoothFamily,in-tranche
NavierStokes.VolterraRegularity,5,Mathlib.Analysis.Calculus.ContDiff.Operations,mathlib
NavierStokes.VolterraRegularity,6,Mathlib.Analysis.Calculus.IteratedDeriv.Lemmas,mathlib
NavierStokes.WaveDataReindex,1,NavierStokes.PhysicalStageBounds,in-tranche
NavierStokes.WaveEdgeExtension,1,NavierStokes.PrimaryCopyBounds,in-tranche
NavierStokes.WaveEdgeExtension,2,NavierStokes.PhysicalClassBounds,in-tranche
NavierStokes.WaveEdgeExtension,3,NavierStokes.FlatZeroExtension,in-tranche
NavierStokes.WaveEdgeExtension,4,NavierStokes.VariableGaugeMean,in-tranche
NavierStokes.WaveEnvelopeTransport,1,NavierStokes.GaussianTailFlat,in-tranche
NavierStokes.WaveEnvelopeTransport,2,NavierStokes.CommonCoverClass,in-tranche
NavierStokes.WaveInteractionBounds,1,NavierStokes.WeightedClasses,in-tranche
NavierStokes.WaveInteractionBounds,2,NavierStokes.LinearWaveResidual,in-tranche
NavierStokes.WaveInteractionBounds,3,NavierStokes.PartitionedCovariance,in-tranche
NavierStokes.WaveInteractionBounds,4,NavierStokes.CurlClassBounds,in-tranche
NavierStokes.WaveStageContinuation,1,NavierStokes.MeanStageContinuation,in-tranche
NavierStokes.WaveStageContinuation,2,NavierStokes.LabelSupportPreservation,in-tranche
NavierStokes.WaveStageContinuation,3,NavierStokes.NativeBandExtension,in-tranche
NavierStokes.WaveStateRegularity,1,NavierStokes.GaugeDebtIncrement,in-tranche
NavierStokes.WaveStateRegularity,2,NavierStokes.ParametricFlatFactor,in-tranche
NavierStokes.WeightedClasses,1,NavierStokes.JetBounds,in-tranche
NavierStokes.WeightedClasses,2,Mathlib.Analysis.InnerProductSpace.PiL2,mathlib
NavierStokes.WeightedClasses,3,Mathlib.Tactic.Linarith,mathlib
NavierStokes.WeightedODEJets,1,NavierStokes.SmoothPathFamily,in-tranche
NavierStokes.WeightedODEJets,2,NavierStokes.ViscousPropagator,in-tranche
NavierStokes.WeightedODEJets,3,Mathlib.Data.List.OfFn,mathlib
NavierStokes.WeightedQuotients,1,NavierStokes.FlatCutoff,in-tranche
NavierStokes.WeightedQuotients,2,NavierStokes.FlatZeroExtension,in-tranche
NavierStokes.WeightedQuotients,3,Mathlib.Analysis.Calculus.ContDiff.Bounds,mathlib
NavierStokes.WeightedQuotients,4,Mathlib.Analysis.Calculus.IteratedDeriv.Lemmas,mathlib
NavierStokes.WeightedQuotients,5,Mathlib.Analysis.SpecialFunctions.Pow.Deriv,mathlib
NavierStokes.WeightedQuotients,6,Mathlib.Analysis.SpecialFunctions.Sqrt,mathlib
NavierStokes.WeightedRadialPrimitive,1,NavierStokes.FlatPrimitiveFactor,in-tranche
NavierStokes.WeightedRadialPrimitive,2,NavierStokes.ParametricFlatFactor,in-tranche
NavierStokes.WeightedRadialPrimitive,3,NavierStokes.UniformCone,in-tranche
NavierStokes.WeightedRadialPrimitive,4,NavierStokes.TransportPrimitive,in-tranche
NavierStokes.WeightedRadialPrimitive,5,NavierStokes.WeightedClasses,in-tranche
NavierStokes.WeightedRadialPrimitive,6,Mathlib.MeasureTheory.Integral.IntervalIntegral.IntegrationByParts,mathlib
NavierStokes.WeightedRadialPrimitive,7,Mathlib.Algebra.Order.Algebra,mathlib
NavierStokes.WeightedRadialPrimitive,8,Mathlib.Analysis.Normed.Group.Basic,mathlib
NavierStokes.WeightedRadialPrimitive,9,Mathlib.Analysis.Real.Sqrt,mathlib
NavierStokes.WeightedRadialPrimitive,10,Mathlib.Data.EReal.Inv,mathlib
NavierStokes.WeightedRadialPrimitive,11,Mathlib.Tactic.GCongr,mathlib
NavierStokes.WholeDomainActualStageBounds,1,NavierStokes.WholeDomainStageBounds,in-tranche
NavierStokes.WholeDomainActualStageBounds,2,NavierStokes.ActualCandidateAssembly,in-tranche
NavierStokes.WholeDomainBaseBounds,1,NavierStokes.WholeDomainHeatBounds,in-tranche
NavierStokes.WholeDomainBaseBounds,2,NavierStokes.ActualBaseVelocityBounds,in-tranche
NavierStokes.WholeDomainBaseBounds,3,NavierStokes.ActualBasePressureBounds,in-tranche
NavierStokes.WholeDomainCompactBounds,1,NavierStokes.JointResidualLimits,in-tranche
NavierStokes.WholeDomainCompactBounds,2,NavierStokes.DiagonalResidual,in-tranche
NavierStokes.WholeDomainCompactBounds,3,Mathlib.Analysis.SpecialFunctions.Pow.Continuity,mathlib
NavierStokes.WholeDomainHeatBounds,1,NavierStokes.WholeDomainHeatScaling,in-tranche
NavierStokes.WholeDomainHeatBounds,2,NavierStokes.WholeDomainHeatCompact,in-tranche
NavierStokes.WholeDomainHeatCompact,1,NavierStokes.WholeDomainHeatGeometry,in-tranche
NavierStokes.WholeDomainHeatGeometry,1,NavierStokes.WholeDomainPhysicalCompact,in-tranche
NavierStokes.WholeDomainHeatGeometry,2,NavierStokes.SlowBaseEndpoint,in-tranche
NavierStokes.WholeDomainHeatScaling,1,NavierStokes.WholeDomainHeatGeometry,in-tranche
NavierStokes.WholeDomainInitializationBounds,1,NavierStokes.WholeDomainActualStageBounds,in-tranche
NavierStokes.WholeDomainInitializationBounds,2,NavierStokes.SharpPhysicalLogBounds,in-tranche
NavierStokes.WholeDomainPhysicalCompact,1,NavierStokes.WholeDomainCompactBounds,in-tranche
NavierStokes.WholeDomainPhysicalCompact,2,NavierStokes.PhysicalStageBounds,in-tranche
NavierStokes.WholeDomainPhysicalStageTheorem,1,NavierStokes.WholeDomainBaseBounds,in-tranche
NavierStokes.WholeDomainPhysicalStageTheorem,2,NavierStokes.WholeDomainInitializationBounds,in-tranche
NavierStokes.WholeDomainPhysicalStageTheorem,3,NavierStokes.WholeDomainPrefixBounds,in-tranche
NavierStokes.WholeDomainPhysicalStageTheorem,4,NavierStokes.SharpParticularStageBounds,in-tranche
NavierStokes.WholeDomainPrefixBounds,1,NavierStokes.SharpPhysicalLogBounds,in-tranche
NavierStokes.WholeDomainPrefixBounds,2,NavierStokes.MixedFiniteBackground,in-tranche
NavierStokes.WholeDomainStageBounds,1,NavierStokes.WholeDomainPhysicalCompact,in-tranche
NavierStokes.WholeDomainStageBounds,2,NavierStokes.ActualCycleResidualBounds,in-tranche
NavierStokes.WholeDomainStageBounds,3,NavierStokes.PhysicalStageBounds,in-tranche
NavierStokes.WholeDomainStageBounds,4,NavierStokes.AnnularEndpoint,in-tranche
NavierStokes.WithinJointODE,1,NavierStokes.WithinPathFamily,in-tranche
NavierStokes.WithinJointODE,2,NavierStokes.JointODE,in-tranche
NavierStokes.WithinPathFamily,1,NavierStokes.SmoothPathFamily,in-tranche
NavierStokes.ZerothStressIdentity,1,NavierStokes.AssembledSlowBase,in-tranche
NavierStokes.ZerothStressIdentity,2,NavierStokes.LeadingStress,in-tranche
