"source","layer","code","severity","status","subject","subject label","object","object label","extra","message","fix"
"data/chemistry.wdkb","ontology","level-inst","error","needs-review","Q11344","chemical element","Q24017414","second-order class","","`instance of` whose value does not sit one metaclass level up","re-level one of the two items, or replace `instance of` by `subclass of`; level shifts affect the whole branch, so review by hand"
"data/chemistry.wdkb","ontology","level-inst","error","needs-review","Q11344","chemical element","Q17339814","group or class of chemical substances","","`instance of` whose value does not sit one metaclass level up","re-level one of the two items, or replace `instance of` by `subclass of`; level shifts affect the whole branch, so review by hand"
"data/chemistry.wdkb","ontology","level-inst","error","needs-review","Q11173","chemical compound","Q17339814","group or class of chemical substances","","`instance of` whose value does not sit one metaclass level up","re-level one of the two items, or replace `instance of` by `subclass of`; level shifts affect the whole branch, so review by hand"
"data/chemistry.wdkb","ontology","level-inst","error","needs-review","Q11173","chemical compound","Q24017414","second-order class","","`instance of` whose value does not sit one metaclass level up","re-level one of the two items, or replace `instance of` by `subclass of`; level shifts affect the whole branch, so review by hand"
"data/chemistry.wdkb","ontology","level-inst","error","needs-review","Q12136","disease","Q130459448","type of condition","","`instance of` whose value does not sit one metaclass level up","re-level one of the two items, or replace `instance of` by `subclass of`; level shifts affect the whole branch, so review by hand"
"data/chemistry.wdkb","ontology","level-inst","error","needs-review","Q12136","disease","Q104086571","first-order class","","`instance of` whose value does not sit one metaclass level up","re-level one of the two items, or replace `instance of` by `subclass of`; level shifts affect the whole branch, so review by hand"
"data/chemistry.wdkb","ontology","level-inst","error","needs-review","Q11367","lipid","Q74892521","imprecise class of chemical entities","","`instance of` whose value does not sit one metaclass level up","re-level one of the two items, or replace `instance of` by `subclass of`; level shifts affect the whole branch, so review by hand"
"data/chemistry.wdkb","ontology","level-inst","error","needs-review","Q578779","pure substance","Q17339814","group or class of chemical substances","","`instance of` whose value does not sit one metaclass level up","re-level one of the two items, or replace `instance of` by `subclass of`; level shifts affect the whole branch, so review by hand"
"data/chemistry.wdkb","ontology","level-inst","error","needs-review","Q17339814","group or class of chemical substances","Q23958852","variable-order class","","`instance of` whose value does not sit one metaclass level up","re-level one of the two items, or replace `instance of` by `subclass of`; level shifts affect the whole branch, so review by hand"
"data/chemistry.wdkb","ontology","level-inst","error","needs-review","Q24017414","second-order class","Q24017465","third-order class","","`instance of` whose value does not sit one metaclass level up","re-level one of the two items, or replace `instance of` by `subclass of`; level shifts affect the whole branch, so review by hand"
"data/chemistry.wdkb","ontology","level-inst","error","needs-review","Q2057971","health problem","Q130286945","type of problem","","`instance of` whose value does not sit one metaclass level up","re-level one of the two items, or replace `instance of` by `subclass of`; level shifts affect the whole branch, so review by hand"
"data/chemistry.wdkb","ontology","level-inst","error","needs-review","Q2996394","biological process","Q116505632","type of process","","`instance of` whose value does not sit one metaclass level up","re-level one of the two items, or replace `instance of` by `subclass of`; level shifts affect the whole branch, so review by hand"
"data/chemistry.wdkb","ontology","level-inst","error","needs-review","Q2996394","biological process","Q151885","concept","","`instance of` whose value does not sit one metaclass level up","re-level one of the two items, or replace `instance of` by `subclass of`; level shifts affect the whole branch, so review by hand"
"data/chemistry.wdkb","ontology","level-inst","error","needs-review","Q2438541","manner of death","Q104086571","first-order class","","`instance of` whose value does not sit one metaclass level up","re-level one of the two items, or replace `instance of` by `subclass of`; level shifts affect the whole branch, so review by hand"
"data/chemistry.wdkb","ontology","level-inst","error","needs-review","Q2438541","manner of death","Q5962346","classification scheme","","`instance of` whose value does not sit one metaclass level up","re-level one of the two items, or replace `instance of` by `subclass of`; level shifts affect the whole branch, so review by hand"
"data/chemistry.wdkb","ontology","level-inst","error","needs-review","Q130459448","type of condition","Q19478619","metaclass","","`instance of` whose value does not sit one metaclass level up","re-level one of the two items, or replace `instance of` by `subclass of`; level shifts affect the whole branch, so review by hand"
"data/chemistry.wdkb","ontology","level-inst","error","needs-review","Q130459448","type of condition","Q24017414","second-order class","","`instance of` whose value does not sit one metaclass level up","re-level one of the two items, or replace `instance of` by `subclass of`; level shifts affect the whole branch, so review by hand"
"data/chemistry.wdkb","ontology","level-inst","error","needs-review","Q104086571","first-order class","Q24017414","second-order class","","`instance of` whose value does not sit one metaclass level up","re-level one of the two items, or replace `instance of` by `subclass of`; level shifts affect the whole branch, so review by hand"
"data/chemistry.wdkb","ontology","level-inst","error","needs-review","Q174211","organic compound","Q47154513","structural class of chemical entities","","`instance of` whose value does not sit one metaclass level up","re-level one of the two items, or replace `instance of` by `subclass of`; level shifts affect the whole branch, so review by hand"
"data/chemistry.wdkb","ontology","level-inst","error","needs-review","Q23958852","variable-order class","Q23958852","variable-order class","","`instance of` whose value does not sit one metaclass level up","re-level one of the two items, or replace `instance of` by `subclass of`; level shifts affect the whole branch, so review by hand"
"data/chemistry.wdkb","ontology","level-inst","error","needs-review","Q24017465","third-order class","Q24027474","fourth-order class","","`instance of` whose value does not sit one metaclass level up","re-level one of the two items, or replace `instance of` by `subclass of`; level shifts affect the whole branch, so review by hand"
"data/chemistry.wdkb","ontology","level-inst","error","needs-review","Q7189713","physiological condition","Q130459448","type of condition","","`instance of` whose value does not sit one metaclass level up","re-level one of the two items, or replace `instance of` by `subclass of`; level shifts affect the whole branch, so review by hand"
"data/chemistry.wdkb","ontology","level-inst","error","needs-review","Q130286945","type of problem","Q19478619","metaclass","","`instance of` whose value does not sit one metaclass level up","re-level one of the two items, or replace `instance of` by `subclass of`; level shifts affect the whole branch, so review by hand"
"data/chemistry.wdkb","ontology","level-inst","error","needs-review","Q116505632","type of process","Q24017414","second-order class","","`instance of` whose value does not sit one metaclass level up","re-level one of the two items, or replace `instance of` by `subclass of`; level shifts affect the whole branch, so review by hand"
"data/chemistry.wdkb","ontology","level-inst","error","needs-review","Q5962346","classification scheme","Q23958852","variable-order class","","`instance of` whose value does not sit one metaclass level up","re-level one of the two items, or replace `instance of` by `subclass of`; level shifts affect the whole branch, so review by hand"
"data/chemistry.wdkb","ontology","level-inst","error","needs-review","Q96253971","type of property","Q19478619","metaclass","","`instance of` whose value does not sit one metaclass level up","re-level one of the two items, or replace `instance of` by `subclass of`; level shifts affect the whole branch, so review by hand"
"data/chemistry.wdkb","ontology","level-inst","error","needs-review","Q19478619","metaclass","Q151885","concept","","`instance of` whose value does not sit one metaclass level up","re-level one of the two items, or replace `instance of` by `subclass of`; level shifts affect the whole branch, so review by hand"
"data/chemistry.wdkb","ontology","level-inst","error","needs-review","Q19478619","metaclass","Q19868531","formal ontology concept","","`instance of` whose value does not sit one metaclass level up","re-level one of the two items, or replace `instance of` by `subclass of`; level shifts affect the whole branch, so review by hand"
"data/chemistry.wdkb","ontology","level-inst","error","needs-review","Q23959932","fixed-order class","Q23958852","variable-order class","","`instance of` whose value does not sit one metaclass level up","re-level one of the two items, or replace `instance of` by `subclass of`; level shifts affect the whole branch, so review by hand"
"data/chemistry.wdkb","ontology","level-inst","error","needs-review","Q16889133","class","Q19478619","metaclass","","`instance of` whose value does not sit one metaclass level up","re-level one of the two items, or replace `instance of` by `subclass of`; level shifts affect the whole branch, so review by hand"
"data/chemistry.wdkb","ontology","level-inst","error","needs-review","Q16889133","class","Q151885","concept","","`instance of` whose value does not sit one metaclass level up","re-level one of the two items, or replace `instance of` by `subclass of`; level shifts affect the whole branch, so review by hand"
"data/chemistry.wdkb","ontology","level-inst","error","needs-review","Q16889133","class","Q115490628","fundamental Wikidata entity","","`instance of` whose value does not sit one metaclass level up","re-level one of the two items, or replace `instance of` by `subclass of`; level shifts affect the whole branch, so review by hand"
"data/chemistry.wdkb","ontology","level-inst","error","needs-review","Q2901852","carbon compound","Q47154513","structural class of chemical entities","","`instance of` whose value does not sit one metaclass level up","re-level one of the two items, or replace `instance of` by `subclass of`; level shifts affect the whole branch, so review by hand"
"data/chemistry.wdkb","ontology","level-inst","error","needs-review","Q47154513","structural class of chemical entities","Q5962346","classification scheme","","`instance of` whose value does not sit one metaclass level up","re-level one of the two items, or replace `instance of` by `subclass of`; level shifts affect the whole branch, so review by hand"
"data/chemistry.wdkb","ontology","level-inst","error","needs-review","Q72070508","group or class of chemical entities","Q24017465","third-order class","","`instance of` whose value does not sit one metaclass level up","re-level one of the two items, or replace `instance of` by `subclass of`; level shifts affect the whole branch, so review by hand"
"data/core.wdkb","ontology","level-inst","error","needs-review","Q104054982","ontological root","Q24017414","second-order class","","`instance of` whose value does not sit one metaclass level up","re-level one of the two items, or replace `instance of` by `subclass of`; level shifts affect the whole branch, so review by hand"
"data/core.wdkb","ontology","level-inst","error","needs-review","Q23958946","individual entity","Q104086571","first-order class","","`instance of` whose value does not sit one metaclass level up","re-level one of the two items, or replace `instance of` by `subclass of`; level shifts affect the whole branch, so review by hand"
"data/core.wdkb","ontology","level-inst","error","needs-review","Q5127848","class","Q33104279","philosophical concept","","`instance of` whose value does not sit one metaclass level up","re-level one of the two items, or replace `instance of` by `subclass of`; level shifts affect the whole branch, so review by hand"
"data/core.wdkb","ontology","level-inst","error","needs-review","Q24027474","fourth-order class","Q24027515","fifth-order class","","`instance of` whose value does not sit one metaclass level up","re-level one of the two items, or replace `instance of` by `subclass of`; level shifts affect the whole branch, so review by hand"
"data/core.wdkb","ontology","level-inst","error","needs-review","Q132907471","individual item","Q104086571","first-order class","","`instance of` whose value does not sit one metaclass level up","re-level one of the two items, or replace `instance of` by `subclass of`; level shifts affect the whole branch, so review by hand"
"data/core.wdkb","ontology","level-inst","error","needs-review","Q32753077","Wikidata entity","Q19798651","wikibase data model possible value for a claim","","`instance of` whose value does not sit one metaclass level up","re-level one of the two items, or replace `instance of` by `subclass of`; level shifts affect the whole branch, so review by hand"
"data/core.wdkb","ontology","level-inst","error","needs-review","Q24027515","fifth-order class","Q24027526","fixed-order class of higher order","","`instance of` whose value does not sit one metaclass level up","re-level one of the two items, or replace `instance of` by `subclass of`; level shifts affect the whole branch, so review by hand"
"data/core.wdkb","ontology","level-inst","error","needs-review","Q1304193","node","Q77730568","graph theory term","","`instance of` whose value does not sit one metaclass level up","re-level one of the two items, or replace `instance of` by `subclass of`; level shifts affect the whole branch, so review by hand"
"data/core.wdkb","ontology","level-inst","error","needs-review","Q45025858","depicting object","Q96251598","type of object","","`instance of` whose value does not sit one metaclass level up","re-level one of the two items, or replace `instance of` by `subclass of`; level shifts affect the whole branch, so review by hand"
"data/core.wdkb","ontology","level-inst","error","needs-review","Q515","city","Q98966309","classification of human settlements","","`instance of` whose value does not sit one metaclass level up","re-level one of the two items, or replace `instance of` by `subclass of`; level shifts affect the whole branch, so review by hand"
"data/core.wdkb","ontology","level-inst","error","needs-review","Q515","city","Q137018865","type of place","","`instance of` whose value does not sit one metaclass level up","re-level one of the two items, or replace `instance of` by `subclass of`; level shifts affect the whole branch, so review by hand"
"data/core.wdkb","ontology","level-inst","error","needs-review","Q6256","country","Q15617994","administrative territorial entity type","","`instance of` whose value does not sit one metaclass level up","re-level one of the two items, or replace `instance of` by `subclass of`; level shifts affect the whole branch, so review by hand"
"data/core.wdkb","ontology","level-inst","error","needs-review","Q486972","human settlement","Q104086571","first-order class","","`instance of` whose value does not sit one metaclass level up","re-level one of the two items, or replace `instance of` by `subclass of`; level shifts affect the whole branch, so review by hand"
"data/core.wdkb","ontology","level-inst","error","needs-review","Q486972","human settlement","Q137018865","type of place","","`instance of` whose value does not sit one metaclass level up","re-level one of the two items, or replace `instance of` by `subclass of`; level shifts affect the whole branch, so review by hand"
"data/core.wdkb","ontology","level-inst","error","needs-review","Q82794","region","Q137022846","type of region","","`instance of` whose value does not sit one metaclass level up","re-level one of the two items, or replace `instance of` by `subclass of`; level shifts affect the whole branch, so review by hand"
"data/core.wdkb","ontology","level-inst","error","needs-review","Q2221906","geographic location","Q96253971","type of property","","`instance of` whose value does not sit one metaclass level up","re-level one of the two items, or replace `instance of` by `subclass of`; level shifts affect the whole branch, so review by hand"
"data/core.wdkb","ontology","level-inst","error","needs-review","Q2221906","geographic location","Q137015716","type of location","","`instance of` whose value does not sit one metaclass level up","re-level one of the two items, or replace `instance of` by `subclass of`; level shifts affect the whole branch, so review by hand"
"data/core.wdkb","ontology","level-inst","error","needs-review","Q64","Berlin","Q1901835","seat of government","","`instance of` whose value does not sit one metaclass level up","re-level one of the two items, or replace `instance of` by `subclass of`; level shifts affect the whole branch, so review by hand"
"data/core.wdkb","ontology","level-inst","error","needs-review","Q64","Berlin","Q200250","metropolis","","`instance of` whose value does not sit one metaclass level up","re-level one of the two items, or replace `instance of` by `subclass of`; level shifts affect the whole branch, so review by hand"
"data/core.wdkb","ontology","level-inst","error","needs-review","Q64","Berlin","Q15974307","Unitary municipality in Germany","","`instance of` whose value does not sit one metaclass level up","re-level one of the two items, or replace `instance of` by `subclass of`; level shifts affect the whole branch, so review by hand"
"data/core.wdkb","ontology","level-inst","error","needs-review","Q64","Berlin","Q42744322","urban municipality in Germany","","`instance of` whose value does not sit one metaclass level up","re-level one of the two items, or replace `instance of` by `subclass of`; level shifts affect the whole branch, so review by hand"
"data/core.wdkb","ontology","level-inst","error","needs-review","Q64","Berlin","Q133442","city-state","","`instance of` whose value does not sit one metaclass level up","re-level one of the two items, or replace `instance of` by `subclass of`; level shifts affect the whole branch, so review by hand"
"data/core.wdkb","ontology","level-inst","error","needs-review","Q64","Berlin","Q114401982","independent city in Berlin","","`instance of` whose value does not sit one metaclass level up","re-level one of the two items, or replace `instance of` by `subclass of`; level shifts affect the whole branch, so review by hand"
"data/core.wdkb","ontology","level-inst","error","needs-review","Q64","Berlin","Q51929311","largest city","","`instance of` whose value does not sit one metaclass level up","re-level one of the two items, or replace `instance of` by `subclass of`; level shifts affect the whole branch, so review by hand"
"data/core.wdkb","ontology","level-inst","error","needs-review","Q64","Berlin","Q1221156","federated state of Germany","","`instance of` whose value does not sit one metaclass level up","re-level one of the two items, or replace `instance of` by `subclass of`; level shifts affect the whole branch, so review by hand"
"data/core.wdkb","ontology","level-inst","error","needs-review","Q64","Berlin","Q257391","federal capital","","`instance of` whose value does not sit one metaclass level up","re-level one of the two items, or replace `instance of` by `subclass of`; level shifts affect the whole branch, so review by hand"
"data/core.wdkb","ontology","level-inst","error","needs-review","Q64","Berlin","Q707813","Hanseatic city","","`instance of` whose value does not sit one metaclass level up","re-level one of the two items, or replace `instance of` by `subclass of`; level shifts affect the whole branch, so review by hand"
"data/core.wdkb","ontology","level-inst","error","needs-review","Q64","Berlin","Q67123843","town divided by border","","`instance of` whose value does not sit one metaclass level up","re-level one of the two items, or replace `instance of` by `subclass of`; level shifts affect the whole branch, so review by hand"
"data/core.wdkb","ontology","level-inst","error","needs-review","Q90","Paris","Q484170","commune of France","","`instance of` whose value does not sit one metaclass level up","re-level one of the two items, or replace `instance of` by `subclass of`; level shifts affect the whole branch, so review by hand"
"data/core.wdkb","ontology","level-inst","error","needs-review","Q90","Paris","Q22923920","territorial collectivity of France with special status","","`instance of` whose value does not sit one metaclass level up","re-level one of the two items, or replace `instance of` by `subclass of`; level shifts affect the whole branch, so review by hand"
"data/core.wdkb","ontology","level-inst","error","needs-review","Q90","Paris","Q200250","metropolis","","`instance of` whose value does not sit one metaclass level up","re-level one of the two items, or replace `instance of` by `subclass of`; level shifts affect the whole branch, so review by hand"
"data/core.wdkb","ontology","level-inst","error","needs-review","Q90","Paris","Q1200957","tourist destination","","`instance of` whose value does not sit one metaclass level up","re-level one of the two items, or replace `instance of` by `subclass of`; level shifts affect the whole branch, so review by hand"
"data/core.wdkb","ontology","level-inst","error","needs-review","Q90","Paris","Q208511","global city","","`instance of` whose value does not sit one metaclass level up","re-level one of the two items, or replace `instance of` by `subclass of`; level shifts affect the whole branch, so review by hand"
"data/core.wdkb","ontology","level-inst","error","needs-review","Q90","Paris","Q174844","megacity","","`instance of` whose value does not sit one metaclass level up","re-level one of the two items, or replace `instance of` by `subclass of`; level shifts affect the whole branch, so review by hand"
"data/core.wdkb","ontology","level-inst","error","needs-review","Q90","Paris","Q51929311","largest city","","`instance of` whose value does not sit one metaclass level up","re-level one of the two items, or replace `instance of` by `subclass of`; level shifts affect the whole branch, so review by hand"
"data/core.wdkb","ontology","level-inst","error","needs-review","Q90","Paris","Q1187811","college town","","`instance of` whose value does not sit one metaclass level up","re-level one of the two items, or replace `instance of` by `subclass of`; level shifts affect the whole branch, so review by hand"
"data/core.wdkb","ontology","level-inst","error","needs-review","Q90","Paris","Q1549591","big city","","`instance of` whose value does not sit one metaclass level up","re-level one of the two items, or replace `instance of` by `subclass of`; level shifts affect the whole branch, so review by hand"
"data/core.wdkb","ontology","level-inst","error","needs-review","Q90","Paris","Q1422929","primate city","","`instance of` whose value does not sit one metaclass level up","re-level one of the two items, or replace `instance of` by `subclass of`; level shifts affect the whole branch, so review by hand"
"data/core.wdkb","ontology","level-inst","error","needs-review","Q90","Paris","Q108178728","national capital","","`instance of` whose value does not sit one metaclass level up","re-level one of the two items, or replace `instance of` by `subclass of`; level shifts affect the whole branch, so review by hand"
"data/core.wdkb","ontology","level-inst","error","needs-review","Q90","Paris","Q1066984","financial center","","`instance of` whose value does not sit one metaclass level up","re-level one of the two items, or replace `instance of` by `subclass of`; level shifts affect the whole branch, so review by hand"
"data/core.wdkb","ontology","level-inst","error","needs-review","Q90","Paris","Q11418818","commercial capital city","","`instance of` whose value does not sit one metaclass level up","re-level one of the two items, or replace `instance of` by `subclass of`; level shifts affect the whole branch, so review by hand"
"data/core.wdkb","ontology","level-inst","error","needs-review","Q90","Paris","Q134445478","cultural capital","","`instance of` whose value does not sit one metaclass level up","re-level one of the two items, or replace `instance of` by `subclass of`; level shifts affect the whole branch, so review by hand"
"data/core.wdkb","ontology","level-inst","error","needs-review","Q90","Paris","Q2240381","fashion capital","","`instance of` whose value does not sit one metaclass level up","re-level one of the two items, or replace `instance of` by `subclass of`; level shifts affect the whole branch, so review by hand"
"data/core.wdkb","ontology","level-inst","error","needs-review","Q30","United States","Q3624078","sovereign state","","`instance of` whose value does not sit one metaclass level up","re-level one of the two items, or replace `instance of` by `subclass of`; level shifts affect the whole branch, so review by hand"
"data/core.wdkb","ontology","level-inst","error","needs-review","Q30","United States","Q6256","country","","`instance of` whose value does not sit one metaclass level up","re-level one of the two items, or replace `instance of` by `subclass of`; level shifts affect the whole branch, so review by hand"
"data/core.wdkb","ontology","level-inst","error","needs-review","Q30","United States","Q99541706","historical unrecognized state","","`instance of` whose value does not sit one metaclass level up","re-level one of the two items, or replace `instance of` by `subclass of`; level shifts affect the whole branch, so review by hand"
"data/core.wdkb","ontology","level-inst","error","needs-review","Q30","United States","Q1520223","constitutional republic","","`instance of` whose value does not sit one metaclass level up","re-level one of the two items, or replace `instance of` by `subclass of`; level shifts affect the whole branch, so review by hand"
"data/core.wdkb","ontology","level-inst","error","needs-review","Q30","United States","Q5035794","capitalist state","","`instance of` whose value does not sit one metaclass level up","re-level one of the two items, or replace `instance of` by `subclass of`; level shifts affect the whole branch, so review by hand"
"data/core.wdkb","ontology","level-inst","error","needs-review","Q98966309","classification of human settlements","Q121344523","type of classification","","`instance of` whose value does not sit one metaclass level up","re-level one of the two items, or replace `instance of` by `subclass of`; level shifts affect the whole branch, so review by hand"
"data/core.wdkb","ontology","level-inst","error","needs-review","Q98966309","classification of human settlements","Q19478619","metaclass","","`instance of` whose value does not sit one metaclass level up","re-level one of the two items, or replace `instance of` by `subclass of`; level shifts affect the whole branch, so review by hand"
"data/core.wdkb","ontology","level-inst","error","needs-review","Q98966309","classification of human settlements","Q151885","concept","","`instance of` whose value does not sit one metaclass level up","re-level one of the two items, or replace `instance of` by `subclass of`; level shifts affect the whole branch, so review by hand"
"data/core.wdkb","ontology","level-inst","error","needs-review","Q4835091","territory","Q137022846","type of region","","`instance of` whose value does not sit one metaclass level up","re-level one of the two items, or replace `instance of` by `subclass of`; level shifts affect the whole branch, so review by hand"
"data/core.wdkb","ontology","level-inst","error","needs-review","Q7275","state","Q211606","social structure","","`instance of` whose value does not sit one metaclass level up","re-level one of the two items, or replace `instance of` by `subclass of`; level shifts affect the whole branch, so review by hand"
"data/core.wdkb","ontology","level-inst","error","needs-review","Q7275","state","Q15617994","administrative territorial entity type","","`instance of` whose value does not sit one metaclass level up","re-level one of the two items, or replace `instance of` by `subclass of`; level shifts affect the whole branch, so review by hand"
"data/core.wdkb","ontology","level-inst","error","needs-review","Q123964505","populated place","Q137018865","type of place","","`instance of` whose value does not sit one metaclass level up","re-level one of the two items, or replace `instance of` by `subclass of`; level shifts affect the whole branch, so review by hand"
"data/core.wdkb","ontology","level-inst","error","needs-review","Q137018865","type of place","Q24017414","second-order class","","`instance of` whose value does not sit one metaclass level up","re-level one of the two items, or replace `instance of` by `subclass of`; level shifts affect the whole branch, so review by hand"
"data/core.wdkb","ontology","level-inst","error","needs-review","Q137023128","region","Q23958852","variable-order class","","`instance of` whose value does not sit one metaclass level up","re-level one of the two items, or replace `instance of` by `subclass of`; level shifts affect the whole branch, so review by hand"
"data/core.wdkb","ontology","level-inst","error","needs-review","Q137023128","region","Q106573263","ambiguous label","","`instance of` whose value does not sit one metaclass level up","re-level one of the two items, or replace `instance of` by `subclass of`; level shifts affect the whole branch, so review by hand"
"data/core.wdkb","ontology","level-inst","error","needs-review","Q137023128","region","Q151885","concept","","`instance of` whose value does not sit one metaclass level up","re-level one of the two items, or replace `instance of` by `subclass of`; level shifts affect the whole branch, so review by hand"
"data/core.wdkb","ontology","level-inst","error","needs-review","Q98929991","place","Q137018865","type of place","","`instance of` whose value does not sit one metaclass level up","re-level one of the two items, or replace `instance of` by `subclass of`; level shifts affect the whole branch, so review by hand"
"data/core.wdkb","ontology","level-inst","error","needs-review","Q1901835","seat of government","Q33104069","political concept","","`instance of` whose value does not sit one metaclass level up","re-level one of the two items, or replace `instance of` by `subclass of`; level shifts affect the whole branch, so review by hand"
"data/core.wdkb","ontology","level-inst","error","needs-review","Q1221156","federated state of Germany","Q28872924","designation for an administrative territorial entity of a single country","","`instance of` whose value does not sit one metaclass level up","re-level one of the two items, or replace `instance of` by `subclass of`; level shifts affect the whole branch, so review by hand"
"data/core.wdkb","ontology","level-inst","error","needs-review","Q707813","Hanseatic city","Q17197366","type of organization","","`instance of` whose value does not sit one metaclass level up","re-level one of the two items, or replace `instance of` by `subclass of`; level shifts affect the whole branch, so review by hand"
"data/core.wdkb","ontology","level-inst","error","needs-review","Q484170","commune of France","Q20667921","type of French administrative division","","`instance of` whose value does not sit one metaclass level up","re-level one of the two items, or replace `instance of` by `subclass of`; level shifts affect the whole branch, so review by hand"
"data/core.wdkb","ontology","level-inst","error","needs-review","Q200250","metropolis","Q98966309","classification of human settlements","","`instance of` whose value does not sit one metaclass level up","re-level one of the two items, or replace `instance of` by `subclass of`; level shifts affect the whole branch, so review by hand"
"data/core.wdkb","ontology","level-inst","error","needs-review","Q1200957","tourist destination","Q29028649","economic concept","","`instance of` whose value does not sit one metaclass level up","re-level one of the two items, or replace `instance of` by `subclass of`; level shifts affect the whole branch, so review by hand"
"data/core.wdkb","ontology","level-inst","error","needs-review","Q174844","megacity","Q98966309","classification of human settlements","","`instance of` whose value does not sit one metaclass level up","re-level one of the two items, or replace `instance of` by `subclass of`; level shifts affect the whole branch, so review by hand"
"data/core.wdkb","ontology","level-inst","error","needs-review","Q51929311","largest city","Q1789452","criterion","","`instance of` whose value does not sit one metaclass level up","re-level one of the two items, or replace `instance of` by `subclass of`; level shifts affect the whole branch, so review by hand"
"data/core.wdkb","ontology","level-inst","error","needs-review","Q1549591","big city","Q98966309","classification of human settlements","","`instance of` whose value does not sit one metaclass level up","re-level one of the two items, or replace `instance of` by `subclass of`; level shifts affect the whole branch, so review by hand"
"data/core.wdkb","ontology","level-inst","error","needs-review","Q11418818","commercial capital city","Q1789452","criterion","","`instance of` whose value does not sit one metaclass level up","re-level one of the two items, or replace `instance of` by `subclass of`; level shifts affect the whole branch, so review by hand"
"data/core.wdkb","ontology","level-inst","error","needs-review","Q1520223","constitutional republic","Q183039","form of state","","`instance of` whose value does not sit one metaclass level up","re-level one of the two items, or replace `instance of` by `subclass of`; level shifts affect the whole branch, so review by hand"
"data/core.wdkb","ontology","level-inst","error","needs-review","Q1520223","constitutional republic","Q1307214","form of government","","`instance of` whose value does not sit one metaclass level up","re-level one of the two items, or replace `instance of` by `subclass of`; level shifts affect the whole branch, so review by hand"
"data/core.wdkb","ontology","level-inst","error","needs-review","Q5035794","capitalist state","Q1307214","form of government","","`instance of` whose value does not sit one metaclass level up","re-level one of the two items, or replace `instance of` by `subclass of`; level shifts affect the whole branch, so review by hand"
"data/core.wdkb","ontology","level-inst","error","needs-review","Q3257686","locality","Q137018865","type of place","","`instance of` whose value does not sit one metaclass level up","re-level one of the two items, or replace `instance of` by `subclass of`; level shifts affect the whole branch, so review by hand"
"data/core.wdkb","ontology","level-inst","error","needs-review","Q96196009","former or current state","Q15617994","administrative territorial entity type","","`instance of` whose value does not sit one metaclass level up","re-level one of the two items, or replace `instance of` by `subclass of`; level shifts affect the whole branch, so review by hand"
"data/core.wdkb","ontology","level-inst","error","needs-review","Q211606","social structure","Q111972893","type of structure","","`instance of` whose value does not sit one metaclass level up","re-level one of the two items, or replace `instance of` by `subclass of`; level shifts affect the whole branch, so review by hand"
"data/core.wdkb","ontology","level-inst","error","needs-review","Q211606","social structure","Q33104129","sociological concept","","`instance of` whose value does not sit one metaclass level up","re-level one of the two items, or replace `instance of` by `subclass of`; level shifts affect the whole branch, so review by hand"
"data/core.wdkb","ontology","level-inst","error","needs-review","Q17489659","group of works","Q138665581","type of set","","`instance of` whose value does not sit one metaclass level up","re-level one of the two items, or replace `instance of` by `subclass of`; level shifts affect the whole branch, so review by hand"
"data/core.wdkb","ontology","level-inst","error","needs-review","Q104098715","territorial entity type","Q24017414","second-order class","","`instance of` whose value does not sit one metaclass level up","re-level one of the two items, or replace `instance of` by `subclass of`; level shifts affect the whole branch, so review by hand"
"data/core.wdkb","ontology","level-inst","error","needs-review","Q618123","geographical feature","Q96251598","type of object","","`instance of` whose value does not sit one metaclass level up","re-level one of the two items, or replace `instance of` by `subclass of`; level shifts affect the whole branch, so review by hand"
"data/core.wdkb","ontology","level-inst","error","needs-review","Q33104069","political concept","Q137429456","type of concept","","`instance of` whose value does not sit one metaclass level up","re-level one of the two items, or replace `instance of` by `subclass of`; level shifts affect the whole branch, so review by hand"
"data/core.wdkb","ontology","level-inst","error","needs-review","Q22865","independent city of Germany","Q1418640","local government in Germany","","`instance of` whose value does not sit one metaclass level up","re-level one of the two items, or replace `instance of` by `subclass of`; level shifts affect the whole branch, so review by hand"
"data/core.wdkb","ontology","level-inst","error","needs-review","Q22865","independent city of Germany","Q41773366","NUTS 3 statistical territorial entity","","`instance of` whose value does not sit one metaclass level up","re-level one of the two items, or replace `instance of` by `subclass of`; level shifts affect the whole branch, so review by hand"
"data/core.wdkb","ontology","level-inst","error","needs-review","Q28872924","designation for an administrative territorial entity of a single country","Q24017414","second-order class","","`instance of` whose value does not sit one metaclass level up","re-level one of the two items, or replace `instance of` by `subclass of`; level shifts affect the whole branch, so review by hand"
"data/core.wdkb","ontology","level-inst","error","needs-review","Q3266850","commune","Q15617994","administrative territorial entity type","","`instance of` whose value does not sit one metaclass level up","re-level one of the two items, or replace `instance of` by `subclass of`; level shifts affect the whole branch, so review by hand"
"data/core.wdkb","ontology","level-inst","error","needs-review","Q11618417","LAU 2","Q16003513","NUTS (european administrative division classification) class","","`instance of` whose value does not sit one metaclass level up","re-level one of the two items, or replace `instance of` by `subclass of`; level shifts affect the whole branch, so review by hand"
"data/core.wdkb","ontology","level-inst","error","needs-review","Q583865","territorial collectivity of France","Q56427813","type of legal entity in France","","`instance of` whose value does not sit one metaclass level up","re-level one of the two items, or replace `instance of` by `subclass of`; level shifts affect the whole branch, so review by hand"
"data/core.wdkb","ontology","level-inst","error","needs-review","Q17334923","physical location","Q137015716","type of location","","`instance of` whose value does not sit one metaclass level up","re-level one of the two items, or replace `instance of` by `subclass of`; level shifts affect the whole branch, so review by hand"
"data/core.wdkb","ontology","level-inst","error","needs-review","Q1637706","million city","Q98966309","classification of human settlements","","`instance of` whose value does not sit one metaclass level up","re-level one of the two items, or replace `instance of` by `subclass of`; level shifts affect the whole branch, so review by hand"
"data/core.wdkb","ontology","level-inst","error","needs-review","Q125684839","economic capital city","Q1789452","criterion","","`instance of` whose value does not sit one metaclass level up","re-level one of the two items, or replace `instance of` by `subclass of`; level shifts affect the whole branch, so review by hand"
"data/core.wdkb","ontology","level-inst","error","needs-review","Q1789452","criterion","Q96253971","type of property","","`instance of` whose value does not sit one metaclass level up","re-level one of the two items, or replace `instance of` by `subclass of`; level shifts affect the whole branch, so review by hand"
"data/core.wdkb","ontology","level-inst","error","needs-review","Q6266","nation","Q33104069","political concept","","`instance of` whose value does not sit one metaclass level up","re-level one of the two items, or replace `instance of` by `subclass of`; level shifts affect the whole branch, so review by hand"
"data/core.wdkb","ontology","level-inst","error","needs-review","Q7270","republic","Q1307214","form of government","","`instance of` whose value does not sit one metaclass level up","re-level one of the two items, or replace `instance of` by `subclass of`; level shifts affect the whole branch, so review by hand"
"data/core.wdkb","ontology","level-inst","error","needs-review","Q1307214","form of government","Q19478619","metaclass","","`instance of` whose value does not sit one metaclass level up","re-level one of the two items, or replace `instance of` by `subclass of`; level shifts affect the whole branch, so review by hand"
"data/core.wdkb","ontology","level-inst","error","needs-review","Q7725634","literary work","Q133449656","type of work","","`instance of` whose value does not sit one metaclass level up","re-level one of the two items, or replace `instance of` by `subclass of`; level shifts affect the whole branch, so review by hand"
"data/core.wdkb","ontology","level-inst","error","needs-review","Q838948","work of art","Q151885","concept","","`instance of` whose value does not sit one metaclass level up","re-level one of the two items, or replace `instance of` by `subclass of`; level shifts affect the whole branch, so review by hand"
"data/core.wdkb","ontology","level-inst","error","needs-review","Q25169","The Hitchhiker's Guide to the Galaxy","Q17710986","literary pentalogy","","`instance of` whose value does not sit one metaclass level up","re-level one of the two items, or replace `instance of` by `subclass of`; level shifts affect the whole branch, so review by hand"
"data/core.wdkb","ontology","level-inst","error","needs-review","Q25169","The Hitchhiker's Guide to the Galaxy","Q1667921","novel series","","`instance of` whose value does not sit one metaclass level up","re-level one of the two items, or replace `instance of` by `subclass of`; level shifts affect the whole branch, so review by hand"
"data/core.wdkb","ontology","level-inst","error","needs-review","Q42","Douglas Adams","Q5","human","","`instance of` whose value does not sit one metaclass level up","re-level one of the two items, or replace `instance of` by `subclass of`; level shifts affect the whole branch, so review by hand"
"data/core.wdkb","ontology","level-inst","error","needs-review","Q732577","publication","Q138303935","type of information","","`instance of` whose value does not sit one metaclass level up","re-level one of the two items, or replace `instance of` by `subclass of`; level shifts affect the whole branch, so review by hand"
"data/core.wdkb","ontology","level-inst","error","needs-review","Q732577","publication","Q140311475","type of creative work","","`instance of` whose value does not sit one metaclass level up","re-level one of the two items, or replace `instance of` by `subclass of`; level shifts affect the whole branch, so review by hand"
"data/core.wdkb","ontology","level-inst","error","needs-review","Q340169","communications media","Q96251598","type of object","","`instance of` whose value does not sit one metaclass level up","re-level one of the two items, or replace `instance of` by `subclass of`; level shifts affect the whole branch, so review by hand"
"data/core.wdkb","ontology","level-inst","error","needs-review","Q39725049","type of publication","Q19478619","metaclass","","`instance of` whose value does not sit one metaclass level up","re-level one of the two items, or replace `instance of` by `subclass of`; level shifts affect the whole branch, so review by hand"
"data/core.wdkb","ontology","level-inst","error","needs-review","Q139243747","type of artifact","Q19478619","metaclass","","`instance of` whose value does not sit one metaclass level up","re-level one of the two items, or replace `instance of` by `subclass of`; level shifts affect the whole branch, so review by hand"
"data/core.wdkb","ontology","level-inst","error","needs-review","Q139243747","type of artifact","Q23958852","variable-order class","","`instance of` whose value does not sit one metaclass level up","re-level one of the two items, or replace `instance of` by `subclass of`; level shifts affect the whole branch, so review by hand"
"data/core.wdkb","ontology","level-inst","error","needs-review","Q116474095","type of work of art","Q19478619","metaclass","","`instance of` whose value does not sit one metaclass level up","re-level one of the two items, or replace `instance of` by `subclass of`; level shifts affect the whole branch, so review by hand"
"data/core.wdkb","ontology","level-inst","error","needs-review","Q194980","intangible good","Q137425179","type of good","","`instance of` whose value does not sit one metaclass level up","re-level one of the two items, or replace `instance of` by `subclass of`; level shifts affect the whole branch, so review by hand"
"data/core.wdkb","ontology","level-inst","error","needs-review","Q194980","intangible good","Q64513524","economic term","","`instance of` whose value does not sit one metaclass level up","re-level one of the two items, or replace `instance of` by `subclass of`; level shifts affect the whole branch, so review by hand"
"data/core.wdkb","ontology","level-inst","error","needs-review","Q37866906","information resource","Q135412187","resource type","","`instance of` whose value does not sit one metaclass level up","re-level one of the two items, or replace `instance of` by `subclass of`; level shifts affect the whole branch, so review by hand"
"data/core.wdkb","ontology","level-inst","error","needs-review","Q138303935","type of information","Q19478619","metaclass","","`instance of` whose value does not sit one metaclass level up","re-level one of the two items, or replace `instance of` by `subclass of`; level shifts affect the whole branch, so review by hand"
"data/core.wdkb","ontology","level-inst","error","needs-review","Q140311475","type of creative work","Q19478619","metaclass","","`instance of` whose value does not sit one metaclass level up","re-level one of the two items, or replace `instance of` by `subclass of`; level shifts affect the whole branch, so review by hand"
"data/core.wdkb","ontology","level-inst","error","needs-review","Q2617970","pentalogy","Q6630149","narrative form","","`instance of` whose value does not sit one metaclass level up","re-level one of the two items, or replace `instance of` by `subclass of`; level shifts affect the whole branch, so review by hand"
"data/core.wdkb","ontology","level-inst","error","needs-review","Q2617970","pentalogy","Q29428403","pentad","","`instance of` whose value does not sit one metaclass level up","re-level one of the two items, or replace `instance of` by `subclass of`; level shifts affect the whole branch, so review by hand"
"data/core.wdkb","ontology","level-inst","error","needs-review","Q277759","book series","Q140354053","type of series","","`instance of` whose value does not sit one metaclass level up","re-level one of the two items, or replace `instance of` by `subclass of`; level shifts affect the whole branch, so review by hand"
"data/core.wdkb","ontology","level-inst","error","needs-review","Q15980953","fiction series","Q140354053","type of series","","`instance of` whose value does not sit one metaclass level up","re-level one of the two items, or replace `instance of` by `subclass of`; level shifts affect the whole branch, so review by hand"
"data/core.wdkb","ontology","level-inst","error","needs-review","Q937","Albert Einstein","Q5","human","","`instance of` whose value does not sit one metaclass level up","re-level one of the two items, or replace `instance of` by `subclass of`; level shifts affect the whole branch, so review by hand"
"data/core.wdkb","ontology","level-inst","error","needs-review","Q1035","Charles Darwin","Q5","human","","`instance of` whose value does not sit one metaclass level up","re-level one of the two items, or replace `instance of` by `subclass of`; level shifts affect the whole branch, so review by hand"
"data/core.wdkb","ontology","level-inst","error","needs-review","Q7259","Ada Lovelace","Q5","human","","`instance of` whose value does not sit one metaclass level up","re-level one of the two items, or replace `instance of` by `subclass of`; level shifts affect the whole branch, so review by hand"
"data/core.wdkb","ontology","level-inst","error","needs-review","Q901","scientist","Q28640","profession","","`instance of` whose value does not sit one metaclass level up","re-level one of the two items, or replace `instance of` by `subclass of`; level shifts affect the whole branch, so review by hand"
"data/core.wdkb","ontology","level-inst","error","needs-review","Q901","scientist","Q4164871","position","","`instance of` whose value does not sit one metaclass level up","re-level one of the two items, or replace `instance of` by `subclass of`; level shifts affect the whole branch, so review by hand"
"data/core.wdkb","ontology","level-inst","error","needs-review","Q1650915","researcher","Q12737077","occupation","","`instance of` whose value does not sit one metaclass level up","re-level one of the two items, or replace `instance of` by `subclass of`; level shifts affect the whole branch, so review by hand"
"data/core.wdkb","ontology","level-inst","error","needs-review","Q20826540","scholar","Q12737077","occupation","","`instance of` whose value does not sit one metaclass level up","re-level one of the two items, or replace `instance of` by `subclass of`; level shifts affect the whole branch, so review by hand"
"data/core.wdkb","ontology","level-inst","error","needs-review","Q221173","outline of academic disciplines","Q26884324","Wikimedia outline article","","`instance of` whose value does not sit one metaclass level up","re-level one of the two items, or replace `instance of` by `subclass of`; level shifts affect the whole branch, so review by hand"
"data/core.wdkb","ontology","level-inst","error","needs-review","Q9471","epistemology","Q22811234","branch of philosophy","","`instance of` whose value does not sit one metaclass level up","re-level one of the two items, or replace `instance of` by `subclass of`; level shifts affect the whole branch, so review by hand"
"data/core.wdkb","ontology","level-inst","error","needs-review","Q9471","epistemology","Q138589449","core branches of philosophy","","`instance of` whose value does not sit one metaclass level up","re-level one of the two items, or replace `instance of` by `subclass of`; level shifts affect the whole branch, so review by hand"
"data/core.wdkb","ontology","level-inst","error","needs-review","Q42240","research","Q116505632","type of process","","`instance of` whose value does not sit one metaclass level up","re-level one of the two items, or replace `instance of` by `subclass of`; level shifts affect the whole branch, so review by hand"
"data/core.wdkb","ontology","level-inst","error","needs-review","Q154954","natural person","Q2135465","legal term or legal concept","","`instance of` whose value does not sit one metaclass level up","re-level one of the two items, or replace `instance of` by `subclass of`; level shifts affect the whole branch, so review by hand"
"data/core.wdkb","ontology","level-inst","error","needs-review","Q154954","natural person","Q10541491","legal form","","`instance of` whose value does not sit one metaclass level up","re-level one of the two items, or replace `instance of` by `subclass of`; level shifts affect the whole branch, so review by hand"
"data/core.wdkb","ontology","level-inst","error","needs-review","Q154954","natural person","Q134601860","class of person","","`instance of` whose value does not sit one metaclass level up","re-level one of the two items, or replace `instance of` by `subclass of`; level shifts affect the whole branch, so review by hand"
"data/core.wdkb","ontology","level-inst","error","needs-review","Q154954","natural person","Q111360549","type of physical object","","`instance of` whose value does not sit one metaclass level up","re-level one of the two items, or replace `instance of` by `subclass of`; level shifts affect the whole branch, so review by hand"
"data/core.wdkb","ontology","level-inst","error","needs-review","Q5891007","anatomically modern human","Q134264207","class of human","","`instance of` whose value does not sit one metaclass level up","re-level one of the two items, or replace `instance of` by `subclass of`; level shifts affect the whole branch, so review by hand"
"data/core.wdkb","ontology","level-inst","error","needs-review","Q5891007","anatomically modern human","Q55983715","organisms known by a particular common name","","`instance of` whose value does not sit one metaclass level up","re-level one of the two items, or replace `instance of` by `subclass of`; level shifts affect the whole branch, so review by hand"
"data/core.wdkb","ontology","level-inst","error","needs-review","Q66666685","academic professional","Q28640","profession","","`instance of` whose value does not sit one metaclass level up","re-level one of the two items, or replace `instance of` by `subclass of`; level shifts affect the whole branch, so review by hand"
"data/core.wdkb","ontology","level-inst","error","needs-review","Q121344523","type of classification","Q23958852","variable-order class","","`instance of` whose value does not sit one metaclass level up","re-level one of the two items, or replace `instance of` by `subclass of`; level shifts affect the whole branch, so review by hand"
"data/core.wdkb","ontology","level-inst","error","needs-review","Q121344523","type of classification","Q19478619","metaclass","","`instance of` whose value does not sit one metaclass level up","re-level one of the two items, or replace `instance of` by `subclass of`; level shifts affect the whole branch, so review by hand"
"data/core.wdkb","ontology","level-inst","error","needs-review","Q3622126","conceptual system","Q96116695","type of system","","`instance of` whose value does not sit one metaclass level up","re-level one of the two items, or replace `instance of` by `subclass of`; level shifts affect the whole branch, so review by hand"
"data/core.wdkb","ontology","level-inst","error","needs-review","Q2166096","theoretical philosophy","Q22811234","branch of philosophy","","`instance of` whose value does not sit one metaclass level up","re-level one of the two items, or replace `instance of` by `subclass of`; level shifts affect the whole branch, so review by hand"
"data/core.wdkb","ontology","level-inst","error","needs-review","Q5891","philosophy","Q11862829","academic discipline","","`instance of` whose value does not sit one metaclass level up","re-level one of the two items, or replace `instance of` by `subclass of`; level shifts affect the whole branch, so review by hand"
"data/core.wdkb","ontology","level-inst","error","needs-review","Q5891","philosophy","Q4671286","academic major","","`instance of` whose value does not sit one metaclass level up","re-level one of the two items, or replace `instance of` by `subclass of`; level shifts affect the whole branch, so review by hand"
"data/core.wdkb","ontology","level-inst","error","needs-review","Q5891","philosophy","Q2465832","branch of science","","`instance of` whose value does not sit one metaclass level up","re-level one of the two items, or replace `instance of` by `subclass of`; level shifts affect the whole branch, so review by hand"
"data/core.wdkb","ontology","level-inst","error","needs-review","Q5891","philosophy","Q627436","field of work","","`instance of` whose value does not sit one metaclass level up","re-level one of the two items, or replace `instance of` by `subclass of`; level shifts affect the whole branch, so review by hand"
"data/core.wdkb","ontology","level-inst","error","needs-review","Q5891","philosophy","Q483394","genre","","`instance of` whose value does not sit one metaclass level up","re-level one of the two items, or replace `instance of` by `subclass of`; level shifts affect the whole branch, so review by hand"
"data/core.wdkb","ontology","level-inst","error","needs-review","Q22811234","branch of philosophy","Q109542218","class of parts","","`instance of` whose value does not sit one metaclass level up","re-level one of the two items, or replace `instance of` by `subclass of`; level shifts affect the whole branch, so review by hand"
"data/core.wdkb","ontology","level-inst","error","needs-review","Q22811234","branch of philosophy","Q5962346","classification scheme","","`instance of` whose value does not sit one metaclass level up","re-level one of the two items, or replace `instance of` by `subclass of`; level shifts affect the whole branch, so review by hand"
"data/core.wdkb","ontology","level-inst","error","needs-review","Q21004260","inquiry","Q1047113","field of study","","`instance of` whose value does not sit one metaclass level up","re-level one of the two items, or replace `instance of` by `subclass of`; level shifts affect the whole branch, so review by hand"
"data/core.wdkb","ontology","level-inst","error","needs-review","Q117460485","education and research","Q125542526","type of activity","","`instance of` whose value does not sit one metaclass level up","re-level one of the two items, or replace `instance of` by `subclass of`; level shifts affect the whole branch, so review by hand"
"data/core.wdkb","ontology","level-inst","error","needs-review","Q451967","intentional human activity","Q125542526","type of activity","","`instance of` whose value does not sit one metaclass level up","re-level one of the two items, or replace `instance of` by `subclass of`; level shifts affect the whole branch, so review by hand"
"data/core.wdkb","ontology","level-inst","error","needs-review","Q131544427","mental activity","Q125542526","type of activity","","`instance of` whose value does not sit one metaclass level up","re-level one of the two items, or replace `instance of` by `subclass of`; level shifts affect the whole branch, so review by hand"
"data/core.wdkb","ontology","level-inst","error","needs-review","Q7397","software","Q63981612","product category","","`instance of` whose value does not sit one metaclass level up","re-level one of the two items, or replace `instance of` by `subclass of`; level shifts affect the whole branch, so review by hand"
"data/core.wdkb","ontology","level-inst","error","needs-review","Q7397","software","Q123588392","type of tool","","`instance of` whose value does not sit one metaclass level up","re-level one of the two items, or replace `instance of` by `subclass of`; level shifts affect the whole branch, so review by hand"
"data/core.wdkb","ontology","level-inst","error","needs-review","Q9143","programming language","Q66747126","computer science term","","`instance of` whose value does not sit one metaclass level up","re-level one of the two items, or replace `instance of` by `subclass of`; level shifts affect the whole branch, so review by hand"
"data/core.wdkb","ontology","level-inst","error","needs-review","Q9143","programming language","Q137527772","type of computer language","","`instance of` whose value does not sit one metaclass level up","re-level one of the two items, or replace `instance of` by `subclass of`; level shifts affect the whole branch, so review by hand"
"data/core.wdkb","ontology","level-inst","error","needs-review","Q28865","Python","Q899523","object-based language","","`instance of` whose value does not sit one metaclass level up","re-level one of the two items, or replace `instance of` by `subclass of`; level shifts affect the whole branch, so review by hand"
"data/core.wdkb","ontology","level-inst","error","needs-review","Q28865","Python","Q1268980","dynamic programming language","","`instance of` whose value does not sit one metaclass level up","re-level one of the two items, or replace `instance of` by `subclass of`; level shifts affect the whole branch, so review by hand"
"data/core.wdkb","ontology","level-inst","error","needs-review","Q28865","Python","Q3839507","functional programming language","","`instance of` whose value does not sit one metaclass level up","re-level one of the two items, or replace `instance of` by `subclass of`; level shifts affect the whole branch, so review by hand"
"data/core.wdkb","ontology","level-inst","error","needs-review","Q28865","Python","Q187432","scripting language","","`instance of` whose value does not sit one metaclass level up","re-level one of the two items, or replace `instance of` by `subclass of`; level shifts affect the whole branch, so review by hand"
"data/core.wdkb","ontology","level-inst","error","needs-review","Q28865","Python","Q12772052","multi-paradigm programming language","","`instance of` whose value does not sit one metaclass level up","re-level one of the two items, or replace `instance of` by `subclass of`; level shifts affect the whole branch, so review by hand"
"data/core.wdkb","ontology","level-inst","error","needs-review","Q28865","Python","Q21562092","imperative programming language","","`instance of` whose value does not sit one metaclass level up","re-level one of the two items, or replace `instance of` by `subclass of`; level shifts affect the whole branch, so review by hand"
"data/core.wdkb","ontology","level-inst","error","needs-review","Q28865","Python","Q1993334","interpreted language","","`instance of` whose value does not sit one metaclass level up","re-level one of the two items, or replace `instance of` by `subclass of`; level shifts affect the whole branch, so review by hand"
"data/core.wdkb","ontology","level-inst","error","needs-review","Q28865","Python","Q211496","high-level programming language","","`instance of` whose value does not sit one metaclass level up","re-level one of the two items, or replace `instance of` by `subclass of`; level shifts affect the whole branch, so review by hand"
"data/core.wdkb","ontology","level-inst","error","needs-review","Q28865","Python","Q9143","programming language","","`instance of` whose value does not sit one metaclass level up","re-level one of the two items, or replace `instance of` by `subclass of`; level shifts affect the whole branch, so review by hand"
"data/core.wdkb","ontology","level-inst","error","needs-review","Q28865","Python","Q1004415","run-time system","","`instance of` whose value does not sit one metaclass level up","re-level one of the two items, or replace `instance of` by `subclass of`; level shifts affect the whole branch, so review by hand"
"data/core.wdkb","ontology","level-inst","error","needs-review","Q28865","Python","Q50843083","off-side rule language","","`instance of` whose value does not sit one metaclass level up","re-level one of the two items, or replace `instance of` by `subclass of`; level shifts affect the whole branch, so review by hand"
"data/core.wdkb","ontology","level-inst","error","needs-review","Q28865","Python","Q28923017","strict programming language","","`instance of` whose value does not sit one metaclass level up","re-level one of the two items, or replace `instance of` by `subclass of`; level shifts affect the whole branch, so review by hand"
"data/core.wdkb","ontology","level-inst","error","needs-review","Q28865","Python","Q1130645","open-source software","","`instance of` whose value does not sit one metaclass level up","re-level one of the two items, or replace `instance of` by `subclass of`; level shifts affect the whole branch, so review by hand"
"data/core.wdkb","ontology","level-inst","error","needs-review","Q28865","Python","Q7397","software","","`instance of` whose value does not sit one metaclass level up","re-level one of the two items, or replace `instance of` by `subclass of`; level shifts affect the whole branch, so review by hand"
"data/core.wdkb","ontology","level-inst","error","needs-review","Q11660","artificial intelligence","Q123370638","branch of computer science","","`instance of` whose value does not sit one metaclass level up","re-level one of the two items, or replace `instance of` by `subclass of`; level shifts affect the whole branch, so review by hand"
"data/core.wdkb","ontology","level-inst","error","needs-review","Q80006","computer programming","Q11862829","academic discipline","","`instance of` whose value does not sit one metaclass level up","re-level one of the two items, or replace `instance of` by `subclass of`; level shifts affect the whole branch, so review by hand"
"data/core.wdkb","ontology","level-inst","error","needs-review","Q80006","computer programming","Q4671286","academic major","","`instance of` whose value does not sit one metaclass level up","re-level one of the two items, or replace `instance of` by `subclass of`; level shifts affect the whole branch, so review by hand"
"data/core.wdkb","ontology","level-inst","error","needs-review","Q80006","computer programming","Q66747126","computer science term","","`instance of` whose value does not sit one metaclass level up","re-level one of the two items, or replace `instance of` by `subclass of`; level shifts affect the whole branch, so review by hand"
"data/core.wdkb","ontology","level-inst","error","needs-review","Q17537576","creative work","Q133449656","type of work","","`instance of` whose value does not sit one metaclass level up","re-level one of the two items, or replace `instance of` by `subclass of`; level shifts affect the whole branch, so review by hand"
"data/core.wdkb","ontology","level-inst","error","needs-review","Q47461344","written work","Q133449656","type of work","","`instance of` whose value does not sit one metaclass level up","re-level one of the two items, or replace `instance of` by `subclass of`; level shifts affect the whole branch, so review by hand"
"data/core.wdkb","ontology","level-inst","error","needs-review","Q12774177","means","Q106411346","characterization","","`instance of` whose value does not sit one metaclass level up","re-level one of the two items, or replace `instance of` by `subclass of`; level shifts affect the whole branch, so review by hand"
"data/core.wdkb","ontology","level-inst","error","needs-review","Q123588392","type of tool","Q19478619","metaclass","","`instance of` whose value does not sit one metaclass level up","re-level one of the two items, or replace `instance of` by `subclass of`; level shifts affect the whole branch, so review by hand"
"data/core.wdkb","ontology","level-inst","error","needs-review","Q11019","machine","Q104086571","first-order class","","`instance of` whose value does not sit one metaclass level up","re-level one of the two items, or replace `instance of` by `subclass of`; level shifts affect the whole branch, so review by hand"
"data/core.wdkb","ontology","level-inst","error","needs-review","Q11019","machine","Q96116695","type of system","","`instance of` whose value does not sit one metaclass level up","re-level one of the two items, or replace `instance of` by `subclass of`; level shifts affect the whole branch, so review by hand"
"data/core.wdkb","ontology","level-inst","error","needs-review","Q137527772","type of computer language","Q24017414","second-order class","","`instance of` whose value does not sit one metaclass level up","re-level one of the two items, or replace `instance of` by `subclass of`; level shifts affect the whole branch, so review by hand"
"data/core.wdkb","ontology","level-inst","error","needs-review","Q899523","object-based language","Q116481801","type of programming language","","`instance of` whose value does not sit one metaclass level up","re-level one of the two items, or replace `instance of` by `subclass of`; level shifts affect the whole branch, so review by hand"
"data/core.wdkb","ontology","level-inst","error","needs-review","Q3839507","functional programming language","Q116481801","type of programming language","","`instance of` whose value does not sit one metaclass level up","re-level one of the two items, or replace `instance of` by `subclass of`; level shifts affect the whole branch, so review by hand"
"data/core.wdkb","ontology","level-inst","error","needs-review","Q3839507","functional programming language","Q11862829","academic discipline","","`instance of` whose value does not sit one metaclass level up","re-level one of the two items, or replace `instance of` by `subclass of`; level shifts affect the whole branch, so review by hand"
"data/core.wdkb","ontology","level-inst","error","needs-review","Q3839507","functional programming language","Q1047113","field of study","","`instance of` whose value does not sit one metaclass level up","re-level one of the two items, or replace `instance of` by `subclass of`; level shifts affect the whole branch, so review by hand"
"data/core.wdkb","ontology","level-inst","error","needs-review","Q3839507","functional programming language","Q2267705","field of study","","`instance of` whose value does not sit one metaclass level up","re-level one of the two items, or replace `instance of` by `subclass of`; level shifts affect the whole branch, so review by hand"
"data/core.wdkb","ontology","level-inst","error","needs-review","Q187432","scripting language","Q116481801","type of programming language","","`instance of` whose value does not sit one metaclass level up","re-level one of the two items, or replace `instance of` by `subclass of`; level shifts affect the whole branch, so review by hand"
"data/core.wdkb","ontology","level-inst","error","needs-review","Q12772052","multi-paradigm programming language","Q116481801","type of programming language","","`instance of` whose value does not sit one metaclass level up","re-level one of the two items, or replace `instance of` by `subclass of`; level shifts affect the whole branch, so review by hand"
"data/core.wdkb","ontology","level-inst","error","needs-review","Q21562092","imperative programming language","Q116481801","type of programming language","","`instance of` whose value does not sit one metaclass level up","re-level one of the two items, or replace `instance of` by `subclass of`; level shifts affect the whole branch, so review by hand"
"data/core.wdkb","ontology","level-inst","error","needs-review","Q1993334","interpreted language","Q116481801","type of programming language","","`instance of` whose value does not sit one metaclass level up","re-level one of the two items, or replace `instance of` by `subclass of`; level shifts affect the whole branch, so review by hand"
"data/core.wdkb","ontology","level-inst","error","needs-review","Q211496","high-level programming language","Q116481801","type of programming language","","`instance of` whose value does not sit one metaclass level up","re-level one of the two items, or replace `instance of` by `subclass of`; level shifts affect the whole branch, so review by hand"
"data/core.wdkb","ontology","level-inst","error","needs-review","Q1004415","run-time system","Q1200992","abstraction layer","","`instance of` whose value does not sit one metaclass level up","re-level one of the two items, or replace `instance of` by `subclass of`; level shifts affect the whole branch, so review by hand"
"data/core.wdkb","ontology","level-inst","error","needs-review","Q1004415","run-time system","Q96116695","type of system","","`instance of` whose value does not sit one metaclass level up","re-level one of the two items, or replace `instance of` by `subclass of`; level shifts affect the whole branch, so review by hand"
"data/core.wdkb","ontology","level-inst","error","needs-review","Q120208","emerging technology","Q112057532","type of technology","","`instance of` whose value does not sit one metaclass level up","re-level one of the two items, or replace `instance of` by `subclass of`; level shifts affect the whole branch, so review by hand"
"data/core.wdkb","ontology","level-inst","error","needs-review","Q112057532","type of technology","Q19478619","metaclass","","`instance of` whose value does not sit one metaclass level up","re-level one of the two items, or replace `instance of` by `subclass of`; level shifts affect the whole branch, so review by hand"
"data/core.wdkb","ontology","level-inst","error","needs-review","Q123370638","branch of computer science","Q24017414","second-order class","","`instance of` whose value does not sit one metaclass level up","re-level one of the two items, or replace `instance of` by `subclass of`; level shifts affect the whole branch, so review by hand"
"data/core.wdkb","ontology","level-inst","error","needs-review","Q125161275","type of intelligence","Q19478619","metaclass","","`instance of` whose value does not sit one metaclass level up","re-level one of the two items, or replace `instance of` by `subclass of`; level shifts affect the whole branch, so review by hand"
"data/core.wdkb","ontology","level-inst","error","needs-review","Q205961","skill","Q110403031","knowledge type","","`instance of` whose value does not sit one metaclass level up","re-level one of the two items, or replace `instance of` by `subclass of`; level shifts affect the whole branch, so review by hand"
"data/core.wdkb","ontology","level-inst","error","needs-review","Q66747126","computer science term","Q137426749","type of term","","`instance of` whose value does not sit one metaclass level up","re-level one of the two items, or replace `instance of` by `subclass of`; level shifts affect the whole branch, so review by hand"
"data/core.wdkb","ontology","level-inst","error","needs-review","Q66747126","computer science term","Q137429456","type of concept","","`instance of` whose value does not sit one metaclass level up","re-level one of the two items, or replace `instance of` by `subclass of`; level shifts affect the whole branch, so review by hand"
"data/core.wdkb","ontology","level-inst","error","needs-review","Q133449656","type of work","Q19478619","metaclass","","`instance of` whose value does not sit one metaclass level up","re-level one of the two items, or replace `instance of` by `subclass of`; level shifts affect the whole branch, so review by hand"
"data/core.wdkb","ontology","level-inst","error","needs-review","Q994895","technical system","Q96116695","type of system","","`instance of` whose value does not sit one metaclass level up","re-level one of the two items, or replace `instance of` by `subclass of`; level shifts affect the whole branch, so review by hand"
"data/core.wdkb","ontology","level-inst","error","needs-review","Q115095765","location","Q104086571","first-order class","","`instance of` whose value does not sit one metaclass level up","re-level one of the two items, or replace `instance of` by `subclass of`; level shifts affect the whole branch, so review by hand"
"data/core.wdkb","ontology","level-inst","error","needs-review","Q121182","information system","Q96116695","type of system","","`instance of` whose value does not sit one metaclass level up","re-level one of the two items, or replace `instance of` by `subclass of`; level shifts affect the whole branch, so review by hand"
"data/core.wdkb","ontology","level-inst","error","needs-review","Q1183543","device","Q96251598","type of object","","`instance of` whose value does not sit one metaclass level up","re-level one of the two items, or replace `instance of` by `subclass of`; level shifts affect the whole branch, so review by hand"
"data/core.wdkb","ontology","level-inst","error","needs-review","Q192161","formal language","Q66664364","linguistic term","","`instance of` whose value does not sit one metaclass level up","re-level one of the two items, or replace `instance of` by `subclass of`; level shifts affect the whole branch, so review by hand"
"data/core.wdkb","ontology","level-inst","error","needs-review","Q192161","formal language","Q66747126","computer science term","","`instance of` whose value does not sit one metaclass level up","re-level one of the two items, or replace `instance of` by `subclass of`; level shifts affect the whole branch, so review by hand"
"data/core.wdkb","ontology","level-inst","error","needs-review","Q192161","formal language","Q20829075","type of language","","`instance of` whose value does not sit one metaclass level up","re-level one of the two items, or replace `instance of` by `subclass of`; level shifts affect the whole branch, so review by hand"
"data/core.wdkb","ontology","level-inst","error","needs-review","Q20829075","type of language","Q19478619","metaclass","","`instance of` whose value does not sit one metaclass level up","re-level one of the two items, or replace `instance of` by `subclass of`; level shifts affect the whole branch, so review by hand"
"data/core.wdkb","ontology","level-inst","error","needs-review","Q116481801","type of programming language","Q19478619","metaclass","","`instance of` whose value does not sit one metaclass level up","re-level one of the two items, or replace `instance of` by `subclass of`; level shifts affect the whole branch, so review by hand"
"data/core.wdkb","ontology","level-inst","error","needs-review","Q1200992","abstraction layer","Q16889133","class","","`instance of` whose value does not sit one metaclass level up","re-level one of the two items, or replace `instance of` by `subclass of`; level shifts affect the whole branch, so review by hand"
"data/core.wdkb","ontology","level-inst","error","needs-review","Q816264","formal science","Q2465832","branch of science","","`instance of` whose value does not sit one metaclass level up","re-level one of the two items, or replace `instance of` by `subclass of`; level shifts affect the whole branch, so review by hand"
"data/core.wdkb","ontology","level-inst","error","needs-review","Q11016","technology","Q11862829","academic discipline","","`instance of` whose value does not sit one metaclass level up","re-level one of the two items, or replace `instance of` by `subclass of`; level shifts affect the whole branch, so review by hand"
"data/core.wdkb","ontology","level-inst","error","needs-review","Q1799072","method","Q1047113","field of study","","`instance of` whose value does not sit one metaclass level up","re-level one of the two items, or replace `instance of` by `subclass of`; level shifts affect the whole branch, so review by hand"
"data/core.wdkb","ontology","level-inst","error","needs-review","Q1799072","method","Q2267705","field of study","","`instance of` whose value does not sit one metaclass level up","re-level one of the two items, or replace `instance of` by `subclass of`; level shifts affect the whole branch, so review by hand"
"data/core.wdkb","ontology","level-inst","error","needs-review","Q9081","knowledge","Q33104279","philosophical concept","","`instance of` whose value does not sit one metaclass level up","re-level one of the two items, or replace `instance of` by `subclass of`; level shifts affect the whole branch, so review by hand"
"data/core.wdkb","ontology","level-inst","error","needs-review","Q999234","scientific term","Q19478619","metaclass","","`instance of` whose value does not sit one metaclass level up","re-level one of the two items, or replace `instance of` by `subclass of`; level shifts affect the whole branch, so review by hand"
"data/core.wdkb","ontology","level-inst","error","needs-review","Q137426749","type of term","Q24017414","second-order class","","`instance of` whose value does not sit one metaclass level up","re-level one of the two items, or replace `instance of` by `subclass of`; level shifts affect the whole branch, so review by hand"
"data/core.wdkb","ontology","level-inst","error","needs-review","Q395","mathematics","Q11862829","academic discipline","","`instance of` whose value does not sit one metaclass level up","re-level one of the two items, or replace `instance of` by `subclass of`; level shifts affect the whole branch, so review by hand"
"data/core.wdkb","ontology","level-inst","error","needs-review","Q395","mathematics","Q4671286","academic major","","`instance of` whose value does not sit one metaclass level up","re-level one of the two items, or replace `instance of` by `subclass of`; level shifts affect the whole branch, so review by hand"
"data/core.wdkb","ontology","level-inst","error","needs-review","Q11348","function","Q24034552","mathematical concept","","`instance of` whose value does not sit one metaclass level up","re-level one of the two items, or replace `instance of` by `subclass of`; level shifts affect the whole branch, so review by hand"
"data/core.wdkb","ontology","level-inst","error","needs-review","Q12503","integer","Q47460393","type of number","","`instance of` whose value does not sit one metaclass level up","re-level one of the two items, or replace `instance of` by `subclass of`; level shifts affect the whole branch, so review by hand"
"data/core.wdkb","ontology","level-inst","error","needs-review","Q1936384","branch of mathematics","Q24017414","second-order class","","`instance of` whose value does not sit one metaclass level up","re-level one of the two items, or replace `instance of` by `subclass of`; level shifts affect the whole branch, so review by hand"
"data/core.wdkb","ontology","level-inst","error","needs-review","Q1936384","branch of mathematics","Q5962346","classification scheme","","`instance of` whose value does not sit one metaclass level up","re-level one of the two items, or replace `instance of` by `subclass of`; level shifts affect the whole branch, so review by hand"
"data/core.wdkb","ontology","level-inst","error","needs-review","Q1936384","branch of mathematics","Q109542218","class of parts","","`instance of` whose value does not sit one metaclass level up","re-level one of the two items, or replace `instance of` by `subclass of`; level shifts affect the whole branch, so review by hand"
"data/core.wdkb","ontology","level-inst","error","needs-review","Q108163","proposition","Q33104279","philosophical concept","","`instance of` whose value does not sit one metaclass level up","re-level one of the two items, or replace `instance of` by `subclass of`; level shifts affect the whole branch, so review by hand"
"data/core.wdkb","ontology","level-inst","error","needs-review","Q20665666","conclusion","Q12812139","specialized term","","`instance of` whose value does not sit one metaclass level up","re-level one of the two items, or replace `instance of` by `subclass of`; level shifts affect the whole branch, so review by hand"
"data/core.wdkb","ontology","level-inst","error","needs-review","Q20665666","conclusion","Q21481766","scholarly chapter","","`instance of` whose value does not sit one metaclass level up","re-level one of the two items, or replace `instance of` by `subclass of`; level shifts affect the whole branch, so review by hand"
"data/core.wdkb","ontology","level-inst","error","needs-review","Q130901","binary relation","Q130324710","type of relation","","`instance of` whose value does not sit one metaclass level up","re-level one of the two items, or replace `instance of` by `subclass of`; level shifts affect the whole branch, so review by hand"
"data/core.wdkb","ontology","level-inst","error","needs-review","Q24034552","mathematical concept","Q23958852","variable-order class","","`instance of` whose value does not sit one metaclass level up","re-level one of the two items, or replace `instance of` by `subclass of`; level shifts affect the whole branch, so review by hand"
"data/core.wdkb","ontology","level-inst","error","needs-review","Q24034552","mathematical concept","Q137429456","type of concept","","`instance of` whose value does not sit one metaclass level up","re-level one of the two items, or replace `instance of` by `subclass of`; level shifts affect the whole branch, so review by hand"
"data/core.wdkb","ontology","level-inst","error","needs-review","Q8424307","number with finite decimal representation","Q47460393","type of number","","`instance of` whose value does not sit one metaclass level up","re-level one of the two items, or replace `instance of` by `subclass of`; level shifts affect the whole branch, so review by hand"
"data/core.wdkb","ontology","level-inst","error","needs-review","Q11862829","academic discipline","Q110402867","knowledge classification","","`instance of` whose value does not sit one metaclass level up","re-level one of the two items, or replace `instance of` by `subclass of`; level shifts affect the whole branch, so review by hand"
"data/core.wdkb","ontology","level-inst","error","needs-review","Q2465832","branch of science","Q110402867","knowledge classification","","`instance of` whose value does not sit one metaclass level up","re-level one of the two items, or replace `instance of` by `subclass of`; level shifts affect the whole branch, so review by hand"
"data/core.wdkb","ontology","level-inst","error","needs-review","Q336","science","Q11862829","academic discipline","","`instance of` whose value does not sit one metaclass level up","re-level one of the two items, or replace `instance of` by `subclass of`; level shifts affect the whole branch, so review by hand"
"data/core.wdkb","ontology","level-inst","error","needs-review","Q336","science","Q8027727","Wissenschaft","","`instance of` whose value does not sit one metaclass level up","re-level one of the two items, or replace `instance of` by `subclass of`; level shifts affect the whole branch, so review by hand"
"data/core.wdkb","ontology","level-inst","error","needs-review","Q131841","idea","Q96251598","type of object","","`instance of` whose value does not sit one metaclass level up","re-level one of the two items, or replace `instance of` by `subclass of`; level shifts affect the whole branch, so review by hand"
"data/core.wdkb","ontology","level-inst","error","needs-review","Q33104279","philosophical concept","Q137429456","type of concept","","`instance of` whose value does not sit one metaclass level up","re-level one of the two items, or replace `instance of` by `subclass of`; level shifts affect the whole branch, so review by hand"
"data/core.wdkb","ontology","level-inst","error","needs-review","Q130324710","type of relation","Q19478619","metaclass","","`instance of` whose value does not sit one metaclass level up","re-level one of the two items, or replace `instance of` by `subclass of`; level shifts affect the whole branch, so review by hand"
"data/core.wdkb","ontology","level-inst","error","needs-review","Q1244890","rational number","Q47460393","type of number","","`instance of` whose value does not sit one metaclass level up","re-level one of the two items, or replace `instance of` by `subclass of`; level shifts affect the whole branch, so review by hand"
"data/core.wdkb","ontology","level-inst","error","needs-review","Q311627","p-adic number","Q47460393","type of number","","`instance of` whose value does not sit one metaclass level up","re-level one of the two items, or replace `instance of` by `subclass of`; level shifts affect the whole branch, so review by hand"
"data/core.wdkb","ontology","level-inst","error","needs-review","Q246672","mathematical object","Q96251598","type of object","","`instance of` whose value does not sit one metaclass level up","re-level one of the two items, or replace `instance of` by `subclass of`; level shifts affect the whole branch, so review by hand"
"data/core.wdkb","ontology","level-inst","error","needs-review","Q246672","mathematical object","Q24034552","mathematical concept","","`instance of` whose value does not sit one metaclass level up","re-level one of the two items, or replace `instance of` by `subclass of`; level shifts affect the whole branch, so review by hand"
"data/core.wdkb","ontology","level-inst","error","needs-review","Q246672","mathematical object","Q106411346","characterization","","`instance of` whose value does not sit one metaclass level up","re-level one of the two items, or replace `instance of` by `subclass of`; level shifts affect the whole branch, so review by hand"
"data/core.wdkb","ontology","level-inst","error","needs-review","Q7239","organism","Q111360549","type of physical object","","`instance of` whose value does not sit one metaclass level up","re-level one of the two items, or replace `instance of` by `subclass of`; level shifts affect the whole branch, so review by hand"
"data/core.wdkb","ontology","level-inst","error","needs-review","Q16521","taxon","Q24017414","second-order class","","`instance of` whose value does not sit one metaclass level up","re-level one of the two items, or replace `instance of` by `subclass of`; level shifts affect the whole branch, so review by hand"
"data/core.wdkb","ontology","level-inst","error","needs-review","Q16521","taxon","Q115949945","scientific concept","","`instance of` whose value does not sit one metaclass level up","re-level one of the two items, or replace `instance of` by `subclass of`; level shifts affect the whole branch, so review by hand"
"data/core.wdkb","ontology","level-inst","error","needs-review","Q729","animal","Q16521","taxon","","`instance of` whose value does not sit one metaclass level up","re-level one of the two items, or replace `instance of` by `subclass of`; level shifts affect the whole branch, so review by hand"
"data/core.wdkb","ontology","level-inst","error","needs-review","Q729","animal","Q104086571","first-order class","","`instance of` whose value does not sit one metaclass level up","re-level one of the two items, or replace `instance of` by `subclass of`; level shifts affect the whole branch, so review by hand"
"data/core.wdkb","ontology","level-inst","error","needs-review","Q729","animal","Q55983715","organisms known by a particular common name","","`instance of` whose value does not sit one metaclass level up","re-level one of the two items, or replace `instance of` by `subclass of`; level shifts affect the whole branch, so review by hand"
"data/core.wdkb","ontology","level-inst","error","needs-review","Q756","plant","Q16521","taxon","","`instance of` whose value does not sit one metaclass level up","re-level one of the two items, or replace `instance of` by `subclass of`; level shifts affect the whole branch, so review by hand"
"data/core.wdkb","ontology","level-inst","error","needs-review","Q7187","gene","Q111972893","type of structure","","`instance of` whose value does not sit one metaclass level up","re-level one of the two items, or replace `instance of` by `subclass of`; level shifts affect the whole branch, so review by hand"
"data/core.wdkb","ontology","level-inst","error","needs-review","Q8054","protein","Q47154513","structural class of chemical entities","","`instance of` whose value does not sit one metaclass level up","re-level one of the two items, or replace `instance of` by `subclass of`; level shifts affect the whole branch, so review by hand"
"data/core.wdkb","ontology","level-inst","error","needs-review","Q8054","protein","Q24017414","second-order class","","`instance of` whose value does not sit one metaclass level up","re-level one of the two items, or replace `instance of` by `subclass of`; level shifts affect the whole branch, so review by hand"
"data/core.wdkb","ontology","level-inst","error","needs-review","Q66394244","physical anatomical entity","Q104007623","anatomical entity class type","","`instance of` whose value does not sit one metaclass level up","re-level one of the two items, or replace `instance of` by `subclass of`; level shifts affect the whole branch, so review by hand"
"data/core.wdkb","ontology","level-inst","error","needs-review","Q223557","physical object","Q96251598","type of object","","`instance of` whose value does not sit one metaclass level up","re-level one of the two items, or replace `instance of` by `subclass of`; level shifts affect the whole branch, so review by hand"
"data/core.wdkb","ontology","level-inst","error","needs-review","Q223557","physical object","Q104086571","first-order class","","`instance of` whose value does not sit one metaclass level up","re-level one of the two items, or replace `instance of` by `subclass of`; level shifts affect the whole branch, so review by hand"
"data/core.wdkb","ontology","level-inst","error","needs-review","Q223557","physical object","Q124711104","BFO class","","`instance of` whose value does not sit one metaclass level up","re-level one of the two items, or replace `instance of` by `subclass of`; level shifts affect the whole branch, so review by hand"
"data/core.wdkb","ontology","level-inst","error","needs-review","Q111360549","type of physical object","Q19478619","metaclass","","`instance of` whose value does not sit one metaclass level up","re-level one of the two items, or replace `instance of` by `subclass of`; level shifts affect the whole branch, so review by hand"
"data/core.wdkb","ontology","level-inst","error","needs-review","Q21871294","group or class of living things","Q24017414","second-order class","","`instance of` whose value does not sit one metaclass level up","re-level one of the two items, or replace `instance of` by `subclass of`; level shifts affect the whole branch, so review by hand"
"data/core.wdkb","ontology","level-inst","error","needs-review","Q115949945","scientific concept","Q137429456","type of concept","","`instance of` whose value does not sit one metaclass level up","re-level one of the two items, or replace `instance of` by `subclass of`; level shifts affect the whole branch, so review by hand"
"data/core.wdkb","ontology","level-inst","error","needs-review","Q159344","heterotroph","Q56575300","ecological concept","","`instance of` whose value does not sit one metaclass level up","re-level one of the two items, or replace `instance of` by `subclass of`; level shifts affect the whole branch, so review by hand"
"data/core.wdkb","ontology","level-inst","error","needs-review","Q55983715","organisms known by a particular common name","Q19478619","metaclass","","`instance of` whose value does not sit one metaclass level up","re-level one of the two items, or replace `instance of` by `subclass of`; level shifts affect the whole branch, so review by hand"
"data/core.wdkb","ontology","level-inst","error","needs-review","Q111972893","type of structure","Q23958852","variable-order class","","`instance of` whose value does not sit one metaclass level up","re-level one of the two items, or replace `instance of` by `subclass of`; level shifts affect the whole branch, so review by hand"
"data/core.wdkb","ontology","level-inst","error","needs-review","Q422649","biopolymer","Q56256178","class of chemical entities with similar source or occurrence","","`instance of` whose value does not sit one metaclass level up","re-level one of the two items, or replace `instance of` by `subclass of`; level shifts affect the whole branch, so review by hand"
"data/core.wdkb","ontology","level-inst","error","needs-review","Q422649","biopolymer","Q24017414","second-order class","","`instance of` whose value does not sit one metaclass level up","re-level one of the two items, or replace `instance of` by `subclass of`; level shifts affect the whole branch, so review by hand"
"data/core.wdkb","ontology","level-inst","error","needs-review","Q3084232","polypeptide","Q47154513","structural class of chemical entities","","`instance of` whose value does not sit one metaclass level up","re-level one of the two items, or replace `instance of` by `subclass of`; level shifts affect the whole branch, so review by hand"
"data/core.wdkb","ontology","level-inst","error","needs-review","Q27043950","anatomical entity","Q104054982","ontological root","","`instance of` whose value does not sit one metaclass level up","re-level one of the two items, or replace `instance of` by `subclass of`; level shifts affect the whole branch, so review by hand"
"data/core.wdkb","ontology","level-inst","error","needs-review","Q104007623","anatomical entity class type","Q103997018","direct anatomical metaclass","","`instance of` whose value does not sit one metaclass level up","re-level one of the two items, or replace `instance of` by `subclass of`; level shifts affect the whole branch, so review by hand"
"data/core.wdkb","ontology","level-inst","error","needs-review","Q104007623","anatomical entity class type","Q24017414","second-order class","","`instance of` whose value does not sit one metaclass level up","re-level one of the two items, or replace `instance of` by `subclass of`; level shifts affect the whole branch, so review by hand"
"data/core.wdkb","ontology","level-inst","error","needs-review","Q53617407","material entity","Q124711104","BFO class","","`instance of` whose value does not sit one metaclass level up","re-level one of the two items, or replace `instance of` by `subclass of`; level shifts affect the whole branch, so review by hand"
"data/core.wdkb","ontology","level-inst","error","needs-review","Q4406616","concrete object","Q96251598","type of object","","`instance of` whose value does not sit one metaclass level up","re-level one of the two items, or replace `instance of` by `subclass of`; level shifts affect the whole branch, so review by hand"
"data/core.wdkb","ontology","level-inst","error","needs-review","Q4406616","concrete object","Q104086571","first-order class","","`instance of` whose value does not sit one metaclass level up","re-level one of the two items, or replace `instance of` by `subclass of`; level shifts affect the whole branch, so review by hand"
"data/core.wdkb","ontology","level-inst","error","needs-review","Q4406616","concrete object","Q33104279","philosophical concept","","`instance of` whose value does not sit one metaclass level up","re-level one of the two items, or replace `instance of` by `subclass of`; level shifts affect the whole branch, so review by hand"
"data/core.wdkb","ontology","level-inst","error","needs-review","Q100724091","physics term","Q19478619","metaclass","","`instance of` whose value does not sit one metaclass level up","re-level one of the two items, or replace `instance of` by `subclass of`; level shifts affect the whole branch, so review by hand"
"data/core.wdkb","ontology","level-inst","error","needs-review","Q100724091","physics term","Q137426749","type of term","","`instance of` whose value does not sit one metaclass level up","re-level one of the two items, or replace `instance of` by `subclass of`; level shifts affect the whole branch, so review by hand"
"data/core.wdkb","ontology","level-inst","error","needs-review","Q53617489","independent continuant","Q124711104","BFO class","","`instance of` whose value does not sit one metaclass level up","re-level one of the two items, or replace `instance of` by `subclass of`; level shifts affect the whole branch, so review by hand"
"data/core.wdkb","ontology","level-inst","error","needs-review","Q98119401","group or class of physical objects","Q23958852","variable-order class","","`instance of` whose value does not sit one metaclass level up","re-level one of the two items, or replace `instance of` by `subclass of`; level shifts affect the whole branch, so review by hand"
"data/core.wdkb","ontology","level-inst","error","needs-review","Q56575300","ecological concept","Q137429456","type of concept","","`instance of` whose value does not sit one metaclass level up","re-level one of the two items, or replace `instance of` by `subclass of`; level shifts affect the whole branch, so review by hand"
"data/core.wdkb","ontology","level-inst","error","needs-review","Q15710813","physical structure","Q111972893","type of structure","","`instance of` whose value does not sit one metaclass level up","re-level one of the two items, or replace `instance of` by `subclass of`; level shifts affect the whole branch, so review by hand"
"data/core.wdkb","ontology","level-inst","error","needs-review","Q55568967","biological structure","Q111972893","type of structure","","`instance of` whose value does not sit one metaclass level up","re-level one of the two items, or replace `instance of` by `subclass of`; level shifts affect the whole branch, so review by hand"
"data/core.wdkb","ontology","level-inst","error","needs-review","Q81163","polymer","Q17339814","group or class of chemical substances","","`instance of` whose value does not sit one metaclass level up","re-level one of the two items, or replace `instance of` by `subclass of`; level shifts affect the whole branch, so review by hand"
"data/core.wdkb","ontology","level-inst","error","needs-review","Q56256178","class of chemical entities with similar source or occurrence","Q5962346","classification scheme","","`instance of` whose value does not sit one metaclass level up","re-level one of the two items, or replace `instance of` by `subclass of`; level shifts affect the whole branch, so review by hand"
"data/core.wdkb","ontology","level-inst","error","needs-review","Q11369","molecule","Q72070508","group or class of chemical entities","","`instance of` whose value does not sit one metaclass level up","re-level one of the two items, or replace `instance of` by `subclass of`; level shifts affect the whole branch, so review by hand"
"data/core.wdkb","ontology","level-inst","error","needs-review","Q172847","peptide","Q47154513","structural class of chemical entities","","`instance of` whose value does not sit one metaclass level up","re-level one of the two items, or replace `instance of` by `subclass of`; level shifts affect the whole branch, so review by hand"
"data/core.wdkb","ontology","level-inst","error","needs-review","Q178593","macromolecule","Q72070508","group or class of chemical entities","","`instance of` whose value does not sit one metaclass level up","re-level one of the two items, or replace `instance of` by `subclass of`; level shifts affect the whole branch, so review by hand"
"data/core.wdkb","ontology","level-inst","error","needs-review","Q206229","biomolecule","Q56256178","class of chemical entities with similar source or occurrence","","`instance of` whose value does not sit one metaclass level up","re-level one of the two items, or replace `instance of` by `subclass of`; level shifts affect the whole branch, so review by hand"
"data/core.wdkb","ontology","level-inst","error","needs-review","Q43229","organization","Q134602570","class of being","","`instance of` whose value does not sit one metaclass level up","re-level one of the two items, or replace `instance of` by `subclass of`; level shifts affect the whole branch, so review by hand"
"data/core.wdkb","ontology","level-inst","error","needs-review","Q43229","organization","Q151885","concept","","`instance of` whose value does not sit one metaclass level up","re-level one of the two items, or replace `instance of` by `subclass of`; level shifts affect the whole branch, so review by hand"
"data/core.wdkb","ontology","level-inst","error","needs-review","Q43229","organization","Q96116695","type of system","","`instance of` whose value does not sit one metaclass level up","re-level one of the two items, or replace `instance of` by `subclass of`; level shifts affect the whole branch, so review by hand"
"data/core.wdkb","ontology","level-inst","error","needs-review","Q4830453","business","Q2135465","legal term or legal concept","","`instance of` whose value does not sit one metaclass level up","re-level one of the two items, or replace `instance of` by `subclass of`; level shifts affect the whole branch, so review by hand"
"data/core.wdkb","ontology","level-inst","error","needs-review","Q4830453","business","Q1047113","field of study","","`instance of` whose value does not sit one metaclass level up","re-level one of the two items, or replace `instance of` by `subclass of`; level shifts affect the whole branch, so review by hand"
"data/core.wdkb","ontology","level-inst","error","needs-review","Q4830453","business","Q17197366","type of organization","","`instance of` whose value does not sit one metaclass level up","re-level one of the two items, or replace `instance of` by `subclass of`; level shifts affect the whole branch, so review by hand"
"data/core.wdkb","ontology","level-inst","error","needs-review","Q3918","university","Q112872396","type of educational institution","","`instance of` whose value does not sit one metaclass level up","re-level one of the two items, or replace `instance of` by `subclass of`; level shifts affect the whole branch, so review by hand"
"data/core.wdkb","ontology","level-inst","error","needs-review","Q7278","political party","Q2135465","legal term or legal concept","","`instance of` whose value does not sit one metaclass level up","re-level one of the two items, or replace `instance of` by `subclass of`; level shifts affect the whole branch, so review by hand"
"data/core.wdkb","ontology","level-inst","error","needs-review","Q7278","political party","Q10541491","legal form","","`instance of` whose value does not sit one metaclass level up","re-level one of the two items, or replace `instance of` by `subclass of`; level shifts affect the whole branch, so review by hand"
"data/core.wdkb","ontology","level-inst","error","needs-review","Q28640","profession","Q19478619","metaclass","","`instance of` whose value does not sit one metaclass level up","re-level one of the two items, or replace `instance of` by `subclass of`; level shifts affect the whole branch, so review by hand"
"data/core.wdkb","ontology","level-inst","error","needs-review","Q28640","profession","Q24017414","second-order class","","`instance of` whose value does not sit one metaclass level up","re-level one of the two items, or replace `instance of` by `subclass of`; level shifts affect the whole branch, so review by hand"
"data/core.wdkb","ontology","level-inst","error","needs-review","Q1639378","social system","Q96116695","type of system","","`instance of` whose value does not sit one metaclass level up","re-level one of the two items, or replace `instance of` by `subclass of`; level shifts affect the whole branch, so review by hand"
"data/core.wdkb","ontology","level-inst","error","needs-review","Q854457","complex system","Q96116695","type of system","","`instance of` whose value does not sit one metaclass level up","re-level one of the two items, or replace `instance of` by `subclass of`; level shifts affect the whole branch, so review by hand"
"data/core.wdkb","ontology","level-inst","error","needs-review","Q131085629","collective agent","Q96251598","type of object","","`instance of` whose value does not sit one metaclass level up","re-level one of the two items, or replace `instance of` by `subclass of`; level shifts affect the whole branch, so review by hand"
"data/core.wdkb","ontology","level-inst","error","needs-review","Q134602570","class of being","Q19478619","metaclass","","`instance of` whose value does not sit one metaclass level up","re-level one of the two items, or replace `instance of` by `subclass of`; level shifts affect the whole branch, so review by hand"
"data/core.wdkb","ontology","level-inst","error","needs-review","Q96116695","type of system","Q23958852","variable-order class","","`instance of` whose value does not sit one metaclass level up","re-level one of the two items, or replace `instance of` by `subclass of`; level shifts affect the whole branch, so review by hand"
"data/core.wdkb","ontology","level-inst","error","needs-review","Q17197366","type of organization","Q24017414","second-order class","","`instance of` whose value does not sit one metaclass level up","re-level one of the two items, or replace `instance of` by `subclass of`; level shifts affect the whole branch, so review by hand"
"data/core.wdkb","ontology","level-inst","error","needs-review","Q38723","higher education institution","Q112872396","type of educational institution","","`instance of` whose value does not sit one metaclass level up","re-level one of the two items, or replace `instance of` by `subclass of`; level shifts affect the whole branch, so review by hand"
"data/core.wdkb","ontology","level-inst","error","needs-review","Q4671277","academic institution","Q117023459","type of institution","","`instance of` whose value does not sit one metaclass level up","re-level one of the two items, or replace `instance of` by `subclass of`; level shifts affect the whole branch, so review by hand"
"data/core.wdkb","ontology","level-inst","error","needs-review","Q123349660","geolocatable entity","Q96251598","type of object","","`instance of` whose value does not sit one metaclass level up","re-level one of the two items, or replace `instance of` by `subclass of`; level shifts affect the whole branch, so review by hand"
"data/core.wdkb","ontology","level-inst","error","needs-review","Q112872396","type of educational institution","Q19478619","metaclass","","`instance of` whose value does not sit one metaclass level up","re-level one of the two items, or replace `instance of` by `subclass of`; level shifts affect the whole branch, so review by hand"
"data/core.wdkb","ontology","level-inst","error","needs-review","Q155076","juridical person","Q2135465","legal term or legal concept","","`instance of` whose value does not sit one metaclass level up","re-level one of the two items, or replace `instance of` by `subclass of`; level shifts affect the whole branch, so review by hand"
"data/core.wdkb","ontology","level-inst","error","needs-review","Q155076","juridical person","Q931483","legal fiction","","`instance of` whose value does not sit one metaclass level up","re-level one of the two items, or replace `instance of` by `subclass of`; level shifts affect the whole branch, so review by hand"
"data/core.wdkb","ontology","level-inst","error","needs-review","Q155076","juridical person","Q1269299","type of business entity","","`instance of` whose value does not sit one metaclass level up","re-level one of the two items, or replace `instance of` by `subclass of`; level shifts affect the whole branch, so review by hand"
"data/core.wdkb","ontology","level-inst","error","needs-review","Q155076","juridical person","Q10541491","legal form","","`instance of` whose value does not sit one metaclass level up","re-level one of the two items, or replace `instance of` by `subclass of`; level shifts affect the whole branch, so review by hand"
"data/core.wdkb","ontology","level-inst","error","needs-review","Q7210356","political organization","Q17197366","type of organization","","`instance of` whose value does not sit one metaclass level up","re-level one of the two items, or replace `instance of` by `subclass of`; level shifts affect the whole branch, so review by hand"
"data/core.wdkb","ontology","level-inst","error","needs-review","Q2135465","legal term or legal concept","Q137429456","type of concept","","`instance of` whose value does not sit one metaclass level up","re-level one of the two items, or replace `instance of` by `subclass of`; level shifts affect the whole branch, so review by hand"
"data/core.wdkb","ontology","level-inst","error","needs-review","Q2659904","government organization","Q17197366","type of organization","","`instance of` whose value does not sit one metaclass level up","re-level one of the two items, or replace `instance of` by `subclass of`; level shifts affect the whole branch, so review by hand"
"data/core.wdkb","ontology","level-inst","error","needs-review","Q2659904","government organization","Q10541491","legal form","","`instance of` whose value does not sit one metaclass level up","re-level one of the two items, or replace `instance of` by `subclass of`; level shifts affect the whole branch, so review by hand"
"data/core.wdkb","ontology","level-inst","error","needs-review","Q10541491","legal form","Q24017414","second-order class","","`instance of` whose value does not sit one metaclass level up","re-level one of the two items, or replace `instance of` by `subclass of`; level shifts affect the whole branch, so review by hand"
"data/core.wdkb","ontology","level-inst","error","needs-review","Q12737077","occupation","Q23958852","variable-order class","","`instance of` whose value does not sit one metaclass level up","re-level one of the two items, or replace `instance of` by `subclass of`; level shifts affect the whole branch, so review by hand"
"data/core.wdkb","ontology","level-inst","error","needs-review","Q12737077","occupation","Q151885","concept","","`instance of` whose value does not sit one metaclass level up","re-level one of the two items, or replace `instance of` by `subclass of`; level shifts affect the whole branch, so review by hand"
"data/core.wdkb","ontology","level-inst","error","needs-review","Q12737077","occupation","Q937228","property","","`instance of` whose value does not sit one metaclass level up","re-level one of the two items, or replace `instance of` by `subclass of`; level shifts affect the whole branch, so review by hand"
"data/core.wdkb","ontology","level-inst","error","needs-review","Q12737077","occupation","Q106411346","characterization","","`instance of` whose value does not sit one metaclass level up","re-level one of the two items, or replace `instance of` by `subclass of`; level shifts affect the whole branch, so review by hand"
"data/core.wdkb","ontology","level-inst","error","needs-review","Q24229398","being","Q96251598","type of object","","`instance of` whose value does not sit one metaclass level up","re-level one of the two items, or replace `instance of` by `subclass of`; level shifts affect the whole branch, so review by hand"
"data/core.wdkb","ontology","level-inst","error","needs-review","Q488383","object","Q23958852","variable-order class","","`instance of` whose value does not sit one metaclass level up","re-level one of the two items, or replace `instance of` by `subclass of`; level shifts affect the whole branch, so review by hand"
"data/core.wdkb","ontology","level-inst","error","needs-review","Q488383","object","Q151885","concept","","`instance of` whose value does not sit one metaclass level up","re-level one of the two items, or replace `instance of` by `subclass of`; level shifts affect the whole branch, so review by hand"
"data/core.wdkb","ontology","level-inst","error","needs-review","Q488383","object","Q115471117","self-depicting entity","","`instance of` whose value does not sit one metaclass level up","re-level one of the two items, or replace `instance of` by `subclass of`; level shifts affect the whole branch, so review by hand"
"data/core.wdkb","ontology","level-inst","error","needs-review","Q99527517","collective entity","Q23958852","variable-order class","","`instance of` whose value does not sit one metaclass level up","re-level one of the two items, or replace `instance of` by `subclass of`; level shifts affect the whole branch, so review by hand"
"data/core.wdkb","ontology","level-inst","error","needs-review","Q134602526","group or class of beings","Q24017414","second-order class","","`instance of` whose value does not sit one metaclass level up","re-level one of the two items, or replace `instance of` by `subclass of`; level shifts affect the whole branch, so review by hand"
"data/core.wdkb","ontology","level-inst","error","needs-review","Q7048977","abstract entity","Q23958852","variable-order class","","`instance of` whose value does not sit one metaclass level up","re-level one of the two items, or replace `instance of` by `subclass of`; level shifts affect the whole branch, so review by hand"
"data/core.wdkb","ontology","level-inst","error","needs-review","Q7048977","abstract entity","Q96251598","type of object","","`instance of` whose value does not sit one metaclass level up","re-level one of the two items, or replace `instance of` by `subclass of`; level shifts affect the whole branch, so review by hand"
"data/core.wdkb","ontology","level-inst","error","needs-review","Q1272626","representation","Q96251598","type of object","","`instance of` whose value does not sit one metaclass level up","re-level one of the two items, or replace `instance of` by `subclass of`; level shifts affect the whole branch, so review by hand"
"data/core.wdkb","ontology","level-inst","error","needs-review","Q110403031","knowledge type","Q19478619","metaclass","","`instance of` whose value does not sit one metaclass level up","re-level one of the two items, or replace `instance of` by `subclass of`; level shifts affect the whole branch, so review by hand"
"data/core.wdkb","ontology","level-inst","error","needs-review","Q110403031","knowledge type","Q24017414","second-order class","","`instance of` whose value does not sit one metaclass level up","re-level one of the two items, or replace `instance of` by `subclass of`; level shifts affect the whole branch, so review by hand"
"data/core.wdkb","ontology","level-inst","error","needs-review","Q26256810","topic","Q1207505","quality","","`instance of` whose value does not sit one metaclass level up","re-level one of the two items, or replace `instance of` by `subclass of`; level shifts affect the whole branch, so review by hand"
"data/core.wdkb","ontology","level-inst","error","needs-review","Q2385804","educational institution","Q104086571","first-order class","","`instance of` whose value does not sit one metaclass level up","re-level one of the two items, or replace `instance of` by `subclass of`; level shifts affect the whole branch, so review by hand"
"data/core.wdkb","ontology","level-inst","error","needs-review","Q2385804","educational institution","Q117023459","type of institution","","`instance of` whose value does not sit one metaclass level up","re-level one of the two items, or replace `instance of` by `subclass of`; level shifts affect the whole branch, so review by hand"
"data/core.wdkb","ontology","level-inst","error","needs-review","Q133873855","research institution","Q117023459","type of institution","","`instance of` whose value does not sit one metaclass level up","re-level one of the two items, or replace `instance of` by `subclass of`; level shifts affect the whole branch, so review by hand"
"data/core.wdkb","ontology","level-inst","error","needs-review","Q133873821","academic organisation","Q17197366","type of organization","","`instance of` whose value does not sit one metaclass level up","re-level one of the two items, or replace `instance of` by `subclass of`; level shifts affect the whole branch, so review by hand"
"data/core.wdkb","ontology","level-inst","error","needs-review","Q35120","entity","Q23958852","variable-order class","","`instance of` whose value does not sit one metaclass level up","re-level one of the two items, or replace `instance of` by `subclass of`; level shifts affect the whole branch, so review by hand"
"data/core.wdkb","ontology","level-inst","error","needs-review","Q96251598","type of object","Q23958852","variable-order class","","`instance of` whose value does not sit one metaclass level up","re-level one of the two items, or replace `instance of` by `subclass of`; level shifts affect the whole branch, so review by hand"
"data/core.wdkb","ontology","level-inst","error","needs-review","Q96251598","type of object","Q21146257","type","","`instance of` whose value does not sit one metaclass level up","re-level one of the two items, or replace `instance of` by `subclass of`; level shifts affect the whole branch, so review by hand"
"data/core.wdkb","ontology","level-inst","error","needs-review","Q3778211","legal person","Q931483","legal fiction","","`instance of` whose value does not sit one metaclass level up","re-level one of the two items, or replace `instance of` by `subclass of`; level shifts affect the whole branch, so review by hand"
"data/core.wdkb","ontology","level-inst","error","needs-review","Q268592","industry","Q29028649","economic concept","","`instance of` whose value does not sit one metaclass level up","re-level one of the two items, or replace `instance of` by `subclass of`; level shifts affect the whole branch, so review by hand"
"data/core.wdkb","ontology","level-inst","error","needs-review","Q1549152","public institution","Q2135465","legal term or legal concept","","`instance of` whose value does not sit one metaclass level up","re-level one of the two items, or replace `instance of` by `subclass of`; level shifts affect the whole branch, so review by hand"
"data/core.wdkb","ontology","level-inst","error","needs-review","Q937228","property","Q19478619","metaclass","","`instance of` whose value does not sit one metaclass level up","re-level one of the two items, or replace `instance of` by `subclass of`; level shifts affect the whole branch, so review by hand"
"data/core.wdkb","ontology","level-inst","error","needs-review","Q937228","property","Q714737","category of being","","`instance of` whose value does not sit one metaclass level up","re-level one of the two items, or replace `instance of` by `subclass of`; level shifts affect the whole branch, so review by hand"
"data/core.wdkb","ontology","level-inst","error","needs-review","Q11344","chemical element","Q24017414","second-order class","","`instance of` whose value does not sit one metaclass level up","re-level one of the two items, or replace `instance of` by `subclass of`; level shifts affect the whole branch, so review by hand"
"data/core.wdkb","ontology","level-inst","error","needs-review","Q11344","chemical element","Q17339814","group or class of chemical substances","","`instance of` whose value does not sit one metaclass level up","re-level one of the two items, or replace `instance of` by `subclass of`; level shifts affect the whole branch, so review by hand"
"data/core.wdkb","ontology","level-inst","error","needs-review","Q11173","chemical compound","Q17339814","group or class of chemical substances","","`instance of` whose value does not sit one metaclass level up","re-level one of the two items, or replace `instance of` by `subclass of`; level shifts affect the whole branch, so review by hand"
"data/core.wdkb","ontology","level-inst","error","needs-review","Q11173","chemical compound","Q24017414","second-order class","","`instance of` whose value does not sit one metaclass level up","re-level one of the two items, or replace `instance of` by `subclass of`; level shifts affect the whole branch, so review by hand"
"data/core.wdkb","ontology","level-inst","error","needs-review","Q12136","disease","Q130459448","type of condition","","`instance of` whose value does not sit one metaclass level up","re-level one of the two items, or replace `instance of` by `subclass of`; level shifts affect the whole branch, so review by hand"
"data/core.wdkb","ontology","level-inst","error","needs-review","Q12136","disease","Q104086571","first-order class","","`instance of` whose value does not sit one metaclass level up","re-level one of the two items, or replace `instance of` by `subclass of`; level shifts affect the whole branch, so review by hand"
"data/core.wdkb","ontology","level-inst","error","needs-review","Q11367","lipid","Q74892521","imprecise class of chemical entities","","`instance of` whose value does not sit one metaclass level up","re-level one of the two items, or replace `instance of` by `subclass of`; level shifts affect the whole branch, so review by hand"
"data/core.wdkb","ontology","level-inst","error","needs-review","Q578779","pure substance","Q17339814","group or class of chemical substances","","`instance of` whose value does not sit one metaclass level up","re-level one of the two items, or replace `instance of` by `subclass of`; level shifts affect the whole branch, so review by hand"
"data/core.wdkb","ontology","level-inst","error","needs-review","Q17339814","group or class of chemical substances","Q23958852","variable-order class","","`instance of` whose value does not sit one metaclass level up","re-level one of the two items, or replace `instance of` by `subclass of`; level shifts affect the whole branch, so review by hand"
"data/core.wdkb","ontology","level-inst","error","needs-review","Q2057971","health problem","Q130286945","type of problem","","`instance of` whose value does not sit one metaclass level up","re-level one of the two items, or replace `instance of` by `subclass of`; level shifts affect the whole branch, so review by hand"
"data/core.wdkb","ontology","level-inst","error","needs-review","Q2996394","biological process","Q116505632","type of process","","`instance of` whose value does not sit one metaclass level up","re-level one of the two items, or replace `instance of` by `subclass of`; level shifts affect the whole branch, so review by hand"
"data/core.wdkb","ontology","level-inst","error","needs-review","Q2996394","biological process","Q151885","concept","","`instance of` whose value does not sit one metaclass level up","re-level one of the two items, or replace `instance of` by `subclass of`; level shifts affect the whole branch, so review by hand"
"data/core.wdkb","ontology","level-inst","error","needs-review","Q2438541","manner of death","Q104086571","first-order class","","`instance of` whose value does not sit one metaclass level up","re-level one of the two items, or replace `instance of` by `subclass of`; level shifts affect the whole branch, so review by hand"
"data/core.wdkb","ontology","level-inst","error","needs-review","Q2438541","manner of death","Q5962346","classification scheme","","`instance of` whose value does not sit one metaclass level up","re-level one of the two items, or replace `instance of` by `subclass of`; level shifts affect the whole branch, so review by hand"
"data/core.wdkb","ontology","level-inst","error","needs-review","Q130459448","type of condition","Q19478619","metaclass","","`instance of` whose value does not sit one metaclass level up","re-level one of the two items, or replace `instance of` by `subclass of`; level shifts affect the whole branch, so review by hand"
"data/core.wdkb","ontology","level-inst","error","needs-review","Q130459448","type of condition","Q24017414","second-order class","","`instance of` whose value does not sit one metaclass level up","re-level one of the two items, or replace `instance of` by `subclass of`; level shifts affect the whole branch, so review by hand"
"data/core.wdkb","ontology","level-inst","error","needs-review","Q104086571","first-order class","Q24017414","second-order class","","`instance of` whose value does not sit one metaclass level up","re-level one of the two items, or replace `instance of` by `subclass of`; level shifts affect the whole branch, so review by hand"
"data/core.wdkb","ontology","level-inst","error","needs-review","Q174211","organic compound","Q47154513","structural class of chemical entities","","`instance of` whose value does not sit one metaclass level up","re-level one of the two items, or replace `instance of` by `subclass of`; level shifts affect the whole branch, so review by hand"
"data/core.wdkb","ontology","level-inst","error","needs-review","Q23958852","variable-order class","Q23958852","variable-order class","","`instance of` whose value does not sit one metaclass level up","re-level one of the two items, or replace `instance of` by `subclass of`; level shifts affect the whole branch, so review by hand"
"data/core.wdkb","ontology","level-inst","error","needs-review","Q24017465","third-order class","Q24027474","fourth-order class","","`instance of` whose value does not sit one metaclass level up","re-level one of the two items, or replace `instance of` by `subclass of`; level shifts affect the whole branch, so review by hand"
"data/core.wdkb","ontology","level-inst","error","needs-review","Q7189713","physiological condition","Q130459448","type of condition","","`instance of` whose value does not sit one metaclass level up","re-level one of the two items, or replace `instance of` by `subclass of`; level shifts affect the whole branch, so review by hand"
"data/core.wdkb","ontology","level-inst","error","needs-review","Q87075524","health risk","Q101208084","type of risk","","`instance of` whose value does not sit one metaclass level up","re-level one of the two items, or replace `instance of` by `subclass of`; level shifts affect the whole branch, so review by hand"
"data/core.wdkb","ontology","level-inst","error","needs-review","Q5962346","classification scheme","Q23958852","variable-order class","","`instance of` whose value does not sit one metaclass level up","re-level one of the two items, or replace `instance of` by `subclass of`; level shifts affect the whole branch, so review by hand"
"data/core.wdkb","ontology","level-inst","error","needs-review","Q96253971","type of property","Q19478619","metaclass","","`instance of` whose value does not sit one metaclass level up","re-level one of the two items, or replace `instance of` by `subclass of`; level shifts affect the whole branch, so review by hand"
"data/core.wdkb","ontology","level-inst","error","needs-review","Q23959932","fixed-order class","Q23958852","variable-order class","","`instance of` whose value does not sit one metaclass level up","re-level one of the two items, or replace `instance of` by `subclass of`; level shifts affect the whole branch, so review by hand"
"data/core.wdkb","ontology","level-inst","error","needs-review","Q2901852","carbon compound","Q47154513","structural class of chemical entities","","`instance of` whose value does not sit one metaclass level up","re-level one of the two items, or replace `instance of` by `subclass of`; level shifts affect the whole branch, so review by hand"
"data/core.wdkb","ontology","level-inst","error","needs-review","Q47154513","structural class of chemical entities","Q5962346","classification scheme","","`instance of` whose value does not sit one metaclass level up","re-level one of the two items, or replace `instance of` by `subclass of`; level shifts affect the whole branch, so review by hand"
"data/core.wdkb","ontology","level-inst","error","needs-review","Q72070508","group or class of chemical entities","Q24017465","third-order class","","`instance of` whose value does not sit one metaclass level up","re-level one of the two items, or replace `instance of` by `subclass of`; level shifts affect the whole branch, so review by hand"
"data/core.wdkb","ontology","level-inst","error","needs-review","Q1190554","occurrence","Q108586636","form of event","","`instance of` whose value does not sit one metaclass level up","re-level one of the two items, or replace `instance of` by `subclass of`; level shifts affect the whole branch, so review by hand"
"data/core.wdkb","ontology","level-inst","error","needs-review","Q1656682","planned event","Q108586636","form of event","","`instance of` whose value does not sit one metaclass level up","re-level one of the two items, or replace `instance of` by `subclass of`; level shifts affect the whole branch, so review by hand"
"data/core.wdkb","ontology","level-inst","error","needs-review","Q198","war","Q125092269","type of conflict","","`instance of` whose value does not sit one metaclass level up","re-level one of the two items, or replace `instance of` by `subclass of`; level shifts affect the whole branch, so review by hand"
"data/core.wdkb","ontology","level-inst","error","needs-review","Q198","war","Q17524420","aspect of history","","`instance of` whose value does not sit one metaclass level up","re-level one of the two items, or replace `instance of` by `subclass of`; level shifts affect the whole branch, so review by hand"
"data/core.wdkb","ontology","level-inst","error","needs-review","Q1914636","activity","Q116505632","type of process","","`instance of` whose value does not sit one metaclass level up","re-level one of the two items, or replace `instance of` by `subclass of`; level shifts affect the whole branch, so review by hand"
"data/core.wdkb","ontology","level-inst","error","needs-review","Q140451665","event","Q140458154","type of abstract object","","`instance of` whose value does not sit one metaclass level up","re-level one of the two items, or replace `instance of` by `subclass of`; level shifts affect the whole branch, so review by hand"
"data/core.wdkb","ontology","level-inst","error","needs-review","Q7406919","service","Q29028649","economic concept","","`instance of` whose value does not sit one metaclass level up","re-level one of the two items, or replace `instance of` by `subclass of`; level shifts affect the whole branch, so review by hand"
"data/core.wdkb","ontology","level-inst","error","needs-review","Q7406919","service","Q63981612","product category","","`instance of` whose value does not sit one metaclass level up","re-level one of the two items, or replace `instance of` by `subclass of`; level shifts affect the whole branch, so review by hand"
"data/core.wdkb","ontology","level-inst","error","needs-review","Q108586636","form of event","Q19478619","metaclass","","`instance of` whose value does not sit one metaclass level up","re-level one of the two items, or replace `instance of` by `subclass of`; level shifts affect the whole branch, so review by hand"
"data/core.wdkb","ontology","level-inst","error","needs-review","Q108586636","form of event","Q24017414","second-order class","","`instance of` whose value does not sit one metaclass level up","re-level one of the two items, or replace `instance of` by `subclass of`; level shifts affect the whole branch, so review by hand"
"data/core.wdkb","ontology","level-inst","error","needs-review","Q350604","armed conflict","Q125092269","type of conflict","","`instance of` whose value does not sit one metaclass level up","re-level one of the two items, or replace `instance of` by `subclass of`; level shifts affect the whole branch, so review by hand"
"data/core.wdkb","ontology","level-inst","error","needs-review","Q1920219","social issue","Q130286945","type of problem","","`instance of` whose value does not sit one metaclass level up","re-level one of the two items, or replace `instance of` by `subclass of`; level shifts affect the whole branch, so review by hand"
"data/core.wdkb","ontology","level-inst","error","needs-review","Q17091170","group conflict","Q125092269","type of conflict","","`instance of` whose value does not sit one metaclass level up","re-level one of the two items, or replace `instance of` by `subclass of`; level shifts affect the whole branch, so review by hand"
"data/core.wdkb","ontology","level-inst","error","needs-review","Q125092269","type of conflict","Q19478619","metaclass","","`instance of` whose value does not sit one metaclass level up","re-level one of the two items, or replace `instance of` by `subclass of`; level shifts affect the whole branch, so review by hand"
"data/core.wdkb","ontology","level-inst","error","needs-review","Q17524420","aspect of history","Q19478619","metaclass","","`instance of` whose value does not sit one metaclass level up","re-level one of the two items, or replace `instance of` by `subclass of`; level shifts affect the whole branch, so review by hand"
"data/core.wdkb","ontology","level-inst","error","needs-review","Q11235244","domain","Q137022846","type of region","","`instance of` whose value does not sit one metaclass level up","re-level one of the two items, or replace `instance of` by `subclass of`; level shifts affect the whole branch, so review by hand"
"data/core.wdkb","ontology","level-inst","error","needs-review","Q3249551","process","Q124711104","BFO class","","`instance of` whose value does not sit one metaclass level up","re-level one of the two items, or replace `instance of` by `subclass of`; level shifts affect the whole branch, so review by hand"
"data/core.wdkb","ontology","level-inst","error","needs-review","Q67518978","occurrent","Q124711104","BFO class","","`instance of` whose value does not sit one metaclass level up","re-level one of the two items, or replace `instance of` by `subclass of`; level shifts affect the whole branch, so review by hand"
"data/core.wdkb","ontology","level-inst","error","needs-review","Q116505632","type of process","Q24017414","second-order class","","`instance of` whose value does not sit one metaclass level up","re-level one of the two items, or replace `instance of` by `subclass of`; level shifts affect the whole branch, so review by hand"
"data/core.wdkb","ontology","level-inst","error","needs-review","Q2897903","goods and services","Q29028649","economic concept","","`instance of` whose value does not sit one metaclass level up","re-level one of the two items, or replace `instance of` by `subclass of`; level shifts affect the whole branch, so review by hand"
"data/core.wdkb","ontology","level-inst","error","needs-review","Q2897903","goods and services","Q24249534","specialised classification scheme","","`instance of` whose value does not sit one metaclass level up","re-level one of the two items, or replace `instance of` by `subclass of`; level shifts affect the whole branch, so review by hand"
"data/core.wdkb","ontology","level-inst","error","needs-review","Q2897903","goods and services","Q63981612","product category","","`instance of` whose value does not sit one metaclass level up","re-level one of the two items, or replace `instance of` by `subclass of`; level shifts affect the whole branch, so review by hand"
"data/core.wdkb","ontology","level-inst","error","needs-review","Q2424752","product","Q96251598","type of object","","`instance of` whose value does not sit one metaclass level up","re-level one of the two items, or replace `instance of` by `subclass of`; level shifts affect the whole branch, so review by hand"
"data/core.wdkb","ontology","level-inst","error","needs-review","Q8187769","economic activity","Q2976602","industry classification scheme","","`instance of` whose value does not sit one metaclass level up","re-level one of the two items, or replace `instance of` by `subclass of`; level shifts affect the whole branch, so review by hand"
"data/core.wdkb","ontology","level-inst","error","needs-review","Q63981612","product category","Q19478619","metaclass","","`instance of` whose value does not sit one metaclass level up","re-level one of the two items, or replace `instance of` by `subclass of`; level shifts affect the whole branch, so review by hand"
"data/core.wdkb","ontology","level-inst","error","needs-review","Q63981612","product category","Q29028649","economic concept","","`instance of` whose value does not sit one metaclass level up","re-level one of the two items, or replace `instance of` by `subclass of`; level shifts affect the whole branch, so review by hand"
"data/core.wdkb","ontology","level-inst","error","needs-review","Q71266556","warfare and armed conflicts","Q125092269","type of conflict","","`instance of` whose value does not sit one metaclass level up","re-level one of the two items, or replace `instance of` by `subclass of`; level shifts affect the whole branch, so review by hand"
"data/core.wdkb","ontology","level-inst","error","needs-review","Q130286945","type of problem","Q19478619","metaclass","","`instance of` whose value does not sit one metaclass level up","re-level one of the two items, or replace `instance of` by `subclass of`; level shifts affect the whole branch, so review by hand"
"data/core.wdkb","ontology","level-inst","error","needs-review","Q180684","conflict","Q116505632","type of process","","`instance of` whose value does not sit one metaclass level up","re-level one of the two items, or replace `instance of` by `subclass of`; level shifts affect the whole branch, so review by hand"
"data/core.wdkb","ontology","level-inst","error","needs-review","Q180684","conflict","Q123345464","type of interaction","","`instance of` whose value does not sit one metaclass level up","re-level one of the two items, or replace `instance of` by `subclass of`; level shifts affect the whole branch, so review by hand"
"data/core.wdkb","ontology","level-inst","error","needs-review","Q123345464","type of interaction","Q24017414","second-order class","","`instance of` whose value does not sit one metaclass level up","re-level one of the two items, or replace `instance of` by `subclass of`; level shifts affect the whole branch, so review by hand"
"data/core.wdkb","ontology","level-inst","error","needs-review","Q21040055","aspect","Q4897819","role","","`instance of` whose value does not sit one metaclass level up","re-level one of the two items, or replace `instance of` by `subclass of`; level shifts affect the whole branch, so review by hand"
"data/core.wdkb","ontology","level-inst","error","needs-review","Q1047113","field of study","Q110402867","knowledge classification","","`instance of` whose value does not sit one metaclass level up","re-level one of the two items, or replace `instance of` by `subclass of`; level shifts affect the whole branch, so review by hand"
"data/core.wdkb","ontology","level-inst","error","needs-review","Q213363","open set","Q138665581","type of set","","`instance of` whose value does not sit one metaclass level up","re-level one of the two items, or replace `instance of` by `subclass of`; level shifts affect the whole branch, so review by hand"
"data/core.wdkb","ontology","level-inst","error","needs-review","Q1491995","connected space","Q132225801","productive property","","`instance of` whose value does not sit one metaclass level up","re-level one of the two items, or replace `instance of` by `subclass of`; level shifts affect the whole branch, so review by hand"
"data/core.wdkb","ontology","level-inst","error","needs-review","Q137022846","type of region","Q66747521","geography term","","`instance of` whose value does not sit one metaclass level up","re-level one of the two items, or replace `instance of` by `subclass of`; level shifts affect the whole branch, so review by hand"
"data/core.wdkb","ontology","level-inst","error","needs-review","Q136433660","entity","Q124711104","BFO class","","`instance of` whose value does not sit one metaclass level up","re-level one of the two items, or replace `instance of` by `subclass of`; level shifts affect the whole branch, so review by hand"
"data/core.wdkb","ontology","level-inst","error","needs-review","Q16889133","class","Q19478619","metaclass","","`instance of` whose value does not sit one metaclass level up","re-level one of the two items, or replace `instance of` by `subclass of`; level shifts affect the whole branch, so review by hand"
"data/core.wdkb","ontology","level-inst","error","needs-review","Q16889133","class","Q151885","concept","","`instance of` whose value does not sit one metaclass level up","re-level one of the two items, or replace `instance of` by `subclass of`; level shifts affect the whole branch, so review by hand"
"data/core.wdkb","ontology","level-inst","error","needs-review","Q16889133","class","Q115490628","fundamental Wikidata entity","","`instance of` whose value does not sit one metaclass level up","re-level one of the two items, or replace `instance of` by `subclass of`; level shifts affect the whole branch, so review by hand"
"data/core.wdkb","ontology","level-inst","error","needs-review","Q19478619","metaclass","Q151885","concept","","`instance of` whose value does not sit one metaclass level up","re-level one of the two items, or replace `instance of` by `subclass of`; level shifts affect the whole branch, so review by hand"
"data/core.wdkb","ontology","level-inst","error","needs-review","Q19478619","metaclass","Q19868531","formal ontology concept","","`instance of` whose value does not sit one metaclass level up","re-level one of the two items, or replace `instance of` by `subclass of`; level shifts affect the whole branch, so review by hand"
"data/core.wdkb","ontology","level-inst","error","needs-review","Q24017414","second-order class","Q24017465","third-order class","","`instance of` whose value does not sit one metaclass level up","re-level one of the two items, or replace `instance of` by `subclass of`; level shifts affect the whole branch, so review by hand"
"data/creative.wdkb","ontology","level-inst","error","needs-review","Q7725634","literary work","Q116474095","type of work of art","","`instance of` whose value does not sit one metaclass level up","re-level one of the two items, or replace `instance of` by `subclass of`; level shifts affect the whole branch, so review by hand"
"data/creative.wdkb","ontology","level-inst","error","needs-review","Q7725634","literary work","Q133449656","type of work","","`instance of` whose value does not sit one metaclass level up","re-level one of the two items, or replace `instance of` by `subclass of`; level shifts affect the whole branch, so review by hand"
"data/creative.wdkb","ontology","level-inst","error","needs-review","Q838948","work of art","Q151885","concept","","`instance of` whose value does not sit one metaclass level up","re-level one of the two items, or replace `instance of` by `subclass of`; level shifts affect the whole branch, so review by hand"
"data/creative.wdkb","ontology","level-inst","error","needs-review","Q838948","work of art","Q139243747","type of artifact","","`instance of` whose value does not sit one metaclass level up","re-level one of the two items, or replace `instance of` by `subclass of`; level shifts affect the whole branch, so review by hand"
"data/creative.wdkb","ontology","level-inst","error","needs-review","Q838948","work of art","Q133449656","type of work","","`instance of` whose value does not sit one metaclass level up","re-level one of the two items, or replace `instance of` by `subclass of`; level shifts affect the whole branch, so review by hand"
"data/creative.wdkb","ontology","level-inst","error","needs-review","Q2188189","musical work","Q116474095","type of work of art","","`instance of` whose value does not sit one metaclass level up","re-level one of the two items, or replace `instance of` by `subclass of`; level shifts affect the whole branch, so review by hand"
"data/creative.wdkb","ontology","level-inst","error","needs-review","Q25169","The Hitchhiker's Guide to the Galaxy","Q17710986","literary pentalogy","","`instance of` whose value does not sit one metaclass level up","re-level one of the two items, or replace `instance of` by `subclass of`; level shifts affect the whole branch, so review by hand"
"data/creative.wdkb","ontology","level-inst","error","needs-review","Q25169","The Hitchhiker's Guide to the Galaxy","Q1667921","novel series","","`instance of` whose value does not sit one metaclass level up","re-level one of the two items, or replace `instance of` by `subclass of`; level shifts affect the whole branch, so review by hand"
"data/creative.wdkb","ontology","level-inst","error","needs-review","Q2424752","product","Q29028649","economic concept","","`instance of` whose value does not sit one metaclass level up","re-level one of the two items, or replace `instance of` by `subclass of`; level shifts affect the whole branch, so review by hand"
"data/creative.wdkb","ontology","level-inst","error","needs-review","Q2424752","product","Q96251598","type of object","","`instance of` whose value does not sit one metaclass level up","re-level one of the two items, or replace `instance of` by `subclass of`; level shifts affect the whole branch, so review by hand"
"data/creative.wdkb","ontology","level-inst","error","needs-review","Q732577","publication","Q138303935","type of information","","`instance of` whose value does not sit one metaclass level up","re-level one of the two items, or replace `instance of` by `subclass of`; level shifts affect the whole branch, so review by hand"
"data/creative.wdkb","ontology","level-inst","error","needs-review","Q732577","publication","Q140311475","type of creative work","","`instance of` whose value does not sit one metaclass level up","re-level one of the two items, or replace `instance of` by `subclass of`; level shifts affect the whole branch, so review by hand"
"data/creative.wdkb","ontology","level-inst","error","needs-review","Q340169","communications media","Q96251598","type of object","","`instance of` whose value does not sit one metaclass level up","re-level one of the two items, or replace `instance of` by `subclass of`; level shifts affect the whole branch, so review by hand"
"data/creative.wdkb","ontology","level-inst","error","needs-review","Q39725049","type of publication","Q19478619","metaclass","","`instance of` whose value does not sit one metaclass level up","re-level one of the two items, or replace `instance of` by `subclass of`; level shifts affect the whole branch, so review by hand"
"data/creative.wdkb","ontology","level-inst","error","needs-review","Q47461344","written work","Q133449656","type of work","","`instance of` whose value does not sit one metaclass level up","re-level one of the two items, or replace `instance of` by `subclass of`; level shifts affect the whole branch, so review by hand"
"data/creative.wdkb","ontology","level-inst","error","needs-review","Q17537576","creative work","Q133449656","type of work","","`instance of` whose value does not sit one metaclass level up","re-level one of the two items, or replace `instance of` by `subclass of`; level shifts affect the whole branch, so review by hand"
"data/creative.wdkb","ontology","level-inst","error","needs-review","Q16686448","artificial object","Q96251598","type of object","","`instance of` whose value does not sit one metaclass level up","re-level one of the two items, or replace `instance of` by `subclass of`; level shifts affect the whole branch, so review by hand"
"data/creative.wdkb","ontology","level-inst","error","needs-review","Q16686448","artificial object","Q33104279","philosophical concept","","`instance of` whose value does not sit one metaclass level up","re-level one of the two items, or replace `instance of` by `subclass of`; level shifts affect the whole branch, so review by hand"
"data/creative.wdkb","ontology","level-inst","error","needs-review","Q151885","concept","Q23958852","variable-order class","","`instance of` whose value does not sit one metaclass level up","re-level one of the two items, or replace `instance of` by `subclass of`; level shifts affect the whole branch, so review by hand"
"data/creative.wdkb","ontology","level-inst","error","needs-review","Q139243747","type of artifact","Q23958852","variable-order class","","`instance of` whose value does not sit one metaclass level up","re-level one of the two items, or replace `instance of` by `subclass of`; level shifts affect the whole branch, so review by hand"
"data/creative.wdkb","ontology","level-inst","error","needs-review","Q133449656","type of work","Q19478619","metaclass","","`instance of` whose value does not sit one metaclass level up","re-level one of the two items, or replace `instance of` by `subclass of`; level shifts affect the whole branch, so review by hand"
"data/creative.wdkb","ontology","level-inst","error","needs-review","Q116474095","type of work of art","Q19478619","metaclass","","`instance of` whose value does not sit one metaclass level up","re-level one of the two items, or replace `instance of` by `subclass of`; level shifts affect the whole branch, so review by hand"
"data/creative.wdkb","ontology","level-inst","error","needs-review","Q194980","intangible good","Q137425179","type of good","","`instance of` whose value does not sit one metaclass level up","re-level one of the two items, or replace `instance of` by `subclass of`; level shifts affect the whole branch, so review by hand"
"data/creative.wdkb","ontology","level-inst","error","needs-review","Q194980","intangible good","Q64513524","economic term","","`instance of` whose value does not sit one metaclass level up","re-level one of the two items, or replace `instance of` by `subclass of`; level shifts affect the whole branch, so review by hand"
"data/creative.wdkb","ontology","level-inst","error","needs-review","Q37866906","information resource","Q135412187","resource type","","`instance of` whose value does not sit one metaclass level up","re-level one of the two items, or replace `instance of` by `subclass of`; level shifts affect the whole branch, so review by hand"
"data/creative.wdkb","ontology","level-inst","error","needs-review","Q29028649","economic concept","Q137429456","type of concept","","`instance of` whose value does not sit one metaclass level up","re-level one of the two items, or replace `instance of` by `subclass of`; level shifts affect the whole branch, so review by hand"
"data/creative.wdkb","ontology","level-inst","error","needs-review","Q138303935","type of information","Q19478619","metaclass","","`instance of` whose value does not sit one metaclass level up","re-level one of the two items, or replace `instance of` by `subclass of`; level shifts affect the whole branch, so review by hand"
"data/creative.wdkb","ontology","level-inst","error","needs-review","Q488383","object","Q23958852","variable-order class","","`instance of` whose value does not sit one metaclass level up","re-level one of the two items, or replace `instance of` by `subclass of`; level shifts affect the whole branch, so review by hand"
"data/creative.wdkb","ontology","level-inst","error","needs-review","Q488383","object","Q151885","concept","","`instance of` whose value does not sit one metaclass level up","re-level one of the two items, or replace `instance of` by `subclass of`; level shifts affect the whole branch, so review by hand"
"data/creative.wdkb","ontology","level-inst","error","needs-review","Q488383","object","Q115471117","self-depicting entity","","`instance of` whose value does not sit one metaclass level up","re-level one of the two items, or replace `instance of` by `subclass of`; level shifts affect the whole branch, so review by hand"
"data/creative.wdkb","ontology","level-inst","error","needs-review","Q33104279","philosophical concept","Q137429456","type of concept","","`instance of` whose value does not sit one metaclass level up","re-level one of the two items, or replace `instance of` by `subclass of`; level shifts affect the whole branch, so review by hand"
"data/creative.wdkb","ontology","level-inst","error","needs-review","Q7048977","abstract entity","Q23958852","variable-order class","","`instance of` whose value does not sit one metaclass level up","re-level one of the two items, or replace `instance of` by `subclass of`; level shifts affect the whole branch, so review by hand"
"data/creative.wdkb","ontology","level-inst","error","needs-review","Q7048977","abstract entity","Q96251598","type of object","","`instance of` whose value does not sit one metaclass level up","re-level one of the two items, or replace `instance of` by `subclass of`; level shifts affect the whole branch, so review by hand"
"data/creative.wdkb","ontology","level-inst","error","needs-review","Q1272626","representation","Q96251598","type of object","","`instance of` whose value does not sit one metaclass level up","re-level one of the two items, or replace `instance of` by `subclass of`; level shifts affect the whole branch, so review by hand"
"data/creative.wdkb","ontology","level-inst","error","needs-review","Q21146257","type","Q19478619","metaclass","","`instance of` whose value does not sit one metaclass level up","re-level one of the two items, or replace `instance of` by `subclass of`; level shifts affect the whole branch, so review by hand"
"data/creative.wdkb","ontology","level-inst","error","needs-review","Q21146257","type","Q151885","concept","","`instance of` whose value does not sit one metaclass level up","re-level one of the two items, or replace `instance of` by `subclass of`; level shifts affect the whole branch, so review by hand"
"data/creative.wdkb","ontology","level-inst","error","needs-review","Q21146257","type","Q115490628","fundamental Wikidata entity","","`instance of` whose value does not sit one metaclass level up","re-level one of the two items, or replace `instance of` by `subclass of`; level shifts affect the whole branch, so review by hand"
"data/creative.wdkb","ontology","level-inst","error","needs-review","Q23958852","variable-order class","Q23958852","variable-order class","","`instance of` whose value does not sit one metaclass level up","re-level one of the two items, or replace `instance of` by `subclass of`; level shifts affect the whole branch, so review by hand"
"data/creative.wdkb","ontology","level-inst","error","needs-review","Q96251598","type of object","Q23958852","variable-order class","","`instance of` whose value does not sit one metaclass level up","re-level one of the two items, or replace `instance of` by `subclass of`; level shifts affect the whole branch, so review by hand"
"data/creative.wdkb","ontology","level-inst","error","needs-review","Q19478619","metaclass","Q151885","concept","","`instance of` whose value does not sit one metaclass level up","re-level one of the two items, or replace `instance of` by `subclass of`; level shifts affect the whole branch, so review by hand"
"data/creative.wdkb","ontology","level-inst","error","needs-review","Q19478619","metaclass","Q19868531","formal ontology concept","","`instance of` whose value does not sit one metaclass level up","re-level one of the two items, or replace `instance of` by `subclass of`; level shifts affect the whole branch, so review by hand"
"data/creative.wdkb","ontology","level-inst","error","needs-review","Q2617970","pentalogy","Q6630149","narrative form","","`instance of` whose value does not sit one metaclass level up","re-level one of the two items, or replace `instance of` by `subclass of`; level shifts affect the whole branch, so review by hand"
"data/creative.wdkb","ontology","level-inst","error","needs-review","Q2617970","pentalogy","Q29428403","pentad","","`instance of` whose value does not sit one metaclass level up","re-level one of the two items, or replace `instance of` by `subclass of`; level shifts affect the whole branch, so review by hand"
"data/creative.wdkb","ontology","level-inst","error","needs-review","Q277759","book series","Q140354053","type of series","","`instance of` whose value does not sit one metaclass level up","re-level one of the two items, or replace `instance of` by `subclass of`; level shifts affect the whole branch, so review by hand"
"data/creative.wdkb","ontology","level-inst","error","needs-review","Q15980953","fiction series","Q140354053","type of series","","`instance of` whose value does not sit one metaclass level up","re-level one of the two items, or replace `instance of` by `subclass of`; level shifts affect the whole branch, so review by hand"
"data/creative.wdkb","ontology","level-inst","error","needs-review","Q55983715","organisms known by a particular common name","Q19478619","metaclass","","`instance of` whose value does not sit one metaclass level up","re-level one of the two items, or replace `instance of` by `subclass of`; level shifts affect the whole branch, so review by hand"
"data/enriched.wdkb","ontology","level-inst","error","needs-review","Q42989","topology","Q1936384","branch of mathematics","","`instance of` whose value does not sit one metaclass level up","re-level one of the two items, or replace `instance of` by `subclass of`; level shifts affect the whole branch, so review by hand"
"data/enriched.wdkb","ontology","level-inst","error","needs-review","Q42989","topology","Q20026918","mathematical theory","","`instance of` whose value does not sit one metaclass level up","re-level one of the two items, or replace `instance of` by `subclass of`; level shifts affect the whole branch, so review by hand"
"data/enriched.wdkb","ontology","level-inst","error","needs-review","Q1062242","Grothendieck topology","Q24034552","mathematical concept","","`instance of` whose value does not sit one metaclass level up","re-level one of the two items, or replace `instance of` by `subclass of`; level shifts affect the whole branch, so review by hand"
"data/enriched.wdkb","ontology","level-inst","error","needs-review","Q217413","category theory","Q1936384","branch of mathematics","","`instance of` whose value does not sit one metaclass level up","re-level one of the two items, or replace `instance of` by `subclass of`; level shifts affect the whole branch, so review by hand"
"data/enriched.wdkb","ontology","level-inst","error","needs-review","Q903820","field theory","Q20026918","mathematical theory","","`instance of` whose value does not sit one metaclass level up","re-level one of the two items, or replace `instance of` by `subclass of`; level shifts affect the whole branch, so review by hand"
"data/enriched.wdkb","ontology","level-inst","error","needs-review","Q903820","field theory","Q2465832","branch of science","","`instance of` whose value does not sit one metaclass level up","re-level one of the two items, or replace `instance of` by `subclass of`; level shifts affect the whole branch, so review by hand"
"data/enriched.wdkb","ontology","level-inst","error","needs-review","Q874429","group theory","Q1936384","branch of mathematics","","`instance of` whose value does not sit one metaclass level up","re-level one of the two items, or replace `instance of` by `subclass of`; level shifts affect the whole branch, so review by hand"
"data/enriched.wdkb","ontology","level-inst","error","needs-review","Q874429","group theory","Q20026918","mathematical theory","","`instance of` whose value does not sit one metaclass level up","re-level one of the two items, or replace `instance of` by `subclass of`; level shifts affect the whole branch, so review by hand"
"data/enriched.wdkb","ontology","level-inst","error","needs-review","Q179899","topological space","Q24034552","mathematical concept","","`instance of` whose value does not sit one metaclass level up","re-level one of the two items, or replace `instance of` by `subclass of`; level shifts affect the whole branch, so review by hand"
"data/enriched.wdkb","ontology","level-inst","error","needs-review","Q170058","continuous function","Q47279819","type of mathematical function","","`instance of` whose value does not sit one metaclass level up","re-level one of the two items, or replace `instance of` by `subclass of`; level shifts affect the whole branch, so review by hand"
"data/enriched.wdkb","ontology","level-inst","error","needs-review","Q213363","open set","Q138665581","type of set","","`instance of` whose value does not sit one metaclass level up","re-level one of the two items, or replace `instance of` by `subclass of`; level shifts affect the whole branch, so review by hand"
"data/enriched.wdkb","ontology","level-inst","error","needs-review","Q83478","group","Q24034552","mathematical concept","","`instance of` whose value does not sit one metaclass level up","re-level one of the two items, or replace `instance of` by `subclass of`; level shifts affect the whole branch, so review by hand"
"data/enriched.wdkb","ontology","level-inst","error","needs-review","Q5513324","F₂","Q603880","finite field","","`instance of` whose value does not sit one metaclass level up","re-level one of the two items, or replace `instance of` by `subclass of`; level shifts affect the whole branch, so review by hand"
"data/enriched.wdkb","ontology","level-inst","error","needs-review","Q5513324","F₂","Q2146022","ring of integers modulo n","","`instance of` whose value does not sit one metaclass level up","re-level one of the two items, or replace `instance of` by `subclass of`; level shifts affect the whole branch, so review by hand"
"data/enriched.wdkb","ontology","level-inst","error","needs-review","Q246672","mathematical object","Q106411346","characterization","","`instance of` whose value does not sit one metaclass level up","re-level one of the two items, or replace `instance of` by `subclass of`; level shifts affect the whole branch, so review by hand"
"data/enriched.wdkb","ontology","level-inst","error","needs-review","Q1056428","type theory","Q1936384","branch of mathematics","","`instance of` whose value does not sit one metaclass level up","re-level one of the two items, or replace `instance of` by `subclass of`; level shifts affect the whole branch, so review by hand"
"data/enriched.wdkb","ontology","level-inst","error","needs-review","Q2465832","branch of science","Q110402867","knowledge classification","","`instance of` whose value does not sit one metaclass level up","re-level one of the two items, or replace `instance of` by `subclass of`; level shifts affect the whole branch, so review by hand"
"data/enriched.wdkb","ontology","level-inst","error","needs-review","Q395","mathematics","Q11862829","academic discipline","","`instance of` whose value does not sit one metaclass level up","re-level one of the two items, or replace `instance of` by `subclass of`; level shifts affect the whole branch, so review by hand"
"data/enriched.wdkb","ontology","level-inst","error","needs-review","Q395","mathematics","Q4671286","academic major","","`instance of` whose value does not sit one metaclass level up","re-level one of the two items, or replace `instance of` by `subclass of`; level shifts affect the whole branch, so review by hand"
"data/enriched.wdkb","ontology","level-inst","error","needs-review","Q1936384","branch of mathematics","Q24017414","second-order class","","`instance of` whose value does not sit one metaclass level up","re-level one of the two items, or replace `instance of` by `subclass of`; level shifts affect the whole branch, so review by hand"
"data/enriched.wdkb","ontology","level-inst","error","needs-review","Q1936384","branch of mathematics","Q5962346","classification scheme","","`instance of` whose value does not sit one metaclass level up","re-level one of the two items, or replace `instance of` by `subclass of`; level shifts affect the whole branch, so review by hand"
"data/enriched.wdkb","ontology","level-inst","error","needs-review","Q1936384","branch of mathematics","Q109542218","class of parts","","`instance of` whose value does not sit one metaclass level up","re-level one of the two items, or replace `instance of` by `subclass of`; level shifts affect the whole branch, so review by hand"
"data/enriched.wdkb","ontology","level-inst","error","needs-review","Q20026918","mathematical theory","Q24034552","mathematical concept","","`instance of` whose value does not sit one metaclass level up","re-level one of the two items, or replace `instance of` by `subclass of`; level shifts affect the whole branch, so review by hand"
"data/enriched.wdkb","ontology","level-inst","error","needs-review","Q748349","mathematical structure","Q111972893","type of structure","","`instance of` whose value does not sit one metaclass level up","re-level one of the two items, or replace `instance of` by `subclass of`; level shifts affect the whole branch, so review by hand"
"data/enriched.wdkb","ontology","level-inst","error","needs-review","Q47279819","type of mathematical function","Q24017414","second-order class","","`instance of` whose value does not sit one metaclass level up","re-level one of the two items, or replace `instance of` by `subclass of`; level shifts affect the whole branch, so review by hand"
"data/enriched.wdkb","ontology","level-inst","error","needs-review","Q138665581","type of set","Q24017414","second-order class","","`instance of` whose value does not sit one metaclass level up","re-level one of the two items, or replace `instance of` by `subclass of`; level shifts affect the whole branch, so review by hand"
"data/enriched.wdkb","ontology","level-inst","error","needs-review","Q6918890","Moufang loop","Q24034552","mathematical concept","","`instance of` whose value does not sit one metaclass level up","re-level one of the two items, or replace `instance of` by `subclass of`; level shifts affect the whole branch, so review by hand"
"data/enriched.wdkb","ontology","level-inst","error","needs-review","Q205464","algebraic structure","Q24034552","mathematical concept","","`instance of` whose value does not sit one metaclass level up","re-level one of the two items, or replace `instance of` by `subclass of`; level shifts affect the whole branch, so review by hand"
"data/enriched.wdkb","ontology","level-inst","error","needs-review","Q24034552","mathematical concept","Q23958852","variable-order class","","`instance of` whose value does not sit one metaclass level up","re-level one of the two items, or replace `instance of` by `subclass of`; level shifts affect the whole branch, so review by hand"
"data/enriched.wdkb","ontology","level-inst","error","needs-review","Q24034552","mathematical concept","Q137429456","type of concept","","`instance of` whose value does not sit one metaclass level up","re-level one of the two items, or replace `instance of` by `subclass of`; level shifts affect the whole branch, so review by hand"
"data/enriched.wdkb","ontology","level-inst","error","needs-review","Q215111","homomorphism","Q24034552","mathematical concept","","`instance of` whose value does not sit one metaclass level up","re-level one of the two items, or replace `instance of` by `subclass of`; level shifts affect the whole branch, so review by hand"
"data/enriched.wdkb","ontology","level-inst","error","needs-review","Q713084","artinian ring","Q24034552","mathematical concept","","`instance of` whose value does not sit one metaclass level up","re-level one of the two items, or replace `instance of` by `subclass of`; level shifts affect the whole branch, so review by hand"
"data/enriched.wdkb","ontology","level-inst","error","needs-review","Q21406562","field","Q66786238","mathematical term","","`instance of` whose value does not sit one metaclass level up","re-level one of the two items, or replace `instance of` by `subclass of`; level shifts affect the whole branch, so review by hand"
"data/enriched.wdkb","ontology","level-inst","error","needs-review","Q11348","function","Q24034552","mathematical concept","","`instance of` whose value does not sit one metaclass level up","re-level one of the two items, or replace `instance of` by `subclass of`; level shifts affect the whole branch, so review by hand"
"data/enriched.wdkb","ontology","level-inst","error","needs-review","Q488383","object","Q23958852","variable-order class","","`instance of` whose value does not sit one metaclass level up","re-level one of the two items, or replace `instance of` by `subclass of`; level shifts affect the whole branch, so review by hand"
"data/enriched.wdkb","ontology","level-inst","error","needs-review","Q488383","object","Q151885","concept","","`instance of` whose value does not sit one metaclass level up","re-level one of the two items, or replace `instance of` by `subclass of`; level shifts affect the whole branch, so review by hand"
"data/enriched.wdkb","ontology","level-inst","error","needs-review","Q488383","object","Q115471117","self-depicting entity","","`instance of` whose value does not sit one metaclass level up","re-level one of the two items, or replace `instance of` by `subclass of`; level shifts affect the whole branch, so review by hand"
"data/enriched.wdkb","ontology","level-inst","error","needs-review","Q96251598","type of object","Q23958852","variable-order class","","`instance of` whose value does not sit one metaclass level up","re-level one of the two items, or replace `instance of` by `subclass of`; level shifts affect the whole branch, so review by hand"
"data/enriched.wdkb","ontology","level-inst","error","needs-review","Q3622126","conceptual system","Q96116695","type of system","","`instance of` whose value does not sit one metaclass level up","re-level one of the two items, or replace `instance of` by `subclass of`; level shifts affect the whole branch, so review by hand"
"data/enriched.wdkb","ontology","level-inst","error","needs-review","Q96116695","type of system","Q23958852","variable-order class","","`instance of` whose value does not sit one metaclass level up","re-level one of the two items, or replace `instance of` by `subclass of`; level shifts affect the whole branch, so review by hand"
"data/enriched.wdkb","ontology","level-inst","error","needs-review","Q110402867","knowledge classification","Q121344523","type of classification","","`instance of` whose value does not sit one metaclass level up","re-level one of the two items, or replace `instance of` by `subclass of`; level shifts affect the whole branch, so review by hand"
"data/enriched.wdkb","ontology","level-inst","error","needs-review","Q7991","natural science","Q2465832","branch of science","","`instance of` whose value does not sit one metaclass level up","re-level one of the two items, or replace `instance of` by `subclass of`; level shifts affect the whole branch, so review by hand"
"data/enriched.wdkb","ontology","level-inst","error","needs-review","Q7991","natural science","Q11862829","academic discipline","","`instance of` whose value does not sit one metaclass level up","re-level one of the two items, or replace `instance of` by `subclass of`; level shifts affect the whole branch, so review by hand"
"data/enriched.wdkb","ontology","level-inst","error","needs-review","Q11862829","academic discipline","Q110402867","knowledge classification","","`instance of` whose value does not sit one metaclass level up","re-level one of the two items, or replace `instance of` by `subclass of`; level shifts affect the whole branch, so review by hand"
"data/enriched.wdkb","ontology","level-inst","error","needs-review","Q5962346","classification scheme","Q23958852","variable-order class","","`instance of` whose value does not sit one metaclass level up","re-level one of the two items, or replace `instance of` by `subclass of`; level shifts affect the whole branch, so review by hand"
"data/enriched.wdkb","ontology","level-inst","error","needs-review","Q109542218","class of parts","Q19478619","metaclass","","`instance of` whose value does not sit one metaclass level up","re-level one of the two items, or replace `instance of` by `subclass of`; level shifts affect the whole branch, so review by hand"
"data/enriched.wdkb","ontology","level-inst","error","needs-review","Q111972893","type of structure","Q23958852","variable-order class","","`instance of` whose value does not sit one metaclass level up","re-level one of the two items, or replace `instance of` by `subclass of`; level shifts affect the whole branch, so review by hand"
"data/enriched.wdkb","ontology","level-inst","error","needs-review","Q21146257","type","Q19478619","metaclass","","`instance of` whose value does not sit one metaclass level up","re-level one of the two items, or replace `instance of` by `subclass of`; level shifts affect the whole branch, so review by hand"
"data/enriched.wdkb","ontology","level-inst","error","needs-review","Q21146257","type","Q151885","concept","","`instance of` whose value does not sit one metaclass level up","re-level one of the two items, or replace `instance of` by `subclass of`; level shifts affect the whole branch, so review by hand"
"data/enriched.wdkb","ontology","level-inst","error","needs-review","Q21146257","type","Q115490628","fundamental Wikidata entity","","`instance of` whose value does not sit one metaclass level up","re-level one of the two items, or replace `instance of` by `subclass of`; level shifts affect the whole branch, so review by hand"
"data/enriched.wdkb","ontology","level-inst","error","needs-review","Q24017414","second-order class","Q24017465","third-order class","","`instance of` whose value does not sit one metaclass level up","re-level one of the two items, or replace `instance of` by `subclass of`; level shifts affect the whole branch, so review by hand"
"data/enriched.wdkb","ontology","level-inst","error","needs-review","Q1851710","structure (model theory)","Q111972893","type of structure","","`instance of` whose value does not sit one metaclass level up","re-level one of the two items, or replace `instance of` by `subclass of`; level shifts affect the whole branch, so review by hand"
"data/enriched.wdkb","ontology","level-inst","error","needs-review","Q151885","concept","Q23958852","variable-order class","","`instance of` whose value does not sit one metaclass level up","re-level one of the two items, or replace `instance of` by `subclass of`; level shifts affect the whole branch, so review by hand"
"data/enriched.wdkb","ontology","level-inst","error","needs-review","Q23958852","variable-order class","Q23958852","variable-order class","","`instance of` whose value does not sit one metaclass level up","re-level one of the two items, or replace `instance of` by `subclass of`; level shifts affect the whole branch, so review by hand"
"data/enriched.wdkb","ontology","level-inst","error","needs-review","Q177646","subset","Q130901","binary relation","","`instance of` whose value does not sit one metaclass level up","re-level one of the two items, or replace `instance of` by `subclass of`; level shifts affect the whole branch, so review by hand"
"data/enriched.wdkb","ontology","level-inst","error","needs-review","Q66786238","mathematical term","Q19478619","metaclass","","`instance of` whose value does not sit one metaclass level up","re-level one of the two items, or replace `instance of` by `subclass of`; level shifts affect the whole branch, so review by hand"
"data/enriched.wdkb","ontology","level-inst","error","needs-review","Q130901","binary relation","Q130324710","type of relation","","`instance of` whose value does not sit one metaclass level up","re-level one of the two items, or replace `instance of` by `subclass of`; level shifts affect the whole branch, so review by hand"
"data/enriched.wdkb","ontology","level-inst","error","needs-review","Q180969","","Q1936384","branch of mathematics","","`instance of` whose value does not sit one metaclass level up","re-level one of the two items, or replace `instance of` by `subclass of`; level shifts affect the whole branch, so review by hand"
"data/enriched.wdkb","ontology","level-inst","error","needs-review","Q3968","algebra","Q1936384","branch of mathematics","","`instance of` whose value does not sit one metaclass level up","re-level one of the two items, or replace `instance of` by `subclass of`; level shifts affect the whole branch, so review by hand"
"data/enriched.wdkb","ontology","level-inst","error","needs-review","Q3968","algebra","Q20026918","mathematical theory","","`instance of` whose value does not sit one metaclass level up","re-level one of the two items, or replace `instance of` by `subclass of`; level shifts affect the whole branch, so review by hand"
"data/enriched.wdkb","ontology","level-inst","error","needs-review","Q82571","","Q1936384","branch of mathematics","","`instance of` whose value does not sit one metaclass level up","re-level one of the two items, or replace `instance of` by `subclass of`; level shifts affect the whole branch, so review by hand"
"data/enriched.wdkb","ontology","level-inst","error","needs-review","Q82571","","Q20026918","mathematical theory","","`instance of` whose value does not sit one metaclass level up","re-level one of the two items, or replace `instance of` by `subclass of`; level shifts affect the whole branch, so review by hand"
"data/enriched.wdkb","ontology","level-inst","error","needs-review","Q1166618","mathematical logic","Q1936384","branch of mathematics","","`instance of` whose value does not sit one metaclass level up","re-level one of the two items, or replace `instance of` by `subclass of`; level shifts affect the whole branch, so review by hand"
"data/enriched.wdkb","ontology","level-inst","error","needs-review","Q1166618","mathematical logic","Q20026918","mathematical theory","","`instance of` whose value does not sit one metaclass level up","re-level one of the two items, or replace `instance of` by `subclass of`; level shifts affect the whole branch, so review by hand"
"data/enriched.wdkb","ontology","level-inst","error","needs-review","Q12479","","Q1936384","branch of mathematics","","`instance of` whose value does not sit one metaclass level up","re-level one of the two items, or replace `instance of` by `subclass of`; level shifts affect the whole branch, so review by hand"
"data/enriched.wdkb","ontology","level-inst","error","needs-review","Q12482","","Q1936384","branch of mathematics","","`instance of` whose value does not sit one metaclass level up","re-level one of the two items, or replace `instance of` by `subclass of`; level shifts affect the whole branch, so review by hand"
"data/enriched.wdkb","ontology","level-inst","error","needs-review","Q12482","","Q20026918","mathematical theory","","`instance of` whose value does not sit one metaclass level up","re-level one of the two items, or replace `instance of` by `subclass of`; level shifts affect the whole branch, so review by hand"
"data/enriched.wdkb","ontology","level-inst","error","needs-review","Q379825","element","Q4897819","role","","`instance of` whose value does not sit one metaclass level up","re-level one of the two items, or replace `instance of` by `subclass of`; level shifts affect the whole branch, so review by hand"
"data/enriched.wdkb","ontology","level-inst","error","needs-review","Q5358816","element","Q24034552","mathematical concept","","`instance of` whose value does not sit one metaclass level up","re-level one of the two items, or replace `instance of` by `subclass of`; level shifts affect the whole branch, so review by hand"
"data/enriched.wdkb","ontology","level-inst","error","needs-review","Q159943","","Q1936384","branch of mathematics","","`instance of` whose value does not sit one metaclass level up","re-level one of the two items, or replace `instance of` by `subclass of`; level shifts affect the whole branch, so review by hand"
"data/enriched.wdkb","ontology","level-inst","error","needs-review","Q188444","","Q1936384","branch of mathematics","","`instance of` whose value does not sit one metaclass level up","re-level one of the two items, or replace `instance of` by `subclass of`; level shifts affect the whole branch, so review by hand"
"data/enriched.wdkb","ontology","level-inst","error","needs-review","Q188444","","Q20026918","mathematical theory","","`instance of` whose value does not sit one metaclass level up","re-level one of the two items, or replace `instance of` by `subclass of`; level shifts affect the whole branch, so review by hand"
"data/enriched.wdkb","ontology","level-inst","error","needs-review","Q17736","","Q24034552","mathematical concept","","`instance of` whose value does not sit one metaclass level up","re-level one of the two items, or replace `instance of` by `subclass of`; level shifts affect the whole branch, so review by hand"
"data/enriched.wdkb","ontology","level-inst","error","needs-review","Q8087","","Q1936384","branch of mathematics","","`instance of` whose value does not sit one metaclass level up","re-level one of the two items, or replace `instance of` by `subclass of`; level shifts affect the whole branch, so review by hand"
"data/enriched.wdkb","ontology","level-inst","error","needs-review","Q131476","","Q11862829","academic discipline","","`instance of` whose value does not sit one metaclass level up","re-level one of the two items, or replace `instance of` by `subclass of`; level shifts affect the whole branch, so review by hand"
"data/enriched.wdkb","ontology","level-inst","error","needs-review","Q131476","","Q1936384","branch of mathematics","","`instance of` whose value does not sit one metaclass level up","re-level one of the two items, or replace `instance of` by `subclass of`; level shifts affect the whole branch, so review by hand"
"data/enriched.wdkb","ontology","level-inst","error","needs-review","Q131476","","Q2267705","field of study","","`instance of` whose value does not sit one metaclass level up","re-level one of the two items, or replace `instance of` by `subclass of`; level shifts affect the whole branch, so review by hand"
"data/enriched.wdkb","ontology","level-inst","error","needs-review","Q180953","","Q24034552","mathematical concept","","`instance of` whose value does not sit one metaclass level up","re-level one of the two items, or replace `instance of` by `subclass of`; level shifts affect the whole branch, so review by hand"
"data/enriched.wdkb","ontology","level-inst","error","needs-review","Q21198","computer science","Q11862829","academic discipline","","`instance of` whose value does not sit one metaclass level up","re-level one of the two items, or replace `instance of` by `subclass of`; level shifts affect the whole branch, so review by hand"
"data/enriched.wdkb","ontology","level-inst","error","needs-review","Q21198","computer science","Q4671286","academic major","","`instance of` whose value does not sit one metaclass level up","re-level one of the two items, or replace `instance of` by `subclass of`; level shifts affect the whole branch, so review by hand"
"data/enriched.wdkb","ontology","level-inst","error","needs-review","Q11563","number","Q24034552","mathematical concept","","`instance of` whose value does not sit one metaclass level up","re-level one of the two items, or replace `instance of` by `subclass of`; level shifts affect the whole branch, so review by hand"
"data/enriched.wdkb","ontology","level-inst","error","needs-review","Q11205","","Q29428373","tetrad","","`instance of` whose value does not sit one metaclass level up","re-level one of the two items, or replace `instance of` by `subclass of`; level shifts affect the whole branch, so review by hand"
"data/enriched.wdkb","ontology","level-inst","error","needs-review","Q190549","","Q20026918","mathematical theory","","`instance of` whose value does not sit one metaclass level up","re-level one of the two items, or replace `instance of` by `subclass of`; level shifts affect the whole branch, so review by hand"
"data/enriched.wdkb","ontology","level-inst","error","needs-review","Q44455","","Q1936384","branch of mathematics","","`instance of` whose value does not sit one metaclass level up","re-level one of the two items, or replace `instance of` by `subclass of`; level shifts affect the whole branch, so review by hand"
"data/enriched.wdkb","ontology","level-inst","error","needs-review","Q181296","","Q24034552","mathematical concept","","`instance of` whose value does not sit one metaclass level up","re-level one of the two items, or replace `instance of` by `subclass of`; level shifts affect the whole branch, so review by hand"
"data/enriched.wdkb","ontology","level-inst","error","needs-review","Q2085518","format","Q111972893","type of structure","","`instance of` whose value does not sit one metaclass level up","re-level one of the two items, or replace `instance of` by `subclass of`; level shifts affect the whole branch, so review by hand"
"data/enriched.wdkb","ontology","level-inst","error","needs-review","Q7754","","Q11862829","academic discipline","","`instance of` whose value does not sit one metaclass level up","re-level one of the two items, or replace `instance of` by `subclass of`; level shifts affect the whole branch, so review by hand"
"data/enriched.wdkb","ontology","level-inst","error","needs-review","Q7754","","Q20026918","mathematical theory","","`instance of` whose value does not sit one metaclass level up","re-level one of the two items, or replace `instance of` by `subclass of`; level shifts affect the whole branch, so review by hand"
"data/enriched.wdkb","ontology","level-inst","error","needs-review","Q11216","","Q1936384","branch of mathematics","","`instance of` whose value does not sit one metaclass level up","re-level one of the two items, or replace `instance of` by `subclass of`; level shifts affect the whole branch, so review by hand"
"data/enriched.wdkb","ontology","level-inst","error","needs-review","Q1183543","device","Q96251598","type of object","","`instance of` whose value does not sit one metaclass level up","re-level one of the two items, or replace `instance of` by `subclass of`; level shifts affect the whole branch, so review by hand"
"data/enriched.wdkb","ontology","level-inst","error","needs-review","Q115095765","location","Q104086571","first-order class","","`instance of` whose value does not sit one metaclass level up","re-level one of the two items, or replace `instance of` by `subclass of`; level shifts affect the whole branch, so review by hand"
"data/enriched.wdkb","ontology","level-inst","error","needs-review","Q76592","","Q1936384","branch of mathematics","","`instance of` whose value does not sit one metaclass level up","re-level one of the two items, or replace `instance of` by `subclass of`; level shifts affect the whole branch, so review by hand"
"data/enriched.wdkb","ontology","level-inst","error","needs-review","Q76592","","Q20026918","mathematical theory","","`instance of` whose value does not sit one metaclass level up","re-level one of the two items, or replace `instance of` by `subclass of`; level shifts affect the whole branch, so review by hand"
"data/enriched.wdkb","ontology","level-inst","error","needs-review","Q12916","real number","Q47460393","type of number","","`instance of` whose value does not sit one metaclass level up","re-level one of the two items, or replace `instance of` by `subclass of`; level shifts affect the whole branch, so review by hand"
"data/enriched.wdkb","ontology","level-inst","error","needs-review","Q1799072","method","Q1047113","field of study","","`instance of` whose value does not sit one metaclass level up","re-level one of the two items, or replace `instance of` by `subclass of`; level shifts affect the whole branch, so review by hand"
"data/enriched.wdkb","ontology","level-inst","error","needs-review","Q1799072","method","Q2267705","field of study","","`instance of` whose value does not sit one metaclass level up","re-level one of the two items, or replace `instance of` by `subclass of`; level shifts affect the whole branch, so review by hand"
"data/enriched.wdkb","ontology","level-inst","error","needs-review","Q193756","","Q1936384","branch of mathematics","","`instance of` whose value does not sit one metaclass level up","re-level one of the two items, or replace `instance of` by `subclass of`; level shifts affect the whole branch, so review by hand"
"data/enriched.wdkb","ontology","level-inst","error","needs-review","Q193756","","Q20026918","mathematical theory","","`instance of` whose value does not sit one metaclass level up","re-level one of the two items, or replace `instance of` by `subclass of`; level shifts affect the whole branch, so review by hand"
"data/enriched.wdkb","ontology","level-inst","error","needs-review","Q2143621","topos","Q24034552","mathematical concept","","`instance of` whose value does not sit one metaclass level up","re-level one of the two items, or replace `instance of` by `subclass of`; level shifts affect the whole branch, so review by hand"
"data/enriched.wdkb","ontology","level-inst","error","needs-review","Q156495","","Q1936384","branch of mathematics","","`instance of` whose value does not sit one metaclass level up","re-level one of the two items, or replace `instance of` by `subclass of`; level shifts affect the whole branch, so review by hand"
"data/enriched.wdkb","ontology","level-inst","error","needs-review","Q156495","","Q4162444","","","`instance of` whose value does not sit one metaclass level up","re-level one of the two items, or replace `instance of` by `subclass of`; level shifts affect the whole branch, so review by hand"
"data/enriched.wdkb","ontology","level-inst","error","needs-review","Q92552","","Q20026918","mathematical theory","","`instance of` whose value does not sit one metaclass level up","re-level one of the two items, or replace `instance of` by `subclass of`; level shifts affect the whole branch, so review by hand"
"data/enriched.wdkb","ontology","level-inst","error","needs-review","Q121416","","Q11862829","academic discipline","","`instance of` whose value does not sit one metaclass level up","re-level one of the two items, or replace `instance of` by `subclass of`; level shifts affect the whole branch, so review by hand"
"data/enriched.wdkb","ontology","level-inst","error","needs-review","Q121416","","Q20026918","mathematical theory","","`instance of` whose value does not sit one metaclass level up","re-level one of the two items, or replace `instance of` by `subclass of`; level shifts affect the whole branch, so review by hand"
"data/enriched.wdkb","ontology","level-inst","error","needs-review","Q121416","","Q1936384","branch of mathematics","","`instance of` whose value does not sit one metaclass level up","re-level one of the two items, or replace `instance of` by `subclass of`; level shifts affect the whole branch, so review by hand"
"data/enriched.wdkb","ontology","level-inst","error","needs-review","Q162886","","Q1936384","branch of mathematics","","`instance of` whose value does not sit one metaclass level up","re-level one of the two items, or replace `instance of` by `subclass of`; level shifts affect the whole branch, so review by hand"
"data/enriched.wdkb","ontology","level-inst","error","needs-review","Q149972","","Q1936384","branch of mathematics","","`instance of` whose value does not sit one metaclass level up","re-level one of the two items, or replace `instance of` by `subclass of`; level shifts affect the whole branch, so review by hand"
"data/enriched.wdkb","ontology","level-inst","error","needs-review","Q134787","","Q1936384","branch of mathematics","","`instance of` whose value does not sit one metaclass level up","re-level one of the two items, or replace `instance of` by `subclass of`; level shifts affect the whole branch, so review by hand"
"data/enriched.wdkb","ontology","level-inst","error","needs-review","Q622679","","Q24034552","mathematical concept","","`instance of` whose value does not sit one metaclass level up","re-level one of the two items, or replace `instance of` by `subclass of`; level shifts affect the whole branch, so review by hand"
"data/enriched.wdkb","ontology","level-inst","error","needs-review","Q12483","","Q4671286","academic major","","`instance of` whose value does not sit one metaclass level up","re-level one of the two items, or replace `instance of` by `subclass of`; level shifts affect the whole branch, so review by hand"
"data/enriched.wdkb","ontology","level-inst","error","needs-review","Q5862903","","Q1936384","branch of mathematics","","`instance of` whose value does not sit one metaclass level up","re-level one of the two items, or replace `instance of` by `subclass of`; level shifts affect the whole branch, so review by hand"
"data/enriched.wdkb","ontology","level-inst","error","needs-review","Q5862903","","Q20026918","mathematical theory","","`instance of` whose value does not sit one metaclass level up","re-level one of the two items, or replace `instance of` by `subclass of`; level shifts affect the whole branch, so review by hand"
"data/enriched.wdkb","ontology","level-inst","error","needs-review","Q1224402","","Q1936384","branch of mathematics","","`instance of` whose value does not sit one metaclass level up","re-level one of the two items, or replace `instance of` by `subclass of`; level shifts affect the whole branch, so review by hand"
"data/enriched.wdkb","ontology","level-inst","error","needs-review","Q844718","","Q11862829","academic discipline","","`instance of` whose value does not sit one metaclass level up","re-level one of the two items, or replace `instance of` by `subclass of`; level shifts affect the whole branch, so review by hand"
"data/enriched.wdkb","ontology","level-inst","error","needs-review","Q1636734","","Q1936384","branch of mathematics","","`instance of` whose value does not sit one metaclass level up","re-level one of the two items, or replace `instance of` by `subclass of`; level shifts affect the whole branch, so review by hand"
"data/enriched.wdkb","ontology","level-inst","error","needs-review","Q192276","measure","Q3924032","mathematical property","","`instance of` whose value does not sit one metaclass level up","re-level one of the two items, or replace `instance of` by `subclass of`; level shifts affect the whole branch, so review by hand"
"data/enriched.wdkb","ontology","level-inst","error","needs-review","Q130998","equivalence relation","Q130324710","type of relation","","`instance of` whose value does not sit one metaclass level up","re-level one of the two items, or replace `instance of` by `subclass of`; level shifts affect the whole branch, so review by hand"
"data/enriched.wdkb","ontology","level-inst","error","needs-review","Q937228","property","Q19478619","metaclass","","`instance of` whose value does not sit one metaclass level up","re-level one of the two items, or replace `instance of` by `subclass of`; level shifts affect the whole branch, so review by hand"
"data/enriched.wdkb","ontology","level-inst","error","needs-review","Q937228","property","Q714737","category of being","","`instance of` whose value does not sit one metaclass level up","re-level one of the two items, or replace `instance of` by `subclass of`; level shifts affect the whole branch, so review by hand"
"data/events.wdkb","ontology","level-inst","error","needs-review","Q1190554","occurrence","Q108586636","form of event","","`instance of` whose value does not sit one metaclass level up","re-level one of the two items, or replace `instance of` by `subclass of`; level shifts affect the whole branch, so review by hand"
"data/events.wdkb","ontology","level-inst","error","needs-review","Q198","war","Q125092269","type of conflict","","`instance of` whose value does not sit one metaclass level up","re-level one of the two items, or replace `instance of` by `subclass of`; level shifts affect the whole branch, so review by hand"
"data/events.wdkb","ontology","level-inst","error","needs-review","Q1914636","activity","Q116505632","type of process","","`instance of` whose value does not sit one metaclass level up","re-level one of the two items, or replace `instance of` by `subclass of`; level shifts affect the whole branch, so review by hand"
"data/events.wdkb","ontology","level-inst","error","needs-review","Q140451665","event","Q140458154","type of abstract object","","`instance of` whose value does not sit one metaclass level up","re-level one of the two items, or replace `instance of` by `subclass of`; level shifts affect the whole branch, so review by hand"
"data/events.wdkb","ontology","level-inst","error","needs-review","Q7406919","service","Q63981612","product category","","`instance of` whose value does not sit one metaclass level up","re-level one of the two items, or replace `instance of` by `subclass of`; level shifts affect the whole branch, so review by hand"
"data/events.wdkb","ontology","level-inst","error","needs-review","Q108586636","form of event","Q19478619","metaclass","","`instance of` whose value does not sit one metaclass level up","re-level one of the two items, or replace `instance of` by `subclass of`; level shifts affect the whole branch, so review by hand"
"data/events.wdkb","ontology","level-inst","error","needs-review","Q108586636","form of event","Q24017414","second-order class","","`instance of` whose value does not sit one metaclass level up","re-level one of the two items, or replace `instance of` by `subclass of`; level shifts affect the whole branch, so review by hand"
"data/events.wdkb","ontology","level-inst","error","needs-review","Q350604","armed conflict","Q125092269","type of conflict","","`instance of` whose value does not sit one metaclass level up","re-level one of the two items, or replace `instance of` by `subclass of`; level shifts affect the whole branch, so review by hand"
"data/events.wdkb","ontology","level-inst","error","needs-review","Q1920219","social issue","Q130286945","type of problem","","`instance of` whose value does not sit one metaclass level up","re-level one of the two items, or replace `instance of` by `subclass of`; level shifts affect the whole branch, so review by hand"
"data/events.wdkb","ontology","level-inst","error","needs-review","Q17091170","group conflict","Q125092269","type of conflict","","`instance of` whose value does not sit one metaclass level up","re-level one of the two items, or replace `instance of` by `subclass of`; level shifts affect the whole branch, so review by hand"
"data/events.wdkb","ontology","level-inst","error","needs-review","Q125092269","type of conflict","Q19478619","metaclass","","`instance of` whose value does not sit one metaclass level up","re-level one of the two items, or replace `instance of` by `subclass of`; level shifts affect the whole branch, so review by hand"
"data/events.wdkb","ontology","level-inst","error","needs-review","Q17524420","aspect of history","Q19478619","metaclass","","`instance of` whose value does not sit one metaclass level up","re-level one of the two items, or replace `instance of` by `subclass of`; level shifts affect the whole branch, so review by hand"
"data/events.wdkb","ontology","level-inst","error","needs-review","Q11235244","domain","Q137022846","type of region","","`instance of` whose value does not sit one metaclass level up","re-level one of the two items, or replace `instance of` by `subclass of`; level shifts affect the whole branch, so review by hand"
"data/events.wdkb","ontology","level-inst","error","needs-review","Q3249551","process","Q124711104","BFO class","","`instance of` whose value does not sit one metaclass level up","re-level one of the two items, or replace `instance of` by `subclass of`; level shifts affect the whole branch, so review by hand"
"data/events.wdkb","ontology","level-inst","error","needs-review","Q67518978","occurrent","Q124711104","BFO class","","`instance of` whose value does not sit one metaclass level up","re-level one of the two items, or replace `instance of` by `subclass of`; level shifts affect the whole branch, so review by hand"
"data/events.wdkb","ontology","level-inst","error","needs-review","Q116505632","type of process","Q24017414","second-order class","","`instance of` whose value does not sit one metaclass level up","re-level one of the two items, or replace `instance of` by `subclass of`; level shifts affect the whole branch, so review by hand"
"data/events.wdkb","ontology","level-inst","error","needs-review","Q2897903","goods and services","Q29028649","economic concept","","`instance of` whose value does not sit one metaclass level up","re-level one of the two items, or replace `instance of` by `subclass of`; level shifts affect the whole branch, so review by hand"
"data/events.wdkb","ontology","level-inst","error","needs-review","Q2424752","product","Q29028649","economic concept","","`instance of` whose value does not sit one metaclass level up","re-level one of the two items, or replace `instance of` by `subclass of`; level shifts affect the whole branch, so review by hand"
"data/events.wdkb","ontology","level-inst","error","needs-review","Q2424752","product","Q96251598","type of object","","`instance of` whose value does not sit one metaclass level up","re-level one of the two items, or replace `instance of` by `subclass of`; level shifts affect the whole branch, so review by hand"
"data/events.wdkb","ontology","level-inst","error","needs-review","Q29028649","economic concept","Q137429456","type of concept","","`instance of` whose value does not sit one metaclass level up","re-level one of the two items, or replace `instance of` by `subclass of`; level shifts affect the whole branch, so review by hand"
"data/events.wdkb","ontology","level-inst","error","needs-review","Q63981612","product category","Q19478619","metaclass","","`instance of` whose value does not sit one metaclass level up","re-level one of the two items, or replace `instance of` by `subclass of`; level shifts affect the whole branch, so review by hand"
"data/events.wdkb","ontology","level-inst","error","needs-review","Q63981612","product category","Q24017414","second-order class","","`instance of` whose value does not sit one metaclass level up","re-level one of the two items, or replace `instance of` by `subclass of`; level shifts affect the whole branch, so review by hand"
"data/events.wdkb","ontology","level-inst","error","needs-review","Q140458154","type of abstract object","Q24017414","second-order class","","`instance of` whose value does not sit one metaclass level up","re-level one of the two items, or replace `instance of` by `subclass of`; level shifts affect the whole branch, so review by hand"
"data/events.wdkb","ontology","level-inst","error","needs-review","Q71266556","warfare and armed conflicts","Q125092269","type of conflict","","`instance of` whose value does not sit one metaclass level up","re-level one of the two items, or replace `instance of` by `subclass of`; level shifts affect the whole branch, so review by hand"
"data/events.wdkb","ontology","level-inst","error","needs-review","Q130286945","type of problem","Q19478619","metaclass","","`instance of` whose value does not sit one metaclass level up","re-level one of the two items, or replace `instance of` by `subclass of`; level shifts affect the whole branch, so review by hand"
"data/events.wdkb","ontology","level-inst","error","needs-review","Q180684","conflict","Q116505632","type of process","","`instance of` whose value does not sit one metaclass level up","re-level one of the two items, or replace `instance of` by `subclass of`; level shifts affect the whole branch, so review by hand"
"data/events.wdkb","ontology","level-inst","error","needs-review","Q180684","conflict","Q123345464","type of interaction","","`instance of` whose value does not sit one metaclass level up","re-level one of the two items, or replace `instance of` by `subclass of`; level shifts affect the whole branch, so review by hand"
"data/events.wdkb","ontology","level-inst","error","needs-review","Q123345464","type of interaction","Q24017414","second-order class","","`instance of` whose value does not sit one metaclass level up","re-level one of the two items, or replace `instance of` by `subclass of`; level shifts affect the whole branch, so review by hand"
"data/events.wdkb","ontology","level-inst","error","needs-review","Q137022846","type of region","Q24017414","second-order class","","`instance of` whose value does not sit one metaclass level up","re-level one of the two items, or replace `instance of` by `subclass of`; level shifts affect the whole branch, so review by hand"
"data/events.wdkb","ontology","level-inst","error","needs-review","Q19478619","metaclass","Q151885","concept","","`instance of` whose value does not sit one metaclass level up","re-level one of the two items, or replace `instance of` by `subclass of`; level shifts affect the whole branch, so review by hand"
"data/events.wdkb","ontology","level-inst","error","needs-review","Q19478619","metaclass","Q19868531","formal ontology concept","","`instance of` whose value does not sit one metaclass level up","re-level one of the two items, or replace `instance of` by `subclass of`; level shifts affect the whole branch, so review by hand"
"data/frontier.wdkb","ontology","level-inst","error","needs-review","Q24027526","fixed-order class of higher order","Q23958852","variable-order class","","`instance of` whose value does not sit one metaclass level up","re-level one of the two items, or replace `instance of` by `subclass of`; level shifts affect the whole branch, so review by hand"
"data/frontier.wdkb","ontology","level-inst","error","needs-review","Q8425","society","Q151885","concept","","`instance of` whose value does not sit one metaclass level up","re-level one of the two items, or replace `instance of` by `subclass of`; level shifts affect the whole branch, so review by hand"
"data/frontier.wdkb","ontology","level-inst","error","needs-review","Q33104129","sociological concept","Q19478619","metaclass","","`instance of` whose value does not sit one metaclass level up","re-level one of the two items, or replace `instance of` by `subclass of`; level shifts affect the whole branch, so review by hand"
"data/frontier.wdkb","ontology","level-inst","error","needs-review","Q125598210","immaterial entity type","Q24017414","second-order class","","`instance of` whose value does not sit one metaclass level up","re-level one of the two items, or replace `instance of` by `subclass of`; level shifts affect the whole branch, so review by hand"
"data/frontier.wdkb","ontology","level-inst","error","needs-review","Q3268571","administrative territorial entity of a single country","Q15617994","administrative territorial entity type","","`instance of` whose value does not sit one metaclass level up","re-level one of the two items, or replace `instance of` by `subclass of`; level shifts affect the whole branch, so review by hand"
"data/frontier.wdkb","ontology","level-inst","error","needs-review","Q15042037","statistical territorial entity","Q15709883","statistical definition","","`instance of` whose value does not sit one metaclass level up","re-level one of the two items, or replace `instance of` by `subclass of`; level shifts affect the whole branch, so review by hand"
"data/frontier.wdkb","ontology","level-inst","error","needs-review","Q15284","municipality","Q15617994","administrative territorial entity type","","`instance of` whose value does not sit one metaclass level up","re-level one of the two items, or replace `instance of` by `subclass of`; level shifts affect the whole branch, so review by hand"
"data/frontier.wdkb","ontology","level-inst","error","needs-review","Q16334295","group of humans","Q138665581","type of set","","`instance of` whose value does not sit one metaclass level up","re-level one of the two items, or replace `instance of` by `subclass of`; level shifts affect the whole branch, so review by hand"
"data/frontier.wdkb","ontology","level-inst","error","needs-review","Q659390","construct","Q33104279","philosophical concept","","`instance of` whose value does not sit one metaclass level up","re-level one of the two items, or replace `instance of` by `subclass of`; level shifts affect the whole branch, so review by hand"
"data/frontier.wdkb","ontology","level-inst","error","needs-review","Q2752458","administrative type","Q2712963","abstract noun","","`instance of` whose value does not sit one metaclass level up","re-level one of the two items, or replace `instance of` by `subclass of`; level shifts affect the whole branch, so review by hand"
"data/frontier.wdkb","ontology","level-inst","error","needs-review","Q2752458","administrative type","Q5962346","classification scheme","","`instance of` whose value does not sit one metaclass level up","re-level one of the two items, or replace `instance of` by `subclass of`; level shifts affect the whole branch, so review by hand"
"data/frontier.wdkb","ontology","level-inst","error","needs-review","Q28108","political system","Q96116695","type of system","","`instance of` whose value does not sit one metaclass level up","re-level one of the two items, or replace `instance of` by `subclass of`; level shifts affect the whole branch, so review by hand"
"data/frontier.wdkb","ontology","level-inst","error","needs-review","Q28877","good/s","Q64513524","economic term","","`instance of` whose value does not sit one metaclass level up","re-level one of the two items, or replace `instance of` by `subclass of`; level shifts affect the whole branch, so review by hand"
"data/frontier.wdkb","ontology","level-inst","error","needs-review","Q28877","good/s","Q96251598","type of object","","`instance of` whose value does not sit one metaclass level up","re-level one of the two items, or replace `instance of` by `subclass of`; level shifts affect the whole branch, so review by hand"
"data/frontier.wdkb","ontology","level-inst","error","needs-review","Q3523102","source of information","Q112234259","source type","","`instance of` whose value does not sit one metaclass level up","re-level one of the two items, or replace `instance of` by `subclass of`; level shifts affect the whole branch, so review by hand"
"data/frontier.wdkb","ontology","level-inst","error","needs-review","Q1554231","resource","Q131362181","social science concept","","`instance of` whose value does not sit one metaclass level up","re-level one of the two items, or replace `instance of` by `subclass of`; level shifts affect the whole branch, so review by hand"
"data/frontier.wdkb","ontology","level-inst","error","needs-review","Q135412187","resource type","Q19478619","metaclass","","`instance of` whose value does not sit one metaclass level up","re-level one of the two items, or replace `instance of` by `subclass of`; level shifts affect the whole branch, so review by hand"
"data/frontier.wdkb","ontology","level-inst","error","needs-review","Q135268497","Group of 5","Q2360980","unit of amount","","`instance of` whose value does not sit one metaclass level up","re-level one of the two items, or replace `instance of` by `subclass of`; level shifts affect the whole branch, so review by hand"
"data/frontier.wdkb","ontology","level-inst","error","needs-review","Q6630149","narrative form","Q19478619","metaclass","","`instance of` whose value does not sit one metaclass level up","re-level one of the two items, or replace `instance of` by `subclass of`; level shifts affect the whole branch, so review by hand"
"data/frontier.wdkb","ontology","level-inst","error","needs-review","Q29428403","pentad","Q99469810","type of fixed-size set or group","","`instance of` whose value does not sit one metaclass level up","re-level one of the two items, or replace `instance of` by `subclass of`; level shifts affect the whole branch, so review by hand"
"data/frontier.wdkb","ontology","level-inst","error","needs-review","Q2217301","serial","Q39725049","type of publication","","`instance of` whose value does not sit one metaclass level up","re-level one of the two items, or replace `instance of` by `subclass of`; level shifts affect the whole branch, so review by hand"
"data/frontier.wdkb","ontology","level-inst","error","needs-review","Q7725310","series of creative works","Q140354053","type of series","","`instance of` whose value does not sit one metaclass level up","re-level one of the two items, or replace `instance of` by `subclass of`; level shifts affect the whole branch, so review by hand"
"data/frontier.wdkb","ontology","level-inst","error","needs-review","Q140354053","type of series","Q19478619","metaclass","","`instance of` whose value does not sit one metaclass level up","re-level one of the two items, or replace `instance of` by `subclass of`; level shifts affect the whole branch, so review by hand"
"data/frontier.wdkb","ontology","level-inst","error","needs-review","Q134601860","class of person","Q19478619","metaclass","","`instance of` whose value does not sit one metaclass level up","re-level one of the two items, or replace `instance of` by `subclass of`; level shifts affect the whole branch, so review by hand"
"data/frontier.wdkb","ontology","level-inst","error","needs-review","Q15978631","Homo sapiens","Q16521","taxon","","`instance of` whose value does not sit one metaclass level up","re-level one of the two items, or replace `instance of` by `subclass of`; level shifts affect the whole branch, so review by hand"
"data/frontier.wdkb","ontology","level-inst","error","needs-review","Q134264207","class of human","Q24017414","second-order class","","`instance of` whose value does not sit one metaclass level up","re-level one of the two items, or replace `instance of` by `subclass of`; level shifts affect the whole branch, so review by hand"
"data/frontier.wdkb","ontology","level-inst","error","needs-review","Q1914017","knowledge worker","Q12737077","occupation","","`instance of` whose value does not sit one metaclass level up","re-level one of the two items, or replace `instance of` by `subclass of`; level shifts affect the whole branch, so review by hand"
"data/frontier.wdkb","ontology","level-inst","error","needs-review","Q3400985","academic","Q28640","profession","","`instance of` whose value does not sit one metaclass level up","re-level one of the two items, or replace `instance of` by `subclass of`; level shifts affect the whole branch, so review by hand"
"data/frontier.wdkb","ontology","level-inst","error","needs-review","Q795052","individual","Q7887142","unit of analysis","","`instance of` whose value does not sit one metaclass level up","re-level one of the two items, or replace `instance of` by `subclass of`; level shifts affect the whole branch, so review by hand"
"data/frontier.wdkb","ontology","level-inst","error","needs-review","Q13406463","Wikimedia list article","Q14204246","Wikimedia project page","","`instance of` whose value does not sit one metaclass level up","re-level one of the two items, or replace `instance of` by `subclass of`; level shifts affect the whole branch, so review by hand"
"data/frontier.wdkb","ontology","level-inst","error","needs-review","Q627436","field of work","Q19478619","metaclass","","`instance of` whose value does not sit one metaclass level up","re-level one of the two items, or replace `instance of` by `subclass of`; level shifts affect the whole branch, so review by hand"
"data/frontier.wdkb","ontology","level-inst","error","needs-review","Q483394","genre","Q121344523","type of classification","","`instance of` whose value does not sit one metaclass level up","re-level one of the two items, or replace `instance of` by `subclass of`; level shifts affect the whole branch, so review by hand"
"data/frontier.wdkb","ontology","level-inst","error","needs-review","Q125542526","type of activity","Q19478619","metaclass","","`instance of` whose value does not sit one metaclass level up","re-level one of the two items, or replace `instance of` by `subclass of`; level shifts affect the whole branch, so review by hand"
"data/frontier.wdkb","ontology","level-inst","error","needs-review","Q1485500","tangible good","Q137425179","type of good","","`instance of` whose value does not sit one metaclass level up","re-level one of the two items, or replace `instance of` by `subclass of`; level shifts affect the whole branch, so review by hand"
"data/frontier.wdkb","ontology","level-inst","error","needs-review","Q66664364","linguistic term","Q137426749","type of term","","`instance of` whose value does not sit one metaclass level up","re-level one of the two items, or replace `instance of` by `subclass of`; level shifts affect the whole branch, so review by hand"
"data/frontier.wdkb","ontology","level-inst","error","needs-review","Q28923954","languoid class","Q19478619","metaclass","","`instance of` whose value does not sit one metaclass level up","re-level one of the two items, or replace `instance of` by `subclass of`; level shifts affect the whole branch, so review by hand"
"data/frontier.wdkb","ontology","level-inst","error","needs-review","Q475023","exact science","Q2465832","branch of science","","`instance of` whose value does not sit one metaclass level up","re-level one of the two items, or replace `instance of` by `subclass of`; level shifts affect the whole branch, so review by hand"
"data/frontier.wdkb","ontology","level-inst","error","needs-review","Q34104","science and technology","Q11862829","academic discipline","","`instance of` whose value does not sit one metaclass level up","re-level one of the two items, or replace `instance of` by `subclass of`; level shifts affect the whole branch, so review by hand"
"data/frontier.wdkb","ontology","level-inst","error","needs-review","Q34104","science and technology","Q29431432","dyad","","`instance of` whose value does not sit one metaclass level up","re-level one of the two items, or replace `instance of` by `subclass of`; level shifts affect the whole branch, so review by hand"
"data/frontier.wdkb","ontology","level-inst","error","needs-review","Q781413","cognitive process","Q116505632","type of process","","`instance of` whose value does not sit one metaclass level up","re-level one of the two items, or replace `instance of` by `subclass of`; level shifts affect the whole branch, so review by hand"
"data/frontier.wdkb","ontology","level-inst","error","needs-review","Q55915575","scholarly work","Q4263830","literary form","","`instance of` whose value does not sit one metaclass level up","re-level one of the two items, or replace `instance of` by `subclass of`; level shifts affect the whole branch, so review by hand"
"data/frontier.wdkb","ontology","level-inst","error","needs-review","Q12042160","scientific non-fiction literature","Q13405586","non-fiction literature genre","","`instance of` whose value does not sit one metaclass level up","re-level one of the two items, or replace `instance of` by `subclass of`; level shifts affect the whole branch, so review by hand"
"data/frontier.wdkb","ontology","level-inst","error","needs-review","Q591041","scientific publication","Q39725049","type of publication","","`instance of` whose value does not sit one metaclass level up","re-level one of the two items, or replace `instance of` by `subclass of`; level shifts affect the whole branch, so review by hand"
"data/frontier.wdkb","ontology","level-inst","error","needs-review","Q36161","set","Q6453739","primitive notion","","`instance of` whose value does not sit one metaclass level up","re-level one of the two items, or replace `instance of` by `subclass of`; level shifts affect the whole branch, so review by hand"
"data/frontier.wdkb","ontology","level-inst","error","needs-review","Q107223533","relation (mathematics)","Q130324710","type of relation","","`instance of` whose value does not sit one metaclass level up","re-level one of the two items, or replace `instance of` by `subclass of`; level shifts affect the whole branch, so review by hand"
"data/frontier.wdkb","ontology","level-inst","error","needs-review","Q12916","real number","Q47460393","type of number","","`instance of` whose value does not sit one metaclass level up","re-level one of the two items, or replace `instance of` by `subclass of`; level shifts affect the whole branch, so review by hand"
"data/frontier.wdkb","ontology","level-inst","error","needs-review","Q11567","complex number","Q47460393","type of number","","`instance of` whose value does not sit one metaclass level up","re-level one of the two items, or replace `instance of` by `subclass of`; level shifts affect the whole branch, so review by hand"
"data/frontier.wdkb","ontology","level-inst","error","needs-review","Q11563","number","Q24034552","mathematical concept","","`instance of` whose value does not sit one metaclass level up","re-level one of the two items, or replace `instance of` by `subclass of`; level shifts affect the whole branch, so review by hand"
"data/frontier.wdkb","ontology","level-inst","error","needs-review","Q379825","element","Q4897819","role","","`instance of` whose value does not sit one metaclass level up","re-level one of the two items, or replace `instance of` by `subclass of`; level shifts affect the whole branch, so review by hand"
"data/frontier.wdkb","ontology","level-inst","error","needs-review","Q103812671","anatomical entity type","Q103997133","indirect anatomical metaclass","","`instance of` whose value does not sit one metaclass level up","re-level one of the two items, or replace `instance of` by `subclass of`; level shifts affect the whole branch, so review by hand"
"data/frontier.wdkb","ontology","level-inst","error","needs-review","Q103940464","continuant","Q124711104","BFO class","","`instance of` whose value does not sit one metaclass level up","re-level one of the two items, or replace `instance of` by `subclass of`; level shifts affect the whole branch, so review by hand"
"data/frontier.wdkb","ontology","level-inst","error","needs-review","Q136772242","type of living thing","Q19478619","metaclass","","`instance of` whose value does not sit one metaclass level up","re-level one of the two items, or replace `instance of` by `subclass of`; level shifts affect the whole branch, so review by hand"
"data/frontier.wdkb","ontology","level-inst","error","needs-review","Q1454986","physical system","Q96116695","type of system","","`instance of` whose value does not sit one metaclass level up","re-level one of the two items, or replace `instance of` by `subclass of`; level shifts affect the whole branch, so review by hand"
"data/frontier.wdkb","ontology","level-inst","error","needs-review","Q6671777","structure","Q33104279","philosophical concept","","`instance of` whose value does not sit one metaclass level up","re-level one of the two items, or replace `instance of` by `subclass of`; level shifts affect the whole branch, so review by hand"
"data/frontier.wdkb","ontology","level-inst","error","needs-review","Q169336","mixture","Q17339814","group or class of chemical substances","","`instance of` whose value does not sit one metaclass level up","re-level one of the two items, or replace `instance of` by `subclass of`; level shifts affect the whole branch, so review by hand"
"data/frontier.wdkb","ontology","level-inst","error","needs-review","Q355679","carboxamides","Q47154513","structural class of chemical entities","","`instance of` whose value does not sit one metaclass level up","re-level one of the two items, or replace `instance of` by `subclass of`; level shifts affect the whole branch, so review by hand"
"data/frontier.wdkb","ontology","level-inst","error","needs-review","Q1207505","quality","Q33104279","philosophical concept","","`instance of` whose value does not sit one metaclass level up","re-level one of the two items, or replace `instance of` by `subclass of`; level shifts affect the whole branch, so review by hand"
"data/frontier.wdkb","ontology","level-inst","error","needs-review","Q2169973","service provider","Q12737077","occupation","","`instance of` whose value does not sit one metaclass level up","re-level one of the two items, or replace `instance of` by `subclass of`; level shifts affect the whole branch, so review by hand"
"data/frontier.wdkb","ontology","level-inst","error","needs-review","Q132759797","pedagogic institution","Q117023459","type of institution","","`instance of` whose value does not sit one metaclass level up","re-level one of the two items, or replace `instance of` by `subclass of`; level shifts affect the whole branch, so review by hand"
"data/frontier.wdkb","ontology","level-inst","error","needs-review","Q178706","institution","Q96251598","type of object","","`instance of` whose value does not sit one metaclass level up","re-level one of the two items, or replace `instance of` by `subclass of`; level shifts affect the whole branch, so review by hand"
"data/frontier.wdkb","ontology","level-inst","error","needs-review","Q178706","institution","Q111972893","type of structure","","`instance of` whose value does not sit one metaclass level up","re-level one of the two items, or replace `instance of` by `subclass of`; level shifts affect the whole branch, so review by hand"
"data/frontier.wdkb","ontology","level-inst","error","needs-review","Q178706","institution","Q96116695","type of system","","`instance of` whose value does not sit one metaclass level up","re-level one of the two items, or replace `instance of` by `subclass of`; level shifts affect the whole branch, so review by hand"
"data/frontier.wdkb","ontology","level-inst","error","needs-review","Q136410232","research organization","Q17197366","type of organization","","`instance of` whose value does not sit one metaclass level up","re-level one of the two items, or replace `instance of` by `subclass of`; level shifts affect the whole branch, so review by hand"
"data/frontier.wdkb","ontology","level-inst","error","needs-review","Q5341295","educational organization","Q17197366","type of organization","","`instance of` whose value does not sit one metaclass level up","re-level one of the two items, or replace `instance of` by `subclass of`; level shifts affect the whole branch, so review by hand"
"data/frontier.wdkb","ontology","level-inst","error","needs-review","Q3695082","sign","Q151885","concept","","`instance of` whose value does not sit one metaclass level up","re-level one of the two items, or replace `instance of` by `subclass of`; level shifts affect the whole branch, so review by hand"
"data/frontier.wdkb","ontology","level-inst","error","needs-review","Q115491417","description","Q7320446","rhetorical mode","","`instance of` whose value does not sit one metaclass level up","re-level one of the two items, or replace `instance of` by `subclass of`; level shifts affect the whole branch, so review by hand"
"data/frontier.wdkb","ontology","level-inst","error","needs-review","Q3505845","state","Q151885","concept","","`instance of` whose value does not sit one metaclass level up","re-level one of the two items, or replace `instance of` by `subclass of`; level shifts affect the whole branch, so review by hand"
"data/frontier.wdkb","ontology","level-inst","error","needs-review","Q813912","condition","Q151885","concept","","`instance of` whose value does not sit one metaclass level up","re-level one of the two items, or replace `instance of` by `subclass of`; level shifts affect the whole branch, so review by hand"
"data/frontier.wdkb","ontology","level-inst","error","needs-review","Q813912","condition","Q104086571","first-order class","","`instance of` whose value does not sit one metaclass level up","re-level one of the two items, or replace `instance of` by `subclass of`; level shifts affect the whole branch, so review by hand"
"data/frontier.wdkb","ontology","level-inst","error","needs-review","Q122764215","personal risk","Q101208084","type of risk","","`instance of` whose value does not sit one metaclass level up","re-level one of the two items, or replace `instance of` by `subclass of`; level shifts affect the whole branch, so review by hand"
"data/frontier.wdkb","ontology","level-inst","error","needs-review","Q101208084","type of risk","Q19478619","metaclass","","`instance of` whose value does not sit one metaclass level up","re-level one of the two items, or replace `instance of` by `subclass of`; level shifts affect the whole branch, so review by hand"
"data/frontier.wdkb","ontology","level-inst","error","needs-review","Q111752858","physicochemical process","Q116505632","type of process","","`instance of` whose value does not sit one metaclass level up","re-level one of the two items, or replace `instance of` by `subclass of`; level shifts affect the whole branch, so review by hand"
"data/frontier.wdkb","ontology","level-inst","error","needs-review","Q125506646","transfer","Q116505632","type of process","","`instance of` whose value does not sit one metaclass level up","re-level one of the two items, or replace `instance of` by `subclass of`; level shifts affect the whole branch, so review by hand"
"data/frontier.wdkb","ontology","level-inst","error","needs-review","Q2976602","industry classification scheme","Q121344523","type of classification","","`instance of` whose value does not sit one metaclass level up","re-level one of the two items, or replace `instance of` by `subclass of`; level shifts affect the whole branch, so review by hand"
"data/frontier.wdkb","ontology","level-inst","error","needs-review","Q131362181","social science concept","Q137429456","type of concept","","`instance of` whose value does not sit one metaclass level up","re-level one of the two items, or replace `instance of` by `subclass of`; level shifts affect the whole branch, so review by hand"
"data/frontier.wdkb","ontology","level-inst","error","needs-review","Q24902509","human activity","Q125542526","type of activity","","`instance of` whose value does not sit one metaclass level up","re-level one of the two items, or replace `instance of` by `subclass of`; level shifts affect the whole branch, so review by hand"
"data/frontier.wdkb","ontology","level-inst","error","needs-review","Q115431196","violent conflict","Q125092269","type of conflict","","`instance of` whose value does not sit one metaclass level up","re-level one of the two items, or replace `instance of` by `subclass of`; level shifts affect the whole branch, so review by hand"
"data/frontier.wdkb","ontology","level-inst","error","needs-review","Q2141565","situation","Q130459448","type of condition","","`instance of` whose value does not sit one metaclass level up","re-level one of the two items, or replace `instance of` by `subclass of`; level shifts affect the whole branch, so review by hand"
"data/frontier.wdkb","ontology","level-inst","error","needs-review","Q68482296","military activity","Q16889133","class","","`instance of` whose value does not sit one metaclass level up","re-level one of the two items, or replace `instance of` by `subclass of`; level shifts affect the whole branch, so review by hand"
"data/frontier.wdkb","ontology","level-inst","error","needs-review","Q86923152","risk source","Q112234259","source type","","`instance of` whose value does not sit one metaclass level up","re-level one of the two items, or replace `instance of` by `subclass of`; level shifts affect the whole branch, so review by hand"
"data/frontier.wdkb","ontology","level-inst","error","needs-review","Q4897819","role","Q124711104","BFO class","","`instance of` whose value does not sit one metaclass level up","re-level one of the two items, or replace `instance of` by `subclass of`; level shifts affect the whole branch, so review by hand"
"data/frontier.wdkb","ontology","level-inst","error","needs-review","Q138665581","type of set","Q24017414","second-order class","","`instance of` whose value does not sit one metaclass level up","re-level one of the two items, or replace `instance of` by `subclass of`; level shifts affect the whole branch, so review by hand"
"data/frontier.wdkb","ontology","level-inst","error","needs-review","Q179899","topological space","Q24034552","mathematical concept","","`instance of` whose value does not sit one metaclass level up","re-level one of the two items, or replace `instance of` by `subclass of`; level shifts affect the whole branch, so review by hand"
"data/frontier.wdkb","ontology","level-inst","error","needs-review","Q110832782","software resource","Q14946528","conflation","","`instance of` whose value does not sit one metaclass level up","re-level one of the two items, or replace `instance of` by `subclass of`; level shifts affect the whole branch, so review by hand"
"data/frontier.wdkb","ontology","level-inst","error","needs-review","Q23959932","fixed-order class","Q23958852","variable-order class","","`instance of` whose value does not sit one metaclass level up","re-level one of the two items, or replace `instance of` by `subclass of`; level shifts affect the whole branch, so review by hand"
"data/frontier.wdkb","ontology","level-inst","error","needs-review","Q23958852","variable-order class","Q23958852","variable-order class","","`instance of` whose value does not sit one metaclass level up","re-level one of the two items, or replace `instance of` by `subclass of`; level shifts affect the whole branch, so review by hand"
"data/frontier.wdkb","ontology","level-inst","error","needs-review","Q66786238","mathematical term","Q19478619","metaclass","","`instance of` whose value does not sit one metaclass level up","re-level one of the two items, or replace `instance of` by `subclass of`; level shifts affect the whole branch, so review by hand"
"data/frontier.wdkb","ontology","level-inst","error","needs-review","Q618123","geographical feature","Q96251598","type of object","","`instance of` whose value does not sit one metaclass level up","re-level one of the two items, or replace `instance of` by `subclass of`; level shifts affect the whole branch, so review by hand"
"data/frontier.wdkb","ontology","level-inst","error","needs-review","Q98119401","group or class of physical objects","Q23958852","variable-order class","","`instance of` whose value does not sit one metaclass level up","re-level one of the two items, or replace `instance of` by `subclass of`; level shifts affect the whole branch, so review by hand"
"data/frontier.wdkb","ontology","level-inst","error","needs-review","Q125598382","independent continuant type","Q24017414","second-order class","","`instance of` whose value does not sit one metaclass level up","re-level one of the two items, or replace `instance of` by `subclass of`; level shifts affect the whole branch, so review by hand"
"data/frontier.wdkb","ontology","level-inst","error","needs-review","Q651943","signifier","Q100320664","concept in linguistics","","`instance of` whose value does not sit one metaclass level up","re-level one of the two items, or replace `instance of` by `subclass of`; level shifts affect the whole branch, so review by hand"
"data/frontier.wdkb","ontology","level-inst","error","needs-review","Q503992","nominal","Q82042","part of speech","","`instance of` whose value does not sit one metaclass level up","re-level one of the two items, or replace `instance of` by `subclass of`; level shifts affect the whole branch, so review by hand"
"data/frontier.wdkb","ontology","level-inst","error","needs-review","Q7275","state","Q211606","social structure","","`instance of` whose value does not sit one metaclass level up","re-level one of the two items, or replace `instance of` by `subclass of`; level shifts affect the whole branch, so review by hand"
"data/frontier.wdkb","ontology","level-inst","error","needs-review","Q7275","state","Q15617994","administrative territorial entity type","","`instance of` whose value does not sit one metaclass level up","re-level one of the two items, or replace `instance of` by `subclass of`; level shifts affect the whole branch, so review by hand"
"data/frontier.wdkb","ontology","level-inst","error","needs-review","Q15734684","Körperschaft des öffentlichen Rechts","Q10541491","legal form","","`instance of` whose value does not sit one metaclass level up","re-level one of the two items, or replace `instance of` by `subclass of`; level shifts affect the whole branch, so review by hand"
"data/frontier.wdkb","ontology","level-inst","error","needs-review","Q2659904","government organization","Q17197366","type of organization","","`instance of` whose value does not sit one metaclass level up","re-level one of the two items, or replace `instance of` by `subclass of`; level shifts affect the whole branch, so review by hand"
"data/frontier.wdkb","ontology","level-inst","error","needs-review","Q2659904","government organization","Q10541491","legal form","","`instance of` whose value does not sit one metaclass level up","re-level one of the two items, or replace `instance of` by `subclass of`; level shifts affect the whole branch, so review by hand"
"data/frontier.wdkb","ontology","level-inst","error","needs-review","Q167037","corporation","Q10541491","legal form","","`instance of` whose value does not sit one metaclass level up","re-level one of the two items, or replace `instance of` by `subclass of`; level shifts affect the whole branch, so review by hand"
"data/frontier.wdkb","ontology","level-inst","error","needs-review","Q6501447","local government","Q1307214","form of government","","`instance of` whose value does not sit one metaclass level up","re-level one of the two items, or replace `instance of` by `subclass of`; level shifts affect the whole branch, so review by hand"
"data/frontier.wdkb","ontology","level-inst","error","needs-review","Q155076","juridical person","Q2135465","legal term or legal concept","","`instance of` whose value does not sit one metaclass level up","re-level one of the two items, or replace `instance of` by `subclass of`; level shifts affect the whole branch, so review by hand"
"data/frontier.wdkb","ontology","level-inst","error","needs-review","Q155076","juridical person","Q931483","legal fiction","","`instance of` whose value does not sit one metaclass level up","re-level one of the two items, or replace `instance of` by `subclass of`; level shifts affect the whole branch, so review by hand"
"data/frontier.wdkb","ontology","level-inst","error","needs-review","Q155076","juridical person","Q1269299","type of business entity","","`instance of` whose value does not sit one metaclass level up","re-level one of the two items, or replace `instance of` by `subclass of`; level shifts affect the whole branch, so review by hand"
"data/frontier.wdkb","ontology","level-inst","error","needs-review","Q155076","juridical person","Q10541491","legal form","","`instance of` whose value does not sit one metaclass level up","re-level one of the two items, or replace `instance of` by `subclass of`; level shifts affect the whole branch, so review by hand"
"data/frontier.wdkb","ontology","level-inst","error","needs-review","Q10541491","legal form","Q24017414","second-order class","","`instance of` whose value does not sit one metaclass level up","re-level one of the two items, or replace `instance of` by `subclass of`; level shifts affect the whole branch, so review by hand"
"data/frontier.wdkb","ontology","level-inst","error","needs-review","Q15642541","human-geographic territorial entity","Q104098715","territorial entity type","","`instance of` whose value does not sit one metaclass level up","re-level one of the two items, or replace `instance of` by `subclass of`; level shifts affect the whole branch, so review by hand"
"data/frontier.wdkb","ontology","level-inst","error","needs-review","Q486972","human settlement","Q104086571","first-order class","","`instance of` whose value does not sit one metaclass level up","re-level one of the two items, or replace `instance of` by `subclass of`; level shifts affect the whole branch, so review by hand"
"data/frontier.wdkb","ontology","level-inst","error","needs-review","Q98966309","classification of human settlements","Q121344523","type of classification","","`instance of` whose value does not sit one metaclass level up","re-level one of the two items, or replace `instance of` by `subclass of`; level shifts affect the whole branch, so review by hand"
"data/frontier.wdkb","ontology","level-inst","error","needs-review","Q98966309","classification of human settlements","Q19478619","metaclass","","`instance of` whose value does not sit one metaclass level up","re-level one of the two items, or replace `instance of` by `subclass of`; level shifts affect the whole branch, so review by hand"
"data/frontier.wdkb","ontology","level-inst","error","needs-review","Q98966309","classification of human settlements","Q151885","concept","","`instance of` whose value does not sit one metaclass level up","re-level one of the two items, or replace `instance of` by `subclass of`; level shifts affect the whole branch, so review by hand"
"data/frontier.wdkb","ontology","level-inst","error","needs-review","Q134601727","group of persons","Q24017414","second-order class","","`instance of` whose value does not sit one metaclass level up","re-level one of the two items, or replace `instance of` by `subclass of`; level shifts affect the whole branch, so review by hand"
"data/frontier.wdkb","ontology","level-inst","error","needs-review","Q131841","idea","Q96251598","type of object","","`instance of` whose value does not sit one metaclass level up","re-level one of the two items, or replace `instance of` by `subclass of`; level shifts affect the whole branch, so review by hand"
"data/frontier.wdkb","ontology","level-inst","error","needs-review","Q183366","territory","Q15617994","administrative territorial entity type","","`instance of` whose value does not sit one metaclass level up","re-level one of the two items, or replace `instance of` by `subclass of`; level shifts affect the whole branch, so review by hand"
"data/frontier.wdkb","ontology","level-inst","error","needs-review","Q96088545","former geographical object","Q12046615","feature type","","`instance of` whose value does not sit one metaclass level up","re-level one of the two items, or replace `instance of` by `subclass of`; level shifts affect the whole branch, so review by hand"
"data/frontier.wdkb","ontology","level-inst","error","needs-review","Q1620908","historical region","Q137022846","type of region","","`instance of` whose value does not sit one metaclass level up","re-level one of the two items, or replace `instance of` by `subclass of`; level shifts affect the whole branch, so review by hand"
"data/frontier.wdkb","ontology","level-inst","error","needs-review","Q96247293","type of management","Q19478619","metaclass","","`instance of` whose value does not sit one metaclass level up","re-level one of the two items, or replace `instance of` by `subclass of`; level shifts affect the whole branch, so review by hand"
"data/frontier.wdkb","ontology","level-inst","error","needs-review","Q1639378","social system","Q96116695","type of system","","`instance of` whose value does not sit one metaclass level up","re-level one of the two items, or replace `instance of` by `subclass of`; level shifts affect the whole branch, so review by hand"
"data/frontier.wdkb","ontology","level-inst","error","needs-review","Q53617489","independent continuant","Q124711104","BFO class","","`instance of` whose value does not sit one metaclass level up","re-level one of the two items, or replace `instance of` by `subclass of`; level shifts affect the whole branch, so review by hand"
"data/frontier.wdkb","ontology","level-inst","error","needs-review","Q272404","finite set","Q138665581","type of set","","`instance of` whose value does not sit one metaclass level up","re-level one of the two items, or replace `instance of` by `subclass of`; level shifts affect the whole branch, so review by hand"
"data/frontier.wdkb","ontology","level-inst","error","needs-review","Q1437361","form of art","Q19478619","metaclass","","`instance of` whose value does not sit one metaclass level up","re-level one of the two items, or replace `instance of` by `subclass of`; level shifts affect the whole branch, so review by hand"
"data/frontier.wdkb","ontology","level-inst","error","needs-review","Q17537576","creative work","Q133449656","type of work","","`instance of` whose value does not sit one metaclass level up","re-level one of the two items, or replace `instance of` by `subclass of`; level shifts affect the whole branch, so review by hand"
"data/frontier.wdkb","ontology","level-inst","error","needs-review","Q159344","heterotroph","Q902805","primary nutritional group","","`instance of` whose value does not sit one metaclass level up","re-level one of the two items, or replace `instance of` by `subclass of`; level shifts affect the whole branch, so review by hand"
"data/frontier.wdkb","ontology","level-inst","error","needs-review","Q159344","heterotroph","Q56575300","ecological concept","","`instance of` whose value does not sit one metaclass level up","re-level one of the two items, or replace `instance of` by `subclass of`; level shifts affect the whole branch, so review by hand"
"data/frontier.wdkb","ontology","level-inst","error","needs-review","Q134602570","class of being","Q19478619","metaclass","","`instance of` whose value does not sit one metaclass level up","re-level one of the two items, or replace `instance of` by `subclass of`; level shifts affect the whole branch, so review by hand"
"data/frontier.wdkb","ontology","level-inst","error","needs-review","Q134601875","group or class of people","Q24017414","second-order class","","`instance of` whose value does not sit one metaclass level up","re-level one of the two items, or replace `instance of` by `subclass of`; level shifts affect the whole branch, so review by hand"
"data/frontier.wdkb","ontology","level-inst","error","needs-review","Q171283","Homo","Q16521","taxon","","`instance of` whose value does not sit one metaclass level up","re-level one of the two items, or replace `instance of` by `subclass of`; level shifts affect the whole branch, so review by hand"
"data/frontier.wdkb","ontology","level-inst","error","needs-review","Q16521","taxon","Q24017414","second-order class","","`instance of` whose value does not sit one metaclass level up","re-level one of the two items, or replace `instance of` by `subclass of`; level shifts affect the whole branch, so review by hand"
"data/frontier.wdkb","ontology","level-inst","error","needs-review","Q16521","taxon","Q115949945","scientific concept","","`instance of` whose value does not sit one metaclass level up","re-level one of the two items, or replace `instance of` by `subclass of`; level shifts affect the whole branch, so review by hand"
"data/frontier.wdkb","ontology","level-inst","error","needs-review","Q134261520","group or class of humans","Q24017414","second-order class","","`instance of` whose value does not sit one metaclass level up","re-level one of the two items, or replace `instance of` by `subclass of`; level shifts affect the whole branch, so review by hand"
"data/frontier.wdkb","ontology","level-inst","error","needs-review","Q327055","worker","Q134601860","class of person","","`instance of` whose value does not sit one metaclass level up","re-level one of the two items, or replace `instance of` by `subclass of`; level shifts affect the whole branch, so review by hand"
"data/frontier.wdkb","ontology","level-inst","error","needs-review","Q20826540","scholar","Q12737077","occupation","","`instance of` whose value does not sit one metaclass level up","re-level one of the two items, or replace `instance of` by `subclass of`; level shifts affect the whole branch, so review by hand"
"data/frontier.wdkb","ontology","level-inst","error","needs-review","Q901","scientist","Q28640","profession","","`instance of` whose value does not sit one metaclass level up","re-level one of the two items, or replace `instance of` by `subclass of`; level shifts affect the whole branch, so review by hand"
"data/frontier.wdkb","ontology","level-inst","error","needs-review","Q28640","profession","Q19478619","metaclass","","`instance of` whose value does not sit one metaclass level up","re-level one of the two items, or replace `instance of` by `subclass of`; level shifts affect the whole branch, so review by hand"
"data/frontier.wdkb","ontology","level-inst","error","needs-review","Q28640","profession","Q24017414","second-order class","","`instance of` whose value does not sit one metaclass level up","re-level one of the two items, or replace `instance of` by `subclass of`; level shifts affect the whole branch, so review by hand"
"data/frontier.wdkb","ontology","level-inst","error","needs-review","Q7239","organism","Q111360549","type of physical object","","`instance of` whose value does not sit one metaclass level up","re-level one of the two items, or replace `instance of` by `subclass of`; level shifts affect the whole branch, so review by hand"
"data/frontier.wdkb","ontology","level-inst","error","needs-review","Q24229398","being","Q96251598","type of object","","`instance of` whose value does not sit one metaclass level up","re-level one of the two items, or replace `instance of` by `subclass of`; level shifts affect the whole branch, so review by hand"
"data/frontier.wdkb","ontology","level-inst","error","needs-review","Q24229398","being","Q96251598","type of object","","`instance of` whose value does not sit one metaclass level up","re-level one of the two items, or replace `instance of` by `subclass of`; level shifts affect the whole branch, so review by hand"
"data/frontier.wdkb","ontology","level-inst","error","needs-review","Q24229398","being","Q96251598","type of object","","`instance of` whose value does not sit one metaclass level up","re-level one of the two items, or replace `instance of` by `subclass of`; level shifts affect the whole branch, so review by hand"
"data/frontier.wdkb","ontology","level-inst","error","needs-review","Q24229398","being","Q96251598","type of object","","`instance of` whose value does not sit one metaclass level up","re-level one of the two items, or replace `instance of` by `subclass of`; level shifts affect the whole branch, so review by hand"
"data/frontier.wdkb","ontology","level-inst","error","needs-review","Q12139612","list","Q2085518","format","","`instance of` whose value does not sit one metaclass level up","re-level one of the two items, or replace `instance of` by `subclass of`; level shifts affect the whole branch, so review by hand"
"data/frontier.wdkb","ontology","level-inst","error","needs-review","Q12139612","list","Q138665581","type of set","","`instance of` whose value does not sit one metaclass level up","re-level one of the two items, or replace `instance of` by `subclass of`; level shifts affect the whole branch, so review by hand"
"data/frontier.wdkb","ontology","level-inst","error","needs-review","Q2067937","tree structure","Q111972893","type of structure","","`instance of` whose value does not sit one metaclass level up","re-level one of the two items, or replace `instance of` by `subclass of`; level shifts affect the whole branch, so review by hand"
"data/frontier.wdkb","ontology","level-inst","error","needs-review","Q1047113","field of study","Q110402867","knowledge classification","","`instance of` whose value does not sit one metaclass level up","re-level one of the two items, or replace `instance of` by `subclass of`; level shifts affect the whole branch, so review by hand"
"data/frontier.wdkb","ontology","level-inst","error","needs-review","Q3622126","conceptual system","Q96116695","type of system","","`instance of` whose value does not sit one metaclass level up","re-level one of the two items, or replace `instance of` by `subclass of`; level shifts affect the whole branch, so review by hand"
"data/frontier.wdkb","ontology","level-inst","error","needs-review","Q336","science","Q8027727","Wissenschaft","","`instance of` whose value does not sit one metaclass level up","re-level one of the two items, or replace `instance of` by `subclass of`; level shifts affect the whole branch, so review by hand"
"data/frontier.wdkb","ontology","level-inst","error","needs-review","Q29431432","dyad","Q99469810","type of fixed-size set or group","","`instance of` whose value does not sit one metaclass level up","re-level one of the two items, or replace `instance of` by `subclass of`; level shifts affect the whole branch, so review by hand"
"data/frontier.wdkb","ontology","level-inst","error","needs-review","Q29431432","dyad","Q24034552","mathematical concept","","`instance of` whose value does not sit one metaclass level up","re-level one of the two items, or replace `instance of` by `subclass of`; level shifts affect the whole branch, so review by hand"
"data/frontier.wdkb","ontology","level-inst","error","needs-review","Q12047513","mental process","Q116505632","type of process","","`instance of` whose value does not sit one metaclass level up","re-level one of the two items, or replace `instance of` by `subclass of`; level shifts affect the whole branch, so review by hand"
"data/frontier.wdkb","ontology","level-inst","error","needs-review","Q2996394","biological process","Q116505632","type of process","","`instance of` whose value does not sit one metaclass level up","re-level one of the two items, or replace `instance of` by `subclass of`; level shifts affect the whole branch, so review by hand"
"data/frontier.wdkb","ontology","level-inst","error","needs-review","Q2996394","biological process","Q151885","concept","","`instance of` whose value does not sit one metaclass level up","re-level one of the two items, or replace `instance of` by `subclass of`; level shifts affect the whole branch, so review by hand"
"data/frontier.wdkb","ontology","level-inst","error","needs-review","Q138303935","type of information","Q19478619","metaclass","","`instance of` whose value does not sit one metaclass level up","re-level one of the two items, or replace `instance of` by `subclass of`; level shifts affect the whole branch, so review by hand"
"data/frontier.wdkb","ontology","level-inst","error","needs-review","Q1272626","representation","Q96251598","type of object","","`instance of` whose value does not sit one metaclass level up","re-level one of the two items, or replace `instance of` by `subclass of`; level shifts affect the whole branch, so review by hand"
"data/frontier.wdkb","ontology","level-inst","error","needs-review","Q4263830","literary form","Q19478619","metaclass","","`instance of` whose value does not sit one metaclass level up","re-level one of the two items, or replace `instance of` by `subclass of`; level shifts affect the whole branch, so review by hand"
"data/frontier.wdkb","ontology","level-inst","error","needs-review","Q213051","non-fiction","Q483394","genre","","`instance of` whose value does not sit one metaclass level up","re-level one of the two items, or replace `instance of` by `subclass of`; level shifts affect the whole branch, so review by hand"
"data/frontier.wdkb","ontology","level-inst","error","needs-review","Q27801","non-fiction literature","Q109551565","sub-set of literature","","`instance of` whose value does not sit one metaclass level up","re-level one of the two items, or replace `instance of` by `subclass of`; level shifts affect the whole branch, so review by hand"
"data/frontier.wdkb","ontology","level-inst","error","needs-review","Q27801","non-fiction literature","Q223393","literary genre","","`instance of` whose value does not sit one metaclass level up","re-level one of the two items, or replace `instance of` by `subclass of`; level shifts affect the whole branch, so review by hand"
"data/frontier.wdkb","ontology","level-inst","error","needs-review","Q27801","non-fiction literature","Q108329096","art genre by arts form","","`instance of` whose value does not sit one metaclass level up","re-level one of the two items, or replace `instance of` by `subclass of`; level shifts affect the whole branch, so review by hand"
"data/frontier.wdkb","ontology","level-inst","error","needs-review","Q27801","non-fiction literature","Q627436","field of work","","`instance of` whose value does not sit one metaclass level up","re-level one of the two items, or replace `instance of` by `subclass of`; level shifts affect the whole branch, so review by hand"
"data/frontier.wdkb","ontology","level-inst","error","needs-review","Q13405586","non-fiction literature genre","Q19478619","metaclass","","`instance of` whose value does not sit one metaclass level up","re-level one of the two items, or replace `instance of` by `subclass of`; level shifts affect the whole branch, so review by hand"
"data/frontier.wdkb","ontology","level-inst","error","needs-review","Q732577","publication","Q138303935","type of information","","`instance of` whose value does not sit one metaclass level up","re-level one of the two items, or replace `instance of` by `subclass of`; level shifts affect the whole branch, so review by hand"
"data/frontier.wdkb","ontology","level-inst","error","needs-review","Q732577","publication","Q140311475","type of creative work","","`instance of` whose value does not sit one metaclass level up","re-level one of the two items, or replace `instance of` by `subclass of`; level shifts affect the whole branch, so review by hand"
"data/frontier.wdkb","ontology","level-inst","error","needs-review","Q47461344","written work","Q133449656","type of work","","`instance of` whose value does not sit one metaclass level up","re-level one of the two items, or replace `instance of` by `subclass of`; level shifts affect the whole branch, so review by hand"
"data/frontier.wdkb","ontology","level-inst","error","needs-review","Q39725049","type of publication","Q19478619","metaclass","","`instance of` whose value does not sit one metaclass level up","re-level one of the two items, or replace `instance of` by `subclass of`; level shifts affect the whole branch, so review by hand"
"data/frontier.wdkb","ontology","level-inst","error","needs-review","Q205464","algebraic structure","Q24034552","mathematical concept","","`instance of` whose value does not sit one metaclass level up","re-level one of the two items, or replace `instance of` by `subclass of`; level shifts affect the whole branch, so review by hand"
"data/frontier.wdkb","ontology","level-inst","error","needs-review","Q6453739","primitive notion","Q15138389","Wikimedia article page","","`instance of` whose value does not sit one metaclass level up","re-level one of the two items, or replace `instance of` by `subclass of`; level shifts affect the whole branch, so review by hand"
"data/frontier.wdkb","ontology","level-inst","error","needs-review","Q930933","relation","Q96251598","type of object","","`instance of` whose value does not sit one metaclass level up","re-level one of the two items, or replace `instance of` by `subclass of`; level shifts affect the whole branch, so review by hand"
"data/frontier.wdkb","ontology","level-inst","error","needs-review","Q130324710","type of relation","Q19478619","metaclass","","`instance of` whose value does not sit one metaclass level up","re-level one of the two items, or replace `instance of` by `subclass of`; level shifts affect the whole branch, so review by hand"
"data/frontier.wdkb","ontology","level-inst","error","needs-review","Q837414","hypercomplex number","Q47460393","type of number","","`instance of` whose value does not sit one metaclass level up","re-level one of the two items, or replace `instance of` by `subclass of`; level shifts affect the whole branch, so review by hand"
"data/frontier.wdkb","ontology","level-inst","error","needs-review","Q246672","mathematical object","Q96251598","type of object","","`instance of` whose value does not sit one metaclass level up","re-level one of the two items, or replace `instance of` by `subclass of`; level shifts affect the whole branch, so review by hand"
"data/frontier.wdkb","ontology","level-inst","error","needs-review","Q246672","mathematical object","Q24034552","mathematical concept","","`instance of` whose value does not sit one metaclass level up","re-level one of the two items, or replace `instance of` by `subclass of`; level shifts affect the whole branch, so review by hand"
"data/frontier.wdkb","ontology","level-inst","error","needs-review","Q246672","mathematical object","Q106411346","characterization","","`instance of` whose value does not sit one metaclass level up","re-level one of the two items, or replace `instance of` by `subclass of`; level shifts affect the whole branch, so review by hand"
"data/frontier.wdkb","ontology","level-inst","error","needs-review","Q5358816","element","Q24034552","mathematical concept","","`instance of` whose value does not sit one metaclass level up","re-level one of the two items, or replace `instance of` by `subclass of`; level shifts affect the whole branch, so review by hand"
"data/frontier.wdkb","ontology","level-inst","error","needs-review","Q103995117","medical entity type","Q103994247","medical metaclass","","`instance of` whose value does not sit one metaclass level up","re-level one of the two items, or replace `instance of` by `subclass of`; level shifts affect the whole branch, so review by hand"
"data/frontier.wdkb","ontology","level-inst","error","needs-review","Q94945104","anatomical metaclass","Q24017465","third-order class","","`instance of` whose value does not sit one metaclass level up","re-level one of the two items, or replace `instance of` by `subclass of`; level shifts affect the whole branch, so review by hand"
"data/frontier.wdkb","ontology","level-inst","error","needs-review","Q24017465","third-order class","Q24027474","fourth-order class","","`instance of` whose value does not sit one metaclass level up","re-level one of the two items, or replace `instance of` by `subclass of`; level shifts affect the whole branch, so review by hand"
"data/frontier.wdkb","ontology","level-inst","error","needs-review","Q136433660","entity","Q124711104","BFO class","","`instance of` whose value does not sit one metaclass level up","re-level one of the two items, or replace `instance of` by `subclass of`; level shifts affect the whole branch, so review by hand"
"data/frontier.wdkb","ontology","level-inst","error","needs-review","Q55597235","class of living thing","Q19478619","metaclass","","`instance of` whose value does not sit one metaclass level up","re-level one of the two items, or replace `instance of` by `subclass of`; level shifts affect the whole branch, so review by hand"
"data/frontier.wdkb","ontology","level-inst","error","needs-review","Q4406616","concrete object","Q96251598","type of object","","`instance of` whose value does not sit one metaclass level up","re-level one of the two items, or replace `instance of` by `subclass of`; level shifts affect the whole branch, so review by hand"
"data/frontier.wdkb","ontology","level-inst","error","needs-review","Q4406616","concrete object","Q104086571","first-order class","","`instance of` whose value does not sit one metaclass level up","re-level one of the two items, or replace `instance of` by `subclass of`; level shifts affect the whole branch, so review by hand"
"data/frontier.wdkb","ontology","level-inst","error","needs-review","Q4406616","concrete object","Q33104279","philosophical concept","","`instance of` whose value does not sit one metaclass level up","re-level one of the two items, or replace `instance of` by `subclass of`; level shifts affect the whole branch, so review by hand"
"data/frontier.wdkb","ontology","level-inst","error","needs-review","Q30060700","scientific object","Q96251598","type of object","","`instance of` whose value does not sit one metaclass level up","re-level one of the two items, or replace `instance of` by `subclass of`; level shifts affect the whole branch, so review by hand"
"data/frontier.wdkb","ontology","level-inst","error","needs-review","Q99527517","collective entity","Q23958852","variable-order class","","`instance of` whose value does not sit one metaclass level up","re-level one of the two items, or replace `instance of` by `subclass of`; level shifts affect the whole branch, so review by hand"
"data/frontier.wdkb","ontology","level-inst","error","needs-review","Q223557","physical object","Q96251598","type of object","","`instance of` whose value does not sit one metaclass level up","re-level one of the two items, or replace `instance of` by `subclass of`; level shifts affect the whole branch, so review by hand"
"data/frontier.wdkb","ontology","level-inst","error","needs-review","Q223557","physical object","Q104086571","first-order class","","`instance of` whose value does not sit one metaclass level up","re-level one of the two items, or replace `instance of` by `subclass of`; level shifts affect the whole branch, so review by hand"
"data/frontier.wdkb","ontology","level-inst","error","needs-review","Q223557","physical object","Q124711104","BFO class","","`instance of` whose value does not sit one metaclass level up","re-level one of the two items, or replace `instance of` by `subclass of`; level shifts affect the whole branch, so review by hand"
"data/frontier.wdkb","ontology","level-inst","error","needs-review","Q223557","physical object","Q100724091","physics term","","`instance of` whose value does not sit one metaclass level up","re-level one of the two items, or replace `instance of` by `subclass of`; level shifts affect the whole branch, so review by hand"
"data/frontier.wdkb","ontology","level-inst","error","needs-review","Q1970309","natural object","Q96251598","type of object","","`instance of` whose value does not sit one metaclass level up","re-level one of the two items, or replace `instance of` by `subclass of`; level shifts affect the whole branch, so review by hand"
"data/frontier.wdkb","ontology","level-inst","error","needs-review","Q17339814","group or class of chemical substances","Q23958852","variable-order class","","`instance of` whose value does not sit one metaclass level up","re-level one of the two items, or replace `instance of` by `subclass of`; level shifts affect the whole branch, so review by hand"
"data/frontier.wdkb","ontology","level-inst","error","needs-review","Q2424752","product","Q96251598","type of object","","`instance of` whose value does not sit one metaclass level up","re-level one of the two items, or replace `instance of` by `subclass of`; level shifts affect the whole branch, so review by hand"
"data/frontier.wdkb","ontology","level-inst","error","needs-review","Q3366856","composite particle","Q22675015","type of quantum particle","","`instance of` whose value does not sit one metaclass level up","re-level one of the two items, or replace `instance of` by `subclass of`; level shifts affect the whole branch, so review by hand"
"data/frontier.wdkb","ontology","level-inst","error","needs-review","Q188777","amides","Q47154513","structural class of chemical entities","","`instance of` whose value does not sit one metaclass level up","re-level one of the two items, or replace `instance of` by `subclass of`; level shifts affect the whole branch, so review by hand"
"data/frontier.wdkb","ontology","level-inst","error","needs-review","Q9392635","carbonyl compound","Q47154513","structural class of chemical entities","","`instance of` whose value does not sit one metaclass level up","re-level one of the two items, or replace `instance of` by `subclass of`; level shifts affect the whole branch, so review by hand"
"data/frontier.wdkb","ontology","level-inst","error","needs-review","Q47154513","structural class of chemical entities","Q5962346","classification scheme","","`instance of` whose value does not sit one metaclass level up","re-level one of the two items, or replace `instance of` by `subclass of`; level shifts affect the whole branch, so review by hand"
"data/frontier.wdkb","ontology","level-inst","error","needs-review","Q47154513","structural class of chemical entities","Q24017465","third-order class","","`instance of` whose value does not sit one metaclass level up","re-level one of the two items, or replace `instance of` by `subclass of`; level shifts affect the whole branch, so review by hand"
"data/frontier.wdkb","ontology","level-inst","error","needs-review","Q12737077","occupation","Q23958852","variable-order class","","`instance of` whose value does not sit one metaclass level up","re-level one of the two items, or replace `instance of` by `subclass of`; level shifts affect the whole branch, so review by hand"
"data/frontier.wdkb","ontology","level-inst","error","needs-review","Q12737077","occupation","Q151885","concept","","`instance of` whose value does not sit one metaclass level up","re-level one of the two items, or replace `instance of` by `subclass of`; level shifts affect the whole branch, so review by hand"
"data/frontier.wdkb","ontology","level-inst","error","needs-review","Q12737077","occupation","Q937228","property","","`instance of` whose value does not sit one metaclass level up","re-level one of the two items, or replace `instance of` by `subclass of`; level shifts affect the whole branch, so review by hand"
"data/frontier.wdkb","ontology","level-inst","error","needs-review","Q12737077","occupation","Q106411346","characterization","","`instance of` whose value does not sit one metaclass level up","re-level one of the two items, or replace `instance of` by `subclass of`; level shifts affect the whole branch, so review by hand"
"data/frontier.wdkb","ontology","level-inst","error","needs-review","Q12737077","occupation","Q106411346","characterization","","`instance of` whose value does not sit one metaclass level up","re-level one of the two items, or replace `instance of` by `subclass of`; level shifts affect the whole branch, so review by hand"
"data/frontier.wdkb","ontology","level-inst","error","needs-review","Q211606","social structure","Q111972893","type of structure","","`instance of` whose value does not sit one metaclass level up","re-level one of the two items, or replace `instance of` by `subclass of`; level shifts affect the whole branch, so review by hand"
"data/frontier.wdkb","ontology","level-inst","error","needs-review","Q211606","social structure","Q33104129","sociological concept","","`instance of` whose value does not sit one metaclass level up","re-level one of the two items, or replace `instance of` by `subclass of`; level shifts affect the whole branch, so review by hand"
"data/frontier.wdkb","ontology","level-inst","error","needs-review","Q96251598","type of object","Q23958852","variable-order class","","`instance of` whose value does not sit one metaclass level up","re-level one of the two items, or replace `instance of` by `subclass of`; level shifts affect the whole branch, so review by hand"
"data/frontier.wdkb","ontology","level-inst","error","needs-review","Q96251598","type of object","Q21146257","type","","`instance of` whose value does not sit one metaclass level up","re-level one of the two items, or replace `instance of` by `subclass of`; level shifts affect the whole branch, so review by hand"
"data/frontier.wdkb","ontology","level-inst","error","needs-review","Q111972893","type of structure","Q23958852","variable-order class","","`instance of` whose value does not sit one metaclass level up","re-level one of the two items, or replace `instance of` by `subclass of`; level shifts affect the whole branch, so review by hand"
"data/frontier.wdkb","ontology","level-inst","error","needs-review","Q96116695","type of system","Q23958852","variable-order class","","`instance of` whose value does not sit one metaclass level up","re-level one of the two items, or replace `instance of` by `subclass of`; level shifts affect the whole branch, so review by hand"
"data/frontier.wdkb","ontology","level-inst","error","needs-review","Q17197366","type of organization","Q24017414","second-order class","","`instance of` whose value does not sit one metaclass level up","re-level one of the two items, or replace `instance of` by `subclass of`; level shifts affect the whole branch, so review by hand"
"data/frontier.wdkb","ontology","level-inst","error","needs-review","Q488383","object","Q23958852","variable-order class","","`instance of` whose value does not sit one metaclass level up","re-level one of the two items, or replace `instance of` by `subclass of`; level shifts affect the whole branch, so review by hand"
"data/frontier.wdkb","ontology","level-inst","error","needs-review","Q488383","object","Q151885","concept","","`instance of` whose value does not sit one metaclass level up","re-level one of the two items, or replace `instance of` by `subclass of`; level shifts affect the whole branch, so review by hand"
"data/frontier.wdkb","ontology","level-inst","error","needs-review","Q488383","object","Q115471117","self-depicting entity","","`instance of` whose value does not sit one metaclass level up","re-level one of the two items, or replace `instance of` by `subclass of`; level shifts affect the whole branch, so review by hand"
"data/frontier.wdkb","ontology","level-inst","error","needs-review","Q43229","organization","Q134602570","class of being","","`instance of` whose value does not sit one metaclass level up","re-level one of the two items, or replace `instance of` by `subclass of`; level shifts affect the whole branch, so review by hand"
"data/frontier.wdkb","ontology","level-inst","error","needs-review","Q43229","organization","Q151885","concept","","`instance of` whose value does not sit one metaclass level up","re-level one of the two items, or replace `instance of` by `subclass of`; level shifts affect the whole branch, so review by hand"
"data/frontier.wdkb","ontology","level-inst","error","needs-review","Q43229","organization","Q96116695","type of system","","`instance of` whose value does not sit one metaclass level up","re-level one of the two items, or replace `instance of` by `subclass of`; level shifts affect the whole branch, so review by hand"
"data/frontier.wdkb","ontology","level-inst","error","needs-review","Q7048977","abstract entity","Q23958852","variable-order class","","`instance of` whose value does not sit one metaclass level up","re-level one of the two items, or replace `instance of` by `subclass of`; level shifts affect the whole branch, so review by hand"
"data/frontier.wdkb","ontology","level-inst","error","needs-review","Q7048977","abstract entity","Q96251598","type of object","","`instance of` whose value does not sit one metaclass level up","re-level one of the two items, or replace `instance of` by `subclass of`; level shifts affect the whole branch, so review by hand"
"data/frontier.wdkb","ontology","level-inst","error","needs-review","Q33104279","philosophical concept","Q137429456","type of concept","","`instance of` whose value does not sit one metaclass level up","re-level one of the two items, or replace `instance of` by `subclass of`; level shifts affect the whole branch, so review by hand"
"data/frontier.wdkb","ontology","level-inst","error","needs-review","Q7320446","rhetorical mode","Q19478619","metaclass","","`instance of` whose value does not sit one metaclass level up","re-level one of the two items, or replace `instance of` by `subclass of`; level shifts affect the whole branch, so review by hand"
"data/frontier.wdkb","ontology","level-inst","error","needs-review","Q937228","property","Q19478619","metaclass","","`instance of` whose value does not sit one metaclass level up","re-level one of the two items, or replace `instance of` by `subclass of`; level shifts affect the whole branch, so review by hand"
"data/frontier.wdkb","ontology","level-inst","error","needs-review","Q937228","property","Q714737","category of being","","`instance of` whose value does not sit one metaclass level up","re-level one of the two items, or replace `instance of` by `subclass of`; level shifts affect the whole branch, so review by hand"
"data/frontier.wdkb","ontology","level-inst","error","needs-review","Q96253971","type of property","Q19478619","metaclass","","`instance of` whose value does not sit one metaclass level up","re-level one of the two items, or replace `instance of` by `subclass of`; level shifts affect the whole branch, so review by hand"
"data/frontier.wdkb","ontology","level-inst","error","needs-review","Q104086571","first-order class","Q24017414","second-order class","","`instance of` whose value does not sit one metaclass level up","re-level one of the two items, or replace `instance of` by `subclass of`; level shifts affect the whole branch, so review by hand"
"data/frontier.wdkb","ontology","level-inst","error","needs-review","Q104493","risk","Q21170479","possibility","","`instance of` whose value does not sit one metaclass level up","re-level one of the two items, or replace `instance of` by `subclass of`; level shifts affect the whole branch, so review by hand"
"data/frontier.wdkb","ontology","level-inst","error","needs-review","Q104493","risk","Q9492","probability","","`instance of` whose value does not sit one metaclass level up","re-level one of the two items, or replace `instance of` by `subclass of`; level shifts affect the whole branch, so review by hand"
"data/frontier.wdkb","ontology","level-inst","error","needs-review","Q104493","risk","Q130286945","type of problem","","`instance of` whose value does not sit one metaclass level up","re-level one of the two items, or replace `instance of` by `subclass of`; level shifts affect the whole branch, so review by hand"
"data/frontier.wdkb","ontology","level-inst","error","needs-review","Q19478619","metaclass","Q151885","concept","","`instance of` whose value does not sit one metaclass level up","re-level one of the two items, or replace `instance of` by `subclass of`; level shifts affect the whole branch, so review by hand"
"data/frontier.wdkb","ontology","level-inst","error","needs-review","Q19478619","metaclass","Q19868531","formal ontology concept","","`instance of` whose value does not sit one metaclass level up","re-level one of the two items, or replace `instance of` by `subclass of`; level shifts affect the whole branch, so review by hand"
"data/frontier.wdkb","ontology","level-inst","error","needs-review","Q3249551","process","Q124711104","BFO class","","`instance of` whose value does not sit one metaclass level up","re-level one of the two items, or replace `instance of` by `subclass of`; level shifts affect the whole branch, so review by hand"
"data/frontier.wdkb","ontology","level-inst","error","needs-review","Q35120","entity","Q23958852","variable-order class","","`instance of` whose value does not sit one metaclass level up","re-level one of the two items, or replace `instance of` by `subclass of`; level shifts affect the whole branch, so review by hand"
"data/frontier.wdkb","ontology","level-inst","error","needs-review","Q5962346","classification scheme","Q23958852","variable-order class","","`instance of` whose value does not sit one metaclass level up","re-level one of the two items, or replace `instance of` by `subclass of`; level shifts affect the whole branch, so review by hand"
"data/frontier.wdkb","ontology","level-inst","error","needs-review","Q1150070","change","Q33104279","philosophical concept","","`instance of` whose value does not sit one metaclass level up","re-level one of the two items, or replace `instance of` by `subclass of`; level shifts affect the whole branch, so review by hand"
"data/frontier.wdkb","ontology","level-inst","error","needs-review","Q52948","interaction","Q33104279","philosophical concept","","`instance of` whose value does not sit one metaclass level up","re-level one of the two items, or replace `instance of` by `subclass of`; level shifts affect the whole branch, so review by hand"
"data/frontier.wdkb","ontology","level-inst","error","needs-review","Q52948","interaction","Q130324710","type of relation","","`instance of` whose value does not sit one metaclass level up","re-level one of the two items, or replace `instance of` by `subclass of`; level shifts affect the whole branch, so review by hand"
"data/frontier.wdkb","ontology","level-inst","error","needs-review","Q52948","interaction","Q12379553","general term","","`instance of` whose value does not sit one metaclass level up","re-level one of the two items, or replace `instance of` by `subclass of`; level shifts affect the whole branch, so review by hand"
"data/frontier.wdkb","ontology","level-inst","error","needs-review","Q116505632","type of process","Q24017414","second-order class","","`instance of` whose value does not sit one metaclass level up","re-level one of the two items, or replace `instance of` by `subclass of`; level shifts affect the whole branch, so review by hand"
"data/frontier.wdkb","ontology","level-inst","error","needs-review","Q121344523","type of classification","Q23958852","variable-order class","","`instance of` whose value does not sit one metaclass level up","re-level one of the two items, or replace `instance of` by `subclass of`; level shifts affect the whole branch, so review by hand"
"data/frontier.wdkb","ontology","level-inst","error","needs-review","Q1914636","activity","Q116505632","type of process","","`instance of` whose value does not sit one metaclass level up","re-level one of the two items, or replace `instance of` by `subclass of`; level shifts affect the whole branch, so review by hand"
"data/frontier.wdkb","ontology","level-inst","error","needs-review","Q180684","conflict","Q116505632","type of process","","`instance of` whose value does not sit one metaclass level up","re-level one of the two items, or replace `instance of` by `subclass of`; level shifts affect the whole branch, so review by hand"
"data/frontier.wdkb","ontology","level-inst","error","needs-review","Q180684","conflict","Q123345464","type of interaction","","`instance of` whose value does not sit one metaclass level up","re-level one of the two items, or replace `instance of` by `subclass of`; level shifts affect the whole branch, so review by hand"
"data/frontier.wdkb","ontology","level-inst","error","needs-review","Q124490","violence","Q26256810","topic","","`instance of` whose value does not sit one metaclass level up","re-level one of the two items, or replace `instance of` by `subclass of`; level shifts affect the whole branch, so review by hand"
"data/frontier.wdkb","ontology","level-inst","error","needs-review","Q124490","violence","Q2515887","pattern of behavior","","`instance of` whose value does not sit one metaclass level up","re-level one of the two items, or replace `instance of` by `subclass of`; level shifts affect the whole branch, so review by hand"
"data/frontier.wdkb","ontology","level-inst","error","needs-review","Q124490","violence","Q137774087","type of violence","","`instance of` whose value does not sit one metaclass level up","re-level one of the two items, or replace `instance of` by `subclass of`; level shifts affect the whole branch, so review by hand"
"data/frontier.wdkb","ontology","level-inst","error","needs-review","Q125092269","type of conflict","Q19478619","metaclass","","`instance of` whose value does not sit one metaclass level up","re-level one of the two items, or replace `instance of` by `subclass of`; level shifts affect the whole branch, so review by hand"
"data/frontier.wdkb","ontology","level-inst","error","needs-review","Q130459448","type of condition","Q19478619","metaclass","","`instance of` whose value does not sit one metaclass level up","re-level one of the two items, or replace `instance of` by `subclass of`; level shifts affect the whole branch, so review by hand"
"data/frontier.wdkb","ontology","level-inst","error","needs-review","Q130459448","type of condition","Q24017414","second-order class","","`instance of` whose value does not sit one metaclass level up","re-level one of the two items, or replace `instance of` by `subclass of`; level shifts affect the whole branch, so review by hand"
"data/frontier.wdkb","ontology","level-inst","error","needs-review","Q26256810","topic","Q1207505","quality","","`instance of` whose value does not sit one metaclass level up","re-level one of the two items, or replace `instance of` by `subclass of`; level shifts affect the whole branch, so review by hand"
"data/frontier.wdkb","ontology","level-inst","error","needs-review","Q451967","intentional human activity","Q125542526","type of activity","","`instance of` whose value does not sit one metaclass level up","re-level one of the two items, or replace `instance of` by `subclass of`; level shifts affect the whole branch, so review by hand"
"data/frontier.wdkb","ontology","level-inst","error","needs-review","Q16889133","class","Q19478619","metaclass","","`instance of` whose value does not sit one metaclass level up","re-level one of the two items, or replace `instance of` by `subclass of`; level shifts affect the whole branch, so review by hand"
"data/frontier.wdkb","ontology","level-inst","error","needs-review","Q16889133","class","Q151885","concept","","`instance of` whose value does not sit one metaclass level up","re-level one of the two items, or replace `instance of` by `subclass of`; level shifts affect the whole branch, so review by hand"
"data/frontier.wdkb","ontology","level-inst","error","needs-review","Q16889133","class","Q115490628","fundamental Wikidata entity","","`instance of` whose value does not sit one metaclass level up","re-level one of the two items, or replace `instance of` by `subclass of`; level shifts affect the whole branch, so review by hand"
"data/frontier.wdkb","ontology","level-inst","error","needs-review","Q609298","social interaction","Q123345464","type of interaction","","`instance of` whose value does not sit one metaclass level up","re-level one of the two items, or replace `instance of` by `subclass of`; level shifts affect the whole branch, so review by hand"
"data/frontier.wdkb","ontology","level-inst","error","needs-review","Q31464082","source entity","Q4897819","role","","`instance of` whose value does not sit one metaclass level up","re-level one of the two items, or replace `instance of` by `subclass of`; level shifts affect the whole branch, so review by hand"
"data/frontier.wdkb","ontology","level-inst","error","needs-review","Q31464082","source entity","Q613930","thematic relation","","`instance of` whose value does not sit one metaclass level up","re-level one of the two items, or replace `instance of` by `subclass of`; level shifts affect the whole branch, so review by hand"
"data/frontier.wdkb","ontology","level-inst","error","needs-review","Q112234259","source type","Q23958852","variable-order class","","`instance of` whose value does not sit one metaclass level up","re-level one of the two items, or replace `instance of` by `subclass of`; level shifts affect the whole branch, so review by hand"
"data/frontier.wdkb","ontology","level-inst","error","needs-review","Q123241435","realizable entity","Q124711104","BFO class","","`instance of` whose value does not sit one metaclass level up","re-level one of the two items, or replace `instance of` by `subclass of`; level shifts affect the whole branch, so review by hand"
"data/frontier.wdkb","ontology","level-inst","error","needs-review","Q24017414","second-order class","Q24017465","third-order class","","`instance of` whose value does not sit one metaclass level up","re-level one of the two items, or replace `instance of` by `subclass of`; level shifts affect the whole branch, so review by hand"
"data/frontier.wdkb","ontology","level-inst","error","needs-review","Q748349","mathematical structure","Q111972893","type of structure","","`instance of` whose value does not sit one metaclass level up","re-level one of the two items, or replace `instance of` by `subclass of`; level shifts affect the whole branch, so review by hand"
"data/frontier.wdkb","ontology","level-inst","error","needs-review","Q24034552","mathematical concept","Q23958852","variable-order class","","`instance of` whose value does not sit one metaclass level up","re-level one of the two items, or replace `instance of` by `subclass of`; level shifts affect the whole branch, so review by hand"
"data/frontier.wdkb","ontology","level-inst","error","needs-review","Q24034552","mathematical concept","Q137429456","type of concept","","`instance of` whose value does not sit one metaclass level up","re-level one of the two items, or replace `instance of` by `subclass of`; level shifts affect the whole branch, so review by hand"
"data/frontier.wdkb","ontology","level-inst","error","needs-review","Q3924032","mathematical property","Q24034552","mathematical concept","","`instance of` whose value does not sit one metaclass level up","re-level one of the two items, or replace `instance of` by `subclass of`; level shifts affect the whole branch, so review by hand"
"data/frontier.wdkb","ontology","level-inst","error","needs-review","Q3965271","subclass","Q130901","binary relation","","`instance of` whose value does not sit one metaclass level up","re-level one of the two items, or replace `instance of` by `subclass of`; level shifts affect the whole branch, so review by hand"
"data/frontier.wdkb","ontology","level-inst","error","needs-review","Q3965271","subclass","Q64861","transitive relation","","`instance of` whose value does not sit one metaclass level up","re-level one of the two items, or replace `instance of` by `subclass of`; level shifts affect the whole branch, so review by hand"
"data/frontier.wdkb","ontology","level-inst","error","needs-review","Q130901","binary relation","Q130324710","type of relation","","`instance of` whose value does not sit one metaclass level up","re-level one of the two items, or replace `instance of` by `subclass of`; level shifts affect the whole branch, so review by hand"
"data/frontier2.wdkb","ontology","level-inst","error","needs-review","Q14946528","conflation","Q110314665","type of error","","`instance of` whose value does not sit one metaclass level up","re-level one of the two items, or replace `instance of` by `subclass of`; level shifts affect the whole branch, so review by hand"
"data/frontier2.wdkb","ontology","level-inst","error","needs-review","Q125598647","continuant type","Q24017414","second-order class","","`instance of` whose value does not sit one metaclass level up","re-level one of the two items, or replace `instance of` by `subclass of`; level shifts affect the whole branch, so review by hand"
"data/frontier2.wdkb","ontology","level-inst","error","needs-review","Q789016","content word","Q980357","grammatical category","","`instance of` whose value does not sit one metaclass level up","re-level one of the two items, or replace `instance of` by `subclass of`; level shifts affect the whole branch, so review by hand"
"data/frontier2.wdkb","ontology","level-inst","error","needs-review","Q82042","part of speech","Q19478619","metaclass","","`instance of` whose value does not sit one metaclass level up","re-level one of the two items, or replace `instance of` by `subclass of`; level shifts affect the whole branch, so review by hand"
"data/frontier2.wdkb","ontology","level-inst","error","needs-review","Q699386","statutory corporation","Q2135465","legal term or legal concept","","`instance of` whose value does not sit one metaclass level up","re-level one of the two items, or replace `instance of` by `subclass of`; level shifts affect the whole branch, so review by hand"
"data/frontier2.wdkb","ontology","level-inst","error","needs-review","Q783794","company","Q17197366","type of organization","","`instance of` whose value does not sit one metaclass level up","re-level one of the two items, or replace `instance of` by `subclass of`; level shifts affect the whole branch, so review by hand"
"data/frontier2.wdkb","ontology","level-inst","error","needs-review","Q783794","company","Q10541491","legal form","","`instance of` whose value does not sit one metaclass level up","re-level one of the two items, or replace `instance of` by `subclass of`; level shifts affect the whole branch, so review by hand"
"data/frontier2.wdkb","ontology","level-inst","error","needs-review","Q7188","government","Q17197366","type of organization","","`instance of` whose value does not sit one metaclass level up","re-level one of the two items, or replace `instance of` by `subclass of`; level shifts affect the whole branch, so review by hand"
"data/frontier2.wdkb","ontology","level-inst","error","needs-review","Q4358176","council","Q16334295","group of humans","","`instance of` whose value does not sit one metaclass level up","re-level one of the two items, or replace `instance of` by `subclass of`; level shifts affect the whole branch, so review by hand"
"data/frontier2.wdkb","ontology","level-inst","error","needs-review","Q4358176","council","Q17197366","type of organization","","`instance of` whose value does not sit one metaclass level up","re-level one of the two items, or replace `instance of` by `subclass of`; level shifts affect the whole branch, so review by hand"
"data/frontier2.wdkb","ontology","level-inst","error","needs-review","Q16334298","group of living things","Q24017414","second-order class","","`instance of` whose value does not sit one metaclass level up","re-level one of the two items, or replace `instance of` by `subclass of`; level shifts affect the whole branch, so review by hand"
"data/frontier2.wdkb","ontology","level-inst","error","needs-review","Q134602505","group of beings","Q24017414","second-order class","","`instance of` whose value does not sit one metaclass level up","re-level one of the two items, or replace `instance of` by `subclass of`; level shifts affect the whole branch, so review by hand"
"data/frontier2.wdkb","ontology","level-inst","error","needs-review","Q15893266","former entity","Q86098365","currently empty class","","`instance of` whose value does not sit one metaclass level up","re-level one of the two items, or replace `instance of` by `subclass of`; level shifts affect the whole branch, so review by hand"
"data/frontier2.wdkb","ontology","level-inst","error","needs-review","Q12046615","feature type","Q24017414","second-order class","","`instance of` whose value does not sit one metaclass level up","re-level one of the two items, or replace `instance of` by `subclass of`; level shifts affect the whole branch, so review by hand"
"data/frontier2.wdkb","ontology","level-inst","error","needs-review","Q1084","noun","Q82042","part of speech","","`instance of` whose value does not sit one metaclass level up","re-level one of the two items, or replace `instance of` by `subclass of`; level shifts affect the whole branch, so review by hand"
"data/frontier2.wdkb","ontology","level-inst","error","needs-review","Q803935","Baire function","Q24034552","mathematical concept","","`instance of` whose value does not sit one metaclass level up","re-level one of the two items, or replace `instance of` by `subclass of`; level shifts affect the whole branch, so review by hand"
"data/frontier2.wdkb","ontology","level-inst","error","needs-review","Q803935","Baire function","Q5962346","classification scheme","","`instance of` whose value does not sit one metaclass level up","re-level one of the two items, or replace `instance of` by `subclass of`; level shifts affect the whole branch, so review by hand"
"data/frontier2.wdkb","ontology","level-inst","error","needs-review","Q107715","physical quantity","Q71758646","general quantity","","`instance of` whose value does not sit one metaclass level up","re-level one of the two items, or replace `instance of` by `subclass of`; level shifts affect the whole branch, so review by hand"
"data/frontier2.wdkb","ontology","level-inst","error","needs-review","Q635162","Hominidae","Q16521","taxon","","`instance of` whose value does not sit one metaclass level up","re-level one of the two items, or replace `instance of` by `subclass of`; level shifts affect the whole branch, so review by hand"
"data/frontier2.wdkb","ontology","level-inst","error","needs-review","Q4330518","object of study","Q96251598","type of object","","`instance of` whose value does not sit one metaclass level up","re-level one of the two items, or replace `instance of` by `subclass of`; level shifts affect the whole branch, so review by hand"
"data/frontier2.wdkb","ontology","level-inst","error","needs-review","Q2085518","format","Q111972893","type of structure","","`instance of` whose value does not sit one metaclass level up","re-level one of the two items, or replace `instance of` by `subclass of`; level shifts affect the whole branch, so review by hand"
"data/frontier2.wdkb","ontology","level-inst","error","needs-review","Q8242","literature","Q56055944","type of arts","","`instance of` whose value does not sit one metaclass level up","re-level one of the two items, or replace `instance of` by `subclass of`; level shifts affect the whole branch, so review by hand"
"data/frontier2.wdkb","ontology","level-inst","error","needs-review","Q8242","literature","Q16889133","class","","`instance of` whose value does not sit one metaclass level up","re-level one of the two items, or replace `instance of` by `subclass of`; level shifts affect the whole branch, so review by hand"
"data/frontier2.wdkb","ontology","level-inst","error","needs-review","Q8242","literature","Q17489659","group of works","","`instance of` whose value does not sit one metaclass level up","re-level one of the two items, or replace `instance of` by `subclass of`; level shifts affect the whole branch, so review by hand"
"data/frontier2.wdkb","ontology","level-inst","error","needs-review","Q108329096","art genre by arts form","Q19478619","metaclass","","`instance of` whose value does not sit one metaclass level up","re-level one of the two items, or replace `instance of` by `subclass of`; level shifts affect the whole branch, so review by hand"
"data/frontier2.wdkb","ontology","level-inst","error","needs-review","Q223393","literary genre","Q140354262","type of genre","","`instance of` whose value does not sit one metaclass level up","re-level one of the two items, or replace `instance of` by `subclass of`; level shifts affect the whole branch, so review by hand"
"data/frontier2.wdkb","ontology","level-inst","error","needs-review","Q108466143","non-fiction genre","Q19478619","metaclass","","`instance of` whose value does not sit one metaclass level up","re-level one of the two items, or replace `instance of` by `subclass of`; level shifts affect the whole branch, so review by hand"
"data/frontier2.wdkb","ontology","level-inst","error","needs-review","Q10383930","academic work","Q4263830","literary form","","`instance of` whose value does not sit one metaclass level up","re-level one of the two items, or replace `instance of` by `subclass of`; level shifts affect the whole branch, so review by hand"
"data/frontier2.wdkb","ontology","level-inst","error","needs-review","Q1851710","structure (model theory)","Q111972893","type of structure","","`instance of` whose value does not sit one metaclass level up","re-level one of the two items, or replace `instance of` by `subclass of`; level shifts affect the whole branch, so review by hand"
"data/frontier2.wdkb","ontology","level-inst","error","needs-review","Q743418","octonion","Q2165111","alternative algebra","","`instance of` whose value does not sit one metaclass level up","re-level one of the two items, or replace `instance of` by `subclass of`; level shifts affect the whole branch, so review by hand"
"data/frontier2.wdkb","ontology","level-inst","error","needs-review","Q743418","octonion","Q2835924","octonion algebra","","`instance of` whose value does not sit one metaclass level up","re-level one of the two items, or replace `instance of` by `subclass of`; level shifts affect the whole branch, so review by hand"
"data/frontier2.wdkb","ontology","level-inst","error","needs-review","Q135268494","group of 2","Q2360980","unit of amount","","`instance of` whose value does not sit one metaclass level up","re-level one of the two items, or replace `instance of` by `subclass of`; level shifts affect the whole branch, so review by hand"
"data/frontier2.wdkb","ontology","level-inst","error","needs-review","Q103994247","medical metaclass","Q24017465","third-order class","","`instance of` whose value does not sit one metaclass level up","re-level one of the two items, or replace `instance of` by `subclass of`; level shifts affect the whole branch, so review by hand"
"data/frontier2.wdkb","ontology","level-inst","error","needs-review","Q22675015","type of quantum particle","Q24017414","second-order class","","`instance of` whose value does not sit one metaclass level up","re-level one of the two items, or replace `instance of` by `subclass of`; level shifts affect the whole branch, so review by hand"
"data/frontier2.wdkb","ontology","level-inst","error","needs-review","Q21170479","possibility","Q151885","concept","","`instance of` whose value does not sit one metaclass level up","re-level one of the two items, or replace `instance of` by `subclass of`; level shifts affect the whole branch, so review by hand"
"data/frontier2.wdkb","ontology","level-inst","error","needs-review","Q21170479","possibility","Q96253971","type of property","","`instance of` whose value does not sit one metaclass level up","re-level one of the two items, or replace `instance of` by `subclass of`; level shifts affect the whole branch, so review by hand"
"data/frontier2.wdkb","ontology","level-inst","error","needs-review","Q9492","probability","Q355020","probability measure","","`instance of` whose value does not sit one metaclass level up","re-level one of the two items, or replace `instance of` by `subclass of`; level shifts affect the whole branch, so review by hand"
"data/frontier2.wdkb","ontology","level-inst","error","needs-review","Q111931734","effect","Q12379553","general term","","`instance of` whose value does not sit one metaclass level up","re-level one of the two items, or replace `instance of` by `subclass of`; level shifts affect the whole branch, so review by hand"
"data/frontier2.wdkb","ontology","level-inst","error","needs-review","Q111931734","effect","Q33104279","philosophical concept","","`instance of` whose value does not sit one metaclass level up","re-level one of the two items, or replace `instance of` by `subclass of`; level shifts affect the whole branch, so review by hand"
"data/frontier2.wdkb","ontology","level-inst","error","needs-review","Q60971579","destructive behavior","Q140639962","type of behavior","","`instance of` whose value does not sit one metaclass level up","re-level one of the two items, or replace `instance of` by `subclass of`; level shifts affect the whole branch, so review by hand"
"data/frontier2.wdkb","ontology","level-inst","error","needs-review","Q123240632","specifically dependent continuant","Q124711104","BFO class","","`instance of` whose value does not sit one metaclass level up","re-level one of the two items, or replace `instance of` by `subclass of`; level shifts affect the whole branch, so review by hand"
"data/frontier2.wdkb","ontology","level-inst","error","needs-review","Q4833865","abstract structure","Q111972893","type of structure","","`instance of` whose value does not sit one metaclass level up","re-level one of the two items, or replace `instance of` by `subclass of`; level shifts affect the whole branch, so review by hand"
"data/frontier2.wdkb","ontology","level-inst","error","needs-review","Q64861","transitive relation","Q130324710","type of relation","","`instance of` whose value does not sit one metaclass level up","re-level one of the two items, or replace `instance of` by `subclass of`; level shifts affect the whole branch, so review by hand"
"data/frontier2.wdkb","ontology","level-inst","error","needs-review","Q29485","error","Q27949697","Wikibase reason for deprecated rank","","`instance of` whose value does not sit one metaclass level up","re-level one of the two items, or replace `instance of` by `subclass of`; level shifts affect the whole branch, so review by hand"
"data/frontier2.wdkb","ontology","level-inst","error","needs-review","Q137429456","type of concept","Q19478619","metaclass","","`instance of` whose value does not sit one metaclass level up","re-level one of the two items, or replace `instance of` by `subclass of`; level shifts affect the whole branch, so review by hand"
"data/frontier2.wdkb","ontology","level-inst","error","needs-review","Q980357","grammatical category","Q1047113","field of study","","`instance of` whose value does not sit one metaclass level up","re-level one of the two items, or replace `instance of` by `subclass of`; level shifts affect the whole branch, so review by hand"
"data/frontier2.wdkb","ontology","level-inst","error","needs-review","Q980357","grammatical category","Q2267705","field of study","","`instance of` whose value does not sit one metaclass level up","re-level one of the two items, or replace `instance of` by `subclass of`; level shifts affect the whole branch, so review by hand"
"data/frontier2.wdkb","ontology","level-inst","error","needs-review","Q167037","corporation","Q10541491","legal form","","`instance of` whose value does not sit one metaclass level up","re-level one of the two items, or replace `instance of` by `subclass of`; level shifts affect the whole branch, so review by hand"
"data/frontier2.wdkb","ontology","level-inst","error","needs-review","Q108163","proposition","Q33104279","philosophical concept","","`instance of` whose value does not sit one metaclass level up","re-level one of the two items, or replace `instance of` by `subclass of`; level shifts affect the whole branch, so review by hand"
"data/frontier2.wdkb","ontology","level-inst","error","needs-review","Q43229","organization","Q134602570","class of being","","`instance of` whose value does not sit one metaclass level up","re-level one of the two items, or replace `instance of` by `subclass of`; level shifts affect the whole branch, so review by hand"
"data/frontier2.wdkb","ontology","level-inst","error","needs-review","Q43229","organization","Q151885","concept","","`instance of` whose value does not sit one metaclass level up","re-level one of the two items, or replace `instance of` by `subclass of`; level shifts affect the whole branch, so review by hand"
"data/frontier2.wdkb","ontology","level-inst","error","needs-review","Q43229","organization","Q96116695","type of system","","`instance of` whose value does not sit one metaclass level up","re-level one of the two items, or replace `instance of` by `subclass of`; level shifts affect the whole branch, so review by hand"
"data/frontier2.wdkb","ontology","level-inst","error","needs-review","Q897395","executive board","Q35798","executive branch","","`instance of` whose value does not sit one metaclass level up","re-level one of the two items, or replace `instance of` by `subclass of`; level shifts affect the whole branch, so review by hand"
"data/frontier2.wdkb","ontology","level-inst","error","needs-review","Q16334295","group of humans","Q138665581","type of set","","`instance of` whose value does not sit one metaclass level up","re-level one of the two items, or replace `instance of` by `subclass of`; level shifts affect the whole branch, so review by hand"
"data/frontier2.wdkb","ontology","level-inst","error","needs-review","Q17197366","type of organization","Q24017414","second-order class","","`instance of` whose value does not sit one metaclass level up","re-level one of the two items, or replace `instance of` by `subclass of`; level shifts affect the whole branch, so review by hand"
"data/frontier2.wdkb","ontology","level-inst","error","needs-review","Q21871294","group or class of living things","Q24017414","second-order class","","`instance of` whose value does not sit one metaclass level up","re-level one of the two items, or replace `instance of` by `subclass of`; level shifts affect the whole branch, so review by hand"
"data/frontier2.wdkb","ontology","level-inst","error","needs-review","Q134602526","group or class of beings","Q24017414","second-order class","","`instance of` whose value does not sit one metaclass level up","re-level one of the two items, or replace `instance of` by `subclass of`; level shifts affect the whole branch, so review by hand"
"data/frontier2.wdkb","ontology","level-inst","error","needs-review","Q86098365","currently empty class","Q23958852","variable-order class","","`instance of` whose value does not sit one metaclass level up","re-level one of the two items, or replace `instance of` by `subclass of`; level shifts affect the whole branch, so review by hand"
"data/frontier2.wdkb","ontology","level-inst","error","needs-review","Q11348","function","Q24034552","mathematical concept","","`instance of` whose value does not sit one metaclass level up","re-level one of the two items, or replace `instance of` by `subclass of`; level shifts affect the whole branch, so review by hand"
"data/frontier2.wdkb","ontology","level-inst","error","needs-review","Q5962346","classification scheme","Q23958852","variable-order class","","`instance of` whose value does not sit one metaclass level up","re-level one of the two items, or replace `instance of` by `subclass of`; level shifts affect the whole branch, so review by hand"
"data/frontier2.wdkb","ontology","level-inst","error","needs-review","Q36161","set","Q6453739","primitive notion","","`instance of` whose value does not sit one metaclass level up","re-level one of the two items, or replace `instance of` by `subclass of`; level shifts affect the whole branch, so review by hand"
"data/frontier2.wdkb","ontology","level-inst","error","needs-review","Q937228","property","Q714737","category of being","","`instance of` whose value does not sit one metaclass level up","re-level one of the two items, or replace `instance of` by `subclass of`; level shifts affect the whole branch, so review by hand"
"data/frontier2.wdkb","ontology","level-inst","error","needs-review","Q140919303","region","Q23958852","variable-order class","","`instance of` whose value does not sit one metaclass level up","re-level one of the two items, or replace `instance of` by `subclass of`; level shifts affect the whole branch, so review by hand"
"data/frontier2.wdkb","ontology","level-inst","error","needs-review","Q181175","scalar quantity","Q71758646","general quantity","","`instance of` whose value does not sit one metaclass level up","re-level one of the two items, or replace `instance of` by `subclass of`; level shifts affect the whole branch, so review by hand"
"data/frontier2.wdkb","ontology","level-inst","error","needs-review","Q4373292","physical property","Q96253971","type of property","","`instance of` whose value does not sit one metaclass level up","re-level one of the two items, or replace `instance of` by `subclass of`; level shifts affect the whole branch, so review by hand"
"data/frontier2.wdkb","ontology","level-inst","error","needs-review","Q71550118","individual quantity","Q71758646","general quantity","","`instance of` whose value does not sit one metaclass level up","re-level one of the two items, or replace `instance of` by `subclass of`; level shifts affect the whole branch, so review by hand"
"data/frontier2.wdkb","ontology","level-inst","error","needs-review","Q71758646","general quantity","Q24017414","second-order class","","`instance of` whose value does not sit one metaclass level up","re-level one of the two items, or replace `instance of` by `subclass of`; level shifts affect the whole branch, so review by hand"
"data/frontier2.wdkb","ontology","level-inst","error","needs-review","Q7380","primate","Q16521","taxon","","`instance of` whose value does not sit one metaclass level up","re-level one of the two items, or replace `instance of` by `subclass of`; level shifts affect the whole branch, so review by hand"
"data/frontier2.wdkb","ontology","level-inst","error","needs-review","Q16521","taxon","Q24017414","second-order class","","`instance of` whose value does not sit one metaclass level up","re-level one of the two items, or replace `instance of` by `subclass of`; level shifts affect the whole branch, so review by hand"
"data/frontier2.wdkb","ontology","level-inst","error","needs-review","Q16521","taxon","Q115949945","scientific concept","","`instance of` whose value does not sit one metaclass level up","re-level one of the two items, or replace `instance of` by `subclass of`; level shifts affect the whole branch, so review by hand"
"data/frontier2.wdkb","ontology","level-inst","error","needs-review","Q23894381","actor","Q613930","thematic relation","","`instance of` whose value does not sit one metaclass level up","re-level one of the two items, or replace `instance of` by `subclass of`; level shifts affect the whole branch, so review by hand"
"data/frontier2.wdkb","ontology","level-inst","error","needs-review","Q26256810","topic","Q1207505","quality","","`instance of` whose value does not sit one metaclass level up","re-level one of the two items, or replace `instance of` by `subclass of`; level shifts affect the whole branch, so review by hand"
"data/frontier2.wdkb","ontology","level-inst","error","needs-review","Q123177423","object of analysis","Q4897819","role","","`instance of` whose value does not sit one metaclass level up","re-level one of the two items, or replace `instance of` by `subclass of`; level shifts affect the whole branch, so review by hand"
"data/frontier2.wdkb","ontology","level-inst","error","needs-review","Q96251598","type of object","Q23958852","variable-order class","","`instance of` whose value does not sit one metaclass level up","re-level one of the two items, or replace `instance of` by `subclass of`; level shifts affect the whole branch, so review by hand"
"data/frontier2.wdkb","ontology","level-inst","error","needs-review","Q96251598","type of object","Q151885","concept","","`instance of` whose value does not sit one metaclass level up","re-level one of the two items, or replace `instance of` by `subclass of`; level shifts affect the whole branch, so review by hand"
"data/frontier2.wdkb","ontology","level-inst","error","needs-review","Q96251598","type of object","Q21146257","type","","`instance of` whose value does not sit one metaclass level up","re-level one of the two items, or replace `instance of` by `subclass of`; level shifts affect the whole branch, so review by hand"
"data/frontier2.wdkb","ontology","level-inst","error","needs-review","Q6671777","structure","Q33104279","philosophical concept","","`instance of` whose value does not sit one metaclass level up","re-level one of the two items, or replace `instance of` by `subclass of`; level shifts affect the whole branch, so review by hand"
"data/frontier2.wdkb","ontology","level-inst","error","needs-review","Q1292119","style","Q151885","concept","","`instance of` whose value does not sit one metaclass level up","re-level one of the two items, or replace `instance of` by `subclass of`; level shifts affect the whole branch, so review by hand"
"data/frontier2.wdkb","ontology","level-inst","error","needs-review","Q1292119","style","Q3533467","group action","","`instance of` whose value does not sit one metaclass level up","re-level one of the two items, or replace `instance of` by `subclass of`; level shifts affect the whole branch, so review by hand"
"data/frontier2.wdkb","ontology","level-inst","error","needs-review","Q732577","publication","Q138303935","type of information","","`instance of` whose value does not sit one metaclass level up","re-level one of the two items, or replace `instance of` by `subclass of`; level shifts affect the whole branch, so review by hand"
"data/frontier2.wdkb","ontology","level-inst","error","needs-review","Q732577","publication","Q140311475","type of creative work","","`instance of` whose value does not sit one metaclass level up","re-level one of the two items, or replace `instance of` by `subclass of`; level shifts affect the whole branch, so review by hand"
"data/frontier2.wdkb","ontology","level-inst","error","needs-review","Q17537576","creative work","Q133449656","type of work","","`instance of` whose value does not sit one metaclass level up","re-level one of the two items, or replace `instance of` by `subclass of`; level shifts affect the whole branch, so review by hand"
"data/frontier2.wdkb","ontology","level-inst","error","needs-review","Q39725049","type of publication","Q19478619","metaclass","","`instance of` whose value does not sit one metaclass level up","re-level one of the two items, or replace `instance of` by `subclass of`; level shifts affect the whole branch, so review by hand"
"data/frontier2.wdkb","ontology","level-inst","error","needs-review","Q735","art","Q26256810","topic","","`instance of` whose value does not sit one metaclass level up","re-level one of the two items, or replace `instance of` by `subclass of`; level shifts affect the whole branch, so review by hand"
"data/frontier2.wdkb","ontology","level-inst","error","needs-review","Q17489659","group of works","Q138665581","type of set","","`instance of` whose value does not sit one metaclass level up","re-level one of the two items, or replace `instance of` by `subclass of`; level shifts affect the whole branch, so review by hand"
"data/frontier2.wdkb","ontology","level-inst","error","needs-review","Q1792379","art genre","Q19478619","metaclass","","`instance of` whose value does not sit one metaclass level up","re-level one of the two items, or replace `instance of` by `subclass of`; level shifts affect the whole branch, so review by hand"
"data/frontier2.wdkb","ontology","level-inst","error","needs-review","Q140354262","type of genre","Q24017465","third-order class","","`instance of` whose value does not sit one metaclass level up","re-level one of the two items, or replace `instance of` by `subclass of`; level shifts affect the whole branch, so review by hand"
"data/frontier2.wdkb","ontology","level-inst","error","needs-review","Q116518880","narrative mode","Q19478619","metaclass","","`instance of` whose value does not sit one metaclass level up","re-level one of the two items, or replace `instance of` by `subclass of`; level shifts affect the whole branch, so review by hand"
"data/frontier2.wdkb","ontology","level-inst","error","needs-review","Q483394","genre","Q19478619","metaclass","","`instance of` whose value does not sit one metaclass level up","re-level one of the two items, or replace `instance of` by `subclass of`; level shifts affect the whole branch, so review by hand"
"data/frontier2.wdkb","ontology","level-inst","error","needs-review","Q47461344","written work","Q133449656","type of work","","`instance of` whose value does not sit one metaclass level up","re-level one of the two items, or replace `instance of` by `subclass of`; level shifts affect the whole branch, so review by hand"
"data/frontier2.wdkb","ontology","level-inst","error","needs-review","Q55915575","scholarly work","Q4263830","literary form","","`instance of` whose value does not sit one metaclass level up","re-level one of the two items, or replace `instance of` by `subclass of`; level shifts affect the whole branch, so review by hand"
"data/frontier2.wdkb","ontology","level-inst","error","needs-review","Q4263830","literary form","Q19478619","metaclass","","`instance of` whose value does not sit one metaclass level up","re-level one of the two items, or replace `instance of` by `subclass of`; level shifts affect the whole branch, so review by hand"
"data/frontier2.wdkb","ontology","level-inst","error","needs-review","Q99527517","collective entity","Q23958852","variable-order class","","`instance of` whose value does not sit one metaclass level up","re-level one of the two items, or replace `instance of` by `subclass of`; level shifts affect the whole branch, so review by hand"
"data/frontier2.wdkb","ontology","level-inst","error","needs-review","Q99469810","type of fixed-size set or group","Q19478619","metaclass","","`instance of` whose value does not sit one metaclass level up","re-level one of the two items, or replace `instance of` by `subclass of`; level shifts affect the whole branch, so review by hand"
"data/frontier2.wdkb","ontology","level-inst","error","needs-review","Q79188","sedenion","Q259590","flexible algebra","","`instance of` whose value does not sit one metaclass level up","re-level one of the two items, or replace `instance of` by `subclass of`; level shifts affect the whole branch, so review by hand"
"data/frontier2.wdkb","ontology","level-inst","error","needs-review","Q79188","sedenion","Q4391941","non-associative algebra","","`instance of` whose value does not sit one metaclass level up","re-level one of the two items, or replace `instance of` by `subclass of`; level shifts affect the whole branch, so review by hand"
"data/frontier2.wdkb","ontology","level-inst","error","needs-review","Q837414","hypercomplex number","Q47460393","type of number","","`instance of` whose value does not sit one metaclass level up","re-level one of the two items, or replace `instance of` by `subclass of`; level shifts affect the whole branch, so review by hand"
"data/frontier2.wdkb","ontology","level-inst","error","needs-review","Q3054922","totally ordered set","Q24034552","mathematical concept","","`instance of` whose value does not sit one metaclass level up","re-level one of the two items, or replace `instance of` by `subclass of`; level shifts affect the whole branch, so review by hand"
"data/frontier2.wdkb","ontology","level-inst","error","needs-review","Q379825","element","Q4897819","role","","`instance of` whose value does not sit one metaclass level up","re-level one of the two items, or replace `instance of` by `subclass of`; level shifts affect the whole branch, so review by hand"
"data/frontier2.wdkb","ontology","level-inst","error","needs-review","Q21146257","type","Q19478619","metaclass","","`instance of` whose value does not sit one metaclass level up","re-level one of the two items, or replace `instance of` by `subclass of`; level shifts affect the whole branch, so review by hand"
"data/frontier2.wdkb","ontology","level-inst","error","needs-review","Q21146257","type","Q151885","concept","","`instance of` whose value does not sit one metaclass level up","re-level one of the two items, or replace `instance of` by `subclass of`; level shifts affect the whole branch, so review by hand"
"data/frontier2.wdkb","ontology","level-inst","error","needs-review","Q21146257","type","Q115490628","fundamental Wikidata entity","","`instance of` whose value does not sit one metaclass level up","re-level one of the two items, or replace `instance of` by `subclass of`; level shifts affect the whole branch, so review by hand"
"data/frontier2.wdkb","ontology","level-inst","error","needs-review","Q19478619","metaclass","Q151885","concept","","`instance of` whose value does not sit one metaclass level up","re-level one of the two items, or replace `instance of` by `subclass of`; level shifts affect the whole branch, so review by hand"
"data/frontier2.wdkb","ontology","level-inst","error","needs-review","Q19478619","metaclass","Q19868531","formal ontology concept","","`instance of` whose value does not sit one metaclass level up","re-level one of the two items, or replace `instance of` by `subclass of`; level shifts affect the whole branch, so review by hand"
"data/frontier2.wdkb","ontology","level-inst","error","needs-review","Q47154513","structural class of chemical entities","Q5962346","classification scheme","","`instance of` whose value does not sit one metaclass level up","re-level one of the two items, or replace `instance of` by `subclass of`; level shifts affect the whole branch, so review by hand"
"data/frontier2.wdkb","ontology","level-inst","error","needs-review","Q47154513","structural class of chemical entities","Q24017465","third-order class","","`instance of` whose value does not sit one metaclass level up","re-level one of the two items, or replace `instance of` by `subclass of`; level shifts affect the whole branch, so review by hand"
"data/frontier2.wdkb","ontology","level-inst","error","needs-review","Q24229398","being","Q96251598","type of object","","`instance of` whose value does not sit one metaclass level up","re-level one of the two items, or replace `instance of` by `subclass of`; level shifts affect the whole branch, so review by hand"
"data/frontier2.wdkb","ontology","level-inst","error","needs-review","Q24229398","being","Q96251598","type of object","","`instance of` whose value does not sit one metaclass level up","re-level one of the two items, or replace `instance of` by `subclass of`; level shifts affect the whole branch, so review by hand"
"data/frontier2.wdkb","ontology","level-inst","error","needs-review","Q24229398","being","Q96251598","type of object","","`instance of` whose value does not sit one metaclass level up","re-level one of the two items, or replace `instance of` by `subclass of`; level shifts affect the whole branch, so review by hand"
"data/frontier2.wdkb","ontology","level-inst","error","needs-review","Q24229398","being","Q96251598","type of object","","`instance of` whose value does not sit one metaclass level up","re-level one of the two items, or replace `instance of` by `subclass of`; level shifts affect the whole branch, so review by hand"
"data/frontier2.wdkb","ontology","level-inst","error","needs-review","Q4897819","role","Q124711104","BFO class","","`instance of` whose value does not sit one metaclass level up","re-level one of the two items, or replace `instance of` by `subclass of`; level shifts affect the whole branch, so review by hand"
"data/frontier2.wdkb","ontology","level-inst","error","needs-review","Q3505845","state","Q151885","concept","","`instance of` whose value does not sit one metaclass level up","re-level one of the two items, or replace `instance of` by `subclass of`; level shifts affect the whole branch, so review by hand"
"data/frontier2.wdkb","ontology","level-inst","error","needs-review","Q151885","concept","Q23958852","variable-order class","","`instance of` whose value does not sit one metaclass level up","re-level one of the two items, or replace `instance of` by `subclass of`; level shifts affect the whole branch, so review by hand"
"data/frontier2.wdkb","ontology","level-inst","error","needs-review","Q246672","mathematical object","Q96251598","type of object","","`instance of` whose value does not sit one metaclass level up","re-level one of the two items, or replace `instance of` by `subclass of`; level shifts affect the whole branch, so review by hand"
"data/frontier2.wdkb","ontology","level-inst","error","needs-review","Q246672","mathematical object","Q106411346","characterization","","`instance of` whose value does not sit one metaclass level up","re-level one of the two items, or replace `instance of` by `subclass of`; level shifts affect the whole branch, so review by hand"
"data/frontier2.wdkb","ontology","level-inst","error","needs-review","Q126818","dimensionless quantity","Q71758646","general quantity","","`instance of` whose value does not sit one metaclass level up","re-level one of the two items, or replace `instance of` by `subclass of`; level shifts affect the whole branch, so review by hand"
"data/frontier2.wdkb","ontology","level-inst","error","needs-review","Q137426749","type of term","Q24017414","second-order class","","`instance of` whose value does not sit one metaclass level up","re-level one of the two items, or replace `instance of` by `subclass of`; level shifts affect the whole branch, so review by hand"
"data/frontier2.wdkb","ontology","level-inst","error","needs-review","Q4026292","action","Q33104279","philosophical concept","","`instance of` whose value does not sit one metaclass level up","re-level one of the two items, or replace `instance of` by `subclass of`; level shifts affect the whole branch, so review by hand"
"data/frontier2.wdkb","ontology","level-inst","error","needs-review","Q140639962","type of behavior","Q24017414","second-order class","","`instance of` whose value does not sit one metaclass level up","re-level one of the two items, or replace `instance of` by `subclass of`; level shifts affect the whole branch, so review by hand"
"data/frontier2.wdkb","ontology","level-inst","error","needs-review","Q2083958","pattern","Q1047113","field of study","","`instance of` whose value does not sit one metaclass level up","re-level one of the two items, or replace `instance of` by `subclass of`; level shifts affect the whole branch, so review by hand"
"data/frontier2.wdkb","ontology","level-inst","error","needs-review","Q2083958","pattern","Q2267705","field of study","","`instance of` whose value does not sit one metaclass level up","re-level one of the two items, or replace `instance of` by `subclass of`; level shifts affect the whole branch, so review by hand"
"data/frontier2.wdkb","ontology","level-inst","error","needs-review","Q24017414","second-order class","Q24017465","third-order class","","`instance of` whose value does not sit one metaclass level up","re-level one of the two items, or replace `instance of` by `subclass of`; level shifts affect the whole branch, so review by hand"
"data/frontier2.wdkb","ontology","level-inst","error","needs-review","Q2990593","animal behavior","Q2267705","field of study","","`instance of` whose value does not sit one metaclass level up","re-level one of the two items, or replace `instance of` by `subclass of`; level shifts affect the whole branch, so review by hand"
"data/frontier2.wdkb","ontology","level-inst","error","needs-review","Q2990593","animal behavior","Q1047113","field of study","","`instance of` whose value does not sit one metaclass level up","re-level one of the two items, or replace `instance of` by `subclass of`; level shifts affect the whole branch, so review by hand"
"data/frontier2.wdkb","ontology","level-inst","error","needs-review","Q2990593","animal behavior","Q4671286","academic major","","`instance of` whose value does not sit one metaclass level up","re-level one of the two items, or replace `instance of` by `subclass of`; level shifts affect the whole branch, so review by hand"
"data/frontier2.wdkb","ontology","level-inst","error","needs-review","Q22294683","biological process involved in intraspecies interaction between organisms","Q2996394","biological process","","`instance of` whose value does not sit one metaclass level up","re-level one of the two items, or replace `instance of` by `subclass of`; level shifts affect the whole branch, so review by hand"
"data/frontier2.wdkb","ontology","level-inst","error","needs-review","Q2996394","biological process","Q151885","concept","","`instance of` whose value does not sit one metaclass level up","re-level one of the two items, or replace `instance of` by `subclass of`; level shifts affect the whole branch, so review by hand"
"data/frontier2.wdkb","ontology","level-inst","error","needs-review","Q930933","relation","Q96251598","type of object","","`instance of` whose value does not sit one metaclass level up","re-level one of the two items, or replace `instance of` by `subclass of`; level shifts affect the whole branch, so review by hand"
"data/frontier2.wdkb","ontology","level-inst","error","needs-review","Q103940464","continuant","Q124711104","BFO class","","`instance of` whose value does not sit one metaclass level up","re-level one of the two items, or replace `instance of` by `subclass of`; level shifts affect the whole branch, so review by hand"
"data/frontier2.wdkb","ontology","level-inst","error","needs-review","Q124711104","BFO class","Q19478619","metaclass","","`instance of` whose value does not sit one metaclass level up","re-level one of the two items, or replace `instance of` by `subclass of`; level shifts affect the whole branch, so review by hand"
"data/frontier2.wdkb","ontology","level-inst","error","needs-review","Q54938846","endorelation","Q130324710","type of relation","","`instance of` whose value does not sit one metaclass level up","re-level one of the two items, or replace `instance of` by `subclass of`; level shifts affect the whole branch, so review by hand"
"data/frontier3.wdkb","ontology","level-inst","error","needs-review","Q1000660","algebra over a field","Q66786238","mathematical term","","`instance of` whose value does not sit one metaclass level up","re-level one of the two items, or replace `instance of` by `subclass of`; level shifts affect the whole branch, so review by hand"
"data/frontier3.wdkb","ontology","level-inst","error","needs-review","Q212434","Olympic sport","Q12379553","general term","","`instance of` whose value does not sit one metaclass level up","re-level one of the two items, or replace `instance of` by `subclass of`; level shifts affect the whole branch, so review by hand"
"data/frontier3.wdkb","ontology","level-inst","error","needs-review","Q22269697","multi-organism process","Q2996394","biological process","","`instance of` whose value does not sit one metaclass level up","re-level one of the two items, or replace `instance of` by `subclass of`; level shifts affect the whole branch, so review by hand"
"data/frontier3.wdkb","ontology","level-inst","error","needs-review","Q22299433","multicellular organismal process","Q2996394","biological process","","`instance of` whose value does not sit one metaclass level up","re-level one of the two items, or replace `instance of` by `subclass of`; level shifts affect the whole branch, so review by hand"
"data/frontier3.wdkb","ontology","level-inst","error","needs-review","Q230855","physical state","Q151885","concept","","`instance of` whose value does not sit one metaclass level up","re-level one of the two items, or replace `instance of` by `subclass of`; level shifts affect the whole branch, so review by hand"
"data/frontier3.wdkb","ontology","level-inst","error","needs-review","Q2944660","lexical item","Q115786086","form","","`instance of` whose value does not sit one metaclass level up","re-level one of the two items, or replace `instance of` by `subclass of`; level shifts affect the whole branch, so review by hand"
"data/frontier3.wdkb","ontology","level-inst","error","needs-review","Q378078","substance","Q33104279","philosophical concept","","`instance of` whose value does not sit one metaclass level up","re-level one of the two items, or replace `instance of` by `subclass of`; level shifts affect the whole branch, so review by hand"
"data/frontier3.wdkb","ontology","level-inst","error","needs-review","Q38885242","physico-chemical property","Q96253971","type of property","","`instance of` whose value does not sit one metaclass level up","re-level one of the two items, or replace `instance of` by `subclass of`; level shifts affect the whole branch, so review by hand"
"data/frontier3.wdkb","ontology","level-inst","error","needs-review","Q3958441","economic sector","Q29028649","economic concept","","`instance of` whose value does not sit one metaclass level up","re-level one of the two items, or replace `instance of` by `subclass of`; level shifts affect the whole branch, so review by hand"
"data/frontier3.wdkb","ontology","level-inst","error","needs-review","Q76272846","oxygen molecular entity","Q72070508","group or class of chemical entities","","`instance of` whose value does not sit one metaclass level up","re-level one of the two items, or replace `instance of` by `subclass of`; level shifts affect the whole branch, so review by hand"
"data/frontier3.wdkb","ontology","level-inst","error","needs-review","Q93468132","hexadecad","Q99469810","type of fixed-size set or group","","`instance of` whose value does not sit one metaclass level up","re-level one of the two items, or replace `instance of` by `subclass of`; level shifts affect the whole branch, so review by hand"
"data/frontier3.wdkb","ontology","level-inst","error","needs-review","Q66786238","mathematical term","Q19478619","metaclass","","`instance of` whose value does not sit one metaclass level up","re-level one of the two items, or replace `instance of` by `subclass of`; level shifts affect the whole branch, so review by hand"
"data/frontier3.wdkb","ontology","level-inst","error","needs-review","Q837414","hypercomplex number","Q47460393","type of number","","`instance of` whose value does not sit one metaclass level up","re-level one of the two items, or replace `instance of` by `subclass of`; level shifts affect the whole branch, so review by hand"
"data/frontier3.wdkb","ontology","level-inst","error","needs-review","Q16887380","group","Q5962346","classification scheme","","`instance of` whose value does not sit one metaclass level up","re-level one of the two items, or replace `instance of` by `subclass of`; level shifts affect the whole branch, so review by hand"
"data/frontier3.wdkb","ontology","level-inst","error","needs-review","Q223557","physical object","Q96251598","type of object","","`instance of` whose value does not sit one metaclass level up","re-level one of the two items, or replace `instance of` by `subclass of`; level shifts affect the whole branch, so review by hand"
"data/frontier3.wdkb","ontology","level-inst","error","needs-review","Q223557","physical object","Q104086571","first-order class","","`instance of` whose value does not sit one metaclass level up","re-level one of the two items, or replace `instance of` by `subclass of`; level shifts affect the whole branch, so review by hand"
"data/frontier3.wdkb","ontology","level-inst","error","needs-review","Q223557","physical object","Q124711104","BFO class","","`instance of` whose value does not sit one metaclass level up","re-level one of the two items, or replace `instance of` by `subclass of`; level shifts affect the whole branch, so review by hand"
"data/frontier3.wdkb","ontology","level-inst","error","needs-review","Q813912","condition","Q151885","concept","","`instance of` whose value does not sit one metaclass level up","re-level one of the two items, or replace `instance of` by `subclass of`; level shifts affect the whole branch, so review by hand"
"data/frontier3.wdkb","ontology","level-inst","error","needs-review","Q813912","condition","Q104086571","first-order class","","`instance of` whose value does not sit one metaclass level up","re-level one of the two items, or replace `instance of` by `subclass of`; level shifts affect the whole branch, so review by hand"
"data/frontier3.wdkb","ontology","level-inst","error","needs-review","Q31629","type of sport","Q24017414","second-order class","","`instance of` whose value does not sit one metaclass level up","re-level one of the two items, or replace `instance of` by `subclass of`; level shifts affect the whole branch, so review by hand"
"data/frontier3.wdkb","ontology","level-inst","error","needs-review","Q3505845","state","Q151885","concept","","`instance of` whose value does not sit one metaclass level up","re-level one of the two items, or replace `instance of` by `subclass of`; level shifts affect the whole branch, so review by hand"
"data/frontier3.wdkb","ontology","level-inst","error","needs-review","Q3505845","state","Q96253971","type of property","","`instance of` whose value does not sit one metaclass level up","re-level one of the two items, or replace `instance of` by `subclass of`; level shifts affect the whole branch, so review by hand"
"data/frontier3.wdkb","ontology","level-inst","error","needs-review","Q140437324","type of state","Q24017414","second-order class","","`instance of` whose value does not sit one metaclass level up","re-level one of the two items, or replace `instance of` by `subclass of`; level shifts affect the whole branch, so review by hand"
"data/frontier3.wdkb","ontology","level-inst","error","needs-review","Q82042","part of speech","Q980357","grammatical category","","`instance of` whose value does not sit one metaclass level up","re-level one of the two items, or replace `instance of` by `subclass of`; level shifts affect the whole branch, so review by hand"
"data/frontier3.wdkb","ontology","level-inst","error","needs-review","Q82042","part of speech","Q19478619","metaclass","","`instance of` whose value does not sit one metaclass level up","re-level one of the two items, or replace `instance of` by `subclass of`; level shifts affect the whole branch, so review by hand"
"data/frontier3.wdkb","ontology","level-inst","error","needs-review","Q9332","behavior","Q96634632","psychology concept","","`instance of` whose value does not sit one metaclass level up","re-level one of the two items, or replace `instance of` by `subclass of`; level shifts affect the whole branch, so review by hand"
"data/frontier3.wdkb","ontology","level-inst","error","needs-review","Q948571","organ of state","Q2324993","state power","","`instance of` whose value does not sit one metaclass level up","re-level one of the two items, or replace `instance of` by `subclass of`; level shifts affect the whole branch, so review by hand"
"data/frontier3.wdkb","ontology","level-inst","error","needs-review","Q7210356","political organization","Q17197366","type of organization","","`instance of` whose value does not sit one metaclass level up","re-level one of the two items, or replace `instance of` by `subclass of`; level shifts affect the whole branch, so review by hand"
"data/frontier3.wdkb","ontology","level-inst","error","needs-review","Q7210356","political organization","Q268592","industry","","`instance of` whose value does not sit one metaclass level up","re-level one of the two items, or replace `instance of` by `subclass of`; level shifts affect the whole branch, so review by hand"
"data/frontier3.wdkb","ontology","level-inst","error","needs-review","Q33104279","philosophical concept","Q137429456","type of concept","","`instance of` whose value does not sit one metaclass level up","re-level one of the two items, or replace `instance of` by `subclass of`; level shifts affect the whole branch, so review by hand"
"data/frontier3.wdkb","ontology","level-inst","error","needs-review","Q937228","property","Q19478619","metaclass","","`instance of` whose value does not sit one metaclass level up","re-level one of the two items, or replace `instance of` by `subclass of`; level shifts affect the whole branch, so review by hand"
"data/frontier3.wdkb","ontology","level-inst","error","needs-review","Q937228","property","Q714737","category of being","","`instance of` whose value does not sit one metaclass level up","re-level one of the two items, or replace `instance of` by `subclass of`; level shifts affect the whole branch, so review by hand"
"data/frontier3.wdkb","ontology","level-inst","error","needs-review","Q5962346","classification scheme","Q23958852","variable-order class","","`instance of` whose value does not sit one metaclass level up","re-level one of the two items, or replace `instance of` by `subclass of`; level shifts affect the whole branch, so review by hand"
"data/frontier3.wdkb","ontology","level-inst","error","needs-review","Q488383","object","Q23958852","variable-order class","","`instance of` whose value does not sit one metaclass level up","re-level one of the two items, or replace `instance of` by `subclass of`; level shifts affect the whole branch, so review by hand"
"data/frontier3.wdkb","ontology","level-inst","error","needs-review","Q488383","object","Q151885","concept","","`instance of` whose value does not sit one metaclass level up","re-level one of the two items, or replace `instance of` by `subclass of`; level shifts affect the whole branch, so review by hand"
"data/frontier3.wdkb","ontology","level-inst","error","needs-review","Q4897819","role","Q124711104","BFO class","","`instance of` whose value does not sit one metaclass level up","re-level one of the two items, or replace `instance of` by `subclass of`; level shifts affect the whole branch, so review by hand"
"data/frontier3.wdkb","ontology","level-inst","error","needs-review","Q151885","concept","Q23958852","variable-order class","","`instance of` whose value does not sit one metaclass level up","re-level one of the two items, or replace `instance of` by `subclass of`; level shifts affect the whole branch, so review by hand"
"data/frontier3.wdkb","ontology","level-inst","error","needs-review","Q26256810","topic","Q1207505","quality","","`instance of` whose value does not sit one metaclass level up","re-level one of the two items, or replace `instance of` by `subclass of`; level shifts affect the whole branch, so review by hand"
"data/frontier3.wdkb","ontology","level-inst","error","needs-review","Q205464","algebraic structure","Q24034552","mathematical concept","","`instance of` whose value does not sit one metaclass level up","re-level one of the two items, or replace `instance of` by `subclass of`; level shifts affect the whole branch, so review by hand"
"data/frontier3.wdkb","ontology","level-inst","error","needs-review","Q12812139","specialized term","Q137426749","type of term","","`instance of` whose value does not sit one metaclass level up","re-level one of the two items, or replace `instance of` by `subclass of`; level shifts affect the whole branch, so review by hand"
"data/frontier3.wdkb","ontology","level-inst","error","needs-review","Q16521","taxon","Q24017414","second-order class","","`instance of` whose value does not sit one metaclass level up","re-level one of the two items, or replace `instance of` by `subclass of`; level shifts affect the whole branch, so review by hand"
"data/frontier3.wdkb","ontology","level-inst","error","needs-review","Q16521","taxon","Q115949945","scientific concept","","`instance of` whose value does not sit one metaclass level up","re-level one of the two items, or replace `instance of` by `subclass of`; level shifts affect the whole branch, so review by hand"
"data/frontier3.wdkb","ontology","level-inst","error","needs-review","Q72070508","group or class of chemical entities","Q24017465","third-order class","","`instance of` whose value does not sit one metaclass level up","re-level one of the two items, or replace `instance of` by `subclass of`; level shifts affect the whole branch, so review by hand"
"data/frontier3.wdkb","ontology","level-inst","error","needs-review","Q99527517","collective entity","Q23958852","variable-order class","","`instance of` whose value does not sit one metaclass level up","re-level one of the two items, or replace `instance of` by `subclass of`; level shifts affect the whole branch, so review by hand"
"data/frontier3.wdkb","ontology","level-inst","error","needs-review","Q99469810","type of fixed-size set or group","Q19478619","metaclass","","`instance of` whose value does not sit one metaclass level up","re-level one of the two items, or replace `instance of` by `subclass of`; level shifts affect the whole branch, so review by hand"
"data/frontier4.wdkb","ontology","level-inst","error","needs-review","Q20026918","mathematical theory","Q24034552","mathematical concept","","`instance of` whose value does not sit one metaclass level up","re-level one of the two items, or replace `instance of` by `subclass of`; level shifts affect the whole branch, so review by hand"
"data/frontier4.wdkb","ontology","level-inst","error","needs-review","Q7048977","abstract entity","Q23958852","variable-order class","","`instance of` whose value does not sit one metaclass level up","re-level one of the two items, or replace `instance of` by `subclass of`; level shifts affect the whole branch, so review by hand"
"data/frontier4.wdkb","ontology","level-inst","error","needs-review","Q205464","algebraic structure","Q24034552","mathematical concept","","`instance of` whose value does not sit one metaclass level up","re-level one of the two items, or replace `instance of` by `subclass of`; level shifts affect the whole branch, so review by hand"
"data/frontier4.wdkb","ontology","level-inst","error","needs-review","Q24034552","mathematical concept","Q23958852","variable-order class","","`instance of` whose value does not sit one metaclass level up","re-level one of the two items, or replace `instance of` by `subclass of`; level shifts affect the whole branch, so review by hand"
"data/frontier4.wdkb","ontology","level-inst","error","needs-review","Q24034552","mathematical concept","Q137429456","type of concept","","`instance of` whose value does not sit one metaclass level up","re-level one of the two items, or replace `instance of` by `subclass of`; level shifts affect the whole branch, so review by hand"
"data/geography.wdkb","ontology","level-inst","error","needs-review","Q515","city","Q98966309","classification of human settlements","","`instance of` whose value does not sit one metaclass level up","re-level one of the two items, or replace `instance of` by `subclass of`; level shifts affect the whole branch, so review by hand"
"data/geography.wdkb","ontology","level-inst","error","needs-review","Q515","city","Q137018865","type of place","","`instance of` whose value does not sit one metaclass level up","re-level one of the two items, or replace `instance of` by `subclass of`; level shifts affect the whole branch, so review by hand"
"data/geography.wdkb","ontology","level-inst","error","needs-review","Q6256","country","Q15617994","administrative territorial entity type","","`instance of` whose value does not sit one metaclass level up","re-level one of the two items, or replace `instance of` by `subclass of`; level shifts affect the whole branch, so review by hand"
"data/geography.wdkb","ontology","level-inst","error","needs-review","Q486972","human settlement","Q104086571","first-order class","","`instance of` whose value does not sit one metaclass level up","re-level one of the two items, or replace `instance of` by `subclass of`; level shifts affect the whole branch, so review by hand"
"data/geography.wdkb","ontology","level-inst","error","needs-review","Q486972","human settlement","Q137018865","type of place","","`instance of` whose value does not sit one metaclass level up","re-level one of the two items, or replace `instance of` by `subclass of`; level shifts affect the whole branch, so review by hand"
"data/geography.wdkb","ontology","level-inst","error","needs-review","Q82794","region","Q137022846","type of region","","`instance of` whose value does not sit one metaclass level up","re-level one of the two items, or replace `instance of` by `subclass of`; level shifts affect the whole branch, so review by hand"
"data/geography.wdkb","ontology","level-inst","error","needs-review","Q2221906","geographic location","Q96253971","type of property","","`instance of` whose value does not sit one metaclass level up","re-level one of the two items, or replace `instance of` by `subclass of`; level shifts affect the whole branch, so review by hand"
"data/geography.wdkb","ontology","level-inst","error","needs-review","Q2221906","geographic location","Q137015716","type of location","","`instance of` whose value does not sit one metaclass level up","re-level one of the two items, or replace `instance of` by `subclass of`; level shifts affect the whole branch, so review by hand"
"data/geography.wdkb","ontology","level-inst","error","needs-review","Q64","Berlin","Q1901835","seat of government","","`instance of` whose value does not sit one metaclass level up","re-level one of the two items, or replace `instance of` by `subclass of`; level shifts affect the whole branch, so review by hand"
"data/geography.wdkb","ontology","level-inst","error","needs-review","Q64","Berlin","Q200250","metropolis","","`instance of` whose value does not sit one metaclass level up","re-level one of the two items, or replace `instance of` by `subclass of`; level shifts affect the whole branch, so review by hand"
"data/geography.wdkb","ontology","level-inst","error","needs-review","Q64","Berlin","Q15974307","Unitary municipality in Germany","","`instance of` whose value does not sit one metaclass level up","re-level one of the two items, or replace `instance of` by `subclass of`; level shifts affect the whole branch, so review by hand"
"data/geography.wdkb","ontology","level-inst","error","needs-review","Q64","Berlin","Q42744322","urban municipality in Germany","","`instance of` whose value does not sit one metaclass level up","re-level one of the two items, or replace `instance of` by `subclass of`; level shifts affect the whole branch, so review by hand"
"data/geography.wdkb","ontology","level-inst","error","needs-review","Q64","Berlin","Q133442","city-state","","`instance of` whose value does not sit one metaclass level up","re-level one of the two items, or replace `instance of` by `subclass of`; level shifts affect the whole branch, so review by hand"
"data/geography.wdkb","ontology","level-inst","error","needs-review","Q64","Berlin","Q114401982","independent city in Berlin","","`instance of` whose value does not sit one metaclass level up","re-level one of the two items, or replace `instance of` by `subclass of`; level shifts affect the whole branch, so review by hand"
"data/geography.wdkb","ontology","level-inst","error","needs-review","Q64","Berlin","Q51929311","largest city","","`instance of` whose value does not sit one metaclass level up","re-level one of the two items, or replace `instance of` by `subclass of`; level shifts affect the whole branch, so review by hand"
"data/geography.wdkb","ontology","level-inst","error","needs-review","Q64","Berlin","Q1221156","federated state of Germany","","`instance of` whose value does not sit one metaclass level up","re-level one of the two items, or replace `instance of` by `subclass of`; level shifts affect the whole branch, so review by hand"
"data/geography.wdkb","ontology","level-inst","error","needs-review","Q64","Berlin","Q257391","federal capital","","`instance of` whose value does not sit one metaclass level up","re-level one of the two items, or replace `instance of` by `subclass of`; level shifts affect the whole branch, so review by hand"
"data/geography.wdkb","ontology","level-inst","error","needs-review","Q64","Berlin","Q707813","Hanseatic city","","`instance of` whose value does not sit one metaclass level up","re-level one of the two items, or replace `instance of` by `subclass of`; level shifts affect the whole branch, so review by hand"
"data/geography.wdkb","ontology","level-inst","error","needs-review","Q64","Berlin","Q67123843","town divided by border","","`instance of` whose value does not sit one metaclass level up","re-level one of the two items, or replace `instance of` by `subclass of`; level shifts affect the whole branch, so review by hand"
"data/geography.wdkb","ontology","level-inst","error","needs-review","Q64","Berlin","Q67123843","town divided by border","","`instance of` whose value does not sit one metaclass level up","re-level one of the two items, or replace `instance of` by `subclass of`; level shifts affect the whole branch, so review by hand"
"data/geography.wdkb","ontology","level-inst","error","needs-review","Q90","Paris","Q484170","commune of France","","`instance of` whose value does not sit one metaclass level up","re-level one of the two items, or replace `instance of` by `subclass of`; level shifts affect the whole branch, so review by hand"
"data/geography.wdkb","ontology","level-inst","error","needs-review","Q90","Paris","Q22923920","territorial collectivity of France with special status","","`instance of` whose value does not sit one metaclass level up","re-level one of the two items, or replace `instance of` by `subclass of`; level shifts affect the whole branch, so review by hand"
"data/geography.wdkb","ontology","level-inst","error","needs-review","Q90","Paris","Q200250","metropolis","","`instance of` whose value does not sit one metaclass level up","re-level one of the two items, or replace `instance of` by `subclass of`; level shifts affect the whole branch, so review by hand"
"data/geography.wdkb","ontology","level-inst","error","needs-review","Q90","Paris","Q1200957","tourist destination","","`instance of` whose value does not sit one metaclass level up","re-level one of the two items, or replace `instance of` by `subclass of`; level shifts affect the whole branch, so review by hand"
"data/geography.wdkb","ontology","level-inst","error","needs-review","Q90","Paris","Q208511","global city","","`instance of` whose value does not sit one metaclass level up","re-level one of the two items, or replace `instance of` by `subclass of`; level shifts affect the whole branch, so review by hand"
"data/geography.wdkb","ontology","level-inst","error","needs-review","Q90","Paris","Q174844","megacity","","`instance of` whose value does not sit one metaclass level up","re-level one of the two items, or replace `instance of` by `subclass of`; level shifts affect the whole branch, so review by hand"
"data/geography.wdkb","ontology","level-inst","error","needs-review","Q90","Paris","Q51929311","largest city","","`instance of` whose value does not sit one metaclass level up","re-level one of the two items, or replace `instance of` by `subclass of`; level shifts affect the whole branch, so review by hand"
"data/geography.wdkb","ontology","level-inst","error","needs-review","Q90","Paris","Q1187811","college town","","`instance of` whose value does not sit one metaclass level up","re-level one of the two items, or replace `instance of` by `subclass of`; level shifts affect the whole branch, so review by hand"
"data/geography.wdkb","ontology","level-inst","error","needs-review","Q90","Paris","Q1549591","big city","","`instance of` whose value does not sit one metaclass level up","re-level one of the two items, or replace `instance of` by `subclass of`; level shifts affect the whole branch, so review by hand"
"data/geography.wdkb","ontology","level-inst","error","needs-review","Q90","Paris","Q1422929","primate city","","`instance of` whose value does not sit one metaclass level up","re-level one of the two items, or replace `instance of` by `subclass of`; level shifts affect the whole branch, so review by hand"
"data/geography.wdkb","ontology","level-inst","error","needs-review","Q90","Paris","Q108178728","national capital","","`instance of` whose value does not sit one metaclass level up","re-level one of the two items, or replace `instance of` by `subclass of`; level shifts affect the whole branch, so review by hand"
"data/geography.wdkb","ontology","level-inst","error","needs-review","Q90","Paris","Q1066984","financial center","","`instance of` whose value does not sit one metaclass level up","re-level one of the two items, or replace `instance of` by `subclass of`; level shifts affect the whole branch, so review by hand"
"data/geography.wdkb","ontology","level-inst","error","needs-review","Q90","Paris","Q11418818","commercial capital city","","`instance of` whose value does not sit one metaclass level up","re-level one of the two items, or replace `instance of` by `subclass of`; level shifts affect the whole branch, so review by hand"
"data/geography.wdkb","ontology","level-inst","error","needs-review","Q90","Paris","Q134445478","cultural capital","","`instance of` whose value does not sit one metaclass level up","re-level one of the two items, or replace `instance of` by `subclass of`; level shifts affect the whole branch, so review by hand"
"data/geography.wdkb","ontology","level-inst","error","needs-review","Q90","Paris","Q2240381","fashion capital","","`instance of` whose value does not sit one metaclass level up","re-level one of the two items, or replace `instance of` by `subclass of`; level shifts affect the whole branch, so review by hand"
"data/geography.wdkb","ontology","level-inst","error","needs-review","Q30","United States","Q3624078","sovereign state","","`instance of` whose value does not sit one metaclass level up","re-level one of the two items, or replace `instance of` by `subclass of`; level shifts affect the whole branch, so review by hand"
"data/geography.wdkb","ontology","level-inst","error","needs-review","Q30","United States","Q6256","country","","`instance of` whose value does not sit one metaclass level up","re-level one of the two items, or replace `instance of` by `subclass of`; level shifts affect the whole branch, so review by hand"
"data/geography.wdkb","ontology","level-inst","error","needs-review","Q30","United States","Q99541706","historical unrecognized state","","`instance of` whose value does not sit one metaclass level up","re-level one of the two items, or replace `instance of` by `subclass of`; level shifts affect the whole branch, so review by hand"
"data/geography.wdkb","ontology","level-inst","error","needs-review","Q30","United States","Q1520223","constitutional republic","","`instance of` whose value does not sit one metaclass level up","re-level one of the two items, or replace `instance of` by `subclass of`; level shifts affect the whole branch, so review by hand"
"data/geography.wdkb","ontology","level-inst","error","needs-review","Q30","United States","Q5035794","capitalist state","","`instance of` whose value does not sit one metaclass level up","re-level one of the two items, or replace `instance of` by `subclass of`; level shifts affect the whole branch, so review by hand"
"data/geography.wdkb","ontology","level-inst","error","needs-review","Q98966309","classification of human settlements","Q121344523","type of classification","","`instance of` whose value does not sit one metaclass level up","re-level one of the two items, or replace `instance of` by `subclass of`; level shifts affect the whole branch, so review by hand"
"data/geography.wdkb","ontology","level-inst","error","needs-review","Q98966309","classification of human settlements","Q19478619","metaclass","","`instance of` whose value does not sit one metaclass level up","re-level one of the two items, or replace `instance of` by `subclass of`; level shifts affect the whole branch, so review by hand"
"data/geography.wdkb","ontology","level-inst","error","needs-review","Q98966309","classification of human settlements","Q151885","concept","","`instance of` whose value does not sit one metaclass level up","re-level one of the two items, or replace `instance of` by `subclass of`; level shifts affect the whole branch, so review by hand"
"data/geography.wdkb","ontology","level-inst","error","needs-review","Q4835091","territory","Q137022846","type of region","","`instance of` whose value does not sit one metaclass level up","re-level one of the two items, or replace `instance of` by `subclass of`; level shifts affect the whole branch, so review by hand"
"data/geography.wdkb","ontology","level-inst","error","needs-review","Q7275","state","Q211606","social structure","","`instance of` whose value does not sit one metaclass level up","re-level one of the two items, or replace `instance of` by `subclass of`; level shifts affect the whole branch, so review by hand"
"data/geography.wdkb","ontology","level-inst","error","needs-review","Q7275","state","Q15617994","administrative territorial entity type","","`instance of` whose value does not sit one metaclass level up","re-level one of the two items, or replace `instance of` by `subclass of`; level shifts affect the whole branch, so review by hand"
"data/geography.wdkb","ontology","level-inst","error","needs-review","Q123964505","populated place","Q137018865","type of place","","`instance of` whose value does not sit one metaclass level up","re-level one of the two items, or replace `instance of` by `subclass of`; level shifts affect the whole branch, so review by hand"
"data/geography.wdkb","ontology","level-inst","error","needs-review","Q104086571","first-order class","Q24017414","second-order class","","`instance of` whose value does not sit one metaclass level up","re-level one of the two items, or replace `instance of` by `subclass of`; level shifts affect the whole branch, so review by hand"
"data/geography.wdkb","ontology","level-inst","error","needs-review","Q137018865","type of place","Q24017414","second-order class","","`instance of` whose value does not sit one metaclass level up","re-level one of the two items, or replace `instance of` by `subclass of`; level shifts affect the whole branch, so review by hand"
"data/geography.wdkb","ontology","level-inst","error","needs-review","Q15642541","human-geographic territorial entity","Q104098715","territorial entity type","","`instance of` whose value does not sit one metaclass level up","re-level one of the two items, or replace `instance of` by `subclass of`; level shifts affect the whole branch, so review by hand"
"data/geography.wdkb","ontology","level-inst","error","needs-review","Q137023128","region","Q23958852","variable-order class","","`instance of` whose value does not sit one metaclass level up","re-level one of the two items, or replace `instance of` by `subclass of`; level shifts affect the whole branch, so review by hand"
"data/geography.wdkb","ontology","level-inst","error","needs-review","Q137023128","region","Q106573263","ambiguous label","","`instance of` whose value does not sit one metaclass level up","re-level one of the two items, or replace `instance of` by `subclass of`; level shifts affect the whole branch, so review by hand"
"data/geography.wdkb","ontology","level-inst","error","needs-review","Q137023128","region","Q151885","concept","","`instance of` whose value does not sit one metaclass level up","re-level one of the two items, or replace `instance of` by `subclass of`; level shifts affect the whole branch, so review by hand"
"data/geography.wdkb","ontology","level-inst","error","needs-review","Q98929991","place","Q137018865","type of place","","`instance of` whose value does not sit one metaclass level up","re-level one of the two items, or replace `instance of` by `subclass of`; level shifts affect the whole branch, so review by hand"
"data/geography.wdkb","ontology","level-inst","error","needs-review","Q137022846","type of region","Q24017414","second-order class","","`instance of` whose value does not sit one metaclass level up","re-level one of the two items, or replace `instance of` by `subclass of`; level shifts affect the whole branch, so review by hand"
"data/geography.wdkb","ontology","level-inst","error","needs-review","Q137022846","type of region","Q66747521","geography term","","`instance of` whose value does not sit one metaclass level up","re-level one of the two items, or replace `instance of` by `subclass of`; level shifts affect the whole branch, so review by hand"
"data/geography.wdkb","ontology","level-inst","error","needs-review","Q96253971","type of property","Q19478619","metaclass","","`instance of` whose value does not sit one metaclass level up","re-level one of the two items, or replace `instance of` by `subclass of`; level shifts affect the whole branch, so review by hand"
"data/geography.wdkb","ontology","level-inst","error","needs-review","Q1901835","seat of government","Q33104069","political concept","","`instance of` whose value does not sit one metaclass level up","re-level one of the two items, or replace `instance of` by `subclass of`; level shifts affect the whole branch, so review by hand"
"data/geography.wdkb","ontology","level-inst","error","needs-review","Q1221156","federated state of Germany","Q28872924","designation for an administrative territorial entity of a single country","","`instance of` whose value does not sit one metaclass level up","re-level one of the two items, or replace `instance of` by `subclass of`; level shifts affect the whole branch, so review by hand"
"data/geography.wdkb","ontology","level-inst","error","needs-review","Q707813","Hanseatic city","Q17197366","type of organization","","`instance of` whose value does not sit one metaclass level up","re-level one of the two items, or replace `instance of` by `subclass of`; level shifts affect the whole branch, so review by hand"
"data/geography.wdkb","ontology","level-inst","error","needs-review","Q484170","commune of France","Q20667921","type of French administrative division","","`instance of` whose value does not sit one metaclass level up","re-level one of the two items, or replace `instance of` by `subclass of`; level shifts affect the whole branch, so review by hand"
"data/geography.wdkb","ontology","level-inst","error","needs-review","Q200250","metropolis","Q98966309","classification of human settlements","","`instance of` whose value does not sit one metaclass level up","re-level one of the two items, or replace `instance of` by `subclass of`; level shifts affect the whole branch, so review by hand"
"data/geography.wdkb","ontology","level-inst","error","needs-review","Q1200957","tourist destination","Q29028649","economic concept","","`instance of` whose value does not sit one metaclass level up","re-level one of the two items, or replace `instance of` by `subclass of`; level shifts affect the whole branch, so review by hand"
"data/geography.wdkb","ontology","level-inst","error","needs-review","Q174844","megacity","Q98966309","classification of human settlements","","`instance of` whose value does not sit one metaclass level up","re-level one of the two items, or replace `instance of` by `subclass of`; level shifts affect the whole branch, so review by hand"
"data/geography.wdkb","ontology","level-inst","error","needs-review","Q51929311","largest city","Q1789452","criterion","","`instance of` whose value does not sit one metaclass level up","re-level one of the two items, or replace `instance of` by `subclass of`; level shifts affect the whole branch, so review by hand"
"data/geography.wdkb","ontology","level-inst","error","needs-review","Q1549591","big city","Q98966309","classification of human settlements","","`instance of` whose value does not sit one metaclass level up","re-level one of the two items, or replace `instance of` by `subclass of`; level shifts affect the whole branch, so review by hand"
"data/geography.wdkb","ontology","level-inst","error","needs-review","Q11418818","commercial capital city","Q1789452","criterion","","`instance of` whose value does not sit one metaclass level up","re-level one of the two items, or replace `instance of` by `subclass of`; level shifts affect the whole branch, so review by hand"
"data/geography.wdkb","ontology","level-inst","error","needs-review","Q1520223","constitutional republic","Q183039","form of state","","`instance of` whose value does not sit one metaclass level up","re-level one of the two items, or replace `instance of` by `subclass of`; level shifts affect the whole branch, so review by hand"
"data/geography.wdkb","ontology","level-inst","error","needs-review","Q1520223","constitutional republic","Q1307214","form of government","","`instance of` whose value does not sit one metaclass level up","re-level one of the two items, or replace `instance of` by `subclass of`; level shifts affect the whole branch, so review by hand"
"data/geography.wdkb","ontology","level-inst","error","needs-review","Q5035794","capitalist state","Q1307214","form of government","","`instance of` whose value does not sit one metaclass level up","re-level one of the two items, or replace `instance of` by `subclass of`; level shifts affect the whole branch, so review by hand"
"data/geography.wdkb","ontology","level-inst","error","needs-review","Q3257686","locality","Q137018865","type of place","","`instance of` whose value does not sit one metaclass level up","re-level one of the two items, or replace `instance of` by `subclass of`; level shifts affect the whole branch, so review by hand"
"data/geography.wdkb","ontology","level-inst","error","needs-review","Q5962346","classification scheme","Q23958852","variable-order class","","`instance of` whose value does not sit one metaclass level up","re-level one of the two items, or replace `instance of` by `subclass of`; level shifts affect the whole branch, so review by hand"
"data/geography.wdkb","ontology","level-inst","error","needs-review","Q121344523","type of classification","Q23958852","variable-order class","","`instance of` whose value does not sit one metaclass level up","re-level one of the two items, or replace `instance of` by `subclass of`; level shifts affect the whole branch, so review by hand"
"data/geography.wdkb","ontology","level-inst","error","needs-review","Q121344523","type of classification","Q19478619","metaclass","","`instance of` whose value does not sit one metaclass level up","re-level one of the two items, or replace `instance of` by `subclass of`; level shifts affect the whole branch, so review by hand"
"data/geography.wdkb","ontology","level-inst","error","needs-review","Q10541491","legal form","Q24017414","second-order class","","`instance of` whose value does not sit one metaclass level up","re-level one of the two items, or replace `instance of` by `subclass of`; level shifts affect the whole branch, so review by hand"
"data/geography.wdkb","ontology","level-inst","error","needs-review","Q155076","juridical person","Q2135465","legal term or legal concept","","`instance of` whose value does not sit one metaclass level up","re-level one of the two items, or replace `instance of` by `subclass of`; level shifts affect the whole branch, so review by hand"
"data/geography.wdkb","ontology","level-inst","error","needs-review","Q155076","juridical person","Q931483","legal fiction","","`instance of` whose value does not sit one metaclass level up","re-level one of the two items, or replace `instance of` by `subclass of`; level shifts affect the whole branch, so review by hand"
"data/geography.wdkb","ontology","level-inst","error","needs-review","Q155076","juridical person","Q1269299","type of business entity","","`instance of` whose value does not sit one metaclass level up","re-level one of the two items, or replace `instance of` by `subclass of`; level shifts affect the whole branch, so review by hand"
"data/geography.wdkb","ontology","level-inst","error","needs-review","Q155076","juridical person","Q10541491","legal form","","`instance of` whose value does not sit one metaclass level up","re-level one of the two items, or replace `instance of` by `subclass of`; level shifts affect the whole branch, so review by hand"
"data/geography.wdkb","ontology","level-inst","error","needs-review","Q96196009","former or current state","Q15617994","administrative territorial entity type","","`instance of` whose value does not sit one metaclass level up","re-level one of the two items, or replace `instance of` by `subclass of`; level shifts affect the whole branch, so review by hand"
"data/geography.wdkb","ontology","level-inst","error","needs-review","Q211606","social structure","Q111972893","type of structure","","`instance of` whose value does not sit one metaclass level up","re-level one of the two items, or replace `instance of` by `subclass of`; level shifts affect the whole branch, so review by hand"
"data/geography.wdkb","ontology","level-inst","error","needs-review","Q211606","social structure","Q33104129","sociological concept","","`instance of` whose value does not sit one metaclass level up","re-level one of the two items, or replace `instance of` by `subclass of`; level shifts affect the whole branch, so review by hand"
"data/geography.wdkb","ontology","level-inst","error","needs-review","Q17489659","group of works","Q138665581","type of set","","`instance of` whose value does not sit one metaclass level up","re-level one of the two items, or replace `instance of` by `subclass of`; level shifts affect the whole branch, so review by hand"
"data/geography.wdkb","ontology","level-inst","error","needs-review","Q23959932","fixed-order class","Q23958852","variable-order class","","`instance of` whose value does not sit one metaclass level up","re-level one of the two items, or replace `instance of` by `subclass of`; level shifts affect the whole branch, so review by hand"
"data/geography.wdkb","ontology","level-inst","error","needs-review","Q16889133","class","Q19478619","metaclass","","`instance of` whose value does not sit one metaclass level up","re-level one of the two items, or replace `instance of` by `subclass of`; level shifts affect the whole branch, so review by hand"
"data/geography.wdkb","ontology","level-inst","error","needs-review","Q16889133","class","Q151885","concept","","`instance of` whose value does not sit one metaclass level up","re-level one of the two items, or replace `instance of` by `subclass of`; level shifts affect the whole branch, so review by hand"
"data/geography.wdkb","ontology","level-inst","error","needs-review","Q16889133","class","Q115490628","fundamental Wikidata entity","","`instance of` whose value does not sit one metaclass level up","re-level one of the two items, or replace `instance of` by `subclass of`; level shifts affect the whole branch, so review by hand"
"data/geography.wdkb","ontology","level-inst","error","needs-review","Q104098715","territorial entity type","Q24017414","second-order class","","`instance of` whose value does not sit one metaclass level up","re-level one of the two items, or replace `instance of` by `subclass of`; level shifts affect the whole branch, so review by hand"
"data/geography.wdkb","ontology","level-inst","error","needs-review","Q488383","object","Q23958852","variable-order class","","`instance of` whose value does not sit one metaclass level up","re-level one of the two items, or replace `instance of` by `subclass of`; level shifts affect the whole branch, so review by hand"
"data/geography.wdkb","ontology","level-inst","error","needs-review","Q488383","object","Q151885","concept","","`instance of` whose value does not sit one metaclass level up","re-level one of the two items, or replace `instance of` by `subclass of`; level shifts affect the whole branch, so review by hand"
"data/geography.wdkb","ontology","level-inst","error","needs-review","Q488383","object","Q115471117","self-depicting entity","","`instance of` whose value does not sit one metaclass level up","re-level one of the two items, or replace `instance of` by `subclass of`; level shifts affect the whole branch, so review by hand"
"data/geography.wdkb","ontology","level-inst","error","needs-review","Q23958852","variable-order class","Q23958852","variable-order class","","`instance of` whose value does not sit one metaclass level up","re-level one of the two items, or replace `instance of` by `subclass of`; level shifts affect the whole branch, so review by hand"
"data/geography.wdkb","ontology","level-inst","error","needs-review","Q618123","geographical feature","Q96251598","type of object","","`instance of` whose value does not sit one metaclass level up","re-level one of the two items, or replace `instance of` by `subclass of`; level shifts affect the whole branch, so review by hand"
"data/geography.wdkb","ontology","level-inst","error","needs-review","Q66747521","geography term","Q137426749","type of term","","`instance of` whose value does not sit one metaclass level up","re-level one of the two items, or replace `instance of` by `subclass of`; level shifts affect the whole branch, so review by hand"
"data/geography.wdkb","ontology","level-inst","error","needs-review","Q19478619","metaclass","Q151885","concept","","`instance of` whose value does not sit one metaclass level up","re-level one of the two items, or replace `instance of` by `subclass of`; level shifts affect the whole branch, so review by hand"
"data/geography.wdkb","ontology","level-inst","error","needs-review","Q19478619","metaclass","Q19868531","formal ontology concept","","`instance of` whose value does not sit one metaclass level up","re-level one of the two items, or replace `instance of` by `subclass of`; level shifts affect the whole branch, so review by hand"
"data/geography.wdkb","ontology","level-inst","error","needs-review","Q96251598","type of object","Q23958852","variable-order class","","`instance of` whose value does not sit one metaclass level up","re-level one of the two items, or replace `instance of` by `subclass of`; level shifts affect the whole branch, so review by hand"
"data/geography.wdkb","ontology","level-inst","error","needs-review","Q96251598","type of object","Q151885","concept","","`instance of` whose value does not sit one metaclass level up","re-level one of the two items, or replace `instance of` by `subclass of`; level shifts affect the whole branch, so review by hand"
"data/geography.wdkb","ontology","level-inst","error","needs-review","Q24017414","second-order class","Q24017465","third-order class","","`instance of` whose value does not sit one metaclass level up","re-level one of the two items, or replace `instance of` by `subclass of`; level shifts affect the whole branch, so review by hand"
"data/geography.wdkb","ontology","level-inst","error","needs-review","Q33104069","political concept","Q137429456","type of concept","","`instance of` whose value does not sit one metaclass level up","re-level one of the two items, or replace `instance of` by `subclass of`; level shifts affect the whole branch, so review by hand"
"data/geography.wdkb","ontology","level-inst","error","needs-review","Q22865","independent city of Germany","Q1418640","local government in Germany","","`instance of` whose value does not sit one metaclass level up","re-level one of the two items, or replace `instance of` by `subclass of`; level shifts affect the whole branch, so review by hand"
"data/geography.wdkb","ontology","level-inst","error","needs-review","Q22865","independent city of Germany","Q41773366","NUTS 3 statistical territorial entity","","`instance of` whose value does not sit one metaclass level up","re-level one of the two items, or replace `instance of` by `subclass of`; level shifts affect the whole branch, so review by hand"
"data/geography.wdkb","ontology","level-inst","error","needs-review","Q28872924","designation for an administrative territorial entity of a single country","Q24017414","second-order class","","`instance of` whose value does not sit one metaclass level up","re-level one of the two items, or replace `instance of` by `subclass of`; level shifts affect the whole branch, so review by hand"
"data/geography.wdkb","ontology","level-inst","error","needs-review","Q17197366","type of organization","Q24017414","second-order class","","`instance of` whose value does not sit one metaclass level up","re-level one of the two items, or replace `instance of` by `subclass of`; level shifts affect the whole branch, so review by hand"
"data/geography.wdkb","ontology","level-inst","error","needs-review","Q3266850","commune","Q15617994","administrative territorial entity type","","`instance of` whose value does not sit one metaclass level up","re-level one of the two items, or replace `instance of` by `subclass of`; level shifts affect the whole branch, so review by hand"
"data/geography.wdkb","ontology","level-inst","error","needs-review","Q3266850","commune","Q2221906","geographic location","","`instance of` whose value does not sit one metaclass level up","re-level one of the two items, or replace `instance of` by `subclass of`; level shifts affect the whole branch, so review by hand"
"data/geography.wdkb","ontology","level-inst","error","needs-review","Q11618417","LAU 2","Q16003513","NUTS (european administrative division classification) class","","`instance of` whose value does not sit one metaclass level up","re-level one of the two items, or replace `instance of` by `subclass of`; level shifts affect the whole branch, so review by hand"
"data/geography.wdkb","ontology","level-inst","error","needs-review","Q583865","territorial collectivity of France","Q56427813","type of legal entity in France","","`instance of` whose value does not sit one metaclass level up","re-level one of the two items, or replace `instance of` by `subclass of`; level shifts affect the whole branch, so review by hand"
"data/geography.wdkb","ontology","level-inst","error","needs-review","Q17334923","physical location","Q137015716","type of location","","`instance of` whose value does not sit one metaclass level up","re-level one of the two items, or replace `instance of` by `subclass of`; level shifts affect the whole branch, so review by hand"
"data/geography.wdkb","ontology","level-inst","error","needs-review","Q29028649","economic concept","Q137429456","type of concept","","`instance of` whose value does not sit one metaclass level up","re-level one of the two items, or replace `instance of` by `subclass of`; level shifts affect the whole branch, so review by hand"
"data/geography.wdkb","ontology","level-inst","error","needs-review","Q1637706","million city","Q98966309","classification of human settlements","","`instance of` whose value does not sit one metaclass level up","re-level one of the two items, or replace `instance of` by `subclass of`; level shifts affect the whole branch, so review by hand"
"data/geography.wdkb","ontology","level-inst","error","needs-review","Q125684839","economic capital city","Q1789452","criterion","","`instance of` whose value does not sit one metaclass level up","re-level one of the two items, or replace `instance of` by `subclass of`; level shifts affect the whole branch, so review by hand"
"data/geography.wdkb","ontology","level-inst","error","needs-review","Q1789452","criterion","Q96253971","type of property","","`instance of` whose value does not sit one metaclass level up","re-level one of the two items, or replace `instance of` by `subclass of`; level shifts affect the whole branch, so review by hand"
"data/geography.wdkb","ontology","level-inst","error","needs-review","Q6266","nation","Q33104069","political concept","","`instance of` whose value does not sit one metaclass level up","re-level one of the two items, or replace `instance of` by `subclass of`; level shifts affect the whole branch, so review by hand"
"data/geography.wdkb","ontology","level-inst","error","needs-review","Q7270","republic","Q1307214","form of government","","`instance of` whose value does not sit one metaclass level up","re-level one of the two items, or replace `instance of` by `subclass of`; level shifts affect the whole branch, so review by hand"
"data/geography.wdkb","ontology","level-inst","error","needs-review","Q1307214","form of government","Q19478619","metaclass","","`instance of` whose value does not sit one metaclass level up","re-level one of the two items, or replace `instance of` by `subclass of`; level shifts affect the whole branch, so review by hand"
"data/knowledge.wdkb","ontology","level-inst","error","needs-review","Q826165","Web Ontology Language","Q7095059","ontology language","","`instance of` whose value does not sit one metaclass level up","re-level one of the two items, or replace `instance of` by `subclass of`; level shifts affect the whole branch, so review by hand"
"data/knowledge.wdkb","ontology","level-inst","error","needs-review","Q826165","Web Ontology Language","Q235557","file format","","`instance of` whose value does not sit one metaclass level up","re-level one of the two items, or replace `instance of` by `subclass of`; level shifts affect the whole branch, so review by hand"
"data/knowledge.wdkb","ontology","level-inst","error","needs-review","Q826165","Web Ontology Language","Q2661442","W3C Recommendation","","`instance of` whose value does not sit one metaclass level up","re-level one of the two items, or replace `instance of` by `subclass of`; level shifts affect the whole branch, so review by hand"
"data/knowledge.wdkb","ontology","level-inst","error","needs-review","Q1751819","RDF Schema","Q115684393","RDF vocabulary","","`instance of` whose value does not sit one metaclass level up","re-level one of the two items, or replace `instance of` by `subclass of`; level shifts affect the whole branch, so review by hand"
"data/knowledge.wdkb","ontology","level-inst","error","needs-review","Q1751819","RDF Schema","Q1047113","field of study","","`instance of` whose value does not sit one metaclass level up","re-level one of the two items, or replace `instance of` by `subclass of`; level shifts affect the whole branch, so review by hand"
"data/knowledge.wdkb","ontology","level-inst","error","needs-review","Q1751819","RDF Schema","Q2267705","field of study","","`instance of` whose value does not sit one metaclass level up","re-level one of the two items, or replace `instance of` by `subclass of`; level shifts affect the whole branch, so review by hand"
"data/knowledge.wdkb","ontology","level-inst","error","needs-review","Q1751819","RDF Schema","Q1469824","controlled vocabulary","","`instance of` whose value does not sit one metaclass level up","re-level one of the two items, or replace `instance of` by `subclass of`; level shifts affect the whole branch, so review by hand"
"data/knowledge.wdkb","ontology","level-inst","error","needs-review","Q2288360","SKOS","Q62210692","OWL ontology","","`instance of` whose value does not sit one metaclass level up","re-level one of the two items, or replace `instance of` by `subclass of`; level shifts affect the whole branch, so review by hand"
"data/knowledge.wdkb","ontology","level-inst","error","needs-review","Q2288360","SKOS","Q192161","formal language","","`instance of` whose value does not sit one metaclass level up","re-level one of the two items, or replace `instance of` by `subclass of`; level shifts affect the whole branch, so review by hand"
"data/knowledge.wdkb","ontology","level-inst","error","needs-review","Q2288360","SKOS","Q2661442","W3C Recommendation","","`instance of` whose value does not sit one metaclass level up","re-level one of the two items, or replace `instance of` by `subclass of`; level shifts affect the whole branch, so review by hand"
"data/knowledge.wdkb","ontology","level-inst","error","needs-review","Q11862829","academic discipline","Q110402867","knowledge classification","","`instance of` whose value does not sit one metaclass level up","re-level one of the two items, or replace `instance of` by `subclass of`; level shifts affect the whole branch, so review by hand"
"data/knowledge.wdkb","ontology","level-inst","error","needs-review","Q115684393","RDF vocabulary","Q1047113","field of study","","`instance of` whose value does not sit one metaclass level up","re-level one of the two items, or replace `instance of` by `subclass of`; level shifts affect the whole branch, so review by hand"
"data/knowledge.wdkb","ontology","level-inst","error","needs-review","Q115684393","RDF vocabulary","Q2267705","field of study","","`instance of` whose value does not sit one metaclass level up","re-level one of the two items, or replace `instance of` by `subclass of`; level shifts affect the whole branch, so review by hand"
"data/knowledge.wdkb","ontology","level-inst","error","needs-review","Q1047113","field of study","Q110402867","knowledge classification","","`instance of` whose value does not sit one metaclass level up","re-level one of the two items, or replace `instance of` by `subclass of`; level shifts affect the whole branch, so review by hand"
"data/knowledge.wdkb","ontology","level-inst","error","needs-review","Q3511132","series","Q59211454","level of description","","`instance of` whose value does not sit one metaclass level up","re-level one of the two items, or replace `instance of` by `subclass of`; level shifts affect the whole branch, so review by hand"
"data/knowledge.wdkb","ontology","level-inst","error","needs-review","Q3511132","series","Q125189273","library science term","","`instance of` whose value does not sit one metaclass level up","re-level one of the two items, or replace `instance of` by `subclass of`; level shifts affect the whole branch, so review by hand"
"data/knowledge.wdkb","ontology","level-inst","error","needs-review","Q192161","formal language","Q66747126","computer science term","","`instance of` whose value does not sit one metaclass level up","re-level one of the two items, or replace `instance of` by `subclass of`; level shifts affect the whole branch, so review by hand"
"data/knowledge.wdkb","ontology","level-inst","error","needs-review","Q192161","formal language","Q20829075","type of language","","`instance of` whose value does not sit one metaclass level up","re-level one of the two items, or replace `instance of` by `subclass of`; level shifts affect the whole branch, so review by hand"
"data/knowledge.wdkb","ontology","level-inst","error","needs-review","Q2479726","graph data structure","Q175263","data structure","","`instance of` whose value does not sit one metaclass level up","re-level one of the two items, or replace `instance of` by `subclass of`; level shifts affect the whole branch, so review by hand"
"data/knowledge.wdkb","ontology","level-inst","error","needs-review","Q2479726","graph data structure","Q827335","abstract data type","","`instance of` whose value does not sit one metaclass level up","re-level one of the two items, or replace `instance of` by `subclass of`; level shifts affect the whole branch, so review by hand"
"data/knowledge.wdkb","ontology","level-inst","error","needs-review","Q110403031","knowledge type","Q19478619","metaclass","","`instance of` whose value does not sit one metaclass level up","re-level one of the two items, or replace `instance of` by `subclass of`; level shifts affect the whole branch, so review by hand"
"data/knowledge.wdkb","ontology","level-inst","error","needs-review","Q324254","ontology","Q2267705","field of study","","`instance of` whose value does not sit one metaclass level up","re-level one of the two items, or replace `instance of` by `subclass of`; level shifts affect the whole branch, so review by hand"
"data/knowledge.wdkb","ontology","level-inst","error","needs-review","Q16889133","class","Q19478619","metaclass","","`instance of` whose value does not sit one metaclass level up","re-level one of the two items, or replace `instance of` by `subclass of`; level shifts affect the whole branch, so review by hand"
"data/knowledge.wdkb","ontology","level-inst","error","needs-review","Q16889133","class","Q23958852","variable-order class","","`instance of` whose value does not sit one metaclass level up","re-level one of the two items, or replace `instance of` by `subclass of`; level shifts affect the whole branch, so review by hand"
"data/knowledge.wdkb","ontology","level-inst","error","needs-review","Q16889133","class","Q151885","concept","","`instance of` whose value does not sit one metaclass level up","re-level one of the two items, or replace `instance of` by `subclass of`; level shifts affect the whole branch, so review by hand"
"data/knowledge.wdkb","ontology","level-inst","error","needs-review","Q117190471","sub-fonds","Q59211454","level of description","","`instance of` whose value does not sit one metaclass level up","re-level one of the two items, or replace `instance of` by `subclass of`; level shifts affect the whole branch, so review by hand"
"data/knowledge.wdkb","ontology","level-inst","error","needs-review","Q59211454","level of description","Q19478619","metaclass","","`instance of` whose value does not sit one metaclass level up","re-level one of the two items, or replace `instance of` by `subclass of`; level shifts affect the whole branch, so review by hand"
"data/knowledge.wdkb","ontology","level-inst","error","needs-review","Q140354053","type of series","Q19478619","metaclass","","`instance of` whose value does not sit one metaclass level up","re-level one of the two items, or replace `instance of` by `subclass of`; level shifts affect the whole branch, so review by hand"
"data/knowledge.wdkb","ontology","level-inst","error","needs-review","Q66747126","computer science term","Q19478619","metaclass","","`instance of` whose value does not sit one metaclass level up","re-level one of the two items, or replace `instance of` by `subclass of`; level shifts affect the whole branch, so review by hand"
"data/knowledge.wdkb","ontology","level-inst","error","needs-review","Q66747126","computer science term","Q137426749","type of term","","`instance of` whose value does not sit one metaclass level up","re-level one of the two items, or replace `instance of` by `subclass of`; level shifts affect the whole branch, so review by hand"
"data/knowledge.wdkb","ontology","level-inst","error","needs-review","Q66747126","computer science term","Q137429456","type of concept","","`instance of` whose value does not sit one metaclass level up","re-level one of the two items, or replace `instance of` by `subclass of`; level shifts affect the whole branch, so review by hand"
"data/knowledge.wdkb","ontology","level-inst","error","needs-review","Q20829075","type of language","Q19478619","metaclass","","`instance of` whose value does not sit one metaclass level up","re-level one of the two items, or replace `instance of` by `subclass of`; level shifts affect the whole branch, so review by hand"
"data/knowledge.wdkb","ontology","level-inst","error","needs-review","Q26256810","topic","Q1207505","quality","","`instance of` whose value does not sit one metaclass level up","re-level one of the two items, or replace `instance of` by `subclass of`; level shifts affect the whole branch, so review by hand"
"data/knowledge.wdkb","ontology","level-inst","error","needs-review","Q2668072","collection","Q1128340","subject heading","","`instance of` whose value does not sit one metaclass level up","re-level one of the two items, or replace `instance of` by `subclass of`; level shifts affect the whole branch, so review by hand"
"data/knowledge.wdkb","ontology","level-inst","error","needs-review","Q732577","publication","Q138303935","type of information","","`instance of` whose value does not sit one metaclass level up","re-level one of the two items, or replace `instance of` by `subclass of`; level shifts affect the whole branch, so review by hand"
"data/knowledge.wdkb","ontology","level-inst","error","needs-review","Q732577","publication","Q140311475","type of creative work","","`instance of` whose value does not sit one metaclass level up","re-level one of the two items, or replace `instance of` by `subclass of`; level shifts affect the whole branch, so review by hand"
"data/knowledge.wdkb","ontology","level-inst","error","needs-review","Q13136","reference work","Q223393","literary genre","","`instance of` whose value does not sit one metaclass level up","re-level one of the two items, or replace `instance of` by `subclass of`; level shifts affect the whole branch, so review by hand"
"data/knowledge.wdkb","ontology","level-inst","error","needs-review","Q13136","reference work","Q133449656","type of work","","`instance of` whose value does not sit one metaclass level up","re-level one of the two items, or replace `instance of` by `subclass of`; level shifts affect the whole branch, so review by hand"
"data/knowledge.wdkb","ontology","level-inst","error","needs-review","Q3622126","conceptual system","Q96116695","type of system","","`instance of` whose value does not sit one metaclass level up","re-level one of the two items, or replace `instance of` by `subclass of`; level shifts affect the whole branch, so review by hand"
"data/knowledge.wdkb","ontology","level-inst","error","needs-review","Q6671777","structure","Q33104279","philosophical concept","","`instance of` whose value does not sit one metaclass level up","re-level one of the two items, or replace `instance of` by `subclass of`; level shifts affect the whole branch, so review by hand"
"data/life.wdkb","ontology","level-inst","error","needs-review","Q7239","organism","Q111360549","type of physical object","","`instance of` whose value does not sit one metaclass level up","re-level one of the two items, or replace `instance of` by `subclass of`; level shifts affect the whole branch, so review by hand"
"data/life.wdkb","ontology","level-inst","error","needs-review","Q16521","taxon","Q24017414","second-order class","","`instance of` whose value does not sit one metaclass level up","re-level one of the two items, or replace `instance of` by `subclass of`; level shifts affect the whole branch, so review by hand"
"data/life.wdkb","ontology","level-inst","error","needs-review","Q16521","taxon","Q115949945","scientific concept","","`instance of` whose value does not sit one metaclass level up","re-level one of the two items, or replace `instance of` by `subclass of`; level shifts affect the whole branch, so review by hand"
"data/life.wdkb","ontology","level-inst","error","needs-review","Q729","animal","Q16521","taxon","","`instance of` whose value does not sit one metaclass level up","re-level one of the two items, or replace `instance of` by `subclass of`; level shifts affect the whole branch, so review by hand"
"data/life.wdkb","ontology","level-inst","error","needs-review","Q729","animal","Q104086571","first-order class","","`instance of` whose value does not sit one metaclass level up","re-level one of the two items, or replace `instance of` by `subclass of`; level shifts affect the whole branch, so review by hand"
"data/life.wdkb","ontology","level-inst","error","needs-review","Q729","animal","Q55983715","organisms known by a particular common name","","`instance of` whose value does not sit one metaclass level up","re-level one of the two items, or replace `instance of` by `subclass of`; level shifts affect the whole branch, so review by hand"
"data/life.wdkb","ontology","level-inst","error","needs-review","Q756","plant","Q16521","taxon","","`instance of` whose value does not sit one metaclass level up","re-level one of the two items, or replace `instance of` by `subclass of`; level shifts affect the whole branch, so review by hand"
"data/life.wdkb","ontology","level-inst","error","needs-review","Q7187","gene","Q111972893","type of structure","","`instance of` whose value does not sit one metaclass level up","re-level one of the two items, or replace `instance of` by `subclass of`; level shifts affect the whole branch, so review by hand"
"data/life.wdkb","ontology","level-inst","error","needs-review","Q8054","protein","Q47154513","structural class of chemical entities","","`instance of` whose value does not sit one metaclass level up","re-level one of the two items, or replace `instance of` by `subclass of`; level shifts affect the whole branch, so review by hand"
"data/life.wdkb","ontology","level-inst","error","needs-review","Q8054","protein","Q24017414","second-order class","","`instance of` whose value does not sit one metaclass level up","re-level one of the two items, or replace `instance of` by `subclass of`; level shifts affect the whole branch, so review by hand"
"data/life.wdkb","ontology","level-inst","error","needs-review","Q66394244","physical anatomical entity","Q104007623","anatomical entity class type","","`instance of` whose value does not sit one metaclass level up","re-level one of the two items, or replace `instance of` by `subclass of`; level shifts affect the whole branch, so review by hand"
"data/life.wdkb","ontology","level-inst","error","needs-review","Q223557","physical object","Q96251598","type of object","","`instance of` whose value does not sit one metaclass level up","re-level one of the two items, or replace `instance of` by `subclass of`; level shifts affect the whole branch, so review by hand"
"data/life.wdkb","ontology","level-inst","error","needs-review","Q223557","physical object","Q104086571","first-order class","","`instance of` whose value does not sit one metaclass level up","re-level one of the two items, or replace `instance of` by `subclass of`; level shifts affect the whole branch, so review by hand"
"data/life.wdkb","ontology","level-inst","error","needs-review","Q223557","physical object","Q124711104","BFO class","","`instance of` whose value does not sit one metaclass level up","re-level one of the two items, or replace `instance of` by `subclass of`; level shifts affect the whole branch, so review by hand"
"data/life.wdkb","ontology","level-inst","error","needs-review","Q223557","physical object","Q100724091","physics term","","`instance of` whose value does not sit one metaclass level up","re-level one of the two items, or replace `instance of` by `subclass of`; level shifts affect the whole branch, so review by hand"
"data/life.wdkb","ontology","level-inst","error","needs-review","Q24229398","being","Q96251598","type of object","","`instance of` whose value does not sit one metaclass level up","re-level one of the two items, or replace `instance of` by `subclass of`; level shifts affect the whole branch, so review by hand"
"data/life.wdkb","ontology","level-inst","error","needs-review","Q24229398","being","Q96251598","type of object","","`instance of` whose value does not sit one metaclass level up","re-level one of the two items, or replace `instance of` by `subclass of`; level shifts affect the whole branch, so review by hand"
"data/life.wdkb","ontology","level-inst","error","needs-review","Q24229398","being","Q96251598","type of object","","`instance of` whose value does not sit one metaclass level up","re-level one of the two items, or replace `instance of` by `subclass of`; level shifts affect the whole branch, so review by hand"
"data/life.wdkb","ontology","level-inst","error","needs-review","Q24229398","being","Q96251598","type of object","","`instance of` whose value does not sit one metaclass level up","re-level one of the two items, or replace `instance of` by `subclass of`; level shifts affect the whole branch, so review by hand"
"data/life.wdkb","ontology","level-inst","error","needs-review","Q111360549","type of physical object","Q19478619","metaclass","","`instance of` whose value does not sit one metaclass level up","re-level one of the two items, or replace `instance of` by `subclass of`; level shifts affect the whole branch, so review by hand"
"data/life.wdkb","ontology","level-inst","error","needs-review","Q21871294","group or class of living things","Q24017414","second-order class","","`instance of` whose value does not sit one metaclass level up","re-level one of the two items, or replace `instance of` by `subclass of`; level shifts affect the whole branch, so review by hand"
"data/life.wdkb","ontology","level-inst","error","needs-review","Q115949945","scientific concept","Q137429456","type of concept","","`instance of` whose value does not sit one metaclass level up","re-level one of the two items, or replace `instance of` by `subclass of`; level shifts affect the whole branch, so review by hand"
"data/life.wdkb","ontology","level-inst","error","needs-review","Q159344","heterotroph","Q902805","primary nutritional group","","`instance of` whose value does not sit one metaclass level up","re-level one of the two items, or replace `instance of` by `subclass of`; level shifts affect the whole branch, so review by hand"
"data/life.wdkb","ontology","level-inst","error","needs-review","Q159344","heterotroph","Q56575300","ecological concept","","`instance of` whose value does not sit one metaclass level up","re-level one of the two items, or replace `instance of` by `subclass of`; level shifts affect the whole branch, so review by hand"
"data/life.wdkb","ontology","level-inst","error","needs-review","Q104086571","first-order class","Q24017414","second-order class","","`instance of` whose value does not sit one metaclass level up","re-level one of the two items, or replace `instance of` by `subclass of`; level shifts affect the whole branch, so review by hand"
"data/life.wdkb","ontology","level-inst","error","needs-review","Q55983715","organisms known by a particular common name","Q19478619","metaclass","","`instance of` whose value does not sit one metaclass level up","re-level one of the two items, or replace `instance of` by `subclass of`; level shifts affect the whole branch, so review by hand"
"data/life.wdkb","ontology","level-inst","error","needs-review","Q111972893","type of structure","Q23958852","variable-order class","","`instance of` whose value does not sit one metaclass level up","re-level one of the two items, or replace `instance of` by `subclass of`; level shifts affect the whole branch, so review by hand"
"data/life.wdkb","ontology","level-inst","error","needs-review","Q422649","biopolymer","Q56256178","class of chemical entities with similar source or occurrence","","`instance of` whose value does not sit one metaclass level up","re-level one of the two items, or replace `instance of` by `subclass of`; level shifts affect the whole branch, so review by hand"
"data/life.wdkb","ontology","level-inst","error","needs-review","Q422649","biopolymer","Q24017414","second-order class","","`instance of` whose value does not sit one metaclass level up","re-level one of the two items, or replace `instance of` by `subclass of`; level shifts affect the whole branch, so review by hand"
"data/life.wdkb","ontology","level-inst","error","needs-review","Q3084232","polypeptide","Q47154513","structural class of chemical entities","","`instance of` whose value does not sit one metaclass level up","re-level one of the two items, or replace `instance of` by `subclass of`; level shifts affect the whole branch, so review by hand"
"data/life.wdkb","ontology","level-inst","error","needs-review","Q47154513","structural class of chemical entities","Q5962346","classification scheme","","`instance of` whose value does not sit one metaclass level up","re-level one of the two items, or replace `instance of` by `subclass of`; level shifts affect the whole branch, so review by hand"
"data/life.wdkb","ontology","level-inst","error","needs-review","Q24017414","second-order class","Q24017465","third-order class","","`instance of` whose value does not sit one metaclass level up","re-level one of the two items, or replace `instance of` by `subclass of`; level shifts affect the whole branch, so review by hand"
"data/life.wdkb","ontology","level-inst","error","needs-review","Q27043950","anatomical entity","Q104054982","ontological root","","`instance of` whose value does not sit one metaclass level up","re-level one of the two items, or replace `instance of` by `subclass of`; level shifts affect the whole branch, so review by hand"
"data/life.wdkb","ontology","level-inst","error","needs-review","Q104007623","anatomical entity class type","Q103997018","direct anatomical metaclass","","`instance of` whose value does not sit one metaclass level up","re-level one of the two items, or replace `instance of` by `subclass of`; level shifts affect the whole branch, so review by hand"
"data/life.wdkb","ontology","level-inst","error","needs-review","Q104007623","anatomical entity class type","Q24017414","second-order class","","`instance of` whose value does not sit one metaclass level up","re-level one of the two items, or replace `instance of` by `subclass of`; level shifts affect the whole branch, so review by hand"
"data/life.wdkb","ontology","level-inst","error","needs-review","Q53617407","material entity","Q124711104","BFO class","","`instance of` whose value does not sit one metaclass level up","re-level one of the two items, or replace `instance of` by `subclass of`; level shifts affect the whole branch, so review by hand"
"data/life.wdkb","ontology","level-inst","error","needs-review","Q4406616","concrete object","Q96251598","type of object","","`instance of` whose value does not sit one metaclass level up","re-level one of the two items, or replace `instance of` by `subclass of`; level shifts affect the whole branch, so review by hand"
"data/life.wdkb","ontology","level-inst","error","needs-review","Q4406616","concrete object","Q104086571","first-order class","","`instance of` whose value does not sit one metaclass level up","re-level one of the two items, or replace `instance of` by `subclass of`; level shifts affect the whole branch, so review by hand"
"data/life.wdkb","ontology","level-inst","error","needs-review","Q4406616","concrete object","Q33104279","philosophical concept","","`instance of` whose value does not sit one metaclass level up","re-level one of the two items, or replace `instance of` by `subclass of`; level shifts affect the whole branch, so review by hand"
"data/life.wdkb","ontology","level-inst","error","needs-review","Q100724091","physics term","Q19478619","metaclass","","`instance of` whose value does not sit one metaclass level up","re-level one of the two items, or replace `instance of` by `subclass of`; level shifts affect the whole branch, so review by hand"
"data/life.wdkb","ontology","level-inst","error","needs-review","Q100724091","physics term","Q137426749","type of term","","`instance of` whose value does not sit one metaclass level up","re-level one of the two items, or replace `instance of` by `subclass of`; level shifts affect the whole branch, so review by hand"
"data/life.wdkb","ontology","level-inst","error","needs-review","Q53617489","independent continuant","Q124711104","BFO class","","`instance of` whose value does not sit one metaclass level up","re-level one of the two items, or replace `instance of` by `subclass of`; level shifts affect the whole branch, so review by hand"
"data/life.wdkb","ontology","level-inst","error","needs-review","Q488383","object","Q23958852","variable-order class","","`instance of` whose value does not sit one metaclass level up","re-level one of the two items, or replace `instance of` by `subclass of`; level shifts affect the whole branch, so review by hand"
"data/life.wdkb","ontology","level-inst","error","needs-review","Q488383","object","Q151885","concept","","`instance of` whose value does not sit one metaclass level up","re-level one of the two items, or replace `instance of` by `subclass of`; level shifts affect the whole branch, so review by hand"
"data/life.wdkb","ontology","level-inst","error","needs-review","Q488383","object","Q115471117","self-depicting entity","","`instance of` whose value does not sit one metaclass level up","re-level one of the two items, or replace `instance of` by `subclass of`; level shifts affect the whole branch, so review by hand"
"data/life.wdkb","ontology","level-inst","error","needs-review","Q98119401","group or class of physical objects","Q23958852","variable-order class","","`instance of` whose value does not sit one metaclass level up","re-level one of the two items, or replace `instance of` by `subclass of`; level shifts affect the whole branch, so review by hand"
"data/life.wdkb","ontology","level-inst","error","needs-review","Q56575300","ecological concept","Q137429456","type of concept","","`instance of` whose value does not sit one metaclass level up","re-level one of the two items, or replace `instance of` by `subclass of`; level shifts affect the whole branch, so review by hand"
"data/life.wdkb","ontology","level-inst","error","needs-review","Q16889133","class","Q19478619","metaclass","","`instance of` whose value does not sit one metaclass level up","re-level one of the two items, or replace `instance of` by `subclass of`; level shifts affect the whole branch, so review by hand"
"data/life.wdkb","ontology","level-inst","error","needs-review","Q16889133","class","Q151885","concept","","`instance of` whose value does not sit one metaclass level up","re-level one of the two items, or replace `instance of` by `subclass of`; level shifts affect the whole branch, so review by hand"
"data/life.wdkb","ontology","level-inst","error","needs-review","Q16889133","class","Q115490628","fundamental Wikidata entity","","`instance of` whose value does not sit one metaclass level up","re-level one of the two items, or replace `instance of` by `subclass of`; level shifts affect the whole branch, so review by hand"
"data/life.wdkb","ontology","level-inst","error","needs-review","Q15710813","physical structure","Q111972893","type of structure","","`instance of` whose value does not sit one metaclass level up","re-level one of the two items, or replace `instance of` by `subclass of`; level shifts affect the whole branch, so review by hand"
"data/life.wdkb","ontology","level-inst","error","needs-review","Q55568967","biological structure","Q111972893","type of structure","","`instance of` whose value does not sit one metaclass level up","re-level one of the two items, or replace `instance of` by `subclass of`; level shifts affect the whole branch, so review by hand"
"data/life.wdkb","ontology","level-inst","error","needs-review","Q96251598","type of object","Q23958852","variable-order class","","`instance of` whose value does not sit one metaclass level up","re-level one of the two items, or replace `instance of` by `subclass of`; level shifts affect the whole branch, so review by hand"
"data/life.wdkb","ontology","level-inst","error","needs-review","Q96251598","type of object","Q151885","concept","","`instance of` whose value does not sit one metaclass level up","re-level one of the two items, or replace `instance of` by `subclass of`; level shifts affect the whole branch, so review by hand"
"data/life.wdkb","ontology","level-inst","error","needs-review","Q23958852","variable-order class","Q23958852","variable-order class","","`instance of` whose value does not sit one metaclass level up","re-level one of the two items, or replace `instance of` by `subclass of`; level shifts affect the whole branch, so review by hand"
"data/life.wdkb","ontology","level-inst","error","needs-review","Q56256178","class of chemical entities with similar source or occurrence","Q5962346","classification scheme","","`instance of` whose value does not sit one metaclass level up","re-level one of the two items, or replace `instance of` by `subclass of`; level shifts affect the whole branch, so review by hand"
"data/life.wdkb","ontology","level-inst","error","needs-review","Q174211","organic compound","Q47154513","structural class of chemical entities","","`instance of` whose value does not sit one metaclass level up","re-level one of the two items, or replace `instance of` by `subclass of`; level shifts affect the whole branch, so review by hand"
"data/life.wdkb","ontology","level-inst","error","needs-review","Q11369","molecule","Q72070508","group or class of chemical entities","","`instance of` whose value does not sit one metaclass level up","re-level one of the two items, or replace `instance of` by `subclass of`; level shifts affect the whole branch, so review by hand"
"data/life.wdkb","ontology","level-inst","error","needs-review","Q172847","peptide","Q47154513","structural class of chemical entities","","`instance of` whose value does not sit one metaclass level up","re-level one of the two items, or replace `instance of` by `subclass of`; level shifts affect the whole branch, so review by hand"
"data/life.wdkb","ontology","level-inst","error","needs-review","Q178593","macromolecule","Q72070508","group or class of chemical entities","","`instance of` whose value does not sit one metaclass level up","re-level one of the two items, or replace `instance of` by `subclass of`; level shifts affect the whole branch, so review by hand"
"data/life.wdkb","ontology","level-inst","error","needs-review","Q206229","biomolecule","Q56256178","class of chemical entities with similar source or occurrence","","`instance of` whose value does not sit one metaclass level up","re-level one of the two items, or replace `instance of` by `subclass of`; level shifts affect the whole branch, so review by hand"
"data/life.wdkb","ontology","level-inst","error","needs-review","Q72070508","group or class of chemical entities","Q24017465","third-order class","","`instance of` whose value does not sit one metaclass level up","re-level one of the two items, or replace `instance of` by `subclass of`; level shifts affect the whole branch, so review by hand"
"data/life.wdkb","ontology","level-inst","error","needs-review","Q5962346","classification scheme","Q23958852","variable-order class","","`instance of` whose value does not sit one metaclass level up","re-level one of the two items, or replace `instance of` by `subclass of`; level shifts affect the whole branch, so review by hand"
"data/life.wdkb","ontology","level-inst","error","needs-review","Q23959932","fixed-order class","Q23958852","variable-order class","","`instance of` whose value does not sit one metaclass level up","re-level one of the two items, or replace `instance of` by `subclass of`; level shifts affect the whole branch, so review by hand"
"data/life.wdkb","ontology","level-inst","error","needs-review","Q19478619","metaclass","Q151885","concept","","`instance of` whose value does not sit one metaclass level up","re-level one of the two items, or replace `instance of` by `subclass of`; level shifts affect the whole branch, so review by hand"
"data/life.wdkb","ontology","level-inst","error","needs-review","Q19478619","metaclass","Q19868531","formal ontology concept","","`instance of` whose value does not sit one metaclass level up","re-level one of the two items, or replace `instance of` by `subclass of`; level shifts affect the whole branch, so review by hand"
"data/life.wdkb","ontology","level-inst","error","needs-review","Q24017465","third-order class","Q24027474","fourth-order class","","`instance of` whose value does not sit one metaclass level up","re-level one of the two items, or replace `instance of` by `subclass of`; level shifts affect the whole branch, so review by hand"
"data/mathematics.wdkb","ontology","level-inst","error","needs-review","Q11348","function","Q24034552","mathematical concept","","`instance of` whose value does not sit one metaclass level up","re-level one of the two items, or replace `instance of` by `subclass of`; level shifts affect the whole branch, so review by hand"
"data/mathematics.wdkb","ontology","level-inst","error","needs-review","Q12503","integer","Q47460393","type of number","","`instance of` whose value does not sit one metaclass level up","re-level one of the two items, or replace `instance of` by `subclass of`; level shifts affect the whole branch, so review by hand"
"data/mathematics.wdkb","ontology","level-inst","error","needs-review","Q1936384","branch of mathematics","Q24017414","second-order class","","`instance of` whose value does not sit one metaclass level up","re-level one of the two items, or replace `instance of` by `subclass of`; level shifts affect the whole branch, so review by hand"
"data/mathematics.wdkb","ontology","level-inst","error","needs-review","Q1936384","branch of mathematics","Q109542218","class of parts","","`instance of` whose value does not sit one metaclass level up","re-level one of the two items, or replace `instance of` by `subclass of`; level shifts affect the whole branch, so review by hand"
"data/mathematics.wdkb","ontology","level-inst","error","needs-review","Q108163","proposition","Q33104279","philosophical concept","","`instance of` whose value does not sit one metaclass level up","re-level one of the two items, or replace `instance of` by `subclass of`; level shifts affect the whole branch, so review by hand"
"data/mathematics.wdkb","ontology","level-inst","error","needs-review","Q20665666","conclusion","Q12812139","specialized term","","`instance of` whose value does not sit one metaclass level up","re-level one of the two items, or replace `instance of` by `subclass of`; level shifts affect the whole branch, so review by hand"
"data/mathematics.wdkb","ontology","level-inst","error","needs-review","Q20665666","conclusion","Q21481766","scholarly chapter","","`instance of` whose value does not sit one metaclass level up","re-level one of the two items, or replace `instance of` by `subclass of`; level shifts affect the whole branch, so review by hand"
"data/mathematics.wdkb","ontology","level-inst","error","needs-review","Q130901","binary relation","Q130324710","type of relation","","`instance of` whose value does not sit one metaclass level up","re-level one of the two items, or replace `instance of` by `subclass of`; level shifts affect the whole branch, so review by hand"
"data/mathematics.wdkb","ontology","level-inst","error","needs-review","Q24034552","mathematical concept","Q23958852","variable-order class","","`instance of` whose value does not sit one metaclass level up","re-level one of the two items, or replace `instance of` by `subclass of`; level shifts affect the whole branch, so review by hand"
"data/mathematics.wdkb","ontology","level-inst","error","needs-review","Q24034552","mathematical concept","Q137429456","type of concept","","`instance of` whose value does not sit one metaclass level up","re-level one of the two items, or replace `instance of` by `subclass of`; level shifts affect the whole branch, so review by hand"
"data/mathematics.wdkb","ontology","level-inst","error","needs-review","Q8424307","number with finite decimal representation","Q47460393","type of number","","`instance of` whose value does not sit one metaclass level up","re-level one of the two items, or replace `instance of` by `subclass of`; level shifts affect the whole branch, so review by hand"
"data/mathematics.wdkb","ontology","level-inst","error","needs-review","Q24017414","second-order class","Q24017465","third-order class","","`instance of` whose value does not sit one metaclass level up","re-level one of the two items, or replace `instance of` by `subclass of`; level shifts affect the whole branch, so review by hand"
"data/mathematics.wdkb","ontology","level-inst","error","needs-review","Q5962346","classification scheme","Q23958852","variable-order class","","`instance of` whose value does not sit one metaclass level up","re-level one of the two items, or replace `instance of` by `subclass of`; level shifts affect the whole branch, so review by hand"
"data/mathematics.wdkb","ontology","level-inst","error","needs-review","Q336","science","Q11862829","academic discipline","","`instance of` whose value does not sit one metaclass level up","re-level one of the two items, or replace `instance of` by `subclass of`; level shifts affect the whole branch, so review by hand"
"data/mathematics.wdkb","ontology","level-inst","error","needs-review","Q336","science","Q8027727","Wissenschaft","","`instance of` whose value does not sit one metaclass level up","re-level one of the two items, or replace `instance of` by `subclass of`; level shifts affect the whole branch, so review by hand"
"data/mathematics.wdkb","ontology","level-inst","error","needs-review","Q131841","idea","Q96251598","type of object","","`instance of` whose value does not sit one metaclass level up","re-level one of the two items, or replace `instance of` by `subclass of`; level shifts affect the whole branch, so review by hand"
"data/mathematics.wdkb","ontology","level-inst","error","needs-review","Q33104279","philosophical concept","Q137429456","type of concept","","`instance of` whose value does not sit one metaclass level up","re-level one of the two items, or replace `instance of` by `subclass of`; level shifts affect the whole branch, so review by hand"
"data/mathematics.wdkb","ontology","level-inst","error","needs-review","Q12812139","specialized term","Q137426749","type of term","","`instance of` whose value does not sit one metaclass level up","re-level one of the two items, or replace `instance of` by `subclass of`; level shifts affect the whole branch, so review by hand"
"data/mathematics.wdkb","ontology","level-inst","error","needs-review","Q130324710","type of relation","Q19478619","metaclass","","`instance of` whose value does not sit one metaclass level up","re-level one of the two items, or replace `instance of` by `subclass of`; level shifts affect the whole branch, so review by hand"
"data/mathematics.wdkb","ontology","level-inst","error","needs-review","Q1244890","rational number","Q47460393","type of number","","`instance of` whose value does not sit one metaclass level up","re-level one of the two items, or replace `instance of` by `subclass of`; level shifts affect the whole branch, so review by hand"
"data/mathematics.wdkb","ontology","level-inst","error","needs-review","Q311627","p-adic number","Q47460393","type of number","","`instance of` whose value does not sit one metaclass level up","re-level one of the two items, or replace `instance of` by `subclass of`; level shifts affect the whole branch, so review by hand"
"data/mathematics.wdkb","ontology","level-inst","error","needs-review","Q246672","mathematical object","Q96251598","type of object","","`instance of` whose value does not sit one metaclass level up","re-level one of the two items, or replace `instance of` by `subclass of`; level shifts affect the whole branch, so review by hand"
"data/mathematics.wdkb","ontology","level-inst","error","needs-review","Q246672","mathematical object","Q24034552","mathematical concept","","`instance of` whose value does not sit one metaclass level up","re-level one of the two items, or replace `instance of` by `subclass of`; level shifts affect the whole branch, so review by hand"
"data/mathematics.wdkb","ontology","level-inst","error","needs-review","Q246672","mathematical object","Q106411346","characterization","","`instance of` whose value does not sit one metaclass level up","re-level one of the two items, or replace `instance of` by `subclass of`; level shifts affect the whole branch, so review by hand"
"data/mathematics.wdkb","ontology","level-inst","error","needs-review","Q23959932","fixed-order class","Q23958852","variable-order class","","`instance of` whose value does not sit one metaclass level up","re-level one of the two items, or replace `instance of` by `subclass of`; level shifts affect the whole branch, so review by hand"
"data/mathematics.wdkb","ontology","level-inst","error","needs-review","Q24017465","third-order class","Q24027474","fourth-order class","","`instance of` whose value does not sit one metaclass level up","re-level one of the two items, or replace `instance of` by `subclass of`; level shifts affect the whole branch, so review by hand"
"data/mathematics.wdkb","ontology","level-inst","error","needs-review","Q23958852","variable-order class","Q23958852","variable-order class","","`instance of` whose value does not sit one metaclass level up","re-level one of the two items, or replace `instance of` by `subclass of`; level shifts affect the whole branch, so review by hand"
"data/mathematics.wdkb","ontology","level-inst","error","needs-review","Q16889133","class","Q19478619","metaclass","","`instance of` whose value does not sit one metaclass level up","re-level one of the two items, or replace `instance of` by `subclass of`; level shifts affect the whole branch, so review by hand"
"data/mathematics.wdkb","ontology","level-inst","error","needs-review","Q16889133","class","Q151885","concept","","`instance of` whose value does not sit one metaclass level up","re-level one of the two items, or replace `instance of` by `subclass of`; level shifts affect the whole branch, so review by hand"
"data/mathematics.wdkb","ontology","level-inst","error","needs-review","Q16889133","class","Q115490628","fundamental Wikidata entity","","`instance of` whose value does not sit one metaclass level up","re-level one of the two items, or replace `instance of` by `subclass of`; level shifts affect the whole branch, so review by hand"
"data/mathematics.wdkb","ontology","level-inst","error","needs-review","Q19478619","metaclass","Q151885","concept","","`instance of` whose value does not sit one metaclass level up","re-level one of the two items, or replace `instance of` by `subclass of`; level shifts affect the whole branch, so review by hand"
"data/mathematics.wdkb","ontology","level-inst","error","needs-review","Q19478619","metaclass","Q19868531","formal ontology concept","","`instance of` whose value does not sit one metaclass level up","re-level one of the two items, or replace `instance of` by `subclass of`; level shifts affect the whole branch, so review by hand"
"data/related.wdkb","ontology","level-inst","error","needs-review","Q1147242","symmetric difference","Q1964995","set operation","","`instance of` whose value does not sit one metaclass level up","re-level one of the two items, or replace `instance of` by `subclass of`; level shifts affect the whole branch, so review by hand"
"data/related.wdkb","ontology","level-inst","error","needs-review","Q1147242","symmetric difference","Q164307","binary operation","","`instance of` whose value does not sit one metaclass level up","re-level one of the two items, or replace `instance of` by `subclass of`; level shifts affect the whole branch, so review by hand"
"data/related.wdkb","ontology","level-inst","error","needs-review","Q1082992","equivalence of categories","Q130998","equivalence relation","","`instance of` whose value does not sit one metaclass level up","re-level one of the two items, or replace `instance of` by `subclass of`; level shifts affect the whole branch, so review by hand"
"data/related.wdkb","ontology","level-inst","error","needs-review","Q320577","Yoneda lemma","Q65943","theorem","","`instance of` whose value does not sit one metaclass level up","re-level one of the two items, or replace `instance of` by `subclass of`; level shifts affect the whole branch, so review by hand"
"data/related.wdkb","ontology","level-inst","error","needs-review","Q179899","topological space","Q24034552","mathematical concept","","`instance of` whose value does not sit one metaclass level up","re-level one of the two items, or replace `instance of` by `subclass of`; level shifts affect the whole branch, so review by hand"
"data/related.wdkb","ontology","level-inst","error","needs-review","Q170058","continuous function","Q47279819","type of mathematical function","","`instance of` whose value does not sit one metaclass level up","re-level one of the two items, or replace `instance of` by `subclass of`; level shifts affect the whole branch, so review by hand"
"data/related.wdkb","ontology","level-inst","error","needs-review","Q1322614","limit","Q24034552","mathematical concept","","`instance of` whose value does not sit one metaclass level up","re-level one of the two items, or replace `instance of` by `subclass of`; level shifts affect the whole branch, so review by hand"
"data/related.wdkb","ontology","level-inst","error","needs-review","Q111204834","colimit","Q24034552","mathematical concept","","`instance of` whose value does not sit one metaclass level up","re-level one of the two items, or replace `instance of` by `subclass of`; level shifts affect the whole branch, so review by hand"
"data/related.wdkb","ontology","level-inst","error","needs-review","Q713084","artinian ring","Q24034552","mathematical concept","","`instance of` whose value does not sit one metaclass level up","re-level one of the two items, or replace `instance of` by `subclass of`; level shifts affect the whole branch, so review by hand"
"data/related.wdkb","ontology","level-inst","error","needs-review","Q21406562","field","Q66786238","mathematical term","","`instance of` whose value does not sit one metaclass level up","re-level one of the two items, or replace `instance of` by `subclass of`; level shifts affect the whole branch, so review by hand"
"data/related.wdkb","ontology","level-inst","error","needs-review","Q748349","mathematical structure","Q111972893","type of structure","","`instance of` whose value does not sit one metaclass level up","re-level one of the two items, or replace `instance of` by `subclass of`; level shifts affect the whole branch, so review by hand"
"data/related.wdkb","ontology","level-inst","error","needs-review","Q64861","transitive relation","Q130324710","type of relation","","`instance of` whose value does not sit one metaclass level up","re-level one of the two items, or replace `instance of` by `subclass of`; level shifts affect the whole branch, so review by hand"
"data/related.wdkb","ontology","level-inst","error","needs-review","Q47279819","type of mathematical function","Q24017414","second-order class","","`instance of` whose value does not sit one metaclass level up","re-level one of the two items, or replace `instance of` by `subclass of`; level shifts affect the whole branch, so review by hand"
"data/related.wdkb","ontology","level-inst","error","needs-review","Q130324710","type of relation","Q19478619","metaclass","","`instance of` whose value does not sit one metaclass level up","re-level one of the two items, or replace `instance of` by `subclass of`; level shifts affect the whole branch, so review by hand"
"data/related.wdkb","ontology","level-inst","error","needs-review","Q24034552","mathematical concept","Q23958852","variable-order class","","`instance of` whose value does not sit one metaclass level up","re-level one of the two items, or replace `instance of` by `subclass of`; level shifts affect the whole branch, so review by hand"
"data/related.wdkb","ontology","level-inst","error","needs-review","Q24034552","mathematical concept","Q137429456","type of concept","","`instance of` whose value does not sit one metaclass level up","re-level one of the two items, or replace `instance of` by `subclass of`; level shifts affect the whole branch, so review by hand"
"data/related.wdkb","ontology","level-inst","error","needs-review","Q108163","proposition","Q33104279","philosophical concept","","`instance of` whose value does not sit one metaclass level up","re-level one of the two items, or replace `instance of` by `subclass of`; level shifts affect the whole branch, so review by hand"
"data/related.wdkb","ontology","level-inst","error","needs-review","Q66786238","mathematical term","Q19478619","metaclass","","`instance of` whose value does not sit one metaclass level up","re-level one of the two items, or replace `instance of` by `subclass of`; level shifts affect the whole branch, so review by hand"
"data/related2.wdkb","ontology","level-inst","error","needs-review","Q2143621","topos","Q24034552","mathematical concept","","`instance of` whose value does not sit one metaclass level up","re-level one of the two items, or replace `instance of` by `subclass of`; level shifts affect the whole branch, so review by hand"
"data/related2.wdkb","ontology","level-inst","error","needs-review","Q111204834","colimit","Q24034552","mathematical concept","","`instance of` whose value does not sit one metaclass level up","re-level one of the two items, or replace `instance of` by `subclass of`; level shifts affect the whole branch, so review by hand"
"data/related2.wdkb","ontology","level-inst","error","needs-review","Q246672","mathematical object","Q106411346","characterization","","`instance of` whose value does not sit one metaclass level up","re-level one of the two items, or replace `instance of` by `subclass of`; level shifts affect the whole branch, so review by hand"
"data/related2.wdkb","ontology","level-inst","error","needs-review","Q1322614","limit","Q24034552","mathematical concept","","`instance of` whose value does not sit one metaclass level up","re-level one of the two items, or replace `instance of` by `subclass of`; level shifts affect the whole branch, so review by hand"
"data/related2.wdkb","ontology","level-inst","error","needs-review","Q24034552","mathematical concept","Q23958852","variable-order class","","`instance of` whose value does not sit one metaclass level up","re-level one of the two items, or replace `instance of` by `subclass of`; level shifts affect the whole branch, so review by hand"
"data/related2.wdkb","ontology","level-inst","error","needs-review","Q24034552","mathematical concept","Q137429456","type of concept","","`instance of` whose value does not sit one metaclass level up","re-level one of the two items, or replace `instance of` by `subclass of`; level shifts affect the whole branch, so review by hand"
"data/related2.wdkb","ontology","level-inst","error","needs-review","Q1936384","branch of mathematics","Q24017414","second-order class","","`instance of` whose value does not sit one metaclass level up","re-level one of the two items, or replace `instance of` by `subclass of`; level shifts affect the whole branch, so review by hand"
"data/related2.wdkb","ontology","level-inst","error","needs-review","Q1936384","branch of mathematics","Q109542218","class of parts","","`instance of` whose value does not sit one metaclass level up","re-level one of the two items, or replace `instance of` by `subclass of`; level shifts affect the whole branch, so review by hand"
"data/related2.wdkb","ontology","level-inst","error","needs-review","Q66786238","mathematical term","Q19478619","metaclass","","`instance of` whose value does not sit one metaclass level up","re-level one of the two items, or replace `instance of` by `subclass of`; level shifts affect the whole branch, so review by hand"
"data/related2.wdkb","ontology","level-inst","error","needs-review","Q488383","object","Q23958852","variable-order class","","`instance of` whose value does not sit one metaclass level up","re-level one of the two items, or replace `instance of` by `subclass of`; level shifts affect the whole branch, so review by hand"
"data/related2.wdkb","ontology","level-inst","error","needs-review","Q96251598","type of object","Q23958852","variable-order class","","`instance of` whose value does not sit one metaclass level up","re-level one of the two items, or replace `instance of` by `subclass of`; level shifts affect the whole branch, so review by hand"
"data/related2.wdkb","ontology","level-inst","error","needs-review","Q96251598","type of object","Q151885","concept","","`instance of` whose value does not sit one metaclass level up","re-level one of the two items, or replace `instance of` by `subclass of`; level shifts affect the whole branch, so review by hand"
"data/related2.wdkb","ontology","level-inst","error","needs-review","Q96251598","type of object","Q21146257","type","","`instance of` whose value does not sit one metaclass level up","re-level one of the two items, or replace `instance of` by `subclass of`; level shifts affect the whole branch, so review by hand"
"data/related2.wdkb","ontology","level-inst","error","needs-review","Q151885","concept","Q23958852","variable-order class","","`instance of` whose value does not sit one metaclass level up","re-level one of the two items, or replace `instance of` by `subclass of`; level shifts affect the whole branch, so review by hand"
"data/related2.wdkb","ontology","level-inst","error","needs-review","Q23958852","variable-order class","Q23958852","variable-order class","","`instance of` whose value does not sit one metaclass level up","re-level one of the two items, or replace `instance of` by `subclass of`; level shifts affect the whole branch, so review by hand"
"data/related2.wdkb","ontology","level-inst","error","needs-review","Q137429456","type of concept","Q19478619","metaclass","","`instance of` whose value does not sit one metaclass level up","re-level one of the two items, or replace `instance of` by `subclass of`; level shifts affect the whole branch, so review by hand"
"data/related2.wdkb","ontology","level-inst","error","needs-review","Q111972893","type of structure","Q23958852","variable-order class","","`instance of` whose value does not sit one metaclass level up","re-level one of the two items, or replace `instance of` by `subclass of`; level shifts affect the whole branch, so review by hand"
"data/related2.wdkb","ontology","level-inst","error","needs-review","Q24017414","second-order class","Q24017465","third-order class","","`instance of` whose value does not sit one metaclass level up","re-level one of the two items, or replace `instance of` by `subclass of`; level shifts affect the whole branch, so review by hand"
"data/related2.wdkb","ontology","level-inst","error","needs-review","Q5962346","classification scheme","Q23958852","variable-order class","","`instance of` whose value does not sit one metaclass level up","re-level one of the two items, or replace `instance of` by `subclass of`; level shifts affect the whole branch, so review by hand"
"data/related2.wdkb","ontology","level-inst","error","needs-review","Q109542218","class of parts","Q19478619","metaclass","","`instance of` whose value does not sit one metaclass level up","re-level one of the two items, or replace `instance of` by `subclass of`; level shifts affect the whole branch, so review by hand"
"data/science.wdkb","ontology","level-inst","error","needs-review","Q901","scientist","Q4164871","position","","`instance of` whose value does not sit one metaclass level up","re-level one of the two items, or replace `instance of` by `subclass of`; level shifts affect the whole branch, so review by hand"
"data/science.wdkb","ontology","level-inst","error","needs-review","Q336","science","Q11862829","academic discipline","","`instance of` whose value does not sit one metaclass level up","re-level one of the two items, or replace `instance of` by `subclass of`; level shifts affect the whole branch, so review by hand"
"data/science.wdkb","ontology","level-inst","error","needs-review","Q336","science","Q8027727","Wissenschaft","","`instance of` whose value does not sit one metaclass level up","re-level one of the two items, or replace `instance of` by `subclass of`; level shifts affect the whole branch, so review by hand"
"data/science.wdkb","ontology","level-inst","error","needs-review","Q28640","profession","Q19478619","metaclass","","`instance of` whose value does not sit one metaclass level up","re-level one of the two items, or replace `instance of` by `subclass of`; level shifts affect the whole branch, so review by hand"
"data/science.wdkb","ontology","level-inst","error","needs-review","Q28640","profession","Q24017414","second-order class","","`instance of` whose value does not sit one metaclass level up","re-level one of the two items, or replace `instance of` by `subclass of`; level shifts affect the whole branch, so review by hand"
"data/science.wdkb","ontology","level-inst","error","needs-review","Q110402867","knowledge classification","Q121344523","type of classification","","`instance of` whose value does not sit one metaclass level up","re-level one of the two items, or replace `instance of` by `subclass of`; level shifts affect the whole branch, so review by hand"
"data/science.wdkb","ontology","level-inst","error","needs-review","Q105948247","knowledge system","Q96116695","type of system","","`instance of` whose value does not sit one metaclass level up","re-level one of the two items, or replace `instance of` by `subclass of`; level shifts affect the whole branch, so review by hand"
"data/science.wdkb","ontology","level-inst","error","needs-review","Q9081","knowledge","Q33104279","philosophical concept","","`instance of` whose value does not sit one metaclass level up","re-level one of the two items, or replace `instance of` by `subclass of`; level shifts affect the whole branch, so review by hand"
"data/science.wdkb","ontology","level-inst","error","needs-review","Q55983715","organisms known by a particular common name","Q19478619","metaclass","","`instance of` whose value does not sit one metaclass level up","re-level one of the two items, or replace `instance of` by `subclass of`; level shifts affect the whole branch, so review by hand"
"data/science.wdkb","ontology","level-inst","error","needs-review","Q12737077","occupation","Q23958852","variable-order class","","`instance of` whose value does not sit one metaclass level up","re-level one of the two items, or replace `instance of` by `subclass of`; level shifts affect the whole branch, so review by hand"
"data/science.wdkb","ontology","level-inst","error","needs-review","Q12737077","occupation","Q151885","concept","","`instance of` whose value does not sit one metaclass level up","re-level one of the two items, or replace `instance of` by `subclass of`; level shifts affect the whole branch, so review by hand"
"data/science.wdkb","ontology","level-inst","error","needs-review","Q24017414","second-order class","Q24017465","third-order class","","`instance of` whose value does not sit one metaclass level up","re-level one of the two items, or replace `instance of` by `subclass of`; level shifts affect the whole branch, so review by hand"
"data/science.wdkb","ontology","level-inst","error","needs-review","Q110403031","knowledge type","Q19478619","metaclass","","`instance of` whose value does not sit one metaclass level up","re-level one of the two items, or replace `instance of` by `subclass of`; level shifts affect the whole branch, so review by hand"
"data/science.wdkb","ontology","level-inst","error","needs-review","Q110403031","knowledge type","Q24017414","second-order class","","`instance of` whose value does not sit one metaclass level up","re-level one of the two items, or replace `instance of` by `subclass of`; level shifts affect the whole branch, so review by hand"
"data/science.wdkb","ontology","level-inst","error","needs-review","Q5962346","classification scheme","Q23958852","variable-order class","","`instance of` whose value does not sit one metaclass level up","re-level one of the two items, or replace `instance of` by `subclass of`; level shifts affect the whole branch, so review by hand"
"data/science.wdkb","ontology","level-inst","error","needs-review","Q121344523","type of classification","Q19478619","metaclass","","`instance of` whose value does not sit one metaclass level up","re-level one of the two items, or replace `instance of` by `subclass of`; level shifts affect the whole branch, so review by hand"
"data/science.wdkb","ontology","level-inst","error","needs-review","Q3622126","conceptual system","Q96116695","type of system","","`instance of` whose value does not sit one metaclass level up","re-level one of the two items, or replace `instance of` by `subclass of`; level shifts affect the whole branch, so review by hand"
"data/science.wdkb","ontology","level-inst","error","needs-review","Q33104279","philosophical concept","Q137429456","type of concept","","`instance of` whose value does not sit one metaclass level up","re-level one of the two items, or replace `instance of` by `subclass of`; level shifts affect the whole branch, so review by hand"
"data/science.wdkb","ontology","level-inst","error","needs-review","Q5891","philosophy","Q11862829","academic discipline","","`instance of` whose value does not sit one metaclass level up","re-level one of the two items, or replace `instance of` by `subclass of`; level shifts affect the whole branch, so review by hand"
"data/science.wdkb","ontology","level-inst","error","needs-review","Q5891","philosophy","Q4671286","academic major","","`instance of` whose value does not sit one metaclass level up","re-level one of the two items, or replace `instance of` by `subclass of`; level shifts affect the whole branch, so review by hand"
"data/science.wdkb","ontology","level-inst","error","needs-review","Q5891","philosophy","Q2465832","branch of science","","`instance of` whose value does not sit one metaclass level up","re-level one of the two items, or replace `instance of` by `subclass of`; level shifts affect the whole branch, so review by hand"
"data/science.wdkb","ontology","level-inst","error","needs-review","Q5891","philosophy","Q627436","field of work","","`instance of` whose value does not sit one metaclass level up","re-level one of the two items, or replace `instance of` by `subclass of`; level shifts affect the whole branch, so review by hand"
"data/science.wdkb","ontology","level-inst","error","needs-review","Q5891","philosophy","Q483394","genre","","`instance of` whose value does not sit one metaclass level up","re-level one of the two items, or replace `instance of` by `subclass of`; level shifts affect the whole branch, so review by hand"
"data/science.wdkb","ontology","level-inst","error","needs-review","Q22811234","branch of philosophy","Q11862829","academic discipline","","`instance of` whose value does not sit one metaclass level up","re-level one of the two items, or replace `instance of` by `subclass of`; level shifts affect the whole branch, so review by hand"
"data/science.wdkb","ontology","level-inst","error","needs-review","Q22811234","branch of philosophy","Q109542218","class of parts","","`instance of` whose value does not sit one metaclass level up","re-level one of the two items, or replace `instance of` by `subclass of`; level shifts affect the whole branch, so review by hand"
"data/science.wdkb","ontology","level-inst","error","needs-review","Q22811234","branch of philosophy","Q5962346","classification scheme","","`instance of` whose value does not sit one metaclass level up","re-level one of the two items, or replace `instance of` by `subclass of`; level shifts affect the whole branch, so review by hand"
"data/science.wdkb","ontology","level-inst","error","needs-review","Q3249551","process","Q124711104","BFO class","","`instance of` whose value does not sit one metaclass level up","re-level one of the two items, or replace `instance of` by `subclass of`; level shifts affect the whole branch, so review by hand"
"data/science.wdkb","ontology","level-inst","error","needs-review","Q117460485","education and research","Q125542526","type of activity","","`instance of` whose value does not sit one metaclass level up","re-level one of the two items, or replace `instance of` by `subclass of`; level shifts affect the whole branch, so review by hand"
"data/science.wdkb","ontology","level-inst","error","needs-review","Q451967","intentional human activity","Q125542526","type of activity","","`instance of` whose value does not sit one metaclass level up","re-level one of the two items, or replace `instance of` by `subclass of`; level shifts affect the whole branch, so review by hand"
"data/science.wdkb","ontology","level-inst","error","needs-review","Q131544427","mental activity","Q125542526","type of activity","","`instance of` whose value does not sit one metaclass level up","re-level one of the two items, or replace `instance of` by `subclass of`; level shifts affect the whole branch, so review by hand"
"data/society.wdkb","ontology","level-inst","error","needs-review","Q43229","organization","Q134602570","class of being","","`instance of` whose value does not sit one metaclass level up","re-level one of the two items, or replace `instance of` by `subclass of`; level shifts affect the whole branch, so review by hand"
"data/society.wdkb","ontology","level-inst","error","needs-review","Q43229","organization","Q151885","concept","","`instance of` whose value does not sit one metaclass level up","re-level one of the two items, or replace `instance of` by `subclass of`; level shifts affect the whole branch, so review by hand"
"data/society.wdkb","ontology","level-inst","error","needs-review","Q43229","organization","Q96116695","type of system","","`instance of` whose value does not sit one metaclass level up","re-level one of the two items, or replace `instance of` by `subclass of`; level shifts affect the whole branch, so review by hand"
"data/society.wdkb","ontology","level-inst","error","needs-review","Q4830453","business","Q2135465","legal term or legal concept","","`instance of` whose value does not sit one metaclass level up","re-level one of the two items, or replace `instance of` by `subclass of`; level shifts affect the whole branch, so review by hand"
"data/society.wdkb","ontology","level-inst","error","needs-review","Q4830453","business","Q1047113","field of study","","`instance of` whose value does not sit one metaclass level up","re-level one of the two items, or replace `instance of` by `subclass of`; level shifts affect the whole branch, so review by hand"
"data/society.wdkb","ontology","level-inst","error","needs-review","Q4830453","business","Q17197366","type of organization","","`instance of` whose value does not sit one metaclass level up","re-level one of the two items, or replace `instance of` by `subclass of`; level shifts affect the whole branch, so review by hand"
"data/society.wdkb","ontology","level-inst","error","needs-review","Q3918","university","Q112872396","type of educational institution","","`instance of` whose value does not sit one metaclass level up","re-level one of the two items, or replace `instance of` by `subclass of`; level shifts affect the whole branch, so review by hand"
"data/society.wdkb","ontology","level-inst","error","needs-review","Q7278","political party","Q2135465","legal term or legal concept","","`instance of` whose value does not sit one metaclass level up","re-level one of the two items, or replace `instance of` by `subclass of`; level shifts affect the whole branch, so review by hand"
"data/society.wdkb","ontology","level-inst","error","needs-review","Q7278","political party","Q10541491","legal form","","`instance of` whose value does not sit one metaclass level up","re-level one of the two items, or replace `instance of` by `subclass of`; level shifts affect the whole branch, so review by hand"
"data/society.wdkb","ontology","level-inst","error","needs-review","Q28640","profession","Q19478619","metaclass","","`instance of` whose value does not sit one metaclass level up","re-level one of the two items, or replace `instance of` by `subclass of`; level shifts affect the whole branch, so review by hand"
"data/society.wdkb","ontology","level-inst","error","needs-review","Q28640","profession","Q24017414","second-order class","","`instance of` whose value does not sit one metaclass level up","re-level one of the two items, or replace `instance of` by `subclass of`; level shifts affect the whole branch, so review by hand"
"data/society.wdkb","ontology","level-inst","error","needs-review","Q1639378","social system","Q96116695","type of system","","`instance of` whose value does not sit one metaclass level up","re-level one of the two items, or replace `instance of` by `subclass of`; level shifts affect the whole branch, so review by hand"
"data/society.wdkb","ontology","level-inst","error","needs-review","Q854457","complex system","Q96116695","type of system","","`instance of` whose value does not sit one metaclass level up","re-level one of the two items, or replace `instance of` by `subclass of`; level shifts affect the whole branch, so review by hand"
"data/society.wdkb","ontology","level-inst","error","needs-review","Q131085629","collective agent","Q96251598","type of object","","`instance of` whose value does not sit one metaclass level up","re-level one of the two items, or replace `instance of` by `subclass of`; level shifts affect the whole branch, so review by hand"
"data/society.wdkb","ontology","level-inst","error","needs-review","Q134602570","class of being","Q19478619","metaclass","","`instance of` whose value does not sit one metaclass level up","re-level one of the two items, or replace `instance of` by `subclass of`; level shifts affect the whole branch, so review by hand"
"data/society.wdkb","ontology","level-inst","error","needs-review","Q96116695","type of system","Q23958852","variable-order class","","`instance of` whose value does not sit one metaclass level up","re-level one of the two items, or replace `instance of` by `subclass of`; level shifts affect the whole branch, so review by hand"
"data/society.wdkb","ontology","level-inst","error","needs-review","Q1047113","field of study","Q110402867","knowledge classification","","`instance of` whose value does not sit one metaclass level up","re-level one of the two items, or replace `instance of` by `subclass of`; level shifts affect the whole branch, so review by hand"
"data/society.wdkb","ontology","level-inst","error","needs-review","Q17197366","type of organization","Q24017414","second-order class","","`instance of` whose value does not sit one metaclass level up","re-level one of the two items, or replace `instance of` by `subclass of`; level shifts affect the whole branch, so review by hand"
"data/society.wdkb","ontology","level-inst","error","needs-review","Q38723","higher education institution","Q112872396","type of educational institution","","`instance of` whose value does not sit one metaclass level up","re-level one of the two items, or replace `instance of` by `subclass of`; level shifts affect the whole branch, so review by hand"
"data/society.wdkb","ontology","level-inst","error","needs-review","Q4671277","academic institution","Q117023459","type of institution","","`instance of` whose value does not sit one metaclass level up","re-level one of the two items, or replace `instance of` by `subclass of`; level shifts affect the whole branch, so review by hand"
"data/society.wdkb","ontology","level-inst","error","needs-review","Q123349660","geolocatable entity","Q96251598","type of object","","`instance of` whose value does not sit one metaclass level up","re-level one of the two items, or replace `instance of` by `subclass of`; level shifts affect the whole branch, so review by hand"
"data/society.wdkb","ontology","level-inst","error","needs-review","Q112872396","type of educational institution","Q19478619","metaclass","","`instance of` whose value does not sit one metaclass level up","re-level one of the two items, or replace `instance of` by `subclass of`; level shifts affect the whole branch, so review by hand"
"data/society.wdkb","ontology","level-inst","error","needs-review","Q155076","juridical person","Q2135465","legal term or legal concept","","`instance of` whose value does not sit one metaclass level up","re-level one of the two items, or replace `instance of` by `subclass of`; level shifts affect the whole branch, so review by hand"
"data/society.wdkb","ontology","level-inst","error","needs-review","Q155076","juridical person","Q931483","legal fiction","","`instance of` whose value does not sit one metaclass level up","re-level one of the two items, or replace `instance of` by `subclass of`; level shifts affect the whole branch, so review by hand"
"data/society.wdkb","ontology","level-inst","error","needs-review","Q155076","juridical person","Q1269299","type of business entity","","`instance of` whose value does not sit one metaclass level up","re-level one of the two items, or replace `instance of` by `subclass of`; level shifts affect the whole branch, so review by hand"
"data/society.wdkb","ontology","level-inst","error","needs-review","Q155076","juridical person","Q10541491","legal form","","`instance of` whose value does not sit one metaclass level up","re-level one of the two items, or replace `instance of` by `subclass of`; level shifts affect the whole branch, so review by hand"
"data/society.wdkb","ontology","level-inst","error","needs-review","Q7210356","political organization","Q17197366","type of organization","","`instance of` whose value does not sit one metaclass level up","re-level one of the two items, or replace `instance of` by `subclass of`; level shifts affect the whole branch, so review by hand"
"data/society.wdkb","ontology","level-inst","error","needs-review","Q7210356","political organization","Q268592","industry","","`instance of` whose value does not sit one metaclass level up","re-level one of the two items, or replace `instance of` by `subclass of`; level shifts affect the whole branch, so review by hand"
"data/society.wdkb","ontology","level-inst","error","needs-review","Q2135465","legal term or legal concept","Q137429456","type of concept","","`instance of` whose value does not sit one metaclass level up","re-level one of the two items, or replace `instance of` by `subclass of`; level shifts affect the whole branch, so review by hand"
"data/society.wdkb","ontology","level-inst","error","needs-review","Q2659904","government organization","Q17197366","type of organization","","`instance of` whose value does not sit one metaclass level up","re-level one of the two items, or replace `instance of` by `subclass of`; level shifts affect the whole branch, so review by hand"
"data/society.wdkb","ontology","level-inst","error","needs-review","Q2659904","government organization","Q10541491","legal form","","`instance of` whose value does not sit one metaclass level up","re-level one of the two items, or replace `instance of` by `subclass of`; level shifts affect the whole branch, so review by hand"
"data/society.wdkb","ontology","level-inst","error","needs-review","Q10541491","legal form","Q24017414","second-order class","","`instance of` whose value does not sit one metaclass level up","re-level one of the two items, or replace `instance of` by `subclass of`; level shifts affect the whole branch, so review by hand"
"data/society.wdkb","ontology","level-inst","error","needs-review","Q12737077","occupation","Q23958852","variable-order class","","`instance of` whose value does not sit one metaclass level up","re-level one of the two items, or replace `instance of` by `subclass of`; level shifts affect the whole branch, so review by hand"
"data/society.wdkb","ontology","level-inst","error","needs-review","Q12737077","occupation","Q151885","concept","","`instance of` whose value does not sit one metaclass level up","re-level one of the two items, or replace `instance of` by `subclass of`; level shifts affect the whole branch, so review by hand"
"data/society.wdkb","ontology","level-inst","error","needs-review","Q12737077","occupation","Q937228","property","","`instance of` whose value does not sit one metaclass level up","re-level one of the two items, or replace `instance of` by `subclass of`; level shifts affect the whole branch, so review by hand"
"data/society.wdkb","ontology","level-inst","error","needs-review","Q19478619","metaclass","Q151885","concept","","`instance of` whose value does not sit one metaclass level up","re-level one of the two items, or replace `instance of` by `subclass of`; level shifts affect the whole branch, so review by hand"
"data/society.wdkb","ontology","level-inst","error","needs-review","Q19478619","metaclass","Q19868531","formal ontology concept","","`instance of` whose value does not sit one metaclass level up","re-level one of the two items, or replace `instance of` by `subclass of`; level shifts affect the whole branch, so review by hand"
"data/society.wdkb","ontology","level-inst","error","needs-review","Q24017414","second-order class","Q24017465","third-order class","","`instance of` whose value does not sit one metaclass level up","re-level one of the two items, or replace `instance of` by `subclass of`; level shifts affect the whole branch, so review by hand"
"data/society.wdkb","ontology","level-inst","error","needs-review","Q24229398","being","Q96251598","type of object","","`instance of` whose value does not sit one metaclass level up","re-level one of the two items, or replace `instance of` by `subclass of`; level shifts affect the whole branch, so review by hand"
"data/society.wdkb","ontology","level-inst","error","needs-review","Q24229398","being","Q96251598","type of object","","`instance of` whose value does not sit one metaclass level up","re-level one of the two items, or replace `instance of` by `subclass of`; level shifts affect the whole branch, so review by hand"
"data/society.wdkb","ontology","level-inst","error","needs-review","Q24229398","being","Q96251598","type of object","","`instance of` whose value does not sit one metaclass level up","re-level one of the two items, or replace `instance of` by `subclass of`; level shifts affect the whole branch, so review by hand"
"data/society.wdkb","ontology","level-inst","error","needs-review","Q24229398","being","Q96251598","type of object","","`instance of` whose value does not sit one metaclass level up","re-level one of the two items, or replace `instance of` by `subclass of`; level shifts affect the whole branch, so review by hand"
"data/society.wdkb","ontology","level-inst","error","needs-review","Q488383","object","Q23958852","variable-order class","","`instance of` whose value does not sit one metaclass level up","re-level one of the two items, or replace `instance of` by `subclass of`; level shifts affect the whole branch, so review by hand"
"data/society.wdkb","ontology","level-inst","error","needs-review","Q488383","object","Q151885","concept","","`instance of` whose value does not sit one metaclass level up","re-level one of the two items, or replace `instance of` by `subclass of`; level shifts affect the whole branch, so review by hand"
"data/society.wdkb","ontology","level-inst","error","needs-review","Q488383","object","Q115471117","self-depicting entity","","`instance of` whose value does not sit one metaclass level up","re-level one of the two items, or replace `instance of` by `subclass of`; level shifts affect the whole branch, so review by hand"
"data/society.wdkb","ontology","level-inst","error","needs-review","Q58778","system","Q96251598","type of object","","`instance of` whose value does not sit one metaclass level up","re-level one of the two items, or replace `instance of` by `subclass of`; level shifts affect the whole branch, so review by hand"
"data/society.wdkb","ontology","level-inst","error","needs-review","Q99527517","collective entity","Q23958852","variable-order class","","`instance of` whose value does not sit one metaclass level up","re-level one of the two items, or replace `instance of` by `subclass of`; level shifts affect the whole branch, so review by hand"
"data/society.wdkb","ontology","level-inst","error","needs-review","Q134602526","group or class of beings","Q24017414","second-order class","","`instance of` whose value does not sit one metaclass level up","re-level one of the two items, or replace `instance of` by `subclass of`; level shifts affect the whole branch, so review by hand"
"data/society.wdkb","ontology","level-inst","error","needs-review","Q7048977","abstract entity","Q23958852","variable-order class","","`instance of` whose value does not sit one metaclass level up","re-level one of the two items, or replace `instance of` by `subclass of`; level shifts affect the whole branch, so review by hand"
"data/society.wdkb","ontology","level-inst","error","needs-review","Q7048977","abstract entity","Q96251598","type of object","","`instance of` whose value does not sit one metaclass level up","re-level one of the two items, or replace `instance of` by `subclass of`; level shifts affect the whole branch, so review by hand"
"data/society.wdkb","ontology","level-inst","error","needs-review","Q1272626","representation","Q96251598","type of object","","`instance of` whose value does not sit one metaclass level up","re-level one of the two items, or replace `instance of` by `subclass of`; level shifts affect the whole branch, so review by hand"
"data/society.wdkb","ontology","level-inst","error","needs-review","Q105948247","knowledge system","Q96116695","type of system","","`instance of` whose value does not sit one metaclass level up","re-level one of the two items, or replace `instance of` by `subclass of`; level shifts affect the whole branch, so review by hand"
"data/society.wdkb","ontology","level-inst","error","needs-review","Q110403031","knowledge type","Q19478619","metaclass","","`instance of` whose value does not sit one metaclass level up","re-level one of the two items, or replace `instance of` by `subclass of`; level shifts affect the whole branch, so review by hand"
"data/society.wdkb","ontology","level-inst","error","needs-review","Q110403031","knowledge type","Q24017414","second-order class","","`instance of` whose value does not sit one metaclass level up","re-level one of the two items, or replace `instance of` by `subclass of`; level shifts affect the whole branch, so review by hand"
"data/society.wdkb","ontology","level-inst","error","needs-review","Q26256810","topic","Q1207505","quality","","`instance of` whose value does not sit one metaclass level up","re-level one of the two items, or replace `instance of` by `subclass of`; level shifts affect the whole branch, so review by hand"
"data/society.wdkb","ontology","level-inst","error","needs-review","Q21040055","aspect","Q4897819","role","","`instance of` whose value does not sit one metaclass level up","re-level one of the two items, or replace `instance of` by `subclass of`; level shifts affect the whole branch, so review by hand"
"data/society.wdkb","ontology","level-inst","error","needs-review","Q110402867","knowledge classification","Q121344523","type of classification","","`instance of` whose value does not sit one metaclass level up","re-level one of the two items, or replace `instance of` by `subclass of`; level shifts affect the whole branch, so review by hand"
"data/society.wdkb","ontology","level-inst","error","needs-review","Q2385804","educational institution","Q104086571","first-order class","","`instance of` whose value does not sit one metaclass level up","re-level one of the two items, or replace `instance of` by `subclass of`; level shifts affect the whole branch, so review by hand"
"data/society.wdkb","ontology","level-inst","error","needs-review","Q2385804","educational institution","Q117023459","type of institution","","`instance of` whose value does not sit one metaclass level up","re-level one of the two items, or replace `instance of` by `subclass of`; level shifts affect the whole branch, so review by hand"
"data/society.wdkb","ontology","level-inst","error","needs-review","Q133873855","research institution","Q117023459","type of institution","","`instance of` whose value does not sit one metaclass level up","re-level one of the two items, or replace `instance of` by `subclass of`; level shifts affect the whole branch, so review by hand"
"data/society.wdkb","ontology","level-inst","error","needs-review","Q133873821","academic organisation","Q17197366","type of organization","","`instance of` whose value does not sit one metaclass level up","re-level one of the two items, or replace `instance of` by `subclass of`; level shifts affect the whole branch, so review by hand"
"data/society.wdkb","ontology","level-inst","error","needs-review","Q35120","entity","Q23958852","variable-order class","","`instance of` whose value does not sit one metaclass level up","re-level one of the two items, or replace `instance of` by `subclass of`; level shifts affect the whole branch, so review by hand"
"data/society.wdkb","ontology","level-inst","error","needs-review","Q96251598","type of object","Q23958852","variable-order class","","`instance of` whose value does not sit one metaclass level up","re-level one of the two items, or replace `instance of` by `subclass of`; level shifts affect the whole branch, so review by hand"
"data/society.wdkb","ontology","level-inst","error","needs-review","Q96251598","type of object","Q21146257","type","","`instance of` whose value does not sit one metaclass level up","re-level one of the two items, or replace `instance of` by `subclass of`; level shifts affect the whole branch, so review by hand"
"data/society.wdkb","ontology","level-inst","error","needs-review","Q3778211","legal person","Q931483","legal fiction","","`instance of` whose value does not sit one metaclass level up","re-level one of the two items, or replace `instance of` by `subclass of`; level shifts affect the whole branch, so review by hand"
"data/society.wdkb","ontology","level-inst","error","needs-review","Q268592","industry","Q29028649","economic concept","","`instance of` whose value does not sit one metaclass level up","re-level one of the two items, or replace `instance of` by `subclass of`; level shifts affect the whole branch, so review by hand"
"data/society.wdkb","ontology","level-inst","error","needs-review","Q1549152","public institution","Q2135465","legal term or legal concept","","`instance of` whose value does not sit one metaclass level up","re-level one of the two items, or replace `instance of` by `subclass of`; level shifts affect the whole branch, so review by hand"
"data/society.wdkb","ontology","level-inst","error","needs-review","Q23958852","variable-order class","Q23958852","variable-order class","","`instance of` whose value does not sit one metaclass level up","re-level one of the two items, or replace `instance of` by `subclass of`; level shifts affect the whole branch, so review by hand"
"data/society.wdkb","ontology","level-inst","error","needs-review","Q937228","property","Q19478619","metaclass","","`instance of` whose value does not sit one metaclass level up","re-level one of the two items, or replace `instance of` by `subclass of`; level shifts affect the whole branch, so review by hand"
"data/society.wdkb","ontology","level-inst","error","needs-review","Q937228","property","Q714737","category of being","","`instance of` whose value does not sit one metaclass level up","re-level one of the two items, or replace `instance of` by `subclass of`; level shifts affect the whole branch, so review by hand"
"data/society.wdkb","ontology","level-inst","error","needs-review","Q16889133","class","Q19478619","metaclass","","`instance of` whose value does not sit one metaclass level up","re-level one of the two items, or replace `instance of` by `subclass of`; level shifts affect the whole branch, so review by hand"
"data/society.wdkb","ontology","level-inst","error","needs-review","Q16889133","class","Q151885","concept","","`instance of` whose value does not sit one metaclass level up","re-level one of the two items, or replace `instance of` by `subclass of`; level shifts affect the whole branch, so review by hand"
"data/society.wdkb","ontology","level-inst","error","needs-review","Q16889133","class","Q115490628","fundamental Wikidata entity","","`instance of` whose value does not sit one metaclass level up","re-level one of the two items, or replace `instance of` by `subclass of`; level shifts affect the whole branch, so review by hand"
"data/society.wdkb","ontology","level-inst","error","needs-review","Q23959932","fixed-order class","Q23958852","variable-order class","","`instance of` whose value does not sit one metaclass level up","re-level one of the two items, or replace `instance of` by `subclass of`; level shifts affect the whole branch, so review by hand"
"data/society.wdkb","ontology","level-inst","error","needs-review","Q24017465","third-order class","Q24027474","fourth-order class","","`instance of` whose value does not sit one metaclass level up","re-level one of the two items, or replace `instance of` by `subclass of`; level shifts affect the whole branch, so review by hand"
"data/structures.wdkb","ontology","level-inst","error","needs-review","Q215111","homomorphism","Q24034552","mathematical concept","","`instance of` whose value does not sit one metaclass level up","re-level one of the two items, or replace `instance of` by `subclass of`; level shifts affect the whole branch, so review by hand"
"data/structures.wdkb","ontology","level-inst","error","needs-review","Q1322614","limit","Q24034552","mathematical concept","","`instance of` whose value does not sit one metaclass level up","re-level one of the two items, or replace `instance of` by `subclass of`; level shifts affect the whole branch, so review by hand"
"data/structures.wdkb","ontology","level-inst","error","needs-review","Q2141963","retract","Q24034552","mathematical concept","","`instance of` whose value does not sit one metaclass level up","re-level one of the two items, or replace `instance of` by `subclass of`; level shifts affect the whole branch, so review by hand"
"data/structures.wdkb","ontology","level-inst","error","needs-review","Q217608","fixed point","Q111796904","type of equilibrium","","`instance of` whose value does not sit one metaclass level up","re-level one of the two items, or replace `instance of` by `subclass of`; level shifts affect the whole branch, so review by hand"
"data/structures.wdkb","ontology","level-inst","error","needs-review","Q48998319","Frobenius reciprocity","Q65943","theorem","","`instance of` whose value does not sit one metaclass level up","re-level one of the two items, or replace `instance of` by `subclass of`; level shifts affect the whole branch, so review by hand"
"data/structures.wdkb","ontology","level-inst","error","needs-review","Q368988","idempotence","Q24034552","mathematical concept","","`instance of` whose value does not sit one metaclass level up","re-level one of the two items, or replace `instance of` by `subclass of`; level shifts affect the whole branch, so review by hand"
"data/structures.wdkb","ontology","level-inst","error","needs-review","Q130998","equivalence relation","Q130324710","type of relation","","`instance of` whose value does not sit one metaclass level up","re-level one of the two items, or replace `instance of` by `subclass of`; level shifts affect the whole branch, so review by hand"
"data/structures.wdkb","ontology","level-inst","error","needs-review","Q693083","soundness","Q937228","property","","`instance of` whose value does not sit one metaclass level up","re-level one of the two items, or replace `instance of` by `subclass of`; level shifts affect the whole branch, so review by hand"
"data/structures.wdkb","ontology","level-inst","error","needs-review","Q15846555","completeness","Q937228","property","","`instance of` whose value does not sit one metaclass level up","re-level one of the two items, or replace `instance of` by `subclass of`; level shifts affect the whole branch, so review by hand"
"data/structures.wdkb","ontology","level-inst","error","needs-review","Q54980267","intransitivity","Q3924032","mathematical property","","`instance of` whose value does not sit one metaclass level up","re-level one of the two items, or replace `instance of` by `subclass of`; level shifts affect the whole branch, so review by hand"
"data/structures.wdkb","ontology","level-inst","error","needs-review","Q1609475","Herbrand structure","Q1851710","structure (model theory)","","`instance of` whose value does not sit one metaclass level up","re-level one of the two items, or replace `instance of` by `subclass of`; level shifts affect the whole branch, so review by hand"
"data/structures.wdkb","ontology","level-inst","error","needs-review","Q1609475","Herbrand structure","Q24034552","mathematical concept","","`instance of` whose value does not sit one metaclass level up","re-level one of the two items, or replace `instance of` by `subclass of`; level shifts affect the whole branch, so review by hand"
"data/structures.wdkb","ontology","level-inst","error","needs-review","Q64861","transitive relation","Q130324710","type of relation","","`instance of` whose value does not sit one metaclass level up","re-level one of the two items, or replace `instance of` by `subclass of`; level shifts affect the whole branch, so review by hand"
"data/structures.wdkb","ontology","level-inst","error","needs-review","Q5399590","essentially unique","Q66785817","mathematical terminology","","`instance of` whose value does not sit one metaclass level up","re-level one of the two items, or replace `instance of` by `subclass of`; level shifts affect the whole branch, so review by hand"
"data/structures.wdkb","ontology","level-inst","error","needs-review","Q843237","diagram","Q748349","mathematical structure","","`instance of` whose value does not sit one metaclass level up","re-level one of the two items, or replace `instance of` by `subclass of`; level shifts affect the whole branch, so review by hand"
"data/structures.wdkb","ontology","level-inst","error","needs-review","Q379825","element","Q4897819","role","","`instance of` whose value does not sit one metaclass level up","re-level one of the two items, or replace `instance of` by `subclass of`; level shifts affect the whole branch, so review by hand"
"data/structures.wdkb","ontology","level-inst","error","needs-review","Q151885","concept","Q23958852","variable-order class","","`instance of` whose value does not sit one metaclass level up","re-level one of the two items, or replace `instance of` by `subclass of`; level shifts affect the whole branch, so review by hand"
"data/structures.wdkb","ontology","level-inst","error","needs-review","Q937228","property","Q19478619","metaclass","","`instance of` whose value does not sit one metaclass level up","re-level one of the two items, or replace `instance of` by `subclass of`; level shifts affect the whole branch, so review by hand"
"data/structures.wdkb","ontology","level-inst","error","needs-review","Q937228","property","Q714737","category of being","","`instance of` whose value does not sit one metaclass level up","re-level one of the two items, or replace `instance of` by `subclass of`; level shifts affect the whole branch, so review by hand"
"data/structures.wdkb","ontology","level-inst","error","needs-review","Q3924032","mathematical property","Q96253971","type of property","","`instance of` whose value does not sit one metaclass level up","re-level one of the two items, or replace `instance of` by `subclass of`; level shifts affect the whole branch, so review by hand"
"data/structures.wdkb","ontology","level-inst","error","needs-review","Q3924032","mathematical property","Q24034552","mathematical concept","","`instance of` whose value does not sit one metaclass level up","re-level one of the two items, or replace `instance of` by `subclass of`; level shifts affect the whole branch, so review by hand"
"data/structures.wdkb","ontology","level-inst","error","needs-review","Q1851710","structure (model theory)","Q111972893","type of structure","","`instance of` whose value does not sit one metaclass level up","re-level one of the two items, or replace `instance of` by `subclass of`; level shifts affect the whole branch, so review by hand"
"data/structures.wdkb","ontology","level-inst","error","needs-review","Q24034552","mathematical concept","Q23958852","variable-order class","","`instance of` whose value does not sit one metaclass level up","re-level one of the two items, or replace `instance of` by `subclass of`; level shifts affect the whole branch, so review by hand"
"data/structures.wdkb","ontology","level-inst","error","needs-review","Q24034552","mathematical concept","Q137429456","type of concept","","`instance of` whose value does not sit one metaclass level up","re-level one of the two items, or replace `instance of` by `subclass of`; level shifts affect the whole branch, so review by hand"
"data/structures.wdkb","ontology","level-inst","error","needs-review","Q11348","function","Q24034552","mathematical concept","","`instance of` whose value does not sit one metaclass level up","re-level one of the two items, or replace `instance of` by `subclass of`; level shifts affect the whole branch, so review by hand"
"data/structures.wdkb","ontology","level-inst","error","needs-review","Q66785817","mathematical terminology","Q137428550","type of terminology","","`instance of` whose value does not sit one metaclass level up","re-level one of the two items, or replace `instance of` by `subclass of`; level shifts affect the whole branch, so review by hand"
"data/structures.wdkb","ontology","level-inst","error","needs-review","Q748349","mathematical structure","Q111972893","type of structure","","`instance of` whose value does not sit one metaclass level up","re-level one of the two items, or replace `instance of` by `subclass of`; level shifts affect the whole branch, so review by hand"
"data/structures.wdkb","ontology","level-inst","error","needs-review","Q5358816","element","Q24034552","mathematical concept","","`instance of` whose value does not sit one metaclass level up","re-level one of the two items, or replace `instance of` by `subclass of`; level shifts affect the whole branch, so review by hand"
"data/structures.wdkb","ontology","level-inst","error","needs-review","Q4897819","role","Q124711104","BFO class","","`instance of` whose value does not sit one metaclass level up","re-level one of the two items, or replace `instance of` by `subclass of`; level shifts affect the whole branch, so review by hand"
"data/structures.wdkb","ontology","level-inst","error","needs-review","Q110403031","knowledge type","Q19478619","metaclass","","`instance of` whose value does not sit one metaclass level up","re-level one of the two items, or replace `instance of` by `subclass of`; level shifts affect the whole branch, so review by hand"
"data/structures.wdkb","ontology","level-inst","error","needs-review","Q21040055","aspect","Q4897819","role","","`instance of` whose value does not sit one metaclass level up","re-level one of the two items, or replace `instance of` by `subclass of`; level shifts affect the whole branch, so review by hand"
"data/structures.wdkb","ontology","level-inst","error","needs-review","Q108163","proposition","Q33104279","philosophical concept","","`instance of` whose value does not sit one metaclass level up","re-level one of the two items, or replace `instance of` by `subclass of`; level shifts affect the whole branch, so review by hand"
"data/structures.wdkb","ontology","level-inst","error","needs-review","Q20665666","conclusion","Q12812139","specialized term","","`instance of` whose value does not sit one metaclass level up","re-level one of the two items, or replace `instance of` by `subclass of`; level shifts affect the whole branch, so review by hand"
"data/structures.wdkb","ontology","level-inst","error","needs-review","Q20665666","conclusion","Q21481766","scholarly chapter","","`instance of` whose value does not sit one metaclass level up","re-level one of the two items, or replace `instance of` by `subclass of`; level shifts affect the whole branch, so review by hand"
"data/structures.wdkb","ontology","level-inst","error","needs-review","Q1272626","representation","Q96251598","type of object","","`instance of` whose value does not sit one metaclass level up","re-level one of the two items, or replace `instance of` by `subclass of`; level shifts affect the whole branch, so review by hand"
"data/structures.wdkb","ontology","level-inst","error","needs-review","Q21146257","type","Q19478619","metaclass","","`instance of` whose value does not sit one metaclass level up","re-level one of the two items, or replace `instance of` by `subclass of`; level shifts affect the whole branch, so review by hand"
"data/structures.wdkb","ontology","level-inst","error","needs-review","Q21146257","type","Q151885","concept","","`instance of` whose value does not sit one metaclass level up","re-level one of the two items, or replace `instance of` by `subclass of`; level shifts affect the whole branch, so review by hand"
"data/structures.wdkb","ontology","level-inst","error","needs-review","Q21146257","type","Q115490628","fundamental Wikidata entity","","`instance of` whose value does not sit one metaclass level up","re-level one of the two items, or replace `instance of` by `subclass of`; level shifts affect the whole branch, so review by hand"
"data/structures.wdkb","ontology","level-inst","error","needs-review","Q205464","algebraic structure","Q24034552","mathematical concept","","`instance of` whose value does not sit one metaclass level up","re-level one of the two items, or replace `instance of` by `subclass of`; level shifts affect the whole branch, so review by hand"
"data/structures.wdkb","ontology","level-inst","error","needs-review","Q6453739","primitive notion","Q15138389","Wikimedia article page","","`instance of` whose value does not sit one metaclass level up","re-level one of the two items, or replace `instance of` by `subclass of`; level shifts affect the whole branch, so review by hand"
"data/structures.wdkb","ontology","level-inst","error","needs-review","Q54938846","endorelation","Q130324710","type of relation","","`instance of` whose value does not sit one metaclass level up","re-level one of the two items, or replace `instance of` by `subclass of`; level shifts affect the whole branch, so review by hand"
"data/structures.wdkb","ontology","level-inst","error","needs-review","Q7048977","abstract entity","Q23958852","variable-order class","","`instance of` whose value does not sit one metaclass level up","re-level one of the two items, or replace `instance of` by `subclass of`; level shifts affect the whole branch, so review by hand"
"data/structures.wdkb","ontology","level-inst","error","needs-review","Q7048977","abstract entity","Q96251598","type of object","","`instance of` whose value does not sit one metaclass level up","re-level one of the two items, or replace `instance of` by `subclass of`; level shifts affect the whole branch, so review by hand"
"data/structures.wdkb","ontology","level-inst","error","needs-review","Q19478619","metaclass","Q151885","concept","","`instance of` whose value does not sit one metaclass level up","re-level one of the two items, or replace `instance of` by `subclass of`; level shifts affect the whole branch, so review by hand"
"data/structures.wdkb","ontology","level-inst","error","needs-review","Q19478619","metaclass","Q19868531","formal ontology concept","","`instance of` whose value does not sit one metaclass level up","re-level one of the two items, or replace `instance of` by `subclass of`; level shifts affect the whole branch, so review by hand"
"data/structures.wdkb","ontology","level-inst","error","needs-review","Q714737","category of being","Q33104279","philosophical concept","","`instance of` whose value does not sit one metaclass level up","re-level one of the two items, or replace `instance of` by `subclass of`; level shifts affect the whole branch, so review by hand"
"data/structures.wdkb","ontology","level-inst","error","needs-review","Q111972893","type of structure","Q23958852","variable-order class","","`instance of` whose value does not sit one metaclass level up","re-level one of the two items, or replace `instance of` by `subclass of`; level shifts affect the whole branch, so review by hand"
"data/structures.wdkb","ontology","level-inst","error","needs-review","Q23958852","variable-order class","Q23958852","variable-order class","","`instance of` whose value does not sit one metaclass level up","re-level one of the two items, or replace `instance of` by `subclass of`; level shifts affect the whole branch, so review by hand"
"data/structures.wdkb","ontology","level-inst","error","needs-review","Q130901","binary relation","Q130324710","type of relation","","`instance of` whose value does not sit one metaclass level up","re-level one of the two items, or replace `instance of` by `subclass of`; level shifts affect the whole branch, so review by hand"
"data/structures.wdkb","ontology","level-inst","error","needs-review","Q246672","mathematical object","Q96251598","type of object","","`instance of` whose value does not sit one metaclass level up","re-level one of the two items, or replace `instance of` by `subclass of`; level shifts affect the whole branch, so review by hand"
"data/structures.wdkb","ontology","level-inst","error","needs-review","Q246672","mathematical object","Q24034552","mathematical concept","","`instance of` whose value does not sit one metaclass level up","re-level one of the two items, or replace `instance of` by `subclass of`; level shifts affect the whole branch, so review by hand"
"data/structures.wdkb","ontology","level-inst","error","needs-review","Q246672","mathematical object","Q106411346","characterization","","`instance of` whose value does not sit one metaclass level up","re-level one of the two items, or replace `instance of` by `subclass of`; level shifts affect the whole branch, so review by hand"
"data/technology.wdkb","ontology","level-inst","error","needs-review","Q7397","software","Q63981612","product category","","`instance of` whose value does not sit one metaclass level up","re-level one of the two items, or replace `instance of` by `subclass of`; level shifts affect the whole branch, so review by hand"
"data/technology.wdkb","ontology","level-inst","error","needs-review","Q7397","software","Q123588392","type of tool","","`instance of` whose value does not sit one metaclass level up","re-level one of the two items, or replace `instance of` by `subclass of`; level shifts affect the whole branch, so review by hand"
"data/technology.wdkb","ontology","level-inst","error","needs-review","Q68","computer","Q12579633","invention","","`instance of` whose value does not sit one metaclass level up","re-level one of the two items, or replace `instance of` by `subclass of`; level shifts affect the whole branch, so review by hand"
"data/technology.wdkb","ontology","level-inst","error","needs-review","Q68","computer","Q11019","machine","","`instance of` whose value does not sit one metaclass level up","re-level one of the two items, or replace `instance of` by `subclass of`; level shifts affect the whole branch, so review by hand"
"data/technology.wdkb","ontology","level-inst","error","needs-review","Q9143","programming language","Q66747126","computer science term","","`instance of` whose value does not sit one metaclass level up","re-level one of the two items, or replace `instance of` by `subclass of`; level shifts affect the whole branch, so review by hand"
"data/technology.wdkb","ontology","level-inst","error","needs-review","Q9143","programming language","Q137527772","type of computer language","","`instance of` whose value does not sit one metaclass level up","re-level one of the two items, or replace `instance of` by `subclass of`; level shifts affect the whole branch, so review by hand"
"data/technology.wdkb","ontology","level-inst","error","needs-review","Q28865","Python","Q899523","object-based language","","`instance of` whose value does not sit one metaclass level up","re-level one of the two items, or replace `instance of` by `subclass of`; level shifts affect the whole branch, so review by hand"
"data/technology.wdkb","ontology","level-inst","error","needs-review","Q28865","Python","Q1268980","dynamic programming language","","`instance of` whose value does not sit one metaclass level up","re-level one of the two items, or replace `instance of` by `subclass of`; level shifts affect the whole branch, so review by hand"
"data/technology.wdkb","ontology","level-inst","error","needs-review","Q28865","Python","Q3839507","functional programming language","","`instance of` whose value does not sit one metaclass level up","re-level one of the two items, or replace `instance of` by `subclass of`; level shifts affect the whole branch, so review by hand"
"data/technology.wdkb","ontology","level-inst","error","needs-review","Q28865","Python","Q187432","scripting language","","`instance of` whose value does not sit one metaclass level up","re-level one of the two items, or replace `instance of` by `subclass of`; level shifts affect the whole branch, so review by hand"
"data/technology.wdkb","ontology","level-inst","error","needs-review","Q28865","Python","Q12772052","multi-paradigm programming language","","`instance of` whose value does not sit one metaclass level up","re-level one of the two items, or replace `instance of` by `subclass of`; level shifts affect the whole branch, so review by hand"
"data/technology.wdkb","ontology","level-inst","error","needs-review","Q28865","Python","Q21562092","imperative programming language","","`instance of` whose value does not sit one metaclass level up","re-level one of the two items, or replace `instance of` by `subclass of`; level shifts affect the whole branch, so review by hand"
"data/technology.wdkb","ontology","level-inst","error","needs-review","Q28865","Python","Q1993334","interpreted language","","`instance of` whose value does not sit one metaclass level up","re-level one of the two items, or replace `instance of` by `subclass of`; level shifts affect the whole branch, so review by hand"
"data/technology.wdkb","ontology","level-inst","error","needs-review","Q28865","Python","Q211496","high-level programming language","","`instance of` whose value does not sit one metaclass level up","re-level one of the two items, or replace `instance of` by `subclass of`; level shifts affect the whole branch, so review by hand"
"data/technology.wdkb","ontology","level-inst","error","needs-review","Q28865","Python","Q9143","programming language","","`instance of` whose value does not sit one metaclass level up","re-level one of the two items, or replace `instance of` by `subclass of`; level shifts affect the whole branch, so review by hand"
"data/technology.wdkb","ontology","level-inst","error","needs-review","Q28865","Python","Q1004415","run-time system","","`instance of` whose value does not sit one metaclass level up","re-level one of the two items, or replace `instance of` by `subclass of`; level shifts affect the whole branch, so review by hand"
"data/technology.wdkb","ontology","level-inst","error","needs-review","Q28865","Python","Q50843083","off-side rule language","","`instance of` whose value does not sit one metaclass level up","re-level one of the two items, or replace `instance of` by `subclass of`; level shifts affect the whole branch, so review by hand"
"data/technology.wdkb","ontology","level-inst","error","needs-review","Q28865","Python","Q28923017","strict programming language","","`instance of` whose value does not sit one metaclass level up","re-level one of the two items, or replace `instance of` by `subclass of`; level shifts affect the whole branch, so review by hand"
"data/technology.wdkb","ontology","level-inst","error","needs-review","Q28865","Python","Q1130645","open-source software","","`instance of` whose value does not sit one metaclass level up","re-level one of the two items, or replace `instance of` by `subclass of`; level shifts affect the whole branch, so review by hand"
"data/technology.wdkb","ontology","level-inst","error","needs-review","Q28865","Python","Q7397","software","","`instance of` whose value does not sit one metaclass level up","re-level one of the two items, or replace `instance of` by `subclass of`; level shifts affect the whole branch, so review by hand"
"data/technology.wdkb","ontology","level-inst","error","needs-review","Q11660","artificial intelligence","Q123370638","branch of computer science","","`instance of` whose value does not sit one metaclass level up","re-level one of the two items, or replace `instance of` by `subclass of`; level shifts affect the whole branch, so review by hand"
"data/technology.wdkb","ontology","level-inst","error","needs-review","Q80006","computer programming","Q11862829","academic discipline","","`instance of` whose value does not sit one metaclass level up","re-level one of the two items, or replace `instance of` by `subclass of`; level shifts affect the whole branch, so review by hand"
"data/technology.wdkb","ontology","level-inst","error","needs-review","Q80006","computer programming","Q4671286","academic major","","`instance of` whose value does not sit one metaclass level up","re-level one of the two items, or replace `instance of` by `subclass of`; level shifts affect the whole branch, so review by hand"
"data/technology.wdkb","ontology","level-inst","error","needs-review","Q80006","computer programming","Q66747126","computer science term","","`instance of` whose value does not sit one metaclass level up","re-level one of the two items, or replace `instance of` by `subclass of`; level shifts affect the whole branch, so review by hand"
"data/technology.wdkb","ontology","level-inst","error","needs-review","Q17537576","creative work","Q133449656","type of work","","`instance of` whose value does not sit one metaclass level up","re-level one of the two items, or replace `instance of` by `subclass of`; level shifts affect the whole branch, so review by hand"
"data/technology.wdkb","ontology","level-inst","error","needs-review","Q47461344","written work","Q133449656","type of work","","`instance of` whose value does not sit one metaclass level up","re-level one of the two items, or replace `instance of` by `subclass of`; level shifts affect the whole branch, so review by hand"
"data/technology.wdkb","ontology","level-inst","error","needs-review","Q12774177","means","Q106411346","characterization","","`instance of` whose value does not sit one metaclass level up","re-level one of the two items, or replace `instance of` by `subclass of`; level shifts affect the whole branch, so review by hand"
"data/technology.wdkb","ontology","level-inst","error","needs-review","Q2424752","product","Q96251598","type of object","","`instance of` whose value does not sit one metaclass level up","re-level one of the two items, or replace `instance of` by `subclass of`; level shifts affect the whole branch, so review by hand"
"data/technology.wdkb","ontology","level-inst","error","needs-review","Q63981612","product category","Q29028649","economic concept","","`instance of` whose value does not sit one metaclass level up","re-level one of the two items, or replace `instance of` by `subclass of`; level shifts affect the whole branch, so review by hand"
"data/technology.wdkb","ontology","level-inst","error","needs-review","Q11019","machine","Q96116695","type of system","","`instance of` whose value does not sit one metaclass level up","re-level one of the two items, or replace `instance of` by `subclass of`; level shifts affect the whole branch, so review by hand"
"data/technology.wdkb","ontology","level-inst","error","needs-review","Q629206","computer language","Q20829075","type of language","","`instance of` whose value does not sit one metaclass level up","re-level one of the two items, or replace `instance of` by `subclass of`; level shifts affect the whole branch, so review by hand"
"data/technology.wdkb","ontology","level-inst","error","needs-review","Q137527772","type of computer language","Q24017414","second-order class","","`instance of` whose value does not sit one metaclass level up","re-level one of the two items, or replace `instance of` by `subclass of`; level shifts affect the whole branch, so review by hand"
"data/technology.wdkb","ontology","level-inst","error","needs-review","Q899523","object-based language","Q116481801","type of programming language","","`instance of` whose value does not sit one metaclass level up","re-level one of the two items, or replace `instance of` by `subclass of`; level shifts affect the whole branch, so review by hand"
"data/technology.wdkb","ontology","level-inst","error","needs-review","Q3839507","functional programming language","Q116481801","type of programming language","","`instance of` whose value does not sit one metaclass level up","re-level one of the two items, or replace `instance of` by `subclass of`; level shifts affect the whole branch, so review by hand"
"data/technology.wdkb","ontology","level-inst","error","needs-review","Q3839507","functional programming language","Q11862829","academic discipline","","`instance of` whose value does not sit one metaclass level up","re-level one of the two items, or replace `instance of` by `subclass of`; level shifts affect the whole branch, so review by hand"
"data/technology.wdkb","ontology","level-inst","error","needs-review","Q3839507","functional programming language","Q1047113","field of study","","`instance of` whose value does not sit one metaclass level up","re-level one of the two items, or replace `instance of` by `subclass of`; level shifts affect the whole branch, so review by hand"
"data/technology.wdkb","ontology","level-inst","error","needs-review","Q3839507","functional programming language","Q2267705","field of study","","`instance of` whose value does not sit one metaclass level up","re-level one of the two items, or replace `instance of` by `subclass of`; level shifts affect the whole branch, so review by hand"
"data/technology.wdkb","ontology","level-inst","error","needs-review","Q187432","scripting language","Q116481801","type of programming language","","`instance of` whose value does not sit one metaclass level up","re-level one of the two items, or replace `instance of` by `subclass of`; level shifts affect the whole branch, so review by hand"
"data/technology.wdkb","ontology","level-inst","error","needs-review","Q12772052","multi-paradigm programming language","Q116481801","type of programming language","","`instance of` whose value does not sit one metaclass level up","re-level one of the two items, or replace `instance of` by `subclass of`; level shifts affect the whole branch, so review by hand"
"data/technology.wdkb","ontology","level-inst","error","needs-review","Q21562092","imperative programming language","Q116481801","type of programming language","","`instance of` whose value does not sit one metaclass level up","re-level one of the two items, or replace `instance of` by `subclass of`; level shifts affect the whole branch, so review by hand"
"data/technology.wdkb","ontology","level-inst","error","needs-review","Q1993334","interpreted language","Q116481801","type of programming language","","`instance of` whose value does not sit one metaclass level up","re-level one of the two items, or replace `instance of` by `subclass of`; level shifts affect the whole branch, so review by hand"
"data/technology.wdkb","ontology","level-inst","error","needs-review","Q211496","high-level programming language","Q116481801","type of programming language","","`instance of` whose value does not sit one metaclass level up","re-level one of the two items, or replace `instance of` by `subclass of`; level shifts affect the whole branch, so review by hand"
"data/technology.wdkb","ontology","level-inst","error","needs-review","Q1004415","run-time system","Q96116695","type of system","","`instance of` whose value does not sit one metaclass level up","re-level one of the two items, or replace `instance of` by `subclass of`; level shifts affect the whole branch, so review by hand"
"data/technology.wdkb","ontology","level-inst","error","needs-review","Q21198","computer science","Q11862829","academic discipline","","`instance of` whose value does not sit one metaclass level up","re-level one of the two items, or replace `instance of` by `subclass of`; level shifts affect the whole branch, so review by hand"
"data/technology.wdkb","ontology","level-inst","error","needs-review","Q21198","computer science","Q4671286","academic major","","`instance of` whose value does not sit one metaclass level up","re-level one of the two items, or replace `instance of` by `subclass of`; level shifts affect the whole branch, so review by hand"
"data/technology.wdkb","ontology","level-inst","error","needs-review","Q120208","emerging technology","Q112057532","type of technology","","`instance of` whose value does not sit one metaclass level up","re-level one of the two items, or replace `instance of` by `subclass of`; level shifts affect the whole branch, so review by hand"
"data/technology.wdkb","ontology","level-inst","error","needs-review","Q123370638","branch of computer science","Q24017414","second-order class","","`instance of` whose value does not sit one metaclass level up","re-level one of the two items, or replace `instance of` by `subclass of`; level shifts affect the whole branch, so review by hand"
"data/technology.wdkb","ontology","level-inst","error","needs-review","Q1914636","activity","Q116505632","type of process","","`instance of` whose value does not sit one metaclass level up","re-level one of the two items, or replace `instance of` by `subclass of`; level shifts affect the whole branch, so review by hand"
"data/technology.wdkb","ontology","level-inst","error","needs-review","Q205961","skill","Q110403031","knowledge type","","`instance of` whose value does not sit one metaclass level up","re-level one of the two items, or replace `instance of` by `subclass of`; level shifts affect the whole branch, so review by hand"
"data/technology.wdkb","ontology","level-inst","error","needs-review","Q937228","property","Q714737","category of being","","`instance of` whose value does not sit one metaclass level up","re-level one of the two items, or replace `instance of` by `subclass of`; level shifts affect the whole branch, so review by hand"
"data/technology.wdkb","ontology","level-inst","error","needs-review","Q488383","object","Q115471117","self-depicting entity","","`instance of` whose value does not sit one metaclass level up","re-level one of the two items, or replace `instance of` by `subclass of`; level shifts affect the whole branch, so review by hand"
"data/technology.wdkb","ontology","level-inst","error","needs-review","Q96251598","type of object","Q23958852","variable-order class","","`instance of` whose value does not sit one metaclass level up","re-level one of the two items, or replace `instance of` by `subclass of`; level shifts affect the whole branch, so review by hand"
"data/technology.wdkb","ontology","level-inst","error","needs-review","Q96251598","type of object","Q151885","concept","","`instance of` whose value does not sit one metaclass level up","re-level one of the two items, or replace `instance of` by `subclass of`; level shifts affect the whole branch, so review by hand"
"data/technology.wdkb","ontology","level-inst","error","needs-review","Q96251598","type of object","Q21146257","type","","`instance of` whose value does not sit one metaclass level up","re-level one of the two items, or replace `instance of` by `subclass of`; level shifts affect the whole branch, so review by hand"
"data/technology.wdkb","ontology","level-inst","error","needs-review","Q994895","technical system","Q96116695","type of system","","`instance of` whose value does not sit one metaclass level up","re-level one of the two items, or replace `instance of` by `subclass of`; level shifts affect the whole branch, so review by hand"
"data/technology.wdkb","ontology","level-inst","error","needs-review","Q115095765","location","Q104086571","first-order class","","`instance of` whose value does not sit one metaclass level up","re-level one of the two items, or replace `instance of` by `subclass of`; level shifts affect the whole branch, so review by hand"
"data/technology.wdkb","ontology","level-inst","error","needs-review","Q121182","information system","Q96116695","type of system","","`instance of` whose value does not sit one metaclass level up","re-level one of the two items, or replace `instance of` by `subclass of`; level shifts affect the whole branch, so review by hand"
"data/technology.wdkb","ontology","level-inst","error","needs-review","Q1183543","device","Q96251598","type of object","","`instance of` whose value does not sit one metaclass level up","re-level one of the two items, or replace `instance of` by `subclass of`; level shifts affect the whole branch, so review by hand"
"data/technology.wdkb","ontology","level-inst","error","needs-review","Q104086571","first-order class","Q24017414","second-order class","","`instance of` whose value does not sit one metaclass level up","re-level one of the two items, or replace `instance of` by `subclass of`; level shifts affect the whole branch, so review by hand"
"data/technology.wdkb","ontology","level-inst","error","needs-review","Q192161","formal language","Q66664364","linguistic term","","`instance of` whose value does not sit one metaclass level up","re-level one of the two items, or replace `instance of` by `subclass of`; level shifts affect the whole branch, so review by hand"
"data/technology.wdkb","ontology","level-inst","error","needs-review","Q192161","formal language","Q66747126","computer science term","","`instance of` whose value does not sit one metaclass level up","re-level one of the two items, or replace `instance of` by `subclass of`; level shifts affect the whole branch, so review by hand"
"data/technology.wdkb","ontology","level-inst","error","needs-review","Q192161","formal language","Q20829075","type of language","","`instance of` whose value does not sit one metaclass level up","re-level one of the two items, or replace `instance of` by `subclass of`; level shifts affect the whole branch, so review by hand"
"data/technology.wdkb","ontology","level-inst","error","needs-review","Q20829075","type of language","Q19478619","metaclass","","`instance of` whose value does not sit one metaclass level up","re-level one of the two items, or replace `instance of` by `subclass of`; level shifts affect the whole branch, so review by hand"
"data/technology.wdkb","ontology","level-inst","error","needs-review","Q1200992","abstraction layer","Q16889133","class","","`instance of` whose value does not sit one metaclass level up","re-level one of the two items, or replace `instance of` by `subclass of`; level shifts affect the whole branch, so review by hand"
"data/technology.wdkb","ontology","level-inst","error","needs-review","Q11016","technology","Q268592","industry","","`instance of` whose value does not sit one metaclass level up","re-level one of the two items, or replace `instance of` by `subclass of`; level shifts affect the whole branch, so review by hand"
"data/technology.wdkb","ontology","level-inst","error","needs-review","Q1799072","method","Q1047113","field of study","","`instance of` whose value does not sit one metaclass level up","re-level one of the two items, or replace `instance of` by `subclass of`; level shifts affect the whole branch, so review by hand"
"data/technology.wdkb","ontology","level-inst","error","needs-review","Q1799072","method","Q2267705","field of study","","`instance of` whose value does not sit one metaclass level up","re-level one of the two items, or replace `instance of` by `subclass of`; level shifts affect the whole branch, so review by hand"
"data/technology.wdkb","ontology","level-inst","error","needs-review","Q24017414","second-order class","Q24017465","third-order class","","`instance of` whose value does not sit one metaclass level up","re-level one of the two items, or replace `instance of` by `subclass of`; level shifts affect the whole branch, so review by hand"
"data/technology.wdkb","ontology","level-inst","error","needs-review","Q21146257","type","Q19478619","metaclass","","`instance of` whose value does not sit one metaclass level up","re-level one of the two items, or replace `instance of` by `subclass of`; level shifts affect the whole branch, so review by hand"
"data/technology.wdkb","ontology","level-inst","error","needs-review","Q21146257","type","Q151885","concept","","`instance of` whose value does not sit one metaclass level up","re-level one of the two items, or replace `instance of` by `subclass of`; level shifts affect the whole branch, so review by hand"
"data/technology.wdkb","ontology","level-inst","error","needs-review","Q21146257","type","Q115490628","fundamental Wikidata entity","","`instance of` whose value does not sit one metaclass level up","re-level one of the two items, or replace `instance of` by `subclass of`; level shifts affect the whole branch, so review by hand"
"data/technology.wdkb","ontology","level-inst","error","needs-review","Q110403031","knowledge type","Q19478619","metaclass","","`instance of` whose value does not sit one metaclass level up","re-level one of the two items, or replace `instance of` by `subclass of`; level shifts affect the whole branch, so review by hand"
"data/technology.wdkb","ontology","level-inst","error","needs-review","Q110403031","knowledge type","Q24017414","second-order class","","`instance of` whose value does not sit one metaclass level up","re-level one of the two items, or replace `instance of` by `subclass of`; level shifts affect the whole branch, so review by hand"
"data/technology.wdkb","ontology","level-inst","error","needs-review","Q1047113","field of study","Q110402867","knowledge classification","","`instance of` whose value does not sit one metaclass level up","re-level one of the two items, or replace `instance of` by `subclass of`; level shifts affect the whole branch, so review by hand"
"data/technology.wdkb","ontology","level-inst","error","needs-review","Q110402867","knowledge classification","Q121344523","type of classification","","`instance of` whose value does not sit one metaclass level up","re-level one of the two items, or replace `instance of` by `subclass of`; level shifts affect the whole branch, so review by hand"
"data/technology.wdkb","ontology","level-inst","error","needs-review","Q151885","concept","Q23958852","variable-order class","","`instance of` whose value does not sit one metaclass level up","re-level one of the two items, or replace `instance of` by `subclass of`; level shifts affect the whole branch, so review by hand"
"data/technology.wdkb","ontology","level-inst","error","needs-review","Q19478619","metaclass","Q151885","concept","","`instance of` whose value does not sit one metaclass level up","re-level one of the two items, or replace `instance of` by `subclass of`; level shifts affect the whole branch, so review by hand"
"data/technology.wdkb","ontology","level-inst","error","needs-review","Q19478619","metaclass","Q19868531","formal ontology concept","","`instance of` whose value does not sit one metaclass level up","re-level one of the two items, or replace `instance of` by `subclass of`; level shifts affect the whole branch, so review by hand"
"data/technology.wdkb","ontology","level-inst","error","needs-review","Q137426749","type of term","Q24017414","second-order class","","`instance of` whose value does not sit one metaclass level up","re-level one of the two items, or replace `instance of` by `subclass of`; level shifts affect the whole branch, so review by hand"
"data/technology.wdkb","ontology","level-inst","error","needs-review","Q137429456","type of concept","Q19478619","metaclass","","`instance of` whose value does not sit one metaclass level up","re-level one of the two items, or replace `instance of` by `subclass of`; level shifts affect the whole branch, so review by hand"
"data/theories.wdkb","ontology","level-inst","error","needs-review","Q42989","topology","Q1936384","branch of mathematics","","`instance of` whose value does not sit one metaclass level up","re-level one of the two items, or replace `instance of` by `subclass of`; level shifts affect the whole branch, so review by hand"
"data/theories.wdkb","ontology","level-inst","error","needs-review","Q1062242","Grothendieck topology","Q24034552","mathematical concept","","`instance of` whose value does not sit one metaclass level up","re-level one of the two items, or replace `instance of` by `subclass of`; level shifts affect the whole branch, so review by hand"
"data/theories.wdkb","ontology","level-inst","error","needs-review","Q217413","category theory","Q1936384","branch of mathematics","","`instance of` whose value does not sit one metaclass level up","re-level one of the two items, or replace `instance of` by `subclass of`; level shifts affect the whole branch, so review by hand"
"data/theories.wdkb","ontology","level-inst","error","needs-review","Q903820","field theory","Q20026918","mathematical theory","","`instance of` whose value does not sit one metaclass level up","re-level one of the two items, or replace `instance of` by `subclass of`; level shifts affect the whole branch, so review by hand"
"data/theories.wdkb","ontology","level-inst","error","needs-review","Q903820","field theory","Q2465832","branch of science","","`instance of` whose value does not sit one metaclass level up","re-level one of the two items, or replace `instance of` by `subclass of`; level shifts affect the whole branch, so review by hand"
"data/theories.wdkb","ontology","level-inst","error","needs-review","Q874429","group theory","Q1936384","branch of mathematics","","`instance of` whose value does not sit one metaclass level up","re-level one of the two items, or replace `instance of` by `subclass of`; level shifts affect the whole branch, so review by hand"
"data/theories.wdkb","ontology","level-inst","error","needs-review","Q179899","topological space","Q24034552","mathematical concept","","`instance of` whose value does not sit one metaclass level up","re-level one of the two items, or replace `instance of` by `subclass of`; level shifts affect the whole branch, so review by hand"
"data/theories.wdkb","ontology","level-inst","error","needs-review","Q170058","continuous function","Q47279819","type of mathematical function","","`instance of` whose value does not sit one metaclass level up","re-level one of the two items, or replace `instance of` by `subclass of`; level shifts affect the whole branch, so review by hand"
"data/theories.wdkb","ontology","level-inst","error","needs-review","Q213363","open set","Q138665581","type of set","","`instance of` whose value does not sit one metaclass level up","re-level one of the two items, or replace `instance of` by `subclass of`; level shifts affect the whole branch, so review by hand"
"data/theories.wdkb","ontology","level-inst","error","needs-review","Q83478","group","Q24034552","mathematical concept","","`instance of` whose value does not sit one metaclass level up","re-level one of the two items, or replace `instance of` by `subclass of`; level shifts affect the whole branch, so review by hand"
"data/theories.wdkb","ontology","level-inst","error","needs-review","Q5513324","F₂","Q603880","finite field","","`instance of` whose value does not sit one metaclass level up","re-level one of the two items, or replace `instance of` by `subclass of`; level shifts affect the whole branch, so review by hand"
"data/theories.wdkb","ontology","level-inst","error","needs-review","Q5513324","F₂","Q2146022","ring of integers modulo n","","`instance of` whose value does not sit one metaclass level up","re-level one of the two items, or replace `instance of` by `subclass of`; level shifts affect the whole branch, so review by hand"
"data/theories.wdkb","ontology","level-inst","error","needs-review","Q246672","mathematical object","Q106411346","characterization","","`instance of` whose value does not sit one metaclass level up","re-level one of the two items, or replace `instance of` by `subclass of`; level shifts affect the whole branch, so review by hand"
"data/theories.wdkb","ontology","level-inst","error","needs-review","Q1056428","type theory","Q1936384","branch of mathematics","","`instance of` whose value does not sit one metaclass level up","re-level one of the two items, or replace `instance of` by `subclass of`; level shifts affect the whole branch, so review by hand"
"data/theories.wdkb","ontology","level-inst","error","needs-review","Q2465832","branch of science","Q110402867","knowledge classification","","`instance of` whose value does not sit one metaclass level up","re-level one of the two items, or replace `instance of` by `subclass of`; level shifts affect the whole branch, so review by hand"
"data/theories.wdkb","ontology","level-inst","error","needs-review","Q395","mathematics","Q11862829","academic discipline","","`instance of` whose value does not sit one metaclass level up","re-level one of the two items, or replace `instance of` by `subclass of`; level shifts affect the whole branch, so review by hand"
"data/theories.wdkb","ontology","level-inst","error","needs-review","Q395","mathematics","Q4671286","academic major","","`instance of` whose value does not sit one metaclass level up","re-level one of the two items, or replace `instance of` by `subclass of`; level shifts affect the whole branch, so review by hand"
"data/theories.wdkb","ontology","level-inst","error","needs-review","Q1936384","branch of mathematics","Q24017414","second-order class","","`instance of` whose value does not sit one metaclass level up","re-level one of the two items, or replace `instance of` by `subclass of`; level shifts affect the whole branch, so review by hand"
"data/theories.wdkb","ontology","level-inst","error","needs-review","Q1936384","branch of mathematics","Q5962346","classification scheme","","`instance of` whose value does not sit one metaclass level up","re-level one of the two items, or replace `instance of` by `subclass of`; level shifts affect the whole branch, so review by hand"
"data/theories.wdkb","ontology","level-inst","error","needs-review","Q1936384","branch of mathematics","Q109542218","class of parts","","`instance of` whose value does not sit one metaclass level up","re-level one of the two items, or replace `instance of` by `subclass of`; level shifts affect the whole branch, so review by hand"
"data/theories.wdkb","ontology","level-inst","error","needs-review","Q20026918","mathematical theory","Q24034552","mathematical concept","","`instance of` whose value does not sit one metaclass level up","re-level one of the two items, or replace `instance of` by `subclass of`; level shifts affect the whole branch, so review by hand"
"data/theories.wdkb","ontology","level-inst","error","needs-review","Q748349","mathematical structure","Q111972893","type of structure","","`instance of` whose value does not sit one metaclass level up","re-level one of the two items, or replace `instance of` by `subclass of`; level shifts affect the whole branch, so review by hand"
"data/theories.wdkb","ontology","level-inst","error","needs-review","Q47279819","type of mathematical function","Q24017414","second-order class","","`instance of` whose value does not sit one metaclass level up","re-level one of the two items, or replace `instance of` by `subclass of`; level shifts affect the whole branch, so review by hand"
"data/theories.wdkb","ontology","level-inst","error","needs-review","Q138665581","type of set","Q24017414","second-order class","","`instance of` whose value does not sit one metaclass level up","re-level one of the two items, or replace `instance of` by `subclass of`; level shifts affect the whole branch, so review by hand"
"data/theories.wdkb","ontology","level-inst","error","needs-review","Q6918890","Moufang loop","Q24034552","mathematical concept","","`instance of` whose value does not sit one metaclass level up","re-level one of the two items, or replace `instance of` by `subclass of`; level shifts affect the whole branch, so review by hand"
"data/theories.wdkb","ontology","level-inst","error","needs-review","Q205464","algebraic structure","Q24034552","mathematical concept","","`instance of` whose value does not sit one metaclass level up","re-level one of the two items, or replace `instance of` by `subclass of`; level shifts affect the whole branch, so review by hand"
"data/theories.wdkb","ontology","level-inst","error","needs-review","Q24034552","mathematical concept","Q23958852","variable-order class","","`instance of` whose value does not sit one metaclass level up","re-level one of the two items, or replace `instance of` by `subclass of`; level shifts affect the whole branch, so review by hand"
"data/theories.wdkb","ontology","level-inst","error","needs-review","Q24034552","mathematical concept","Q137429456","type of concept","","`instance of` whose value does not sit one metaclass level up","re-level one of the two items, or replace `instance of` by `subclass of`; level shifts affect the whole branch, so review by hand"
"data/theories.wdkb","ontology","level-inst","error","needs-review","Q215111","homomorphism","Q24034552","mathematical concept","","`instance of` whose value does not sit one metaclass level up","re-level one of the two items, or replace `instance of` by `subclass of`; level shifts affect the whole branch, so review by hand"
"data/theories.wdkb","ontology","level-inst","error","needs-review","Q713084","artinian ring","Q24034552","mathematical concept","","`instance of` whose value does not sit one metaclass level up","re-level one of the two items, or replace `instance of` by `subclass of`; level shifts affect the whole branch, so review by hand"
"data/theories.wdkb","ontology","level-inst","error","needs-review","Q21406562","field","Q66786238","mathematical term","","`instance of` whose value does not sit one metaclass level up","re-level one of the two items, or replace `instance of` by `subclass of`; level shifts affect the whole branch, so review by hand"
"data/theories.wdkb","ontology","level-inst","error","needs-review","Q11348","function","Q24034552","mathematical concept","","`instance of` whose value does not sit one metaclass level up","re-level one of the two items, or replace `instance of` by `subclass of`; level shifts affect the whole branch, so review by hand"
"data/theories.wdkb","ontology","level-inst","error","needs-review","Q488383","object","Q23958852","variable-order class","","`instance of` whose value does not sit one metaclass level up","re-level one of the two items, or replace `instance of` by `subclass of`; level shifts affect the whole branch, so review by hand"
"data/theories.wdkb","ontology","level-inst","error","needs-review","Q488383","object","Q151885","concept","","`instance of` whose value does not sit one metaclass level up","re-level one of the two items, or replace `instance of` by `subclass of`; level shifts affect the whole branch, so review by hand"
"data/theories.wdkb","ontology","level-inst","error","needs-review","Q488383","object","Q115471117","self-depicting entity","","`instance of` whose value does not sit one metaclass level up","re-level one of the two items, or replace `instance of` by `subclass of`; level shifts affect the whole branch, so review by hand"
"data/theories.wdkb","ontology","level-inst","error","needs-review","Q96251598","type of object","Q23958852","variable-order class","","`instance of` whose value does not sit one metaclass level up","re-level one of the two items, or replace `instance of` by `subclass of`; level shifts affect the whole branch, so review by hand"
"data/theories.wdkb","ontology","level-inst","error","needs-review","Q3622126","conceptual system","Q96116695","type of system","","`instance of` whose value does not sit one metaclass level up","re-level one of the two items, or replace `instance of` by `subclass of`; level shifts affect the whole branch, so review by hand"
"data/theories.wdkb","ontology","level-inst","error","needs-review","Q96116695","type of system","Q23958852","variable-order class","","`instance of` whose value does not sit one metaclass level up","re-level one of the two items, or replace `instance of` by `subclass of`; level shifts affect the whole branch, so review by hand"
"data/theories.wdkb","ontology","level-inst","error","needs-review","Q110402867","knowledge classification","Q121344523","type of classification","","`instance of` whose value does not sit one metaclass level up","re-level one of the two items, or replace `instance of` by `subclass of`; level shifts affect the whole branch, so review by hand"
"data/theories.wdkb","ontology","level-inst","error","needs-review","Q7991","natural science","Q2465832","branch of science","","`instance of` whose value does not sit one metaclass level up","re-level one of the two items, or replace `instance of` by `subclass of`; level shifts affect the whole branch, so review by hand"
"data/theories.wdkb","ontology","level-inst","error","needs-review","Q7991","natural science","Q11862829","academic discipline","","`instance of` whose value does not sit one metaclass level up","re-level one of the two items, or replace `instance of` by `subclass of`; level shifts affect the whole branch, so review by hand"
"data/theories.wdkb","ontology","level-inst","error","needs-review","Q11862829","academic discipline","Q110402867","knowledge classification","","`instance of` whose value does not sit one metaclass level up","re-level one of the two items, or replace `instance of` by `subclass of`; level shifts affect the whole branch, so review by hand"
"data/theories.wdkb","ontology","level-inst","error","needs-review","Q5962346","classification scheme","Q23958852","variable-order class","","`instance of` whose value does not sit one metaclass level up","re-level one of the two items, or replace `instance of` by `subclass of`; level shifts affect the whole branch, so review by hand"
"data/theories.wdkb","ontology","level-inst","error","needs-review","Q109542218","class of parts","Q19478619","metaclass","","`instance of` whose value does not sit one metaclass level up","re-level one of the two items, or replace `instance of` by `subclass of`; level shifts affect the whole branch, so review by hand"
"data/theories.wdkb","ontology","level-inst","error","needs-review","Q111972893","type of structure","Q23958852","variable-order class","","`instance of` whose value does not sit one metaclass level up","re-level one of the two items, or replace `instance of` by `subclass of`; level shifts affect the whole branch, so review by hand"
"data/theories.wdkb","ontology","level-inst","error","needs-review","Q21146257","type","Q19478619","metaclass","","`instance of` whose value does not sit one metaclass level up","re-level one of the two items, or replace `instance of` by `subclass of`; level shifts affect the whole branch, so review by hand"
"data/theories.wdkb","ontology","level-inst","error","needs-review","Q21146257","type","Q151885","concept","","`instance of` whose value does not sit one metaclass level up","re-level one of the two items, or replace `instance of` by `subclass of`; level shifts affect the whole branch, so review by hand"
"data/theories.wdkb","ontology","level-inst","error","needs-review","Q21146257","type","Q115490628","fundamental Wikidata entity","","`instance of` whose value does not sit one metaclass level up","re-level one of the two items, or replace `instance of` by `subclass of`; level shifts affect the whole branch, so review by hand"
"data/theories.wdkb","ontology","level-inst","error","needs-review","Q24017414","second-order class","Q24017465","third-order class","","`instance of` whose value does not sit one metaclass level up","re-level one of the two items, or replace `instance of` by `subclass of`; level shifts affect the whole branch, so review by hand"
"data/theories.wdkb","ontology","level-inst","error","needs-review","Q1851710","structure (model theory)","Q111972893","type of structure","","`instance of` whose value does not sit one metaclass level up","re-level one of the two items, or replace `instance of` by `subclass of`; level shifts affect the whole branch, so review by hand"
"data/theories.wdkb","ontology","level-inst","error","needs-review","Q151885","concept","Q23958852","variable-order class","","`instance of` whose value does not sit one metaclass level up","re-level one of the two items, or replace `instance of` by `subclass of`; level shifts affect the whole branch, so review by hand"
"data/theories.wdkb","ontology","level-inst","error","needs-review","Q23958852","variable-order class","Q23958852","variable-order class","","`instance of` whose value does not sit one metaclass level up","re-level one of the two items, or replace `instance of` by `subclass of`; level shifts affect the whole branch, so review by hand"
"data/theories.wdkb","ontology","level-inst","error","needs-review","Q177646","subset","Q130901","binary relation","","`instance of` whose value does not sit one metaclass level up","re-level one of the two items, or replace `instance of` by `subclass of`; level shifts affect the whole branch, so review by hand"
"data/theories.wdkb","ontology","level-inst","error","needs-review","Q66786238","mathematical term","Q19478619","metaclass","","`instance of` whose value does not sit one metaclass level up","re-level one of the two items, or replace `instance of` by `subclass of`; level shifts affect the whole branch, so review by hand"
"data/theories.wdkb","ontology","level-inst","error","needs-review","Q130901","binary relation","Q130324710","type of relation","","`instance of` whose value does not sit one metaclass level up","re-level one of the two items, or replace `instance of` by `subclass of`; level shifts affect the whole branch, so review by hand"
"data/upper.wdkb","ontology","level-inst","error","needs-review","Q35120","entity","Q23958852","variable-order class","","`instance of` whose value does not sit one metaclass level up","re-level one of the two items, or replace `instance of` by `subclass of`; level shifts affect the whole branch, so review by hand"
"data/upper.wdkb","ontology","level-inst","error","needs-review","Q16889133","class","Q19478619","metaclass","","`instance of` whose value does not sit one metaclass level up","re-level one of the two items, or replace `instance of` by `subclass of`; level shifts affect the whole branch, so review by hand"
"data/upper.wdkb","ontology","level-inst","error","needs-review","Q16889133","class","Q151885","concept","","`instance of` whose value does not sit one metaclass level up","re-level one of the two items, or replace `instance of` by `subclass of`; level shifts affect the whole branch, so review by hand"
"data/upper.wdkb","ontology","level-inst","error","needs-review","Q16889133","class","Q115490628","fundamental Wikidata entity","","`instance of` whose value does not sit one metaclass level up","re-level one of the two items, or replace `instance of` by `subclass of`; level shifts affect the whole branch, so review by hand"
"data/upper.wdkb","ontology","level-inst","error","needs-review","Q19478619","metaclass","Q151885","concept","","`instance of` whose value does not sit one metaclass level up","re-level one of the two items, or replace `instance of` by `subclass of`; level shifts affect the whole branch, so review by hand"
"data/upper.wdkb","ontology","level-inst","error","needs-review","Q19478619","metaclass","Q19868531","formal ontology concept","","`instance of` whose value does not sit one metaclass level up","re-level one of the two items, or replace `instance of` by `subclass of`; level shifts affect the whole branch, so review by hand"
"data/upper.wdkb","ontology","level-inst","error","needs-review","Q24017414","second-order class","Q24017465","third-order class","","`instance of` whose value does not sit one metaclass level up","re-level one of the two items, or replace `instance of` by `subclass of`; level shifts affect the whole branch, so review by hand"
"data/upper.wdkb","ontology","level-inst","error","needs-review","Q24017465","third-order class","Q24027474","fourth-order class","","`instance of` whose value does not sit one metaclass level up","re-level one of the two items, or replace `instance of` by `subclass of`; level shifts affect the whole branch, so review by hand"
"data/upper.wdkb","ontology","level-inst","error","needs-review","Q104054982","ontological root","Q24017414","second-order class","","`instance of` whose value does not sit one metaclass level up","re-level one of the two items, or replace `instance of` by `subclass of`; level shifts affect the whole branch, so review by hand"
"data/upper.wdkb","ontology","level-inst","error","needs-review","Q23958946","individual entity","Q104086571","first-order class","","`instance of` whose value does not sit one metaclass level up","re-level one of the two items, or replace `instance of` by `subclass of`; level shifts affect the whole branch, so review by hand"
"data/upper.wdkb","ontology","level-inst","error","needs-review","Q99527517","collective entity","Q23958852","variable-order class","","`instance of` whose value does not sit one metaclass level up","re-level one of the two items, or replace `instance of` by `subclass of`; level shifts affect the whole branch, so review by hand"
"data/upper.wdkb","ontology","level-inst","error","needs-review","Q488383","object","Q23958852","variable-order class","","`instance of` whose value does not sit one metaclass level up","re-level one of the two items, or replace `instance of` by `subclass of`; level shifts affect the whole branch, so review by hand"
"data/upper.wdkb","ontology","level-inst","error","needs-review","Q488383","object","Q151885","concept","","`instance of` whose value does not sit one metaclass level up","re-level one of the two items, or replace `instance of` by `subclass of`; level shifts affect the whole branch, so review by hand"
"data/upper.wdkb","ontology","level-inst","error","needs-review","Q488383","object","Q115471117","self-depicting entity","","`instance of` whose value does not sit one metaclass level up","re-level one of the two items, or replace `instance of` by `subclass of`; level shifts affect the whole branch, so review by hand"
"data/upper.wdkb","ontology","level-inst","error","needs-review","Q4406616","concrete object","Q96251598","type of object","","`instance of` whose value does not sit one metaclass level up","re-level one of the two items, or replace `instance of` by `subclass of`; level shifts affect the whole branch, so review by hand"
"data/upper.wdkb","ontology","level-inst","error","needs-review","Q4406616","concrete object","Q104086571","first-order class","","`instance of` whose value does not sit one metaclass level up","re-level one of the two items, or replace `instance of` by `subclass of`; level shifts affect the whole branch, so review by hand"
"data/upper.wdkb","ontology","level-inst","error","needs-review","Q4406616","concrete object","Q33104279","philosophical concept","","`instance of` whose value does not sit one metaclass level up","re-level one of the two items, or replace `instance of` by `subclass of`; level shifts affect the whole branch, so review by hand"
"data/upper.wdkb","ontology","level-inst","error","needs-review","Q7048977","abstract entity","Q23958852","variable-order class","","`instance of` whose value does not sit one metaclass level up","re-level one of the two items, or replace `instance of` by `subclass of`; level shifts affect the whole branch, so review by hand"
"data/upper.wdkb","ontology","level-inst","error","needs-review","Q7048977","abstract entity","Q96251598","type of object","","`instance of` whose value does not sit one metaclass level up","re-level one of the two items, or replace `instance of` by `subclass of`; level shifts affect the whole branch, so review by hand"
"data/upper.wdkb","ontology","level-inst","error","needs-review","Q5127848","class","Q33104279","philosophical concept","","`instance of` whose value does not sit one metaclass level up","re-level one of the two items, or replace `instance of` by `subclass of`; level shifts affect the whole branch, so review by hand"
"data/upper.wdkb","ontology","level-inst","error","needs-review","Q23959932","fixed-order class","Q23958852","variable-order class","","`instance of` whose value does not sit one metaclass level up","re-level one of the two items, or replace `instance of` by `subclass of`; level shifts affect the whole branch, so review by hand"
"data/upper.wdkb","ontology","level-inst","error","needs-review","Q24027474","fourth-order class","Q24027515","fifth-order class","","`instance of` whose value does not sit one metaclass level up","re-level one of the two items, or replace `instance of` by `subclass of`; level shifts affect the whole branch, so review by hand"
"data/upper.wdkb","ontology","level-inst","error","needs-review","Q132907471","individual item","Q104086571","first-order class","","`instance of` whose value does not sit one metaclass level up","re-level one of the two items, or replace `instance of` by `subclass of`; level shifts affect the whole branch, so review by hand"
"data/upper.wdkb","ontology","level-inst","error","needs-review","Q104086571","first-order class","Q24017414","second-order class","","`instance of` whose value does not sit one metaclass level up","re-level one of the two items, or replace `instance of` by `subclass of`; level shifts affect the whole branch, so review by hand"
"data/upper.wdkb","ontology","level-inst","error","needs-review","Q33104279","philosophical concept","Q137429456","type of concept","","`instance of` whose value does not sit one metaclass level up","re-level one of the two items, or replace `instance of` by `subclass of`; level shifts affect the whole branch, so review by hand"
"data/upper.wdkb","ontology","level-inst","error","needs-review","Q23958852","variable-order class","Q23958852","variable-order class","","`instance of` whose value does not sit one metaclass level up","re-level one of the two items, or replace `instance of` by `subclass of`; level shifts affect the whole branch, so review by hand"
"data/upper.wdkb","ontology","level-inst","error","needs-review","Q96251598","type of object","Q23958852","variable-order class","","`instance of` whose value does not sit one metaclass level up","re-level one of the two items, or replace `instance of` by `subclass of`; level shifts affect the whole branch, so review by hand"
"data/upper.wdkb","ontology","level-inst","error","needs-review","Q96251598","type of object","Q21146257","type","","`instance of` whose value does not sit one metaclass level up","re-level one of the two items, or replace `instance of` by `subclass of`; level shifts affect the whole branch, so review by hand"
"data/upper.wdkb","ontology","level-inst","error","needs-review","Q32753077","Wikidata entity","Q19798651","wikibase data model possible value for a claim","","`instance of` whose value does not sit one metaclass level up","re-level one of the two items, or replace `instance of` by `subclass of`; level shifts affect the whole branch, so review by hand"
"data/upper.wdkb","ontology","level-inst","error","needs-review","Q24027515","fifth-order class","Q24027526","fixed-order class of higher order","","`instance of` whose value does not sit one metaclass level up","re-level one of the two items, or replace `instance of` by `subclass of`; level shifts affect the whole branch, so review by hand"
"data/upper.wdkb","ontology","level-inst","error","needs-review","Q1304193","node","Q77730568","graph theory term","","`instance of` whose value does not sit one metaclass level up","re-level one of the two items, or replace `instance of` by `subclass of`; level shifts affect the whole branch, so review by hand"
"data/upper.wdkb","ontology","level-inst","error","needs-review","Q7048977","abstract entity","Q23958852","variable-order class","","`instance of` whose value does not sit one metaclass level up","re-level one of the two items, or replace `instance of` by `subclass of`; level shifts affect the whole branch, so review by hand"
"data/upper.wdkb","ontology","level-inst","error","needs-review","Q7048977","abstract entity","Q96251598","type of object","","`instance of` whose value does not sit one metaclass level up","re-level one of the two items, or replace `instance of` by `subclass of`; level shifts affect the whole branch, so review by hand"
"data/upper.wdkb","ontology","level-inst","error","needs-review","Q1272626","representation","Q96251598","type of object","","`instance of` whose value does not sit one metaclass level up","re-level one of the two items, or replace `instance of` by `subclass of`; level shifts affect the whole branch, so review by hand"
"data/upper.wdkb","ontology","level-inst","error","needs-review","Q45025858","depicting object","Q96251598","type of object","","`instance of` whose value does not sit one metaclass level up","re-level one of the two items, or replace `instance of` by `subclass of`; level shifts affect the whole branch, so review by hand"
"data/vocabulary.wdkb","ontology","level-inst","error","needs-review","Q2013","Wikidata","Q33120876","Wikimedia content project","","`instance of` whose value does not sit one metaclass level up","re-level one of the two items, or replace `instance of` by `subclass of`; level shifts affect the whole branch, so review by hand"
"data/vocabulary.wdkb","ontology","level-inst","error","needs-review","Q2013","Wikidata","Q33002955","knowledge graph","","`instance of` whose value does not sit one metaclass level up","re-level one of the two items, or replace `instance of` by `subclass of`; level shifts affect the whole branch, so review by hand"
"data/vocabulary.wdkb","ontology","level-inst","error","needs-review","Q2013","Wikidata","Q593744","knowledge base","","`instance of` whose value does not sit one metaclass level up","re-level one of the two items, or replace `instance of` by `subclass of`; level shifts affect the whole branch, so review by hand"
"data/vocabulary.wdkb","ontology","level-inst","error","needs-review","Q2013","Wikidata","Q7094076","online database","","`instance of` whose value does not sit one metaclass level up","re-level one of the two items, or replace `instance of` by `subclass of`; level shifts affect the whole branch, so review by hand"
"data/vocabulary.wdkb","ontology","level-inst","error","needs-review","Q2013","Wikidata","Q638153","semantic wiki","","`instance of` whose value does not sit one metaclass level up","re-level one of the two items, or replace `instance of` by `subclass of`; level shifts affect the whole branch, so review by hand"
"data/vocabulary.wdkb","ontology","level-inst","error","needs-review","Q2013","Wikidata","Q115660447","Wikibase instance","","`instance of` whose value does not sit one metaclass level up","re-level one of the two items, or replace `instance of` by `subclass of`; level shifts affect the whole branch, so review by hand"
"data/vocabulary.wdkb","ontology","level-inst","error","needs-review","Q2013","Wikidata","Q136375263","Wikimedia multilingual project","","`instance of` whose value does not sit one metaclass level up","re-level one of the two items, or replace `instance of` by `subclass of`; level shifts affect the whole branch, so review by hand"
"data/vocabulary.wdkb","ontology","level-inst","error","needs-review","Q2013","Wikidata","Q36509592","wiki with script conversion","","`instance of` whose value does not sit one metaclass level up","re-level one of the two items, or replace `instance of` by `subclass of`; level shifts affect the whole branch, so review by hand"
"data/vocabulary.wdkb","ontology","level-inst","error","needs-review","Q2013","Wikidata","Q114955954","crowdsourced project","","`instance of` whose value does not sit one metaclass level up","re-level one of the two items, or replace `instance of` by `subclass of`; level shifts affect the whole branch, so review by hand"
"data/vocabulary.wdkb","ontology","level-inst","error","needs-review","Q2013","Wikidata","Q115471117","self-depicting entity","","`instance of` whose value does not sit one metaclass level up","re-level one of the two items, or replace `instance of` by `subclass of`; level shifts affect the whole branch, so review by hand"
"data/vocabulary.wdkb","ontology","level-inst","error","needs-review","Q2013","Wikidata","Q1293664","open content","","`instance of` whose value does not sit one metaclass level up","re-level one of the two items, or replace `instance of` by `subclass of`; level shifts affect the whole branch, so review by hand"
"data/vocabulary.wdkb","ontology","level-inst","error","needs-review","Q2013","Wikidata","Q1322494","sociotope","","`instance of` whose value does not sit one metaclass level up","re-level one of the two items, or replace `instance of` by `subclass of`; level shifts affect the whole branch, so review by hand"
"data/vocabulary.wdkb","ontology","level-inst","error","needs-review","Q11398","biological classification","Q121344523","type of classification","","`instance of` whose value does not sit one metaclass level up","re-level one of the two items, or replace `instance of` by `subclass of`; level shifts affect the whole branch, so review by hand"
"data/vocabulary.wdkb","ontology","level-inst","error","needs-review","Q31184","sibling","Q171318","kinship","","`instance of` whose value does not sit one metaclass level up","re-level one of the two items, or replace `instance of` by `subclass of`; level shifts affect the whole branch, so review by hand"
"data/vocabulary.wdkb","ontology","level-inst","error","needs-review","Q54872","Resource Description Framework","Q629206","computer language","","`instance of` whose value does not sit one metaclass level up","re-level one of the two items, or replace `instance of` by `subclass of`; level shifts affect the whole branch, so review by hand"
"data/vocabulary.wdkb","ontology","level-inst","error","needs-review","Q54872","Resource Description Framework","Q1047113","field of study","","`instance of` whose value does not sit one metaclass level up","re-level one of the two items, or replace `instance of` by `subclass of`; level shifts affect the whole branch, so review by hand"
"data/vocabulary.wdkb","ontology","level-inst","error","needs-review","Q54872","Resource Description Framework","Q2267705","field of study","","`instance of` whose value does not sit one metaclass level up","re-level one of the two items, or replace `instance of` by `subclass of`; level shifts affect the whole branch, so review by hand"
"data/vocabulary.wdkb","ontology","level-inst","error","needs-review","Q54872","Resource Description Framework","Q1172480","data model","","`instance of` whose value does not sit one metaclass level up","re-level one of the two items, or replace `instance of` by `subclass of`; level shifts affect the whole branch, so review by hand"
"data/vocabulary.wdkb","ontology","level-inst","error","needs-review","Q54872","Resource Description Framework","Q317623","technical standard","","`instance of` whose value does not sit one metaclass level up","re-level one of the two items, or replace `instance of` by `subclass of`; level shifts affect the whole branch, so review by hand"
"data/vocabulary.wdkb","ontology","level-inst","error","needs-review","Q157509","legal guardian","Q1767348","legal kinship","","`instance of` whose value does not sit one metaclass level up","re-level one of the two items, or replace `instance of` by `subclass of`; level shifts affect the whole branch, so review by hand"
"data/vocabulary.wdkb","ontology","level-inst","error","needs-review","Q185359","union","Q1964995","set operation","","`instance of` whose value does not sit one metaclass level up","re-level one of the two items, or replace `instance of` by `subclass of`; level shifts affect the whole branch, so review by hand"
"data/vocabulary.wdkb","ontology","level-inst","error","needs-review","Q185359","union","Q164307","binary operation","","`instance of` whose value does not sit one metaclass level up","re-level one of the two items, or replace `instance of` by `subclass of`; level shifts affect the whole branch, so review by hand"
"data/vocabulary.wdkb","ontology","level-inst","error","needs-review","Q185359","union","Q109956737","union of several sets","","`instance of` whose value does not sit one metaclass level up","re-level one of the two items, or replace `instance of` by `subclass of`; level shifts affect the whole branch, so review by hand"
"data/vocabulary.wdkb","ontology","level-inst","error","needs-review","Q185837","intersection","Q1964995","set operation","","`instance of` whose value does not sit one metaclass level up","re-level one of the two items, or replace `instance of` by `subclass of`; level shifts affect the whole branch, so review by hand"
"data/vocabulary.wdkb","ontology","level-inst","error","needs-review","Q185837","intersection","Q164307","binary operation","","`instance of` whose value does not sit one metaclass level up","re-level one of the two items, or replace `instance of` by `subclass of`; level shifts affect the whole branch, so review by hand"
"data/vocabulary.wdkb","ontology","level-inst","error","needs-review","Q185837","intersection","Q17141489","intersection","","`instance of` whose value does not sit one metaclass level up","re-level one of the two items, or replace `instance of` by `subclass of`; level shifts affect the whole branch, so review by hand"
"data/vocabulary.wdkb","ontology","level-inst","error","needs-review","Q185837","intersection","Q109957042","intersection of several sets","","`instance of` whose value does not sit one metaclass level up","re-level one of the two items, or replace `instance of` by `subclass of`; level shifts affect the whole branch, so review by hand"
"data/vocabulary.wdkb","ontology","level-inst","error","needs-review","Q188619","hierarchy","Q111972893","type of structure","","`instance of` whose value does not sit one metaclass level up","re-level one of the two items, or replace `instance of` by `subclass of`; level shifts affect the whole branch, so review by hand"
"data/vocabulary.wdkb","ontology","level-inst","error","needs-review","Q194404","monotonic function","Q47279819","type of mathematical function","","`instance of` whose value does not sit one metaclass level up","re-level one of the two items, or replace `instance of` by `subclass of`; level shifts affect the whole branch, so review by hand"
"data/vocabulary.wdkb","ontology","level-inst","error","needs-review","Q223973","godparent","Q1969448","term","","`instance of` whose value does not sit one metaclass level up","re-level one of the two items, or replace `instance of` by `subclass of`; level shifts affect the whole branch, so review by hand"
"data/vocabulary.wdkb","ontology","level-inst","error","needs-review","Q324254","ontology","Q2267705","field of study","","`instance of` whose value does not sit one metaclass level up","re-level one of the two items, or replace `instance of` by `subclass of`; level shifts affect the whole branch, so review by hand"
"data/vocabulary.wdkb","ontology","level-inst","error","needs-review","Q374182","logical consequence","Q151885","concept","","`instance of` whose value does not sit one metaclass level up","re-level one of the two items, or replace `instance of` by `subclass of`; level shifts affect the whole branch, so review by hand"
"data/vocabulary.wdkb","ontology","level-inst","error","needs-review","Q467606","model theory","Q20026918","mathematical theory","","`instance of` whose value does not sit one metaclass level up","re-level one of the two items, or replace `instance of` by `subclass of`; level shifts affect the whole branch, so review by hand"
"data/vocabulary.wdkb","ontology","level-inst","error","needs-review","Q593744","knowledge base","Q2267705","field of study","","`instance of` whose value does not sit one metaclass level up","re-level one of the two items, or replace `instance of` by `subclass of`; level shifts affect the whole branch, so review by hand"
"data/vocabulary.wdkb","ontology","level-inst","error","needs-review","Q753127","topological sorting","Q3435924","computational problem","","`instance of` whose value does not sit one metaclass level up","re-level one of the two items, or replace `instance of` by `subclass of`; level shifts affect the whole branch, so review by hand"
"data/vocabulary.wdkb","ontology","level-inst","error","needs-review","Q1194916","mereology","Q1047113","field of study","","`instance of` whose value does not sit one metaclass level up","re-level one of the two items, or replace `instance of` by `subclass of`; level shifts affect the whole branch, so review by hand"
"data/vocabulary.wdkb","ontology","level-inst","error","needs-review","Q1266546","record linkage","Q14946528","conflation","","`instance of` whose value does not sit one metaclass level up","re-level one of the two items, or replace `instance of` by `subclass of`; level shifts affect the whole branch, so review by hand"
"data/vocabulary.wdkb","ontology","level-inst","error","needs-review","Q1361526","reachability","Q130901","binary relation","","`instance of` whose value does not sit one metaclass level up","re-level one of the two items, or replace `instance of` by `subclass of`; level shifts affect the whole branch, so review by hand"
"data/vocabulary.wdkb","ontology","level-inst","error","needs-review","Q1501387","transitive closure","Q3753945","closure of a relation","","`instance of` whose value does not sit one metaclass level up","re-level one of the two items, or replace `instance of` by `subclass of`; level shifts affect the whole branch, so review by hand"
"data/vocabulary.wdkb","ontology","level-inst","error","needs-review","Q1502246","biological parent","Q171318","kinship","","`instance of` whose value does not sit one metaclass level up","re-level one of the two items, or replace `instance of` by `subclass of`; level shifts affect the whole branch, so review by hand"
"data/vocabulary.wdkb","ontology","level-inst","error","needs-review","Q1985786","proleptic Julian calendar","Q11184","Julian calendar","","`instance of` whose value does not sit one metaclass level up","re-level one of the two items, or replace `instance of` by `subclass of`; level shifts affect the whole branch, so review by hand"
"data/vocabulary.wdkb","ontology","level-inst","error","needs-review","Q1985786","proleptic Julian calendar","Q7249564","proleptic calendar","","`instance of` whose value does not sit one metaclass level up","re-level one of the two items, or replace `instance of` by `subclass of`; level shifts affect the whole branch, so review by hand"
"data/vocabulary.wdkb","ontology","level-inst","error","needs-review","Q2427941","foster parent","Q11666901","nominal kinship","","`instance of` whose value does not sit one metaclass level up","re-level one of the two items, or replace `instance of` by `subclass of`; level shifts affect the whole branch, so review by hand"
"data/vocabulary.wdkb","ontology","level-inst","error","needs-review","Q3088151","transitive reduction","Q30503704","graph algorithm","","`instance of` whose value does not sit one metaclass level up","re-level one of the two items, or replace `instance of` by `subclass of`; level shifts affect the whole branch, so review by hand"
"data/vocabulary.wdkb","ontology","level-inst","error","needs-review","Q4312352","lowest common ancestor","Q3435924","computational problem","","`instance of` whose value does not sit one metaclass level up","re-level one of the two items, or replace `instance of` by `subclass of`; level shifts affect the whole branch, so review by hand"
"data/vocabulary.wdkb","ontology","level-inst","error","needs-review","Q12338229","sperm donor","Q12737077","occupation","","`instance of` whose value does not sit one metaclass level up","re-level one of the two items, or replace `instance of` by `subclass of`; level shifts affect the whole branch, so review by hand"
"data/vocabulary.wdkb","ontology","level-inst","error","needs-review","Q16222597","Wikidata item","Q115470359","Wikibase item datatype","","`instance of` whose value does not sit one metaclass level up","re-level one of the two items, or replace `instance of` by `subclass of`; level shifts affect the whole branch, so review by hand"
"data/vocabulary.wdkb","ontology","level-inst","error","needs-review","Q16547118","surrogate mother","Q171318","kinship","","`instance of` whose value does not sit one metaclass level up","re-level one of the two items, or replace `instance of` by `subclass of`; level shifts affect the whole branch, so review by hand"
"data/vocabulary.wdkb","ontology","level-inst","error","needs-review","Q16547118","surrogate mother","Q12737077","occupation","","`instance of` whose value does not sit one metaclass level up","re-level one of the two items, or replace `instance of` by `subclass of`; level shifts affect the whole branch, so review by hand"
"data/vocabulary.wdkb","ontology","level-inst","error","needs-review","Q18616576","Wikidata property","Q96253971","type of property","","`instance of` whose value does not sit one metaclass level up","re-level one of the two items, or replace `instance of` by `subclass of`; level shifts affect the whole branch, so review by hand"
"data/vocabulary.wdkb","ontology","level-inst","error","needs-review","Q18647515","transitive Wikidata property","Q107649491","type of Wikidata property","","`instance of` whose value does not sit one metaclass level up","re-level one of the two items, or replace `instance of` by `subclass of`; level shifts affect the whole branch, so review by hand"
"data/vocabulary.wdkb","ontology","level-inst","error","needs-review","Q18647515","transitive Wikidata property","Q115490628","fundamental Wikidata entity","","`instance of` whose value does not sit one metaclass level up","re-level one of the two items, or replace `instance of` by `subclass of`; level shifts affect the whole branch, so review by hand"
"data/vocabulary.wdkb","ontology","level-inst","error","needs-review","Q19798647","concept of no-value in Wikibase","Q19798644","Wikibase data model element","","`instance of` whose value does not sit one metaclass level up","re-level one of the two items, or replace `instance of` by `subclass of`; level shifts affect the whole branch, so review by hand"
"data/vocabulary.wdkb","ontology","level-inst","error","needs-review","Q19798648","concept of unknown value in Wikibase","Q19798644","Wikibase data model element","","`instance of` whose value does not sit one metaclass level up","re-level one of the two items, or replace `instance of` by `subclass of`; level shifts affect the whole branch, so review by hand"
"data/vocabulary.wdkb","ontology","level-inst","error","needs-review","Q19822352","stepparent","Q11666901","nominal kinship","","`instance of` whose value does not sit one metaclass level up","re-level one of the two items, or replace `instance of` by `subclass of`; level shifts affect the whole branch, so review by hand"
"data/vocabulary.wdkb","ontology","level-inst","error","needs-review","Q19847637","Wikidata property for an identifier","Q107649491","type of Wikidata property","","`instance of` whose value does not sit one metaclass level up","re-level one of the two items, or replace `instance of` by `subclass of`; level shifts affect the whole branch, so review by hand"
"data/vocabulary.wdkb","ontology","level-inst","error","needs-review","Q20746742","adoptive parent","Q171318","kinship","","`instance of` whose value does not sit one metaclass level up","re-level one of the two items, or replace `instance of` by `subclass of`; level shifts affect the whole branch, so review by hand"
"data/vocabulary.wdkb","ontology","level-inst","error","needs-review","Q21503250","subject type constraint","Q27949697","Wikibase reason for deprecated rank","","`instance of` whose value does not sit one metaclass level up","re-level one of the two items, or replace `instance of` by `subclass of`; level shifts affect the whole branch, so review by hand"
"data/vocabulary.wdkb","ontology","level-inst","error","needs-review","Q29377880","Shape Expressions","Q317623","technical standard","","`instance of` whose value does not sit one metaclass level up","re-level one of the two items, or replace `instance of` by `subclass of`; level shifts affect the whole branch, so review by hand"
"data/vocabulary.wdkb","ontology","level-inst","error","needs-review","Q29377880","Shape Expressions","Q691358","domain-specific language","","`instance of` whose value does not sit one metaclass level up","re-level one of the two items, or replace `instance of` by `subclass of`; level shifts affect the whole branch, so review by hand"
"data/vocabulary.wdkb","ontology","level-inst","error","needs-review","Q29377880","Shape Expressions","Q324254","ontology","","`instance of` whose value does not sit one metaclass level up","re-level one of the two items, or replace `instance of` by `subclass of`; level shifts affect the whole branch, so review by hand"
"data/vocabulary.wdkb","ontology","level-inst","error","needs-review","Q43649390","Wikidata Q identifier","Q6545185","unique identifier","","`instance of` whose value does not sit one metaclass level up","re-level one of the two items, or replace `instance of` by `subclass of`; level shifts affect the whole branch, so review by hand"
"data/vocabulary.wdkb","ontology","level-inst","error","needs-review","Q44292661","Wikidata reference","Q71533077","Wikibase reason for preferred rank","","`instance of` whose value does not sit one metaclass level up","re-level one of the two items, or replace `instance of` by `subclass of`; level shifts affect the whole branch, so review by hand"
"data/vocabulary.wdkb","ontology","level-inst","error","needs-review","Q54285143","Wikibase form","Q115475104","Wikibase datatype added by WikibaseLexeme","","`instance of` whose value does not sit one metaclass level up","re-level one of the two items, or replace `instance of` by `subclass of`; level shifts affect the whole branch, so review by hand"
"data/vocabulary.wdkb","ontology","level-inst","error","needs-review","Q73737357","deprecated rank","Q21281405","Wikidata internal entity","","`instance of` whose value does not sit one metaclass level up","re-level one of the two items, or replace `instance of` by `subclass of`; level shifts affect the whole branch, so review by hand"
"data/vocabulary.wdkb","ontology","level-inst","error","needs-review","Q136873419","birth mother","Q171318","kinship","","`instance of` whose value does not sit one metaclass level up","re-level one of the two items, or replace `instance of` by `subclass of`; level shifts affect the whole branch, so review by hand"
"data/vocabulary.wdkb","ontology","level-inst","error","needs-review","Q33120876","Wikimedia content project","Q136433633","wiki genre","","`instance of` whose value does not sit one metaclass level up","re-level one of the two items, or replace `instance of` by `subclass of`; level shifts affect the whole branch, so review by hand"
"data/vocabulary.wdkb","ontology","level-inst","error","needs-review","Q33120876","Wikimedia content project","Q122759350","user-generated content platform","","`instance of` whose value does not sit one metaclass level up","re-level one of the two items, or replace `instance of` by `subclass of`; level shifts affect the whole branch, so review by hand"
"data/vocabulary.wdkb","ontology","level-inst","error","needs-review","Q638153","semantic wiki","Q136433633","wiki genre","","`instance of` whose value does not sit one metaclass level up","re-level one of the two items, or replace `instance of` by `subclass of`; level shifts affect the whole branch, so review by hand"
"data/vocabulary.wdkb","ontology","level-inst","error","needs-review","Q114955954","crowdsourced project","Q136937144","project type","","`instance of` whose value does not sit one metaclass level up","re-level one of the two items, or replace `instance of` by `subclass of`; level shifts affect the whole branch, so review by hand"
"data/vocabulary.wdkb","ontology","level-inst","error","needs-review","Q1322494","sociotope","Q33104129","sociological concept","","`instance of` whose value does not sit one metaclass level up","re-level one of the two items, or replace `instance of` by `subclass of`; level shifts affect the whole branch, so review by hand"
"data/vocabulary.wdkb","ontology","level-inst","error","needs-review","Q121344523","type of classification","Q23958852","variable-order class","","`instance of` whose value does not sit one metaclass level up","re-level one of the two items, or replace `instance of` by `subclass of`; level shifts affect the whole branch, so review by hand"
"data/vocabulary.wdkb","ontology","level-inst","error","needs-review","Q25098571","first-degree relative","Q5555733","degree of kinship","","`instance of` whose value does not sit one metaclass level up","re-level one of the two items, or replace `instance of` by `subclass of`; level shifts affect the whole branch, so review by hand"
"data/vocabulary.wdkb","ontology","level-inst","error","needs-review","Q138717307","sibling or parallel cousin","Q171318","kinship","","`instance of` whose value does not sit one metaclass level up","re-level one of the two items, or replace `instance of` by `subclass of`; level shifts affect the whole branch, so review by hand"
"data/vocabulary.wdkb","ontology","level-inst","error","needs-review","Q629206","computer language","Q20829075","type of language","","`instance of` whose value does not sit one metaclass level up","re-level one of the two items, or replace `instance of` by `subclass of`; level shifts affect the whole branch, so review by hand"
"data/vocabulary.wdkb","ontology","level-inst","error","needs-review","Q11997597","representative","Q4164871","position","","`instance of` whose value does not sit one metaclass level up","re-level one of the two items, or replace `instance of` by `subclass of`; level shifts affect the whole branch, so review by hand"
"data/vocabulary.wdkb","ontology","level-inst","error","needs-review","Q11997597","representative","Q12737077","occupation","","`instance of` whose value does not sit one metaclass level up","re-level one of the two items, or replace `instance of` by `subclass of`; level shifts affect the whole branch, so review by hand"
"data/vocabulary.wdkb","ontology","level-inst","error","needs-review","Q11997597","representative","Q4897819","role","","`instance of` whose value does not sit one metaclass level up","re-level one of the two items, or replace `instance of` by `subclass of`; level shifts affect the whole branch, so review by hand"
"data/vocabulary.wdkb","ontology","level-inst","error","needs-review","Q524778","commissioner","Q4164871","position","","`instance of` whose value does not sit one metaclass level up","re-level one of the two items, or replace `instance of` by `subclass of`; level shifts affect the whole branch, so review by hand"
"data/vocabulary.wdkb","ontology","level-inst","error","needs-review","Q524778","commissioner","Q12737077","occupation","","`instance of` whose value does not sit one metaclass level up","re-level one of the two items, or replace `instance of` by `subclass of`; level shifts affect the whole branch, so review by hand"
"data/vocabulary.wdkb","ontology","level-inst","error","needs-review","Q524778","commissioner","Q216353","title","","`instance of` whose value does not sit one metaclass level up","re-level one of the two items, or replace `instance of` by `subclass of`; level shifts affect the whole branch, so review by hand"
"data/vocabulary.wdkb","ontology","level-inst","error","needs-review","Q115641683","custodian","Q12737077","occupation","","`instance of` whose value does not sit one metaclass level up","re-level one of the two items, or replace `instance of` by `subclass of`; level shifts affect the whole branch, so review by hand"
"data/vocabulary.wdkb","ontology","level-inst","error","needs-review","Q223642","interpersonal relationship","Q130324710","type of relation","","`instance of` whose value does not sit one metaclass level up","re-level one of the two items, or replace `instance of` by `subclass of`; level shifts affect the whole branch, so review by hand"
"data/vocabulary.wdkb","ontology","level-inst","error","needs-review","Q17141489","intersection","Q24034552","mathematical concept","","`instance of` whose value does not sit one metaclass level up","re-level one of the two items, or replace `instance of` by `subclass of`; level shifts affect the whole branch, so review by hand"
"data/vocabulary.wdkb","ontology","level-inst","error","needs-review","Q44946","point","Q6453739","primitive notion","","`instance of` whose value does not sit one metaclass level up","re-level one of the two items, or replace `instance of` by `subclass of`; level shifts affect the whole branch, so review by hand"
"data/vocabulary.wdkb","ontology","level-inst","error","needs-review","Q44946","point","Q21550639","geometric concept","","`instance of` whose value does not sit one metaclass level up","re-level one of the two items, or replace `instance of` by `subclass of`; level shifts affect the whole branch, so review by hand"
"data/vocabulary.wdkb","ontology","level-inst","error","needs-review","Q3622126","conceptual system","Q96116695","type of system","","`instance of` whose value does not sit one metaclass level up","re-level one of the two items, or replace `instance of` by `subclass of`; level shifts affect the whole branch, so review by hand"
"data/vocabulary.wdkb","ontology","level-inst","error","needs-review","Q6671777","structure","Q33104279","philosophical concept","","`instance of` whose value does not sit one metaclass level up","re-level one of the two items, or replace `instance of` by `subclass of`; level shifts affect the whole branch, so review by hand"
"data/vocabulary.wdkb","ontology","level-inst","error","needs-review","Q111972893","type of structure","Q23958852","variable-order class","","`instance of` whose value does not sit one metaclass level up","re-level one of the two items, or replace `instance of` by `subclass of`; level shifts affect the whole branch, so review by hand"
"data/vocabulary.wdkb","ontology","level-inst","error","needs-review","Q11348","function","Q24034552","mathematical concept","","`instance of` whose value does not sit one metaclass level up","re-level one of the two items, or replace `instance of` by `subclass of`; level shifts affect the whole branch, so review by hand"
"data/vocabulary.wdkb","ontology","level-inst","error","needs-review","Q36161","set","Q6453739","primitive notion","","`instance of` whose value does not sit one metaclass level up","re-level one of the two items, or replace `instance of` by `subclass of`; level shifts affect the whole branch, so review by hand"
"data/vocabulary.wdkb","ontology","level-inst","error","needs-review","Q28864853","patronage","Q223642","interpersonal relationship","","`instance of` whose value does not sit one metaclass level up","re-level one of the two items, or replace `instance of` by `subclass of`; level shifts affect the whole branch, so review by hand"
"data/vocabulary.wdkb","ontology","level-inst","error","needs-review","Q4504549","religious role","Q24017414","second-order class","","`instance of` whose value does not sit one metaclass level up","re-level one of the two items, or replace `instance of` by `subclass of`; level shifts affect the whole branch, so review by hand"
"data/vocabulary.wdkb","ontology","level-inst","error","needs-review","Q1172480","data model","Q140642100","type of model","","`instance of` whose value does not sit one metaclass level up","re-level one of the two items, or replace `instance of` by `subclass of`; level shifts affect the whole branch, so review by hand"
"data/vocabulary.wdkb","ontology","level-inst","error","needs-review","Q138715847","senior relative","Q4455897","kinship term","","`instance of` whose value does not sit one metaclass level up","re-level one of the two items, or replace `instance of` by `subclass of`; level shifts affect the whole branch, so review by hand"
"data/vocabulary.wdkb","ontology","level-inst","error","needs-review","Q1166618","mathematical logic","Q1936384","branch of mathematics","","`instance of` whose value does not sit one metaclass level up","re-level one of the two items, or replace `instance of` by `subclass of`; level shifts affect the whole branch, so review by hand"
"data/vocabulary.wdkb","ontology","level-inst","error","needs-review","Q1166618","mathematical logic","Q20026918","mathematical theory","","`instance of` whose value does not sit one metaclass level up","re-level one of the two items, or replace `instance of` by `subclass of`; level shifts affect the whole branch, so review by hand"
"data/vocabulary.wdkb","ontology","level-inst","error","needs-review","Q20026918","mathematical theory","Q24034552","mathematical concept","","`instance of` whose value does not sit one metaclass level up","re-level one of the two items, or replace `instance of` by `subclass of`; level shifts affect the whole branch, so review by hand"
"data/vocabulary.wdkb","ontology","level-inst","error","needs-review","Q2623243","conceptual model","Q1047113","field of study","","`instance of` whose value does not sit one metaclass level up","re-level one of the two items, or replace `instance of` by `subclass of`; level shifts affect the whole branch, so review by hand"
"data/vocabulary.wdkb","ontology","level-inst","error","needs-review","Q2623243","conceptual model","Q2267705","field of study","","`instance of` whose value does not sit one metaclass level up","re-level one of the two items, or replace `instance of` by `subclass of`; level shifts affect the whole branch, so review by hand"
"data/vocabulary.wdkb","ontology","level-inst","error","needs-review","Q2303697","sorting","Q1724915","use","","`instance of` whose value does not sit one metaclass level up","re-level one of the two items, or replace `instance of` by `subclass of`; level shifts affect the whole branch, so review by hand"
"data/vocabulary.wdkb","ontology","level-inst","error","needs-review","Q2303697","sorting","Q1047113","field of study","","`instance of` whose value does not sit one metaclass level up","re-level one of the two items, or replace `instance of` by `subclass of`; level shifts affect the whole branch, so review by hand"
"data/vocabulary.wdkb","ontology","level-inst","error","needs-review","Q2303697","sorting","Q2267705","field of study","","`instance of` whose value does not sit one metaclass level up","re-level one of the two items, or replace `instance of` by `subclass of`; level shifts affect the whole branch, so review by hand"
"data/vocabulary.wdkb","ontology","level-inst","error","needs-review","Q2303697","sorting","Q3435924","computational problem","","`instance of` whose value does not sit one metaclass level up","re-level one of the two items, or replace `instance of` by `subclass of`; level shifts affect the whole branch, so review by hand"
"data/vocabulary.wdkb","ontology","level-inst","error","needs-review","Q937228","property","Q19478619","metaclass","","`instance of` whose value does not sit one metaclass level up","re-level one of the two items, or replace `instance of` by `subclass of`; level shifts affect the whole branch, so review by hand"
"data/vocabulary.wdkb","ontology","level-inst","error","needs-review","Q937228","property","Q714737","category of being","","`instance of` whose value does not sit one metaclass level up","re-level one of the two items, or replace `instance of` by `subclass of`; level shifts affect the whole branch, so review by hand"
"data/vocabulary.wdkb","ontology","level-inst","error","needs-review","Q6661985","data processing","Q116505632","type of process","","`instance of` whose value does not sit one metaclass level up","re-level one of the two items, or replace `instance of` by `subclass of`; level shifts affect the whole branch, so review by hand"
"data/vocabulary.wdkb","ontology","level-inst","error","needs-review","Q5891","philosophy","Q11862829","academic discipline","","`instance of` whose value does not sit one metaclass level up","re-level one of the two items, or replace `instance of` by `subclass of`; level shifts affect the whole branch, so review by hand"
"data/vocabulary.wdkb","ontology","level-inst","error","needs-review","Q5891","philosophy","Q483394","genre","","`instance of` whose value does not sit one metaclass level up","re-level one of the two items, or replace `instance of` by `subclass of`; level shifts affect the whole branch, so review by hand"
"data/vocabulary.wdkb","ontology","level-inst","error","needs-review","Q1047113","field of study","Q110402867","knowledge classification","","`instance of` whose value does not sit one metaclass level up","re-level one of the two items, or replace `instance of` by `subclass of`; level shifts affect the whole branch, so review by hand"
"data/vocabulary.wdkb","ontology","level-inst","error","needs-review","Q9332","behavior","Q96634632","psychology concept","","`instance of` whose value does not sit one metaclass level up","re-level one of the two items, or replace `instance of` by `subclass of`; level shifts affect the whole branch, so review by hand"
"data/vocabulary.wdkb","ontology","level-inst","error","needs-review","Q1799072","method","Q1047113","field of study","","`instance of` whose value does not sit one metaclass level up","re-level one of the two items, or replace `instance of` by `subclass of`; level shifts affect the whole branch, so review by hand"
"data/vocabulary.wdkb","ontology","level-inst","error","needs-review","Q1799072","method","Q2267705","field of study","","`instance of` whose value does not sit one metaclass level up","re-level one of the two items, or replace `instance of` by `subclass of`; level shifts affect the whole branch, so review by hand"
"data/vocabulary.wdkb","ontology","level-inst","error","needs-review","Q10843872","process","Q116505632","type of process","","`instance of` whose value does not sit one metaclass level up","re-level one of the two items, or replace `instance of` by `subclass of`; level shifts affect the whole branch, so review by hand"
"data/vocabulary.wdkb","ontology","level-inst","error","needs-review","Q130901","binary relation","Q130324710","type of relation","","`instance of` whose value does not sit one metaclass level up","re-level one of the two items, or replace `instance of` by `subclass of`; level shifts affect the whole branch, so review by hand"
"data/vocabulary.wdkb","ontology","level-inst","error","needs-review","Q185698","methodology","Q11862829","academic discipline","","`instance of` whose value does not sit one metaclass level up","re-level one of the two items, or replace `instance of` by `subclass of`; level shifts affect the whole branch, so review by hand"
"data/vocabulary.wdkb","ontology","level-inst","error","needs-review","Q64861","transitive relation","Q130324710","type of relation","","`instance of` whose value does not sit one metaclass level up","re-level one of the two items, or replace `instance of` by `subclass of`; level shifts affect the whole branch, so review by hand"
"data/vocabulary.wdkb","ontology","level-inst","error","needs-review","Q138715303","older relative","Q4455897","kinship term","","`instance of` whose value does not sit one metaclass level up","re-level one of the two items, or replace `instance of` by `subclass of`; level shifts affect the whole branch, so review by hand"
"data/vocabulary.wdkb","ontology","level-inst","error","needs-review","Q11184","Julian calendar","Q210953","solar calendar","","`instance of` whose value does not sit one metaclass level up","re-level one of the two items, or replace `instance of` by `subclass of`; level shifts affect the whole branch, so review by hand"
"data/vocabulary.wdkb","ontology","level-inst","error","needs-review","Q11184","Julian calendar","Q669102","arithmetic calendar","","`instance of` whose value does not sit one metaclass level up","re-level one of the two items, or replace `instance of` by `subclass of`; level shifts affect the whole branch, so review by hand"
"data/vocabulary.wdkb","ontology","level-inst","error","needs-review","Q11184","Julian calendar","Q9337488","interval scale","","`instance of` whose value does not sit one metaclass level up","re-level one of the two items, or replace `instance of` by `subclass of`; level shifts affect the whole branch, so review by hand"
"data/vocabulary.wdkb","ontology","level-inst","error","needs-review","Q7249564","proleptic calendar","Q138579261","type of calendar","","`instance of` whose value does not sit one metaclass level up","re-level one of the two items, or replace `instance of` by `subclass of`; level shifts affect the whole branch, so review by hand"
"data/vocabulary.wdkb","ontology","level-inst","error","needs-review","Q66363776","family structure","Q111972893","type of structure","","`instance of` whose value does not sit one metaclass level up","re-level one of the two items, or replace `instance of` by `subclass of`; level shifts affect the whole branch, so review by hand"
"data/vocabulary.wdkb","ontology","level-inst","error","needs-review","Q3249551","process","Q124711104","BFO class","","`instance of` whose value does not sit one metaclass level up","re-level one of the two items, or replace `instance of` by `subclass of`; level shifts affect the whole branch, so review by hand"
"data/vocabulary.wdkb","ontology","level-inst","error","needs-review","Q135265559","group of 3","Q2360980","unit of amount","","`instance of` whose value does not sit one metaclass level up","re-level one of the two items, or replace `instance of` by `subclass of`; level shifts affect the whole branch, so review by hand"
"data/vocabulary.wdkb","ontology","level-inst","error","needs-review","Q115988076","set-valued function","Q17362920","Wikimedia duplicated page","","`instance of` whose value does not sit one metaclass level up","re-level one of the two items, or replace `instance of` by `subclass of`; level shifts affect the whole branch, so review by hand"
"data/vocabulary.wdkb","ontology","level-inst","error","needs-review","Q1968442","donor","Q12737077","occupation","","`instance of` whose value does not sit one metaclass level up","re-level one of the two items, or replace `instance of` by `subclass of`; level shifts affect the whole branch, so review by hand"
"data/vocabulary.wdkb","ontology","level-inst","error","needs-review","Q115470359","Wikibase item datatype","Q115463072","Wikibase builtin datatype","","`instance of` whose value does not sit one metaclass level up","re-level one of the two items, or replace `instance of` by `subclass of`; level shifts affect the whole branch, so review by hand"
"data/vocabulary.wdkb","ontology","level-inst","error","needs-review","Q66371306","genetic mother","Q171318","kinship","","`instance of` whose value does not sit one metaclass level up","re-level one of the two items, or replace `instance of` by `subclass of`; level shifts affect the whole branch, so review by hand"
"data/vocabulary.wdkb","ontology","level-inst","error","needs-review","Q12737077","occupation","Q23958852","variable-order class","","`instance of` whose value does not sit one metaclass level up","re-level one of the two items, or replace `instance of` by `subclass of`; level shifts affect the whole branch, so review by hand"
"data/vocabulary.wdkb","ontology","level-inst","error","needs-review","Q12737077","occupation","Q151885","concept","","`instance of` whose value does not sit one metaclass level up","re-level one of the two items, or replace `instance of` by `subclass of`; level shifts affect the whole branch, so review by hand"
"data/vocabulary.wdkb","ontology","level-inst","error","needs-review","Q12737077","occupation","Q937228","property","","`instance of` whose value does not sit one metaclass level up","re-level one of the two items, or replace `instance of` by `subclass of`; level shifts affect the whole branch, so review by hand"
"data/vocabulary.wdkb","ontology","level-inst","error","needs-review","Q96253971","type of property","Q19478619","metaclass","","`instance of` whose value does not sit one metaclass level up","re-level one of the two items, or replace `instance of` by `subclass of`; level shifts affect the whole branch, so review by hand"
"data/vocabulary.wdkb","ontology","level-inst","error","needs-review","Q24238356","unknown","Q2995644","result","","`instance of` whose value does not sit one metaclass level up","re-level one of the two items, or replace `instance of` by `subclass of`; level shifts affect the whole branch, so review by hand"
"data/vocabulary.wdkb","ontology","level-inst","error","needs-review","Q5","human","Q55983715","organisms known by a particular common name","","`instance of` whose value does not sit one metaclass level up","re-level one of the two items, or replace `instance of` by `subclass of`; level shifts affect the whole branch, so review by hand"
"data/vocabulary.wdkb","ontology","level-inst","error","needs-review","Q107649491","type of Wikidata property","Q19478619","metaclass","","`instance of` whose value does not sit one metaclass level up","re-level one of the two items, or replace `instance of` by `subclass of`; level shifts affect the whole branch, so review by hand"
"data/vocabulary.wdkb","ontology","level-inst","error","needs-review","Q66363751","adoptive family","Q66363776","family structure","","`instance of` whose value does not sit one metaclass level up","re-level one of the two items, or replace `instance of` by `subclass of`; level shifts affect the whole branch, so review by hand"
"data/vocabulary.wdkb","ontology","level-inst","error","needs-review","Q1767348","legal kinship","Q17138290","kinship system","","`instance of` whose value does not sit one metaclass level up","re-level one of the two items, or replace `instance of` by `subclass of`; level shifts affect the whole branch, so review by hand"
"data/vocabulary.wdkb","ontology","level-inst","error","needs-review","Q691358","domain-specific language","Q137527772","type of computer language","","`instance of` whose value does not sit one metaclass level up","re-level one of the two items, or replace `instance of` by `subclass of`; level shifts affect the whole branch, so review by hand"
"data/vocabulary.wdkb","ontology","level-inst","error","needs-review","Q121769","reference","Q130324710","type of relation","","`instance of` whose value does not sit one metaclass level up","re-level one of the two items, or replace `instance of` by `subclass of`; level shifts affect the whole branch, so review by hand"
"data/vocabulary.wdkb","ontology","level-inst","error","needs-review","Q32753077","Wikidata entity","Q19798651","wikibase data model possible value for a claim","","`instance of` whose value does not sit one metaclass level up","re-level one of the two items, or replace `instance of` by `subclass of`; level shifts affect the whole branch, so review by hand"
"data/vocabulary.wdkb","ontology","level-inst","error","needs-review","Q7566","parent","Q171318","kinship","","`instance of` whose value does not sit one metaclass level up","re-level one of the two items, or replace `instance of` by `subclass of`; level shifts affect the whole branch, so review by hand"
"data/vocabulary.wdkb","ontology","level-inst","error","needs-review","Q7566","parent","Q214339","role","","`instance of` whose value does not sit one metaclass level up","re-level one of the two items, or replace `instance of` by `subclass of`; level shifts affect the whole branch, so review by hand"
"data/vocabulary.wdkb","ontology","level-inst","error","needs-review","Q125352518","person with parental authority","Q2135465","legal term or legal concept","","`instance of` whose value does not sit one metaclass level up","re-level one of the two items, or replace `instance of` by `subclass of`; level shifts affect the whole branch, so review by hand"
"data/vocabulary.wdkb","ontology","level-inst","error","needs-review","Q66363648","biological mother","Q171318","kinship","","`instance of` whose value does not sit one metaclass level up","re-level one of the two items, or replace `instance of` by `subclass of`; level shifts affect the whole branch, so review by hand"
"data/vocabulary.wdkb","ontology","level-inst","error","needs-review","Q171","wiki","Q134995802","type of website","","`instance of` whose value does not sit one metaclass level up","re-level one of the two items, or replace `instance of` by `subclass of`; level shifts affect the whole branch, so review by hand"
"data/vocabulary.wdkb","ontology","level-inst","error","needs-review","Q136433633","wiki genre","Q19478619","metaclass","","`instance of` whose value does not sit one metaclass level up","re-level one of the two items, or replace `instance of` by `subclass of`; level shifts affect the whole branch, so review by hand"
"data/vocabulary.wdkb","ontology","level-inst","error","needs-review","Q170584","project","Q104086571","first-order class","","`instance of` whose value does not sit one metaclass level up","re-level one of the two items, or replace `instance of` by `subclass of`; level shifts affect the whole branch, so review by hand"
"data/vocabulary.wdkb","ontology","level-inst","error","needs-review","Q136937144","project type","Q23958852","variable-order class","","`instance of` whose value does not sit one metaclass level up","re-level one of the two items, or replace `instance of` by `subclass of`; level shifts affect the whole branch, so review by hand"
"data/vocabulary.wdkb","ontology","level-inst","error","needs-review","Q2221906","geographic location","Q96253971","type of property","","`instance of` whose value does not sit one metaclass level up","re-level one of the two items, or replace `instance of` by `subclass of`; level shifts affect the whole branch, so review by hand"
"data/vocabulary.wdkb","ontology","level-inst","error","needs-review","Q2221906","geographic location","Q137015716","type of location","","`instance of` whose value does not sit one metaclass level up","re-level one of the two items, or replace `instance of` by `subclass of`; level shifts affect the whole branch, so review by hand"
"data/vocabulary.wdkb","ontology","level-inst","error","needs-review","Q33104129","sociological concept","Q19478619","metaclass","","`instance of` whose value does not sit one metaclass level up","re-level one of the two items, or replace `instance of` by `subclass of`; level shifts affect the whole branch, so review by hand"
"data/vocabulary.wdkb","ontology","level-inst","error","needs-review","Q5962346","classification scheme","Q23958852","variable-order class","","`instance of` whose value does not sit one metaclass level up","re-level one of the two items, or replace `instance of` by `subclass of`; level shifts affect the whole branch, so review by hand"
"data/vocabulary.wdkb","ontology","level-inst","error","needs-review","Q17625380","hierarchical classification","Q121344523","type of classification","","`instance of` whose value does not sit one metaclass level up","re-level one of the two items, or replace `instance of` by `subclass of`; level shifts affect the whole branch, so review by hand"
"data/vocabulary.wdkb","ontology","level-inst","error","needs-review","Q25601835","close relative","Q171318","kinship","","`instance of` whose value does not sit one metaclass level up","re-level one of the two items, or replace `instance of` by `subclass of`; level shifts affect the whole branch, so review by hand"
"data/vocabulary.wdkb","ontology","level-inst","error","needs-review","Q138716757","sibling or peer cousin","Q4455897","kinship term","","`instance of` whose value does not sit one metaclass level up","re-level one of the two items, or replace `instance of` by `subclass of`; level shifts affect the whole branch, so review by hand"
"data/vocabulary.wdkb","ontology","level-inst","error","needs-review","Q192161","formal language","Q66664364","linguistic term","","`instance of` whose value does not sit one metaclass level up","re-level one of the two items, or replace `instance of` by `subclass of`; level shifts affect the whole branch, so review by hand"
"data/vocabulary.wdkb","ontology","level-inst","error","needs-review","Q192161","formal language","Q66747126","computer science term","","`instance of` whose value does not sit one metaclass level up","re-level one of the two items, or replace `instance of` by `subclass of`; level shifts affect the whole branch, so review by hand"
"data/vocabulary.wdkb","ontology","level-inst","error","needs-review","Q20829075","type of language","Q19478619","metaclass","","`instance of` whose value does not sit one metaclass level up","re-level one of the two items, or replace `instance of` by `subclass of`; level shifts affect the whole branch, so review by hand"
"data/vocabulary.wdkb","ontology","level-inst","error","needs-review","Q24229398","being","Q96251598","type of object","","`instance of` whose value does not sit one metaclass level up","re-level one of the two items, or replace `instance of` by `subclass of`; level shifts affect the whole branch, so review by hand"
"data/vocabulary.wdkb","ontology","level-inst","error","needs-review","Q24229398","being","Q96251598","type of object","","`instance of` whose value does not sit one metaclass level up","re-level one of the two items, or replace `instance of` by `subclass of`; level shifts affect the whole branch, so review by hand"
"data/vocabulary.wdkb","ontology","level-inst","error","needs-review","Q24229398","being","Q96251598","type of object","","`instance of` whose value does not sit one metaclass level up","re-level one of the two items, or replace `instance of` by `subclass of`; level shifts affect the whole branch, so review by hand"
"data/vocabulary.wdkb","ontology","level-inst","error","needs-review","Q24229398","being","Q96251598","type of object","","`instance of` whose value does not sit one metaclass level up","re-level one of the two items, or replace `instance of` by `subclass of`; level shifts affect the whole branch, so review by hand"
"data/vocabulary.wdkb","ontology","level-inst","error","needs-review","Q1328323","functionary","Q28640","profession","","`instance of` whose value does not sit one metaclass level up","re-level one of the two items, or replace `instance of` by `subclass of`; level shifts affect the whole branch, so review by hand"
"data/vocabulary.wdkb","ontology","level-inst","error","needs-review","Q1328323","functionary","Q12737077","occupation","","`instance of` whose value does not sit one metaclass level up","re-level one of the two items, or replace `instance of` by `subclass of`; level shifts affect the whole branch, so review by hand"
"data/vocabulary.wdkb","ontology","level-inst","error","needs-review","Q853725","social relation","Q130324710","type of relation","","`instance of` whose value does not sit one metaclass level up","re-level one of the two items, or replace `instance of` by `subclass of`; level shifts affect the whole branch, so review by hand"
"data/vocabulary.wdkb","ontology","level-inst","error","needs-review","Q3965271","subclass","Q130901","binary relation","","`instance of` whose value does not sit one metaclass level up","re-level one of the two items, or replace `instance of` by `subclass of`; level shifts affect the whole branch, so review by hand"
"data/vocabulary.wdkb","ontology","level-inst","error","needs-review","Q3965271","subclass","Q64861","transitive relation","","`instance of` whose value does not sit one metaclass level up","re-level one of the two items, or replace `instance of` by `subclass of`; level shifts affect the whole branch, so review by hand"
"data/vocabulary.wdkb","ontology","level-inst","error","needs-review","Q211548","locus","Q21550639","geometric concept","","`instance of` whose value does not sit one metaclass level up","re-level one of the two items, or replace `instance of` by `subclass of`; level shifts affect the whole branch, so review by hand"
"data/vocabulary.wdkb","ontology","level-inst","error","needs-review","Q379825","element","Q4897819","role","","`instance of` whose value does not sit one metaclass level up","re-level one of the two items, or replace `instance of` by `subclass of`; level shifts affect the whole branch, so review by hand"
"data/vocabulary.wdkb","ontology","level-inst","error","needs-review","Q99527517","collective entity","Q23958852","variable-order class","","`instance of` whose value does not sit one metaclass level up","re-level one of the two items, or replace `instance of` by `subclass of`; level shifts affect the whole branch, so review by hand"
"data/vocabulary.wdkb","ontology","level-inst","error","needs-review","Q33104279","philosophical concept","Q137429456","type of concept","","`instance of` whose value does not sit one metaclass level up","re-level one of the two items, or replace `instance of` by `subclass of`; level shifts affect the whole branch, so review by hand"
"data/vocabulary.wdkb","ontology","level-inst","error","needs-review","Q96251598","type of object","Q23958852","variable-order class","","`instance of` whose value does not sit one metaclass level up","re-level one of the two items, or replace `instance of` by `subclass of`; level shifts affect the whole branch, so review by hand"
"data/vocabulary.wdkb","ontology","level-inst","error","needs-review","Q96251598","type of object","Q21146257","type","","`instance of` whose value does not sit one metaclass level up","re-level one of the two items, or replace `instance of` by `subclass of`; level shifts affect the whole branch, so review by hand"
"data/vocabulary.wdkb","ontology","level-inst","error","needs-review","Q246672","mathematical object","Q96251598","type of object","","`instance of` whose value does not sit one metaclass level up","re-level one of the two items, or replace `instance of` by `subclass of`; level shifts affect the whole branch, so review by hand"
"data/vocabulary.wdkb","ontology","level-inst","error","needs-review","Q246672","mathematical object","Q24034552","mathematical concept","","`instance of` whose value does not sit one metaclass level up","re-level one of the two items, or replace `instance of` by `subclass of`; level shifts affect the whole branch, so review by hand"
"data/vocabulary.wdkb","ontology","level-inst","error","needs-review","Q246672","mathematical object","Q106411346","characterization","","`instance of` whose value does not sit one metaclass level up","re-level one of the two items, or replace `instance of` by `subclass of`; level shifts affect the whole branch, so review by hand"
"data/vocabulary.wdkb","ontology","level-inst","error","needs-review","Q6453739","primitive notion","Q15138389","Wikimedia article page","","`instance of` whose value does not sit one metaclass level up","re-level one of the two items, or replace `instance of` by `subclass of`; level shifts affect the whole branch, so review by hand"
"data/vocabulary.wdkb","ontology","level-inst","error","needs-review","Q24902509","human activity","Q125542526","type of activity","","`instance of` whose value does not sit one metaclass level up","re-level one of the two items, or replace `instance of` by `subclass of`; level shifts affect the whole branch, so review by hand"
"data/vocabulary.wdkb","ontology","level-inst","error","needs-review","Q3365007","parenthood","Q785260","phase of human life","","`instance of` whose value does not sit one metaclass level up","re-level one of the two items, or replace `instance of` by `subclass of`; level shifts affect the whole branch, so review by hand"
"data/vocabulary.wdkb","ontology","level-inst","error","needs-review","Q3365007","parenthood","Q100195948","relative quality","","`instance of` whose value does not sit one metaclass level up","re-level one of the two items, or replace `instance of` by `subclass of`; level shifts affect the whole branch, so review by hand"
"data/vocabulary.wdkb","ontology","level-inst","error","needs-review","Q1144694","duty of care","Q2135465","legal term or legal concept","","`instance of` whose value does not sit one metaclass level up","re-level one of the two items, or replace `instance of` by `subclass of`; level shifts affect the whole branch, so review by hand"
"data/vocabulary.wdkb","ontology","level-inst","error","needs-review","Q1144694","duty of care","Q21006424","legal obligation","","`instance of` whose value does not sit one metaclass level up","re-level one of the two items, or replace `instance of` by `subclass of`; level shifts affect the whole branch, so review by hand"
"data/vocabulary.wdkb","ontology","level-inst","error","needs-review","Q152478","sponsor","Q12737077","occupation","","`instance of` whose value does not sit one metaclass level up","re-level one of the two items, or replace `instance of` by `subclass of`; level shifts affect the whole branch, so review by hand"
"data/vocabulary.wdkb","ontology","level-inst","error","needs-review","Q24017414","second-order class","Q24017465","third-order class","","`instance of` whose value does not sit one metaclass level up","re-level one of the two items, or replace `instance of` by `subclass of`; level shifts affect the whole branch, so review by hand"
"data/vocabulary.wdkb","ontology","level-inst","error","needs-review","Q3695082","sign","Q151885","concept","","`instance of` whose value does not sit one metaclass level up","re-level one of the two items, or replace `instance of` by `subclass of`; level shifts affect the whole branch, so review by hand"
"data/vocabulary.wdkb","ontology","level-inst","error","needs-review","Q96116695","type of system","Q23958852","variable-order class","","`instance of` whose value does not sit one metaclass level up","re-level one of the two items, or replace `instance of` by `subclass of`; level shifts affect the whole branch, so review by hand"
"data/vocabulary.wdkb","ontology","level-inst","error","needs-review","Q108163","proposition","Q33104279","philosophical concept","","`instance of` whose value does not sit one metaclass level up","re-level one of the two items, or replace `instance of` by `subclass of`; level shifts affect the whole branch, so review by hand"
"data/vocabulary.wdkb","ontology","level-inst","error","needs-review","Q1272626","representation","Q96251598","type of object","","`instance of` whose value does not sit one metaclass level up","re-level one of the two items, or replace `instance of` by `subclass of`; level shifts affect the whole branch, so review by hand"
"data/vocabulary.wdkb","ontology","level-inst","error","needs-review","Q138716141","non-peer relative","Q4455897","kinship term","","`instance of` whose value does not sit one metaclass level up","re-level one of the two items, or replace `instance of` by `subclass of`; level shifts affect the whole branch, so review by hand"
"data/vocabulary.wdkb","ontology","level-inst","error","needs-review","Q123241435","realizable entity","Q124711104","BFO class","","`instance of` whose value does not sit one metaclass level up","re-level one of the two items, or replace `instance of` by `subclass of`; level shifts affect the whole branch, so review by hand"
"data/vocabulary.wdkb","ontology","level-inst","error","needs-review","Q1936384","branch of mathematics","Q5962346","classification scheme","","`instance of` whose value does not sit one metaclass level up","re-level one of the two items, or replace `instance of` by `subclass of`; level shifts affect the whole branch, so review by hand"
"data/vocabulary.wdkb","ontology","level-inst","error","needs-review","Q1936384","branch of mathematics","Q109542218","class of parts","","`instance of` whose value does not sit one metaclass level up","re-level one of the two items, or replace `instance of` by `subclass of`; level shifts affect the whole branch, so review by hand"
"data/vocabulary.wdkb","ontology","level-inst","error","needs-review","Q59138870","digital object","Q96251598","type of object","","`instance of` whose value does not sit one metaclass level up","re-level one of the two items, or replace `instance of` by `subclass of`; level shifts affect the whole branch, so review by hand"
"data/vocabulary.wdkb","ontology","level-inst","error","needs-review","Q59138870","digital object","Q139243747","type of artifact","","`instance of` whose value does not sit one metaclass level up","re-level one of the two items, or replace `instance of` by `subclass of`; level shifts affect the whole branch, so review by hand"
"data/vocabulary.wdkb","ontology","level-inst","error","needs-review","Q45025858","depicting object","Q96251598","type of object","","`instance of` whose value does not sit one metaclass level up","re-level one of the two items, or replace `instance of` by `subclass of`; level shifts affect the whole branch, so review by hand"
"data/vocabulary.wdkb","ontology","level-inst","error","needs-review","Q36993249","arranging","Q4026292","action","","`instance of` whose value does not sit one metaclass level up","re-level one of the two items, or replace `instance of` by `subclass of`; level shifts affect the whole branch, so review by hand"
"data/vocabulary.wdkb","ontology","level-inst","error","needs-review","Q7048977","abstract entity","Q23958852","variable-order class","","`instance of` whose value does not sit one metaclass level up","re-level one of the two items, or replace `instance of` by `subclass of`; level shifts affect the whole branch, so review by hand"
"data/vocabulary.wdkb","ontology","level-inst","error","needs-review","Q7048977","abstract entity","Q96251598","type of object","","`instance of` whose value does not sit one metaclass level up","re-level one of the two items, or replace `instance of` by `subclass of`; level shifts affect the whole branch, so review by hand"
"data/vocabulary.wdkb","ontology","level-inst","error","needs-review","Q750843","information processing","Q116505632","type of process","","`instance of` whose value does not sit one metaclass level up","re-level one of the two items, or replace `instance of` by `subclass of`; level shifts affect the whole branch, so review by hand"
"data/vocabulary.wdkb","ontology","level-inst","error","needs-review","Q750843","information processing","Q268592","industry","","`instance of` whose value does not sit one metaclass level up","re-level one of the two items, or replace `instance of` by `subclass of`; level shifts affect the whole branch, so review by hand"
"data/vocabulary.wdkb","ontology","level-inst","error","needs-review","Q500669","technical process","Q116505632","type of process","","`instance of` whose value does not sit one metaclass level up","re-level one of the two items, or replace `instance of` by `subclass of`; level shifts affect the whole branch, so review by hand"
"data/vocabulary.wdkb","ontology","level-inst","error","needs-review","Q1150070","change","Q33104279","philosophical concept","","`instance of` whose value does not sit one metaclass level up","re-level one of the two items, or replace `instance of` by `subclass of`; level shifts affect the whole branch, so review by hand"
"data/vocabulary.wdkb","ontology","level-inst","error","needs-review","Q627436","field of work","Q19478619","metaclass","","`instance of` whose value does not sit one metaclass level up","re-level one of the two items, or replace `instance of` by `subclass of`; level shifts affect the whole branch, so review by hand"
"data/vocabulary.wdkb","ontology","level-inst","error","needs-review","Q483394","genre","Q121344523","type of classification","","`instance of` whose value does not sit one metaclass level up","re-level one of the two items, or replace `instance of` by `subclass of`; level shifts affect the whole branch, so review by hand"
"data/vocabulary.wdkb","ontology","level-inst","error","needs-review","Q110403031","knowledge type","Q19478619","metaclass","","`instance of` whose value does not sit one metaclass level up","re-level one of the two items, or replace `instance of` by `subclass of`; level shifts affect the whole branch, so review by hand"
"data/vocabulary.wdkb","ontology","level-inst","error","needs-review","Q26256810","topic","Q1207505","quality","","`instance of` whose value does not sit one metaclass level up","re-level one of the two items, or replace `instance of` by `subclass of`; level shifts affect the whole branch, so review by hand"
"data/vocabulary.wdkb","ontology","level-inst","error","needs-review","Q21040055","aspect","Q4897819","role","","`instance of` whose value does not sit one metaclass level up","re-level one of the two items, or replace `instance of` by `subclass of`; level shifts affect the whole branch, so review by hand"
"data/vocabulary.wdkb","ontology","level-inst","error","needs-review","Q110402867","knowledge classification","Q121344523","type of classification","","`instance of` whose value does not sit one metaclass level up","re-level one of the two items, or replace `instance of` by `subclass of`; level shifts affect the whole branch, so review by hand"
"data/vocabulary.wdkb","ontology","level-inst","error","needs-review","Q2083958","pattern","Q1047113","field of study","","`instance of` whose value does not sit one metaclass level up","re-level one of the two items, or replace `instance of` by `subclass of`; level shifts affect the whole branch, so review by hand"
"data/vocabulary.wdkb","ontology","level-inst","error","needs-review","Q2083958","pattern","Q2267705","field of study","","`instance of` whose value does not sit one metaclass level up","re-level one of the two items, or replace `instance of` by `subclass of`; level shifts affect the whole branch, so review by hand"
"data/vocabulary.wdkb","ontology","level-inst","error","needs-review","Q96634632","psychology concept","Q137429456","type of concept","","`instance of` whose value does not sit one metaclass level up","re-level one of the two items, or replace `instance of` by `subclass of`; level shifts affect the whole branch, so review by hand"
"data/vocabulary.wdkb","ontology","level-inst","error","needs-review","Q12774177","means","Q106411346","characterization","","`instance of` whose value does not sit one metaclass level up","re-level one of the two items, or replace `instance of` by `subclass of`; level shifts affect the whole branch, so review by hand"
"data/vocabulary.wdkb","ontology","level-inst","error","needs-review","Q1914636","activity","Q116505632","type of process","","`instance of` whose value does not sit one metaclass level up","re-level one of the two items, or replace `instance of` by `subclass of`; level shifts affect the whole branch, so review by hand"
"data/vocabulary.wdkb","ontology","level-inst","error","needs-review","Q116505632","type of process","Q24017414","second-order class","","`instance of` whose value does not sit one metaclass level up","re-level one of the two items, or replace `instance of` by `subclass of`; level shifts affect the whole branch, so review by hand"
"data/vocabulary.wdkb","ontology","level-inst","error","needs-review","Q24034552","mathematical concept","Q23958852","variable-order class","","`instance of` whose value does not sit one metaclass level up","re-level one of the two items, or replace `instance of` by `subclass of`; level shifts affect the whole branch, so review by hand"
"data/vocabulary.wdkb","ontology","level-inst","error","needs-review","Q24034552","mathematical concept","Q137429456","type of concept","","`instance of` whose value does not sit one metaclass level up","re-level one of the two items, or replace `instance of` by `subclass of`; level shifts affect the whole branch, so review by hand"
"data/vocabulary.wdkb","ontology","level-inst","error","needs-review","Q110314665","type of error","Q19478619","metaclass","","`instance of` whose value does not sit one metaclass level up","re-level one of the two items, or replace `instance of` by `subclass of`; level shifts affect the whole branch, so review by hand"
"data/vocabulary.wdkb","ontology","level-inst","error","needs-review","Q11862829","academic discipline","Q110402867","knowledge classification","","`instance of` whose value does not sit one metaclass level up","re-level one of the two items, or replace `instance of` by `subclass of`; level shifts affect the whole branch, so review by hand"
"data/vocabulary.wdkb","ontology","level-inst","error","needs-review","Q54938846","endorelation","Q130324710","type of relation","","`instance of` whose value does not sit one metaclass level up","re-level one of the two items, or replace `instance of` by `subclass of`; level shifts affect the whole branch, so review by hand"
"data/vocabulary.wdkb","ontology","level-inst","error","needs-review","Q12758374","relative","Q4897819","role","","`instance of` whose value does not sit one metaclass level up","re-level one of the two items, or replace `instance of` by `subclass of`; level shifts affect the whole branch, so review by hand"
"data/vocabulary.wdkb","ontology","level-inst","error","needs-review","Q12758374","relative","Q171318","kinship","","`instance of` whose value does not sit one metaclass level up","re-level one of the two items, or replace `instance of` by `subclass of`; level shifts affect the whole branch, so review by hand"
"data/vocabulary.wdkb","ontology","level-inst","error","needs-review","Q4455897","kinship term","Q137426749","type of term","","`instance of` whose value does not sit one metaclass level up","re-level one of the two items, or replace `instance of` by `subclass of`; level shifts affect the whole branch, so review by hand"
"data/vocabulary.wdkb","ontology","level-inst","error","needs-review","Q210953","solar calendar","Q138579261","type of calendar","","`instance of` whose value does not sit one metaclass level up","re-level one of the two items, or replace `instance of` by `subclass of`; level shifts affect the whole branch, so review by hand"
"data/vocabulary.wdkb","ontology","level-inst","error","needs-review","Q669102","arithmetic calendar","Q138579261","type of calendar","","`instance of` whose value does not sit one metaclass level up","re-level one of the two items, or replace `instance of` by `subclass of`; level shifts affect the whole branch, so review by hand"
"data/vocabulary.wdkb","ontology","level-inst","error","needs-review","Q205464","algebraic structure","Q24034552","mathematical concept","","`instance of` whose value does not sit one metaclass level up","re-level one of the two items, or replace `instance of` by `subclass of`; level shifts affect the whole branch, so review by hand"
"data/vocabulary.wdkb","ontology","level-inst","error","needs-review","Q211606","social structure","Q111972893","type of structure","","`instance of` whose value does not sit one metaclass level up","re-level one of the two items, or replace `instance of` by `subclass of`; level shifts affect the whole branch, so review by hand"
"data/vocabulary.wdkb","ontology","level-inst","error","needs-review","Q211606","social structure","Q33104129","sociological concept","","`instance of` whose value does not sit one metaclass level up","re-level one of the two items, or replace `instance of` by `subclass of`; level shifts affect the whole branch, so review by hand"
"data/vocabulary.wdkb","ontology","level-inst","error","needs-review","Q67518978","occurrent","Q124711104","BFO class","","`instance of` whose value does not sit one metaclass level up","re-level one of the two items, or replace `instance of` by `subclass of`; level shifts affect the whole branch, so review by hand"
"data/vocabulary.wdkb","ontology","level-inst","error","needs-review","Q1166625","mathematical problem","Q130286945","type of problem","","`instance of` whose value does not sit one metaclass level up","re-level one of the two items, or replace `instance of` by `subclass of`; level shifts affect the whole branch, so review by hand"
"data/vocabulary.wdkb","ontology","level-inst","error","needs-review","Q17362920","Wikimedia duplicated page","Q27949697","Wikibase reason for deprecated rank","","`instance of` whose value does not sit one metaclass level up","re-level one of the two items, or replace `instance of` by `subclass of`; level shifts affect the whole branch, so review by hand"
"data/vocabulary.wdkb","ontology","level-inst","error","needs-review","Q4887411","benefactor","Q214339","role","","`instance of` whose value does not sit one metaclass level up","re-level one of the two items, or replace `instance of` by `subclass of`; level shifts affect the whole branch, so review by hand"
"data/vocabulary.wdkb","ontology","level-inst","error","needs-review","Q4887411","benefactor","Q12737077","occupation","","`instance of` whose value does not sit one metaclass level up","re-level one of the two items, or replace `instance of` by `subclass of`; level shifts affect the whole branch, so review by hand"
"data/vocabulary.wdkb","ontology","level-inst","error","needs-review","Q3778211","legal person","Q931483","legal fiction","","`instance of` whose value does not sit one metaclass level up","re-level one of the two items, or replace `instance of` by `subclass of`; level shifts affect the whole branch, so review by hand"
"data/vocabulary.wdkb","ontology","level-inst","error","needs-review","Q43667189","donor","Q12737077","occupation","","`instance of` whose value does not sit one metaclass level up","re-level one of the two items, or replace `instance of` by `subclass of`; level shifts affect the whole branch, so review by hand"
"data/vocabulary.wdkb","ontology","level-inst","error","needs-review","Q191067","article","Q4263830","literary form","","`instance of` whose value does not sit one metaclass level up","re-level one of the two items, or replace `instance of` by `subclass of`; level shifts affect the whole branch, so review by hand"
"data/vocabulary.wdkb","ontology","level-inst","error","needs-review","Q191067","article","Q39725049","type of publication","","`instance of` whose value does not sit one metaclass level up","re-level one of the two items, or replace `instance of` by `subclass of`; level shifts affect the whole branch, so review by hand"
"data/vocabulary.wdkb","ontology","level-inst","error","needs-review","Q59157859","secondary information","Q138303935","type of information","","`instance of` whose value does not sit one metaclass level up","re-level one of the two items, or replace `instance of` by `subclass of`; level shifts affect the whole branch, so review by hand"
"data/vocabulary.wdkb","ontology","level-inst","error","needs-review","Q190087","data type","Q96253971","type of property","","`instance of` whose value does not sit one metaclass level up","re-level one of the two items, or replace `instance of` by `subclass of`; level shifts affect the whole branch, so review by hand"
"data/vocabulary.wdkb","ontology","level-inst","error","needs-review","Q190087","data type","Q23958852","variable-order class","","`instance of` whose value does not sit one metaclass level up","re-level one of the two items, or replace `instance of` by `subclass of`; level shifts affect the whole branch, so review by hand"
"data/vocabulary.wdkb","ontology","level-inst","error","needs-review","Q190087","data type","Q19478619","metaclass","","`instance of` whose value does not sit one metaclass level up","re-level one of the two items, or replace `instance of` by `subclass of`; level shifts affect the whole branch, so review by hand"
"data/vocabulary.wdkb","ontology","level-inst","error","needs-review","Q23958852","variable-order class","Q23958852","variable-order class","","`instance of` whose value does not sit one metaclass level up","re-level one of the two items, or replace `instance of` by `subclass of`; level shifts affect the whole branch, so review by hand"
"data/vocabulary.wdkb","ontology","level-inst","error","needs-review","Q154954","natural person","Q2135465","legal term or legal concept","","`instance of` whose value does not sit one metaclass level up","re-level one of the two items, or replace `instance of` by `subclass of`; level shifts affect the whole branch, so review by hand"
"data/vocabulary.wdkb","ontology","level-inst","error","needs-review","Q154954","natural person","Q10541491","legal form","","`instance of` whose value does not sit one metaclass level up","re-level one of the two items, or replace `instance of` by `subclass of`; level shifts affect the whole branch, so review by hand"
"data/vocabulary.wdkb","ontology","level-inst","error","needs-review","Q154954","natural person","Q134601860","class of person","","`instance of` whose value does not sit one metaclass level up","re-level one of the two items, or replace `instance of` by `subclass of`; level shifts affect the whole branch, so review by hand"
"data/vocabulary.wdkb","ontology","level-inst","error","needs-review","Q154954","natural person","Q111360549","type of physical object","","`instance of` whose value does not sit one metaclass level up","re-level one of the two items, or replace `instance of` by `subclass of`; level shifts affect the whole branch, so review by hand"
"data/vocabulary.wdkb","ontology","level-inst","error","needs-review","Q5891007","anatomically modern human","Q134264207","class of human","","`instance of` whose value does not sit one metaclass level up","re-level one of the two items, or replace `instance of` by `subclass of`; level shifts affect the whole branch, so review by hand"
"data/vocabulary.wdkb","ontology","level-inst","error","needs-review","Q55983715","organisms known by a particular common name","Q19478619","metaclass","","`instance of` whose value does not sit one metaclass level up","re-level one of the two items, or replace `instance of` by `subclass of`; level shifts affect the whole branch, so review by hand"
"data/vocabulary.wdkb","ontology","level-inst","error","needs-review","Q19478619","metaclass","Q151885","concept","","`instance of` whose value does not sit one metaclass level up","re-level one of the two items, or replace `instance of` by `subclass of`; level shifts affect the whole branch, so review by hand"
"data/vocabulary.wdkb","ontology","level-inst","error","needs-review","Q19478619","metaclass","Q19868531","formal ontology concept","","`instance of` whose value does not sit one metaclass level up","re-level one of the two items, or replace `instance of` by `subclass of`; level shifts affect the whole branch, so review by hand"
"data/vocabulary.wdkb","ontology","level-inst","error","needs-review","Q720069","nuclear family","Q66363776","family structure","","`instance of` whose value does not sit one metaclass level up","re-level one of the two items, or replace `instance of` by `subclass of`; level shifts affect the whole branch, so review by hand"
"data/vocabulary.wdkb","ontology","level-inst","error","needs-review","Q8436","family","Q112807602","type of social group","","`instance of` whose value does not sit one metaclass level up","re-level one of the two items, or replace `instance of` by `subclass of`; level shifts affect the whole branch, so review by hand"
"data/vocabulary.wdkb","ontology","level-inst","error","needs-review","Q1367590","legal relationship","Q130324710","type of relation","","`instance of` whose value does not sit one metaclass level up","re-level one of the two items, or replace `instance of` by `subclass of`; level shifts affect the whole branch, so review by hand"
"data/vocabulary.wdkb","ontology","level-inst","error","needs-review","Q16889133","class","Q19478619","metaclass","","`instance of` whose value does not sit one metaclass level up","re-level one of the two items, or replace `instance of` by `subclass of`; level shifts affect the whole branch, so review by hand"
"data/vocabulary.wdkb","ontology","level-inst","error","needs-review","Q16889133","class","Q151885","concept","","`instance of` whose value does not sit one metaclass level up","re-level one of the two items, or replace `instance of` by `subclass of`; level shifts affect the whole branch, so review by hand"
"data/vocabulary.wdkb","ontology","level-inst","error","needs-review","Q16889133","class","Q115490628","fundamental Wikidata entity","","`instance of` whose value does not sit one metaclass level up","re-level one of the two items, or replace `instance of` by `subclass of`; level shifts affect the whole branch, so review by hand"
"data/vocabulary.wdkb","ontology","level-inst","error","needs-review","Q367293","convention","Q104637420","sourcing circumstance","","`instance of` whose value does not sit one metaclass level up","re-level one of the two items, or replace `instance of` by `subclass of`; level shifts affect the whole branch, so review by hand"
"data/vocabulary.wdkb","ontology","level-inst","error","needs-review","Q13136","reference work","Q223393","literary genre","","`instance of` whose value does not sit one metaclass level up","re-level one of the two items, or replace `instance of` by `subclass of`; level shifts affect the whole branch, so review by hand"
"data/vocabulary.wdkb","ontology","level-inst","error","needs-review","Q13136","reference work","Q133449656","type of work","","`instance of` whose value does not sit one metaclass level up","re-level one of the two items, or replace `instance of` by `subclass of`; level shifts affect the whole branch, so review by hand"
"data/vocabulary.wdkb","ontology","level-inst","error","needs-review","Q137527772","type of computer language","Q24017414","second-order class","","`instance of` whose value does not sit one metaclass level up","re-level one of the two items, or replace `instance of` by `subclass of`; level shifts affect the whole branch, so review by hand"
"data/vocabulary.wdkb","ontology","level-inst","error","needs-review","Q930933","relation","Q96251598","type of object","","`instance of` whose value does not sit one metaclass level up","re-level one of the two items, or replace `instance of` by `subclass of`; level shifts affect the whole branch, so review by hand"
"data/vocabulary.wdkb","ontology","level-inst","error","needs-review","Q130324710","type of relation","Q19478619","metaclass","","`instance of` whose value does not sit one metaclass level up","re-level one of the two items, or replace `instance of` by `subclass of`; level shifts affect the whole branch, so review by hand"
"data/vocabulary.wdkb","ontology","level-inst","error","needs-review","Q2574811","cause","Q613930","thematic relation","","`instance of` whose value does not sit one metaclass level up","re-level one of the two items, or replace `instance of` by `subclass of`; level shifts affect the whole branch, so review by hand"
"data/vocabulary.wdkb","ontology","level-inst","error","needs-review","Q2574811","cause","Q112234259","source type","","`instance of` whose value does not sit one metaclass level up","re-level one of the two items, or replace `instance of` by `subclass of`; level shifts affect the whole branch, so review by hand"
"data/vocabulary.wdkb","ontology","level-inst","error","needs-review","Q7958","explanation","Q11862829","academic discipline","","`instance of` whose value does not sit one metaclass level up","re-level one of the two items, or replace `instance of` by `subclass of`; level shifts affect the whole branch, so review by hand"
"data/vocabulary.wdkb","ontology","level-inst","error","needs-review","Q7958","explanation","Q1047113","field of study","","`instance of` whose value does not sit one metaclass level up","re-level one of the two items, or replace `instance of` by `subclass of`; level shifts affect the whole branch, so review by hand"
"data/vocabulary.wdkb","ontology","level-inst","error","needs-review","Q7958","explanation","Q2267705","field of study","","`instance of` whose value does not sit one metaclass level up","re-level one of the two items, or replace `instance of` by `subclass of`; level shifts affect the whole branch, so review by hand"
"data/vocabulary.wdkb","ontology","level-inst","error","needs-review","Q138716795","parent or peer relative of parent","Q171318","kinship","","`instance of` whose value does not sit one metaclass level up","re-level one of the two items, or replace `instance of` by `subclass of`; level shifts affect the whole branch, so review by hand"
"data/vocabulary.wdkb","ontology","level-inst","error","needs-review","Q2135465","legal term or legal concept","Q137429456","type of concept","","`instance of` whose value does not sit one metaclass level up","re-level one of the two items, or replace `instance of` by `subclass of`; level shifts affect the whole branch, so review by hand"
"data/vocabulary.wdkb","ontology","level-inst","error","needs-review","Q110832782","software resource","Q14946528","conflation","","`instance of` whose value does not sit one metaclass level up","re-level one of the two items, or replace `instance of` by `subclass of`; level shifts affect the whole branch, so review by hand"
"data/vocabulary.wdkb","ontology","level-inst","error","needs-review","Q4720939","closure","Q24034552","mathematical concept","","`instance of` whose value does not sit one metaclass level up","re-level one of the two items, or replace `instance of` by `subclass of`; level shifts affect the whole branch, so review by hand"
"data/vocabulary.wdkb","ontology","level-inst","error","needs-review","Q4720939","closure","Q3924032","mathematical property","","`instance of` whose value does not sit one metaclass level up","re-level one of the two items, or replace `instance of` by `subclass of`; level shifts affect the whole branch, so review by hand"
"data/vocabulary.wdkb","ontology","level-inst","error","needs-review","Q853614","identifier","Q138303935","type of information","","`instance of` whose value does not sit one metaclass level up","re-level one of the two items, or replace `instance of` by `subclass of`; level shifts affect the whole branch, so review by hand"
"data/vocabulary.wdkb","ontology","level-inst","error","needs-review","Q7560","mother","Q171318","kinship","","`instance of` whose value does not sit one metaclass level up","re-level one of the two items, or replace `instance of` by `subclass of`; level shifts affect the whole branch, so review by hand"
"examples/defects.skb","ontology","level-inst","error","needs-review","Q11","","Q12","","","`instance of` whose value does not sit one metaclass level up","re-level one of the two items, or replace `instance of` by `subclass of`; level shifts affect the whole branch, so review by hand"
