"source","layer","code","severity","status","subject","subject label","object","object label","extra","message","fix"
"data/vocabulary.wdkb","ontology","level-inst","error","needs-review","Q2013","Wikidata","Q33120876","Wikimedia content project","","`instance of` whose value does not sit one metaclass level up","re-level one of the two items, or replace `instance of` by `subclass of`; level shifts affect the whole branch, so review by hand"
"data/vocabulary.wdkb","ontology","level-inst","error","needs-review","Q2013","Wikidata","Q33002955","knowledge graph","","`instance of` whose value does not sit one metaclass level up","re-level one of the two items, or replace `instance of` by `subclass of`; level shifts affect the whole branch, so review by hand"
"data/vocabulary.wdkb","ontology","level-inst","error","needs-review","Q2013","Wikidata","Q593744","knowledge base","","`instance of` whose value does not sit one metaclass level up","re-level one of the two items, or replace `instance of` by `subclass of`; level shifts affect the whole branch, so review by hand"
"data/vocabulary.wdkb","ontology","level-inst","error","needs-review","Q2013","Wikidata","Q7094076","online database","","`instance of` whose value does not sit one metaclass level up","re-level one of the two items, or replace `instance of` by `subclass of`; level shifts affect the whole branch, so review by hand"
"data/vocabulary.wdkb","ontology","level-inst","error","needs-review","Q2013","Wikidata","Q638153","semantic wiki","","`instance of` whose value does not sit one metaclass level up","re-level one of the two items, or replace `instance of` by `subclass of`; level shifts affect the whole branch, so review by hand"
"data/vocabulary.wdkb","ontology","level-inst","error","needs-review","Q2013","Wikidata","Q115660447","Wikibase instance","","`instance of` whose value does not sit one metaclass level up","re-level one of the two items, or replace `instance of` by `subclass of`; level shifts affect the whole branch, so review by hand"
"data/vocabulary.wdkb","ontology","level-inst","error","needs-review","Q2013","Wikidata","Q136375263","Wikimedia multilingual project","","`instance of` whose value does not sit one metaclass level up","re-level one of the two items, or replace `instance of` by `subclass of`; level shifts affect the whole branch, so review by hand"
"data/vocabulary.wdkb","ontology","level-inst","error","needs-review","Q2013","Wikidata","Q36509592","wiki with script conversion","","`instance of` whose value does not sit one metaclass level up","re-level one of the two items, or replace `instance of` by `subclass of`; level shifts affect the whole branch, so review by hand"
"data/vocabulary.wdkb","ontology","level-inst","error","needs-review","Q2013","Wikidata","Q114955954","crowdsourced project","","`instance of` whose value does not sit one metaclass level up","re-level one of the two items, or replace `instance of` by `subclass of`; level shifts affect the whole branch, so review by hand"
"data/vocabulary.wdkb","ontology","level-inst","error","needs-review","Q2013","Wikidata","Q115471117","self-depicting entity","","`instance of` whose value does not sit one metaclass level up","re-level one of the two items, or replace `instance of` by `subclass of`; level shifts affect the whole branch, so review by hand"
"data/vocabulary.wdkb","ontology","level-inst","error","needs-review","Q2013","Wikidata","Q1293664","open content","","`instance of` whose value does not sit one metaclass level up","re-level one of the two items, or replace `instance of` by `subclass of`; level shifts affect the whole branch, so review by hand"
"data/vocabulary.wdkb","ontology","level-inst","error","needs-review","Q2013","Wikidata","Q1322494","sociotope","","`instance of` whose value does not sit one metaclass level up","re-level one of the two items, or replace `instance of` by `subclass of`; level shifts affect the whole branch, so review by hand"
"data/vocabulary.wdkb","ontology","level-inst","error","needs-review","Q11398","biological classification","Q121344523","type of classification","","`instance of` whose value does not sit one metaclass level up","re-level one of the two items, or replace `instance of` by `subclass of`; level shifts affect the whole branch, so review by hand"
"data/vocabulary.wdkb","ontology","level-inst","error","needs-review","Q31184","sibling","Q171318","kinship","","`instance of` whose value does not sit one metaclass level up","re-level one of the two items, or replace `instance of` by `subclass of`; level shifts affect the whole branch, so review by hand"
"data/vocabulary.wdkb","ontology","level-inst","error","needs-review","Q54872","Resource Description Framework","Q629206","computer language","","`instance of` whose value does not sit one metaclass level up","re-level one of the two items, or replace `instance of` by `subclass of`; level shifts affect the whole branch, so review by hand"
"data/vocabulary.wdkb","ontology","level-inst","error","needs-review","Q54872","Resource Description Framework","Q1047113","field of study","","`instance of` whose value does not sit one metaclass level up","re-level one of the two items, or replace `instance of` by `subclass of`; level shifts affect the whole branch, so review by hand"
"data/vocabulary.wdkb","ontology","level-inst","error","needs-review","Q54872","Resource Description Framework","Q2267705","field of study","","`instance of` whose value does not sit one metaclass level up","re-level one of the two items, or replace `instance of` by `subclass of`; level shifts affect the whole branch, so review by hand"
"data/vocabulary.wdkb","ontology","level-inst","error","needs-review","Q54872","Resource Description Framework","Q1172480","data model","","`instance of` whose value does not sit one metaclass level up","re-level one of the two items, or replace `instance of` by `subclass of`; level shifts affect the whole branch, so review by hand"
"data/vocabulary.wdkb","ontology","level-inst","error","needs-review","Q54872","Resource Description Framework","Q317623","technical standard","","`instance of` whose value does not sit one metaclass level up","re-level one of the two items, or replace `instance of` by `subclass of`; level shifts affect the whole branch, so review by hand"
"data/vocabulary.wdkb","ontology","level-inst","error","needs-review","Q157509","legal guardian","Q1767348","legal kinship","","`instance of` whose value does not sit one metaclass level up","re-level one of the two items, or replace `instance of` by `subclass of`; level shifts affect the whole branch, so review by hand"
"data/vocabulary.wdkb","ontology","level-inst","error","needs-review","Q185359","union","Q1964995","set operation","","`instance of` whose value does not sit one metaclass level up","re-level one of the two items, or replace `instance of` by `subclass of`; level shifts affect the whole branch, so review by hand"
"data/vocabulary.wdkb","ontology","level-inst","error","needs-review","Q185359","union","Q164307","binary operation","","`instance of` whose value does not sit one metaclass level up","re-level one of the two items, or replace `instance of` by `subclass of`; level shifts affect the whole branch, so review by hand"
"data/vocabulary.wdkb","ontology","level-inst","error","needs-review","Q185359","union","Q109956737","union of several sets","","`instance of` whose value does not sit one metaclass level up","re-level one of the two items, or replace `instance of` by `subclass of`; level shifts affect the whole branch, so review by hand"
"data/vocabulary.wdkb","ontology","level-inst","error","needs-review","Q185837","intersection","Q1964995","set operation","","`instance of` whose value does not sit one metaclass level up","re-level one of the two items, or replace `instance of` by `subclass of`; level shifts affect the whole branch, so review by hand"
"data/vocabulary.wdkb","ontology","level-inst","error","needs-review","Q185837","intersection","Q164307","binary operation","","`instance of` whose value does not sit one metaclass level up","re-level one of the two items, or replace `instance of` by `subclass of`; level shifts affect the whole branch, so review by hand"
"data/vocabulary.wdkb","ontology","level-inst","error","needs-review","Q185837","intersection","Q17141489","intersection","","`instance of` whose value does not sit one metaclass level up","re-level one of the two items, or replace `instance of` by `subclass of`; level shifts affect the whole branch, so review by hand"
"data/vocabulary.wdkb","ontology","level-inst","error","needs-review","Q185837","intersection","Q109957042","intersection of several sets","","`instance of` whose value does not sit one metaclass level up","re-level one of the two items, or replace `instance of` by `subclass of`; level shifts affect the whole branch, so review by hand"
"data/vocabulary.wdkb","ontology","level-inst","error","needs-review","Q188619","hierarchy","Q111972893","type of structure","","`instance of` whose value does not sit one metaclass level up","re-level one of the two items, or replace `instance of` by `subclass of`; level shifts affect the whole branch, so review by hand"
"data/vocabulary.wdkb","ontology","level-inst","error","needs-review","Q194404","monotonic function","Q47279819","type of mathematical function","","`instance of` whose value does not sit one metaclass level up","re-level one of the two items, or replace `instance of` by `subclass of`; level shifts affect the whole branch, so review by hand"
"data/vocabulary.wdkb","ontology","level-inst","error","needs-review","Q223973","godparent","Q1969448","term","","`instance of` whose value does not sit one metaclass level up","re-level one of the two items, or replace `instance of` by `subclass of`; level shifts affect the whole branch, so review by hand"
"data/vocabulary.wdkb","ontology","level-inst","error","needs-review","Q324254","ontology","Q2267705","field of study","","`instance of` whose value does not sit one metaclass level up","re-level one of the two items, or replace `instance of` by `subclass of`; level shifts affect the whole branch, so review by hand"
"data/vocabulary.wdkb","ontology","level-inst","error","needs-review","Q374182","logical consequence","Q151885","concept","","`instance of` whose value does not sit one metaclass level up","re-level one of the two items, or replace `instance of` by `subclass of`; level shifts affect the whole branch, so review by hand"
"data/vocabulary.wdkb","ontology","level-inst","error","needs-review","Q467606","model theory","Q20026918","mathematical theory","","`instance of` whose value does not sit one metaclass level up","re-level one of the two items, or replace `instance of` by `subclass of`; level shifts affect the whole branch, so review by hand"
"data/vocabulary.wdkb","ontology","level-inst","error","needs-review","Q593744","knowledge base","Q2267705","field of study","","`instance of` whose value does not sit one metaclass level up","re-level one of the two items, or replace `instance of` by `subclass of`; level shifts affect the whole branch, so review by hand"
"data/vocabulary.wdkb","ontology","level-inst","error","needs-review","Q753127","topological sorting","Q3435924","computational problem","","`instance of` whose value does not sit one metaclass level up","re-level one of the two items, or replace `instance of` by `subclass of`; level shifts affect the whole branch, so review by hand"
"data/vocabulary.wdkb","ontology","level-inst","error","needs-review","Q1194916","mereology","Q1047113","field of study","","`instance of` whose value does not sit one metaclass level up","re-level one of the two items, or replace `instance of` by `subclass of`; level shifts affect the whole branch, so review by hand"
"data/vocabulary.wdkb","ontology","level-inst","error","needs-review","Q1266546","record linkage","Q14946528","conflation","","`instance of` whose value does not sit one metaclass level up","re-level one of the two items, or replace `instance of` by `subclass of`; level shifts affect the whole branch, so review by hand"
"data/vocabulary.wdkb","ontology","level-inst","error","needs-review","Q1361526","reachability","Q130901","binary relation","","`instance of` whose value does not sit one metaclass level up","re-level one of the two items, or replace `instance of` by `subclass of`; level shifts affect the whole branch, so review by hand"
"data/vocabulary.wdkb","ontology","level-inst","error","needs-review","Q1501387","transitive closure","Q3753945","closure of a relation","","`instance of` whose value does not sit one metaclass level up","re-level one of the two items, or replace `instance of` by `subclass of`; level shifts affect the whole branch, so review by hand"
"data/vocabulary.wdkb","ontology","level-inst","error","needs-review","Q1502246","biological parent","Q171318","kinship","","`instance of` whose value does not sit one metaclass level up","re-level one of the two items, or replace `instance of` by `subclass of`; level shifts affect the whole branch, so review by hand"
"data/vocabulary.wdkb","ontology","level-inst","error","needs-review","Q1985786","proleptic Julian calendar","Q11184","Julian calendar","","`instance of` whose value does not sit one metaclass level up","re-level one of the two items, or replace `instance of` by `subclass of`; level shifts affect the whole branch, so review by hand"
"data/vocabulary.wdkb","ontology","level-inst","error","needs-review","Q1985786","proleptic Julian calendar","Q7249564","proleptic calendar","","`instance of` whose value does not sit one metaclass level up","re-level one of the two items, or replace `instance of` by `subclass of`; level shifts affect the whole branch, so review by hand"
"data/vocabulary.wdkb","ontology","level-inst","error","needs-review","Q2427941","foster parent","Q11666901","nominal kinship","","`instance of` whose value does not sit one metaclass level up","re-level one of the two items, or replace `instance of` by `subclass of`; level shifts affect the whole branch, so review by hand"
"data/vocabulary.wdkb","ontology","level-inst","error","needs-review","Q3088151","transitive reduction","Q30503704","graph algorithm","","`instance of` whose value does not sit one metaclass level up","re-level one of the two items, or replace `instance of` by `subclass of`; level shifts affect the whole branch, so review by hand"
"data/vocabulary.wdkb","ontology","level-inst","error","needs-review","Q4312352","lowest common ancestor","Q3435924","computational problem","","`instance of` whose value does not sit one metaclass level up","re-level one of the two items, or replace `instance of` by `subclass of`; level shifts affect the whole branch, so review by hand"
"data/vocabulary.wdkb","ontology","level-inst","error","needs-review","Q12338229","sperm donor","Q12737077","occupation","","`instance of` whose value does not sit one metaclass level up","re-level one of the two items, or replace `instance of` by `subclass of`; level shifts affect the whole branch, so review by hand"
"data/vocabulary.wdkb","ontology","level-inst","error","needs-review","Q16222597","Wikidata item","Q115470359","Wikibase item datatype","","`instance of` whose value does not sit one metaclass level up","re-level one of the two items, or replace `instance of` by `subclass of`; level shifts affect the whole branch, so review by hand"
"data/vocabulary.wdkb","ontology","level-inst","error","needs-review","Q16547118","surrogate mother","Q171318","kinship","","`instance of` whose value does not sit one metaclass level up","re-level one of the two items, or replace `instance of` by `subclass of`; level shifts affect the whole branch, so review by hand"
"data/vocabulary.wdkb","ontology","level-inst","error","needs-review","Q16547118","surrogate mother","Q12737077","occupation","","`instance of` whose value does not sit one metaclass level up","re-level one of the two items, or replace `instance of` by `subclass of`; level shifts affect the whole branch, so review by hand"
"data/vocabulary.wdkb","ontology","level-inst","error","needs-review","Q18616576","Wikidata property","Q96253971","type of property","","`instance of` whose value does not sit one metaclass level up","re-level one of the two items, or replace `instance of` by `subclass of`; level shifts affect the whole branch, so review by hand"
"data/vocabulary.wdkb","ontology","level-inst","error","needs-review","Q18647515","transitive Wikidata property","Q107649491","type of Wikidata property","","`instance of` whose value does not sit one metaclass level up","re-level one of the two items, or replace `instance of` by `subclass of`; level shifts affect the whole branch, so review by hand"
"data/vocabulary.wdkb","ontology","level-inst","error","needs-review","Q18647515","transitive Wikidata property","Q115490628","fundamental Wikidata entity","","`instance of` whose value does not sit one metaclass level up","re-level one of the two items, or replace `instance of` by `subclass of`; level shifts affect the whole branch, so review by hand"
"data/vocabulary.wdkb","ontology","level-inst","error","needs-review","Q19798647","concept of no-value in Wikibase","Q19798644","Wikibase data model element","","`instance of` whose value does not sit one metaclass level up","re-level one of the two items, or replace `instance of` by `subclass of`; level shifts affect the whole branch, so review by hand"
"data/vocabulary.wdkb","ontology","level-inst","error","needs-review","Q19798648","concept of unknown value in Wikibase","Q19798644","Wikibase data model element","","`instance of` whose value does not sit one metaclass level up","re-level one of the two items, or replace `instance of` by `subclass of`; level shifts affect the whole branch, so review by hand"
"data/vocabulary.wdkb","ontology","level-inst","error","needs-review","Q19822352","stepparent","Q11666901","nominal kinship","","`instance of` whose value does not sit one metaclass level up","re-level one of the two items, or replace `instance of` by `subclass of`; level shifts affect the whole branch, so review by hand"
"data/vocabulary.wdkb","ontology","level-inst","error","needs-review","Q19847637","Wikidata property for an identifier","Q107649491","type of Wikidata property","","`instance of` whose value does not sit one metaclass level up","re-level one of the two items, or replace `instance of` by `subclass of`; level shifts affect the whole branch, so review by hand"
"data/vocabulary.wdkb","ontology","level-inst","error","needs-review","Q20746742","adoptive parent","Q171318","kinship","","`instance of` whose value does not sit one metaclass level up","re-level one of the two items, or replace `instance of` by `subclass of`; level shifts affect the whole branch, so review by hand"
"data/vocabulary.wdkb","ontology","level-inst","error","needs-review","Q21503250","subject type constraint","Q27949697","Wikibase reason for deprecated rank","","`instance of` whose value does not sit one metaclass level up","re-level one of the two items, or replace `instance of` by `subclass of`; level shifts affect the whole branch, so review by hand"
"data/vocabulary.wdkb","ontology","level-inst","error","needs-review","Q29377880","Shape Expressions","Q317623","technical standard","","`instance of` whose value does not sit one metaclass level up","re-level one of the two items, or replace `instance of` by `subclass of`; level shifts affect the whole branch, so review by hand"
"data/vocabulary.wdkb","ontology","level-inst","error","needs-review","Q29377880","Shape Expressions","Q691358","domain-specific language","","`instance of` whose value does not sit one metaclass level up","re-level one of the two items, or replace `instance of` by `subclass of`; level shifts affect the whole branch, so review by hand"
"data/vocabulary.wdkb","ontology","level-inst","error","needs-review","Q29377880","Shape Expressions","Q324254","ontology","","`instance of` whose value does not sit one metaclass level up","re-level one of the two items, or replace `instance of` by `subclass of`; level shifts affect the whole branch, so review by hand"
"data/vocabulary.wdkb","ontology","level-inst","error","needs-review","Q43649390","Wikidata Q identifier","Q6545185","unique identifier","","`instance of` whose value does not sit one metaclass level up","re-level one of the two items, or replace `instance of` by `subclass of`; level shifts affect the whole branch, so review by hand"
"data/vocabulary.wdkb","ontology","level-inst","error","needs-review","Q44292661","Wikidata reference","Q71533077","Wikibase reason for preferred rank","","`instance of` whose value does not sit one metaclass level up","re-level one of the two items, or replace `instance of` by `subclass of`; level shifts affect the whole branch, so review by hand"
"data/vocabulary.wdkb","ontology","level-inst","error","needs-review","Q54285143","Wikibase form","Q115475104","Wikibase datatype added by WikibaseLexeme","","`instance of` whose value does not sit one metaclass level up","re-level one of the two items, or replace `instance of` by `subclass of`; level shifts affect the whole branch, so review by hand"
"data/vocabulary.wdkb","ontology","level-inst","error","needs-review","Q73737357","deprecated rank","Q21281405","Wikidata internal entity","","`instance of` whose value does not sit one metaclass level up","re-level one of the two items, or replace `instance of` by `subclass of`; level shifts affect the whole branch, so review by hand"
"data/vocabulary.wdkb","ontology","level-inst","error","needs-review","Q136873419","birth mother","Q171318","kinship","","`instance of` whose value does not sit one metaclass level up","re-level one of the two items, or replace `instance of` by `subclass of`; level shifts affect the whole branch, so review by hand"
"data/vocabulary.wdkb","ontology","level-inst","error","needs-review","Q33120876","Wikimedia content project","Q136433633","wiki genre","","`instance of` whose value does not sit one metaclass level up","re-level one of the two items, or replace `instance of` by `subclass of`; level shifts affect the whole branch, so review by hand"
"data/vocabulary.wdkb","ontology","level-inst","error","needs-review","Q33120876","Wikimedia content project","Q122759350","user-generated content platform","","`instance of` whose value does not sit one metaclass level up","re-level one of the two items, or replace `instance of` by `subclass of`; level shifts affect the whole branch, so review by hand"
"data/vocabulary.wdkb","ontology","level-inst","error","needs-review","Q638153","semantic wiki","Q136433633","wiki genre","","`instance of` whose value does not sit one metaclass level up","re-level one of the two items, or replace `instance of` by `subclass of`; level shifts affect the whole branch, so review by hand"
"data/vocabulary.wdkb","ontology","level-inst","error","needs-review","Q114955954","crowdsourced project","Q136937144","project type","","`instance of` whose value does not sit one metaclass level up","re-level one of the two items, or replace `instance of` by `subclass of`; level shifts affect the whole branch, so review by hand"
"data/vocabulary.wdkb","ontology","level-inst","error","needs-review","Q1322494","sociotope","Q33104129","sociological concept","","`instance of` whose value does not sit one metaclass level up","re-level one of the two items, or replace `instance of` by `subclass of`; level shifts affect the whole branch, so review by hand"
"data/vocabulary.wdkb","ontology","level-inst","error","needs-review","Q121344523","type of classification","Q23958852","variable-order class","","`instance of` whose value does not sit one metaclass level up","re-level one of the two items, or replace `instance of` by `subclass of`; level shifts affect the whole branch, so review by hand"
"data/vocabulary.wdkb","ontology","level-inst","error","needs-review","Q25098571","first-degree relative","Q5555733","degree of kinship","","`instance of` whose value does not sit one metaclass level up","re-level one of the two items, or replace `instance of` by `subclass of`; level shifts affect the whole branch, so review by hand"
"data/vocabulary.wdkb","ontology","level-inst","error","needs-review","Q138717307","sibling or parallel cousin","Q171318","kinship","","`instance of` whose value does not sit one metaclass level up","re-level one of the two items, or replace `instance of` by `subclass of`; level shifts affect the whole branch, so review by hand"
"data/vocabulary.wdkb","ontology","level-inst","error","needs-review","Q629206","computer language","Q20829075","type of language","","`instance of` whose value does not sit one metaclass level up","re-level one of the two items, or replace `instance of` by `subclass of`; level shifts affect the whole branch, so review by hand"
"data/vocabulary.wdkb","ontology","level-inst","error","needs-review","Q11997597","representative","Q4164871","position","","`instance of` whose value does not sit one metaclass level up","re-level one of the two items, or replace `instance of` by `subclass of`; level shifts affect the whole branch, so review by hand"
"data/vocabulary.wdkb","ontology","level-inst","error","needs-review","Q11997597","representative","Q12737077","occupation","","`instance of` whose value does not sit one metaclass level up","re-level one of the two items, or replace `instance of` by `subclass of`; level shifts affect the whole branch, so review by hand"
"data/vocabulary.wdkb","ontology","level-inst","error","needs-review","Q11997597","representative","Q4897819","role","","`instance of` whose value does not sit one metaclass level up","re-level one of the two items, or replace `instance of` by `subclass of`; level shifts affect the whole branch, so review by hand"
"data/vocabulary.wdkb","ontology","level-inst","error","needs-review","Q524778","commissioner","Q4164871","position","","`instance of` whose value does not sit one metaclass level up","re-level one of the two items, or replace `instance of` by `subclass of`; level shifts affect the whole branch, so review by hand"
"data/vocabulary.wdkb","ontology","level-inst","error","needs-review","Q524778","commissioner","Q12737077","occupation","","`instance of` whose value does not sit one metaclass level up","re-level one of the two items, or replace `instance of` by `subclass of`; level shifts affect the whole branch, so review by hand"
"data/vocabulary.wdkb","ontology","level-inst","error","needs-review","Q524778","commissioner","Q216353","title","","`instance of` whose value does not sit one metaclass level up","re-level one of the two items, or replace `instance of` by `subclass of`; level shifts affect the whole branch, so review by hand"
"data/vocabulary.wdkb","ontology","level-inst","error","needs-review","Q115641683","custodian","Q12737077","occupation","","`instance of` whose value does not sit one metaclass level up","re-level one of the two items, or replace `instance of` by `subclass of`; level shifts affect the whole branch, so review by hand"
"data/vocabulary.wdkb","ontology","level-inst","error","needs-review","Q223642","interpersonal relationship","Q130324710","type of relation","","`instance of` whose value does not sit one metaclass level up","re-level one of the two items, or replace `instance of` by `subclass of`; level shifts affect the whole branch, so review by hand"
"data/vocabulary.wdkb","ontology","level-inst","error","needs-review","Q17141489","intersection","Q24034552","mathematical concept","","`instance of` whose value does not sit one metaclass level up","re-level one of the two items, or replace `instance of` by `subclass of`; level shifts affect the whole branch, so review by hand"
"data/vocabulary.wdkb","ontology","level-inst","error","needs-review","Q44946","point","Q6453739","primitive notion","","`instance of` whose value does not sit one metaclass level up","re-level one of the two items, or replace `instance of` by `subclass of`; level shifts affect the whole branch, so review by hand"
"data/vocabulary.wdkb","ontology","level-inst","error","needs-review","Q44946","point","Q21550639","geometric concept","","`instance of` whose value does not sit one metaclass level up","re-level one of the two items, or replace `instance of` by `subclass of`; level shifts affect the whole branch, so review by hand"
"data/vocabulary.wdkb","ontology","level-inst","error","needs-review","Q3622126","conceptual system","Q96116695","type of system","","`instance of` whose value does not sit one metaclass level up","re-level one of the two items, or replace `instance of` by `subclass of`; level shifts affect the whole branch, so review by hand"
"data/vocabulary.wdkb","ontology","level-inst","error","needs-review","Q6671777","structure","Q33104279","philosophical concept","","`instance of` whose value does not sit one metaclass level up","re-level one of the two items, or replace `instance of` by `subclass of`; level shifts affect the whole branch, so review by hand"
"data/vocabulary.wdkb","ontology","level-inst","error","needs-review","Q111972893","type of structure","Q23958852","variable-order class","","`instance of` whose value does not sit one metaclass level up","re-level one of the two items, or replace `instance of` by `subclass of`; level shifts affect the whole branch, so review by hand"
"data/vocabulary.wdkb","ontology","level-inst","error","needs-review","Q11348","function","Q24034552","mathematical concept","","`instance of` whose value does not sit one metaclass level up","re-level one of the two items, or replace `instance of` by `subclass of`; level shifts affect the whole branch, so review by hand"
"data/vocabulary.wdkb","ontology","level-inst","error","needs-review","Q36161","set","Q6453739","primitive notion","","`instance of` whose value does not sit one metaclass level up","re-level one of the two items, or replace `instance of` by `subclass of`; level shifts affect the whole branch, so review by hand"
"data/vocabulary.wdkb","ontology","level-inst","error","needs-review","Q28864853","patronage","Q223642","interpersonal relationship","","`instance of` whose value does not sit one metaclass level up","re-level one of the two items, or replace `instance of` by `subclass of`; level shifts affect the whole branch, so review by hand"
"data/vocabulary.wdkb","ontology","level-inst","error","needs-review","Q4504549","religious role","Q24017414","second-order class","","`instance of` whose value does not sit one metaclass level up","re-level one of the two items, or replace `instance of` by `subclass of`; level shifts affect the whole branch, so review by hand"
"data/vocabulary.wdkb","ontology","level-inst","error","needs-review","Q1172480","data model","Q140642100","type of model","","`instance of` whose value does not sit one metaclass level up","re-level one of the two items, or replace `instance of` by `subclass of`; level shifts affect the whole branch, so review by hand"
"data/vocabulary.wdkb","ontology","level-inst","error","needs-review","Q138715847","senior relative","Q4455897","kinship term","","`instance of` whose value does not sit one metaclass level up","re-level one of the two items, or replace `instance of` by `subclass of`; level shifts affect the whole branch, so review by hand"
"data/vocabulary.wdkb","ontology","level-inst","error","needs-review","Q1166618","mathematical logic","Q1936384","branch of mathematics","","`instance of` whose value does not sit one metaclass level up","re-level one of the two items, or replace `instance of` by `subclass of`; level shifts affect the whole branch, so review by hand"
"data/vocabulary.wdkb","ontology","level-inst","error","needs-review","Q1166618","mathematical logic","Q20026918","mathematical theory","","`instance of` whose value does not sit one metaclass level up","re-level one of the two items, or replace `instance of` by `subclass of`; level shifts affect the whole branch, so review by hand"
"data/vocabulary.wdkb","ontology","level-inst","error","needs-review","Q20026918","mathematical theory","Q24034552","mathematical concept","","`instance of` whose value does not sit one metaclass level up","re-level one of the two items, or replace `instance of` by `subclass of`; level shifts affect the whole branch, so review by hand"
"data/vocabulary.wdkb","ontology","level-inst","error","needs-review","Q2623243","conceptual model","Q1047113","field of study","","`instance of` whose value does not sit one metaclass level up","re-level one of the two items, or replace `instance of` by `subclass of`; level shifts affect the whole branch, so review by hand"
"data/vocabulary.wdkb","ontology","level-inst","error","needs-review","Q2623243","conceptual model","Q2267705","field of study","","`instance of` whose value does not sit one metaclass level up","re-level one of the two items, or replace `instance of` by `subclass of`; level shifts affect the whole branch, so review by hand"
"data/vocabulary.wdkb","ontology","level-inst","error","needs-review","Q2303697","sorting","Q1724915","use","","`instance of` whose value does not sit one metaclass level up","re-level one of the two items, or replace `instance of` by `subclass of`; level shifts affect the whole branch, so review by hand"
"data/vocabulary.wdkb","ontology","level-inst","error","needs-review","Q2303697","sorting","Q1047113","field of study","","`instance of` whose value does not sit one metaclass level up","re-level one of the two items, or replace `instance of` by `subclass of`; level shifts affect the whole branch, so review by hand"
"data/vocabulary.wdkb","ontology","level-inst","error","needs-review","Q2303697","sorting","Q2267705","field of study","","`instance of` whose value does not sit one metaclass level up","re-level one of the two items, or replace `instance of` by `subclass of`; level shifts affect the whole branch, so review by hand"
"data/vocabulary.wdkb","ontology","level-inst","error","needs-review","Q2303697","sorting","Q3435924","computational problem","","`instance of` whose value does not sit one metaclass level up","re-level one of the two items, or replace `instance of` by `subclass of`; level shifts affect the whole branch, so review by hand"
"data/vocabulary.wdkb","ontology","level-inst","error","needs-review","Q937228","property","Q19478619","metaclass","","`instance of` whose value does not sit one metaclass level up","re-level one of the two items, or replace `instance of` by `subclass of`; level shifts affect the whole branch, so review by hand"
"data/vocabulary.wdkb","ontology","level-inst","error","needs-review","Q937228","property","Q714737","category of being","","`instance of` whose value does not sit one metaclass level up","re-level one of the two items, or replace `instance of` by `subclass of`; level shifts affect the whole branch, so review by hand"
"data/vocabulary.wdkb","ontology","level-inst","error","needs-review","Q6661985","data processing","Q116505632","type of process","","`instance of` whose value does not sit one metaclass level up","re-level one of the two items, or replace `instance of` by `subclass of`; level shifts affect the whole branch, so review by hand"
"data/vocabulary.wdkb","ontology","level-inst","error","needs-review","Q5891","philosophy","Q11862829","academic discipline","","`instance of` whose value does not sit one metaclass level up","re-level one of the two items, or replace `instance of` by `subclass of`; level shifts affect the whole branch, so review by hand"
"data/vocabulary.wdkb","ontology","level-inst","error","needs-review","Q5891","philosophy","Q483394","genre","","`instance of` whose value does not sit one metaclass level up","re-level one of the two items, or replace `instance of` by `subclass of`; level shifts affect the whole branch, so review by hand"
"data/vocabulary.wdkb","ontology","level-inst","error","needs-review","Q1047113","field of study","Q110402867","knowledge classification","","`instance of` whose value does not sit one metaclass level up","re-level one of the two items, or replace `instance of` by `subclass of`; level shifts affect the whole branch, so review by hand"
"data/vocabulary.wdkb","ontology","level-inst","error","needs-review","Q9332","behavior","Q96634632","psychology concept","","`instance of` whose value does not sit one metaclass level up","re-level one of the two items, or replace `instance of` by `subclass of`; level shifts affect the whole branch, so review by hand"
"data/vocabulary.wdkb","ontology","level-inst","error","needs-review","Q1799072","method","Q1047113","field of study","","`instance of` whose value does not sit one metaclass level up","re-level one of the two items, or replace `instance of` by `subclass of`; level shifts affect the whole branch, so review by hand"
"data/vocabulary.wdkb","ontology","level-inst","error","needs-review","Q1799072","method","Q2267705","field of study","","`instance of` whose value does not sit one metaclass level up","re-level one of the two items, or replace `instance of` by `subclass of`; level shifts affect the whole branch, so review by hand"
"data/vocabulary.wdkb","ontology","level-inst","error","needs-review","Q10843872","process","Q116505632","type of process","","`instance of` whose value does not sit one metaclass level up","re-level one of the two items, or replace `instance of` by `subclass of`; level shifts affect the whole branch, so review by hand"
"data/vocabulary.wdkb","ontology","level-inst","error","needs-review","Q130901","binary relation","Q130324710","type of relation","","`instance of` whose value does not sit one metaclass level up","re-level one of the two items, or replace `instance of` by `subclass of`; level shifts affect the whole branch, so review by hand"
"data/vocabulary.wdkb","ontology","level-inst","error","needs-review","Q185698","methodology","Q11862829","academic discipline","","`instance of` whose value does not sit one metaclass level up","re-level one of the two items, or replace `instance of` by `subclass of`; level shifts affect the whole branch, so review by hand"
"data/vocabulary.wdkb","ontology","level-inst","error","needs-review","Q64861","transitive relation","Q130324710","type of relation","","`instance of` whose value does not sit one metaclass level up","re-level one of the two items, or replace `instance of` by `subclass of`; level shifts affect the whole branch, so review by hand"
"data/vocabulary.wdkb","ontology","level-inst","error","needs-review","Q138715303","older relative","Q4455897","kinship term","","`instance of` whose value does not sit one metaclass level up","re-level one of the two items, or replace `instance of` by `subclass of`; level shifts affect the whole branch, so review by hand"
"data/vocabulary.wdkb","ontology","level-inst","error","needs-review","Q11184","Julian calendar","Q210953","solar calendar","","`instance of` whose value does not sit one metaclass level up","re-level one of the two items, or replace `instance of` by `subclass of`; level shifts affect the whole branch, so review by hand"
"data/vocabulary.wdkb","ontology","level-inst","error","needs-review","Q11184","Julian calendar","Q669102","arithmetic calendar","","`instance of` whose value does not sit one metaclass level up","re-level one of the two items, or replace `instance of` by `subclass of`; level shifts affect the whole branch, so review by hand"
"data/vocabulary.wdkb","ontology","level-inst","error","needs-review","Q11184","Julian calendar","Q9337488","interval scale","","`instance of` whose value does not sit one metaclass level up","re-level one of the two items, or replace `instance of` by `subclass of`; level shifts affect the whole branch, so review by hand"
"data/vocabulary.wdkb","ontology","level-inst","error","needs-review","Q7249564","proleptic calendar","Q138579261","type of calendar","","`instance of` whose value does not sit one metaclass level up","re-level one of the two items, or replace `instance of` by `subclass of`; level shifts affect the whole branch, so review by hand"
"data/vocabulary.wdkb","ontology","level-inst","error","needs-review","Q66363776","family structure","Q111972893","type of structure","","`instance of` whose value does not sit one metaclass level up","re-level one of the two items, or replace `instance of` by `subclass of`; level shifts affect the whole branch, so review by hand"
"data/vocabulary.wdkb","ontology","level-inst","error","needs-review","Q3249551","process","Q124711104","BFO class","","`instance of` whose value does not sit one metaclass level up","re-level one of the two items, or replace `instance of` by `subclass of`; level shifts affect the whole branch, so review by hand"
"data/vocabulary.wdkb","ontology","level-inst","error","needs-review","Q135265559","group of 3","Q2360980","unit of amount","","`instance of` whose value does not sit one metaclass level up","re-level one of the two items, or replace `instance of` by `subclass of`; level shifts affect the whole branch, so review by hand"
"data/vocabulary.wdkb","ontology","level-inst","error","needs-review","Q115988076","set-valued function","Q17362920","Wikimedia duplicated page","","`instance of` whose value does not sit one metaclass level up","re-level one of the two items, or replace `instance of` by `subclass of`; level shifts affect the whole branch, so review by hand"
"data/vocabulary.wdkb","ontology","level-inst","error","needs-review","Q1968442","donor","Q12737077","occupation","","`instance of` whose value does not sit one metaclass level up","re-level one of the two items, or replace `instance of` by `subclass of`; level shifts affect the whole branch, so review by hand"
"data/vocabulary.wdkb","ontology","level-inst","error","needs-review","Q115470359","Wikibase item datatype","Q115463072","Wikibase builtin datatype","","`instance of` whose value does not sit one metaclass level up","re-level one of the two items, or replace `instance of` by `subclass of`; level shifts affect the whole branch, so review by hand"
"data/vocabulary.wdkb","ontology","level-inst","error","needs-review","Q66371306","genetic mother","Q171318","kinship","","`instance of` whose value does not sit one metaclass level up","re-level one of the two items, or replace `instance of` by `subclass of`; level shifts affect the whole branch, so review by hand"
"data/vocabulary.wdkb","ontology","level-inst","error","needs-review","Q12737077","occupation","Q23958852","variable-order class","","`instance of` whose value does not sit one metaclass level up","re-level one of the two items, or replace `instance of` by `subclass of`; level shifts affect the whole branch, so review by hand"
"data/vocabulary.wdkb","ontology","level-inst","error","needs-review","Q12737077","occupation","Q151885","concept","","`instance of` whose value does not sit one metaclass level up","re-level one of the two items, or replace `instance of` by `subclass of`; level shifts affect the whole branch, so review by hand"
"data/vocabulary.wdkb","ontology","level-inst","error","needs-review","Q12737077","occupation","Q937228","property","","`instance of` whose value does not sit one metaclass level up","re-level one of the two items, or replace `instance of` by `subclass of`; level shifts affect the whole branch, so review by hand"
"data/vocabulary.wdkb","ontology","level-inst","error","needs-review","Q96253971","type of property","Q19478619","metaclass","","`instance of` whose value does not sit one metaclass level up","re-level one of the two items, or replace `instance of` by `subclass of`; level shifts affect the whole branch, so review by hand"
"data/vocabulary.wdkb","ontology","level-inst","error","needs-review","Q24238356","unknown","Q2995644","result","","`instance of` whose value does not sit one metaclass level up","re-level one of the two items, or replace `instance of` by `subclass of`; level shifts affect the whole branch, so review by hand"
"data/vocabulary.wdkb","ontology","level-inst","error","needs-review","Q5","human","Q55983715","organisms known by a particular common name","","`instance of` whose value does not sit one metaclass level up","re-level one of the two items, or replace `instance of` by `subclass of`; level shifts affect the whole branch, so review by hand"
"data/vocabulary.wdkb","ontology","level-inst","error","needs-review","Q107649491","type of Wikidata property","Q19478619","metaclass","","`instance of` whose value does not sit one metaclass level up","re-level one of the two items, or replace `instance of` by `subclass of`; level shifts affect the whole branch, so review by hand"
"data/vocabulary.wdkb","ontology","level-inst","error","needs-review","Q66363751","adoptive family","Q66363776","family structure","","`instance of` whose value does not sit one metaclass level up","re-level one of the two items, or replace `instance of` by `subclass of`; level shifts affect the whole branch, so review by hand"
"data/vocabulary.wdkb","ontology","level-inst","error","needs-review","Q1767348","legal kinship","Q17138290","kinship system","","`instance of` whose value does not sit one metaclass level up","re-level one of the two items, or replace `instance of` by `subclass of`; level shifts affect the whole branch, so review by hand"
"data/vocabulary.wdkb","ontology","level-inst","error","needs-review","Q691358","domain-specific language","Q137527772","type of computer language","","`instance of` whose value does not sit one metaclass level up","re-level one of the two items, or replace `instance of` by `subclass of`; level shifts affect the whole branch, so review by hand"
"data/vocabulary.wdkb","ontology","level-inst","error","needs-review","Q121769","reference","Q130324710","type of relation","","`instance of` whose value does not sit one metaclass level up","re-level one of the two items, or replace `instance of` by `subclass of`; level shifts affect the whole branch, so review by hand"
"data/vocabulary.wdkb","ontology","level-inst","error","needs-review","Q32753077","Wikidata entity","Q19798651","wikibase data model possible value for a claim","","`instance of` whose value does not sit one metaclass level up","re-level one of the two items, or replace `instance of` by `subclass of`; level shifts affect the whole branch, so review by hand"
"data/vocabulary.wdkb","ontology","level-inst","error","needs-review","Q7566","parent","Q171318","kinship","","`instance of` whose value does not sit one metaclass level up","re-level one of the two items, or replace `instance of` by `subclass of`; level shifts affect the whole branch, so review by hand"
"data/vocabulary.wdkb","ontology","level-inst","error","needs-review","Q7566","parent","Q214339","role","","`instance of` whose value does not sit one metaclass level up","re-level one of the two items, or replace `instance of` by `subclass of`; level shifts affect the whole branch, so review by hand"
"data/vocabulary.wdkb","ontology","level-inst","error","needs-review","Q125352518","person with parental authority","Q2135465","legal term or legal concept","","`instance of` whose value does not sit one metaclass level up","re-level one of the two items, or replace `instance of` by `subclass of`; level shifts affect the whole branch, so review by hand"
"data/vocabulary.wdkb","ontology","level-inst","error","needs-review","Q66363648","biological mother","Q171318","kinship","","`instance of` whose value does not sit one metaclass level up","re-level one of the two items, or replace `instance of` by `subclass of`; level shifts affect the whole branch, so review by hand"
"data/vocabulary.wdkb","ontology","level-inst","error","needs-review","Q171","wiki","Q134995802","type of website","","`instance of` whose value does not sit one metaclass level up","re-level one of the two items, or replace `instance of` by `subclass of`; level shifts affect the whole branch, so review by hand"
"data/vocabulary.wdkb","ontology","level-inst","error","needs-review","Q136433633","wiki genre","Q19478619","metaclass","","`instance of` whose value does not sit one metaclass level up","re-level one of the two items, or replace `instance of` by `subclass of`; level shifts affect the whole branch, so review by hand"
"data/vocabulary.wdkb","ontology","level-inst","error","needs-review","Q170584","project","Q104086571","first-order class","","`instance of` whose value does not sit one metaclass level up","re-level one of the two items, or replace `instance of` by `subclass of`; level shifts affect the whole branch, so review by hand"
"data/vocabulary.wdkb","ontology","level-inst","error","needs-review","Q136937144","project type","Q23958852","variable-order class","","`instance of` whose value does not sit one metaclass level up","re-level one of the two items, or replace `instance of` by `subclass of`; level shifts affect the whole branch, so review by hand"
"data/vocabulary.wdkb","ontology","level-inst","error","needs-review","Q2221906","geographic location","Q96253971","type of property","","`instance of` whose value does not sit one metaclass level up","re-level one of the two items, or replace `instance of` by `subclass of`; level shifts affect the whole branch, so review by hand"
"data/vocabulary.wdkb","ontology","level-inst","error","needs-review","Q2221906","geographic location","Q137015716","type of location","","`instance of` whose value does not sit one metaclass level up","re-level one of the two items, or replace `instance of` by `subclass of`; level shifts affect the whole branch, so review by hand"
"data/vocabulary.wdkb","ontology","level-inst","error","needs-review","Q33104129","sociological concept","Q19478619","metaclass","","`instance of` whose value does not sit one metaclass level up","re-level one of the two items, or replace `instance of` by `subclass of`; level shifts affect the whole branch, so review by hand"
"data/vocabulary.wdkb","ontology","level-inst","error","needs-review","Q5962346","classification scheme","Q23958852","variable-order class","","`instance of` whose value does not sit one metaclass level up","re-level one of the two items, or replace `instance of` by `subclass of`; level shifts affect the whole branch, so review by hand"
"data/vocabulary.wdkb","ontology","level-inst","error","needs-review","Q17625380","hierarchical classification","Q121344523","type of classification","","`instance of` whose value does not sit one metaclass level up","re-level one of the two items, or replace `instance of` by `subclass of`; level shifts affect the whole branch, so review by hand"
"data/vocabulary.wdkb","ontology","level-inst","error","needs-review","Q25601835","close relative","Q171318","kinship","","`instance of` whose value does not sit one metaclass level up","re-level one of the two items, or replace `instance of` by `subclass of`; level shifts affect the whole branch, so review by hand"
"data/vocabulary.wdkb","ontology","level-inst","error","needs-review","Q138716757","sibling or peer cousin","Q4455897","kinship term","","`instance of` whose value does not sit one metaclass level up","re-level one of the two items, or replace `instance of` by `subclass of`; level shifts affect the whole branch, so review by hand"
"data/vocabulary.wdkb","ontology","level-inst","error","needs-review","Q192161","formal language","Q66664364","linguistic term","","`instance of` whose value does not sit one metaclass level up","re-level one of the two items, or replace `instance of` by `subclass of`; level shifts affect the whole branch, so review by hand"
"data/vocabulary.wdkb","ontology","level-inst","error","needs-review","Q192161","formal language","Q66747126","computer science term","","`instance of` whose value does not sit one metaclass level up","re-level one of the two items, or replace `instance of` by `subclass of`; level shifts affect the whole branch, so review by hand"
"data/vocabulary.wdkb","ontology","level-inst","error","needs-review","Q20829075","type of language","Q19478619","metaclass","","`instance of` whose value does not sit one metaclass level up","re-level one of the two items, or replace `instance of` by `subclass of`; level shifts affect the whole branch, so review by hand"
"data/vocabulary.wdkb","ontology","level-inst","error","needs-review","Q24229398","being","Q96251598","type of object","","`instance of` whose value does not sit one metaclass level up","re-level one of the two items, or replace `instance of` by `subclass of`; level shifts affect the whole branch, so review by hand"
"data/vocabulary.wdkb","ontology","level-inst","error","needs-review","Q24229398","being","Q96251598","type of object","","`instance of` whose value does not sit one metaclass level up","re-level one of the two items, or replace `instance of` by `subclass of`; level shifts affect the whole branch, so review by hand"
"data/vocabulary.wdkb","ontology","level-inst","error","needs-review","Q24229398","being","Q96251598","type of object","","`instance of` whose value does not sit one metaclass level up","re-level one of the two items, or replace `instance of` by `subclass of`; level shifts affect the whole branch, so review by hand"
"data/vocabulary.wdkb","ontology","level-inst","error","needs-review","Q24229398","being","Q96251598","type of object","","`instance of` whose value does not sit one metaclass level up","re-level one of the two items, or replace `instance of` by `subclass of`; level shifts affect the whole branch, so review by hand"
"data/vocabulary.wdkb","ontology","level-inst","error","needs-review","Q1328323","functionary","Q28640","profession","","`instance of` whose value does not sit one metaclass level up","re-level one of the two items, or replace `instance of` by `subclass of`; level shifts affect the whole branch, so review by hand"
"data/vocabulary.wdkb","ontology","level-inst","error","needs-review","Q1328323","functionary","Q12737077","occupation","","`instance of` whose value does not sit one metaclass level up","re-level one of the two items, or replace `instance of` by `subclass of`; level shifts affect the whole branch, so review by hand"
"data/vocabulary.wdkb","ontology","level-inst","error","needs-review","Q853725","social relation","Q130324710","type of relation","","`instance of` whose value does not sit one metaclass level up","re-level one of the two items, or replace `instance of` by `subclass of`; level shifts affect the whole branch, so review by hand"
"data/vocabulary.wdkb","ontology","level-inst","error","needs-review","Q3965271","subclass","Q130901","binary relation","","`instance of` whose value does not sit one metaclass level up","re-level one of the two items, or replace `instance of` by `subclass of`; level shifts affect the whole branch, so review by hand"
"data/vocabulary.wdkb","ontology","level-inst","error","needs-review","Q3965271","subclass","Q64861","transitive relation","","`instance of` whose value does not sit one metaclass level up","re-level one of the two items, or replace `instance of` by `subclass of`; level shifts affect the whole branch, so review by hand"
"data/vocabulary.wdkb","ontology","level-inst","error","needs-review","Q211548","locus","Q21550639","geometric concept","","`instance of` whose value does not sit one metaclass level up","re-level one of the two items, or replace `instance of` by `subclass of`; level shifts affect the whole branch, so review by hand"
"data/vocabulary.wdkb","ontology","level-inst","error","needs-review","Q379825","element","Q4897819","role","","`instance of` whose value does not sit one metaclass level up","re-level one of the two items, or replace `instance of` by `subclass of`; level shifts affect the whole branch, so review by hand"
"data/vocabulary.wdkb","ontology","level-inst","error","needs-review","Q99527517","collective entity","Q23958852","variable-order class","","`instance of` whose value does not sit one metaclass level up","re-level one of the two items, or replace `instance of` by `subclass of`; level shifts affect the whole branch, so review by hand"
"data/vocabulary.wdkb","ontology","level-inst","error","needs-review","Q33104279","philosophical concept","Q137429456","type of concept","","`instance of` whose value does not sit one metaclass level up","re-level one of the two items, or replace `instance of` by `subclass of`; level shifts affect the whole branch, so review by hand"
"data/vocabulary.wdkb","ontology","level-inst","error","needs-review","Q96251598","type of object","Q23958852","variable-order class","","`instance of` whose value does not sit one metaclass level up","re-level one of the two items, or replace `instance of` by `subclass of`; level shifts affect the whole branch, so review by hand"
"data/vocabulary.wdkb","ontology","level-inst","error","needs-review","Q96251598","type of object","Q21146257","type","","`instance of` whose value does not sit one metaclass level up","re-level one of the two items, or replace `instance of` by `subclass of`; level shifts affect the whole branch, so review by hand"
"data/vocabulary.wdkb","ontology","level-inst","error","needs-review","Q246672","mathematical object","Q96251598","type of object","","`instance of` whose value does not sit one metaclass level up","re-level one of the two items, or replace `instance of` by `subclass of`; level shifts affect the whole branch, so review by hand"
"data/vocabulary.wdkb","ontology","level-inst","error","needs-review","Q246672","mathematical object","Q24034552","mathematical concept","","`instance of` whose value does not sit one metaclass level up","re-level one of the two items, or replace `instance of` by `subclass of`; level shifts affect the whole branch, so review by hand"
"data/vocabulary.wdkb","ontology","level-inst","error","needs-review","Q246672","mathematical object","Q106411346","characterization","","`instance of` whose value does not sit one metaclass level up","re-level one of the two items, or replace `instance of` by `subclass of`; level shifts affect the whole branch, so review by hand"
"data/vocabulary.wdkb","ontology","level-inst","error","needs-review","Q6453739","primitive notion","Q15138389","Wikimedia article page","","`instance of` whose value does not sit one metaclass level up","re-level one of the two items, or replace `instance of` by `subclass of`; level shifts affect the whole branch, so review by hand"
"data/vocabulary.wdkb","ontology","level-inst","error","needs-review","Q24902509","human activity","Q125542526","type of activity","","`instance of` whose value does not sit one metaclass level up","re-level one of the two items, or replace `instance of` by `subclass of`; level shifts affect the whole branch, so review by hand"
"data/vocabulary.wdkb","ontology","level-inst","error","needs-review","Q3365007","parenthood","Q785260","phase of human life","","`instance of` whose value does not sit one metaclass level up","re-level one of the two items, or replace `instance of` by `subclass of`; level shifts affect the whole branch, so review by hand"
"data/vocabulary.wdkb","ontology","level-inst","error","needs-review","Q3365007","parenthood","Q100195948","relative quality","","`instance of` whose value does not sit one metaclass level up","re-level one of the two items, or replace `instance of` by `subclass of`; level shifts affect the whole branch, so review by hand"
"data/vocabulary.wdkb","ontology","level-inst","error","needs-review","Q1144694","duty of care","Q2135465","legal term or legal concept","","`instance of` whose value does not sit one metaclass level up","re-level one of the two items, or replace `instance of` by `subclass of`; level shifts affect the whole branch, so review by hand"
"data/vocabulary.wdkb","ontology","level-inst","error","needs-review","Q1144694","duty of care","Q21006424","legal obligation","","`instance of` whose value does not sit one metaclass level up","re-level one of the two items, or replace `instance of` by `subclass of`; level shifts affect the whole branch, so review by hand"
"data/vocabulary.wdkb","ontology","level-inst","error","needs-review","Q152478","sponsor","Q12737077","occupation","","`instance of` whose value does not sit one metaclass level up","re-level one of the two items, or replace `instance of` by `subclass of`; level shifts affect the whole branch, so review by hand"
"data/vocabulary.wdkb","ontology","level-inst","error","needs-review","Q24017414","second-order class","Q24017465","third-order class","","`instance of` whose value does not sit one metaclass level up","re-level one of the two items, or replace `instance of` by `subclass of`; level shifts affect the whole branch, so review by hand"
"data/vocabulary.wdkb","ontology","level-inst","error","needs-review","Q3695082","sign","Q151885","concept","","`instance of` whose value does not sit one metaclass level up","re-level one of the two items, or replace `instance of` by `subclass of`; level shifts affect the whole branch, so review by hand"
"data/vocabulary.wdkb","ontology","level-inst","error","needs-review","Q96116695","type of system","Q23958852","variable-order class","","`instance of` whose value does not sit one metaclass level up","re-level one of the two items, or replace `instance of` by `subclass of`; level shifts affect the whole branch, so review by hand"
"data/vocabulary.wdkb","ontology","level-inst","error","needs-review","Q108163","proposition","Q33104279","philosophical concept","","`instance of` whose value does not sit one metaclass level up","re-level one of the two items, or replace `instance of` by `subclass of`; level shifts affect the whole branch, so review by hand"
"data/vocabulary.wdkb","ontology","level-inst","error","needs-review","Q1272626","representation","Q96251598","type of object","","`instance of` whose value does not sit one metaclass level up","re-level one of the two items, or replace `instance of` by `subclass of`; level shifts affect the whole branch, so review by hand"
"data/vocabulary.wdkb","ontology","level-inst","error","needs-review","Q138716141","non-peer relative","Q4455897","kinship term","","`instance of` whose value does not sit one metaclass level up","re-level one of the two items, or replace `instance of` by `subclass of`; level shifts affect the whole branch, so review by hand"
"data/vocabulary.wdkb","ontology","level-inst","error","needs-review","Q123241435","realizable entity","Q124711104","BFO class","","`instance of` whose value does not sit one metaclass level up","re-level one of the two items, or replace `instance of` by `subclass of`; level shifts affect the whole branch, so review by hand"
"data/vocabulary.wdkb","ontology","level-inst","error","needs-review","Q1936384","branch of mathematics","Q5962346","classification scheme","","`instance of` whose value does not sit one metaclass level up","re-level one of the two items, or replace `instance of` by `subclass of`; level shifts affect the whole branch, so review by hand"
"data/vocabulary.wdkb","ontology","level-inst","error","needs-review","Q1936384","branch of mathematics","Q109542218","class of parts","","`instance of` whose value does not sit one metaclass level up","re-level one of the two items, or replace `instance of` by `subclass of`; level shifts affect the whole branch, so review by hand"
"data/vocabulary.wdkb","ontology","level-inst","error","needs-review","Q59138870","digital object","Q96251598","type of object","","`instance of` whose value does not sit one metaclass level up","re-level one of the two items, or replace `instance of` by `subclass of`; level shifts affect the whole branch, so review by hand"
"data/vocabulary.wdkb","ontology","level-inst","error","needs-review","Q59138870","digital object","Q139243747","type of artifact","","`instance of` whose value does not sit one metaclass level up","re-level one of the two items, or replace `instance of` by `subclass of`; level shifts affect the whole branch, so review by hand"
"data/vocabulary.wdkb","ontology","level-inst","error","needs-review","Q45025858","depicting object","Q96251598","type of object","","`instance of` whose value does not sit one metaclass level up","re-level one of the two items, or replace `instance of` by `subclass of`; level shifts affect the whole branch, so review by hand"
"data/vocabulary.wdkb","ontology","level-inst","error","needs-review","Q36993249","arranging","Q4026292","action","","`instance of` whose value does not sit one metaclass level up","re-level one of the two items, or replace `instance of` by `subclass of`; level shifts affect the whole branch, so review by hand"
"data/vocabulary.wdkb","ontology","level-inst","error","needs-review","Q7048977","abstract entity","Q23958852","variable-order class","","`instance of` whose value does not sit one metaclass level up","re-level one of the two items, or replace `instance of` by `subclass of`; level shifts affect the whole branch, so review by hand"
"data/vocabulary.wdkb","ontology","level-inst","error","needs-review","Q7048977","abstract entity","Q96251598","type of object","","`instance of` whose value does not sit one metaclass level up","re-level one of the two items, or replace `instance of` by `subclass of`; level shifts affect the whole branch, so review by hand"
"data/vocabulary.wdkb","ontology","level-inst","error","needs-review","Q750843","information processing","Q116505632","type of process","","`instance of` whose value does not sit one metaclass level up","re-level one of the two items, or replace `instance of` by `subclass of`; level shifts affect the whole branch, so review by hand"
"data/vocabulary.wdkb","ontology","level-inst","error","needs-review","Q750843","information processing","Q268592","industry","","`instance of` whose value does not sit one metaclass level up","re-level one of the two items, or replace `instance of` by `subclass of`; level shifts affect the whole branch, so review by hand"
"data/vocabulary.wdkb","ontology","level-inst","error","needs-review","Q500669","technical process","Q116505632","type of process","","`instance of` whose value does not sit one metaclass level up","re-level one of the two items, or replace `instance of` by `subclass of`; level shifts affect the whole branch, so review by hand"
"data/vocabulary.wdkb","ontology","level-inst","error","needs-review","Q1150070","change","Q33104279","philosophical concept","","`instance of` whose value does not sit one metaclass level up","re-level one of the two items, or replace `instance of` by `subclass of`; level shifts affect the whole branch, so review by hand"
"data/vocabulary.wdkb","ontology","level-inst","error","needs-review","Q627436","field of work","Q19478619","metaclass","","`instance of` whose value does not sit one metaclass level up","re-level one of the two items, or replace `instance of` by `subclass of`; level shifts affect the whole branch, so review by hand"
"data/vocabulary.wdkb","ontology","level-inst","error","needs-review","Q483394","genre","Q121344523","type of classification","","`instance of` whose value does not sit one metaclass level up","re-level one of the two items, or replace `instance of` by `subclass of`; level shifts affect the whole branch, so review by hand"
"data/vocabulary.wdkb","ontology","level-inst","error","needs-review","Q110403031","knowledge type","Q19478619","metaclass","","`instance of` whose value does not sit one metaclass level up","re-level one of the two items, or replace `instance of` by `subclass of`; level shifts affect the whole branch, so review by hand"
"data/vocabulary.wdkb","ontology","level-inst","error","needs-review","Q26256810","topic","Q1207505","quality","","`instance of` whose value does not sit one metaclass level up","re-level one of the two items, or replace `instance of` by `subclass of`; level shifts affect the whole branch, so review by hand"
"data/vocabulary.wdkb","ontology","level-inst","error","needs-review","Q21040055","aspect","Q4897819","role","","`instance of` whose value does not sit one metaclass level up","re-level one of the two items, or replace `instance of` by `subclass of`; level shifts affect the whole branch, so review by hand"
"data/vocabulary.wdkb","ontology","level-inst","error","needs-review","Q110402867","knowledge classification","Q121344523","type of classification","","`instance of` whose value does not sit one metaclass level up","re-level one of the two items, or replace `instance of` by `subclass of`; level shifts affect the whole branch, so review by hand"
"data/vocabulary.wdkb","ontology","level-inst","error","needs-review","Q2083958","pattern","Q1047113","field of study","","`instance of` whose value does not sit one metaclass level up","re-level one of the two items, or replace `instance of` by `subclass of`; level shifts affect the whole branch, so review by hand"
"data/vocabulary.wdkb","ontology","level-inst","error","needs-review","Q2083958","pattern","Q2267705","field of study","","`instance of` whose value does not sit one metaclass level up","re-level one of the two items, or replace `instance of` by `subclass of`; level shifts affect the whole branch, so review by hand"
"data/vocabulary.wdkb","ontology","level-inst","error","needs-review","Q96634632","psychology concept","Q137429456","type of concept","","`instance of` whose value does not sit one metaclass level up","re-level one of the two items, or replace `instance of` by `subclass of`; level shifts affect the whole branch, so review by hand"
"data/vocabulary.wdkb","ontology","level-inst","error","needs-review","Q12774177","means","Q106411346","characterization","","`instance of` whose value does not sit one metaclass level up","re-level one of the two items, or replace `instance of` by `subclass of`; level shifts affect the whole branch, so review by hand"
"data/vocabulary.wdkb","ontology","level-inst","error","needs-review","Q1914636","activity","Q116505632","type of process","","`instance of` whose value does not sit one metaclass level up","re-level one of the two items, or replace `instance of` by `subclass of`; level shifts affect the whole branch, so review by hand"
"data/vocabulary.wdkb","ontology","level-inst","error","needs-review","Q116505632","type of process","Q24017414","second-order class","","`instance of` whose value does not sit one metaclass level up","re-level one of the two items, or replace `instance of` by `subclass of`; level shifts affect the whole branch, so review by hand"
"data/vocabulary.wdkb","ontology","level-inst","error","needs-review","Q24034552","mathematical concept","Q23958852","variable-order class","","`instance of` whose value does not sit one metaclass level up","re-level one of the two items, or replace `instance of` by `subclass of`; level shifts affect the whole branch, so review by hand"
"data/vocabulary.wdkb","ontology","level-inst","error","needs-review","Q24034552","mathematical concept","Q137429456","type of concept","","`instance of` whose value does not sit one metaclass level up","re-level one of the two items, or replace `instance of` by `subclass of`; level shifts affect the whole branch, so review by hand"
"data/vocabulary.wdkb","ontology","level-inst","error","needs-review","Q110314665","type of error","Q19478619","metaclass","","`instance of` whose value does not sit one metaclass level up","re-level one of the two items, or replace `instance of` by `subclass of`; level shifts affect the whole branch, so review by hand"
"data/vocabulary.wdkb","ontology","level-inst","error","needs-review","Q11862829","academic discipline","Q110402867","knowledge classification","","`instance of` whose value does not sit one metaclass level up","re-level one of the two items, or replace `instance of` by `subclass of`; level shifts affect the whole branch, so review by hand"
"data/vocabulary.wdkb","ontology","level-inst","error","needs-review","Q54938846","endorelation","Q130324710","type of relation","","`instance of` whose value does not sit one metaclass level up","re-level one of the two items, or replace `instance of` by `subclass of`; level shifts affect the whole branch, so review by hand"
"data/vocabulary.wdkb","ontology","level-inst","error","needs-review","Q12758374","relative","Q4897819","role","","`instance of` whose value does not sit one metaclass level up","re-level one of the two items, or replace `instance of` by `subclass of`; level shifts affect the whole branch, so review by hand"
"data/vocabulary.wdkb","ontology","level-inst","error","needs-review","Q12758374","relative","Q171318","kinship","","`instance of` whose value does not sit one metaclass level up","re-level one of the two items, or replace `instance of` by `subclass of`; level shifts affect the whole branch, so review by hand"
"data/vocabulary.wdkb","ontology","level-inst","error","needs-review","Q4455897","kinship term","Q137426749","type of term","","`instance of` whose value does not sit one metaclass level up","re-level one of the two items, or replace `instance of` by `subclass of`; level shifts affect the whole branch, so review by hand"
"data/vocabulary.wdkb","ontology","level-inst","error","needs-review","Q210953","solar calendar","Q138579261","type of calendar","","`instance of` whose value does not sit one metaclass level up","re-level one of the two items, or replace `instance of` by `subclass of`; level shifts affect the whole branch, so review by hand"
"data/vocabulary.wdkb","ontology","level-inst","error","needs-review","Q669102","arithmetic calendar","Q138579261","type of calendar","","`instance of` whose value does not sit one metaclass level up","re-level one of the two items, or replace `instance of` by `subclass of`; level shifts affect the whole branch, so review by hand"
"data/vocabulary.wdkb","ontology","level-inst","error","needs-review","Q205464","algebraic structure","Q24034552","mathematical concept","","`instance of` whose value does not sit one metaclass level up","re-level one of the two items, or replace `instance of` by `subclass of`; level shifts affect the whole branch, so review by hand"
"data/vocabulary.wdkb","ontology","level-inst","error","needs-review","Q211606","social structure","Q111972893","type of structure","","`instance of` whose value does not sit one metaclass level up","re-level one of the two items, or replace `instance of` by `subclass of`; level shifts affect the whole branch, so review by hand"
"data/vocabulary.wdkb","ontology","level-inst","error","needs-review","Q211606","social structure","Q33104129","sociological concept","","`instance of` whose value does not sit one metaclass level up","re-level one of the two items, or replace `instance of` by `subclass of`; level shifts affect the whole branch, so review by hand"
"data/vocabulary.wdkb","ontology","level-inst","error","needs-review","Q67518978","occurrent","Q124711104","BFO class","","`instance of` whose value does not sit one metaclass level up","re-level one of the two items, or replace `instance of` by `subclass of`; level shifts affect the whole branch, so review by hand"
"data/vocabulary.wdkb","ontology","level-inst","error","needs-review","Q1166625","mathematical problem","Q130286945","type of problem","","`instance of` whose value does not sit one metaclass level up","re-level one of the two items, or replace `instance of` by `subclass of`; level shifts affect the whole branch, so review by hand"
"data/vocabulary.wdkb","ontology","level-inst","error","needs-review","Q17362920","Wikimedia duplicated page","Q27949697","Wikibase reason for deprecated rank","","`instance of` whose value does not sit one metaclass level up","re-level one of the two items, or replace `instance of` by `subclass of`; level shifts affect the whole branch, so review by hand"
"data/vocabulary.wdkb","ontology","level-inst","error","needs-review","Q4887411","benefactor","Q214339","role","","`instance of` whose value does not sit one metaclass level up","re-level one of the two items, or replace `instance of` by `subclass of`; level shifts affect the whole branch, so review by hand"
"data/vocabulary.wdkb","ontology","level-inst","error","needs-review","Q4887411","benefactor","Q12737077","occupation","","`instance of` whose value does not sit one metaclass level up","re-level one of the two items, or replace `instance of` by `subclass of`; level shifts affect the whole branch, so review by hand"
"data/vocabulary.wdkb","ontology","level-inst","error","needs-review","Q3778211","legal person","Q931483","legal fiction","","`instance of` whose value does not sit one metaclass level up","re-level one of the two items, or replace `instance of` by `subclass of`; level shifts affect the whole branch, so review by hand"
"data/vocabulary.wdkb","ontology","level-inst","error","needs-review","Q43667189","donor","Q12737077","occupation","","`instance of` whose value does not sit one metaclass level up","re-level one of the two items, or replace `instance of` by `subclass of`; level shifts affect the whole branch, so review by hand"
"data/vocabulary.wdkb","ontology","level-inst","error","needs-review","Q191067","article","Q4263830","literary form","","`instance of` whose value does not sit one metaclass level up","re-level one of the two items, or replace `instance of` by `subclass of`; level shifts affect the whole branch, so review by hand"
"data/vocabulary.wdkb","ontology","level-inst","error","needs-review","Q191067","article","Q39725049","type of publication","","`instance of` whose value does not sit one metaclass level up","re-level one of the two items, or replace `instance of` by `subclass of`; level shifts affect the whole branch, so review by hand"
"data/vocabulary.wdkb","ontology","level-inst","error","needs-review","Q59157859","secondary information","Q138303935","type of information","","`instance of` whose value does not sit one metaclass level up","re-level one of the two items, or replace `instance of` by `subclass of`; level shifts affect the whole branch, so review by hand"
"data/vocabulary.wdkb","ontology","level-inst","error","needs-review","Q190087","data type","Q96253971","type of property","","`instance of` whose value does not sit one metaclass level up","re-level one of the two items, or replace `instance of` by `subclass of`; level shifts affect the whole branch, so review by hand"
"data/vocabulary.wdkb","ontology","level-inst","error","needs-review","Q190087","data type","Q23958852","variable-order class","","`instance of` whose value does not sit one metaclass level up","re-level one of the two items, or replace `instance of` by `subclass of`; level shifts affect the whole branch, so review by hand"
"data/vocabulary.wdkb","ontology","level-inst","error","needs-review","Q190087","data type","Q19478619","metaclass","","`instance of` whose value does not sit one metaclass level up","re-level one of the two items, or replace `instance of` by `subclass of`; level shifts affect the whole branch, so review by hand"
"data/vocabulary.wdkb","ontology","level-inst","error","needs-review","Q23958852","variable-order class","Q23958852","variable-order class","","`instance of` whose value does not sit one metaclass level up","re-level one of the two items, or replace `instance of` by `subclass of`; level shifts affect the whole branch, so review by hand"
"data/vocabulary.wdkb","ontology","level-inst","error","needs-review","Q154954","natural person","Q2135465","legal term or legal concept","","`instance of` whose value does not sit one metaclass level up","re-level one of the two items, or replace `instance of` by `subclass of`; level shifts affect the whole branch, so review by hand"
"data/vocabulary.wdkb","ontology","level-inst","error","needs-review","Q154954","natural person","Q10541491","legal form","","`instance of` whose value does not sit one metaclass level up","re-level one of the two items, or replace `instance of` by `subclass of`; level shifts affect the whole branch, so review by hand"
"data/vocabulary.wdkb","ontology","level-inst","error","needs-review","Q154954","natural person","Q134601860","class of person","","`instance of` whose value does not sit one metaclass level up","re-level one of the two items, or replace `instance of` by `subclass of`; level shifts affect the whole branch, so review by hand"
"data/vocabulary.wdkb","ontology","level-inst","error","needs-review","Q154954","natural person","Q111360549","type of physical object","","`instance of` whose value does not sit one metaclass level up","re-level one of the two items, or replace `instance of` by `subclass of`; level shifts affect the whole branch, so review by hand"
"data/vocabulary.wdkb","ontology","level-inst","error","needs-review","Q5891007","anatomically modern human","Q134264207","class of human","","`instance of` whose value does not sit one metaclass level up","re-level one of the two items, or replace `instance of` by `subclass of`; level shifts affect the whole branch, so review by hand"
"data/vocabulary.wdkb","ontology","level-inst","error","needs-review","Q55983715","organisms known by a particular common name","Q19478619","metaclass","","`instance of` whose value does not sit one metaclass level up","re-level one of the two items, or replace `instance of` by `subclass of`; level shifts affect the whole branch, so review by hand"
"data/vocabulary.wdkb","ontology","level-inst","error","needs-review","Q19478619","metaclass","Q151885","concept","","`instance of` whose value does not sit one metaclass level up","re-level one of the two items, or replace `instance of` by `subclass of`; level shifts affect the whole branch, so review by hand"
"data/vocabulary.wdkb","ontology","level-inst","error","needs-review","Q19478619","metaclass","Q19868531","formal ontology concept","","`instance of` whose value does not sit one metaclass level up","re-level one of the two items, or replace `instance of` by `subclass of`; level shifts affect the whole branch, so review by hand"
"data/vocabulary.wdkb","ontology","level-inst","error","needs-review","Q720069","nuclear family","Q66363776","family structure","","`instance of` whose value does not sit one metaclass level up","re-level one of the two items, or replace `instance of` by `subclass of`; level shifts affect the whole branch, so review by hand"
"data/vocabulary.wdkb","ontology","level-inst","error","needs-review","Q8436","family","Q112807602","type of social group","","`instance of` whose value does not sit one metaclass level up","re-level one of the two items, or replace `instance of` by `subclass of`; level shifts affect the whole branch, so review by hand"
"data/vocabulary.wdkb","ontology","level-inst","error","needs-review","Q1367590","legal relationship","Q130324710","type of relation","","`instance of` whose value does not sit one metaclass level up","re-level one of the two items, or replace `instance of` by `subclass of`; level shifts affect the whole branch, so review by hand"
"data/vocabulary.wdkb","ontology","level-inst","error","needs-review","Q16889133","class","Q19478619","metaclass","","`instance of` whose value does not sit one metaclass level up","re-level one of the two items, or replace `instance of` by `subclass of`; level shifts affect the whole branch, so review by hand"
"data/vocabulary.wdkb","ontology","level-inst","error","needs-review","Q16889133","class","Q151885","concept","","`instance of` whose value does not sit one metaclass level up","re-level one of the two items, or replace `instance of` by `subclass of`; level shifts affect the whole branch, so review by hand"
"data/vocabulary.wdkb","ontology","level-inst","error","needs-review","Q16889133","class","Q115490628","fundamental Wikidata entity","","`instance of` whose value does not sit one metaclass level up","re-level one of the two items, or replace `instance of` by `subclass of`; level shifts affect the whole branch, so review by hand"
"data/vocabulary.wdkb","ontology","level-inst","error","needs-review","Q367293","convention","Q104637420","sourcing circumstance","","`instance of` whose value does not sit one metaclass level up","re-level one of the two items, or replace `instance of` by `subclass of`; level shifts affect the whole branch, so review by hand"
"data/vocabulary.wdkb","ontology","level-inst","error","needs-review","Q13136","reference work","Q223393","literary genre","","`instance of` whose value does not sit one metaclass level up","re-level one of the two items, or replace `instance of` by `subclass of`; level shifts affect the whole branch, so review by hand"
"data/vocabulary.wdkb","ontology","level-inst","error","needs-review","Q13136","reference work","Q133449656","type of work","","`instance of` whose value does not sit one metaclass level up","re-level one of the two items, or replace `instance of` by `subclass of`; level shifts affect the whole branch, so review by hand"
"data/vocabulary.wdkb","ontology","level-inst","error","needs-review","Q137527772","type of computer language","Q24017414","second-order class","","`instance of` whose value does not sit one metaclass level up","re-level one of the two items, or replace `instance of` by `subclass of`; level shifts affect the whole branch, so review by hand"
"data/vocabulary.wdkb","ontology","level-inst","error","needs-review","Q930933","relation","Q96251598","type of object","","`instance of` whose value does not sit one metaclass level up","re-level one of the two items, or replace `instance of` by `subclass of`; level shifts affect the whole branch, so review by hand"
"data/vocabulary.wdkb","ontology","level-inst","error","needs-review","Q130324710","type of relation","Q19478619","metaclass","","`instance of` whose value does not sit one metaclass level up","re-level one of the two items, or replace `instance of` by `subclass of`; level shifts affect the whole branch, so review by hand"
"data/vocabulary.wdkb","ontology","level-inst","error","needs-review","Q2574811","cause","Q613930","thematic relation","","`instance of` whose value does not sit one metaclass level up","re-level one of the two items, or replace `instance of` by `subclass of`; level shifts affect the whole branch, so review by hand"
"data/vocabulary.wdkb","ontology","level-inst","error","needs-review","Q2574811","cause","Q112234259","source type","","`instance of` whose value does not sit one metaclass level up","re-level one of the two items, or replace `instance of` by `subclass of`; level shifts affect the whole branch, so review by hand"
"data/vocabulary.wdkb","ontology","level-inst","error","needs-review","Q7958","explanation","Q11862829","academic discipline","","`instance of` whose value does not sit one metaclass level up","re-level one of the two items, or replace `instance of` by `subclass of`; level shifts affect the whole branch, so review by hand"
"data/vocabulary.wdkb","ontology","level-inst","error","needs-review","Q7958","explanation","Q1047113","field of study","","`instance of` whose value does not sit one metaclass level up","re-level one of the two items, or replace `instance of` by `subclass of`; level shifts affect the whole branch, so review by hand"
"data/vocabulary.wdkb","ontology","level-inst","error","needs-review","Q7958","explanation","Q2267705","field of study","","`instance of` whose value does not sit one metaclass level up","re-level one of the two items, or replace `instance of` by `subclass of`; level shifts affect the whole branch, so review by hand"
"data/vocabulary.wdkb","ontology","level-inst","error","needs-review","Q138716795","parent or peer relative of parent","Q171318","kinship","","`instance of` whose value does not sit one metaclass level up","re-level one of the two items, or replace `instance of` by `subclass of`; level shifts affect the whole branch, so review by hand"
"data/vocabulary.wdkb","ontology","level-inst","error","needs-review","Q2135465","legal term or legal concept","Q137429456","type of concept","","`instance of` whose value does not sit one metaclass level up","re-level one of the two items, or replace `instance of` by `subclass of`; level shifts affect the whole branch, so review by hand"
"data/vocabulary.wdkb","ontology","level-inst","error","needs-review","Q110832782","software resource","Q14946528","conflation","","`instance of` whose value does not sit one metaclass level up","re-level one of the two items, or replace `instance of` by `subclass of`; level shifts affect the whole branch, so review by hand"
"data/vocabulary.wdkb","ontology","level-inst","error","needs-review","Q4720939","closure","Q24034552","mathematical concept","","`instance of` whose value does not sit one metaclass level up","re-level one of the two items, or replace `instance of` by `subclass of`; level shifts affect the whole branch, so review by hand"
"data/vocabulary.wdkb","ontology","level-inst","error","needs-review","Q4720939","closure","Q3924032","mathematical property","","`instance of` whose value does not sit one metaclass level up","re-level one of the two items, or replace `instance of` by `subclass of`; level shifts affect the whole branch, so review by hand"
"data/vocabulary.wdkb","ontology","level-inst","error","needs-review","Q853614","identifier","Q138303935","type of information","","`instance of` whose value does not sit one metaclass level up","re-level one of the two items, or replace `instance of` by `subclass of`; level shifts affect the whole branch, so review by hand"
"data/vocabulary.wdkb","ontology","level-inst","error","needs-review","Q7560","mother","Q171318","kinship","","`instance of` whose value does not sit one metaclass level up","re-level one of the two items, or replace `instance of` by `subclass of`; level shifts affect the whole branch, so review by hand"
"data/vocabulary.wdkb","ontology","level-sub","error","needs-review","Q11398","biological classification","Q24249534","specialised classification scheme","","`subclass of` between items of different metaclass levels, or on an individual","re-level one of the two items, or replace `subclass of` by `instance of`; review by hand"
"data/vocabulary.wdkb","ontology","level-sub","error","needs-review","Q11398","biological classification","Q7211","taxonomy","","`subclass of` between items of different metaclass levels, or on an individual","re-level one of the two items, or replace `subclass of` by `instance of`; review by hand"
"data/vocabulary.wdkb","ontology","level-sub","error","needs-review","Q31184","sibling","Q25098571","first-degree relative","","`subclass of` between items of different metaclass levels, or on an individual","re-level one of the two items, or replace `subclass of` by `instance of`; review by hand"
"data/vocabulary.wdkb","ontology","level-sub","error","needs-review","Q31184","sibling","Q138717307","sibling or parallel cousin","","`subclass of` between items of different metaclass levels, or on an individual","re-level one of the two items, or replace `subclass of` by `instance of`; review by hand"
"data/vocabulary.wdkb","ontology","level-sub","error","needs-review","Q157509","legal guardian","Q11997597","representative","","`subclass of` between items of different metaclass levels, or on an individual","re-level one of the two items, or replace `subclass of` by `instance of`; review by hand"
"data/vocabulary.wdkb","ontology","level-sub","error","needs-review","Q157509","legal guardian","Q524778","commissioner","","`subclass of` between items of different metaclass levels, or on an individual","re-level one of the two items, or replace `subclass of` by `instance of`; review by hand"
"data/vocabulary.wdkb","ontology","level-sub","error","needs-review","Q157509","legal guardian","Q115641683","custodian","","`subclass of` between items of different metaclass levels, or on an individual","re-level one of the two items, or replace `subclass of` by `instance of`; review by hand"
"data/vocabulary.wdkb","ontology","level-sub","error","needs-review","Q171318","kinship","Q223642","interpersonal relationship","","`subclass of` between items of different metaclass levels, or on an individual","re-level one of the two items, or replace `subclass of` by `instance of`; review by hand"
"data/vocabulary.wdkb","ontology","level-sub","error","needs-review","Q185837","intersection","Q177646","subset","","`subclass of` between items of different metaclass levels, or on an individual","re-level one of the two items, or replace `subclass of` by `instance of`; review by hand"
"data/vocabulary.wdkb","ontology","level-sub","error","needs-review","Q186408","point in time","Q44946","point","","`subclass of` between items of different metaclass levels, or on an individual","re-level one of the two items, or replace `subclass of` by `instance of`; review by hand"
"data/vocabulary.wdkb","ontology","level-sub","error","needs-review","Q188619","hierarchy","Q3622126","conceptual system","","`subclass of` between items of different metaclass levels, or on an individual","re-level one of the two items, or replace `subclass of` by `instance of`; review by hand"
"data/vocabulary.wdkb","ontology","level-sub","error","needs-review","Q188619","hierarchy","Q6671777","structure","","`subclass of` between items of different metaclass levels, or on an individual","re-level one of the two items, or replace `subclass of` by `instance of`; review by hand"
"data/vocabulary.wdkb","ontology","level-sub","error","needs-review","Q188619","hierarchy","Q133250","sequence","","`subclass of` between items of different metaclass levels, or on an individual","re-level one of the two items, or replace `subclass of` by `instance of`; review by hand"
"data/vocabulary.wdkb","ontology","level-sub","error","needs-review","Q194404","monotonic function","Q11348","function","","`subclass of` between items of different metaclass levels, or on an individual","re-level one of the two items, or replace `subclass of` by `instance of`; review by hand"
"data/vocabulary.wdkb","ontology","level-sub","error","needs-review","Q215382","disjoint sets","Q36161","set","","`subclass of` between items of different metaclass levels, or on an individual","re-level one of the two items, or replace `subclass of` by `instance of`; review by hand"
"data/vocabulary.wdkb","ontology","level-sub","error","needs-review","Q223973","godparent","Q28864853","patronage","","`subclass of` between items of different metaclass levels, or on an individual","re-level one of the two items, or replace `subclass of` by `instance of`; review by hand"
"data/vocabulary.wdkb","ontology","level-sub","error","needs-review","Q223973","godparent","Q66363468","non-biological parent","","`subclass of` between items of different metaclass levels, or on an individual","re-level one of the two items, or replace `subclass of` by `instance of`; review by hand"
"data/vocabulary.wdkb","ontology","level-sub","error","needs-review","Q324254","ontology","Q593744","knowledge base","","`subclass of` between items of different metaclass levels, or on an individual","re-level one of the two items, or replace `subclass of` by `instance of`; review by hand"
"data/vocabulary.wdkb","ontology","level-sub","error","needs-review","Q324254","ontology","Q1172480","data model","","`subclass of` between items of different metaclass levels, or on an individual","re-level one of the two items, or replace `subclass of` by `instance of`; review by hand"
"data/vocabulary.wdkb","ontology","level-sub","error","needs-review","Q324254","ontology","Q1397073","data schema","","`subclass of` between items of different metaclass levels, or on an individual","re-level one of the two items, or replace `subclass of` by `instance of`; review by hand"
"data/vocabulary.wdkb","ontology","level-sub","error","needs-review","Q324254","ontology","Q6423319","knowledge organization system","","`subclass of` between items of different metaclass levels, or on an individual","re-level one of the two items, or replace `subclass of` by `instance of`; review by hand"
"data/vocabulary.wdkb","ontology","level-sub","error","needs-review","Q374182","logical consequence","Q733541","consequence","","`subclass of` between items of different metaclass levels, or on an individual","re-level one of the two items, or replace `subclass of` by `instance of`; review by hand"
"data/vocabulary.wdkb","ontology","level-sub","error","needs-review","Q402152","ancestor","Q138715847","senior relative","","`subclass of` between items of different metaclass levels, or on an individual","re-level one of the two items, or replace `subclass of` by `instance of`; review by hand"
"data/vocabulary.wdkb","ontology","level-sub","error","needs-review","Q402152","ancestor","Q106110777","predecessor","","`subclass of` between items of different metaclass levels, or on an individual","re-level one of the two items, or replace `subclass of` by `instance of`; review by hand"
"data/vocabulary.wdkb","ontology","level-sub","error","needs-review","Q593744","knowledge base","Q2623243","conceptual model","","`subclass of` between items of different metaclass levels, or on an individual","re-level one of the two items, or replace `subclass of` by `instance of`; review by hand"
"data/vocabulary.wdkb","ontology","level-sub","error","needs-review","Q593744","knowledge base","Q1063801","tertiary source","","`subclass of` between items of different metaclass levels, or on an individual","re-level one of the two items, or replace `subclass of` by `instance of`; review by hand"
"data/vocabulary.wdkb","ontology","level-sub","error","needs-review","Q593744","knowledge base","Q788790","documentation","","`subclass of` between items of different metaclass levels, or on an individual","re-level one of the two items, or replace `subclass of` by `instance of`; review by hand"
"data/vocabulary.wdkb","ontology","level-sub","error","needs-review","Q753127","topological sorting","Q2303697","sorting","","`subclass of` between items of different metaclass levels, or on an individual","re-level one of the two items, or replace `subclass of` by `instance of`; review by hand"
"data/vocabulary.wdkb","ontology","level-sub","error","needs-review","Q774347","consanguinity","Q937228","property","","`subclass of` between items of different metaclass levels, or on an individual","re-level one of the two items, or replace `subclass of` by `instance of`; review by hand"
"data/vocabulary.wdkb","ontology","level-sub","error","needs-review","Q774347","consanguinity","Q171318","kinship","","`subclass of` between items of different metaclass levels, or on an individual","re-level one of the two items, or replace `subclass of` by `instance of`; review by hand"
"data/vocabulary.wdkb","ontology","level-sub","error","needs-review","Q1129622","self-reference","Q11028","information","","`subclass of` between items of different metaclass levels, or on an individual","re-level one of the two items, or replace `subclass of` by `instance of`; review by hand"
"data/vocabulary.wdkb","ontology","level-sub","error","needs-review","Q1129622","self-reference","Q121769","reference","","`subclass of` between items of different metaclass levels, or on an individual","re-level one of the two items, or replace `subclass of` by `instance of`; review by hand"
"data/vocabulary.wdkb","ontology","level-sub","error","needs-review","Q1182260","data deduplication","Q6661985","data processing","","`subclass of` between items of different metaclass levels, or on an individual","re-level one of the two items, or replace `subclass of` by `instance of`; review by hand"
"data/vocabulary.wdkb","ontology","level-sub","error","needs-review","Q1182260","data deduplication","Q5034491","capacity optimization","","`subclass of` between items of different metaclass levels, or on an individual","re-level one of the two items, or replace `subclass of` by `instance of`; review by hand"
"data/vocabulary.wdkb","ontology","level-sub","error","needs-review","Q1182260","data deduplication","Q47496130","reduction","","`subclass of` between items of different metaclass levels, or on an individual","re-level one of the two items, or replace `subclass of` by `instance of`; review by hand"
"data/vocabulary.wdkb","ontology","level-sub","error","needs-review","Q1194916","mereology","Q5891","philosophy","","`subclass of` between items of different metaclass levels, or on an individual","re-level one of the two items, or replace `subclass of` by `instance of`; review by hand"
"data/vocabulary.wdkb","ontology","level-sub","error","needs-review","Q1195339","directed acyclic graph","Q1137726","directed graph","","`subclass of` between items of different metaclass levels, or on an individual","re-level one of the two items, or replace `subclass of` by `instance of`; review by hand"
"data/vocabulary.wdkb","ontology","level-sub","error","needs-review","Q1217379","parenting","Q9332","behavior","","`subclass of` between items of different metaclass levels, or on an individual","re-level one of the two items, or replace `subclass of` by `instance of`; review by hand"
"data/vocabulary.wdkb","ontology","level-sub","error","needs-review","Q1217379","parenting","Q2353731","upbringing","","`subclass of` between items of different metaclass levels, or on an individual","re-level one of the two items, or replace `subclass of` by `instance of`; review by hand"
"data/vocabulary.wdkb","ontology","level-sub","error","needs-review","Q1224764","ontology alignment","Q1799072","method","","`subclass of` between items of different metaclass levels, or on an individual","re-level one of the two items, or replace `subclass of` by `instance of`; review by hand"
"data/vocabulary.wdkb","ontology","level-sub","error","needs-review","Q1266546","record linkage","Q10843872","process","","`subclass of` between items of different metaclass levels, or on an individual","re-level one of the two items, or replace `subclass of` by `instance of`; review by hand"
"data/vocabulary.wdkb","ontology","level-sub","error","needs-review","Q1266546","record linkage","Q8366","algorithm","","`subclass of` between items of different metaclass levels, or on an individual","re-level one of the two items, or replace `subclass of` by `instance of`; review by hand"
"data/vocabulary.wdkb","ontology","level-sub","error","needs-review","Q1501387","transitive closure","Q64861","transitive relation","","`subclass of` between items of different metaclass levels, or on an individual","re-level one of the two items, or replace `subclass of` by `instance of`; review by hand"
"data/vocabulary.wdkb","ontology","level-sub","error","needs-review","Q1502246","biological parent","Q7566","parent","","`subclass of` between items of different metaclass levels, or on an individual","re-level one of the two items, or replace `subclass of` by `instance of`; review by hand"
"data/vocabulary.wdkb","ontology","level-sub","error","needs-review","Q1502246","biological parent","Q12625119","blood kin","","`subclass of` between items of different metaclass levels, or on an individual","re-level one of the two items, or replace `subclass of` by `instance of`; review by hand"
"data/vocabulary.wdkb","ontology","level-sub","error","needs-review","Q1502246","biological parent","Q138715303","older relative","","`subclass of` between items of different metaclass levels, or on an individual","re-level one of the two items, or replace `subclass of` by `instance of`; review by hand"
"data/vocabulary.wdkb","ontology","level-sub","error","needs-review","Q1781706","conjunctive query","Q110765126","first-order query","","`subclass of` between items of different metaclass levels, or on an individual","re-level one of the two items, or replace `subclass of` by `instance of`; review by hand"
"data/vocabulary.wdkb","ontology","level-sub","error","needs-review","Q1985727","proleptic Gregorian calendar","Q7249564","proleptic calendar","","`subclass of` between items of different metaclass levels, or on an individual","re-level one of the two items, or replace `subclass of` by `instance of`; review by hand"
"data/vocabulary.wdkb","ontology","level-sub","error","needs-review","Q2362924","complete lattice","Q474715","partially ordered set","","`subclass of` between items of different metaclass levels, or on an individual","re-level one of the two items, or replace `subclass of` by `instance of`; review by hand"
"data/vocabulary.wdkb","ontology","level-sub","error","needs-review","Q2362924","complete lattice","Q595364","lattice","","`subclass of` between items of different metaclass levels, or on an individual","re-level one of the two items, or replace `subclass of` by `instance of`; review by hand"
"data/vocabulary.wdkb","ontology","level-sub","error","needs-review","Q2427941","foster parent","Q66363468","non-biological parent","","`subclass of` between items of different metaclass levels, or on an individual","re-level one of the two items, or replace `subclass of` by `instance of`; review by hand"
"data/vocabulary.wdkb","ontology","level-sub","error","needs-review","Q2996729","coparenting","Q66363776","family structure","","`subclass of` between items of different metaclass levels, or on an individual","re-level one of the two items, or replace `subclass of` by `instance of`; review by hand"
"data/vocabulary.wdkb","ontology","level-sub","error","needs-review","Q3306762","data validation","Q3249551","process","","`subclass of` between items of different metaclass levels, or on an individual","re-level one of the two items, or replace `subclass of` by `instance of`; review by hand"
"data/vocabulary.wdkb","ontology","level-sub","error","needs-review","Q3539534","semantic triple","Q135265559","group of 3","","`subclass of` between items of different metaclass levels, or on an individual","re-level one of the two items, or replace `subclass of` by `instance of`; review by hand"
"data/vocabulary.wdkb","ontology","level-sub","error","needs-review","Q3539534","semantic triple","Q211790","logical operator","","`subclass of` between items of different metaclass levels, or on an individual","re-level one of the two items, or replace `subclass of` by `instance of`; review by hand"
"data/vocabulary.wdkb","ontology","level-sub","error","needs-review","Q3882785","upper ontology","Q324254","ontology","","`subclass of` between items of different metaclass levels, or on an individual","re-level one of the two items, or replace `subclass of` by `instance of`; review by hand"
"data/vocabulary.wdkb","ontology","level-sub","error","needs-review","Q10564851","closure operator","Q1335186","extensive function","","`subclass of` between items of different metaclass levels, or on an individual","re-level one of the two items, or replace `subclass of` by `instance of`; review by hand"
"data/vocabulary.wdkb","ontology","level-sub","error","needs-review","Q10564851","closure operator","Q194404","monotonic function","","`subclass of` between items of different metaclass levels, or on an individual","re-level one of the two items, or replace `subclass of` by `instance of`; review by hand"
"data/vocabulary.wdkb","ontology","level-sub","error","needs-review","Q10564851","closure operator","Q44106280","idempotent function","","`subclass of` between items of different metaclass levels, or on an individual","re-level one of the two items, or replace `subclass of` by `instance of`; review by hand"
"data/vocabulary.wdkb","ontology","level-sub","error","needs-review","Q10564851","closure operator","Q1657198","set function","","`subclass of` between items of different metaclass levels, or on an individual","re-level one of the two items, or replace `subclass of` by `instance of`; review by hand"
"data/vocabulary.wdkb","ontology","level-sub","error","needs-review","Q10564851","closure operator","Q115988076","set-valued function","","`subclass of` between items of different metaclass levels, or on an individual","re-level one of the two items, or replace `subclass of` by `instance of`; review by hand"
"data/vocabulary.wdkb","ontology","level-sub","error","needs-review","Q12338229","sperm donor","Q1968442","donor","","`subclass of` between items of different metaclass levels, or on an individual","re-level one of the two items, or replace `subclass of` by `instance of`; review by hand"
"data/vocabulary.wdkb","ontology","level-sub","error","needs-review","Q16222597","Wikidata item","Q21281405","Wikidata internal entity","","`subclass of` between items of different metaclass levels, or on an individual","re-level one of the two items, or replace `subclass of` by `instance of`; review by hand"
"data/vocabulary.wdkb","ontology","level-sub","error","needs-review","Q16222597","Wikidata item","Q32753077","Wikidata entity","","`subclass of` between items of different metaclass levels, or on an individual","re-level one of the two items, or replace `subclass of` by `instance of`; review by hand"
"data/vocabulary.wdkb","ontology","level-sub","error","needs-review","Q16222597","Wikidata item","Q15138389","Wikimedia article page","","`subclass of` between items of different metaclass levels, or on an individual","re-level one of the two items, or replace `subclass of` by `instance of`; review by hand"
"data/vocabulary.wdkb","ontology","level-sub","error","needs-review","Q16222597","Wikidata item","Q29934200","Wikibase item","","`subclass of` between items of different metaclass levels, or on an individual","re-level one of the two items, or replace `subclass of` by `instance of`; review by hand"
"data/vocabulary.wdkb","ontology","level-sub","error","needs-review","Q16222597","Wikidata item","Q180160","metadata","","`subclass of` between items of different metaclass levels, or on an individual","re-level one of the two items, or replace `subclass of` by `instance of`; review by hand"
"data/vocabulary.wdkb","ontology","level-sub","error","needs-review","Q16547118","surrogate mother","Q136873419","birth mother","","`subclass of` between items of different metaclass levels, or on an individual","re-level one of the two items, or replace `subclass of` by `instance of`; review by hand"
"data/vocabulary.wdkb","ontology","level-sub","error","needs-review","Q16547118","surrogate mother","Q66371306","genetic mother","","`subclass of` between items of different metaclass levels, or on an individual","re-level one of the two items, or replace `subclass of` by `instance of`; review by hand"
"data/vocabulary.wdkb","ontology","level-sub","error","needs-review","Q17587456","sitelink","Q424583","Internationalized Resource Identifier","","`subclass of` between items of different metaclass levels, or on an individual","re-level one of the two items, or replace `subclass of` by `instance of`; review by hand"
"data/vocabulary.wdkb","ontology","level-sub","error","needs-review","Q18616576","Wikidata property","Q29934218","Wikibase property","","`subclass of` between items of different metaclass levels, or on an individual","re-level one of the two items, or replace `subclass of` by `instance of`; review by hand"
"data/vocabulary.wdkb","ontology","level-sub","error","needs-review","Q18647515","transitive Wikidata property","Q18616576","Wikidata property","","`subclass of` between items of different metaclass levels, or on an individual","re-level one of the two items, or replace `subclass of` by `instance of`; review by hand"
"data/vocabulary.wdkb","ontology","level-sub","error","needs-review","Q18647518","symmetric property","Q18616576","Wikidata property","","`subclass of` between items of different metaclass levels, or on an individual","re-level one of the two items, or replace `subclass of` by `instance of`; review by hand"
"data/vocabulary.wdkb","ontology","level-sub","error","needs-review","Q19798647","concept of no-value in Wikibase","Q19798651","wikibase data model possible value for a claim","","`subclass of` between items of different metaclass levels, or on an individual","re-level one of the two items, or replace `subclass of` by `instance of`; review by hand"
"data/vocabulary.wdkb","ontology","level-sub","error","needs-review","Q19798648","concept of unknown value in Wikibase","Q19798651","wikibase data model possible value for a claim","","`subclass of` between items of different metaclass levels, or on an individual","re-level one of the two items, or replace `subclass of` by `instance of`; review by hand"
"data/vocabulary.wdkb","ontology","level-sub","error","needs-review","Q19798648","concept of unknown value in Wikibase","Q24238356","unknown","","`subclass of` between items of different metaclass levels, or on an individual","re-level one of the two items, or replace `subclass of` by `instance of`; review by hand"
"data/vocabulary.wdkb","ontology","level-sub","error","needs-review","Q19822352","stepparent","Q5","human","","`subclass of` between items of different metaclass levels, or on an individual","re-level one of the two items, or replace `subclass of` by `instance of`; review by hand"
"data/vocabulary.wdkb","ontology","level-sub","error","needs-review","Q19822352","stepparent","Q66363468","non-biological parent","","`subclass of` between items of different metaclass levels, or on an individual","re-level one of the two items, or replace `subclass of` by `instance of`; review by hand"
"data/vocabulary.wdkb","ontology","level-sub","error","needs-review","Q19847637","Wikidata property for an identifier","Q18616576","Wikidata property","","`subclass of` between items of different metaclass levels, or on an individual","re-level one of the two items, or replace `subclass of` by `instance of`; review by hand"
"data/vocabulary.wdkb","ontology","level-sub","error","needs-review","Q20746742","adoptive parent","Q66363468","non-biological parent","","`subclass of` between items of different metaclass levels, or on an individual","re-level one of the two items, or replace `subclass of` by `instance of`; review by hand"
"data/vocabulary.wdkb","ontology","level-sub","error","needs-review","Q20746742","adoptive parent","Q7566","parent","","`subclass of` between items of different metaclass levels, or on an individual","re-level one of the two items, or replace `subclass of` by `instance of`; review by hand"
"data/vocabulary.wdkb","ontology","level-sub","error","needs-review","Q20746742","adoptive parent","Q66363751","adoptive family","","`subclass of` between items of different metaclass levels, or on an individual","re-level one of the two items, or replace `subclass of` by `instance of`; review by hand"
"data/vocabulary.wdkb","ontology","level-sub","error","needs-review","Q21044622","Wikidata statement rank","Q111513443","Wikibase statement rank","","`subclass of` between items of different metaclass levels, or on an individual","re-level one of the two items, or replace `subclass of` by `instance of`; review by hand"
"data/vocabulary.wdkb","ontology","level-sub","error","needs-review","Q43649390","Wikidata Q identifier","Q115642124","Wikibase Q identifier","","`subclass of` between items of different metaclass levels, or on an individual","re-level one of the two items, or replace `subclass of` by `instance of`; review by hand"
"data/vocabulary.wdkb","ontology","level-sub","error","needs-review","Q44292661","Wikidata reference","Q1713","citation","","`subclass of` between items of different metaclass levels, or on an individual","re-level one of the two items, or replace `subclass of` by `instance of`; review by hand"
"data/vocabulary.wdkb","ontology","level-sub","error","needs-review","Q44292661","Wikidata reference","Q21281405","Wikidata internal entity","","`subclass of` between items of different metaclass levels, or on an individual","re-level one of the two items, or replace `subclass of` by `instance of`; review by hand"
"data/vocabulary.wdkb","ontology","level-sub","error","needs-review","Q44292881","Wikidata statement","Q111513406","Wikibase statement","","`subclass of` between items of different metaclass levels, or on an individual","re-level one of the two items, or replace `subclass of` by `instance of`; review by hand"
"data/vocabulary.wdkb","ontology","level-sub","error","needs-review","Q44292881","Wikidata statement","Q32753077","Wikidata entity","","`subclass of` between items of different metaclass levels, or on an individual","re-level one of the two items, or replace `subclass of` by `instance of`; review by hand"
"data/vocabulary.wdkb","ontology","level-sub","error","needs-review","Q51885771","Wikibase lexeme","Q111513007","Wikibase entity","","`subclass of` between items of different metaclass levels, or on an individual","re-level one of the two items, or replace `subclass of` by `instance of`; review by hand"
"data/vocabulary.wdkb","ontology","level-sub","error","needs-review","Q54285143","Wikibase form","Q111513007","Wikibase entity","","`subclass of` between items of different metaclass levels, or on an individual","re-level one of the two items, or replace `subclass of` by `instance of`; review by hand"
"data/vocabulary.wdkb","ontology","level-sub","error","needs-review","Q54285715","Wikibase sense","Q111513007","Wikibase entity","","`subclass of` between items of different metaclass levels, or on an individual","re-level one of the two items, or replace `subclass of` by `instance of`; review by hand"
"data/vocabulary.wdkb","ontology","level-sub","error","needs-review","Q66363655","legal parent","Q7566","parent","","`subclass of` between items of different metaclass levels, or on an individual","re-level one of the two items, or replace `subclass of` by `instance of`; review by hand"
"data/vocabulary.wdkb","ontology","level-sub","error","needs-review","Q66363655","legal parent","Q11666901","nominal kinship","","`subclass of` between items of different metaclass levels, or on an individual","re-level one of the two items, or replace `subclass of` by `instance of`; review by hand"
"data/vocabulary.wdkb","ontology","level-sub","error","needs-review","Q66363655","legal parent","Q125352518","person with parental authority","","`subclass of` between items of different metaclass levels, or on an individual","re-level one of the two items, or replace `subclass of` by `instance of`; review by hand"
"data/vocabulary.wdkb","ontology","level-sub","error","needs-review","Q71533031","preferred rank","Q111513443","Wikibase statement rank","","`subclass of` between items of different metaclass levels, or on an individual","re-level one of the two items, or replace `subclass of` by `instance of`; review by hand"
"data/vocabulary.wdkb","ontology","level-sub","error","needs-review","Q73737153","normal rank","Q111513443","Wikibase statement rank","","`subclass of` between items of different metaclass levels, or on an individual","re-level one of the two items, or replace `subclass of` by `instance of`; review by hand"
"data/vocabulary.wdkb","ontology","level-sub","error","needs-review","Q73737357","deprecated rank","Q111513443","Wikibase statement rank","","`subclass of` between items of different metaclass levels, or on an individual","re-level one of the two items, or replace `subclass of` by `instance of`; review by hand"
"data/vocabulary.wdkb","ontology","level-sub","error","needs-review","Q93447297","reflexive transitive closure","Q1425985","preorder","","`subclass of` between items of different metaclass levels, or on an individual","re-level one of the two items, or replace `subclass of` by `instance of`; review by hand"
"data/vocabulary.wdkb","ontology","level-sub","error","needs-review","Q105770631","English Wikipedia article","Q50081413","Wikipedia article page","","`subclass of` between items of different metaclass levels, or on an individual","re-level one of the two items, or replace `subclass of` by `instance of`; review by hand"
"data/vocabulary.wdkb","ontology","level-sub","error","needs-review","Q107659597","Wikidata label","Q108060110","Wikidata term","","`subclass of` between items of different metaclass levels, or on an individual","re-level one of the two items, or replace `subclass of` by `instance of`; review by hand"
"data/vocabulary.wdkb","ontology","level-sub","error","needs-review","Q107659723","Wikidata alias","Q108060110","Wikidata term","","`subclass of` between items of different metaclass levels, or on an individual","re-level one of the two items, or replace `subclass of` by `instance of`; review by hand"
"data/vocabulary.wdkb","ontology","level-sub","error","needs-review","Q107659723","Wikidata alias","Q7662595","synonym","","`subclass of` between items of different metaclass levels, or on an individual","re-level one of the two items, or replace `subclass of` by `instance of`; review by hand"
"data/vocabulary.wdkb","ontology","level-sub","error","needs-review","Q107659784","Wikidata description","Q108060110","Wikidata term","","`subclass of` between items of different metaclass levels, or on an individual","re-level one of the two items, or replace `subclass of` by `instance of`; review by hand"
"data/vocabulary.wdkb","ontology","level-sub","error","needs-review","Q136873419","birth mother","Q66363648","biological mother","","`subclass of` between items of different metaclass levels, or on an individual","re-level one of the two items, or replace `subclass of` by `instance of`; review by hand"
"data/vocabulary.wdkb","ontology","level-sub","error","needs-review","Q33120876","Wikimedia content project","Q14827288","Wikimedia project","","`subclass of` between items of different metaclass levels, or on an individual","re-level one of the two items, or replace `subclass of` by `instance of`; review by hand"
"data/vocabulary.wdkb","ontology","level-sub","error","needs-review","Q33120876","Wikimedia content project","Q115096159","sibling project","","`subclass of` between items of different metaclass levels, or on an individual","re-level one of the two items, or replace `subclass of` by `instance of`; review by hand"
"data/vocabulary.wdkb","ontology","level-sub","error","needs-review","Q33002955","knowledge graph","Q115636432","labeled directed graph","","`subclass of` between items of different metaclass levels, or on an individual","re-level one of the two items, or replace `subclass of` by `instance of`; review by hand"
"data/vocabulary.wdkb","ontology","level-sub","error","needs-review","Q33002955","knowledge graph","Q593744","knowledge base","","`subclass of` between items of different metaclass levels, or on an individual","re-level one of the two items, or replace `subclass of` by `instance of`; review by hand"
"data/vocabulary.wdkb","ontology","level-sub","error","needs-review","Q7094076","online database","Q8513","database","","`subclass of` between items of different metaclass levels, or on an individual","re-level one of the two items, or replace `subclass of` by `instance of`; review by hand"
"data/vocabulary.wdkb","ontology","level-sub","error","needs-review","Q7094076","online database","Q35127","website","","`subclass of` between items of different metaclass levels, or on an individual","re-level one of the two items, or replace `subclass of` by `instance of`; review by hand"
"data/vocabulary.wdkb","ontology","level-sub","error","needs-review","Q638153","semantic wiki","Q171","wiki","","`subclass of` between items of different metaclass levels, or on an individual","re-level one of the two items, or replace `subclass of` by `instance of`; review by hand"
"data/vocabulary.wdkb","ontology","level-sub","error","needs-review","Q115660447","Wikibase instance","Q33002955","knowledge graph","","`subclass of` between items of different metaclass levels, or on an individual","re-level one of the two items, or replace `subclass of` by `instance of`; review by hand"
"data/vocabulary.wdkb","ontology","level-sub","error","needs-review","Q136375263","Wikimedia multilingual project","Q14827288","Wikimedia project","","`subclass of` between items of different metaclass levels, or on an individual","re-level one of the two items, or replace `subclass of` by `instance of`; review by hand"
"data/vocabulary.wdkb","ontology","level-sub","error","needs-review","Q136375263","Wikimedia multilingual project","Q36509592","wiki with script conversion","","`subclass of` between items of different metaclass levels, or on an individual","re-level one of the two items, or replace `subclass of` by `instance of`; review by hand"
"data/vocabulary.wdkb","ontology","level-sub","error","needs-review","Q36509592","wiki with script conversion","Q123407493","MediaWiki instance","","`subclass of` between items of different metaclass levels, or on an individual","re-level one of the two items, or replace `subclass of` by `instance of`; review by hand"
"data/vocabulary.wdkb","ontology","level-sub","error","needs-review","Q114955954","crowdsourced project","Q170584","project","","`subclass of` between items of different metaclass levels, or on an individual","re-level one of the two items, or replace `subclass of` by `instance of`; review by hand"
"data/vocabulary.wdkb","ontology","level-sub","error","needs-review","Q115471117","self-depicting entity","Q45025858","depicting object","","`subclass of` between items of different metaclass levels, or on an individual","re-level one of the two items, or replace `subclass of` by `instance of`; review by hand"
"data/vocabulary.wdkb","ontology","level-sub","error","needs-review","Q1293664","open content","Q1260632","content","","`subclass of` between items of different metaclass levels, or on an individual","re-level one of the two items, or replace `subclass of` by `instance of`; review by hand"
"data/vocabulary.wdkb","ontology","level-sub","error","needs-review","Q1322494","sociotope","Q2221906","geographic location","","`subclass of` between items of different metaclass levels, or on an individual","re-level one of the two items, or replace `subclass of` by `instance of`; review by hand"
"data/vocabulary.wdkb","ontology","level-sub","error","needs-review","Q1322494","sociotope","Q107307154","virtual place","","`subclass of` between items of different metaclass levels, or on an individual","re-level one of the two items, or replace `subclass of` by `instance of`; review by hand"
"data/vocabulary.wdkb","ontology","level-sub","error","needs-review","Q1322494","sociotope","Q177634","community","","`subclass of` between items of different metaclass levels, or on an individual","re-level one of the two items, or replace `subclass of` by `instance of`; review by hand"
"data/vocabulary.wdkb","ontology","level-sub","error","needs-review","Q24249534","specialised classification scheme","Q5962346","classification scheme","","`subclass of` between items of different metaclass levels, or on an individual","re-level one of the two items, or replace `subclass of` by `instance of`; review by hand"
"data/vocabulary.wdkb","ontology","level-sub","error","needs-review","Q7211","taxonomy","Q5962346","classification scheme","","`subclass of` between items of different metaclass levels, or on an individual","re-level one of the two items, or replace `subclass of` by `instance of`; review by hand"
"data/vocabulary.wdkb","ontology","level-sub","error","needs-review","Q25098571","first-degree relative","Q25601835","close relative","","`subclass of` between items of different metaclass levels, or on an individual","re-level one of the two items, or replace `subclass of` by `instance of`; review by hand"
"data/vocabulary.wdkb","ontology","level-sub","error","needs-review","Q138717307","sibling or parallel cousin","Q138716757","sibling or peer cousin","","`subclass of` between items of different metaclass levels, or on an individual","re-level one of the two items, or replace `subclass of` by `instance of`; review by hand"
"data/vocabulary.wdkb","ontology","level-sub","error","needs-review","Q629206","computer language","Q192161","formal language","","`subclass of` between items of different metaclass levels, or on an individual","re-level one of the two items, or replace `subclass of` by `instance of`; review by hand"
"data/vocabulary.wdkb","ontology","level-sub","error","needs-review","Q629206","computer language","Q15621286","intellectual work","","`subclass of` between items of different metaclass levels, or on an individual","re-level one of the two items, or replace `subclass of` by `instance of`; review by hand"
"data/vocabulary.wdkb","ontology","level-sub","error","needs-review","Q11997597","representative","Q24229398","being","","`subclass of` between items of different metaclass levels, or on an individual","re-level one of the two items, or replace `subclass of` by `instance of`; review by hand"
"data/vocabulary.wdkb","ontology","level-sub","error","needs-review","Q524778","commissioner","Q1328323","functionary","","`subclass of` between items of different metaclass levels, or on an individual","re-level one of the two items, or replace `subclass of` by `instance of`; review by hand"
"data/vocabulary.wdkb","ontology","level-sub","error","needs-review","Q524778","commissioner","Q3778211","legal person","","`subclass of` between items of different metaclass levels, or on an individual","re-level one of the two items, or replace `subclass of` by `instance of`; review by hand"
"data/vocabulary.wdkb","ontology","level-sub","error","needs-review","Q4164871","position","Q214339","role","","`subclass of` between items of different metaclass levels, or on an individual","re-level one of the two items, or replace `subclass of` by `instance of`; review by hand"
"data/vocabulary.wdkb","ontology","level-sub","error","needs-review","Q223642","interpersonal relationship","Q853725","social relation","","`subclass of` between items of different metaclass levels, or on an individual","re-level one of the two items, or replace `subclass of` by `instance of`; review by hand"
"data/vocabulary.wdkb","ontology","level-sub","error","needs-review","Q109956737","union of several sets","Q1964995","set operation","","`subclass of` between items of different metaclass levels, or on an individual","re-level one of the two items, or replace `subclass of` by `instance of`; review by hand"
"data/vocabulary.wdkb","ontology","level-sub","error","needs-review","Q177646","subset","Q3965271","subclass","","`subclass of` between items of different metaclass levels, or on an individual","re-level one of the two items, or replace `subclass of` by `instance of`; review by hand"
"data/vocabulary.wdkb","ontology","level-sub","error","needs-review","Q177646","subset","Q36161","set","","`subclass of` between items of different metaclass levels, or on an individual","re-level one of the two items, or replace `subclass of` by `instance of`; review by hand"
"data/vocabulary.wdkb","ontology","level-sub","error","needs-review","Q1964995","set operation","Q3884033","mathematical operation","","`subclass of` between items of different metaclass levels, or on an individual","re-level one of the two items, or replace `subclass of` by `instance of`; review by hand"
"data/vocabulary.wdkb","ontology","level-sub","error","needs-review","Q164307","binary operation","Q3737844","binary function","","`subclass of` between items of different metaclass levels, or on an individual","re-level one of the two items, or replace `subclass of` by `instance of`; review by hand"
"data/vocabulary.wdkb","ontology","level-sub","error","needs-review","Q164307","binary operation","Q97152408","partial binary operation","","`subclass of` between items of different metaclass levels, or on an individual","re-level one of the two items, or replace `subclass of` by `instance of`; review by hand"
"data/vocabulary.wdkb","ontology","level-sub","error","needs-review","Q164307","binary operation","Q3884033","mathematical operation","","`subclass of` between items of different metaclass levels, or on an individual","re-level one of the two items, or replace `subclass of` by `instance of`; review by hand"
"data/vocabulary.wdkb","ontology","level-sub","error","needs-review","Q17141489","intersection","Q3884033","mathematical operation","","`subclass of` between items of different metaclass levels, or on an individual","re-level one of the two items, or replace `subclass of` by `instance of`; review by hand"
"data/vocabulary.wdkb","ontology","level-sub","error","needs-review","Q44946","point","Q1801244","zero-dimensional space","","`subclass of` between items of different metaclass levels, or on an individual","re-level one of the two items, or replace `subclass of` by `instance of`; review by hand"
"data/vocabulary.wdkb","ontology","level-sub","error","needs-review","Q44946","point","Q211548","locus","","`subclass of` between items of different metaclass levels, or on an individual","re-level one of the two items, or replace `subclass of` by `instance of`; review by hand"
"data/vocabulary.wdkb","ontology","level-sub","error","needs-review","Q44946","point","Q379825","element","","`subclass of` between items of different metaclass levels, or on an individual","re-level one of the two items, or replace `subclass of` by `instance of`; review by hand"
"data/vocabulary.wdkb","ontology","level-sub","error","needs-review","Q3622126","conceptual system","Q58778","system","","`subclass of` between items of different metaclass levels, or on an individual","re-level one of the two items, or replace `subclass of` by `instance of`; review by hand"
"data/vocabulary.wdkb","ontology","level-sub","error","needs-review","Q3622126","conceptual system","Q16686448","artificial object","","`subclass of` between items of different metaclass levels, or on an individual","re-level one of the two items, or replace `subclass of` by `instance of`; review by hand"
"data/vocabulary.wdkb","ontology","level-sub","error","needs-review","Q3622126","conceptual system","Q151885","concept","","`subclass of` between items of different metaclass levels, or on an individual","re-level one of the two items, or replace `subclass of` by `instance of`; review by hand"
"data/vocabulary.wdkb","ontology","level-sub","error","needs-review","Q133250","sequence","Q16889133","class","","`subclass of` between items of different metaclass levels, or on an individual","re-level one of the two items, or replace `subclass of` by `instance of`; review by hand"
"data/vocabulary.wdkb","ontology","level-sub","error","needs-review","Q133250","sequence","Q8963063","discrete function","","`subclass of` between items of different metaclass levels, or on an individual","re-level one of the two items, or replace `subclass of` by `instance of`; review by hand"
"data/vocabulary.wdkb","ontology","level-sub","error","needs-review","Q111972893","type of structure","Q21146257","type","","`subclass of` between items of different metaclass levels, or on an individual","re-level one of the two items, or replace `subclass of` by `instance of`; review by hand"
"data/vocabulary.wdkb","ontology","level-sub","error","needs-review","Q111972893","type of structure","Q96251598","type of object","","`subclass of` between items of different metaclass levels, or on an individual","re-level one of the two items, or replace `subclass of` by `instance of`; review by hand"
"data/vocabulary.wdkb","ontology","level-sub","error","needs-review","Q11348","function","Q1756942","partial function","","`subclass of` between items of different metaclass levels, or on an individual","re-level one of the two items, or replace `subclass of` by `instance of`; review by hand"
"data/vocabulary.wdkb","ontology","level-sub","error","needs-review","Q47279819","type of mathematical function","Q21146257","type","","`subclass of` between items of different metaclass levels, or on an individual","re-level one of the two items, or replace `subclass of` by `instance of`; review by hand"
"data/vocabulary.wdkb","ontology","level-sub","error","needs-review","Q47279819","type of mathematical function","Q246672","mathematical object","","`subclass of` between items of different metaclass levels, or on an individual","re-level one of the two items, or replace `subclass of` by `instance of`; review by hand"
"data/vocabulary.wdkb","ontology","level-sub","error","needs-review","Q36161","set","Q217594","class","","`subclass of` between items of different metaclass levels, or on an individual","re-level one of the two items, or replace `subclass of` by `instance of`; review by hand"
"data/vocabulary.wdkb","ontology","level-sub","error","needs-review","Q36161","set","Q864377","multiset","","`subclass of` between items of different metaclass levels, or on an individual","re-level one of the two items, or replace `subclass of` by `instance of`; review by hand"
"data/vocabulary.wdkb","ontology","level-sub","error","needs-review","Q36161","set","Q205464","algebraic structure","","`subclass of` between items of different metaclass levels, or on an individual","re-level one of the two items, or replace `subclass of` by `instance of`; review by hand"
"data/vocabulary.wdkb","ontology","level-sub","error","needs-review","Q28864853","patronage","Q24902509","human activity","","`subclass of` between items of different metaclass levels, or on an individual","re-level one of the two items, or replace `subclass of` by `instance of`; review by hand"
"data/vocabulary.wdkb","ontology","level-sub","error","needs-review","Q28864853","patronage","Q3365007","parenthood","","`subclass of` between items of different metaclass levels, or on an individual","re-level one of the two items, or replace `subclass of` by `instance of`; review by hand"
"data/vocabulary.wdkb","ontology","level-sub","error","needs-review","Q28864853","patronage","Q1144694","duty of care","","`subclass of` between items of different metaclass levels, or on an individual","re-level one of the two items, or replace `subclass of` by `instance of`; review by hand"
"data/vocabulary.wdkb","ontology","level-sub","error","needs-review","Q28864853","patronage","Q152478","sponsor","","`subclass of` between items of different metaclass levels, or on an individual","re-level one of the two items, or replace `subclass of` by `instance of`; review by hand"
"data/vocabulary.wdkb","ontology","level-sub","error","needs-review","Q4504549","religious role","Q12737077","occupation","","`subclass of` between items of different metaclass levels, or on an individual","re-level one of the two items, or replace `subclass of` by `instance of`; review by hand"
"data/vocabulary.wdkb","ontology","level-sub","error","needs-review","Q1969448","term","Q48937186","word or phrase","","`subclass of` between items of different metaclass levels, or on an individual","re-level one of the two items, or replace `subclass of` by `instance of`; review by hand"
"data/vocabulary.wdkb","ontology","level-sub","error","needs-review","Q1172480","data model","Q2623243","conceptual model","","`subclass of` between items of different metaclass levels, or on an individual","re-level one of the two items, or replace `subclass of` by `instance of`; review by hand"
"data/vocabulary.wdkb","ontology","level-sub","error","needs-review","Q2101564","specification","Q49848","document","","`subclass of` between items of different metaclass levels, or on an individual","re-level one of the two items, or replace `subclass of` by `instance of`; review by hand"
"data/vocabulary.wdkb","ontology","level-sub","error","needs-review","Q6423319","knowledge organization system","Q3622126","conceptual system","","`subclass of` between items of different metaclass levels, or on an individual","re-level one of the two items, or replace `subclass of` by `instance of`; review by hand"
"data/vocabulary.wdkb","ontology","level-sub","error","needs-review","Q733541","consequence","Q108163","proposition","","`subclass of` between items of different metaclass levels, or on an individual","re-level one of the two items, or replace `subclass of` by `instance of`; review by hand"
"data/vocabulary.wdkb","ontology","level-sub","error","needs-review","Q151885","concept","Q7048977","abstract entity","","`subclass of` between items of different metaclass levels, or on an individual","re-level one of the two items, or replace `subclass of` by `instance of`; review by hand"
"data/vocabulary.wdkb","ontology","level-sub","error","needs-review","Q151885","concept","Q1272626","representation","","`subclass of` between items of different metaclass levels, or on an individual","re-level one of the two items, or replace `subclass of` by `instance of`; review by hand"
"data/vocabulary.wdkb","ontology","level-sub","error","needs-review","Q151885","concept","Q7551287","social object","","`subclass of` between items of different metaclass levels, or on an individual","re-level one of the two items, or replace `subclass of` by `instance of`; review by hand"
"data/vocabulary.wdkb","ontology","level-sub","error","needs-review","Q138715847","senior relative","Q138716141","non-peer relative","","`subclass of` between items of different metaclass levels, or on an individual","re-level one of the two items, or replace `subclass of` by `instance of`; review by hand"
"data/vocabulary.wdkb","ontology","level-sub","error","needs-review","Q106110777","predecessor","Q123241435","realizable entity","","`subclass of` between items of different metaclass levels, or on an individual","re-level one of the two items, or replace `subclass of` by `instance of`; review by hand"
"data/vocabulary.wdkb","ontology","level-sub","error","needs-review","Q20026918","mathematical theory","Q17737","theory","","`subclass of` between items of different metaclass levels, or on an individual","re-level one of the two items, or replace `subclass of` by `instance of`; review by hand"
"data/vocabulary.wdkb","ontology","level-sub","error","needs-review","Q8513","database","Q386724","work","","`subclass of` between items of different metaclass levels, or on an individual","re-level one of the two items, or replace `subclass of` by `instance of`; review by hand"
"data/vocabulary.wdkb","ontology","level-sub","error","needs-review","Q8513","database","Q59138870","digital object","","`subclass of` between items of different metaclass levels, or on an individual","re-level one of the two items, or replace `subclass of` by `instance of`; review by hand"
"data/vocabulary.wdkb","ontology","level-sub","error","needs-review","Q2623243","conceptual model","Q6423319","knowledge organization system","","`subclass of` between items of different metaclass levels, or on an individual","re-level one of the two items, or replace `subclass of` by `instance of`; review by hand"
"data/vocabulary.wdkb","ontology","level-sub","error","needs-review","Q1063801","tertiary source","Q1754533","source text","","`subclass of` between items of different metaclass levels, or on an individual","re-level one of the two items, or replace `subclass of` by `instance of`; review by hand"
"data/vocabulary.wdkb","ontology","level-sub","error","needs-review","Q788790","documentation","Q45025858","depicting object","","`subclass of` between items of different metaclass levels, or on an individual","re-level one of the two items, or replace `subclass of` by `instance of`; review by hand"
"data/vocabulary.wdkb","ontology","level-sub","error","needs-review","Q788790","documentation","Q11028","information","","`subclass of` between items of different metaclass levels, or on an individual","re-level one of the two items, or replace `subclass of` by `instance of`; review by hand"
"data/vocabulary.wdkb","ontology","level-sub","error","needs-review","Q2303697","sorting","Q1914636","activity","","`subclass of` between items of different metaclass levels, or on an individual","re-level one of the two items, or replace `subclass of` by `instance of`; review by hand"
"data/vocabulary.wdkb","ontology","level-sub","error","needs-review","Q937228","property","Q7048977","abstract entity","","`subclass of` between items of different metaclass levels, or on an individual","re-level one of the two items, or replace `subclass of` by `instance of`; review by hand"
"data/vocabulary.wdkb","ontology","level-sub","error","needs-review","Q11028","information","Q7048977","abstract entity","","`subclass of` between items of different metaclass levels, or on an individual","re-level one of the two items, or replace `subclass of` by `instance of`; review by hand"
"data/vocabulary.wdkb","ontology","level-sub","error","needs-review","Q6661985","data processing","Q750843","information processing","","`subclass of` between items of different metaclass levels, or on an individual","re-level one of the two items, or replace `subclass of` by `instance of`; review by hand"
"data/vocabulary.wdkb","ontology","level-sub","error","needs-review","Q6661985","data processing","Q627436","field of work","","`subclass of` between items of different metaclass levels, or on an individual","re-level one of the two items, or replace `subclass of` by `instance of`; review by hand"
"data/vocabulary.wdkb","ontology","level-sub","error","needs-review","Q6661985","data processing","Q10843872","process","","`subclass of` between items of different metaclass levels, or on an individual","re-level one of the two items, or replace `subclass of` by `instance of`; review by hand"
"data/vocabulary.wdkb","ontology","level-sub","error","needs-review","Q47496130","reduction","Q1150070","change","","`subclass of` between items of different metaclass levels, or on an individual","re-level one of the two items, or replace `subclass of` by `instance of`; review by hand"
"data/vocabulary.wdkb","ontology","level-sub","error","needs-review","Q5891","philosophy","Q105948247","knowledge system","","`subclass of` between items of different metaclass levels, or on an individual","re-level one of the two items, or replace `subclass of` by `instance of`; review by hand"
"data/vocabulary.wdkb","ontology","level-sub","error","needs-review","Q1047113","field of study","Q105948247","knowledge system","","`subclass of` between items of different metaclass levels, or on an individual","re-level one of the two items, or replace `subclass of` by `instance of`; review by hand"
"data/vocabulary.wdkb","ontology","level-sub","error","needs-review","Q1047113","field of study","Q110403031","knowledge type","","`subclass of` between items of different metaclass levels, or on an individual","re-level one of the two items, or replace `subclass of` by `instance of`; review by hand"
"data/vocabulary.wdkb","ontology","level-sub","error","needs-review","Q1047113","field of study","Q26256810","topic","","`subclass of` between items of different metaclass levels, or on an individual","re-level one of the two items, or replace `subclass of` by `instance of`; review by hand"
"data/vocabulary.wdkb","ontology","level-sub","error","needs-review","Q1047113","field of study","Q21040055","aspect","","`subclass of` between items of different metaclass levels, or on an individual","re-level one of the two items, or replace `subclass of` by `instance of`; review by hand"
"data/vocabulary.wdkb","ontology","level-sub","error","needs-review","Q1137726","directed graph","Q17104046","mixed graph","","`subclass of` between items of different metaclass levels, or on an individual","re-level one of the two items, or replace `subclass of` by `instance of`; review by hand"
"data/vocabulary.wdkb","ontology","level-sub","error","needs-review","Q94250127","oriented graph","Q1137726","directed graph","","`subclass of` between items of different metaclass levels, or on an individual","re-level one of the two items, or replace `subclass of` by `instance of`; review by hand"
"data/vocabulary.wdkb","ontology","level-sub","error","needs-review","Q9332","behavior","Q2083958","pattern","","`subclass of` between items of different metaclass levels, or on an individual","re-level one of the two items, or replace `subclass of` by `instance of`; review by hand"
"data/vocabulary.wdkb","ontology","level-sub","error","needs-review","Q9332","behavior","Q1914636","activity","","`subclass of` between items of different metaclass levels, or on an individual","re-level one of the two items, or replace `subclass of` by `instance of`; review by hand"
"data/vocabulary.wdkb","ontology","level-sub","error","needs-review","Q2353731","upbringing","Q1914636","activity","","`subclass of` between items of different metaclass levels, or on an individual","re-level one of the two items, or replace `subclass of` by `instance of`; review by hand"
"data/vocabulary.wdkb","ontology","level-sub","error","needs-review","Q2353731","upbringing","Q2995644","result","","`subclass of` between items of different metaclass levels, or on an individual","re-level one of the two items, or replace `subclass of` by `instance of`; review by hand"
"data/vocabulary.wdkb","ontology","level-sub","error","needs-review","Q1799072","method","Q12774177","means","","`subclass of` between items of different metaclass levels, or on an individual","re-level one of the two items, or replace `subclass of` by `instance of`; review by hand"
"data/vocabulary.wdkb","ontology","level-sub","error","needs-review","Q10843872","process","Q3249551","process","","`subclass of` between items of different metaclass levels, or on an individual","re-level one of the two items, or replace `subclass of` by `instance of`; review by hand"
"data/vocabulary.wdkb","ontology","level-sub","error","needs-review","Q10843872","process","Q1914636","activity","","`subclass of` between items of different metaclass levels, or on an individual","re-level one of the two items, or replace `subclass of` by `instance of`; review by hand"
"data/vocabulary.wdkb","ontology","level-sub","error","needs-review","Q8366","algorithm","Q20920559","procedure","","`subclass of` between items of different metaclass levels, or on an individual","re-level one of the two items, or replace `subclass of` by `instance of`; review by hand"
"data/vocabulary.wdkb","ontology","level-sub","error","needs-review","Q8366","algorithm","Q386724","work","","`subclass of` between items of different metaclass levels, or on an individual","re-level one of the two items, or replace `subclass of` by `instance of`; review by hand"
"data/vocabulary.wdkb","ontology","level-sub","error","needs-review","Q8366","algorithm","Q24034552","mathematical concept","","`subclass of` between items of different metaclass levels, or on an individual","re-level one of the two items, or replace `subclass of` by `instance of`; review by hand"
"data/vocabulary.wdkb","ontology","level-sub","error","needs-review","Q130901","binary relation","Q203066","relation","","`subclass of` between items of different metaclass levels, or on an individual","re-level one of the two items, or replace `subclass of` by `instance of`; review by hand"
"data/vocabulary.wdkb","ontology","level-sub","error","needs-review","Q64861","transitive relation","Q54938846","endorelation","","`subclass of` between items of different metaclass levels, or on an individual","re-level one of the two items, or replace `subclass of` by `instance of`; review by hand"
"data/vocabulary.wdkb","ontology","level-sub","error","needs-review","Q64861","transitive relation","Q7269539","quasitransitive relation","","`subclass of` between items of different metaclass levels, or on an individual","re-level one of the two items, or replace `subclass of` by `instance of`; review by hand"
"data/vocabulary.wdkb","ontology","level-sub","error","needs-review","Q12625119","blood kin","Q12758374","relative","","`subclass of` between items of different metaclass levels, or on an individual","re-level one of the two items, or replace `subclass of` by `instance of`; review by hand"
"data/vocabulary.wdkb","ontology","level-sub","error","needs-review","Q138715303","older relative","Q12758374","relative","","`subclass of` between items of different metaclass levels, or on an individual","re-level one of the two items, or replace `subclass of` by `instance of`; review by hand"
"data/vocabulary.wdkb","ontology","level-sub","error","needs-review","Q110765126","first-order query","Q110765110","first-order formula","","`subclass of` between items of different metaclass levels, or on an individual","re-level one of the two items, or replace `subclass of` by `instance of`; review by hand"
"data/vocabulary.wdkb","ontology","level-sub","error","needs-review","Q110765126","first-order query","Q7271381","query","","`subclass of` between items of different metaclass levels, or on an individual","re-level one of the two items, or replace `subclass of` by `instance of`; review by hand"
"data/vocabulary.wdkb","ontology","level-sub","error","needs-review","Q11184","Julian calendar","Q12132","calendar system","","`subclass of` between items of different metaclass levels, or on an individual","re-level one of the two items, or replace `subclass of` by `instance of`; review by hand"
"data/vocabulary.wdkb","ontology","level-sub","error","needs-review","Q7249564","proleptic calendar","Q12132","calendar system","","`subclass of` between items of different metaclass levels, or on an individual","re-level one of the two items, or replace `subclass of` by `instance of`; review by hand"
"data/vocabulary.wdkb","ontology","level-sub","error","needs-review","Q474715","partially ordered set","Q78054942","preordered set","","`subclass of` between items of different metaclass levels, or on an individual","re-level one of the two items, or replace `subclass of` by `instance of`; review by hand"
"data/vocabulary.wdkb","ontology","level-sub","error","needs-review","Q595364","lattice","Q29018101","upper semilattice","","`subclass of` between items of different metaclass levels, or on an individual","re-level one of the two items, or replace `subclass of` by `instance of`; review by hand"
"data/vocabulary.wdkb","ontology","level-sub","error","needs-review","Q595364","lattice","Q29018102","lower semilattice","","`subclass of` between items of different metaclass levels, or on an individual","re-level one of the two items, or replace `subclass of` by `instance of`; review by hand"
"data/vocabulary.wdkb","ontology","level-sub","error","needs-review","Q595364","lattice","Q205464","algebraic structure","","`subclass of` between items of different metaclass levels, or on an individual","re-level one of the two items, or replace `subclass of` by `instance of`; review by hand"
"data/vocabulary.wdkb","ontology","level-sub","error","needs-review","Q66363776","family structure","Q2605444","society form","","`subclass of` between items of different metaclass levels, or on an individual","re-level one of the two items, or replace `subclass of` by `instance of`; review by hand"
"data/vocabulary.wdkb","ontology","level-sub","error","needs-review","Q66363776","family structure","Q211606","social structure","","`subclass of` between items of different metaclass levels, or on an individual","re-level one of the two items, or replace `subclass of` by `instance of`; review by hand"
"data/vocabulary.wdkb","ontology","level-sub","error","needs-review","Q2920613","shared parenting","Q1217379","parenting","","`subclass of` between items of different metaclass levels, or on an individual","re-level one of the two items, or replace `subclass of` by `instance of`; review by hand"
"data/vocabulary.wdkb","ontology","level-sub","error","needs-review","Q30503704","graph algorithm","Q41883552","combinatorial algorithm","","`subclass of` between items of different metaclass levels, or on an individual","re-level one of the two items, or replace `subclass of` by `instance of`; review by hand"
"data/vocabulary.wdkb","ontology","level-sub","error","needs-review","Q3249551","process","Q67518978","occurrent","","`subclass of` between items of different metaclass levels, or on an individual","re-level one of the two items, or replace `subclass of` by `instance of`; review by hand"
"data/vocabulary.wdkb","ontology","level-sub","error","needs-review","Q135265559","group of 3","Q135268423","generic set","","`subclass of` between items of different metaclass levels, or on an individual","re-level one of the two items, or replace `subclass of` by `instance of`; review by hand"
"data/vocabulary.wdkb","ontology","level-sub","error","needs-review","Q135265559","group of 3","Q16887380","group","","`subclass of` between items of different metaclass levels, or on an individual","re-level one of the two items, or replace `subclass of` by `instance of`; review by hand"
"data/vocabulary.wdkb","ontology","level-sub","error","needs-review","Q175263","data structure","Q6671777","structure","","`subclass of` between items of different metaclass levels, or on an individual","re-level one of the two items, or replace `subclass of` by `instance of`; review by hand"
"data/vocabulary.wdkb","ontology","level-sub","error","needs-review","Q3435924","computational problem","Q1166625","mathematical problem","","`subclass of` between items of different metaclass levels, or on an individual","re-level one of the two items, or replace `subclass of` by `instance of`; review by hand"
"data/vocabulary.wdkb","ontology","level-sub","error","needs-review","Q1335186","extensive function","Q11348","function","","`subclass of` between items of different metaclass levels, or on an individual","re-level one of the two items, or replace `subclass of` by `instance of`; review by hand"
"data/vocabulary.wdkb","ontology","level-sub","error","needs-review","Q44106280","idempotent function","Q11348","function","","`subclass of` between items of different metaclass levels, or on an individual","re-level one of the two items, or replace `subclass of` by `instance of`; review by hand"
"data/vocabulary.wdkb","ontology","level-sub","error","needs-review","Q44106280","idempotent function","Q2243424","idempotent element","","`subclass of` between items of different metaclass levels, or on an individual","re-level one of the two items, or replace `subclass of` by `instance of`; review by hand"
"data/vocabulary.wdkb","ontology","level-sub","error","needs-review","Q1657198","set function","Q11348","function","","`subclass of` between items of different metaclass levels, or on an individual","re-level one of the two items, or replace `subclass of` by `instance of`; review by hand"
"data/vocabulary.wdkb","ontology","level-sub","error","needs-review","Q115988076","set-valued function","Q11348","function","","`subclass of` between items of different metaclass levels, or on an individual","re-level one of the two items, or replace `subclass of` by `instance of`; review by hand"
"data/vocabulary.wdkb","ontology","level-sub","error","needs-review","Q1968442","donor","Q4887411","benefactor","","`subclass of` between items of different metaclass levels, or on an individual","re-level one of the two items, or replace `subclass of` by `instance of`; review by hand"
"data/vocabulary.wdkb","ontology","level-sub","error","needs-review","Q1968442","donor","Q3778211","legal person","","`subclass of` between items of different metaclass levels, or on an individual","re-level one of the two items, or replace `subclass of` by `instance of`; review by hand"
"data/vocabulary.wdkb","ontology","level-sub","error","needs-review","Q1968442","donor","Q43667189","donor","","`subclass of` between items of different metaclass levels, or on an individual","re-level one of the two items, or replace `subclass of` by `instance of`; review by hand"
"data/vocabulary.wdkb","ontology","level-sub","error","needs-review","Q15138389","Wikimedia article page","Q15633587","MediaWiki main namespace page","","`subclass of` between items of different metaclass levels, or on an individual","re-level one of the two items, or replace `subclass of` by `instance of`; review by hand"
"data/vocabulary.wdkb","ontology","level-sub","error","needs-review","Q15138389","Wikimedia article page","Q191067","article","","`subclass of` between items of different metaclass levels, or on an individual","re-level one of the two items, or replace `subclass of` by `instance of`; review by hand"
"data/vocabulary.wdkb","ontology","level-sub","error","needs-review","Q15138389","Wikimedia article page","Q1293664","open content","","`subclass of` between items of different metaclass levels, or on an individual","re-level one of the two items, or replace `subclass of` by `instance of`; review by hand"
"data/vocabulary.wdkb","ontology","level-sub","error","needs-review","Q29934200","Wikibase item","Q111513007","Wikibase entity","","`subclass of` between items of different metaclass levels, or on an individual","re-level one of the two items, or replace `subclass of` by `instance of`; review by hand"
"data/vocabulary.wdkb","ontology","level-sub","error","needs-review","Q180160","metadata","Q16686448","artificial object","","`subclass of` between items of different metaclass levels, or on an individual","re-level one of the two items, or replace `subclass of` by `instance of`; review by hand"
"data/vocabulary.wdkb","ontology","level-sub","error","needs-review","Q66371306","genetic mother","Q66363648","biological mother","","`subclass of` between items of different metaclass levels, or on an individual","re-level one of the two items, or replace `subclass of` by `instance of`; review by hand"
"data/vocabulary.wdkb","ontology","level-sub","error","needs-review","Q66371306","genetic mother","Q66371304","genetic parent","","`subclass of` between items of different metaclass levels, or on an individual","re-level one of the two items, or replace `subclass of` by `instance of`; review by hand"
"data/vocabulary.wdkb","ontology","level-sub","error","needs-review","Q12737077","occupation","Q1807498","social position","","`subclass of` between items of different metaclass levels, or on an individual","re-level one of the two items, or replace `subclass of` by `instance of`; review by hand"
"data/vocabulary.wdkb","ontology","level-sub","error","needs-review","Q424583","Internationalized Resource Identifier","Q853614","identifier","","`subclass of` between items of different metaclass levels, or on an individual","re-level one of the two items, or replace `subclass of` by `instance of`; review by hand"
"data/vocabulary.wdkb","ontology","level-sub","error","needs-review","Q29934218","Wikibase property","Q111513007","Wikibase entity","","`subclass of` between items of different metaclass levels, or on an individual","re-level one of the two items, or replace `subclass of` by `instance of`; review by hand"
"data/vocabulary.wdkb","ontology","level-sub","error","needs-review","Q96253971","type of property","Q21146257","type","","`subclass of` between items of different metaclass levels, or on an individual","re-level one of the two items, or replace `subclass of` by `instance of`; review by hand"
"data/vocabulary.wdkb","ontology","level-sub","error","needs-review","Q115490628","fundamental Wikidata entity","Q32753077","Wikidata entity","","`subclass of` between items of different metaclass levels, or on an individual","re-level one of the two items, or replace `subclass of` by `instance of`; review by hand"
"data/vocabulary.wdkb","ontology","level-sub","error","needs-review","Q19798651","wikibase data model possible value for a claim","Q16686448","artificial object","","`subclass of` between items of different metaclass levels, or on an individual","re-level one of the two items, or replace `subclass of` by `instance of`; review by hand"
"data/vocabulary.wdkb","ontology","level-sub","error","needs-review","Q19798657","Wikibase value type","Q151885","concept","","`subclass of` between items of different metaclass levels, or on an individual","re-level one of the two items, or replace `subclass of` by `instance of`; review by hand"
"data/vocabulary.wdkb","ontology","level-sub","error","needs-review","Q5","human","Q2250224","individual person","","`subclass of` between items of different metaclass levels, or on an individual","re-level one of the two items, or replace `subclass of` by `instance of`; review by hand"
"data/vocabulary.wdkb","ontology","level-sub","error","needs-review","Q5","human","Q164509","omnivore","","`subclass of` between items of different metaclass levels, or on an individual","re-level one of the two items, or replace `subclass of` by `instance of`; review by hand"
"data/vocabulary.wdkb","ontology","level-sub","error","needs-review","Q5","human","Q154954","natural person","","`subclass of` between items of different metaclass levels, or on an individual","re-level one of the two items, or replace `subclass of` by `instance of`; review by hand"
"data/vocabulary.wdkb","ontology","level-sub","error","needs-review","Q5","human","Q5891007","anatomically modern human","","`subclass of` between items of different metaclass levels, or on an individual","re-level one of the two items, or replace `subclass of` by `instance of`; review by hand"
"data/vocabulary.wdkb","ontology","level-sub","error","needs-review","Q107649491","type of Wikidata property","Q96253971","type of property","","`subclass of` between items of different metaclass levels, or on an individual","re-level one of the two items, or replace `subclass of` by `instance of`; review by hand"
"data/vocabulary.wdkb","ontology","level-sub","error","needs-review","Q66363751","adoptive family","Q8436","family","","`subclass of` between items of different metaclass levels, or on an individual","re-level one of the two items, or replace `subclass of` by `instance of`; review by hand"
"data/vocabulary.wdkb","ontology","level-sub","error","needs-review","Q1767348","legal kinship","Q1367590","legal relationship","","`subclass of` between items of different metaclass levels, or on an individual","re-level one of the two items, or replace `subclass of` by `instance of`; review by hand"
"data/vocabulary.wdkb","ontology","level-sub","error","needs-review","Q27949697","Wikibase reason for deprecated rank","Q21281405","Wikidata internal entity","","`subclass of` between items of different metaclass levels, or on an individual","re-level one of the two items, or replace `subclass of` by `instance of`; review by hand"
"data/vocabulary.wdkb","ontology","level-sub","error","needs-review","Q27949697","Wikibase reason for deprecated rank","Q2574811","cause","","`subclass of` between items of different metaclass levels, or on an individual","re-level one of the two items, or replace `subclass of` by `instance of`; review by hand"
"data/vocabulary.wdkb","ontology","level-sub","error","needs-review","Q317623","technical standard","Q49848","document","","`subclass of` between items of different metaclass levels, or on an individual","re-level one of the two items, or replace `subclass of` by `instance of`; review by hand"
"data/vocabulary.wdkb","ontology","level-sub","error","needs-review","Q317623","technical standard","Q16889133","class","","`subclass of` between items of different metaclass levels, or on an individual","re-level one of the two items, or replace `subclass of` by `instance of`; review by hand"
"data/vocabulary.wdkb","ontology","level-sub","error","needs-review","Q317623","technical standard","Q13136","reference work","","`subclass of` between items of different metaclass levels, or on an individual","re-level one of the two items, or replace `subclass of` by `instance of`; review by hand"
"data/vocabulary.wdkb","ontology","level-sub","error","needs-review","Q317623","technical standard","Q1151067","rule","","`subclass of` between items of different metaclass levels, or on an individual","re-level one of the two items, or replace `subclass of` by `instance of`; review by hand"
"data/vocabulary.wdkb","ontology","level-sub","error","needs-review","Q317623","technical standard","Q1630279","guideline","","`subclass of` between items of different metaclass levels, or on an individual","re-level one of the two items, or replace `subclass of` by `instance of`; review by hand"
"data/vocabulary.wdkb","ontology","level-sub","error","needs-review","Q317623","technical standard","Q117207263","file","","`subclass of` between items of different metaclass levels, or on an individual","re-level one of the two items, or replace `subclass of` by `instance of`; review by hand"
"data/vocabulary.wdkb","ontology","level-sub","error","needs-review","Q691358","domain-specific language","Q629206","computer language","","`subclass of` between items of different metaclass levels, or on an individual","re-level one of the two items, or replace `subclass of` by `instance of`; review by hand"
"data/vocabulary.wdkb","ontology","level-sub","error","needs-review","Q115642124","Wikibase Q identifier","Q6545185","unique identifier","","`subclass of` between items of different metaclass levels, or on an individual","re-level one of the two items, or replace `subclass of` by `instance of`; review by hand"
"data/vocabulary.wdkb","ontology","level-sub","error","needs-review","Q111513370","Wikidata entity ID","Q111513337","Wikibase entity ID","","`subclass of` between items of different metaclass levels, or on an individual","re-level one of the two items, or replace `subclass of` by `instance of`; review by hand"
"data/vocabulary.wdkb","ontology","level-sub","error","needs-review","Q6545185","unique identifier","Q420330","persistent identifier","","`subclass of` between items of different metaclass levels, or on an individual","re-level one of the two items, or replace `subclass of` by `instance of`; review by hand"
"data/vocabulary.wdkb","ontology","level-sub","error","needs-review","Q1713","citation","Q121769","reference","","`subclass of` between items of different metaclass levels, or on an individual","re-level one of the two items, or replace `subclass of` by `instance of`; review by hand"
"data/vocabulary.wdkb","ontology","level-sub","error","needs-review","Q1713","citation","Q12303449","caption","","`subclass of` between items of different metaclass levels, or on an individual","re-level one of the two items, or replace `subclass of` by `instance of`; review by hand"
"data/vocabulary.wdkb","ontology","level-sub","error","needs-review","Q111513414","Wikibase referenceRecord","Q110832782","software resource","","`subclass of` between items of different metaclass levels, or on an individual","re-level one of the two items, or replace `subclass of` by `instance of`; review by hand"
"data/vocabulary.wdkb","ontology","level-sub","error","needs-review","Q121769","reference","Q930933","relation","","`subclass of` between items of different metaclass levels, or on an individual","re-level one of the two items, or replace `subclass of` by `instance of`; review by hand"
"data/vocabulary.wdkb","ontology","level-sub","error","needs-review","Q71533077","Wikibase reason for preferred rank","Q21281405","Wikidata internal entity","","`subclass of` between items of different metaclass levels, or on an individual","re-level one of the two items, or replace `subclass of` by `instance of`; review by hand"
"data/vocabulary.wdkb","ontology","level-sub","error","needs-review","Q71533077","Wikibase reason for preferred rank","Q2574811","cause","","`subclass of` between items of different metaclass levels, or on an individual","re-level one of the two items, or replace `subclass of` by `instance of`; review by hand"
"data/vocabulary.wdkb","ontology","level-sub","error","needs-review","Q71533077","Wikibase reason for preferred rank","Q7958","explanation","","`subclass of` between items of different metaclass levels, or on an individual","re-level one of the two items, or replace `subclass of` by `instance of`; review by hand"
"data/vocabulary.wdkb","ontology","level-sub","error","needs-review","Q32753077","Wikidata entity","Q111513007","Wikibase entity","","`subclass of` between items of different metaclass levels, or on an individual","re-level one of the two items, or replace `subclass of` by `instance of`; review by hand"
"data/vocabulary.wdkb","ontology","level-sub","error","needs-review","Q111513007","Wikibase entity","Q110832782","software resource","","`subclass of` between items of different metaclass levels, or on an individual","re-level one of the two items, or replace `subclass of` by `instance of`; review by hand"
"data/vocabulary.wdkb","ontology","level-sub","error","needs-review","Q7566","parent","Q25098571","first-degree relative","","`subclass of` between items of different metaclass levels, or on an individual","re-level one of the two items, or replace `subclass of` by `instance of`; review by hand"
"data/vocabulary.wdkb","ontology","level-sub","error","needs-review","Q11666901","nominal kinship","Q171318","kinship","","`subclass of` between items of different metaclass levels, or on an individual","re-level one of the two items, or replace `subclass of` by `instance of`; review by hand"
"data/vocabulary.wdkb","ontology","level-sub","error","needs-review","Q125352518","person with parental authority","Q124478208","liable adult","","`subclass of` between items of different metaclass levels, or on an individual","re-level one of the two items, or replace `subclass of` by `instance of`; review by hand"
"data/vocabulary.wdkb","ontology","level-sub","error","needs-review","Q111513443","Wikibase statement rank","Q526719","ranking","","`subclass of` between items of different metaclass levels, or on an individual","re-level one of the two items, or replace `subclass of` by `instance of`; review by hand"
"data/vocabulary.wdkb","ontology","level-sub","error","needs-review","Q111513443","Wikibase statement rank","Q110832782","software resource","","`subclass of` between items of different metaclass levels, or on an individual","re-level one of the two items, or replace `subclass of` by `instance of`; review by hand"
"data/vocabulary.wdkb","ontology","level-sub","error","needs-review","Q21281405","Wikidata internal entity","Q17442446","Wikimedia internal item","","`subclass of` between items of different metaclass levels, or on an individual","re-level one of the two items, or replace `subclass of` by `instance of`; review by hand"
"data/vocabulary.wdkb","ontology","level-sub","error","needs-review","Q1425985","preorder","Q621850","reflexive relation","","`subclass of` between items of different metaclass levels, or on an individual","re-level one of the two items, or replace `subclass of` by `instance of`; review by hand"
"data/vocabulary.wdkb","ontology","level-sub","error","needs-review","Q1425985","preorder","Q64861","transitive relation","","`subclass of` between items of different metaclass levels, or on an individual","re-level one of the two items, or replace `subclass of` by `instance of`; review by hand"
"data/vocabulary.wdkb","ontology","level-sub","error","needs-review","Q3753945","closure of a relation","Q4720939","closure","","`subclass of` between items of different metaclass levels, or on an individual","re-level one of the two items, or replace `subclass of` by `instance of`; review by hand"
"data/vocabulary.wdkb","ontology","level-sub","error","needs-review","Q50081413","Wikipedia article page","Q15138389","Wikimedia article page","","`subclass of` between items of different metaclass levels, or on an individual","re-level one of the two items, or replace `subclass of` by `instance of`; review by hand"
"data/vocabulary.wdkb","ontology","level-sub","error","needs-review","Q7662595","synonym","Q42106","synonym","","`subclass of` between items of different metaclass levels, or on an individual","re-level one of the two items, or replace `subclass of` by `instance of`; review by hand"
"data/vocabulary.wdkb","ontology","level-sub","error","needs-review","Q7662595","synonym","Q853614","identifier","","`subclass of` between items of different metaclass levels, or on an individual","re-level one of the two items, or replace `subclass of` by `instance of`; review by hand"
"data/vocabulary.wdkb","ontology","level-sub","error","needs-review","Q108060110","Wikidata term","Q31384986","language-tagged string RDF literal","","`subclass of` between items of different metaclass levels, or on an individual","re-level one of the two items, or replace `subclass of` by `instance of`; review by hand"
"data/vocabulary.wdkb","ontology","level-sub","error","needs-review","Q66363648","biological mother","Q7560","mother","","`subclass of` between items of different metaclass levels, or on an individual","re-level one of the two items, or replace `subclass of` by `instance of`; review by hand"
"data/vocabulary.wdkb","ontology","level-sub","error","needs-review","Q66363648","biological mother","Q1502246","biological parent","","`subclass of` between items of different metaclass levels, or on an individual","re-level one of the two items, or replace `subclass of` by `instance of`; review by hand"
"data/vocabulary.wdkb","ontology","level-sub","error","needs-review","Q33120867","Wikimedia wiki","Q14827288","Wikimedia project","","`subclass of` between items of different metaclass levels, or on an individual","re-level one of the two items, or replace `subclass of` by `instance of`; review by hand"
"data/vocabulary.wdkb","ontology","level-sub","error","needs-review","Q33120867","Wikimedia wiki","Q15633582","MediaWiki wiki","","`subclass of` between items of different metaclass levels, or on an individual","re-level one of the two items, or replace `subclass of` by `instance of`; review by hand"
"data/vocabulary.wdkb","ontology","level-sub","error","needs-review","Q115096159","sibling project","Q170584","project","","`subclass of` between items of different metaclass levels, or on an individual","re-level one of the two items, or replace `subclass of` by `instance of`; review by hand"
"data/vocabulary.wdkb","ontology","level-sub","error","needs-review","Q122759350","user-generated content platform","Q1668024","service on Internet","","`subclass of` between items of different metaclass levels, or on an individual","re-level one of the two items, or replace `subclass of` by `instance of`; review by hand"
"data/vocabulary.wdkb","ontology","level-sub","error","needs-review","Q122759350","user-generated content platform","Q28017710","digital platform","","`subclass of` between items of different metaclass levels, or on an individual","re-level one of the two items, or replace `subclass of` by `instance of`; review by hand"
"data/vocabulary.wdkb","ontology","level-sub","error","needs-review","Q115636432","labeled directed graph","Q130342754","labeled mixed graph","","`subclass of` between items of different metaclass levels, or on an individual","re-level one of the two items, or replace `subclass of` by `instance of`; review by hand"
"data/vocabulary.wdkb","ontology","level-sub","error","needs-review","Q115636432","labeled directed graph","Q1137726","directed graph","","`subclass of` between items of different metaclass levels, or on an individual","re-level one of the two items, or replace `subclass of` by `instance of`; review by hand"
"data/vocabulary.wdkb","ontology","level-sub","error","needs-review","Q135899674","application-specific graph","Q17104046","mixed graph","","`subclass of` between items of different metaclass levels, or on an individual","re-level one of the two items, or replace `subclass of` by `instance of`; review by hand"
"data/vocabulary.wdkb","ontology","level-sub","error","needs-review","Q3427877","web resource","Q110854677","network resource","","`subclass of` between items of different metaclass levels, or on an individual","re-level one of the two items, or replace `subclass of` by `instance of`; review by hand"
"data/vocabulary.wdkb","ontology","level-sub","error","needs-review","Q35127","website","Q1076968","digital media","","`subclass of` between items of different metaclass levels, or on an individual","re-level one of the two items, or replace `subclass of` by `instance of`; review by hand"
"data/vocabulary.wdkb","ontology","level-sub","error","needs-review","Q35127","website","Q1714118","online publication","","`subclass of` between items of different metaclass levels, or on an individual","re-level one of the two items, or replace `subclass of` by `instance of`; review by hand"
"data/vocabulary.wdkb","ontology","level-sub","error","needs-review","Q35127","website","Q107307154","virtual place","","`subclass of` between items of different metaclass levels, or on an individual","re-level one of the two items, or replace `subclass of` by `instance of`; review by hand"
"data/vocabulary.wdkb","ontology","level-sub","error","needs-review","Q35127","website","Q108637623","integrating resource","","`subclass of` between items of different metaclass levels, or on an individual","re-level one of the two items, or replace `subclass of` by `instance of`; review by hand"
"data/vocabulary.wdkb","ontology","level-sub","error","needs-review","Q35127","website","Q119648796","digital-native publication","","`subclass of` between items of different metaclass levels, or on an individual","re-level one of the two items, or replace `subclass of` by `instance of`; review by hand"
"data/vocabulary.wdkb","ontology","level-sub","error","needs-review","Q35127","website","Q3427877","web resource","","`subclass of` between items of different metaclass levels, or on an individual","re-level one of the two items, or replace `subclass of` by `instance of`; review by hand"
"data/vocabulary.wdkb","ontology","level-sub","error","needs-review","Q35127","website","Q17537576","creative work","","`subclass of` between items of different metaclass levels, or on an individual","re-level one of the two items, or replace `subclass of` by `instance of`; review by hand"
"data/vocabulary.wdkb","ontology","level-sub","error","needs-review","Q171","wiki","Q35127","website","","`subclass of` between items of different metaclass levels, or on an individual","re-level one of the two items, or replace `subclass of` by `instance of`; review by hand"
"data/vocabulary.wdkb","ontology","level-sub","error","needs-review","Q171","wiki","Q5155040","community project","","`subclass of` between items of different metaclass levels, or on an individual","re-level one of the two items, or replace `subclass of` by `instance of`; review by hand"
"data/vocabulary.wdkb","ontology","level-sub","error","needs-review","Q171","wiki","Q131093","content management system","","`subclass of` between items of different metaclass levels, or on an individual","re-level one of the two items, or replace `subclass of` by `instance of`; review by hand"
"data/vocabulary.wdkb","ontology","level-sub","error","needs-review","Q136433633","wiki genre","Q483394","genre","","`subclass of` between items of different metaclass levels, or on an individual","re-level one of the two items, or replace `subclass of` by `instance of`; review by hand"
"data/vocabulary.wdkb","ontology","level-sub","error","needs-review","Q115217689","server instance","Q286583","manifestation","","`subclass of` between items of different metaclass levels, or on an individual","re-level one of the two items, or replace `subclass of` by `instance of`; review by hand"
"data/vocabulary.wdkb","ontology","level-sub","error","needs-review","Q14827288","Wikimedia project","Q5155040","community project","","`subclass of` between items of different metaclass levels, or on an individual","re-level one of the two items, or replace `subclass of` by `instance of`; review by hand"
"data/vocabulary.wdkb","ontology","level-sub","error","needs-review","Q14827288","Wikimedia project","Q797769","peer production system","","`subclass of` between items of different metaclass levels, or on an individual","re-level one of the two items, or replace `subclass of` by `instance of`; review by hand"
"data/vocabulary.wdkb","ontology","level-sub","error","needs-review","Q14827288","Wikimedia project","Q19967801","online service","","`subclass of` between items of different metaclass levels, or on an individual","re-level one of the two items, or replace `subclass of` by `instance of`; review by hand"
"data/vocabulary.wdkb","ontology","level-sub","error","needs-review","Q123407493","MediaWiki instance","Q171","wiki","","`subclass of` between items of different metaclass levels, or on an individual","re-level one of the two items, or replace `subclass of` by `instance of`; review by hand"
"data/vocabulary.wdkb","ontology","level-sub","error","needs-review","Q170584","project","Q104637332","planned process","","`subclass of` between items of different metaclass levels, or on an individual","re-level one of the two items, or replace `subclass of` by `instance of`; review by hand"
"data/vocabulary.wdkb","ontology","level-sub","error","needs-review","Q136937144","project type","Q96251598","type of object","","`subclass of` between items of different metaclass levels, or on an individual","re-level one of the two items, or replace `subclass of` by `instance of`; review by hand"
"data/vocabulary.wdkb","ontology","level-sub","error","needs-review","Q1260632","content","Q11028","information","","`subclass of` between items of different metaclass levels, or on an individual","re-level one of the two items, or replace `subclass of` by `instance of`; review by hand"
"data/vocabulary.wdkb","ontology","level-sub","error","needs-review","Q2221906","geographic location","Q27096213","geographic entity","","`subclass of` between items of different metaclass levels, or on an individual","re-level one of the two items, or replace `subclass of` by `instance of`; review by hand"
"data/vocabulary.wdkb","ontology","level-sub","error","needs-review","Q107307154","virtual place","Q115095765","location","","`subclass of` between items of different metaclass levels, or on an individual","re-level one of the two items, or replace `subclass of` by `instance of`; review by hand"
"data/vocabulary.wdkb","ontology","level-sub","error","needs-review","Q177634","community","Q874405","social group","","`subclass of` between items of different metaclass levels, or on an individual","re-level one of the two items, or replace `subclass of` by `instance of`; review by hand"
"data/vocabulary.wdkb","ontology","level-sub","error","needs-review","Q177634","community","Q21157127","cluster","","`subclass of` between items of different metaclass levels, or on an individual","re-level one of the two items, or replace `subclass of` by `instance of`; review by hand"
"data/vocabulary.wdkb","ontology","level-sub","error","needs-review","Q177634","community","Q16334298","group of living things","","`subclass of` between items of different metaclass levels, or on an individual","re-level one of the two items, or replace `subclass of` by `instance of`; review by hand"
"data/vocabulary.wdkb","ontology","level-sub","error","needs-review","Q33104129","sociological concept","Q131362181","social science concept","","`subclass of` between items of different metaclass levels, or on an individual","re-level one of the two items, or replace `subclass of` by `instance of`; review by hand"
"data/vocabulary.wdkb","ontology","level-sub","error","needs-review","Q5962346","classification scheme","Q12775893","scheme","","`subclass of` between items of different metaclass levels, or on an individual","re-level one of the two items, or replace `subclass of` by `instance of`; review by hand"
"data/vocabulary.wdkb","ontology","level-sub","error","needs-review","Q17625380","hierarchical classification","Q188619","hierarchy","","`subclass of` between items of different metaclass levels, or on an individual","re-level one of the two items, or replace `subclass of` by `instance of`; review by hand"
"data/vocabulary.wdkb","ontology","level-sub","error","needs-review","Q17625380","hierarchical classification","Q5962346","classification scheme","","`subclass of` between items of different metaclass levels, or on an individual","re-level one of the two items, or replace `subclass of` by `instance of`; review by hand"
"data/vocabulary.wdkb","ontology","level-sub","error","needs-review","Q25601835","close relative","Q12758374","relative","","`subclass of` between items of different metaclass levels, or on an individual","re-level one of the two items, or replace `subclass of` by `instance of`; review by hand"
"data/vocabulary.wdkb","ontology","level-sub","error","needs-review","Q5555733","degree of kinship","Q2742711","graph distance","","`subclass of` between items of different metaclass levels, or on an individual","re-level one of the two items, or replace `subclass of` by `instance of`; review by hand"
"data/vocabulary.wdkb","ontology","level-sub","error","needs-review","Q138716757","sibling or peer cousin","Q138715965","peer relative","","`subclass of` between items of different metaclass levels, or on an individual","re-level one of the two items, or replace `subclass of` by `instance of`; review by hand"
"data/vocabulary.wdkb","ontology","level-sub","error","needs-review","Q192161","formal language","Q649732","formal system","","`subclass of` between items of different metaclass levels, or on an individual","re-level one of the two items, or replace `subclass of` by `instance of`; review by hand"
"data/vocabulary.wdkb","ontology","level-sub","error","needs-review","Q15621286","intellectual work","Q386724","work","","`subclass of` between items of different metaclass levels, or on an individual","re-level one of the two items, or replace `subclass of` by `instance of`; review by hand"
"data/vocabulary.wdkb","ontology","level-sub","error","needs-review","Q20829075","type of language","Q28923954","languoid class","","`subclass of` between items of different metaclass levels, or on an individual","re-level one of the two items, or replace `subclass of` by `instance of`; review by hand"
"data/vocabulary.wdkb","ontology","level-sub","error","needs-review","Q24229398","being","Q53617489","independent continuant","","`subclass of` between items of different metaclass levels, or on an individual","re-level one of the two items, or replace `subclass of` by `instance of`; review by hand"
"data/vocabulary.wdkb","ontology","level-sub","error","needs-review","Q24229398","being","Q488383","object","","`subclass of` between items of different metaclass levels, or on an individual","re-level one of the two items, or replace `subclass of` by `instance of`; review by hand"
"data/vocabulary.wdkb","ontology","level-sub","error","needs-review","Q4897819","role","Q123241435","realizable entity","","`subclass of` between items of different metaclass levels, or on an individual","re-level one of the two items, or replace `subclass of` by `instance of`; review by hand"
"data/vocabulary.wdkb","ontology","level-sub","error","needs-review","Q1328323","functionary","Q327055","worker","","`subclass of` between items of different metaclass levels, or on an individual","re-level one of the two items, or replace `subclass of` by `instance of`; review by hand"
"data/vocabulary.wdkb","ontology","level-sub","error","needs-review","Q216353","title","Q187931","phrase","","`subclass of` between items of different metaclass levels, or on an individual","re-level one of the two items, or replace `subclass of` by `instance of`; review by hand"
"data/vocabulary.wdkb","ontology","level-sub","error","needs-review","Q216353","title","Q3695082","sign","","`subclass of` between items of different metaclass levels, or on an individual","re-level one of the two items, or replace `subclass of` by `instance of`; review by hand"
"data/vocabulary.wdkb","ontology","level-sub","error","needs-review","Q853725","social relation","Q930933","relation","","`subclass of` between items of different metaclass levels, or on an individual","re-level one of the two items, or replace `subclass of` by `instance of`; review by hand"
"data/vocabulary.wdkb","ontology","level-sub","error","needs-review","Q853725","social relation","Q602884","social phenomenon","","`subclass of` between items of different metaclass levels, or on an individual","re-level one of the two items, or replace `subclass of` by `instance of`; review by hand"
"data/vocabulary.wdkb","ontology","level-sub","error","needs-review","Q3965271","subclass","Q217594","class","","`subclass of` between items of different metaclass levels, or on an individual","re-level one of the two items, or replace `subclass of` by `instance of`; review by hand"
"data/vocabulary.wdkb","ontology","level-sub","error","needs-review","Q3737844","binary function","Q78081419","multivariate function","","`subclass of` between items of different metaclass levels, or on an individual","re-level one of the two items, or replace `subclass of` by `instance of`; review by hand"
"data/vocabulary.wdkb","ontology","level-sub","error","needs-review","Q97152408","partial binary operation","Q97302511","partial operation","","`subclass of` between items of different metaclass levels, or on an individual","re-level one of the two items, or replace `subclass of` by `instance of`; review by hand"
"data/vocabulary.wdkb","ontology","level-sub","error","needs-review","Q1801244","zero-dimensional space","Q1191433","completely regular space","","`subclass of` between items of different metaclass levels, or on an individual","re-level one of the two items, or replace `subclass of` by `instance of`; review by hand"
"data/vocabulary.wdkb","ontology","level-sub","error","needs-review","Q211548","locus","Q36161","set","","`subclass of` between items of different metaclass levels, or on an individual","re-level one of the two items, or replace `subclass of` by `instance of`; review by hand"
"data/vocabulary.wdkb","ontology","level-sub","error","needs-review","Q211548","locus","Q123410745","geometric object","","`subclass of` between items of different metaclass levels, or on an individual","re-level one of the two items, or replace `subclass of` by `instance of`; review by hand"
"data/vocabulary.wdkb","ontology","level-sub","error","needs-review","Q379825","element","Q5358816","element","","`subclass of` between items of different metaclass levels, or on an individual","re-level one of the two items, or replace `subclass of` by `instance of`; review by hand"
"data/vocabulary.wdkb","ontology","level-sub","error","needs-review","Q21550639","geometric concept","Q24034552","mathematical concept","","`subclass of` between items of different metaclass levels, or on an individual","re-level one of the two items, or replace `subclass of` by `instance of`; review by hand"
"data/vocabulary.wdkb","ontology","level-sub","error","needs-review","Q58778","system","Q99527517","collective entity","","`subclass of` between items of different metaclass levels, or on an individual","re-level one of the two items, or replace `subclass of` by `instance of`; review by hand"
"data/vocabulary.wdkb","ontology","level-sub","error","needs-review","Q99527517","collective entity","Q35120","entity","","`subclass of` between items of different metaclass levels, or on an individual","re-level one of the two items, or replace `subclass of` by `instance of`; review by hand"
"data/vocabulary.wdkb","ontology","level-sub","error","needs-review","Q33104279","philosophical concept","Q151885","concept","","`subclass of` between items of different metaclass levels, or on an individual","re-level one of the two items, or replace `subclass of` by `instance of`; review by hand"
"data/vocabulary.wdkb","ontology","level-sub","error","needs-review","Q33104279","philosophical concept","Q1969448","term","","`subclass of` between items of different metaclass levels, or on an individual","re-level one of the two items, or replace `subclass of` by `instance of`; review by hand"
"data/vocabulary.wdkb","ontology","level-sub","error","needs-review","Q8963063","discrete function","Q91305654","discontinuous function","","`subclass of` between items of different metaclass levels, or on an individual","re-level one of the two items, or replace `subclass of` by `instance of`; review by hand"
"data/vocabulary.wdkb","ontology","level-sub","error","needs-review","Q96251598","type of object","Q488383","object","","`subclass of` between items of different metaclass levels, or on an individual","re-level one of the two items, or replace `subclass of` by `instance of`; review by hand"
"data/vocabulary.wdkb","ontology","level-sub","error","needs-review","Q1756942","partial function","Q130901","binary relation","","`subclass of` between items of different metaclass levels, or on an individual","re-level one of the two items, or replace `subclass of` by `instance of`; review by hand"
"data/vocabulary.wdkb","ontology","level-sub","error","needs-review","Q1756942","partial function","Q246672","mathematical object","","`subclass of` between items of different metaclass levels, or on an individual","re-level one of the two items, or replace `subclass of` by `instance of`; review by hand"
"data/vocabulary.wdkb","ontology","level-sub","error","needs-review","Q246672","mathematical object","Q488383","object","","`subclass of` between items of different metaclass levels, or on an individual","re-level one of the two items, or replace `subclass of` by `instance of`; review by hand"
"data/vocabulary.wdkb","ontology","level-sub","error","needs-review","Q217594","class","Q246672","mathematical object","","`subclass of` between items of different metaclass levels, or on an individual","re-level one of the two items, or replace `subclass of` by `instance of`; review by hand"
"data/vocabulary.wdkb","ontology","level-sub","error","needs-review","Q217594","class","Q748349","mathematical structure","","`subclass of` between items of different metaclass levels, or on an individual","re-level one of the two items, or replace `subclass of` by `instance of`; review by hand"
"data/vocabulary.wdkb","ontology","level-sub","error","needs-review","Q864377","multiset","Q246672","mathematical object","","`subclass of` between items of different metaclass levels, or on an individual","re-level one of the two items, or replace `subclass of` by `instance of`; review by hand"
"data/vocabulary.wdkb","ontology","level-sub","error","needs-review","Q6453739","primitive notion","Q151885","concept","","`subclass of` between items of different metaclass levels, or on an individual","re-level one of the two items, or replace `subclass of` by `instance of`; review by hand"
"data/vocabulary.wdkb","ontology","level-sub","error","needs-review","Q24902509","human activity","Q1914636","activity","","`subclass of` between items of different metaclass levels, or on an individual","re-level one of the two items, or replace `subclass of` by `instance of`; review by hand"
"data/vocabulary.wdkb","ontology","level-sub","error","needs-review","Q3365007","parenthood","Q69886747","child rearing","","`subclass of` between items of different metaclass levels, or on an individual","re-level one of the two items, or replace `subclass of` by `instance of`; review by hand"
"data/vocabulary.wdkb","ontology","level-sub","error","needs-review","Q1144694","duty of care","Q2648051","obligation","","`subclass of` between items of different metaclass levels, or on an individual","re-level one of the two items, or replace `subclass of` by `instance of`; review by hand"
"data/vocabulary.wdkb","ontology","level-sub","error","needs-review","Q152478","sponsor","Q3778211","legal person","","`subclass of` between items of different metaclass levels, or on an individual","re-level one of the two items, or replace `subclass of` by `instance of`; review by hand"
"data/vocabulary.wdkb","ontology","level-sub","error","needs-review","Q152478","sponsor","Q24229398","being","","`subclass of` between items of different metaclass levels, or on an individual","re-level one of the two items, or replace `subclass of` by `instance of`; review by hand"
"data/vocabulary.wdkb","ontology","level-sub","error","needs-review","Q24017414","second-order class","Q23959932","fixed-order class","","`subclass of` between items of different metaclass levels, or on an individual","re-level one of the two items, or replace `subclass of` by `instance of`; review by hand"
"data/vocabulary.wdkb","ontology","level-sub","error","needs-review","Q24017414","second-order class","Q19478619","metaclass","","`subclass of` between items of different metaclass levels, or on an individual","re-level one of the two items, or replace `subclass of` by `instance of`; review by hand"
"data/vocabulary.wdkb","ontology","level-sub","error","needs-review","Q48937186","word or phrase","Q11953984","linguistic unit","","`subclass of` between items of different metaclass levels, or on an individual","re-level one of the two items, or replace `subclass of` by `instance of`; review by hand"
"data/vocabulary.wdkb","ontology","level-sub","error","needs-review","Q140642100","type of model","Q96251598","type of object","","`subclass of` between items of different metaclass levels, or on an individual","re-level one of the two items, or replace `subclass of` by `instance of`; review by hand"
"data/vocabulary.wdkb","ontology","level-sub","error","needs-review","Q108163","proposition","Q246672","mathematical object","","`subclass of` between items of different metaclass levels, or on an individual","re-level one of the two items, or replace `subclass of` by `instance of`; review by hand"
"data/vocabulary.wdkb","ontology","level-sub","error","needs-review","Q1272626","representation","Q3695082","sign","","`subclass of` between items of different metaclass levels, or on an individual","re-level one of the two items, or replace `subclass of` by `instance of`; review by hand"
"data/vocabulary.wdkb","ontology","level-sub","error","needs-review","Q7551287","social object","Q123139280","abstract object","","`subclass of` between items of different metaclass levels, or on an individual","re-level one of the two items, or replace `subclass of` by `instance of`; review by hand"
"data/vocabulary.wdkb","ontology","level-sub","error","needs-review","Q138716141","non-peer relative","Q12758374","relative","","`subclass of` between items of different metaclass levels, or on an individual","re-level one of the two items, or replace `subclass of` by `instance of`; review by hand"
"data/vocabulary.wdkb","ontology","level-sub","error","needs-review","Q123241435","realizable entity","Q123240632","specifically dependent continuant","","`subclass of` between items of different metaclass levels, or on an individual","re-level one of the two items, or replace `subclass of` by `instance of`; review by hand"
"data/vocabulary.wdkb","ontology","level-sub","error","needs-review","Q1936384","branch of mathematics","Q11862829","academic discipline","","`subclass of` between items of different metaclass levels, or on an individual","re-level one of the two items, or replace `subclass of` by `instance of`; review by hand"
"data/vocabulary.wdkb","ontology","level-sub","error","needs-review","Q17737","theory","Q131841","idea","","`subclass of` between items of different metaclass levels, or on an individual","re-level one of the two items, or replace `subclass of` by `instance of`; review by hand"
"data/vocabulary.wdkb","ontology","level-sub","error","needs-review","Q17737","theory","Q6423319","knowledge organization system","","`subclass of` between items of different metaclass levels, or on an individual","re-level one of the two items, or replace `subclass of` by `instance of`; review by hand"
"data/vocabulary.wdkb","ontology","level-sub","error","needs-review","Q1172284","data set","Q2668072","collection","","`subclass of` between items of different metaclass levels, or on an individual","re-level one of the two items, or replace `subclass of` by `instance of`; review by hand"
"data/vocabulary.wdkb","ontology","level-sub","error","needs-review","Q1172284","data set","Q286583","manifestation","","`subclass of` between items of different metaclass levels, or on an individual","re-level one of the two items, or replace `subclass of` by `instance of`; review by hand"
"data/vocabulary.wdkb","ontology","level-sub","error","needs-review","Q1172284","data set","Q11826511","scientific work","","`subclass of` between items of different metaclass levels, or on an individual","re-level one of the two items, or replace `subclass of` by `instance of`; review by hand"
"data/vocabulary.wdkb","ontology","level-sub","error","needs-review","Q1172284","data set","Q732577","publication","","`subclass of` between items of different metaclass levels, or on an individual","re-level one of the two items, or replace `subclass of` by `instance of`; review by hand"
"data/vocabulary.wdkb","ontology","level-sub","error","needs-review","Q59138870","digital object","Q16686448","artificial object","","`subclass of` between items of different metaclass levels, or on an individual","re-level one of the two items, or replace `subclass of` by `instance of`; review by hand"
"data/vocabulary.wdkb","ontology","level-sub","error","needs-review","Q1754533","source text","Q3523102","source of information","","`subclass of` between items of different metaclass levels, or on an individual","re-level one of the two items, or replace `subclass of` by `instance of`; review by hand"
"data/vocabulary.wdkb","ontology","level-sub","error","needs-review","Q1754533","source text","Q386724","work","","`subclass of` between items of different metaclass levels, or on an individual","re-level one of the two items, or replace `subclass of` by `instance of`; review by hand"
"data/vocabulary.wdkb","ontology","level-sub","error","needs-review","Q1754533","source text","Q234460","text","","`subclass of` between items of different metaclass levels, or on an individual","re-level one of the two items, or replace `subclass of` by `instance of`; review by hand"
"data/vocabulary.wdkb","ontology","level-sub","error","needs-review","Q45025858","depicting object","Q386724","work","","`subclass of` between items of different metaclass levels, or on an individual","re-level one of the two items, or replace `subclass of` by `instance of`; review by hand"
"data/vocabulary.wdkb","ontology","level-sub","error","needs-review","Q36993249","arranging","Q1914636","activity","","`subclass of` between items of different metaclass levels, or on an individual","re-level one of the two items, or replace `subclass of` by `instance of`; review by hand"
"data/vocabulary.wdkb","ontology","level-sub","error","needs-review","Q1724915","use","Q1914636","activity","","`subclass of` between items of different metaclass levels, or on an individual","re-level one of the two items, or replace `subclass of` by `instance of`; review by hand"
"data/vocabulary.wdkb","ontology","level-sub","error","needs-review","Q714737","category of being","Q7048977","abstract entity","","`subclass of` between items of different metaclass levels, or on an individual","re-level one of the two items, or replace `subclass of` by `instance of`; review by hand"
"data/vocabulary.wdkb","ontology","level-sub","error","needs-review","Q7048977","abstract entity","Q35120","entity","","`subclass of` between items of different metaclass levels, or on an individual","re-level one of the two items, or replace `subclass of` by `instance of`; review by hand"
"data/vocabulary.wdkb","ontology","level-sub","error","needs-review","Q750843","information processing","Q3249551","process","","`subclass of` between items of different metaclass levels, or on an individual","re-level one of the two items, or replace `subclass of` by `instance of`; review by hand"
"data/vocabulary.wdkb","ontology","level-sub","error","needs-review","Q750843","information processing","Q500669","technical process","","`subclass of` between items of different metaclass levels, or on an individual","re-level one of the two items, or replace `subclass of` by `instance of`; review by hand"
"data/vocabulary.wdkb","ontology","level-sub","error","needs-review","Q4671286","academic major","Q11862829","academic discipline","","`subclass of` between items of different metaclass levels, or on an individual","re-level one of the two items, or replace `subclass of` by `instance of`; review by hand"
"data/vocabulary.wdkb","ontology","level-sub","error","needs-review","Q2465832","branch of science","Q1047113","field of study","","`subclass of` between items of different metaclass levels, or on an individual","re-level one of the two items, or replace `subclass of` by `instance of`; review by hand"
"data/vocabulary.wdkb","ontology","level-sub","error","needs-review","Q627436","field of work","Q1047113","field of study","","`subclass of` between items of different metaclass levels, or on an individual","re-level one of the two items, or replace `subclass of` by `instance of`; review by hand"
"data/vocabulary.wdkb","ontology","level-sub","error","needs-review","Q627436","field of work","Q451967","intentional human activity","","`subclass of` between items of different metaclass levels, or on an individual","re-level one of the two items, or replace `subclass of` by `instance of`; review by hand"
"data/vocabulary.wdkb","ontology","level-sub","error","needs-review","Q483394","genre","Q16889133","class","","`subclass of` between items of different metaclass levels, or on an individual","re-level one of the two items, or replace `subclass of` by `instance of`; review by hand"
"data/vocabulary.wdkb","ontology","level-sub","error","needs-review","Q105948247","knowledge system","Q3622126","conceptual system","","`subclass of` between items of different metaclass levels, or on an individual","re-level one of the two items, or replace `subclass of` by `instance of`; review by hand"
"data/vocabulary.wdkb","ontology","level-sub","error","needs-review","Q110403031","knowledge type","Q140458154","type of abstract object","","`subclass of` between items of different metaclass levels, or on an individual","re-level one of the two items, or replace `subclass of` by `instance of`; review by hand"
"data/vocabulary.wdkb","ontology","level-sub","error","needs-review","Q26256810","topic","Q12488383","content","","`subclass of` between items of different metaclass levels, or on an individual","re-level one of the two items, or replace `subclass of` by `instance of`; review by hand"
"data/vocabulary.wdkb","ontology","level-sub","error","needs-review","Q21040055","aspect","Q12558574","point of view","","`subclass of` between items of different metaclass levels, or on an individual","re-level one of the two items, or replace `subclass of` by `instance of`; review by hand"
"data/vocabulary.wdkb","ontology","level-sub","error","needs-review","Q110402867","knowledge classification","Q5962346","classification scheme","","`subclass of` between items of different metaclass levels, or on an individual","re-level one of the two items, or replace `subclass of` by `instance of`; review by hand"
"data/vocabulary.wdkb","ontology","level-sub","error","needs-review","Q17104046","mixed graph","Q246672","mathematical object","","`subclass of` between items of different metaclass levels, or on an individual","re-level one of the two items, or replace `subclass of` by `instance of`; review by hand"
"data/vocabulary.wdkb","ontology","level-sub","error","needs-review","Q17104046","mixed graph","Q141488","graph","","`subclass of` between items of different metaclass levels, or on an individual","re-level one of the two items, or replace `subclass of` by `instance of`; review by hand"
"data/vocabulary.wdkb","ontology","level-sub","error","needs-review","Q2083958","pattern","Q4184950","regularity","","`subclass of` between items of different metaclass levels, or on an individual","re-level one of the two items, or replace `subclass of` by `instance of`; review by hand"
"data/vocabulary.wdkb","ontology","level-sub","error","needs-review","Q96634632","psychology concept","Q131362181","social science concept","","`subclass of` between items of different metaclass levels, or on an individual","re-level one of the two items, or replace `subclass of` by `instance of`; review by hand"
"data/vocabulary.wdkb","ontology","level-sub","error","needs-review","Q12774177","means","Q488383","object","","`subclass of` between items of different metaclass levels, or on an individual","re-level one of the two items, or replace `subclass of` by `instance of`; review by hand"
"data/vocabulary.wdkb","ontology","level-sub","error","needs-review","Q1914636","activity","Q67518978","occurrent","","`subclass of` between items of different metaclass levels, or on an individual","re-level one of the two items, or replace `subclass of` by `instance of`; review by hand"
"data/vocabulary.wdkb","ontology","level-sub","error","needs-review","Q116505632","type of process","Q16889133","class","","`subclass of` between items of different metaclass levels, or on an individual","re-level one of the two items, or replace `subclass of` by `instance of`; review by hand"
"data/vocabulary.wdkb","ontology","level-sub","error","needs-review","Q20920559","procedure","Q1799072","method","","`subclass of` between items of different metaclass levels, or on an individual","re-level one of the two items, or replace `subclass of` by `instance of`; review by hand"
"data/vocabulary.wdkb","ontology","level-sub","error","needs-review","Q386724","work","Q16686448","artificial object","","`subclass of` between items of different metaclass levels, or on an individual","re-level one of the two items, or replace `subclass of` by `instance of`; review by hand"
"data/vocabulary.wdkb","ontology","level-sub","error","needs-review","Q24034552","mathematical concept","Q151885","concept","","`subclass of` between items of different metaclass levels, or on an individual","re-level one of the two items, or replace `subclass of` by `instance of`; review by hand"
"data/vocabulary.wdkb","ontology","level-sub","error","needs-review","Q29485","error","Q1747121","flaw","","`subclass of` between items of different metaclass levels, or on an individual","re-level one of the two items, or replace `subclass of` by `instance of`; review by hand"
"data/vocabulary.wdkb","ontology","level-sub","error","needs-review","Q29485","error","Q86923152","risk source","","`subclass of` between items of different metaclass levels, or on an individual","re-level one of the two items, or replace `subclass of` by `instance of`; review by hand"
"data/vocabulary.wdkb","ontology","level-sub","error","needs-review","Q29485","error","Q937228","property","","`subclass of` between items of different metaclass levels, or on an individual","re-level one of the two items, or replace `subclass of` by `instance of`; review by hand"
"data/vocabulary.wdkb","ontology","level-sub","error","needs-review","Q110314665","type of error","Q21146257","type","","`subclass of` between items of different metaclass levels, or on an individual","re-level one of the two items, or replace `subclass of` by `instance of`; review by hand"
"data/vocabulary.wdkb","ontology","level-sub","error","needs-review","Q203066","relation","Q36161","set","","`subclass of` between items of different metaclass levels, or on an individual","re-level one of the two items, or replace `subclass of` by `instance of`; review by hand"
"data/vocabulary.wdkb","ontology","level-sub","error","needs-review","Q203066","relation","Q107223533","relation (mathematics)","","`subclass of` between items of different metaclass levels, or on an individual","re-level one of the two items, or replace `subclass of` by `instance of`; review by hand"
"data/vocabulary.wdkb","ontology","level-sub","error","needs-review","Q54938846","endorelation","Q130901","binary relation","","`subclass of` between items of different metaclass levels, or on an individual","re-level one of the two items, or replace `subclass of` by `instance of`; review by hand"
"data/vocabulary.wdkb","ontology","level-sub","error","needs-review","Q7269539","quasitransitive relation","Q130901","binary relation","","`subclass of` between items of different metaclass levels, or on an individual","re-level one of the two items, or replace `subclass of` by `instance of`; review by hand"
"data/vocabulary.wdkb","ontology","level-sub","error","needs-review","Q4455897","kinship term","Q1969448","term","","`subclass of` between items of different metaclass levels, or on an individual","re-level one of the two items, or replace `subclass of` by `instance of`; review by hand"
"data/vocabulary.wdkb","ontology","level-sub","error","needs-review","Q110765110","first-order formula","Q655328","well-formed formula","","`subclass of` between items of different metaclass levels, or on an individual","re-level one of the two items, or replace `subclass of` by `instance of`; review by hand"
"data/vocabulary.wdkb","ontology","level-sub","error","needs-review","Q7271381","query","Q11348","function","","`subclass of` between items of different metaclass levels, or on an individual","re-level one of the two items, or replace `subclass of` by `instance of`; review by hand"
"data/vocabulary.wdkb","ontology","level-sub","error","needs-review","Q210953","solar calendar","Q12132","calendar system","","`subclass of` between items of different metaclass levels, or on an individual","re-level one of the two items, or replace `subclass of` by `instance of`; review by hand"
"data/vocabulary.wdkb","ontology","level-sub","error","needs-review","Q669102","arithmetic calendar","Q12132","calendar system","","`subclass of` between items of different metaclass levels, or on an individual","re-level one of the two items, or replace `subclass of` by `instance of`; review by hand"
"data/vocabulary.wdkb","ontology","level-sub","error","needs-review","Q9337488","interval scale","Q28859120","cardinal measurement scale","","`subclass of` between items of different metaclass levels, or on an individual","re-level one of the two items, or replace `subclass of` by `instance of`; review by hand"
"data/vocabulary.wdkb","ontology","level-sub","error","needs-review","Q9337488","interval scale","Q1370617","measurement scale","","`subclass of` between items of different metaclass levels, or on an individual","re-level one of the two items, or replace `subclass of` by `instance of`; review by hand"
"data/vocabulary.wdkb","ontology","level-sub","error","needs-review","Q9337488","interval scale","Q1413749","scale","","`subclass of` between items of different metaclass levels, or on an individual","re-level one of the two items, or replace `subclass of` by `instance of`; review by hand"
"data/vocabulary.wdkb","ontology","level-sub","error","needs-review","Q9337488","interval scale","Q951437","level of measurement","","`subclass of` between items of different metaclass levels, or on an individual","re-level one of the two items, or replace `subclass of` by `instance of`; review by hand"
"data/vocabulary.wdkb","ontology","level-sub","error","needs-review","Q12132","calendar system","Q130788","chronology","","`subclass of` between items of different metaclass levels, or on an individual","re-level one of the two items, or replace `subclass of` by `instance of`; review by hand"
"data/vocabulary.wdkb","ontology","level-sub","error","needs-review","Q12132","calendar system","Q3622126","conceptual system","","`subclass of` between items of different metaclass levels, or on an individual","re-level one of the two items, or replace `subclass of` by `instance of`; review by hand"
"data/vocabulary.wdkb","ontology","level-sub","error","needs-review","Q138579261","type of calendar","Q16889133","class","","`subclass of` between items of different metaclass levels, or on an individual","re-level one of the two items, or replace `subclass of` by `instance of`; review by hand"
"data/vocabulary.wdkb","ontology","level-sub","error","needs-review","Q78054942","preordered set","Q10567583","small category","","`subclass of` between items of different metaclass levels, or on an individual","re-level one of the two items, or replace `subclass of` by `instance of`; review by hand"
"data/vocabulary.wdkb","ontology","level-sub","error","needs-review","Q78054942","preordered set","Q7233031","thin category","","`subclass of` between items of different metaclass levels, or on an individual","re-level one of the two items, or replace `subclass of` by `instance of`; review by hand"
"data/vocabulary.wdkb","ontology","level-sub","error","needs-review","Q29018101","upper semilattice","Q474715","partially ordered set","","`subclass of` between items of different metaclass levels, or on an individual","re-level one of the two items, or replace `subclass of` by `instance of`; review by hand"
"data/vocabulary.wdkb","ontology","level-sub","error","needs-review","Q29018102","lower semilattice","Q474715","partially ordered set","","`subclass of` between items of different metaclass levels, or on an individual","re-level one of the two items, or replace `subclass of` by `instance of`; review by hand"
"data/vocabulary.wdkb","ontology","level-sub","error","needs-review","Q205464","algebraic structure","Q748349","mathematical structure","","`subclass of` between items of different metaclass levels, or on an individual","re-level one of the two items, or replace `subclass of` by `instance of`; review by hand"
"data/vocabulary.wdkb","ontology","level-sub","error","needs-review","Q205464","algebraic structure","Q1851710","structure (model theory)","","`subclass of` between items of different metaclass levels, or on an individual","re-level one of the two items, or replace `subclass of` by `instance of`; review by hand"
"data/vocabulary.wdkb","ontology","level-sub","error","needs-review","Q2605444","society form","Q177634","community","","`subclass of` between items of different metaclass levels, or on an individual","re-level one of the two items, or replace `subclass of` by `instance of`; review by hand"
"data/vocabulary.wdkb","ontology","level-sub","error","needs-review","Q211606","social structure","Q6671777","structure","","`subclass of` between items of different metaclass levels, or on an individual","re-level one of the two items, or replace `subclass of` by `instance of`; review by hand"
"data/vocabulary.wdkb","ontology","level-sub","error","needs-review","Q211606","social structure","Q8425","society","","`subclass of` between items of different metaclass levels, or on an individual","re-level one of the two items, or replace `subclass of` by `instance of`; review by hand"
"data/vocabulary.wdkb","ontology","level-sub","error","needs-review","Q41883552","combinatorial algorithm","Q8366","algorithm","","`subclass of` between items of different metaclass levels, or on an individual","re-level one of the two items, or replace `subclass of` by `instance of`; review by hand"
"data/vocabulary.wdkb","ontology","level-sub","error","needs-review","Q41883552","combinatorial algorithm","Q115160940","mathematical method","","`subclass of` between items of different metaclass levels, or on an individual","re-level one of the two items, or replace `subclass of` by `instance of`; review by hand"
"data/vocabulary.wdkb","ontology","level-sub","error","needs-review","Q67518978","occurrent","Q136433660","entity","","`subclass of` between items of different metaclass levels, or on an individual","re-level one of the two items, or replace `subclass of` by `instance of`; review by hand"
"data/vocabulary.wdkb","ontology","level-sub","error","needs-review","Q124711104","BFO class","Q16889133","class","","`subclass of` between items of different metaclass levels, or on an individual","re-level one of the two items, or replace `subclass of` by `instance of`; review by hand"
"data/vocabulary.wdkb","ontology","level-sub","error","needs-review","Q135268423","generic set","Q309314","quantity","","`subclass of` between items of different metaclass levels, or on an individual","re-level one of the two items, or replace `subclass of` by `instance of`; review by hand"
"data/vocabulary.wdkb","ontology","level-sub","error","needs-review","Q16887380","group","Q28813620","set","","`subclass of` between items of different metaclass levels, or on an individual","re-level one of the two items, or replace `subclass of` by `instance of`; review by hand"
"data/vocabulary.wdkb","ontology","level-sub","error","needs-review","Q2360980","unit of amount","Q47574","unit of measurement","","`subclass of` between items of different metaclass levels, or on an individual","re-level one of the two items, or replace `subclass of` by `instance of`; review by hand"
"data/vocabulary.wdkb","ontology","level-sub","error","needs-review","Q17020770","Boolean-valued function","Q11348","function","","`subclass of` between items of different metaclass levels, or on an individual","re-level one of the two items, or replace `subclass of` by `instance of`; review by hand"
"data/vocabulary.wdkb","ontology","level-sub","error","needs-review","Q494756","data","Q42848","data","","`subclass of` between items of different metaclass levels, or on an individual","re-level one of the two items, or replace `subclass of` by `instance of`; review by hand"
"data/vocabulary.wdkb","ontology","level-sub","error","needs-review","Q494756","data","Q286583","manifestation","","`subclass of` between items of different metaclass levels, or on an individual","re-level one of the two items, or replace `subclass of` by `instance of`; review by hand"
"data/vocabulary.wdkb","ontology","level-sub","error","needs-review","Q494756","data","Q3523102","source of information","","`subclass of` between items of different metaclass levels, or on an individual","re-level one of the two items, or replace `subclass of` by `instance of`; review by hand"
"data/vocabulary.wdkb","ontology","level-sub","error","needs-review","Q17176533","software component","Q66310127","immaterial component","","`subclass of` between items of different metaclass levels, or on an individual","re-level one of the two items, or replace `subclass of` by `instance of`; review by hand"
"data/vocabulary.wdkb","ontology","level-sub","error","needs-review","Q17176533","software component","Q110832782","software resource","","`subclass of` between items of different metaclass levels, or on an individual","re-level one of the two items, or replace `subclass of` by `instance of`; review by hand"
"data/vocabulary.wdkb","ontology","level-sub","error","needs-review","Q1166625","mathematical problem","Q24034552","mathematical concept","","`subclass of` between items of different metaclass levels, or on an individual","re-level one of the two items, or replace `subclass of` by `instance of`; review by hand"
"data/vocabulary.wdkb","ontology","level-sub","error","needs-review","Q1166625","mathematical problem","Q621184","problem","","`subclass of` between items of different metaclass levels, or on an individual","re-level one of the two items, or replace `subclass of` by `instance of`; review by hand"
"data/vocabulary.wdkb","ontology","level-sub","error","needs-review","Q2243424","idempotent element","Q379825","element","","`subclass of` between items of different metaclass levels, or on an individual","re-level one of the two items, or replace `subclass of` by `instance of`; review by hand"
"data/vocabulary.wdkb","ontology","level-sub","error","needs-review","Q17362920","Wikimedia duplicated page","Q17379835","Wikimedia page outside the main knowledge tree","","`subclass of` between items of different metaclass levels, or on an individual","re-level one of the two items, or replace `subclass of` by `instance of`; review by hand"
"data/vocabulary.wdkb","ontology","level-sub","error","needs-review","Q17362920","Wikimedia duplicated page","Q1263068","duplicate entry","","`subclass of` between items of different metaclass levels, or on an individual","re-level one of the two items, or replace `subclass of` by `instance of`; review by hand"
"data/vocabulary.wdkb","ontology","level-sub","error","needs-review","Q17362920","Wikimedia duplicated page","Q15138389","Wikimedia article page","","`subclass of` between items of different metaclass levels, or on an individual","re-level one of the two items, or replace `subclass of` by `instance of`; review by hand"
"data/vocabulary.wdkb","ontology","level-sub","error","needs-review","Q4887411","benefactor","Q8359428","social activist","","`subclass of` between items of different metaclass levels, or on an individual","re-level one of the two items, or replace `subclass of` by `instance of`; review by hand"
"data/vocabulary.wdkb","ontology","level-sub","error","needs-review","Q3778211","legal person","Q106559804","person or organization","","`subclass of` between items of different metaclass levels, or on an individual","re-level one of the two items, or replace `subclass of` by `instance of`; review by hand"
"data/vocabulary.wdkb","ontology","level-sub","error","needs-review","Q43667189","donor","Q215627","person","","`subclass of` between items of different metaclass levels, or on an individual","re-level one of the two items, or replace `subclass of` by `instance of`; review by hand"
"data/vocabulary.wdkb","ontology","level-sub","error","needs-review","Q15633587","MediaWiki main namespace page","Q15474042","MediaWiki page","","`subclass of` between items of different metaclass levels, or on an individual","re-level one of the two items, or replace `subclass of` by `instance of`; review by hand"
"data/vocabulary.wdkb","ontology","level-sub","error","needs-review","Q191067","article","Q234460","text","","`subclass of` between items of different metaclass levels, or on an individual","re-level one of the two items, or replace `subclass of` by `instance of`; review by hand"
"data/vocabulary.wdkb","ontology","level-sub","error","needs-review","Q191067","article","Q47461344","written work","","`subclass of` between items of different metaclass levels, or on an individual","re-level one of the two items, or replace `subclass of` by `instance of`; review by hand"
"data/vocabulary.wdkb","ontology","level-sub","error","needs-review","Q191067","article","Q732577","publication","","`subclass of` between items of different metaclass levels, or on an individual","re-level one of the two items, or replace `subclass of` by `instance of`; review by hand"
"data/vocabulary.wdkb","ontology","level-sub","error","needs-review","Q191067","article","Q88392887","part of a work","","`subclass of` between items of different metaclass levels, or on an individual","re-level one of the two items, or replace `subclass of` by `instance of`; review by hand"
"data/vocabulary.wdkb","ontology","level-sub","error","needs-review","Q191067","article","Q17537576","creative work","","`subclass of` between items of different metaclass levels, or on an individual","re-level one of the two items, or replace `subclass of` by `instance of`; review by hand"
"data/vocabulary.wdkb","ontology","level-sub","error","needs-review","Q42848","data","Q11028","information","","`subclass of` between items of different metaclass levels, or on an individual","re-level one of the two items, or replace `subclass of` by `instance of`; review by hand"
"data/vocabulary.wdkb","ontology","level-sub","error","needs-review","Q59157859","secondary information","Q11028","information","","`subclass of` between items of different metaclass levels, or on an individual","re-level one of the two items, or replace `subclass of` by `instance of`; review by hand"
"data/vocabulary.wdkb","ontology","level-sub","error","needs-review","Q190087","data type","Q21146257","type","","`subclass of` between items of different metaclass levels, or on an individual","re-level one of the two items, or replace `subclass of` by `instance of`; review by hand"
"data/vocabulary.wdkb","ontology","level-sub","error","needs-review","Q115463072","Wikibase builtin datatype","Q19798645","Wikibase datatype","","`subclass of` between items of different metaclass levels, or on an individual","re-level one of the two items, or replace `subclass of` by `instance of`; review by hand"
"data/vocabulary.wdkb","ontology","level-sub","error","needs-review","Q66371304","genetic parent","Q1502246","biological parent","","`subclass of` between items of different metaclass levels, or on an individual","re-level one of the two items, or replace `subclass of` by `instance of`; review by hand"
"data/vocabulary.wdkb","ontology","level-sub","error","needs-review","Q1807498","social position","Q4164871","position","","`subclass of` between items of different metaclass levels, or on an individual","re-level one of the two items, or replace `subclass of` by `instance of`; review by hand"
"data/vocabulary.wdkb","ontology","level-sub","error","needs-review","Q23958852","variable-order class","Q16889133","class","","`subclass of` between items of different metaclass levels, or on an individual","re-level one of the two items, or replace `subclass of` by `instance of`; review by hand"
"data/vocabulary.wdkb","ontology","level-sub","error","needs-review","Q106411346","characterization","Q115491417","description","","`subclass of` between items of different metaclass levels, or on an individual","re-level one of the two items, or replace `subclass of` by `instance of`; review by hand"
"data/vocabulary.wdkb","ontology","level-sub","error","needs-review","Q21146257","type","Q16889133","class","","`subclass of` between items of different metaclass levels, or on an individual","re-level one of the two items, or replace `subclass of` by `instance of`; review by hand"
"data/vocabulary.wdkb","ontology","level-sub","error","needs-review","Q21146257","type","Q35120","entity","","`subclass of` between items of different metaclass levels, or on an individual","re-level one of the two items, or replace `subclass of` by `instance of`; review by hand"
"data/vocabulary.wdkb","ontology","level-sub","error","needs-review","Q2995644","result","Q35120","entity","","`subclass of` between items of different metaclass levels, or on an individual","re-level one of the two items, or replace `subclass of` by `instance of`; review by hand"
"data/vocabulary.wdkb","ontology","level-sub","error","needs-review","Q115490427","data model element","Q7048977","abstract entity","","`subclass of` between items of different metaclass levels, or on an individual","re-level one of the two items, or replace `subclass of` by `instance of`; review by hand"
"data/vocabulary.wdkb","ontology","level-sub","error","needs-review","Q2250224","individual person","Q795052","individual","","`subclass of` between items of different metaclass levels, or on an individual","re-level one of the two items, or replace `subclass of` by `instance of`; review by hand"
"data/vocabulary.wdkb","ontology","level-sub","error","needs-review","Q164509","omnivore","Q72638","consumer","","`subclass of` between items of different metaclass levels, or on an individual","re-level one of the two items, or replace `subclass of` by `instance of`; review by hand"
"data/vocabulary.wdkb","ontology","level-sub","error","needs-review","Q164509","omnivore","Q729","animal","","`subclass of` between items of different metaclass levels, or on an individual","re-level one of the two items, or replace `subclass of` by `instance of`; review by hand"
"data/vocabulary.wdkb","ontology","level-sub","error","needs-review","Q154954","natural person","Q3778211","legal person","","`subclass of` between items of different metaclass levels, or on an individual","re-level one of the two items, or replace `subclass of` by `instance of`; review by hand"
"data/vocabulary.wdkb","ontology","level-sub","error","needs-review","Q5891007","anatomically modern human","Q15978631","Homo sapiens","","`subclass of` between items of different metaclass levels, or on an individual","re-level one of the two items, or replace `subclass of` by `instance of`; review by hand"
"data/vocabulary.wdkb","ontology","level-sub","error","needs-review","Q55983715","organisms known by a particular common name","Q21871294","group or class of living things","","`subclass of` between items of different metaclass levels, or on an individual","re-level one of the two items, or replace `subclass of` by `instance of`; review by hand"
"data/vocabulary.wdkb","ontology","level-sub","error","needs-review","Q720069","nuclear family","Q8436","family","","`subclass of` between items of different metaclass levels, or on an individual","re-level one of the two items, or replace `subclass of` by `instance of`; review by hand"
"data/vocabulary.wdkb","ontology","level-sub","error","needs-review","Q8436","family","Q16334295","group of humans","","`subclass of` between items of different metaclass levels, or on an individual","re-level one of the two items, or replace `subclass of` by `instance of`; review by hand"
"data/vocabulary.wdkb","ontology","level-sub","error","needs-review","Q8436","family","Q1313923","kindred","","`subclass of` between items of different metaclass levels, or on an individual","re-level one of the two items, or replace `subclass of` by `instance of`; review by hand"
"data/vocabulary.wdkb","ontology","level-sub","error","needs-review","Q8436","family","Q178706","institution","","`subclass of` between items of different metaclass levels, or on an individual","re-level one of the two items, or replace `subclass of` by `instance of`; review by hand"
"data/vocabulary.wdkb","ontology","level-sub","error","needs-review","Q8436","family","Q24229398","being","","`subclass of` between items of different metaclass levels, or on an individual","re-level one of the two items, or replace `subclass of` by `instance of`; review by hand"
"data/vocabulary.wdkb","ontology","level-sub","error","needs-review","Q8436","family","Q131085629","collective agent","","`subclass of` between items of different metaclass levels, or on an individual","re-level one of the two items, or replace `subclass of` by `instance of`; review by hand"
"data/vocabulary.wdkb","ontology","level-sub","error","needs-review","Q1367590","legal relationship","Q930933","relation","","`subclass of` between items of different metaclass levels, or on an individual","re-level one of the two items, or replace `subclass of` by `instance of`; review by hand"
"data/vocabulary.wdkb","ontology","level-sub","error","needs-review","Q17138290","kinship system","Q1639378","social system","","`subclass of` between items of different metaclass levels, or on an individual","re-level one of the two items, or replace `subclass of` by `instance of`; review by hand"
"data/vocabulary.wdkb","ontology","level-sub","error","needs-review","Q1759104","warning","Q2150504","signal","","`subclass of` between items of different metaclass levels, or on an individual","re-level one of the two items, or replace `subclass of` by `instance of`; review by hand"
"data/vocabulary.wdkb","ontology","level-sub","error","needs-review","Q1759104","warning","Q7551287","social object","","`subclass of` between items of different metaclass levels, or on an individual","re-level one of the two items, or replace `subclass of` by `instance of`; review by hand"
"data/vocabulary.wdkb","ontology","level-sub","error","needs-review","Q49848","document","Q37866906","information resource","","`subclass of` between items of different metaclass levels, or on an individual","re-level one of the two items, or replace `subclass of` by `instance of`; review by hand"
"data/vocabulary.wdkb","ontology","level-sub","error","needs-review","Q16889133","class","Q5127848","class","","`subclass of` between items of different metaclass levels, or on an individual","re-level one of the two items, or replace `subclass of` by `instance of`; review by hand"
"data/vocabulary.wdkb","ontology","level-sub","error","needs-review","Q367293","convention","Q16889133","class","","`subclass of` between items of different metaclass levels, or on an individual","re-level one of the two items, or replace `subclass of` by `instance of`; review by hand"
"data/vocabulary.wdkb","ontology","level-sub","error","needs-review","Q13136","reference work","Q1063801","tertiary source","","`subclass of` between items of different metaclass levels, or on an individual","re-level one of the two items, or replace `subclass of` by `instance of`; review by hand"
"data/vocabulary.wdkb","ontology","level-sub","error","needs-review","Q13136","reference work","Q1348645","instructional materials","","`subclass of` between items of different metaclass levels, or on an individual","re-level one of the two items, or replace `subclass of` by `instance of`; review by hand"
"data/vocabulary.wdkb","ontology","level-sub","error","needs-review","Q13136","reference work","Q47461344","written work","","`subclass of` between items of different metaclass levels, or on an individual","re-level one of the two items, or replace `subclass of` by `instance of`; review by hand"
"data/vocabulary.wdkb","ontology","level-sub","error","needs-review","Q13136","reference work","Q732577","publication","","`subclass of` between items of different metaclass levels, or on an individual","re-level one of the two items, or replace `subclass of` by `instance of`; review by hand"
"data/vocabulary.wdkb","ontology","level-sub","error","needs-review","Q117207263","file","Q16887380","group","","`subclass of` between items of different metaclass levels, or on an individual","re-level one of the two items, or replace `subclass of` by `instance of`; review by hand"
"data/vocabulary.wdkb","ontology","level-sub","error","needs-review","Q137527772","type of computer language","Q20829075","type of language","","`subclass of` between items of different metaclass levels, or on an individual","re-level one of the two items, or replace `subclass of` by `instance of`; review by hand"
"data/vocabulary.wdkb","ontology","level-sub","error","needs-review","Q111513337","Wikibase entity ID","Q6545185","unique identifier","","`subclass of` between items of different metaclass levels, or on an individual","re-level one of the two items, or replace `subclass of` by `instance of`; review by hand"
"data/vocabulary.wdkb","ontology","level-sub","error","needs-review","Q111513337","Wikibase entity ID","Q16317911","positive integer","","`subclass of` between items of different metaclass levels, or on an individual","re-level one of the two items, or replace `subclass of` by `instance of`; review by hand"
"data/vocabulary.wdkb","ontology","level-sub","error","needs-review","Q111513337","Wikibase entity ID","Q93868746","numeric identifier","","`subclass of` between items of different metaclass levels, or on an individual","re-level one of the two items, or replace `subclass of` by `instance of`; review by hand"
"data/vocabulary.wdkb","ontology","level-sub","error","needs-review","Q420330","persistent identifier","Q853614","identifier","","`subclass of` between items of different metaclass levels, or on an individual","re-level one of the two items, or replace `subclass of` by `instance of`; review by hand"
"data/vocabulary.wdkb","ontology","level-sub","error","needs-review","Q47461344","written work","Q15621286","intellectual work","","`subclass of` between items of different metaclass levels, or on an individual","re-level one of the two items, or replace `subclass of` by `instance of`; review by hand"
"data/vocabulary.wdkb","ontology","level-sub","error","needs-review","Q12303449","caption","Q234460","text","","`subclass of` between items of different metaclass levels, or on an individual","re-level one of the two items, or replace `subclass of` by `instance of`; review by hand"
"data/vocabulary.wdkb","ontology","level-sub","error","needs-review","Q12303449","caption","Q853614","identifier","","`subclass of` between items of different metaclass levels, or on an individual","re-level one of the two items, or replace `subclass of` by `instance of`; review by hand"
"data/vocabulary.wdkb","ontology","level-sub","error","needs-review","Q12303449","caption","Q7958","explanation","","`subclass of` between items of different metaclass levels, or on an individual","re-level one of the two items, or replace `subclass of` by `instance of`; review by hand"
"data/vocabulary.wdkb","ontology","level-sub","error","needs-review","Q12303449","caption","Q16944486","elaboration","","`subclass of` between items of different metaclass levels, or on an individual","re-level one of the two items, or replace `subclass of` by `instance of`; review by hand"
"data/vocabulary.wdkb","ontology","level-sub","error","needs-review","Q12303449","caption","Q63872616","layout component","","`subclass of` between items of different metaclass levels, or on an individual","re-level one of the two items, or replace `subclass of` by `instance of`; review by hand"
"data/vocabulary.wdkb","ontology","level-sub","error","needs-review","Q930933","relation","Q937228","property","","`subclass of` between items of different metaclass levels, or on an individual","re-level one of the two items, or replace `subclass of` by `instance of`; review by hand"
"data/vocabulary.wdkb","ontology","level-sub","error","needs-review","Q130324710","type of relation","Q21146257","type","","`subclass of` between items of different metaclass levels, or on an individual","re-level one of the two items, or replace `subclass of` by `instance of`; review by hand"
"data/vocabulary.wdkb","ontology","level-sub","error","needs-review","Q2574811","cause","Q31464082","source entity","","`subclass of` between items of different metaclass levels, or on an individual","re-level one of the two items, or replace `subclass of` by `instance of`; review by hand"
"data/vocabulary.wdkb","ontology","level-sub","error","needs-review","Q7958","explanation","Q628523","message","","`subclass of` between items of different metaclass levels, or on an individual","re-level one of the two items, or replace `subclass of` by `instance of`; review by hand"
"data/vocabulary.wdkb","ontology","level-sub","error","needs-review","Q7958","explanation","Q151885","concept","","`subclass of` between items of different metaclass levels, or on an individual","re-level one of the two items, or replace `subclass of` by `instance of`; review by hand"
"data/vocabulary.wdkb","ontology","level-sub","error","needs-review","Q19798645","Wikibase datatype","Q19798644","Wikibase data model element","","`subclass of` between items of different metaclass levels, or on an individual","re-level one of the two items, or replace `subclass of` by `instance of`; review by hand"
"data/vocabulary.wdkb","ontology","level-sub","error","needs-review","Q19798645","Wikibase datatype","Q190087","data type","","`subclass of` between items of different metaclass levels, or on an individual","re-level one of the two items, or replace `subclass of` by `instance of`; review by hand"
"data/vocabulary.wdkb","ontology","level-sub","error","needs-review","Q138716795","parent or peer relative of parent","Q138715847","senior relative","","`subclass of` between items of different metaclass levels, or on an individual","re-level one of the two items, or replace `subclass of` by `instance of`; review by hand"
"data/vocabulary.wdkb","ontology","level-sub","error","needs-review","Q214339","role","Q4897819","role","","`subclass of` between items of different metaclass levels, or on an individual","re-level one of the two items, or replace `subclass of` by `instance of`; review by hand"
"data/vocabulary.wdkb","ontology","level-sub","error","needs-review","Q124478208","liable adult","Q9584157","adult human","","`subclass of` between items of different metaclass levels, or on an individual","re-level one of the two items, or replace `subclass of` by `instance of`; review by hand"
"data/vocabulary.wdkb","ontology","level-sub","error","needs-review","Q124478208","liable adult","Q157509","legal guardian","","`subclass of` between items of different metaclass levels, or on an individual","re-level one of the two items, or replace `subclass of` by `instance of`; review by hand"
"data/vocabulary.wdkb","ontology","level-sub","error","needs-review","Q2135465","legal term or legal concept","Q151885","concept","","`subclass of` between items of different metaclass levels, or on an individual","re-level one of the two items, or replace `subclass of` by `instance of`; review by hand"
"data/vocabulary.wdkb","ontology","level-sub","error","needs-review","Q2135465","legal term or legal concept","Q1969448","term","","`subclass of` between items of different metaclass levels, or on an individual","re-level one of the two items, or replace `subclass of` by `instance of`; review by hand"
"data/vocabulary.wdkb","ontology","level-sub","error","needs-review","Q526719","ranking","Q1379672","evaluation","","`subclass of` between items of different metaclass levels, or on an individual","re-level one of the two items, or replace `subclass of` by `instance of`; review by hand"
"data/vocabulary.wdkb","ontology","level-sub","error","needs-review","Q110832782","software resource","Q7397","software","","`subclass of` between items of different metaclass levels, or on an individual","re-level one of the two items, or replace `subclass of` by `instance of`; review by hand"
"data/vocabulary.wdkb","ontology","level-sub","error","needs-review","Q17442446","Wikimedia internal item","Q17379835","Wikimedia page outside the main knowledge tree","","`subclass of` between items of different metaclass levels, or on an individual","re-level one of the two items, or replace `subclass of` by `instance of`; review by hand"
"data/vocabulary.wdkb","ontology","level-sub","error","needs-review","Q621850","reflexive relation","Q54938846","endorelation","","`subclass of` between items of different metaclass levels, or on an individual","re-level one of the two items, or replace `subclass of` by `instance of`; review by hand"
"data/vocabulary.wdkb","ontology","level-sub","error","needs-review","Q3884033","mathematical operation","Q11348","function","","`subclass of` between items of different metaclass levels, or on an individual","re-level one of the two items, or replace `subclass of` by `instance of`; review by hand"
"data/vocabulary.wdkb","ontology","level-sub","error","needs-review","Q3884033","mathematical operation","Q97302511","partial operation","","`subclass of` between items of different metaclass levels, or on an individual","re-level one of the two items, or replace `subclass of` by `instance of`; review by hand"
"data/vocabulary.wdkb","ontology","level-sub","error","needs-review","Q42106","synonym","Q8171","word","","`subclass of` between items of different metaclass levels, or on an individual","re-level one of the two items, or replace `subclass of` by `instance of`; review by hand"
"data/vocabulary.wdkb","ontology","level-sub","error","needs-review","Q853614","identifier","Q11028","information","","`subclass of` between items of different metaclass levels, or on an individual","re-level one of the two items, or replace `subclass of` by `instance of`; review by hand"
"data/vocabulary.wdkb","ontology","level-sub","error","needs-review","Q82799","name","Q48937186","word or phrase","","`subclass of` between items of different metaclass levels, or on an individual","re-level one of the two items, or replace `subclass of` by `instance of`; review by hand"
"data/vocabulary.wdkb","ontology","level-sub","error","needs-review","Q82799","name","Q651943","signifier","","`subclass of` between items of different metaclass levels, or on an individual","re-level one of the two items, or replace `subclass of` by `instance of`; review by hand"
"data/vocabulary.wdkb","ontology","level-sub","error","needs-review","Q82799","name","Q853614","identifier","","`subclass of` between items of different metaclass levels, or on an individual","re-level one of the two items, or replace `subclass of` by `instance of`; review by hand"
"data/vocabulary.wdkb","ontology","level-sub","error","needs-review","Q82799","name","Q503992","nominal","","`subclass of` between items of different metaclass levels, or on an individual","re-level one of the two items, or replace `subclass of` by `instance of`; review by hand"
"data/vocabulary.wdkb","ontology","level-sub","error","needs-review","Q110832792","database object","Q110832782","software resource","","`subclass of` between items of different metaclass levels, or on an individual","re-level one of the two items, or replace `subclass of` by `instance of`; review by hand"
"data/vocabulary.wdkb","ontology","level-sub","error","needs-review","Q31384986","language-tagged string RDF literal","Q31381203","RDF literal","","`subclass of` between items of different metaclass levels, or on an individual","re-level one of the two items, or replace `subclass of` by `instance of`; review by hand"
"data/vocabulary.wdkb","ontology","level-sub","error","needs-review","Q7560","mother","Q138716859","mother or mother's sister","","`subclass of` between items of different metaclass levels, or on an individual","re-level one of the two items, or replace `subclass of` by `instance of`; review by hand"
"data/vocabulary.wdkb","ontology","level-sub","error","needs-review","Q7560","mother","Q7566","parent","","`subclass of` between items of different metaclass levels, or on an individual","re-level one of the two items, or replace `subclass of` by `instance of`; review by hand"
