agent/abc-depth-profile-bridge	b3c1ae9c70c1c6cf6da2177b748394ab96d6fa5d	DASHI/Cognition/TlureyChaosBridge.agda	68fb310acd8ad73c6d67e7c0bca3d80ac67feacadf8c0e916344a3b51bba1314
agent/abc-depth-profile-bridge	b3c1ae9c70c1c6cf6da2177b748394ab96d6fa5d	DASHI/Cognition/Utterance/All.agda	03041e0778ec964986558dea7e3615f4c4e55a49c7e854e54df0aa24f5f7022d
agent/abc-depth-profile-bridge	b3c1ae9c70c1c6cf6da2177b748394ab96d6fa5d	DASHI/Governance/Everything.agda	49a62e0b47e00f675521735c52ddffc2241e423e88489d45b86cc8de5c5727ed
agent/abc-depth-profile-bridge	b3c1ae9c70c1c6cf6da2177b748394ab96d6fa5d	DASHI/Governance/TraumaExploitationAttractor.agda	ef77d59f439c1a8200b3a6d7d7f68c15bc112c22675462e71eaffe3b0396f8db
agent/abc-depth-profile-bridge	b3c1ae9c70c1c6cf6da2177b748394ab96d6fa5d	Kernel/Algebra.agda	f7943a93190c5511ff8b784b3cf6c1c2b3d80f76bfc05db08cf502c46ce06158
agent/abc-depth-profile-bridge	b3c1ae9c70c1c6cf6da2177b748394ab96d6fa5d	Monster/Ultrametric.agda	9b3b98840f655bdbfa70fe50f90fcc34400882d56201c4c42459f609ab0bd0cf
agent/add-bishop-submodule	b355af91bbacbfb2def88f3f09f439e89af07cb1	DASHI/Biology/BraidedEmotionEvidenceProvenance.agda	7803c5fa24d9ac37886c838fbdcdb6fafecf46e77fcfa3e4aa4fe47b2490b6ee
agent/add-bishop-submodule	b355af91bbacbfb2def88f3f09f439e89af07cb1	DASHI/Cognition/PNF/PNFIRLearningEverything.agda	5f5fbdd648bd765ca6f938a91b40e797a45fe19187e78d16660a40cd995928de
agent/add-bishop-submodule	b355af91bbacbfb2def88f3f09f439e89af07cb1	DASHI/Interop/CodecCarrierFibreBridge.agda	8614355c7f3bd41e4d8ba2a78650f13c0ae9581e668d5a8c6db4e532c03e7a7f
agent/add-bishop-submodule	b355af91bbacbfb2def88f3f09f439e89af07cb1	DASHI/Interop/MultiscaleMDLCrossPollination.agda	ff865d6fe8b7cef0483548ab35513e3ca43cf0f5e8a918a4252a1bd21b5c8a54
agent/add-bishop-submodule	b355af91bbacbfb2def88f3f09f439e89af07cb1	DASHI/Interop/MultiscaleMDLCrossPollinationRegression.agda	c776fe0953843a9cdee741e92c543c385efd241480bd4cf67d526e4cf49da6f8
agent/add-bishop-submodule	b355af91bbacbfb2def88f3f09f439e89af07cb1	DASHI/Interop/PNFTechSystemicStressBridgeRegression.agda	5c85791956274b073c146a5ae9bdee7652abcaf8db2570b78a2fbecd6703ae46
agent/add-bishop-submodule	b355af91bbacbfb2def88f3f09f439e89af07cb1	DASHI/Philosophy/CompletionRegression.agda	0e963471627358e909ea58571e9aa38eb0b77f77eccaa7cc21ae117b4d87e73d
agent/add-bishop-submodule	b355af91bbacbfb2def88f3f09f439e89af07cb1	DASHI/Promotion/DerivedGovernanceAdmissibility.agda	240322dab8150915d7a2ee8c55e79f6cfb3d0e3865d2856c5fd206ed374a0abb
agent/add-bishop-submodule	b355af91bbacbfb2def88f3f09f439e89af07cb1	DASHI/Reasoning/DialecticMotifEverything.agda	b908a7f47ab8a999009289d866bcbc9cda6e0b71469e567fb21c5e6080c33fe1
agent/add-bishop-submodule	b355af91bbacbfb2def88f3f09f439e89af07cb1	DASHI/Unified/BraidedEmotionDerivedGovernanceRegression.agda	9c1f126326dcd58eb154c20c49c6645a557edc921411b8053388231c3e30e732
agent/all-scale-rg-invariant-obligations	452601a25a433ed3d1bd16937846e98292bd31c8	DASHI/Cognition/LanguagePhaseEverything.agda	6517cf07cce805a4adc107142bd868fa99f8d7bd66456bc37a4fee81bf658aeb
agent/animalexic-consumer-guided-refinement	acc3726447eafff1b5211d602f2e994ac37c5704	DASHI/Cognition/PNF/NumericPNFHyperfabricEverything.agda	df537b8e6c5f643551ee54b87c2884afa2bdbd6cef4388150dfa3143a946fb5b
agent/animalexic-consumer-guided-refinement	acc3726447eafff1b5211d602f2e994ac37c5704	DASHI/Interop/AristotleMathSourceParityExact.agda	a51d6dc2a9e621263486161723772a3d5f006bb0f43b42536192c6eaf61ac334
agent/animalexic-consumer-guided-refinement	acc3726447eafff1b5211d602f2e994ac37c5704	DASHI/Ontology/LeanWikidataEverything.agda	8e39930456b1ef31463ef42f85cd4380666613337758c7a7f4086becfd3d9df1
agent/animalexic-consumer-guided-refinement	acc3726447eafff1b5211d602f2e994ac37c5704	DASHI/Reasoning/ChildhoodReligiousCoercionExact.agda	ff99d628d3fa34d0761120384ee61512917eef2677db2ec65792353c655eeaae
agent/animalexic-consumer-guided-refinement	acc3726447eafff1b5211d602f2e994ac37c5704	DASHI/Reasoning/TernaryPantsSynthesisS3BridgeExact.agda	b675b8a432436d28c5542c3bb696feba9b626b4c7e9a3ced9c4c3ed3b3446524
agent/animalexic-consumer-guided-refinement	acc3726447eafff1b5211d602f2e994ac37c5704	DASHI/Reasoning/TernaryPantsSynthesisS3Regression.agda	6420c2e039357cb1bf9e127975de3a489d72811f5fc07e8d794a35b293e38f13
agent/animalexic-consumer-guided-refinement	acc3726447eafff1b5211d602f2e994ac37c5704	DASHI/Reasoning/TernarySynthesisCellComplexExact.agda	af784a73919c15f6d3b75c88a30251b638740363325724b88da833981beb6e81
agent/animalexic-consumer-guided-refinement	acc3726447eafff1b5211d602f2e994ac37c5704	DASHI/Reasoning/TernarySynthesisOrbitWeldEverything.agda	f1d88818f695df90677e834769a27b03b03aa5aeb8ab83caa398cd89eb9117e3
agent/aristotle-bishop-pi-archimedes	db121de359a1b0972a526cd1900ca3f4756f0853	DASHI/Arithmetic/AristotleFibVortexParityExact.agda	3f2402073198c469cdac70b160d7d4fc2ef306bc762bc0992e5f953e16c56275
agent/aristotle-bishop-pi-archimedes	db121de359a1b0972a526cd1900ca3f4756f0853	DASHI/Arithmetic/AristotleTeslaBaseNonaryOrbitExact.agda	eadb376aee947edd5118cc5f3fa50faa8272fca9cf684b8a1af6995b44f1027e
agent/aristotle-bishop-pi-archimedes	db121de359a1b0972a526cd1900ca3f4756f0853	DASHI/Arithmetic/TriadicDigitalRootPhaseObserverExact.agda	60f643e68dc7dbb77000225aec23c11d25ef3cffabd7fbea7ca913112f017d7c
agent/aristotle-bishop-pi-archimedes	db121de359a1b0972a526cd1900ca3f4756f0853	DASHI/Foundations/CyclicNineCharacterPullbackExact.agda	34a0776fe91e947bad65d7a29f88d5716e605dd07781ef58aea0a564d695125a
agent/aristotle-bishop-pi-archimedes	db121de359a1b0972a526cd1900ca3f4756f0853	DASHI/Foundations/MatchedDihedralSO3RestrictionExact.agda	6014744119b8f974cfdd7b7a5244855e074a05d79d80f38a7fca7d026ad3306d
agent/aristotle-bishop-pi-archimedes	db121de359a1b0972a526cd1900ca3f4756f0853	DASHI/Foundations/Phase3RootCharacterWeldExact.agda	9b8531af70451c14066ce4df8bacd747b1cec1aab4c9078cce08bda8731c9e51
agent/aristotle-bishop-pi-archimedes	db121de359a1b0972a526cd1900ca3f4756f0853	DASHI/Foundations/TernaryNineRingFieldFibreSeparationExact.agda	92212fb352656f4c3a75428f5d9c85bb75746ca856c1944518b09c46dbff0555
agent/aristotle-bishop-pi-archimedes	db121de359a1b0972a526cd1900ca3f4756f0853	DASHI/Moonshine/AristotleHeckeRecurrenceCoreExact.agda	692030bd06b5aa2bcae28164456c17834dc809e307198e5135bdeda1b495c1e9
agent/aristotle-bishop-pi-archimedes	db121de359a1b0972a526cd1900ca3f4756f0853	DASHI/Moonshine/AristotleZetaFrobeniusCrossPollinationEverything.agda	bb9dbd1ea26774f3edc8711f0042bdcf34112101fda1654534aaeed90b3ff362
agent/aristotle-bishop-pi-archimedes	db121de359a1b0972a526cd1900ca3f4756f0853	DASHI/Moonshine/CandidateReductionSectorFamilyExact.agda	f412bcb4d764af92a4ed0ca72bbce8fde3998e659026c4921a710bde721632f2
agent/aristotle-bishop-pi-archimedes	db121de359a1b0972a526cd1900ca3f4756f0853	DASHI/Moonshine/FactorVecSupportMaskHeckeQuotientExact.agda	f338e2f94c4e784d17d76fade5b56d669a1885df83118b4c078a88413796d7c9
agent/aristotle-bishop-pi-archimedes	db121de359a1b0972a526cd1900ca3f4756f0853	DASHI/Moonshine/HeckeCorrespondenceQuotientDescentExact.agda	a4f8989f750e2a62334e24557c2f9af5f18d4de535b6d6b8d67ff15e889c7087
agent/aristotle-bishop-pi-archimedes	db121de359a1b0972a526cd1900ca3f4756f0853	DASHI/Moonshine/IndexedLevelHeckeQuotientDescentExact.agda	d185c73f4118e1318526caeda3cd685da5772e5ba7f09bf6b5f5d30afaddb36a
agent/aristotle-bishop-pi-archimedes	db121de359a1b0972a526cd1900ca3f4756f0853	DASHI/Moonshine/MatchedDihedralFrickeGenusBridgeExact.agda	3d111a5d60302862c15ac4bd3e71f90de84cb74cbebc8133112102fd4c222c7e
agent/aristotle-bishop-pi-archimedes	db121de359a1b0972a526cd1900ca3f4756f0853	DASHI/Moonshine/OggCyclicFixedSpaceFourProbeNoGoExact.agda	22c0e0fc044665528aa23e1a209ece4a068afa84397205950001a3d1fa106f09
agent/aristotle-bishop-pi-archimedes	db121de359a1b0972a526cd1900ca3f4756f0853	DASHI/Moonshine/OggFixedSpaceSelectorNoGoExact.agda	87c247fb049a98469736730f5edfe9e61e97eca9b38eab0db6b7212bb93347a4
agent/aristotle-bishop-pi-archimedes	db121de359a1b0972a526cd1900ca3f4756f0853	DASHI/Moonshine/SO3C5FiveIrrepNineExact.agda	7878d0076a704bbe83b239c64f33198b81aeaf9dee9c6a9567e7a1323a2a51ae
agent/aristotle-bishop-pi-archimedes	db121de359a1b0972a526cd1900ca3f4756f0853	DASHI/Moonshine/SO3CyclicBranchingControlExact.agda	8f6b1b0df3f6a3461d8216957452a4b66b8eb84dba14ac910b83f8addcbe22a4
agent/aristotle-bishop-pi-archimedes	db121de359a1b0972a526cd1900ca3f4756f0853	DASHI/Moonshine/SO3CyclicFixedSpaceFormulaExact.agda	4f1d5a84a92bb59639f5bf8470511c60ca22016a3e13038806ffbd2ebd451a20
agent/aristotle-bishop-pi-archimedes	db121de359a1b0972a526cd1900ca3f4756f0853	DASHI/Moonshine/SO3CyclicFixedSpaceScanExact.agda	35f6a7037bcad4bb8ea2ba2e705f6505bc47150ba10f750d6cff7f634353aaa0
agent/aristotle-bishop-pi-archimedes	db121de359a1b0972a526cd1900ca3f4756f0853	DASHI/Moonshine/SupportMaskCountHeckeCompressionNoGoExact.agda	38e138c81bc516c69bcc861391c6989894301d3ecc7f27d370d05c1a9c483a8c
agent/aristotle-bishop-pi-archimedes	db121de359a1b0972a526cd1900ca3f4756f0853	DASHI/Ontology/LeanWikidataEverything.agda	8e39930456b1ef31463ef42f85cd4380666613337758c7a7f4086becfd3d9df1
agent/aristotle-bishop-pi-archimedes	db121de359a1b0972a526cd1900ca3f4756f0853	Ontology/Hecke/IndexedLevelCorrespondenceRepresentation.agda	95614ce7df8cf81636c1342531f06135e3cc7b74eb5e815d9c6ffc8c261c8d58
agent/aristotle-bishop-pi-archimedes	db121de359a1b0972a526cd1900ca3f4756f0853	Ontology/Hecke/LevelCorrespondenceRepresentation.agda	55819edb72bb73de4093b31e4597005b2302475f2c391f5d844c6cb7c033946e
agent/art-hidden-topology	e6952dff05a870fea8ff55e245db4b0adb5d12b9	DASHI/Cognition/TlureyDyadicNonaryTraceReceipt.agda	2611bff091a8a0323ac9c1bf8083b3c590699b519171a9fc0f92127e2e996eae
agent/banded-vorticity-cross-pollination	98c743721655ef216b58a066f9d0cebbb05da2e1	DASHI/Biology/BraidedEmotionEvidenceRegistry.agda	f107962b0d5d0f2dfbc06beb51db14ecc7bb2c1cc631cca998dee99afa6b04b2
agent/brandt-frobenius-fricke-joint-system	554c127e3727013d0698846eb2a88bde011c5efa	DASHI/Foundations/F9FrobeniusInvolutionNormalFormExact.agda	28a230e919b69c8a72a2a6e11c6a8814129c8a153b491e20408573e1aad270ff
agent/brandt-frobenius-fricke-joint-system	554c127e3727013d0698846eb2a88bde011c5efa	DASHI/Foundations/FibreConstantObservableExact.agda	fc5deaaf99be7a46f28d4e7dd67b4dc00afd59fd5c4c4b951679beec3d909c36
agent/brandt-frobenius-fricke-joint-system	554c127e3727013d0698846eb2a88bde011c5efa	DASHI/Moonshine/BrandtFrickeCarrierCountControlsExact.agda	d2eecc96d59c2b0cb7ee2afd18802e9d266e70142e4f62b7c0a43b3e7d16d271
agent/brandt-frobenius-fricke-joint-system	554c127e3727013d0698846eb2a88bde011c5efa	DASHI/Moonshine/BrandtFrobeniusFrickeCrossPollinationEverything.agda	ae2cc725c9fd5d5359982664069adb16e9935f21230efca9e555af89f20c8864
agent/brandt-frobenius-fricke-joint-system	554c127e3727013d0698846eb2a88bde011c5efa	DASHI/Moonshine/BrandtFrobeniusFrickeCrossPollinationRegression.agda	c24be76b73a74c194638df5b5c6e4307c5f27633058bf5ac4012e8ebad8a2df1
agent/brandt-frobenius-fricke-joint-system	554c127e3727013d0698846eb2a88bde011c5efa	DASHI/Moonshine/BrandtHeckeFrobeniusFrickeSelectorWeldExact.agda	ef63fb319ce82e3199da9accd575a6547e4d00d2506a096cc82465cbb7ea3236
agent/brandt-frobenius-fricke-joint-system	554c127e3727013d0698846eb2a88bde011c5efa	DASHI/Moonshine/BrandtObserverRefinementDynamicsBridgeExact.agda	381c90f08822b95d4379efc891dc8c08f34a69354872d1863574372e5a98ba95
agent/brandt-frobenius-fricke-joint-system	554c127e3727013d0698846eb2a88bde011c5efa	DASHI/Moonshine/BrandtObserverRefinementDynamicsRegression.agda	d103751f183ae5425245411a70a18ea0ecc07edc488f880d6d0bf9f46d1ae589
agent/brandt-frobenius-fricke-joint-system	554c127e3727013d0698846eb2a88bde011c5efa	DASHI/Moonshine/BrandtStackCrossPrimeSelectorCutsetExact.agda	748a6ee979f5bcc2449bd6017cce3e3a7290b1b0f1b0c3dcfb9747a74a888400
agent/brandt-frobenius-fricke-joint-system	554c127e3727013d0698846eb2a88bde011c5efa	DASHI/Moonshine/BrandtStackUnweightingControlsExact.agda	98b9a9f4c8f4667b1c1ed4cb7e8ec362a8ba8128aa1aed79146d157aebc074ec
agent/brandt-frobenius-fricke-joint-system	554c127e3727013d0698846eb2a88bde011c5efa	DASHI/Moonshine/BrandtStackUnweightingExact.agda	f4ff66308c7a96093af38ec1e026ae895f97a03f0f67425dcb4fb049decde031
agent/brandt-frobenius-fricke-joint-system	554c127e3727013d0698846eb2a88bde011c5efa	DASHI/Moonshine/BrandtStackUnweightingHighestAlphaRegression.agda	ea5bc3f39e4d216e5b86f435f78ec6fd09f765317f4fc372c114d407160ce60d
agent/brandt-frobenius-fricke-joint-system	554c127e3727013d0698846eb2a88bde011c5efa	DASHI/Moonshine/ClassicalCharacteristicHeckeFamilyCore.agda	b52bb5dc8ea639c0c044b3d028ac27f529a2865ce4daad55fd4ffb451e3747cd
agent/brandt-frobenius-fricke-joint-system	554c127e3727013d0698846eb2a88bde011c5efa	DASHI/Moonshine/ClassicalFiniteHeckeCorrespondenceCore.agda	db49dfc57898885ac3735ced5e1d22eada143207d0907d955958ec028869c2ed
agent/brandt-frobenius-fricke-joint-system	554c127e3727013d0698846eb2a88bde011c5efa	DASHI/Moonshine/ClassicalHeckeQuotientDescentExact.agda	1f03a49996ee8fc20e864c34e77d6b6aa1b71e10b51a7698138811e1e060ae70
agent/brandt-frobenius-fricke-joint-system	554c127e3727013d0698846eb2a88bde011c5efa	DASHI/Moonshine/EquitablePositiveQuotientExact.agda	0227763b978da2cd1dff47b2fca3c19e4447c6ea4c5152314b06e795b4ee9720
agent/brandt-frobenius-fricke-joint-system	554c127e3727013d0698846eb2a88bde011c5efa	DASHI/Moonshine/LegendreFullLevel2VsFrickeMoonshineBoundaryExact.agda	39be596e68e05a8f63e1d0a93bdfb89e44bb469fc5fee957155a075bb10928f7
agent/brandt-frobenius-fricke-joint-system	554c127e3727013d0698846eb2a88bde011c5efa	DASHI/Moonshine/OggHeckeQuotientProducerRegression.agda	53222c5c3e2918dcfbb91332607ddd4f804f783deece68a42cb29c29706438fd
agent/brandt-frobenius-fricke-joint-system	554c127e3727013d0698846eb2a88bde011c5efa	DASHI/Moonshine/P11AristotleHeckeSquareCrossPollinationExact.agda	c93fd45882996209628588645514aeae2aff79967e6990ea9a25839df2eb66fc
agent/brandt-frobenius-fricke-joint-system	554c127e3727013d0698846eb2a88bde011c5efa	DASHI/Moonshine/P11BrandtAutomorphismWeightExact.agda	2d94c6802d98c6413c711c1dcbe26dabd6ce02d12c61024be5314873513a58c1
agent/brandt-frobenius-fricke-joint-system	554c127e3727013d0698846eb2a88bde011c5efa	DASHI/Moonshine/P11BrandtFrobeniusFrickeCarrierSeparationExact.agda	1fde7b80d7b5f3d2e17769de441d7c480ce2853805075421b8ac710e19c3c9d3
agent/brandt-frobenius-fricke-joint-system	554c127e3727013d0698846eb2a88bde011c5efa	DASHI/Moonshine/P11BrandtHeckeHighestAlphaRegression.agda	4e9f3f614ea5be059ad89ef6a1ca597d304d2511dc9243d0e3a1961c59723545
agent/brandt-frobenius-fricke-joint-system	554c127e3727013d0698846eb2a88bde011c5efa	DASHI/Moonshine/P11BrandtJointHeckeAlgebraExact.agda	e84583f9ec3264d427ce821e308b31d419d7cb31176b852382f579b3f50b73ea
agent/brandt-frobenius-fricke-joint-system	554c127e3727013d0698846eb2a88bde011c5efa	DASHI/Moonshine/P11BrandtPrimeGeneratorsExact.agda	398810d55ec92f98a290562c60fbc7f741846a4f4af7fa414c5f06a90d7be0a1
agent/brandt-frobenius-fricke-joint-system	554c127e3727013d0698846eb2a88bde011c5efa	DASHI/Moonshine/P11BrandtPrimePowerHeckeExact.agda	23c124273753483dba37d871ba8fb2d3708ec587f2f5a18c07b6b15e85f4550e
agent/brandt-frobenius-fricke-joint-system	554c127e3727013d0698846eb2a88bde011c5efa	DASHI/Moonshine/P11BrandtWeightedSelfAdjointExact.agda	375dc7bd1a97b83b7c4ee64dba565a103388521e041889b16e7c4d02c604a726
agent/brandt-frobenius-fricke-joint-system	554c127e3727013d0698846eb2a88bde011c5efa	DASHI/Moonshine/P11ClassicalCharacteristicHeckeInstanceExact.agda	512acec9e8c4e2614385cd2708021e3757a9f4a98ea89af0db17d13ad584f5e0
agent/brandt-frobenius-fricke-joint-system	554c127e3727013d0698846eb2a88bde011c5efa	DASHI/Moonshine/P11ClassicalHeckeObservationQuotientExact.agda	0e9cdc4b0f68f40f3febb29edd043b5a8b6740ff7a5da87de5c1f9797012b348
agent/brandt-frobenius-fricke-joint-system	554c127e3727013d0698846eb2a88bde011c5efa	DASHI/Moonshine/P11ClassicalTwoIsogenyCorrespondenceExact.agda	2d853625c43eaf274c2249952502bc318d04e614484144f055767ee073046a5f
agent/brandt-frobenius-fricke-joint-system	554c127e3727013d0698846eb2a88bde011c5efa	DASHI/Moonshine/P11ClassicalTwoIsogenySpectralExact.agda	c960c05794ee8b459faff7ef83dcabeba23e6beec264b3572b93d797e87e8b32
agent/brandt-frobenius-fricke-joint-system	554c127e3727013d0698846eb2a88bde011c5efa	DASHI/Moonshine/P11EichlerDeuringStackUnweightingExact.agda	2b12ae3acb912fb6b6b77bbb724c14f611315f9c242323cbbed34ea93ed75693
agent/brandt-frobenius-fricke-joint-system	554c127e3727013d0698846eb2a88bde011c5efa	DASHI/Moonshine/P11ElevenStateSymmetricSchreierNoGoExact.agda	fa2dc96604e04bcf6f32188034e19680c55a748e197a35289beef36e948e69f8
agent/brandt-frobenius-fricke-joint-system	554c127e3727013d0698846eb2a88bde011c5efa	DASHI/Moonshine/P11Fine5FibreObservableBridgeExact.agda	22d7bda8d48e5f057f1a21b949863c666d914941a2811c24a742cecfee176fbd
agent/brandt-frobenius-fricke-joint-system	554c127e3727013d0698846eb2a88bde011c5efa	DASHI/Moonshine/P11Fine5PNFProvenanceQuotientBridgeExact.agda	45e25659afe79a09f755be13c59b5f95720977eed9441fc2728c95366df60407
agent/brandt-frobenius-fricke-joint-system	554c127e3727013d0698846eb2a88bde011c5efa	DASHI/Moonshine/P11Fine5PredicateDescentBridgeExact.agda	30d44bcf3120be2b640491a1966887211d76ae15d029b7a0113be1323c1c895d
agent/brandt-frobenius-fricke-joint-system	554c127e3727013d0698846eb2a88bde011c5efa	DASHI/Moonshine/P11FiveStateEquitableBrandtQuotientExact.agda	0640d093e8abc40149c0b96cd5b1e147fd7c673a8faa0367e87e1cf21c6b2efe
agent/brandt-frobenius-fricke-joint-system	554c127e3727013d0698846eb2a88bde011c5efa	DASHI/Moonshine/P11FiveStatePermutationHeckeProducerExact.agda	73349226b605622327787df7f76bd67b59c5cbb0c9fc456c48a42b0b6fce1366
agent/brandt-frobenius-fricke-joint-system	554c127e3727013d0698846eb2a88bde011c5efa	DASHI/Moonshine/P11FiveStatePositiveHeckeAlgebraExact.agda	d586ff395ce938fe1595a7ca4487ddc72607e63c67274e78871b9eb484a94205
agent/brandt-frobenius-fricke-joint-system	554c127e3727013d0698846eb2a88bde011c5efa	DASHI/Moonshine/P11FiveStatePositiveHeckeLiftExact.agda	1d417ea4607c65b97430194ed48f64f1afa5e90c06afe9191b88fd3868650aed
agent/brandt-frobenius-fricke-joint-system	554c127e3727013d0698846eb2a88bde011c5efa	DASHI/Moonshine/P11FiveStatePositivePrimeSquareNeighboursExact.agda	ee1fba8bce99b52388adf712aa0d4923c505cc5cdbdec74300d22f44655d6594
agent/brandt-frobenius-fricke-joint-system	554c127e3727013d0698846eb2a88bde011c5efa	DASHI/Moonshine/P11FullLevel2DeckHeckeEquivarianceExact.agda	a240404461300a78ef6ff690f54a190d44a2c539e5bda5f81a094c12aa549016
agent/brandt-frobenius-fricke-joint-system	554c127e3727013d0698846eb2a88bde011c5efa	DASHI/Moonshine/P11FullLevel2RigidificationExact.agda	6f3226d48c7cc8bc7908b958dea180915d2ef618915b53abbd3ee537ed5dc9ca
agent/brandt-frobenius-fricke-joint-system	554c127e3727013d0698846eb2a88bde011c5efa	DASHI/Moonshine/P11GeometricFrobeniusRealizationExact.agda	05281b9a61686ae48d0609acb89740deb4b1e64bc3a4f96e06019cac2557bc7a
agent/brandt-frobenius-fricke-joint-system	554c127e3727013d0698846eb2a88bde011c5efa	DASHI/Moonshine/P11GeometricSupersingularCarrierExact.agda	d6fb8dad536601f41739a0dde6d7056883d3b4c2353a74dd5862e7f779f790b4
agent/brandt-frobenius-fricke-joint-system	554c127e3727013d0698846eb2a88bde011c5efa	DASHI/Moonshine/P11JointRepresentationBrandtHeckeRegression.agda	9a709ddb2300fbfef5ef820e413f82f73c244f2a14e273feb22a907308a9a64c
agent/brandt-frobenius-fricke-joint-system	554c127e3727013d0698846eb2a88bde011c5efa	DASHI/Moonshine/P11LegendreAnharmonicDeckExact.agda	1a27207688cd920e33a8252bf25e39a216cea8652564ca4b9624b72376cb8757
agent/brandt-frobenius-fricke-joint-system	554c127e3727013d0698846eb2a88bde011c5efa	DASHI/Moonshine/P11Level2ArithmeticGeometryHighestAlphaRegression.agda	ae44656378419cc76ca9a3d2e06c4a8e87e871245fbf22423fc65ef59988d1c2
agent/brandt-frobenius-fricke-joint-system	554c127e3727013d0698846eb2a88bde011c5efa	DASHI/Moonshine/P11Level2DeckHeckeRigidityExact.agda	c64f7cf918e091d0c9db6bf191bb3716221574f3a3bb9be9df8994618e885b9a
agent/brandt-frobenius-fricke-joint-system	554c127e3727013d0698846eb2a88bde011c5efa	DASHI/Moonshine/P11Level2DoubleCosetHeckeBasisExact.agda	cbcf2f750ccc65cce1da9e51d90e0618d7ab17002ae14927c265587f88226d71
agent/brandt-frobenius-fricke-joint-system	554c127e3727013d0698846eb2a88bde011c5efa	DASHI/Moonshine/P11Level2T5QuaternionLoopFalsifierExact.agda	473ae8793e20519637858d34fb167051124d297023071492d262adac0d67df6d
agent/brandt-frobenius-fricke-joint-system	554c127e3727013d0698846eb2a88bde011c5efa	DASHI/Moonshine/P11MarkedFrobeniusQuotientDefectExact.agda	14d0c394b74eec6b22004112e61d064ac9399c6124b270b371a69a594ebf1af4
agent/brandt-frobenius-fricke-joint-system	554c127e3727013d0698846eb2a88bde011c5efa	DASHI/Moonshine/P11MarkedQuaternionHeckeHighestAlphaRegression.agda	60adf71056feca69d4bfcf64c734b9faf88aab6a1b61b728805c73bc691cde73
agent/brandt-frobenius-fricke-joint-system	554c127e3727013d0698846eb2a88bde011c5efa	DASHI/Moonshine/P11MarkedQuaternionThetaExact.agda	7a8bc0432da2b992a38663985affd57b3c3f7f497af599aaebbd413ec1269e0e
agent/brandt-frobenius-fricke-joint-system	554c127e3727013d0698846eb2a88bde011c5efa	DASHI/Moonshine/P11MarkedRefinedThetaCrossCheckExact.agda	ad28dbcebc71c84f9de86503eeda547322e055b46499fc68f70701d59d7f4341
agent/brandt-frobenius-fricke-joint-system	554c127e3727013d0698846eb2a88bde011c5efa	DASHI/Moonshine/P11MarkedThetaBoundedCompletenessExact.agda	923332fdeabe1230472b48e691cbb2b2b4bda0262e0945c0677caf083dcc01d7
agent/brandt-frobenius-fricke-joint-system	554c127e3727013d0698846eb2a88bde011c5efa	DASHI/Moonshine/P11MarkedX2C3CharacterWeldExact.agda	19724fe77019f34cd680e83ec9cca2b250a0c49153fa8d176afb31dbf35a2e45
agent/brandt-frobenius-fricke-joint-system	554c127e3727013d0698846eb2a88bde011c5efa	DASHI/Moonshine/P11MarkedX2FrobeniusFrickeExact.agda	af1c7fd595cfc97491729c668b25f978dd2a71eb15cbf09a1b34697c203fd07c
agent/brandt-frobenius-fricke-joint-system	554c127e3727013d0698846eb2a88bde011c5efa	DASHI/Moonshine/P11MarkedX2HeckeAlgebraExact.agda	d02e2f8458f04a636c4d9cc663113f7630e1778a90b7b002f498f7e00d50b83e
agent/brandt-frobenius-fricke-joint-system	554c127e3727013d0698846eb2a88bde011c5efa	DASHI/Moonshine/P11MarkedX2HeckeReconstructionExact.agda	1cf3fd13f86520e746ec1f5f32450cfb01c06e97a610d39914b6063aff135a30
agent/brandt-frobenius-fricke-joint-system	554c127e3727013d0698846eb2a88bde011c5efa	DASHI/Moonshine/P11MarkedX2PrimeSquareNeighboursExact.agda	813e2dd3a928900d78ee5f986922e0bc5288e6e69f4cda529c888d1f9ace6b2b
agent/brandt-frobenius-fricke-joint-system	554c127e3727013d0698846eb2a88bde011c5efa	DASHI/Moonshine/P11MarkedX2S3HeckeDecompositionExact.agda	59436ae2be505c421d729989cbc72840cbe08ddb471519d0ff684830cfde69a7
agent/brandt-frobenius-fricke-joint-system	554c127e3727013d0698846eb2a88bde011c5efa	DASHI/Moonshine/P11MatchedDihedralLiftKernelFreedomExact.agda	879496ffc28a71024fcd8bb1fe8c0c9f07bef7bb2caf32e7f5bdf190e9bfab83
agent/brandt-frobenius-fricke-joint-system	554c127e3727013d0698846eb2a88bde011c5efa	DASHI/Moonshine/P11MatchedDihedralPositiveHeckeNoGoExact.agda	dbb5dbbcdd5350c32f0dcb9d4d2623c63750d740ad85637cb7e00ec076ca7fb8
agent/brandt-frobenius-fricke-joint-system	554c127e3727013d0698846eb2a88bde011c5efa	DASHI/Moonshine/P11MatchedDihedralSixSectorBasisExact.agda	a70215448c6b12ddcd2db650192b00b7674784350cd2419127b057aafd86fba1
agent/brandt-frobenius-fricke-joint-system	554c127e3727013d0698846eb2a88bde011c5efa	DASHI/Moonshine/P11MatchedDihedralSplitLiftNoGoExact.agda	ac424fbee684051188512cef5418b4db81344632b3bfb8b3737a65a65a1029dd
agent/brandt-frobenius-fricke-joint-system	554c127e3727013d0698846eb2a88bde011c5efa	DASHI/Moonshine/P11MatchedDihedralUnitalHeckeCompletionExact.agda	731c5b1c8e023a0d083d2d030629a554bc09c07a4db068bc65ca9d1c521590ed
agent/brandt-frobenius-fricke-joint-system	554c127e3727013d0698846eb2a88bde011c5efa	DASHI/Moonshine/P11P37HeckeFrobeniusJointSpectrumExact.agda	23d64acf8d5d0bc5c9edf616b10fd67478a3beef9c07e59524b6adc384787535
agent/brandt-frobenius-fricke-joint-system	554c127e3727013d0698846eb2a88bde011c5efa	DASHI/Moonshine/P11Phi3Phi5IndependentBrandtExact.agda	1b8fdfd679739d91e0438d1cbf0fdafbb5b8091686ef2413a84684e1f32ccbf5
agent/brandt-frobenius-fricke-joint-system	554c127e3727013d0698846eb2a88bde011c5efa	DASHI/Moonshine/P11Phi4CyclicVsFullHeckeExact.agda	eba002b000926f9eca676219238922aaeda9ea246bbd7f7acf2f95becb464e59
agent/brandt-frobenius-fricke-joint-system	554c127e3727013d0698846eb2a88bde011c5efa	DASHI/Moonshine/P11PositiveBrandtNeighbourSystemsExact.agda	985095a55dfc213fe498e09cd1b6b046bc7ca18de411c96ffdf26c28a56f2cf6
agent/brandt-frobenius-fricke-joint-system	554c127e3727013d0698846eb2a88bde011c5efa	DASHI/Moonshine/P11PositiveGeometryHighestAlphaRegression.agda	71d9fd5820f5cd8c4ecdcbd394dbe5588335022ba646d6a011054f8b14ec76a2
agent/brandt-frobenius-fricke-joint-system	554c127e3727013d0698846eb2a88bde011c5efa	DASHI/Moonshine/P11PositiveHeckeSquarePathCountsExact.agda	6ca771d0dc174cecfb91a692a065ed9d038fbda4dbe4e5d1e7636a4d47c3edff
agent/brandt-frobenius-fricke-joint-system	554c127e3727013d0698846eb2a88bde011c5efa	DASHI/Moonshine/P11SixSectorSymmetricSchreierNoGoExact.agda	a4cdc82b5e907ab7c75aaaeaa31f90e199019212b72985b90735686d6dccee8d
agent/brandt-frobenius-fricke-joint-system	554c127e3727013d0698846eb2a88bde011c5efa	DASHI/Moonshine/P11SupersingularLegendreLevel2ChartExact.agda	1a37f2033c00f23f9d017706135bb43862489b80f3d1f0fb602d386aea07e888
agent/brandt-frobenius-fricke-joint-system	554c127e3727013d0698846eb2a88bde011c5efa	DASHI/Moonshine/P11T2TernarySlotCharacterNoGoExact.agda	1e8495c09010200357bfe0518a306184e8b4f929a1c7e945fcf1c0c1e4cbb384
agent/brandt-frobenius-fricke-joint-system	554c127e3727013d0698846eb2a88bde011c5efa	DASHI/Moonshine/P11TwoIsogenyFrobeniusNormalFormBridgeExact.agda	4b5273bb3cce40e888ed6e02720a3545afe0cef240b1d5a9a8273cad9b1d14bc
agent/brandt-frobenius-fricke-joint-system	554c127e3727013d0698846eb2a88bde011c5efa	DASHI/Moonshine/P11VoightLeftOrderDiscriminantDerivedExact.agda	33f49d3543cebf8f02b41163b085833faf7a05bfca1e0de252aaab754efd9701
agent/brandt-frobenius-fricke-joint-system	554c127e3727013d0698846eb2a88bde011c5efa	DASHI/Moonshine/P11VoightNonprincipalLeftOrderExact.agda	37073325e9e6814161d3d542322657295207f80a310ac07d2c87e9fd8706e0dd
agent/brandt-frobenius-fricke-joint-system	554c127e3727013d0698846eb2a88bde011c5efa	DASHI/Moonshine/P13OggOneClassHeckeControlExact.agda	62cd798624979f596f6866b9654bcbc6cb4c93d4ae82025ca78e8a686c4ce042
agent/brandt-frobenius-fricke-joint-system	554c127e3727013d0698846eb2a88bde011c5efa	DASHI/Moonshine/P37JointHeckeAlgebraExact.agda	4e22997f6bba95896f3ea38704b0e1b85c4c7a00734a3d9055eef897b097cc49
agent/brandt-frobenius-fricke-joint-system	554c127e3727013d0698846eb2a88bde011c5efa	DASHI/Moonshine/P37MarkedLegendreT3T5Exact.agda	fc94f7b07ce6a9b9cddc0c91a5c45b4f833797fb33f1054f85973e2f285f37a4
agent/brandt-frobenius-fricke-joint-system	554c127e3727013d0698846eb2a88bde011c5efa	DASHI/Moonshine/P37MarkedX2DeckOrbitalHeckeExact.agda	36794364102542d858db0370287fc4278d8833caf886a7d211ea9c58080d4093
agent/brandt-frobenius-fricke-joint-system	554c127e3727013d0698846eb2a88bde011c5efa	DASHI/Moonshine/P37MarkedX2DeckOrbitalPermutationExact.agda	99bcf31558e30d9b7c7239d05256ce3180e2f05bdbdcc3a7ef5d04fc91e0ccdc
agent/brandt-frobenius-fricke-joint-system	554c127e3727013d0698846eb2a88bde011c5efa	DASHI/Moonshine/P37MarkedX2DeckTorsorExact.agda	a2eaacc3566117b74ea843a1677a7fd54c91383db2e8866b3e116e7577704f6f
agent/brandt-frobenius-fricke-joint-system	554c127e3727013d0698846eb2a88bde011c5efa	DASHI/Moonshine/P37MarkedX2FrobeniusFrickeExact.agda	794e1aea9ad49bf9fc91fc5521fb05259a42489705133d76fc8fe49efa3bf7a7
agent/brandt-frobenius-fricke-joint-system	554c127e3727013d0698846eb2a88bde011c5efa	DASHI/Moonshine/P37MarkedX2HeckeFrobeniusFrickeExact.agda	1b11d1c6ab3069c280b79034806e4f2272f0e5f1bdaf4457d4fe002bdbd19d6d
agent/brandt-frobenius-fricke-joint-system	554c127e3727013d0698846eb2a88bde011c5efa	DASHI/Moonshine/P37NonOggFullLevel2DeuringControlExact.agda	8fd777f3f62d5ce5fa85ef0bf3281c376629033287d2dc9605cc35dcaf693ee4
agent/brandt-frobenius-fricke-joint-system	554c127e3727013d0698846eb2a88bde011c5efa	DASHI/Moonshine/P37NonOggPositiveHeckeControlExact.agda	368079b060d903265703c114f04e0755240c94efd587ad2c3cbd6f3e7151bc29
agent/brandt-frobenius-fricke-joint-system	554c127e3727013d0698846eb2a88bde011c5efa	DASHI/Moonshine/P37NonOggPositivePrimeSquareNeighboursExact.agda	f00961c162b6753f7b27d70b0f5d42e8056679fb8049fd598d1244b31609add4
agent/brandt-frobenius-fricke-joint-system	554c127e3727013d0698846eb2a88bde011c5efa	DASHI/Moonshine/P37SageSupersingularFrobeniusExact.agda	ffb7e68557b2d3b01be91bd0970d1f21fa95b8883849a4aa39fa51c9828bab9b
agent/brandt-frobenius-fricke-joint-system	554c127e3727013d0698846eb2a88bde011c5efa	DASHI/Moonshine/P37SourceForcedT3T5HeckeExact.agda	a677a4b30f5319d0cf517d9c548b1a3a9b85627e5a9c1f4c6ff24ec3ad8de28c
agent/brandt-frobenius-fricke-joint-system	554c127e3727013d0698846eb2a88bde011c5efa	DASHI/Moonshine/PositiveFiniteNeighbourSystemExact.agda	bab85f70367624a57902711d1cad5cad20ec66f14acd986a5c1c78cd3783b213
agent/brandt-frobenius-fricke-joint-system	554c127e3727013d0698846eb2a88bde011c5efa	DASHI/Moonshine/PositiveNeighbourQuotientDescentExact.agda	b68f0eb51c3ce622da3ee0f0e50ef8838407eb1869f27c8e3a4efa2c4186b97f
agent/brandt-frobenius-fricke-joint-system	554c127e3727013d0698846eb2a88bde011c5efa	DASHI/Moonshine/PositiveSchreierNeighbourSystemExact.agda	70fd71c01212a465be932317cd15487c71112d2b0e0e131be4e87859ae1271b8
agent/brandt-frobenius-fricke-joint-system	554c127e3727013d0698846eb2a88bde011c5efa	DASHI/Moonshine/PrimeRegularHeckeLocalGeometryExact.agda	9b8281b02b136953091b48593f64d01fc99d104b109e407679384cca1991175e
agent/brandt-frobenius-fricke-joint-system	554c127e3727013d0698846eb2a88bde011c5efa	DASHI/Moonshine/SO3WeightMatchedDihedralQuotientExact.agda	829cf99b8001f49d50de2edc3d0e7408be836419876c2b181ef84cde670a67e2
agent/child-authority-trauma-hyperfabric	9da282cc909ef313524ed9081f853bb2bb0dbb9b	DASHI/Reasoning/RelationalEverything.agda	67182da5c58b181a0c72bf124c0c015ead76f6d766b2a80128e1ba7de7635354
agent/contested-ambient-authority-pnf	2776047f1d1a117155cfd63d5e364387bd99b49b	DASHI/Governance/ContestedAmbientAuthorityHyperformalismExact.agda	5b4b690da887e0126c7e07d3cec22c9719cae6cb1ae183f2720ac1c0739496a5
agent/contested-ambient-authority-pnf	2776047f1d1a117155cfd63d5e364387bd99b49b	DASHI/Governance/ContestedAmbientAuthorityRegression.agda	a1bf7714bb5c60cd1b6d0fd43cd0e3dd7e2e295e281f1456b3a928fc5edc4932
agent/contested-ambient-authority-pnf	2776047f1d1a117155cfd63d5e364387bd99b49b	DASHI/Governance/ContestedJurisdictionPermissionExact.agda	df8269fdf056497debab43609246784e093c2094bb0d686b14c73fc61cb1d43a
agent/contested-ambient-authority-pnf	2776047f1d1a117155cfd63d5e364387bd99b49b	DASHI/Governance/EpistemicCaptureProfessionalClosureExact.agda	33b10eb632cd02b0cc7491fe56e742aad203674bb3d3f7e6e659b1b00bced948
agent/contested-ambient-authority-pnf	2776047f1d1a117155cfd63d5e364387bd99b49b	DASHI/Governance/EpistemicErrorAllocationChillingBridgeExact.agda	4316d128c4d7001970c88576e415b37d2c5aef731d09d8eed4d1c6e9d0a1e0f1
agent/contested-ambient-authority-pnf	2776047f1d1a117155cfd63d5e364387bd99b49b	DASHI/Governance/FibrewiseInstitutionalPowerEverything.agda	7d4ef81ee9cd7ea1a9eac91f5ed61fcc760d36666b5c71cf181001b91f41cdd9
agent/contested-ambient-authority-pnf	2776047f1d1a117155cfd63d5e364387bd99b49b	DASHI/Governance/HyperformalNonFactorabilityTransportExact.agda	811a4f97a246374660242ccae9d2ce3ca0190c74328eda17ee65e4391adbe17c
agent/contested-ambient-authority-pnf	2776047f1d1a117155cfd63d5e364387bd99b49b	DASHI/Governance/HyperformalTernaryCarrierEquivalenceExact.agda	6ee1d01b9e8f1d0e578aa6bee28168c4f8bd1efb5658d7d8f0d14a83d18e58f7
agent/contested-ambient-authority-pnf	2776047f1d1a117155cfd63d5e364387bd99b49b	DASHI/Governance/InstitutionPreservingRechartAntiSublationExact.agda	c7d263aa6e50369c453a8995911adbb1d5f262621cbfeb817c1048c2e3e2fba6
agent/contested-ambient-authority-pnf	2776047f1d1a117155cfd63d5e364387bd99b49b	DASHI/Governance/InstitutionalNoticeActuationCulpabilityExact.agda	9c8a5b893ed5201162d7593af2843b4bde57ca1c3cbf34d8ff9dcd1000a3c5f2
agent/contested-ambient-authority-pnf	2776047f1d1a117155cfd63d5e364387bd99b49b	DASHI/Governance/InstitutionalVerificationFibreRequiredAxisExact.agda	74be1c2780845d7c28580c69ded18002684c7615683cdf4845fd436d12ed1922
agent/contested-ambient-authority-pnf	2776047f1d1a117155cfd63d5e364387bd99b49b	DASHI/Governance/LegalArgumentRequiredAxis369BridgeExact.agda	698a8b7ec3b42c776131c054d0b905d3d6ef4ebc59e40f0a217579aff91de8e2
agent/contested-ambient-authority-pnf	2776047f1d1a117155cfd63d5e364387bd99b49b	DASHI/Governance/OppositionInterfaceAntiDomesticationExact.agda	762f00171c4e3bc0ae9a1764d77c06d0c8264d3ce6874972b95644ccf4a368d1
agent/contested-ambient-authority-pnf	2776047f1d1a117155cfd63d5e364387bd99b49b	DASHI/Governance/PeaceJusticeResidualNonFactorabilityExact.agda	07bff23e44f91d63a5390eb820e5ba52d09509836ceed85bcdfa992f4d32615e
agent/cross-ontology-contradiction-attribution	cb4d5e3ade908d0f1aeeed50f160f8a276889272	DASHI/Interop/WikidataDerivationSupportSquareExact.agda	b10eccde499ec7835e81bb6170f015b03f2281646701002be53db1b10ffdc8cb
agent/cross-ontology-contradiction-attribution	cb4d5e3ade908d0f1aeeed50f160f8a276889272	DASHI/Ontology/BFOContinuantOccurrentWikidataAttributionExact.agda	750d947d52526b8a414524d8411ba517faee331f6cc19f211e524f8c05e05b1d
agent/cross-ontology-contradiction-attribution	cb4d5e3ade908d0f1aeeed50f160f8a276889272	DASHI/Ontology/LeanWikidataLatestEpistemicConformanceBridge.agda	dc8f9cbf2ed6b5664515ab2b1c3551ce5507a5712e43b1683eb28b70b7ad1453
agent/crypto-blue-team-adversary-closure-round16	c54acbc402a37e66760858b7fd6dda32690fc87a	DASHI/Cognition/PNF/WikidataRepairProposal.agda	1e94f25dae4349199d1fd335cc63ed0587656df5b5b8771178c601d70a44b85c
agent/crypto-ntt-prior-observation-cost-round17	346b680f5a268e78cdf52b88bee37072017bb1c6	DASHI/Cognition/PNF/WikidataRepairProposal.agda	1e94f25dae4349199d1fd335cc63ed0587656df5b5b8771178c601d70a44b85c
agent/decision-controlled-dynamics-convergence	5dbbcd0b73ec23dac11532fe0d6e83bb8145f0b3	DASHI/Biology/AllostaticBodyStateExact.agda	d0af9cb15f130ec67ff86c3aad9dd76bed81065e9b72efe90e08a5019b4e550c
agent/decision-controlled-dynamics-convergence	5dbbcd0b73ec23dac11532fe0d6e83bb8145f0b3	DASHI/Biology/EmbodiedInteroceptionSourceRegistry.agda	1dcaeeca60c854a8d1664f5de41470241e49e848a846f5c03d1967b04424a008
agent/decision-controlled-dynamics-convergence	5dbbcd0b73ec23dac11532fe0d6e83bb8145f0b3	DASHI/Biology/EmbodiedOptionConeInteroceptionExact.agda	edc749a8f4986a62c3c44df7c27ff9c5ef42c333afa8e4f4d98c8d598e0a29e0
agent/decision-controlled-dynamics-convergence	5dbbcd0b73ec23dac11532fe0d6e83bb8145f0b3	DASHI/Biology/InteroceptiveRefreshCalibrationExact.agda	d1ade0c923b04f7bea110b136611b9e1aa653a75616f840f3fc6a54651c07fa5
agent/decision-controlled-dynamics-convergence	5dbbcd0b73ec23dac11532fe0d6e83bb8145f0b3	DASHI/Biology/Levin/CrossFrequencyEffectiveTopologyExact.agda	0fbc11661b36ded03d5d9094ca70b685ff2e80b88be205559a043056a521bd82
agent/decision-controlled-dynamics-convergence	5dbbcd0b73ec23dac11532fe0d6e83bb8145f0b3	DASHI/Biology/Levin/MillerTravelingWaveAccessProducerExact.agda	d7399458814cb0fd6dffc9ab79d255a9168e63b8ab3477fb4c7cd27c30d06e83
agent/decision-controlled-dynamics-convergence	5dbbcd0b73ec23dac11532fe0d6e83bb8145f0b3	DASHI/Biology/Levin/MixedSelectivityWaveAccessExact.agda	95fc83a762340647a3a5ee9916e69d277e9a29bc5cb3f1bd7d4f3188b5a014fc
agent/decision-controlled-dynamics-convergence	5dbbcd0b73ec23dac11532fe0d6e83bb8145f0b3	DASHI/Biology/Levin/WaveInterferenceRecruitmentExact.agda	5e7048426310c19585a460dd16e002b6a9f4cc05a4b33896c66196251cc2c22a
agent/decision-controlled-dynamics-convergence	5dbbcd0b73ec23dac11532fe0d6e83bb8145f0b3	DASHI/Biology/NeuralDecisionProducerBridgeExact.agda	cd5ef08204d2b919e73183c15c54b3f9c78fdda9275cf9a36e8277fa7ad843d2
agent/decision-controlled-dynamics-convergence	5dbbcd0b73ec23dac11532fe0d6e83bb8145f0b3	DASHI/Biology/TraumaWaveAccessAttractorBridgeExact.agda	8ff4cea7ac3fb47c546735a7c5fd92032b539a501d35c8a58ae11232b2741f44
agent/decision-controlled-dynamics-convergence	5dbbcd0b73ec23dac11532fe0d6e83bb8145f0b3	DASHI/Biology/WaveAccessPNFEverything.agda	a49d250eb666cc701d4559133fd8249342801a9a9a01401dde8cbfd9466d0fa5
agent/decision-controlled-dynamics-convergence	5dbbcd0b73ec23dac11532fe0d6e83bb8145f0b3	DASHI/Biology/WaveControlledCoalitionBridgeExact.agda	f29642b5d83623a89d2801be405712873586ac52c45db1f736dbb6f16c1f1ec6
agent/decision-controlled-dynamics-convergence	5dbbcd0b73ec23dac11532fe0d6e83bb8145f0b3	DASHI/Cognition/PNF/AccessActuationOrthogonalityExact.agda	8e709b38658e4cbef1755218260e3ab6e26e217d93ef9d132babb4c9c0fb2919
agent/decision-controlled-dynamics-convergence	5dbbcd0b73ec23dac11532fe0d6e83bb8145f0b3	DASHI/Cognition/PNF/AccessibleCandidateReasoningPipelineExact.agda	8ac1be7f09b28b652c5c7b54301bd423e2ecf35fe93b7f3c4071c01a2d4be284
agent/decision-controlled-dynamics-convergence	5dbbcd0b73ec23dac11532fe0d6e83bb8145f0b3	DASHI/Cognition/PNF/ActiveInferenceFibreBoundaryExact.agda	2c272537df255d58c8ded160fbea608b026cc26c4ab0f981bc1d632435a5543d
agent/decision-controlled-dynamics-convergence	5dbbcd0b73ec23dac11532fe0d6e83bb8145f0b3	DASHI/Cognition/PNF/AttentionValueActuationSeparationExact.agda	8702a47e67176d2d3ebd17ab0335a4893e48d7dd8eaf6cc06cae294c4d635061
agent/decision-controlled-dynamics-convergence	5dbbcd0b73ec23dac11532fe0d6e83bb8145f0b3	DASHI/Cognition/PNF/BoundedEvidenceCommitmentExact.agda	fb5ccac4895a79cd84d66a027807a9dce9d189b6772b5908d605756c1e8a84b0
agent/decision-controlled-dynamics-convergence	5dbbcd0b73ec23dac11532fe0d6e83bb8145f0b3	DASHI/Cognition/PNF/ConsiderationSetSelectionExact.agda	e5049c5bdfcd1de7de5c00673a021dd59e7c036c007e1a45d716781be94d23a4
agent/decision-controlled-dynamics-convergence	5dbbcd0b73ec23dac11532fe0d6e83bb8145f0b3	DASHI/Cognition/PNF/ContextWaveFibreSelectionExact.agda	b4879d516e793182b0622f0f3508a3df9bc536b7f83d9fc7ddcd6dbd6cf9f823
agent/decision-controlled-dynamics-convergence	5dbbcd0b73ec23dac11532fe0d6e83bb8145f0b3	DASHI/Cognition/PNF/ContextualDecisionSubspaceExact.agda	2ffa0a0efc0570b471024d54d28c63ff10cd3b81b2b7dc25591da30ad32c56c7
agent/decision-controlled-dynamics-convergence	5dbbcd0b73ec23dac11532fe0d6e83bb8145f0b3	DASHI/Cognition/PNF/ControlledDecisionDynamicalSystemExact.agda	a6f3ebb112073c2a07a19cdbe4b497beef9a5d279ec5ad67f8b6c3bc6f78d91f
agent/decision-controlled-dynamics-convergence	5dbbcd0b73ec23dac11532fe0d6e83bb8145f0b3	DASHI/Cognition/PNF/ControlledDecisionDynamicsRegression.agda	b9ca7275b03d7db2f99160ce771854234822a3a79c09a36e70b871f4b90bb908
agent/decision-controlled-dynamics-convergence	5dbbcd0b73ec23dac11532fe0d6e83bb8145f0b3	DASHI/Cognition/PNF/ControlledDecisionHyperformalismExact.agda	2ce429a32df164f7e7dc7730ae5f2861538129398d849cee7899aef75989fd4f
agent/decision-controlled-dynamics-convergence	5dbbcd0b73ec23dac11532fe0d6e83bb8145f0b3	DASHI/Cognition/PNF/ControlledDecisionStateExact.agda	837cbf8768797280c32e7f31a2d8d391e2910444103fe404d137ec3a150b6937
agent/decision-controlled-dynamics-convergence	5dbbcd0b73ec23dac11532fe0d6e83bb8145f0b3	DASHI/Cognition/PNF/DecisionActionFibreMultiplicityExact.agda	6837a9504fa620108153c5a5509d15581e694c7da89134914df2bbb93c4bff1d
agent/decision-controlled-dynamics-convergence	5dbbcd0b73ec23dac11532fe0d6e83bb8145f0b3	DASHI/Cognition/PNF/DecisionActionProjectionNonFactorabilityExact.agda	5c06ff3ec2ffe46a0e9fd8665c93c5cc5fcc6c4d568b3c806b7815342d89bcee
agent/decision-controlled-dynamics-convergence	5dbbcd0b73ec23dac11532fe0d6e83bb8145f0b3	DASHI/Cognition/PNF/DecisionAutonomyExact.agda	0251b3f786e443aa58cb28211dcc151adc51df2dce40980a1783d5821f60fe09
agent/decision-controlled-dynamics-convergence	5dbbcd0b73ec23dac11532fe0d6e83bb8145f0b3	DASHI/Cognition/PNF/DecisionConfidenceNoncollapseExact.agda	852e30c574acba62828f396136c183e2279ef96c17874a56ef3aa50ec29c7225
agent/decision-controlled-dynamics-convergence	5dbbcd0b73ec23dac11532fe0d6e83bb8145f0b3	DASHI/Cognition/PNF/DecisionConflictAuditSeparationExact.agda	6a80f2cbdd052e8f54ad883358bf426da9dc4648d872828cc38996c54ea3c4eb
agent/decision-controlled-dynamics-convergence	5dbbcd0b73ec23dac11532fe0d6e83bb8145f0b3	DASHI/Cognition/PNF/DecisionFibrePotentialHyperformalismExact.agda	e295d4df3ac169c95a9e8281d3ad50f4346f7bad50ac1fbfed8dba1b3e669036
agent/decision-controlled-dynamics-convergence	5dbbcd0b73ec23dac11532fe0d6e83bb8145f0b3	DASHI/Cognition/PNF/DecisionFibrePotentialRegression.agda	42d7c2c92a4f24682ccb5fa4022237b1da38d68c38a4ced639bc9dd9887104c3
agent/decision-controlled-dynamics-convergence	5dbbcd0b73ec23dac11532fe0d6e83bb8145f0b3	DASHI/Cognition/PNF/DecisionLandscapeFluxExact.agda	43c15297d9a04be586c514c58dfd7ccd3b2cecd88cb2e02d84e5090fc54684fd
agent/decision-controlled-dynamics-convergence	5dbbcd0b73ec23dac11532fe0d6e83bb8145f0b3	DASHI/Cognition/PNF/DecisionOutcomeLearningFeedbackExact.agda	2ac39f0f7e61152052331e6064b5cae4d1cd217919b0be0ffdee549951db1dca
agent/decision-controlled-dynamics-convergence	5dbbcd0b73ec23dac11532fe0d6e83bb8145f0b3	DASHI/Cognition/PNF/DecisionPotentialFibreExact.agda	d77a38ea0dd30ebf3714e0bd83aba7389b38ffe940c643f68fa4c312a7cf2cde
agent/decision-controlled-dynamics-convergence	5dbbcd0b73ec23dac11532fe0d6e83bb8145f0b3	DASHI/Cognition/PNF/DecisionPotentialSourceRegistry.agda	fcb5002dd43242080b02d217c7941de686ee71511cc244ad8cd18224e01d3b5f
agent/decision-controlled-dynamics-convergence	5dbbcd0b73ec23dac11532fe0d6e83bb8145f0b3	DASHI/Cognition/PNF/DecisionStateBundleDynamicsExact.agda	40171f3d59af221c3ae0bf95f0007132e014d9bee826a2f84bcb7fdd095450f4
agent/decision-controlled-dynamics-convergence	5dbbcd0b73ec23dac11532fe0d6e83bb8145f0b3	DASHI/Cognition/PNF/DecisionStateBundleExact.agda	1ee00a49f74bf69356da79435436c200b341b4101dece069f64edb3584052967
agent/decision-controlled-dynamics-convergence	5dbbcd0b73ec23dac11532fe0d6e83bb8145f0b3	DASHI/Cognition/PNF/DynamicDecisionFieldCompetitionExact.agda	aff20f8272b222c626840c559a006b54ae8a7441fc3f24c087745a1ac4cc3f7e
agent/decision-controlled-dynamics-convergence	5dbbcd0b73ec23dac11532fe0d6e83bb8145f0b3	DASHI/Cognition/PNF/EmbodiedDecisionControlBridgeExact.agda	a0cf8e9ee92e88a99fcd977be92f0b37b1384909b87f81ddca05cf8a0001c412
agent/decision-controlled-dynamics-convergence	5dbbcd0b73ec23dac11532fe0d6e83bb8145f0b3	DASHI/Cognition/PNF/FastAccessControlFieldExact.agda	28c7ed87bcb5ba96b8af055ecb377a1899f3564d888738924694fb2ab9631677
agent/decision-controlled-dynamics-convergence	5dbbcd0b73ec23dac11532fe0d6e83bb8145f0b3	DASHI/Cognition/PNF/FiniteExpectedDecisionPotentialExact.agda	cfdcd05d9265edcab3146e0147666414b3adba830c53d21d2f82baf13e56b303
agent/decision-controlled-dynamics-convergence	5dbbcd0b73ec23dac11532fe0d6e83bb8145f0b3	DASHI/Cognition/PNF/FiniteVariationalFreeEnergyExact.agda	85aeb31a64cd117fa2041321519c5b4e7ea7d2ce4fae0fd1cd920c0031c7928e
agent/decision-controlled-dynamics-convergence	5dbbcd0b73ec23dac11532fe0d6e83bb8145f0b3	DASHI/Cognition/PNF/GoNoGoActuationGateExact.agda	26bff0cc545a09e0d92c3770665a436b6229ec8973db75cbaf3ea4098f85140d
agent/decision-controlled-dynamics-convergence	5dbbcd0b73ec23dac11532fe0d6e83bb8145f0b3	DASHI/Cognition/PNF/LandscapeFluxOrderBridgeExact.agda	6d537a0d28f563d88d44e18d04483aab6cbd6a6a5eba750700e9403f8b2ea15c
agent/decision-controlled-dynamics-convergence	5dbbcd0b73ec23dac11532fe0d6e83bb8145f0b3	DASHI/Cognition/PNF/LearningUpdateMechanismSeparationExact.agda	594abc253f9d100cdfa2ca94f7736059ca5c5f12ce3d071e6721ac45f31d02ba
agent/decision-controlled-dynamics-convergence	5dbbcd0b73ec23dac11532fe0d6e83bb8145f0b3	DASHI/Cognition/PNF/MultiTimescaleAccessLearningExact.agda	61138d7fe8210b32559ed8714dcfa1c863f74006e0e1f4c37c57c3b4c681f318
agent/decision-controlled-dynamics-convergence	5dbbcd0b73ec23dac11532fe0d6e83bb8145f0b3	DASHI/Cognition/PNF/NeuromodulatedCommitmentThresholdExact.agda	018c3dc9c213328e8f02525bd33b3bf6a7a35db790e3b0b0a9336ce501f2637f
agent/decision-controlled-dynamics-convergence	5dbbcd0b73ec23dac11532fe0d6e83bb8145f0b3	DASHI/Cognition/PNF/NoncommutativeDecisionUpdateQQExact.agda	cbf27467f084b93700d3ec0ffc2b7a0c4bebdb60c3125059a4e3695f52523671
agent/decision-controlled-dynamics-convergence	5dbbcd0b73ec23dac11532fe0d6e83bb8145f0b3	DASHI/Cognition/PNF/PNFFastAccessMemoryLearningBridgeExact.agda	15538390d2cc84845ade9d76bbb2c09a93bbccae27e5ea6f5e8d3ef888710f1c
agent/decision-controlled-dynamics-convergence	5dbbcd0b73ec23dac11532fe0d6e83bb8145f0b3	DASHI/Cognition/PNF/PNFWaveAccessTraumaLearningRegression.agda	5dc46e88243cd958ea8f0d29ccba076002cd0445b403760d537501e0c0a94554
agent/decision-controlled-dynamics-convergence	5dbbcd0b73ec23dac11532fe0d6e83bb8145f0b3	DASHI/Cognition/PNF/QuantumDecisionInstrumentHierarchyExact.agda	8d3b4460d7a0aeec8b47148004c4f5665c3cc01b7ba3fdd747cd1cd4dbce8812
agent/decision-controlled-dynamics-convergence	5dbbcd0b73ec23dac11532fe0d6e83bb8145f0b3	DASHI/Cognition/PNF/UnifiedDecisionDynamicsExact.agda	1bd4df20fdb31446a069575fcb2fea9e9b53278852dd6ad2f8e249b4f755a256
agent/decision-controlled-dynamics-convergence	5dbbcd0b73ec23dac11532fe0d6e83bb8145f0b3	DASHI/Cognition/PNF/WaveAccessBraidOrderExact.agda	e1085da4dc4b1e8accd46bb569cab0d3cea2d6954793f17eb4f396982c60b75c
agent/decision-controlled-dynamics-convergence	5dbbcd0b73ec23dac11532fe0d6e83bb8145f0b3	DASHI/Core/FibreOrderNonfactorabilityExact.agda	1a0ec5dfa69106a433b5d89a05306a02a9142ddcd613363bfa2d415434d294a8
agent/decision-controlled-dynamics-convergence	5dbbcd0b73ec23dac11532fe0d6e83bb8145f0b3	DASHI/Core/NonFactorabilityCompositionExact.agda	9cf792829496c476adb9a181ca8fb2b8d1fb2e14adeb02dfca64d5c60a63a906
agent/decision-controlled-dynamics-convergence	5dbbcd0b73ec23dac11532fe0d6e83bb8145f0b3	DASHI/Governance/DecisionContestedAuthorityJusticeConvergenceExact.agda	72942a8224049532e2bd03fdffb04ca619bb0c53c5b481adb426db346237ca14
agent/decision-controlled-dynamics-convergence	5dbbcd0b73ec23dac11532fe0d6e83bb8145f0b3	DASHI/Governance/DecisionPotentialAuthorityOrthogonalityExact.agda	1318b717f7e14b849b0f2091b59e1879f43d1469616f0c2a3179299f9be5cf82
agent/decision-controlled-dynamics-convergence	5dbbcd0b73ec23dac11532fe0d6e83bb8145f0b3	DASHI/Governance/LegalDecisionCrossPollinationRegression.agda	51ad93d54a99a825fec20bca1d9b14bd4cd28f0e22ae66104c52d42d4ac647cc
agent/decision-controlled-dynamics-convergence	5dbbcd0b73ec23dac11532fe0d6e83bb8145f0b3	DASHI/Governance/LegalDecisionDoubleProjectionExact.agda	94c405d346c9561276ab9f7b7411c77e5a8e873361e5ae4f49730547bc295824
agent/decision-controlled-dynamics-convergence	5dbbcd0b73ec23dac11532fe0d6e83bb8145f0b3	DASHI/Governance/LegalDecisionFibreDynamicsExact.agda	9bee590e410628d8dbdf0219c5d249636c6a03bc26d5a722562b8ad7598d3c0f
agent/decision-controlled-dynamics-convergence	5dbbcd0b73ec23dac11532fe0d6e83bb8145f0b3	DASHI/Reasoning/AccessBiasFallacySeparationExact.agda	b821b2c514ebca140265cd6060175de1c98d96e8b110e8e77b9c68ed2609e5c4
agent/decision-controlled-dynamics-convergence	5dbbcd0b73ec23dac11532fe0d6e83bb8145f0b3	DASHI/Reasoning/Everything.agda	2edebfb1b216d0de9d5d74fd590d3574bb444f6e390c4e069c57f276238dcb7e
agent/decision-interoception-contested-convergence	fda6f84d6fd104b154f38256227b275a834566bb	DASHI/Biology/EmbodiedDecisionPhysiologyRegression.agda	ed037655a138b3727d8540ab8d9d46e5d6a299354a9681f3e13c487c9af66322
agent/early-years-empowerment-connectedness	ec01b2d5c8b22ccad24e8a7cf5124f868e5a60fc	DASHI/Ontology/WikidataWorkingGroupEverything.agda	8dcd3b279f2b4a534edd9a119de7e29a732d8cb23a1b910dd9af7a804ebbb22c
agent/early-years-empowerment-connectedness	ec01b2d5c8b22ccad24e8a7cf5124f868e5a60fc	DASHI/Ontology/WikidataWorkingGroupFullProvenanceEverything.agda	6c31b84ed6f3fabae492b9b60206408123caaf5b917d62737dcba455b98971ab
agent/early-years-empowerment-connectedness	ec01b2d5c8b22ccad24e8a7cf5124f868e5a60fc	DASHI/Ontology/WikidataWorkingGroupSourcePolicyExact.agda	7dc812f3b8425a7a3a4ab23c3f51ddf81da94ed2434c1061b82c72555d53c76d
agent/early-years-empowerment-connectedness-v2	dae416f801be89c4d61a6d3404a2792d193de0de	DASHI/Ontology/WikidataWorkingGroupEverything.agda	8dcd3b279f2b4a534edd9a119de7e29a732d8cb23a1b910dd9af7a804ebbb22c
agent/early-years-empowerment-connectedness-v2	dae416f801be89c4d61a6d3404a2792d193de0de	DASHI/Ontology/WikidataWorkingGroupFullProvenanceEverything.agda	54eaaf32e53ed6280291bc34c0b10c1feecc0212c5815c7f3f2a8283d1e4330a
agent/early-years-empowerment-connectedness-v2	dae416f801be89c4d61a6d3404a2792d193de0de	DASHI/Ontology/WikidataWorkingGroupSourcePolicyExact.agda	7dc812f3b8425a7a3a4ab23c3f51ddf81da94ed2434c1061b82c72555d53c76d
agent/evidence-polarity-cross-pollination	2dbbe3d460a5183956ff2bb60eaf95c61fa2a047	AntiFascistSystem.agda	06e6d5f959a8f9b48da3ea1ec397eb52bc3944bf3280fec170d84e38df10e95b
agent/evidence-polarity-cross-pollination	2dbbe3d460a5183956ff2bb60eaf95c61fa2a047	Base369.agda	8c4f38f982f5262407f63cdcc41581530678d54f544f53049d8a64d0c5dfe381
agent/evidence-polarity-cross-pollination	2dbbe3d460a5183956ff2bb60eaf95c61fa2a047	CRTJFixedPointBridge.agda	ef51429eb094f2fde8bcae6f9466c512e4551ff83445a3b472016720363f30d3
agent/evidence-polarity-cross-pollination	2dbbe3d460a5183956ff2bb60eaf95c61fa2a047	CRTPeriod.agda	8440f88b4a7eabb912ed98a161ce5b435099768362d83b35ade32b7c492e1843
agent/evidence-polarity-cross-pollination	2dbbe3d460a5183956ff2bb60eaf95c61fa2a047	Contraction.agda	2ac48ac31b501002642bacba234e3775d866511aa687ae163c10c64108ab930a
agent/evidence-polarity-cross-pollination	2dbbe3d460a5183956ff2bb60eaf95c61fa2a047	DASHI/Algebra/BalancedTernary.agda	952f6c55b7ebe4ce8f74c6f23586b149e547e0eb1ffb116dac18d64cda8df79d
agent/evidence-polarity-cross-pollination	2dbbe3d460a5183956ff2bb60eaf95c61fa2a047	DASHI/Algebra/BalancedTernaryOppositionEvidenceBridgeExact.agda	4bfd8888f3e469eba19ff0701571e96c1c2e0bf118917188fb9527bd47c53476
agent/evidence-polarity-cross-pollination	2dbbe3d460a5183956ff2bb60eaf95c61fa2a047	DASHI/Algebra/ClaimIndexedEvidencePolarityExact.agda	d9b37a85881489cf4f000847bfa7fb954dfdf4266799504b0b3ae29dcdfa177a
agent/evidence-polarity-cross-pollination	2dbbe3d460a5183956ff2bb60eaf95c61fa2a047	DASHI/Algebra/GaugeGroupContract.agda	5141a8da0490651c9aa18d76ebb06e377f79fae9669307663b72aaa0e9b329cd
agent/evidence-polarity-cross-pollination	2dbbe3d460a5183956ff2bb60eaf95c61fa2a047	DASHI/Algebra/TriadicDepthOneCharacters.agda	52f4c1c300a629bdabacd12cf1e30a0f63028c8dc30889119fd459a3aeed5d20
agent/evidence-polarity-cross-pollination	2dbbe3d460a5183956ff2bb60eaf95c61fa2a047	DASHI/Algebra/TriadicDepthTwoCyclotomicDFT.agda	3d8ff3c6170d0cd7c0faece69217989b9c1159f292dc6bccca8cdf00b0a3d897
agent/evidence-polarity-cross-pollination	2dbbe3d460a5183956ff2bb60eaf95c61fa2a047	DASHI/Algebra/TriadicDepthTwoDFTGroupBridge.agda	3f829e361863b4b7579a8bad8065dbd90f3149680b239d6be6eb9dec2c9d7a66
agent/evidence-polarity-cross-pollination	2dbbe3d460a5183956ff2bb60eaf95c61fa2a047	DASHI/Algebra/TriadicFiniteAffineAction.agda	155f341cf97d5f983cf0038848731a4931c531208c4d1764285fbb36b4acc317
agent/evidence-polarity-cross-pollination	2dbbe3d460a5183956ff2bb60eaf95c61fa2a047	DASHI/Algebra/TriadicFiniteArithmetic.agda	635c7db42971307bec6b959550a6466ca4891147b367e924748837ca1babb11f
agent/evidence-polarity-cross-pollination	2dbbe3d460a5183956ff2bb60eaf95c61fa2a047	DASHI/Algebra/TriadicFiniteArithmeticLaws.agda	e4b31480dd70b0cbf67b0fdb0b61b270efb0df8fcbd821a6c385c453fa8cdf15
agent/evidence-polarity-cross-pollination	2dbbe3d460a5183956ff2bb60eaf95c61fa2a047	DASHI/Algebra/TriadicFiniteIrrep.agda	2e7aa95cc7398a154fc5d0faa756346be90bfc7e9ef176de80366fb891ea8f69
agent/evidence-polarity-cross-pollination	2dbbe3d460a5183956ff2bb60eaf95c61fa2a047	DASHI/Algebra/Trit.agda	78d590a246673fee1f2d52c0c4ff692647b8928db59d6eb2e6ccf11dc29c611a
agent/evidence-polarity-cross-pollination	2dbbe3d460a5183956ff2bb60eaf95c61fa2a047	DASHI/Algebra/TritTriTruthBridge.agda	53a6cba17d3aaf40594201ee84eb5eb9e14fac53f891f49fa00cbdc5ff74b992
agent/evidence-polarity-cross-pollination	2dbbe3d460a5183956ff2bb60eaf95c61fa2a047	DASHI/Analysis/GlassesProjectionInvolutionExact.agda	7c3e26a7478339acf73bb2263a55e5e241d4bdf65d081f8f9d061bdcfbb12869
agent/evidence-polarity-cross-pollination	2dbbe3d460a5183956ff2bb60eaf95c61fa2a047	DASHI/Analysis/NormalizedFibreAveragingExact.agda	9ed97df0aaf047c5dcac59e82d67523d78d265258837441427b01c4a26fb5106
agent/evidence-polarity-cross-pollination	2dbbe3d460a5183956ff2bb60eaf95c61fa2a047	DASHI/Arithmetic/ActiveWallBounds.agda	7f7f640022290c15d128a3025839f3e63241821200af1bb7f5ab7480d834c93d
agent/evidence-polarity-cross-pollination	2dbbe3d460a5183956ff2bb60eaf95c61fa2a047	DASHI/Arithmetic/ActiveWallStructure.agda	7a157afdb1c9a4a5afbc5a5c04f7a920f43562ffae028be4037b538ac251a3fb
agent/evidence-polarity-cross-pollination	2dbbe3d460a5183956ff2bb60eaf95c61fa2a047	DASHI/Arithmetic/ArithmeticIntegerEmbedding.agda	11689da8559bd88a90a12afeaedf5cf6ea37f04780b75335c194d8a3c5b81561
agent/evidence-polarity-cross-pollination	2dbbe3d460a5183956ff2bb60eaf95c61fa2a047	DASHI/Arithmetic/ArithmeticIntegerEmbeddingBridge.agda	e10590240376dda4d9ed3877b277f17ac8cab277e30a055b88b3bda49720ab1f
agent/evidence-polarity-cross-pollination	2dbbe3d460a5183956ff2bb60eaf95c61fa2a047	DASHI/Arithmetic/ArithmeticPrimeProfileBridge.agda	38491d27f05ee78aff610f0b875261b319ef14d4b463f6a279efc7e6a8b747b4
agent/evidence-polarity-cross-pollination	2dbbe3d460a5183956ff2bb60eaf95c61fa2a047	DASHI/Arithmetic/CancellationPressureBound.agda	df2a36e71b6e6f55b663d3acd9d959533642653b1ab6389f2e57a17ba21df889
agent/evidence-polarity-cross-pollination	2dbbe3d460a5183956ff2bb60eaf95c61fa2a047	DASHI/Arithmetic/CancellationPressureCore.agda	44824474a7201d6af4c6dde8acdf8bc45b6312f1a15f5266d1a9378829db4029
agent/evidence-polarity-cross-pollination	2dbbe3d460a5183956ff2bb60eaf95c61fa2a047	DASHI/Arithmetic/CancellationPressureFromCanonical.agda	5895442daec3c0e96bce9b959aab6aedec693100f84ac8c76fbac3eaa2d41f42
agent/evidence-polarity-cross-pollination	2dbbe3d460a5183956ff2bb60eaf95c61fa2a047	DASHI/Arithmetic/CancellationPressureLyapunovBridge.agda	629df03ab6d9f6adcae0d078e4b080a97279490cdc3c8a2715219504c93d44e8
agent/evidence-polarity-cross-pollination	2dbbe3d460a5183956ff2bb60eaf95c61fa2a047	DASHI/Arithmetic/CancellationPressureMDL.agda	1039fa52f20f1133bbff3cf885f0aeddaa4aa250e61d59dfe5014be870e68cb3
agent/evidence-polarity-cross-pollination	2dbbe3d460a5183956ff2bb60eaf95c61fa2a047	DASHI/Arithmetic/CancellationPressureRefinement.agda	c9d8ff3d1ae1387fd03699476f8a81ea779e9f75fc7245ac08654a41d0b7f366
agent/evidence-polarity-cross-pollination	2dbbe3d460a5183956ff2bb60eaf95c61fa2a047	DASHI/Arithmetic/CanonicalResidueZero.agda	ab0dbd4bc9a5a1f83635c9d5dc04eecb155cc5b738420f8372cef5bf5edc1c08
agent/evidence-polarity-cross-pollination	2dbbe3d460a5183956ff2bb60eaf95c61fa2a047	DASHI/Arithmetic/CoprimeLayer.agda	3b8f0b6dcccb2754158ae8632049c923a4cbee0e20e3df80318d99cfaa4e2214
agent/evidence-polarity-cross-pollination	2dbbe3d460a5183956ff2bb60eaf95c61fa2a047	DASHI/Arithmetic/DeltaGrowth.agda	b88bbc21c6be9e9f52b77f031203697851c624ce7f7c2a9365f97499af32c371
agent/evidence-polarity-cross-pollination	2dbbe3d460a5183956ff2bb60eaf95c61fa2a047	DASHI/Arithmetic/DeltaInteraction.agda	21e198e448e4f45991b3d8e26e96ee01d0ee54207dbc151bd8ebf4973e5fd0ee
agent/evidence-polarity-cross-pollination	2dbbe3d460a5183956ff2bb60eaf95c61fa2a047	DASHI/Arithmetic/DeltaRarity.agda	354c0371b201ea23f35c6fdd5bfe2cae5766644411159e374beab069b756dea0
agent/evidence-polarity-cross-pollination	2dbbe3d460a5183956ff2bb60eaf95c61fa2a047	DASHI/Arithmetic/GlobalPressure.agda	2625abd767c5e54178a932ff92649efb09f19519269b6830b55135a2cf5b1201
agent/evidence-polarity-cross-pollination	2dbbe3d460a5183956ff2bb60eaf95c61fa2a047	DASHI/Arithmetic/KPrimeInteraction.agda	fe3c19688abd7f114ca2adade6bab31c55cda28f8720012eb6b94a3200e97da4
agent/evidence-polarity-cross-pollination	2dbbe3d460a5183956ff2bb60eaf95c61fa2a047	DASHI/Arithmetic/MaxPressure.agda	352a8d3b1747710f528ebb620797f711a94a2ba56806742a24354117dc44b97e
agent/evidence-polarity-cross-pollination	2dbbe3d460a5183956ff2bb60eaf95c61fa2a047	DASHI/Arithmetic/NatBoolEquality.agda	6fdc81cb42106186d8043c1613fc710ea7887134ae3e591cf7d60749f1150b7f
agent/evidence-polarity-cross-pollination	2dbbe3d460a5183956ff2bb60eaf95c61fa2a047	DASHI/Arithmetic/NormalizeAdd.agda	9f57343d642fbb5f95447e68a25d6125384360d06b3ac9a91fb10bd7f9019fc8
agent/evidence-polarity-cross-pollination	2dbbe3d460a5183956ff2bb60eaf95c61fa2a047	DASHI/Arithmetic/NormalizeAddState.agda	fe39b1e8963e0c54259e39034a89cad415d5fd91f4a6b4e38f9ef2954ac71b43
agent/evidence-polarity-cross-pollination	2dbbe3d460a5183956ff2bb60eaf95c61fa2a047	DASHI/Arithmetic/NormalizeAddSumPreservation.agda	b35c8dfe53c4367805af75f006e945f4c3110fc5d7b8ea4c39083c7b69877416
agent/evidence-polarity-cross-pollination	2dbbe3d460a5183956ff2bb60eaf95c61fa2a047	DASHI/Arithmetic/PrimeIndexedPressure.agda	8bceea5754cc76b6e475076021559db5514e7a89cc3848bee8921131df2cc97f
agent/evidence-polarity-cross-pollination	2dbbe3d460a5183956ff2bb60eaf95c61fa2a047	DASHI/Arithmetic/TrackedCoprimeTable.agda	ca611762f10bca406a4a54a43108f3314d3b426a84316d6294eac20c864d1f46
agent/evidence-polarity-cross-pollination	2dbbe3d460a5183956ff2bb60eaf95c61fa2a047	DASHI/Arithmetic/TrackedSupport.agda	0f16892954c76bd8a5c1ce54f8bccf2591af9e55e9f8781c0ec4b6836e0e7c81
agent/evidence-polarity-cross-pollination	2dbbe3d460a5183956ff2bb60eaf95c61fa2a047	DASHI/Arithmetic/ValuationLemmas.agda	0385caf161250c99802ab66dc3a8c02951c1bc25c8438a68ecd4296dad11a9fb
agent/evidence-polarity-cross-pollination	2dbbe3d460a5183956ff2bb60eaf95c61fa2a047	DASHI/Arithmetic/VpAddUnequal.agda	9875876563954fc3d2ea8c6ff3207ffb310390d36b75e64d839b3e3ff14255b6
agent/evidence-polarity-cross-pollination	2dbbe3d460a5183956ff2bb60eaf95c61fa2a047	DASHI/Arithmetic/VpDepth.agda	622fca79cbe263175ae130b9d562b6812d50e69f2500c1d36d9b2fae596d300f
agent/evidence-polarity-cross-pollination	2dbbe3d460a5183956ff2bb60eaf95c61fa2a047	DASHI/Arithmetic/WeightedPressure.agda	49007f55a41a17bce7459f97d689f54b4413bf4712f0221d28af4a306b1f4bda
agent/evidence-polarity-cross-pollination	2dbbe3d460a5183956ff2bb60eaf95c61fa2a047	DASHI/Arithmetic/WeightedValuationEnergy.agda	8fedb8835880da62ef2f7b6d665ba04f120934cd53af8d8ff1cd9f958af164c8
agent/evidence-polarity-cross-pollination	2dbbe3d460a5183956ff2bb60eaf95c61fa2a047	DASHI/Biology/AnimalSenseObservationThreadDischarge.agda	2fae9427d481221dd75efddfb321c1fa3ecd5942d6003ab57c648f9a9ac92e15
agent/evidence-polarity-cross-pollination	2dbbe3d460a5183956ff2bb60eaf95c61fa2a047	DASHI/Biology/AnimalexicAnimalUtteranceSurface.agda	4a9cca1f962537d46025f36d7f4324ef9baf3fea04bd04255cd5fd6bf0092f04
agent/evidence-polarity-cross-pollination	2dbbe3d460a5183956ff2bb60eaf95c61fa2a047	DASHI/Biology/AssociativeDivinationPNFExact.agda	9846b14bf250b05b4a59782eaef792b44e30ba98c7658a92f37ac6aabb963df9
agent/evidence-polarity-cross-pollination	2dbbe3d460a5183956ff2bb60eaf95c61fa2a047	DASHI/Biology/AvianCompassExamples.agda	01c873e5f847085736e9d0eff85ee94935562792d0a5631877096696f57962a8
agent/evidence-polarity-cross-pollination	2dbbe3d460a5183956ff2bb60eaf95c61fa2a047	DASHI/Biology/AvianCompassSurface.agda	2fb6adfa50b49ca767d76bd2498319414e3dc965d3d347f2d02238272af0a141
agent/evidence-polarity-cross-pollination	2dbbe3d460a5183956ff2bb60eaf95c61fa2a047	DASHI/Biology/BioactiveAuthorityBoundaryCore.agda	fc58fa8c67c75267d5de03820dbb3e78d7bff097d2efb61a4b6a1d37fa846228
agent/evidence-polarity-cross-pollination	2dbbe3d460a5183956ff2bb60eaf95c61fa2a047	DASHI/Biology/BioactiveMolecularRecognitionBridge.agda	7ed6404389e4ca76f49a81062898f6403d91d110b1598276ceb039bbac18e42d
agent/evidence-polarity-cross-pollination	2dbbe3d460a5183956ff2bb60eaf95c61fa2a047	DASHI/Biology/BodyKeepsScoreResidualBridge.agda	1fe0bae0a6e4d861e77279fd495911f2d4743d861a786a1b6654c26f78ab13a3
agent/evidence-polarity-cross-pollination	2dbbe3d460a5183956ff2bb60eaf95c61fa2a047	DASHI/Biology/BodyMemoryMeasurementProxyBoundary.agda	a7fe6bf7a3785020caf886cfc2823352acc7919c10dad3aa21751e063db0efe7
agent/evidence-polarity-cross-pollination	2dbbe3d460a5183956ff2bb60eaf95c61fa2a047	DASHI/Biology/BrainDNABodyMemoryBridge.agda	4ad8aebef584bc4b12dcdd10fe3038306cb13b333042f6628e83acf458b38d81
agent/evidence-polarity-cross-pollination	2dbbe3d460a5183956ff2bb60eaf95c61fa2a047	DASHI/Biology/BrainProxyEvidenceAuthorityBridgeExact.agda	bccb8cccf425ea1306ac04e7191d0fa10fa684354c3e587820b22b1ca1b860c5
agent/evidence-polarity-cross-pollination	2dbbe3d460a5183956ff2bb60eaf95c61fa2a047	DASHI/Biology/CrossSpeciesOntologyTranslationBridge.agda	c892d98c151d566bdf332b60da849cdb0926cc9b4d1a74eb9a8270863de3a315
agent/evidence-polarity-cross-pollination	2dbbe3d460a5183956ff2bb60eaf95c61fa2a047	DASHI/Biology/DASHIYijingTernaryDivinationExact.agda	543763da8a904dd0b5a6538e048f1c09085b8ef93b19e86081410a7908c3c5e2
agent/evidence-polarity-cross-pollination	2dbbe3d460a5183956ff2bb60eaf95c61fa2a047	DASHI/Biology/EducationCorpusSourceRegistry.agda	e69f9f4b733c03ce7d74997f30ed1083ef3084cf890ff653952c16fbe58f8b3e
agent/evidence-polarity-cross-pollination	2dbbe3d460a5183956ff2bb60eaf95c61fa2a047	DASHI/Biology/EvolvedSensoryTransport.agda	8dbece580504971181b26201c6e1d3c1cae87e1068d4b132a6a5d4ca054d35be
agent/evidence-polarity-cross-pollination	2dbbe3d460a5183956ff2bb60eaf95c61fa2a047	DASHI/Biology/FMRIConnectomeProxyGovernance.agda	c9fe808ff87c109bdaff6a23b8828c8a5d52ef1523fab6fcf98e67f60beb1aa4
agent/evidence-polarity-cross-pollination	2dbbe3d460a5183956ff2bb60eaf95c61fa2a047	DASHI/Biology/FunctionalConnectomeBodyMemoryBridge.agda	ec0ac95da2d7fe928c9471c708e991e4a85ab9ad96792aaee30a1c626d8eccb5
agent/evidence-polarity-cross-pollination	2dbbe3d460a5183956ff2bb60eaf95c61fa2a047	DASHI/Biology/GenomeSensorimotorConnectomeBridge.agda	d9074e07ba142f19fa5ca8bcf5188d9bad9035f36631f88a417538f47934dd99
agent/evidence-polarity-cross-pollination	2dbbe3d460a5183956ff2bb60eaf95c61fa2a047	DASHI/Biology/IndexedJExternalGluingExact.agda	077695b5f77fee68a39345b12d6ca38e757687199ca65e3d00437276e9b7710d
agent/evidence-polarity-cross-pollination	2dbbe3d460a5183956ff2bb60eaf95c61fa2a047	DASHI/Biology/IndexedJStratifiedMultiresolutionExact.agda	2f25f74cb6f13f86398bdd929ee9477dcf2864da7713a0ade7ba612cf63e2647
agent/evidence-polarity-cross-pollination	2dbbe3d460a5183956ff2bb60eaf95c61fa2a047	DASHI/Biology/IntersectionalClaimEvidenceFibreExact.agda	f9aa81725c8ce203b236e89bf1f51af04ab37b8c7a1741f4fc21848a23f85eee
agent/evidence-polarity-cross-pollination	2dbbe3d460a5183956ff2bb60eaf95c61fa2a047	DASHI/Biology/IntersectionalLongitudinalResidualDynamics.agda	0e91cf9c98ef75192b5d90d1952d927116945915cde79c38d9881c9b4334ba8e
agent/evidence-polarity-cross-pollination	2dbbe3d460a5183956ff2bb60eaf95c61fa2a047	DASHI/Biology/IteratedPointedAttachmentSpiralExact.agda	720883d58506d52d34d86719f66408a15993d31c250ac798db6126121ed6dfeb
agent/evidence-polarity-cross-pollination	2dbbe3d460a5183956ff2bb60eaf95c61fa2a047	DASHI/Biology/NeurochemicalAtomicChemistryBridge.agda	bfd22d9028ad75415341e60d97b4c79959d5276dcf0ecc443437207f1672d142
agent/evidence-polarity-cross-pollination	2dbbe3d460a5183956ff2bb60eaf95c61fa2a047	DASHI/Biology/NeurochemicalBrainCarrierBridge.agda	7ff72d546ad87971c8742044068236aded5469ea7b91ce4b439acd1121e1ce63
agent/evidence-polarity-cross-pollination	2dbbe3d460a5183956ff2bb60eaf95c61fa2a047	DASHI/Biology/NeurochemicalTransmissionBridge.agda	e8479f80c6a3d92008b01b74dc372649f6fd3571a3081b0bc78fef98783dbc6f
agent/evidence-polarity-cross-pollination	2dbbe3d460a5183956ff2bb60eaf95c61fa2a047	DASHI/Biology/NeurochemicalVocabularyReceipt.agda	80ab27ff227c1a5a3c845c96ca4e1e672b1a14a84e24c2f04d23aa1dd60c74da
agent/evidence-polarity-cross-pollination	2dbbe3d460a5183956ff2bb60eaf95c61fa2a047	DASHI/Biology/ParentAllyshipMultiObserverBridge.agda	958230f4f030786caf43a616abda06c362f37179189ad7085573b6d18b32df42
agent/evidence-polarity-cross-pollination	2dbbe3d460a5183956ff2bb60eaf95c61fa2a047	DASHI/Biology/PsychogeographicMemoryHyperfabricExact.agda	72e92d03618bc8e0f901fc4b5651d7ea7f6d7f32bfe79b6b0d45e8ecf80901e7
agent/evidence-polarity-cross-pollination	2dbbe3d460a5183956ff2bb60eaf95c61fa2a047	DASHI/Biology/ReachableSectorEntropyExact.agda	df0cc730ff6df8c715139ec3030cc26be1a689b7969aeae121e03c3c08e53105
agent/evidence-polarity-cross-pollination	2dbbe3d460a5183956ff2bb60eaf95c61fa2a047	DASHI/Biology/ReducedFiftyThreeFibreExact.agda	3d96a6cc26dd5f8619927fc0290567b4900b416fdc265277791ee721c76557f3
agent/evidence-polarity-cross-pollination	2dbbe3d460a5183956ff2bb60eaf95c61fa2a047	DASHI/Biology/RetinalPerturbationObservationBridge.agda	0e8390f68df3bc23f30d3e5a4e327a955d5c430a93d22e51960cf8f57e78a2e0
agent/evidence-polarity-cross-pollination	2dbbe3d460a5183956ff2bb60eaf95c61fa2a047	DASHI/Biology/SSP369JResolutionBifiltrationExact.agda	231a38a000deb3d0a4d8c4982d25b2e01135c7704c962024551e751633bff62e
agent/evidence-polarity-cross-pollination	2dbbe3d460a5183956ff2bb60eaf95c61fa2a047	DASHI/Biology/TernaryHypercubeHyperfabricExact.agda	91ed48e797b7a544509ac5687f349574ff3c7ab338bda5b3dcc162280203a8c9
agent/evidence-polarity-cross-pollination	2dbbe3d460a5183956ff2bb60eaf95c61fa2a047	DASHI/Biology/TernaryMonsterSymmetryCandidateExact.agda	3bc7a109780ed9f0b815ce455bdd83912833403f63b84d9ec0fbecf285d12051
agent/evidence-polarity-cross-pollination	2dbbe3d460a5183956ff2bb60eaf95c61fa2a047	DASHI/Biology/TraumaPsychogeographicMetricExact.agda	5ca3049901b81500c21d0d92767c89684c87f47cd162d334741d5e788395c41a
agent/evidence-polarity-cross-pollination	2dbbe3d460a5183956ff2bb60eaf95c61fa2a047	DASHI/Biology/TriadicKernelLiftQuotientExact.agda	bde6b337b5f8d101679d12e12aebe11cd81046f273f77f294d99a4dad38e16db
agent/evidence-polarity-cross-pollination	2dbbe3d460a5183956ff2bb60eaf95c61fa2a047	DASHI/Chemistry/EvidenceObligationAuthorityBridgeExact.agda	8bffb67fb94129ae9def79fcd3f1f8558f5ac9e4f5f5b33ffd86a900f28ed815
agent/evidence-polarity-cross-pollination	2dbbe3d460a5183956ff2bb60eaf95c61fa2a047	DASHI/Cognition/PNF/AggregateProjectionWorldCompletenessBoundaryExact.agda	6da097fe6c32d0da97aa73fe9cd56e5e2faf2f393c066873010e96db4b4ce0fe
agent/evidence-polarity-cross-pollination	2dbbe3d460a5183956ff2bb60eaf95c61fa2a047	DASHI/Cognition/PNF/BinaryBalancedTernaryAggregateLossExact.agda	5306d7ab668f202d0f30782ed123f78584d458f58381441e01b85b8cec77ffd1
agent/evidence-polarity-cross-pollination	2dbbe3d460a5183956ff2bb60eaf95c61fa2a047	DASHI/Cognition/PNF/BoundedExecutionCarrier.agda	502a54544a5a57695fc951083de16561fa8125df666ad38c39a1fe6f481494f9
agent/evidence-polarity-cross-pollination	2dbbe3d460a5183956ff2bb60eaf95c61fa2a047	DASHI/Cognition/PNF/BoundedFactorCompositionExecution.agda	462dff954ed81f7a0dfc17a13ee7efda9e0e29f6579fe6ebc9df374eac3d6c3f
agent/evidence-polarity-cross-pollination	2dbbe3d460a5183956ff2bb60eaf95c61fa2a047	DASHI/Cognition/PNF/BoundedProperNameEvidenceExecution.agda	78a66f64c30795866540bc942fdc7eccd8bc4cb5038470c5ec184bbc88f5727d
agent/evidence-polarity-cross-pollination	2dbbe3d460a5183956ff2bb60eaf95c61fa2a047	DASHI/Cognition/PNF/ClaimEvidence369BridgeExact.agda	d777fbe4464312c3f083bab72064059255445e75281eb0c81682815e8fa288d2
agent/evidence-polarity-cross-pollination	2dbbe3d460a5183956ff2bb60eaf95c61fa2a047	DASHI/Cognition/PNF/ComplexityArithmetic.agda	361c252ef61fe767dad5beebedb7de4322e01987f7bd2e4f2a632af522d3f8c3
agent/evidence-polarity-cross-pollination	2dbbe3d460a5183956ff2bb60eaf95c61fa2a047	DASHI/Cognition/PNF/DemandResolutionState.agda	73108e5cf8e0324fe30b0b9178ad140f6cde5d23382ce535840d826746e44230
agent/evidence-polarity-cross-pollination	2dbbe3d460a5183956ff2bb60eaf95c61fa2a047	DASHI/Cognition/PNF/EventAlgebra.agda	556fd5d356c8fe275962d390b71b6f40f3ddc93b8bf55571c08b593d3725690a
agent/evidence-polarity-cross-pollination	2dbbe3d460a5183956ff2bb60eaf95c61fa2a047	DASHI/Cognition/PNF/EvidenceHorizon369.agda	770039f9358d6fe3cd1c167b2b165649a8c24f194bbadfa135537648c014ef16
agent/evidence-polarity-cross-pollination	2dbbe3d460a5183956ff2bb60eaf95c61fa2a047	DASHI/Cognition/PNF/IdentityEvidenceProduction.agda	779b3fcc85cf173c9e8d10ed81fef143b7ce6bddfebfcdd2ae7945c70b1985cc
agent/evidence-polarity-cross-pollination	2dbbe3d460a5183956ff2bb60eaf95c61fa2a047	DASHI/Cognition/PNF/LearningAlgebra.agda	e44bbf3885c0e6f5886d950d75d5f6dcd35d33cfbb97639a9de351f264558fb9
agent/evidence-polarity-cross-pollination	2dbbe3d460a5183956ff2bb60eaf95c61fa2a047	DASHI/Cognition/PNF/MemoryEvidencePolarityLearningBridgeExact.agda	4f197b5f21dd99f3071f865f15403090e5b7aaf8ce45e8387ad536ad90f5ef34
agent/evidence-polarity-cross-pollination	2dbbe3d460a5183956ff2bb60eaf95c61fa2a047	DASHI/Cognition/PNF/MemoryFibre.agda	130a60c4cb5642af4713a38c1dcd4db2a63cb71015898dc8fd12fd442882bef7
agent/evidence-polarity-cross-pollination	2dbbe3d460a5183956ff2bb60eaf95c61fa2a047	DASHI/Cognition/PNF/NumericAuthority.agda	1e438eb7ddc75da1875e5446d7fca54ac28e3a0d11030603e9a966a6e37fe6c4
agent/evidence-polarity-cross-pollination	2dbbe3d460a5183956ff2bb60eaf95c61fa2a047	DASHI/Cognition/PNF/PNFEvidenceHyperformalism.agda	8c56ecb7d55f85a01cc5f52bde08e093d3821be12f06f43dfaa3b37f59e7c1b5
agent/evidence-polarity-cross-pollination	2dbbe3d460a5183956ff2bb60eaf95c61fa2a047	DASHI/Cognition/PNF/ParentInterfaceReduction.agda	319faeb10578ba4b0941d8f6365345dd55a0b712e146788d3373d73b7595eebc
agent/evidence-polarity-cross-pollination	2dbbe3d460a5183956ff2bb60eaf95c61fa2a047	DASHI/Cognition/PNF/ProofRelevantIdentityFibres.agda	6a20ab39a630e2c045e850622f792cbfb93cee109d795e0d82033c320ac00c22
agent/evidence-polarity-cross-pollination	2dbbe3d460a5183956ff2bb60eaf95c61fa2a047	DASHI/Cognition/PNF/ReopenableEvidenceFibre.agda	c51575a01a0ad1db1bf60fd810264dcaccaa6dcf4e683da8f3c03bf545330e3c
agent/evidence-polarity-cross-pollination	2dbbe3d460a5183956ff2bb60eaf95c61fa2a047	DASHI/Cognition/PNF/SparseFibredFrontier.agda	4a255833d0654cadb3af3902fe75aee7dd5e30790f601cfad994c76ed54b7d6d
agent/evidence-polarity-cross-pollination	2dbbe3d460a5183956ff2bb60eaf95c61fa2a047	DASHI/Cognition/PNF/TypePressure.agda	015ab31e76465545306c53de881fa80fc68fe7ecc7f27d6c28b952096d0dc98e
agent/evidence-polarity-cross-pollination	2dbbe3d460a5183956ff2bb60eaf95c61fa2a047	DASHI/Cognition/PhaseEnrichedTrit.agda	b149fe8a4d25657083ccbefd6d4eccf640150a526f21c7fc895b949fac2922f5
agent/evidence-polarity-cross-pollination	2dbbe3d460a5183956ff2bb60eaf95c61fa2a047	DASHI/Cognition/RecursiveFibreTower.agda	fe9a8286d66b69946c3ceffb25ff2c2c01b99106251403ac6aed93f2aa6eb4c6
agent/evidence-polarity-cross-pollination	2dbbe3d460a5183956ff2bb60eaf95c61fa2a047	DASHI/Cognition/Utterance/LayeredMeaningCore.agda	d20d16b7a3112b7af517d3210b073e50d8b94a56f1d852dfe059ff376cda89a8
agent/evidence-polarity-cross-pollination	2dbbe3d460a5183956ff2bb60eaf95c61fa2a047	DASHI/Combinatorics/Entropy.agda	95f6e79b01aa3f66b185bc2955a957eb39680a97d75c21279f959ee05e57a672
agent/evidence-polarity-cross-pollination	2dbbe3d460a5183956ff2bb60eaf95c61fa2a047	DASHI/Combinatorics/FractranCOL.agda	aca08186a9737f3b50c9e09b0dcbae5630fd6e4aa03d0c450516387749dca0db
agent/evidence-polarity-cross-pollination	2dbbe3d460a5183956ff2bb60eaf95c61fa2a047	DASHI/Constants/Registry.agda	f0f5dcbdaf4319bf3aff3631972070c58e5deec68958a6580ddef865d48bd4f2
agent/evidence-polarity-cross-pollination	2dbbe3d460a5183956ff2bb60eaf95c61fa2a047	DASHI/Core/AdapterCanonicalityCore.agda	4183766013539656e3456790601f6155a56033f29e4204be99118df1348eb65a
agent/evidence-polarity-cross-pollination	2dbbe3d460a5183956ff2bb60eaf95c61fa2a047	DASHI/Core/AdmissibleReachability.agda	5b2558ced88872367931899bf1668993bdae13aa5d19ecde59ad13d065bb1a02
agent/evidence-polarity-cross-pollination	2dbbe3d460a5183956ff2bb60eaf95c61fa2a047	DASHI/Core/AuthorityBoundary.agda	b34febced9b112bda3ff440bfd91a31b78282c193fff418f0febda3ee9f4c964
agent/evidence-polarity-cross-pollination	2dbbe3d460a5183956ff2bb60eaf95c61fa2a047	DASHI/Core/AuthorityNonPromotionCore.agda	ab0410715abf76d6a6a6061115555a7ba2cda244f3f3656a54e2bbefee6f0b39
agent/evidence-polarity-cross-pollination	2dbbe3d460a5183956ff2bb60eaf95c61fa2a047	DASHI/Core/BridgeRequirementCore.agda	cfaa2150150a4ce7d3f2faea05fcea5a60c6286ccb39b02b126d1a64419daaf9
agent/evidence-polarity-cross-pollination	2dbbe3d460a5183956ff2bb60eaf95c61fa2a047	DASHI/Core/CandidateFunctionalCore.agda	b126b53abe7617f78a98044c791c974acb081d344c01fe3b4cef1c19f52902d9
agent/evidence-polarity-cross-pollination	2dbbe3d460a5183956ff2bb60eaf95c61fa2a047	DASHI/Core/CandidateOnlyCore.agda	37e8d0adee034c9b52484443295c293ad768725b48ae9fcc0de49805b216edad
agent/evidence-polarity-cross-pollination	2dbbe3d460a5183956ff2bb60eaf95c61fa2a047	DASHI/Core/ClassificationEdge.agda	34d5276074ee5369524c736df386342ce50de4a933d2710fe9d1d568649a60b3
agent/evidence-polarity-cross-pollination	2dbbe3d460a5183956ff2bb60eaf95c61fa2a047	DASHI/Core/ConditionalMarginalReversalExact.agda	8c674430c71c68ef7d2380ee8a8da8d3324edbc95db593ec5f9eca51eb960c48
agent/evidence-polarity-cross-pollination	2dbbe3d460a5183956ff2bb60eaf95c61fa2a047	DASHI/Core/ConditionalNormalizationBoundary.agda	a673150e1222b6af01cbfc34b311c789874d704768fa8bda8b9742f94bddea45
agent/evidence-polarity-cross-pollination	2dbbe3d460a5183956ff2bb60eaf95c61fa2a047	DASHI/Core/ConsumerIndexedRelevanceMeasure.agda	b484853c4f0c692fff586cd807d6a9996885a9ee4799140a5826467b29d9f2a0
agent/evidence-polarity-cross-pollination	2dbbe3d460a5183956ff2bb60eaf95c61fa2a047	DASHI/Core/DynamicalQuotientSafety.agda	250b4d8ec3cc6109ac1c49953ca4b6f9e43d66838c25553483253db5c9636b59
agent/evidence-polarity-cross-pollination	2dbbe3d460a5183956ff2bb60eaf95c61fa2a047	DASHI/Core/EmptyPromotionCore.agda	fe06b3887eee505d017b38e21c45f896e954fa52d3da32c4f84447dacc138656
agent/evidence-polarity-cross-pollination	2dbbe3d460a5183956ff2bb60eaf95c61fa2a047	DASHI/Core/EvidenceObligationAuthoritySeparationExact.agda	eda43ec80aeb7cc580b73c464cb7255f679a730ffe56fec7b95a945368ecc3f9
agent/evidence-polarity-cross-pollination	2dbbe3d460a5183956ff2bb60eaf95c61fa2a047	DASHI/Core/FibreRestrictionCore.agda	abf011f686d04a6e99fd796418956e5918160bdc13a2004239cf18070afd183c
agent/evidence-polarity-cross-pollination	2dbbe3d460a5183956ff2bb60eaf95c61fa2a047	DASHI/Core/FiniteReceiptList.agda	2f3f16e5735d3df346df3d2c56b521bf984419c338f71d616177cb967a1effae
agent/evidence-polarity-cross-pollination	2dbbe3d460a5183956ff2bb60eaf95c61fa2a047	DASHI/Core/FormalLensQualificationCore.agda	b75f213e4a365fc97fc0e20d45a211602a4f1fb2b2fcd6cbf1f11d405e734c89
agent/evidence-polarity-cross-pollination	2dbbe3d460a5183956ff2bb60eaf95c61fa2a047	DASHI/Core/FormalLensVocabularyCore.agda	82963d0396ef72782fc45f6736e79da663214adc67244373d8d2b53a1b0db6d5
agent/evidence-polarity-cross-pollination	2dbbe3d460a5183956ff2bb60eaf95c61fa2a047	DASHI/Core/GenericReceipt.agda	f9d87c0f91996d750ea3c2b9f72c5de41ef7a9b2027a867863a8a393bcacdd48
agent/evidence-polarity-cross-pollination	2dbbe3d460a5183956ff2bb60eaf95c61fa2a047	DASHI/Core/IntersectionalNonFactorability.agda	378ad3213f54624d6ef49d4fae32789a1d29ee59e4821db1cadbba07580fb372
agent/evidence-polarity-cross-pollination	2dbbe3d460a5183956ff2bb60eaf95c61fa2a047	DASHI/Core/ListExact.agda	6031fd4726c64751099da8b69c88f0ee7f8b75fdfd28924a7f37721c807cfa08
agent/evidence-polarity-cross-pollination	2dbbe3d460a5183956ff2bb60eaf95c61fa2a047	DASHI/Core/MultiscaleMDL.agda	79a7517de6be6ea10410c95ce2769a048748e6a46d156a0669e608e8b94c02ce
agent/evidence-polarity-cross-pollination	2dbbe3d460a5183956ff2bb60eaf95c61fa2a047	DASHI/Core/OperatorShapeNonAuthorityCore.agda	d2274ae4170ce7a153742455b5f13d7543ddcb90829098d5841920c338bb0b0d
agent/evidence-polarity-cross-pollination	2dbbe3d460a5183956ff2bb60eaf95c61fa2a047	DASHI/Core/Optional.agda	c33be77fecb1354ff8df361c85b14e9a24ddf97fba84a367a7b422964a4c3066
agent/evidence-polarity-cross-pollination	2dbbe3d460a5183956ff2bb60eaf95c61fa2a047	DASHI/Core/PluralConsumerProjectionSafety.agda	11fbc2eb911eff6cb146d8646f3969703c3985d716e31e8d15225aa287330a65
agent/evidence-polarity-cross-pollination	2dbbe3d460a5183956ff2bb60eaf95c61fa2a047	DASHI/Core/PolicyRelativeProjectionSafety.agda	1d42d6c3c14f940b0993da365cf6b88b004832ac756282e551631a0e9b125bc3
agent/evidence-polarity-cross-pollination	2dbbe3d460a5183956ff2bb60eaf95c61fa2a047	DASHI/Core/PossibilityAccessibilitySupport.agda	7d30caa7bcf3835d109d1f306a57c329461d033a45db50027386daf29651cc6f
agent/evidence-polarity-cross-pollination	2dbbe3d460a5183956ff2bb60eaf95c61fa2a047	DASHI/Core/Prelude.agda	75159dd9c551edb18332199ca948d7a8abc03ccc2dfb7b9b285dd010531cbb7f
agent/evidence-polarity-cross-pollination	2dbbe3d460a5183956ff2bb60eaf95c61fa2a047	DASHI/Core/ProvenanceBearingQuotient.agda	4cca3af8d64f790b97aa32723026b752fca83322e2fc213a3826777ecb72489e
agent/evidence-polarity-cross-pollination	2dbbe3d460a5183956ff2bb60eaf95c61fa2a047	DASHI/Core/ProvenanceQuotientDynamics.agda	3b1fe13791081f22f3e7f8feac9838cde22d51d9b9782d0935b0b430db244089
agent/evidence-polarity-cross-pollination	2dbbe3d460a5183956ff2bb60eaf95c61fa2a047	DASHI/Core/Q.agda	eaf3b08e5768a1cffb8da66cbd51ba95463daf7ae2b6426baec35b2ce10f9554
agent/evidence-polarity-cross-pollination	2dbbe3d460a5183956ff2bb60eaf95c61fa2a047	DASHI/Core/QueryFactorisationSufficiency.agda	01cf387aa64f765fa2579f6e6cf37831c9c80b4287f87e881ca42767134d9aed
agent/evidence-polarity-cross-pollination	2dbbe3d460a5183956ff2bb60eaf95c61fa2a047	DASHI/Core/RecoverableQuotientCompositionExact.agda	4927a1dd67edab83f31f83a1d709585b9dde971dbd459c5595f0cb7535ec1dd3
agent/evidence-polarity-cross-pollination	2dbbe3d460a5183956ff2bb60eaf95c61fa2a047	DASHI/Core/RelationalHorizon369.agda	d1ed1ee0f58887f2ac78e4698885437ebc4682aa8b07c9a1d44ef2cc239151fa
agent/evidence-polarity-cross-pollination	2dbbe3d460a5183956ff2bb60eaf95c61fa2a047	DASHI/Core/TypedDependencyCore.agda	f5924cf9a076deafc744c8fbe8d15bbbbb8ddf0c495b85f5a55f51ae4792502f
agent/evidence-polarity-cross-pollination	2dbbe3d460a5183956ff2bb60eaf95c61fa2a047	DASHI/Core/TypedResidualBasisDecomposition.agda	7425d815df58c13573413bce7d8a84468d356eb428990aa48a57356115e3412f
agent/evidence-polarity-cross-pollination	2dbbe3d460a5183956ff2bb60eaf95c61fa2a047	DASHI/Energy/ClosestPoint.agda	58b03145bac9df166db0c185e76f4f3e91efff28387532815c6bf745df3c6108
agent/evidence-polarity-cross-pollination	2dbbe3d460a5183956ff2bb60eaf95c61fa2a047	DASHI/Energy/Energy.agda	4401c0b6e34c25943e1d3ef991aa20839406bb036f2e8f22b6bf68a8d0ceb087
agent/evidence-polarity-cross-pollination	2dbbe3d460a5183956ff2bb60eaf95c61fa2a047	DASHI/Energy/FejerToClosestPoint.agda	f2fa753789631b3575e5f6a3e4b01961195ad3cf6c0269a67bf6798a2ff01a04
agent/evidence-polarity-cross-pollination	2dbbe3d460a5183956ff2bb60eaf95c61fa2a047	DASHI/EvidencePolarityCrossDomainEverything.agda	31c4c6753add040c6ed9111e26fb66552d891a13a95457c78a07a0340045d67f
agent/evidence-polarity-cross-pollination	2dbbe3d460a5183956ff2bb60eaf95c61fa2a047	DASHI/EvidencePolarityCrossDomainRegression.agda	fcd8cb1261d2c3462bbd9c66e71be047d7441ae05e5cdcf513f9ce772da8b151
agent/evidence-polarity-cross-pollination	2dbbe3d460a5183956ff2bb60eaf95c61fa2a047	DASHI/Execution/Contract.agda	fc2d97b92fb246beccfebc42bb96049358585c718048823d45ade38f8aba7058
agent/evidence-polarity-cross-pollination	2dbbe3d460a5183956ff2bb60eaf95c61fa2a047	DASHI/Execution/ShiftGeometryBridge.agda	1050018e1dc18e5ebb4889a8a0520465ad54cc992dfa20ee6edd2f94fe9f80a8
agent/evidence-polarity-cross-pollination	2dbbe3d460a5183956ff2bb60eaf95c61fa2a047	DASHI/Foundations/BalancedTernaryAmplitudeClosureExact.agda	f8ed4858bc17c6f73e8e7bdbac9283fc414d6ec370cc16322ee9f7f34e71124a
agent/evidence-polarity-cross-pollination	2dbbe3d460a5183956ff2bb60eaf95c61fa2a047	DASHI/Foundations/BalancedTernaryAntipodalOrbitExact.agda	2543595056e5f095654c7cef81ef0489df2600e20e6281c340df6f273e3d2328
agent/evidence-polarity-cross-pollination	2dbbe3d460a5183956ff2bb60eaf95c61fa2a047	DASHI/Foundations/BalancedTernaryNineZeroFibreCountExact.agda	98c677de4728706ee1e54c1b0b1920dd00c625205085b5e33fa5cf640d2f38a3
agent/evidence-polarity-cross-pollination	2dbbe3d460a5183956ff2bb60eaf95c61fa2a047	DASHI/Foundations/BalancedTernaryStageSymmetryExact.agda	8b38a66c6c9568c78546504d86caf532beb976349c232cba9754618c23644ead
agent/evidence-polarity-cross-pollination	2dbbe3d460a5183956ff2bb60eaf95c61fa2a047	DASHI/Foundations/Base369AddressSymmetryAndBranchGeometryExact.agda	ebeb97421b87e80bdeab72dc4e64d27ceda655658721e62a05562b7bacb50c4e
agent/evidence-polarity-cross-pollination	2dbbe3d460a5183956ff2bb60eaf95c61fa2a047	DASHI/Foundations/Base369FiniteRingLaws.agda	dc84cbb3dd0d05ee01dd40d2259146365d7fd86e18601904e835824e974aa2ac
agent/evidence-polarity-cross-pollination	2dbbe3d460a5183956ff2bb60eaf95c61fa2a047	DASHI/Foundations/Base369InteractionAntipodalFibreExact.agda	1d956077afefed0427ad76da2589fd51aa0b11949baaf5cdf1c0041fc0cbcb84
agent/evidence-polarity-cross-pollination	2dbbe3d460a5183956ff2bb60eaf95c61fa2a047	DASHI/Foundations/Base369InteractionAppraisalCubeExact.agda	f075ef7e9ca0cec9e041f2bc81dda81f19f7108d1ec391e253e3f5565aade454
agent/evidence-polarity-cross-pollination	2dbbe3d460a5183956ff2bb60eaf95c61fa2a047	DASHI/Foundations/Base369InteractionObserverJoinExact.agda	ecdc97939d83e950c598b610053786de7cb9229b77477f1e725591fa95c048c8
agent/evidence-polarity-cross-pollination	2dbbe3d460a5183956ff2bb60eaf95c61fa2a047	DASHI/Foundations/Base369MobiusTransport.agda	eede698459f2e3bee56799e440cc79fb45ed068f51b8a29465e64b40c93e7e4e
agent/evidence-polarity-cross-pollination	2dbbe3d460a5183956ff2bb60eaf95c61fa2a047	DASHI/Foundations/Base369Nat.agda	1fc193e1aafd25c9658a84ab535c2e02a853d0e793091a9358f5642af3858809
agent/evidence-polarity-cross-pollination	2dbbe3d460a5183956ff2bb60eaf95c61fa2a047	DASHI/Foundations/Base369NineCoordinateAggregateBridgeExact.agda	d888fc05a589e9a5ec70516acf6807c4195a5cbb18fc2caecec437aa3245059c
agent/evidence-polarity-cross-pollination	2dbbe3d460a5183956ff2bb60eaf95c61fa2a047	DASHI/Foundations/CoarseMetricPushforward.agda	b93ddb0e96d2d68abd6a7ba5a3a3d6be4e8a6e71f343eeef17b226796f8986f6
agent/evidence-polarity-cross-pollination	2dbbe3d460a5183956ff2bb60eaf95c61fa2a047	DASHI/Foundations/CounterpositionOrderedJoinExact.agda	58108bfb40652a3a632360a153dc076f3e4a15a4d644035db6851e1319ed946c
agent/evidence-polarity-cross-pollination	2dbbe3d460a5183956ff2bb60eaf95c61fa2a047	DASHI/Foundations/D4SO3NineIrrepRestrictionExact.agda	43577120b1c879b087cce685941569c7c9a6bb1a5fa335385b44806cafe0b0e0
agent/evidence-polarity-cross-pollination	2dbbe3d460a5183956ff2bb60eaf95c61fa2a047	DASHI/Foundations/DialecticCubieTetralemmaExact.agda	673be0f98168f3c43df9083886f90a4f930b877ca422fa1fc2070d19010fea8f
agent/evidence-polarity-cross-pollination	2dbbe3d460a5183956ff2bb60eaf95c61fa2a047	DASHI/Foundations/DialecticSheetFrameSelectorExact.agda	262a313e45d166ac644932a082b67c6d0c20155f2ef7dd73754b42d79e1fed3f
agent/evidence-polarity-cross-pollination	2dbbe3d460a5183956ff2bb60eaf95c61fa2a047	DASHI/Foundations/FifteenSSP369Forest.agda	0f2bfbc7b568054d3e2d17846e73f7e004000a5977c80910d3a49644a31df10c
agent/evidence-polarity-cross-pollination	2dbbe3d460a5183956ff2bb60eaf95c61fa2a047	DASHI/Foundations/FiniteRepresentationRestrictionCore.agda	70f326a2b7a6e8bb4fc93ba96f42309a65707af5f311daee5b16dfe46a2c1b57
agent/evidence-polarity-cross-pollination	2dbbe3d460a5183956ff2bb60eaf95c61fa2a047	DASHI/Foundations/HexTruthPolarityFactor.agda	fac03a822612ac4fe2edcb91aa0118a6074213d289439c846d7dc30d99a8d9a0
agent/evidence-polarity-cross-pollination	2dbbe3d460a5183956ff2bb60eaf95c61fa2a047	DASHI/Foundations/PolyhedralFixedSpaceSpectrumJ0To35Exact.agda	d03367d6d79fbad9e26e54b367eaee521891e898039a69d589c0d09641776caa
agent/evidence-polarity-cross-pollination	2dbbe3d460a5183956ff2bb60eaf95c61fa2a047	DASHI/Foundations/QuotientSetoidSurface.agda	5fe51358808227d8507f3c9a13e946692257af41e1d5d26dbf7e5a72258069a8
agent/evidence-polarity-cross-pollination	2dbbe3d460a5183956ff2bb60eaf95c61fa2a047	DASHI/Foundations/RealAnalysisAxioms.agda	cdabb3261a66320cce4f994196122e6274ff608d885c6ca27b094e8e4719a541
agent/evidence-polarity-cross-pollination	2dbbe3d460a5183956ff2bb60eaf95c61fa2a047	DASHI/Foundations/RecursiveRadixHypervoxel.agda	b99aacdac12605883295cabaae0401e6c90f02fd855f62eaf5948e1b572e87a6
agent/evidence-polarity-cross-pollination	2dbbe3d460a5183956ff2bb60eaf95c61fa2a047	DASHI/Foundations/RepresentationChartInvariant.agda	9456b6c8d6ee9563d7cd6dacedfaeb35c876d6fd73445e4d433bd4ec5822babf
agent/evidence-polarity-cross-pollination	2dbbe3d460a5183956ff2bb60eaf95c61fa2a047	DASHI/Foundations/SSPPrimeLane369Refinement.agda	7acf6b2287703e148c1d9088aa00e238500e7019909c3b6d819324ed1cf43a43
agent/evidence-polarity-cross-pollination	2dbbe3d460a5183956ff2bb60eaf95c61fa2a047	DASHI/Foundations/SSPPrimeLane369Signature.agda	8229c8d4019a26789a9df87713c68d4212e6f6e7d9dcc8ad5827d3a9f0097768
agent/evidence-polarity-cross-pollination	2dbbe3d460a5183956ff2bb60eaf95c61fa2a047	DASHI/Foundations/SSPPrimeLaneSymmetryProfile.agda	0e309fbaab6c0d5f81048d7eaedba704efbd77e26c635b6d7175b7e8c7e1f5f0
agent/evidence-polarity-cross-pollination	2dbbe3d460a5183956ff2bb60eaf95c61fa2a047	DASHI/Foundations/SSPPrimeLaneUnitAction.agda	fa5b29547cdc4d859bbf2dd48ec6724bd0354395dd9901ec42fa6888fa7f983a
agent/evidence-polarity-cross-pollination	2dbbe3d460a5183956ff2bb60eaf95c61fa2a047	DASHI/Foundations/SSPTritCarrier.agda	fca4a49433a19e138660d23afd89af8ecf0557b6d67998b519470739b50e164a
agent/evidence-polarity-cross-pollination	2dbbe3d460a5183956ff2bb60eaf95c61fa2a047	DASHI/Foundations/SU2SO3IrrepDimensionExact.agda	bac063686c1bf9b6ad0b37ba19738f44e1e57a6e838a0fe7f4d6d630280f5120
agent/evidence-polarity-cross-pollination	2dbbe3d460a5183956ff2bb60eaf95c61fa2a047	DASHI/Foundations/StageAtlasZeroToEleven.agda	26f5390b7b450b15a2b1b3d0e71c8318babfba809d1d544d3740ddf284ea7401
agent/evidence-polarity-cross-pollination	2dbbe3d460a5183956ff2bb60eaf95c61fa2a047	DASHI/Foundations/StageSymmetryCarrierTowerExact.agda	ed5b68949fa37385c8faf1260d75a69a38da314c08e42dc297f6f0562499deb3
agent/evidence-polarity-cross-pollination	2dbbe3d460a5183956ff2bb60eaf95c61fa2a047	DASHI/Foundations/StratifiedResolutionTowerExact.agda	45fb78e63415e3d459572c13de2d8628b93908713158e03cc99167c4eded9824
agent/evidence-polarity-cross-pollination	2dbbe3d460a5183956ff2bb60eaf95c61fa2a047	DASHI/Foundations/SurrealCompactification.agda	6282955415e34d241a6e182e002efd0afabc2c2f6ff08605ab736c2df94b0905
agent/evidence-polarity-cross-pollination	2dbbe3d460a5183956ff2bb60eaf95c61fa2a047	DASHI/Foundations/SurrealCompactificationIntake.agda	eee523ea6a41aa8d0bde43f0262f4e5461f62b6786ae9224e1181ec8b3c983fc
agent/evidence-polarity-cross-pollination	2dbbe3d460a5183956ff2bb60eaf95c61fa2a047	DASHI/Foundations/SurrealCompactificationRationalBridge.agda	75c5699a86257ca08c60fe560635e6a9af18e65cacaac1e6ab168a957ee3215b
agent/evidence-polarity-cross-pollination	2dbbe3d460a5183956ff2bb60eaf95c61fa2a047	DASHI/Foundations/TernaryNineAntipodalD4SeparationExact.agda	74e5ccbcb6fc5c5d1fefe388956b0c9383416733e329a1f0959d3a06b792e29e
agent/evidence-polarity-cross-pollination	2dbbe3d460a5183956ff2bb60eaf95c61fa2a047	DASHI/Foundations/TriadicFiniteQuotient.agda	c07d9c242e92bb13609980e9acc6069d3746488b6d4c460e4ac6f6f601018267
agent/evidence-polarity-cross-pollination	2dbbe3d460a5183956ff2bb60eaf95c61fa2a047	DASHI/Geometry/CausalForcesLorentz31.agda	05ffe1247a0508ce85aec32840217434a668e34ea2f7e2191fc50bf56cf0811c
agent/evidence-polarity-cross-pollination	2dbbe3d460a5183956ff2bb60eaf95c61fa2a047	DASHI/Geometry/CliffordGate.agda	65e3adfb38ad93b958d314dec9b46e1f8b8c1b4e8aeeb8cf391e786778d88658
agent/evidence-polarity-cross-pollination	2dbbe3d460a5183956ff2bb60eaf95c61fa2a047	DASHI/Geometry/CompleteUltrametric.agda	7bb903b81d90a5fb640721730d28bc0c7975b460f85af5f07689834c23ca1c3d
agent/evidence-polarity-cross-pollination	2dbbe3d460a5183956ff2bb60eaf95c61fa2a047	DASHI/Geometry/CompleteUltrametricNat.agda	cb32733d2bd335521b11ff62f9a790fc754accd82b2d86d918ecd081461a5067
agent/evidence-polarity-cross-pollination	2dbbe3d460a5183956ff2bb60eaf95c61fa2a047	DASHI/Geometry/ConeArrowIsotropyOrbitProfile.agda	566164c620d541248381076e3d044892a932304d19153b3dc9ee2a3284f9768f
agent/evidence-polarity-cross-pollination	2dbbe3d460a5183956ff2bb60eaf95c61fa2a047	DASHI/Geometry/ConeArrowIsotropyShellAction.agda	02a5856e8413e1b9edefd17ab0e6ad22ac3a18d2536a8b55e72c7a6213375483
agent/evidence-polarity-cross-pollination	2dbbe3d460a5183956ff2bb60eaf95c61fa2a047	DASHI/Geometry/ConeArrowIsotropyShellEnumeration.agda	7c2c549890d84fb5b47c947eeeb23f7fc0fd8e77eff03f3b6ac1bc93102d09ba
agent/evidence-polarity-cross-pollination	2dbbe3d460a5183956ff2bb60eaf95c61fa2a047	DASHI/Geometry/ConeArrowOrbitStructure.agda	6a2493891d01c168adabd23a602acf83f95d65529fef6f677a245e535f024dfd
agent/evidence-polarity-cross-pollination	2dbbe3d460a5183956ff2bb60eaf95c61fa2a047	DASHI/Geometry/ConeArrowOrientationAsymmetry.agda	b4c2a2bbdcfef1ece3c6a314915fff909c62471728bf673bf411c680922edeef
agent/evidence-polarity-cross-pollination	2dbbe3d460a5183956ff2bb60eaf95c61fa2a047	DASHI/Geometry/ConeArrowShellStratification.agda	50935cd6a5edec4d128862c60215b11a28db92ef23c39978a0d7351637f8bb08
agent/evidence-polarity-cross-pollination	2dbbe3d460a5183956ff2bb60eaf95c61fa2a047	DASHI/Geometry/ConeMetricCompatibility.agda	761a9201d863659847d6ea4b17f61941ceb9932267e265485e21e99e7e5a80ba
agent/evidence-polarity-cross-pollination	2dbbe3d460a5183956ff2bb60eaf95c61fa2a047	DASHI/Geometry/ConeTimeIsotropy.agda	d24a64d1fd32bce032676f64f6a706bd3d2d8720b1508fd57166217092c7588b
agent/evidence-polarity-cross-pollination	2dbbe3d460a5183956ff2bb60eaf95c61fa2a047	DASHI/Geometry/DefectCollapse.agda	d44d721c3d3460c20cb76743b7f91b76c9401cc9dae1fcc4117fbf28c73ceac1
agent/evidence-polarity-cross-pollination	2dbbe3d460a5183956ff2bb60eaf95c61fa2a047	DASHI/Geometry/FiberContraction.agda	54509e23219526de3813e3516acbc2e0c8414c798ca5d306211ea26c3b23d711
agent/evidence-polarity-cross-pollination	2dbbe3d460a5183956ff2bb60eaf95c61fa2a047	DASHI/Geometry/FiniteSpeed.agda	f214ac7a10099ef4b35099dddf154bfdb68c58b7782c351d47b4f481f4fc15fc
agent/evidence-polarity-cross-pollination	2dbbe3d460a5183956ff2bb60eaf95c61fa2a047	DASHI/Geometry/Isotropy.agda	f34d17ac4bb53358d7c902d89b8681e46d69ff061b10707a495743b21eae5928
agent/evidence-polarity-cross-pollination	2dbbe3d460a5183956ff2bb60eaf95c61fa2a047	DASHI/Geometry/LCP/FiniteSpectralGap.agda	86d492b47a086fa2bab09b32a6c23b1e680d06a71492d91b7fccae67b71d5a2f
agent/evidence-polarity-cross-pollination	2dbbe3d460a5183956ff2bb60eaf95c61fa2a047	DASHI/Geometry/LCP/InductiveLimit.agda	7a3afcf0f8b20ff4cbc4e4d115abb9ccfa0ddf35fa9324aee359747311bf6163
agent/evidence-polarity-cross-pollination	2dbbe3d460a5183956ff2bb60eaf95c61fa2a047	DASHI/Geometry/LCP/NatGlue.agda	bc6e759affdd1d99e06a48245e2790196ba3c31e41490f0a48657e357bbd8e57
agent/evidence-polarity-cross-pollination	2dbbe3d460a5183956ff2bb60eaf95c61fa2a047	DASHI/Geometry/LorentzEmergence.agda	9f3311374c7ad4ce29e5fd8612b811a8e600fa3f9b75db187f44daa095a66072
agent/evidence-polarity-cross-pollination	2dbbe3d460a5183956ff2bb60eaf95c61fa2a047	DASHI/Geometry/LorentzEmergenceFromCausalAxioms.agda	47ccf0b6b73fa0d81b5bb264ff37af067762bc1034c930fbc1c9164a213ee24a
agent/evidence-polarity-cross-pollination	2dbbe3d460a5183956ff2bb60eaf95c61fa2a047	DASHI/Geometry/OrthogonalityFromPolarization.agda	032a8ae09a761c0c40bccfae1e542f6b90d28530197ac1e741d3c564c4908c27
agent/evidence-polarity-cross-pollination	2dbbe3d460a5183956ff2bb60eaf95c61fa2a047	DASHI/Geometry/ParallelogramLaw.agda	50a7272d84d020fdd6ad1e54103b3e8386e06e4b4fc1d8d254cfe492aca011aa
agent/evidence-polarity-cross-pollination	2dbbe3d460a5183956ff2bb60eaf95c61fa2a047	DASHI/Geometry/ProjectionDefect.agda	e921e48f5d3daba5beebb674c61d2f2b7a9eb290c4263dded7a54737598ba8c0
agent/evidence-polarity-cross-pollination	2dbbe3d460a5183956ff2bb60eaf95c61fa2a047	DASHI/Geometry/ProjectionDefectSplitForcesParallelogram.agda	0d047ba78f227651f2cd26502a04b296db114e555ecc2ef1c0396575d344a132
agent/evidence-polarity-cross-pollination	2dbbe3d460a5183956ff2bb60eaf95c61fa2a047	DASHI/Geometry/ProjectionDefectToParallelogram.agda	e2bdd063f0a7ee1d091d898443979e3da6d2ab0687cec27fec7fdfed3206db85
agent/evidence-polarity-cross-pollination	2dbbe3d460a5183956ff2bb60eaf95c61fa2a047	DASHI/Geometry/QuadraticForm.agda	aa03f1b9fab71044831864725622200cc70cdbd96e0aa600405eed4a5150b22e
agent/evidence-polarity-cross-pollination	2dbbe3d460a5183956ff2bb60eaf95c61fa2a047	DASHI/Geometry/QuadraticFormEmergence.agda	b58172d2b30b22fc04810cc099418b47fe81857f59d0c638bb0331cf7b0aec77
agent/evidence-polarity-cross-pollination	2dbbe3d460a5183956ff2bb60eaf95c61fa2a047	DASHI/Geometry/RealFiniteSpeed/Core.agda	6ca4b6bea5d3b294636273226d8b9df3d1bde418e2a53a214e071219903c272d
agent/evidence-polarity-cross-pollination	2dbbe3d460a5183956ff2bb60eaf95c61fa2a047	DASHI/Geometry/RealFiniteSpeed/Instance/Core.agda	206e5c422c39c25233da679b5f3690a56df4df2edbda3daf8b237994fe0bf0d4
agent/evidence-polarity-cross-pollination	2dbbe3d460a5183956ff2bb60eaf95c61fa2a047	DASHI/Geometry/RealFiniteSpeed/Instance/Shift.agda	6e4acc7b1991b8f85d3f1fe4959be51f6e95b46d5601b49561d3ddcdb7e7a472
agent/evidence-polarity-cross-pollination	2dbbe3d460a5183956ff2bb60eaf95c61fa2a047	DASHI/Geometry/RealIsotropy/Core.agda	551664e9406aae0597ed91ccfe92b66de09a6252bd1b25c880a8a4576c423d74
agent/evidence-polarity-cross-pollination	2dbbe3d460a5183956ff2bb60eaf95c61fa2a047	DASHI/Geometry/RealIsotropy/Instance/Core.agda	886eb6422d4839d48f25c1c2bb50b7e933668c92c8687a6f8b01316c03904492
agent/evidence-polarity-cross-pollination	2dbbe3d460a5183956ff2bb60eaf95c61fa2a047	DASHI/Geometry/RealIsotropy/Instance/ShiftTailInv.agda	9fceb27554c477f8b069754bb8180a837b8f31aaa5be7b540be97a930f9197cb
agent/evidence-polarity-cross-pollination	2dbbe3d460a5183956ff2bb60eaf95c61fa2a047	DASHI/Geometry/SSP369TreeAutomorphism.agda	885f6aa5fcee832b974133683c36f7891998af8af38cf7d234fcb0674e70ca4c
agent/evidence-polarity-cross-pollination	2dbbe3d460a5183956ff2bb60eaf95c61fa2a047	DASHI/Geometry/SSP369Ultrametric.agda	063ad1e86e7c3bd83bede2b77a1a9b2ff4e1f6d95cff5ec2132248f046b13736
agent/evidence-polarity-cross-pollination	2dbbe3d460a5183956ff2bb60eaf95c61fa2a047	DASHI/Geometry/ShiftLorentzEmergenceInstance.agda	667eb11ccbb3edd8114e62173051fe446340df1ca595a6ec12190d4387ac0e01
agent/evidence-polarity-cross-pollination	2dbbe3d460a5183956ff2bb60eaf95c61fa2a047	DASHI/Geometry/Signature/HyperbolicFormZ.agda	3a11faef8c2f225862abdbe3c8bbfa466a08b4bef5da11f1ae03b3537e3f2635
agent/evidence-polarity-cross-pollination	2dbbe3d460a5183956ff2bb60eaf95c61fa2a047	DASHI/Geometry/Signature31FromConeArrowIsotropy.agda	917d4d1ad3ac6e8ec11324cfabcdc33aad5fada5ec155719cc26071d8ba29711
agent/evidence-polarity-cross-pollination	2dbbe3d460a5183956ff2bb60eaf95c61fa2a047	DASHI/Geometry/Signature31FromIntrinsicShellForcing.agda	2564eba2c63805c488c88d9d42440a8c3be167b024d67b3fe5e19dceb39efa59
agent/evidence-polarity-cross-pollination	2dbbe3d460a5183956ff2bb60eaf95c61fa2a047	DASHI/Geometry/Signature31Lock.agda	332caa958280a35619199b59bf09d6d175a8ea4ab5756bb58c06674039d281e1
agent/evidence-polarity-cross-pollination	2dbbe3d460a5183956ff2bb60eaf95c61fa2a047	DASHI/Geometry/SignatureCombinatorics.agda	c02af9d62e37420c4c0229e44254d8d6a58c4e74fb07663e37bf79cf182f6c20
agent/evidence-polarity-cross-pollination	2dbbe3d460a5183956ff2bb60eaf95c61fa2a047	DASHI/Geometry/SignatureExclusionFromOrbitProfile.agda	462e45e3f0f7aaeed190a98800c010b5d0e8758837a48819f99ebc5e61b31677
agent/evidence-polarity-cross-pollination	2dbbe3d460a5183956ff2bb60eaf95c61fa2a047	DASHI/Geometry/SignatureUniqueness31.agda	f6093442cba70719ea1ceb174dba01371c190a7cb5c497812be31539fd78a29c
agent/evidence-polarity-cross-pollination	2dbbe3d460a5183956ff2bb60eaf95c61fa2a047	DASHI/Geometry/SpinGate.agda	15bcdd2c3ff5059e00258c92fb44130201a18c21a933408b53ae2cc70c97c5ef
agent/evidence-polarity-cross-pollination	2dbbe3d460a5183956ff2bb60eaf95c61fa2a047	DASHI/Geometry/StrictContractionComposition.agda	348cafa8ce6b93ce3432e7818ac1d78160181d78d82e5680cd0bf7894436a685
agent/evidence-polarity-cross-pollination	2dbbe3d460a5183956ff2bb60eaf95c61fa2a047	DASHI/Geometry/TimeOrientation.agda	2b94429d700d7273d9652e2bd7a4c04ef28b4c8fd85cec8279bc50be40be4ac1
agent/evidence-polarity-cross-pollination	2dbbe3d460a5183956ff2bb60eaf95c61fa2a047	DASHI/Geometry/TriadicEllipticModuliGate.agda	9a2b244ed67a3c0b804c0fa61d92973793ede1353cf305f222406e85b8853d43
agent/evidence-polarity-cross-pollination	2dbbe3d460a5183956ff2bb60eaf95c61fa2a047	DASHI/Geometry/TriadicSpectralGenusOneCurve.agda	ddcc9313f21c8f7958255f8ae3596070e1c26180b5876336efbfffbda78f5f24
agent/evidence-polarity-cross-pollination	2dbbe3d460a5183956ff2bb60eaf95c61fa2a047	DASHI/Governance/CausalResolutionExact.agda	0ef21db26f2428de6216fcef8bb34a332c50295fdf674a556560efc6fa5945c8
agent/evidence-polarity-cross-pollination	2dbbe3d460a5183956ff2bb60eaf95c61fa2a047	DASHI/Governance/ConsentDistrustDualityExact.agda	a789ae06ad76e8c25cdc7dd04d2e237a1e9ad1cf8c694314be443e368531901e
agent/evidence-polarity-cross-pollination	2dbbe3d460a5183956ff2bb60eaf95c61fa2a047	DASHI/Governance/ContextualCounterpositionEpistemicBridgeExact.agda	2dc2ea2c72135007752f29905d7aa2d0dc4ec9fbc1da38e7c53038f705284d33
agent/evidence-polarity-cross-pollination	2dbbe3d460a5183956ff2bb60eaf95c61fa2a047	DASHI/Governance/DevelopmentalInfluenceSourceAtlas.agda	b8a79ef097617c9d60805faed4792c0d3d168c74efe4418cb58a9fbcfba0ed7d
agent/evidence-polarity-cross-pollination	2dbbe3d460a5183956ff2bb60eaf95c61fa2a047	DASHI/Governance/DiachronicDelegatedAuthorityBoundary.agda	245351d47bf26025db64ce063ec692215401867eca253158c2ffd9af394cc8b3
agent/evidence-polarity-cross-pollination	2dbbe3d460a5183956ff2bb60eaf95c61fa2a047	DASHI/Governance/EpistemicAttractorCore.agda	66fac272616dd73ce547bc34b3779099a4a22a7b2944f1e10158d99ec0970bec
agent/evidence-polarity-cross-pollination	2dbbe3d460a5183956ff2bb60eaf95c61fa2a047	DASHI/Governance/GuardedPropositionResponseTree.agda	ee07735baefe4e66ea87f164a8f77976d71b4a0b655fe68bc028785b01bd106f
agent/evidence-polarity-cross-pollination	2dbbe3d460a5183956ff2bb60eaf95c61fa2a047	DASHI/Interop/ExternalContextSafetyBoundary.agda	ffa97fb6aae4d9746301f23e3680caa329492a4b29eafb75a7a6441b55a986be
agent/evidence-polarity-cross-pollination	2dbbe3d460a5183956ff2bb60eaf95c61fa2a047	DASHI/Interop/GovernedResidualOntologyLearning.agda	525509ee404ad37075ecd9c85172c57e5326f40bf88a27928acf579e4d76c6d4
agent/evidence-polarity-cross-pollination	2dbbe3d460a5183956ff2bb60eaf95c61fa2a047	DASHI/Interop/ITIRJoinBridge.agda	a0897b5771897244b95e3a9a4f05e4910c5f4416a766a2eda38918a9984244a5
agent/evidence-polarity-cross-pollination	2dbbe3d460a5183956ff2bb60eaf95c61fa2a047	DASHI/Interop/ObservationTransportSpine.agda	e8e36c0ec8c05f742765e76f73246a5287a8553e63adadf0f9e16e1fb97d338c
agent/evidence-polarity-cross-pollination	2dbbe3d460a5183956ff2bb60eaf95c61fa2a047	DASHI/Interop/PNFHyperfabric369.agda	f935b12bf84e867a3bd832cab48ea5be191054060ddafc3d9fa6dfdc4fb47223
agent/evidence-polarity-cross-pollination	2dbbe3d460a5183956ff2bb60eaf95c61fa2a047	DASHI/Interop/PNFResidualConsumerNextObligation.agda	560bb1bb4fe34db97b1b14da05e3333869752517a23955e1f0ceaa8184ad3668
agent/evidence-polarity-cross-pollination	2dbbe3d460a5183956ff2bb60eaf95c61fa2a047	DASHI/Interop/PNFResidualSpectralSeverityReceipt.agda	2c62c11a19e3c3514c21671e62108cfccd4ad495af8ef09e80279ec3e5af2444
agent/evidence-polarity-cross-pollination	2dbbe3d460a5183956ff2bb60eaf95c61fa2a047	DASHI/Interop/PNFRoleVectorAlgebra.agda	f09ead4655cf56c683d4a1bc288bd2486028938fe66e100f835692a4429e6c83
agent/evidence-polarity-cross-pollination	2dbbe3d460a5183956ff2bb60eaf95c61fa2a047	DASHI/Interop/RoleGrammarCore.agda	22f181d9e20789d61a2b20d086a34d972b7b986019fcefca95a37f85dbeb6ba6
agent/evidence-polarity-cross-pollination	2dbbe3d460a5183956ff2bb60eaf95c61fa2a047	DASHI/Interop/SeaMeInItROMKernelFormalism.agda	196bdf04536e0bf2ddfe28d1b98d17cfbb86731752935dd206bca06d29c3b794
agent/evidence-polarity-cross-pollination	2dbbe3d460a5183956ff2bb60eaf95c61fa2a047	DASHI/Interop/SensibLawResidualLattice.agda	2242237ac357cdf6acf5adf2b95f7f875789235211b1f9b427552b22805db822
agent/evidence-polarity-cross-pollination	2dbbe3d460a5183956ff2bb60eaf95c61fa2a047	DASHI/Interop/SpectralOperatorShapeCore.agda	d57a583663fb98deeb84ed88d47626c38046891c34853eb0e7ff72a4f96a49f1
agent/evidence-polarity-cross-pollination	2dbbe3d460a5183956ff2bb60eaf95c61fa2a047	DASHI/Interop/SweetgrassCarrierSpine.agda	bbb3d23a569fec907cc91d88797632e53115326e1b677af6ae44ef0f25a2c958
agent/evidence-polarity-cross-pollination	2dbbe3d460a5183956ff2bb60eaf95c61fa2a047	DASHI/Interop/UnifiedMathLanguageSpine.agda	263929497b62476f73dfab8b3c3ea62643f4c43c9d0623b2dade1a989944a146
agent/evidence-polarity-cross-pollination	2dbbe3d460a5183956ff2bb60eaf95c61fa2a047	DASHI/Interop/WikidataDerivationSupportSquareExact.agda	0fc733e8205882ff3bb1a952367baf50e2d8e5ef91a55b81e9a35e6d7b7d7765
agent/evidence-polarity-cross-pollination	2dbbe3d460a5183956ff2bb60eaf95c61fa2a047	DASHI/MDL/CodeLengths.agda	199633bf63c1a78f4d7352c5e54e7c56e70766c0e05da42c4889e4e7f001fbf4
agent/evidence-polarity-cross-pollination	2dbbe3d460a5183956ff2bb60eaf95c61fa2a047	DASHI/MDL/MDLDescentTradeoff.agda	c585d7d2b74a5156ed47694ccf249bc7bcc9bf8ad982d9ceec6d90dcbd60dca5
agent/evidence-polarity-cross-pollination	2dbbe3d460a5183956ff2bb60eaf95c61fa2a047	DASHI/MDL/MDLLyapunov.agda	4effff61617b3abe992285c2ae8868d7ec5149f39ec0e78870112a4ac9aa8b70
agent/evidence-polarity-cross-pollination	2dbbe3d460a5183956ff2bb60eaf95c61fa2a047	DASHI/Metric/AgreementUltrametric.agda	b3d539986256775a183372f1bc4d90a1b64b711ddc79f461e68206078eae76c6
agent/evidence-polarity-cross-pollination	2dbbe3d460a5183956ff2bb60eaf95c61fa2a047	DASHI/Metric/FineAgreementUltrametric.agda	ec60e8034c739b9fdfef0595787296a126e2fb59c79746fde0345b389cd3cb31
agent/evidence-polarity-cross-pollination	2dbbe3d460a5183956ff2bb60eaf95c61fa2a047	DASHI/Ontology/BFOContinuantOccurrentWikidataAttributionExact.agda	750d947d52526b8a414524d8411ba517faee331f6cc19f211e524f8c05e05b1d
agent/evidence-polarity-cross-pollination	2dbbe3d460a5183956ff2bb60eaf95c61fa2a047	DASHI/Ontology/CrossOntologyContradictionAttributionExact.agda	117813bea17f57cfc86eccf27a28b7c74f71bb433a83af80221557a788862e07
agent/evidence-polarity-cross-pollination	2dbbe3d460a5183956ff2bb60eaf95c61fa2a047	DASHI/Ontology/CrossOntologyContradictionAttributionRegression.agda	8290624c7454ec68e0589760211e17703f8d79c0e3d2207c5d5d0c7a42ee4ce1
agent/evidence-polarity-cross-pollination	2dbbe3d460a5183956ff2bb60eaf95c61fa2a047	DASHI/Ontology/CrossOntologyContradictionEverything.agda	ba160c63c8a2947824beefcf24e89ec4fe624375649b9a6b34be7d816efed476
agent/evidence-polarity-cross-pollination	2dbbe3d460a5183956ff2bb60eaf95c61fa2a047	DASHI/Ontology/DisjointUnionLatticeJMDBridgeExact.agda	2e505694b15b0f70c04decae7068b0aa72bd63bed23b94c05979f47fb09eb42d
agent/evidence-polarity-cross-pollination	2dbbe3d460a5183956ff2bb60eaf95c61fa2a047	DASHI/Ontology/InferenceLanguageIndexedAlignmentSafetyExact.agda	d40f777c56dfb3897e583e974cefe12982a0b6998431d65aa69fff2818f3f9cd
agent/evidence-polarity-cross-pollination	2dbbe3d460a5183956ff2bb60eaf95c61fa2a047	DASHI/Ontology/LeanWikidataEverything.agda	548fa0a5181e1cd0e5e4c0ca62aa21703cccb3f0c7ef91c207ee4a7f0f68e47c
agent/evidence-polarity-cross-pollination	2dbbe3d460a5183956ff2bb60eaf95c61fa2a047	DASHI/Ontology/LeanWikidataLatestEpistemicConformanceBridge.agda	dc8f9cbf2ed6b5664515ab2b1c3551ce5507a5712e43b1683eb28b70b7ad1453
agent/evidence-polarity-cross-pollination	2dbbe3d460a5183956ff2bb60eaf95c61fa2a047	DASHI/Ontology/RdfViewInformationOrderJMDBridgeExact.agda	b89994b4d1d0905b0e2fb87fd474b9c4c4583d72f2f50682b1d309dbd75d1853
agent/evidence-polarity-cross-pollination	2dbbe3d460a5183956ff2bb60eaf95c61fa2a047	DASHI/Physics/Boundaries/ClayYMGap.agda	5b1bbd4b3c498329a26ca499a32c21459c7e1d64bac772802fe7ef5272d7ae29
agent/evidence-polarity-cross-pollination	2dbbe3d460a5183956ff2bb60eaf95c61fa2a047	DASHI/Physics/Boundaries/GribovResolutionAuthorityReceipt.agda	99fed9a01f2b1840430518ab40aecadc170cf7bc1d9714acae631b88187dd833
agent/evidence-polarity-cross-pollination	2dbbe3d460a5183956ff2bb60eaf95c61fa2a047	DASHI/Physics/Boundaries/HiggsPDGBoundary.agda	de552c81dfc68064c9424166f1277b36fe5d49c4a86d36b27a347b1ae1bb07f3
agent/evidence-polarity-cross-pollination	2dbbe3d460a5183956ff2bb60eaf95c61fa2a047	DASHI/Physics/Boundaries/TopologicalMassGapInterpretation.agda	c8d3662636b1955dca4109d720b381cec07a783603d4f50f4f351f1fbaa3ae8e
agent/evidence-polarity-cross-pollination	2dbbe3d460a5183956ff2bb60eaf95c61fa2a047	DASHI/Physics/Boundaries/YMConstructive5DProofReceipt.agda	30c9d2d0ae6e25dd7870aa5fffa131e4c0667a34156f706c36ca89457101f4dd
agent/evidence-polarity-cross-pollination	2dbbe3d460a5183956ff2bb60eaf95c61fa2a047	DASHI/Physics/Bridge.agda	d4ddbf7f3c3fe2078bda184965f7b805f8a8cb97783c9affce557db107b5d683
agent/evidence-polarity-cross-pollination	2dbbe3d460a5183956ff2bb60eaf95c61fa2a047	DASHI/Physics/CRTPeriodJFixedBridge.agda	ffc1a7e6eab82f83063ec563f0c1f57ee7d00ab5c04857a6197394369a848af2
agent/evidence-polarity-cross-pollination	2dbbe3d460a5183956ff2bb60eaf95c61fa2a047	DASHI/Physics/CanonicalizationMinimal.agda	c1b1da4a4224374eb029bc34875002d2cc49d97ae30bb649e6d5440a944b159b
agent/evidence-polarity-cross-pollination	2dbbe3d460a5183956ff2bb60eaf95c61fa2a047	DASHI/Physics/Chemistry/AtomicEvidenceObligationBridgeExact.agda	3322393a1c8129e0190a50f4c64eb5fcc544c779cf5141e66ba957f5cc2bcec9
agent/evidence-polarity-cross-pollination	2dbbe3d460a5183956ff2bb60eaf95c61fa2a047	DASHI/Physics/Chemistry/AtomicForceSectorSeparation.agda	f131b5ecdf5e4a9968ebef4841f68ddd07eb17b82dacefe853bb404f07b1e735
agent/evidence-polarity-cross-pollination	2dbbe3d460a5183956ff2bb60eaf95c61fa2a047	DASHI/Physics/Chemistry/AtomicOrbitDiameterControl.agda	f701bfb9637f2d2401814f93f64bab4b975dfcb85f7e09489047d51f89c62d42
agent/evidence-polarity-cross-pollination	2dbbe3d460a5183956ff2bb60eaf95c61fa2a047	DASHI/Physics/Chemistry/AtomicPeriodicTableRecoveryBoundary.agda	806ebdb2b9c18eedb34388b006e0aa8bb0298db9edc666e86188c1637ad88c78
agent/evidence-polarity-cross-pollination	2dbbe3d460a5183956ff2bb60eaf95c61fa2a047	DASHI/Physics/Chemistry/AtomicShellRecurrence.agda	442bc091efe6342c3125769c5d87b412b2129df7eb17558a4560c3d7876dd869
agent/evidence-polarity-cross-pollination	2dbbe3d460a5183956ff2bb60eaf95c61fa2a047	DASHI/Physics/CliffordBridge.agda	566f0fb07140ac0b3901e1fe2b5530dedeb855bf45c219743238809e56e65b91
agent/evidence-polarity-cross-pollination	2dbbe3d460a5183956ff2bb60eaf95c61fa2a047	DASHI/Physics/CliffordEvenLiftBridge.agda	49ec0c5c9e2e44d19cb503303ae119bd10a573b8d6a816f5b49dec1b1da20eea
agent/evidence-polarity-cross-pollination	2dbbe3d460a5183956ff2bb60eaf95c61fa2a047	DASHI/Physics/Closure/AbstractGaugeMatterBundle.agda	7717bfd209dc43335104f4a320e920895c307a2db9e8e6b094e63ffacc5ec99f
agent/evidence-polarity-cross-pollination	2dbbe3d460a5183956ff2bb60eaf95c61fa2a047	DASHI/Physics/Closure/AlternativeCarrierSignatureStress.agda	106812d550ef0813cf4d8130c97ac2b678a0b221c5543b9ca580e0b0a86d5743
agent/evidence-polarity-cross-pollination	2dbbe3d460a5183956ff2bb60eaf95c61fa2a047	DASHI/Physics/Closure/ArithmeticDistortionBudget.agda	589602472d50e52c910e2f4155fc65dd374e04c96ba646c422edbae1d4249a39
agent/evidence-polarity-cross-pollination	2dbbe3d460a5183956ff2bb60eaf95c61fa2a047	DASHI/Physics/Closure/AtomExtendedCarrierFrameReceipt.agda	e373b9aeb34934b69dfc946aaa377fcbf8c28d246a8e79684f893c466f4c15b3
agent/evidence-polarity-cross-pollination	2dbbe3d460a5183956ff2bb60eaf95c61fa2a047	DASHI/Physics/Closure/AtomProgrammeFrontierReceipt.agda	75184a55b717999ed4bfc6153fc1e1fbeca5aab8bb59ce0165beee904ac70c43
agent/evidence-polarity-cross-pollination	2dbbe3d460a5183956ff2bb60eaf95c61fa2a047	DASHI/Physics/Closure/AtomicChemistryRecoveryTheorem.agda	b15404a97c815bb5e828aa7b245c39d66961e437a8cc7b02b20b79a8975a4490
agent/evidence-polarity-cross-pollination	2dbbe3d460a5183956ff2bb60eaf95c61fa2a047	DASHI/Physics/Closure/AtomicChemistryRightLimitsAdapter.agda	791d6ef805cb8d7c9bf7114067228e0002de46d9c416c52326164d4ffc94a02e
agent/evidence-polarity-cross-pollination	2dbbe3d460a5183956ff2bb60eaf95c61fa2a047	DASHI/Physics/Closure/AtomicPhotonuclearContactGateTheorem.agda	65a46a840dca0631b04a578ce358c6dd5b439cb64baf684f9c83f434934000fd
agent/evidence-polarity-cross-pollination	2dbbe3d460a5183956ff2bb60eaf95c61fa2a047	DASHI/Physics/Closure/AubinLionsBound3Full.agda	2d2fb1dc4027f3e87e10da6a8f56af05566e10e3c7102aac96509ab9f53362d8
agent/evidence-polarity-cross-pollination	2dbbe3d460a5183956ff2bb60eaf95c61fa2a047	DASHI/Physics/Closure/AubinLionsBound3Receipt.agda	e5c08b8517f9d2271fc06f1bf39e45d45263212a8fa09a86cbde04a2968cbd5f
agent/evidence-polarity-cross-pollination	2dbbe3d460a5183956ff2bb60eaf95c61fa2a047	DASHI/Physics/Closure/BalabanRGMassGapReceiptSurface.agda	cbdb0207ebf1f4111bb1d4245eeb47161e819fd23c26cd93a207873425a4bfa3
agent/evidence-polarity-cross-pollination	2dbbe3d460a5183956ff2bb60eaf95c61fa2a047	DASHI/Physics/Closure/BalancedTernaryContinuousEnvelope.agda	e08a5a8361f6b5f513af4330c80e8b878dc12ef11973ba1c76636cc79311a215
agent/evidence-polarity-cross-pollination	2dbbe3d460a5183956ff2bb60eaf95c61fa2a047	DASHI/Physics/Closure/BalancedTritFieldSemanticsReceipt.agda	e173a830a20dc686973a4dbc24c3fe535ae93f144d08ee5b916b95691ace3f2c
agent/evidence-polarity-cross-pollination	2dbbe3d460a5183956ff2bb60eaf95c61fa2a047	DASHI/Physics/Closure/BalancedTritRestEnergyReceipt.agda	5650c940b98ceb2c3d78f0bd0121bf9cc54e29896a091d75e2110d0c4bbee106
agent/evidence-polarity-cross-pollination	2dbbe3d460a5183956ff2bb60eaf95c61fa2a047	DASHI/Physics/Closure/Basin.agda	2e1016aad95e43a8a20336c9975e9b8863d362019ed961212bfe0cbd95314ec6
agent/evidence-polarity-cross-pollination	2dbbe3d460a5183956ff2bb60eaf95c61fa2a047	DASHI/Physics/Closure/BetaCriticalReceipt.agda	0c086122120ac61d56ea475afd712eebb34462b7d7140cd30dfca600d1182aae
agent/evidence-polarity-cross-pollination	2dbbe3d460a5183956ff2bb60eaf95c61fa2a047	DASHI/Physics/Closure/BidirectionalBrainObservationQuotient.agda	27fad56f7f181b1c5d3b580796e1fd096777deae8f52d6b1c6fa48ba0124812a
agent/evidence-polarity-cross-pollination	2dbbe3d460a5183956ff2bb60eaf95c61fa2a047	DASHI/Physics/Closure/BlockerKillConditions.agda	5ad2649cba62a34519852bf5e7a8607f3ee6be920c2f94c8a78a9720aef026da
agent/evidence-polarity-cross-pollination	2dbbe3d460a5183956ff2bb60eaf95c61fa2a047	DASHI/Physics/Closure/BlockerKillConditionsBase.agda	1375227eb180004b24d1b54f2e61732e60649ce9a5c14f0a1022c6979451dfbf
agent/evidence-polarity-cross-pollination	2dbbe3d460a5183956ff2bb60eaf95c61fa2a047	DASHI/Physics/Closure/BraidGroupedKPReceipt.agda	3dcb0358ec48a5088e246a36fe495e10dfad4b3ce4368011d5d8406079701015
agent/evidence-polarity-cross-pollination	2dbbe3d460a5183956ff2bb60eaf95c61fa2a047	DASHI/Physics/Closure/BrainConnectomeFMRIObservationQuotient.agda	2e3cf3977b7f0d772618eb917d779fd89487545c64f5071111175389ffd161c5
agent/evidence-polarity-cross-pollination	2dbbe3d460a5183956ff2bb60eaf95c61fa2a047	DASHI/Physics/Closure/BruhatTitsBraidKPReductionReceipt.agda	63a0e18983f12b95697c566f9f53363f9086b1b4ce186319e46a834e290756b2
agent/evidence-polarity-cross-pollination	2dbbe3d460a5183956ff2bb60eaf95c61fa2a047	DASHI/Physics/Closure/BruhatTitsCarrierGaugeFixingReceipt.agda	79fa1bc1b9955f7c77d05b20e7a024ed6e58ff85abb4a7ffdf49f68a775a8e4b
agent/evidence-polarity-cross-pollination	2dbbe3d460a5183956ff2bb60eaf95c61fa2a047	DASHI/Physics/Closure/CancellationPressureCompatibilityNextObligation.agda	d5937c139b3d6e917ec2274e53a646a2fdbea3887363bc92f2542971f0d63ca6
agent/evidence-polarity-cross-pollination	2dbbe3d460a5183956ff2bb60eaf95c61fa2a047	DASHI/Physics/Closure/CancellationPressureRetargetConsumerObligation.agda	914eab6bfb3e76be24e110b43d05e0997a08d7b8430edca473c919f1e9965b58
agent/evidence-polarity-cross-pollination	2dbbe3d460a5183956ff2bb60eaf95c61fa2a047	DASHI/Physics/Closure/CanonicalAbstractGaugeMatterInstance.agda	be661883d12258d6ff46e1f9c930fba9d2be2f749a30bc38c86f142a9661bb87
agent/evidence-polarity-cross-pollination	2dbbe3d460a5183956ff2bb60eaf95c61fa2a047	DASHI/Physics/Closure/CanonicalChamberToShiftWitnessBridgeInstance.agda	476f6349caccfaccc5cae3efd2e5663e3d7c0c9730e7c7e4ad917a4ec29f200d
agent/evidence-polarity-cross-pollination	2dbbe3d460a5183956ff2bb60eaf95c61fa2a047	DASHI/Physics/Closure/CanonicalClosureCoarseObservable.agda	ce70fe786c093637df338a6f77cfbc4a34ff95d620acd08c597b60ed86309dd2
agent/evidence-polarity-cross-pollination	2dbbe3d460a5183956ff2bb60eaf95c61fa2a047	DASHI/Physics/Closure/CanonicalClosureFibre.agda	f7b32673b88138b7c344f941a026b13aa014678a32a122d90024f00cc1a88443
agent/evidence-polarity-cross-pollination	2dbbe3d460a5183956ff2bb60eaf95c61fa2a047	DASHI/Physics/Closure/CanonicalClosureFibreEigenShadowObstruction.agda	dc4f6193e08b0dfa708ca11ff8949918cb5a97674086a0201a9ed73b33608e2e
agent/evidence-polarity-cross-pollination	2dbbe3d460a5183956ff2bb60eaf95c61fa2a047	DASHI/Physics/Closure/CanonicalClosureFibreFields.agda	237dd1c2ccbacda516f10e99939ea365b15cec848895c8bc3889bdd89124834a
agent/evidence-polarity-cross-pollination	2dbbe3d460a5183956ff2bb60eaf95c61fa2a047	DASHI/Physics/Closure/CanonicalClosureFibreOrbitSummaryControl.agda	887ccb5a68cc91ea3053fb686b0c2bd2a7aa1b292494de7ab44f50185c360b8c
agent/evidence-polarity-cross-pollination	2dbbe3d460a5183956ff2bb60eaf95c61fa2a047	DASHI/Physics/Closure/CanonicalClosureShiftMdlScheduleBridge.agda	d362326f231b211b50a120b4735b052548eb6fa8cbe39fefa23bbad49fd5b761
agent/evidence-polarity-cross-pollination	2dbbe3d460a5183956ff2bb60eaf95c61fa2a047	DASHI/Physics/Closure/CanonicalClosureShiftScheduleBridge.agda	08960754ab493c483775a9a4d3a3050123209dbc58b938dfa47cdba926ed5a75
agent/evidence-polarity-cross-pollination	2dbbe3d460a5183956ff2bb60eaf95c61fa2a047	DASHI/Physics/Closure/CanonicalCodecAtomReceipt.agda	46523a851aaaa2a176e72445c3e06d0e7f35f92e64fb006b0381e7869b589c6f
agent/evidence-polarity-cross-pollination	2dbbe3d460a5183956ff2bb60eaf95c61fa2a047	DASHI/Physics/Closure/CanonicalConstraintClosureStatus.agda	953b274895778c610c97ddfae280b6a3bf5d67a6507ddc8d2c532516f6512339
agent/evidence-polarity-cross-pollination	2dbbe3d460a5183956ff2bb60eaf95c61fa2a047	DASHI/Physics/Closure/CanonicalConstraintClosureTheorem.agda	6a71f92591fe9d9a61bc6b3420851f6642e7824c06927132c5d5ea8b070c72b9
agent/evidence-polarity-cross-pollination	2dbbe3d460a5183956ff2bb60eaf95c61fa2a047	DASHI/Physics/Closure/CanonicalConstraintClosureWitness.agda	8e1fe0b4eea91a80a1950dd7e4a8d5310f21587c7bd7ea5efaf9eba580198925
agent/evidence-polarity-cross-pollination	2dbbe3d460a5183956ff2bb60eaf95c61fa2a047	DASHI/Physics/Closure/CanonicalConstraintGaugePackage.agda	1f51e99c98043f02a80ca2736a930fd34d4256a66fcbed26d2fb26df4b5c7c28
agent/evidence-polarity-cross-pollination	2dbbe3d460a5183956ff2bb60eaf95c61fa2a047	DASHI/Physics/Closure/CanonicalContractionToCliffordBridgeTheorem.agda	9a31c4cd7ca046e2756b9373f876df4b922e859e42a2a2febe7e1d9a5e28b6b3
agent/evidence-polarity-cross-pollination	2dbbe3d460a5183956ff2bb60eaf95c61fa2a047	DASHI/Physics/Closure/CanonicalDynamicsLawTheorem.agda	a2150c286393cbe3411187877dae6b93f5f84be3ea1838e051075b74c7d365c4
agent/evidence-polarity-cross-pollination	2dbbe3d460a5183956ff2bb60eaf95c61fa2a047	DASHI/Physics/Closure/CanonicalGaugeConstraintBridgeTheorem.agda	0440687353fe6077568f468788ee903869ff533fcb7cc7b6ee8767ec7c4a40aa
agent/evidence-polarity-cross-pollination	2dbbe3d460a5183956ff2bb60eaf95c61fa2a047	DASHI/Physics/Closure/CanonicalGaugeContractTheorem.agda	87c36a45948ab78643c145f0f8a653f6fe0ee6eee371556a2773a56471596a0b
agent/evidence-polarity-cross-pollination	2dbbe3d460a5183956ff2bb60eaf95c61fa2a047	DASHI/Physics/Closure/CanonicalGaugeMatterInterpretableObservableTheorem.agda	3ff272138514d19e1d3e52a3c33f3a08535dfcbc9bb69b8e1084e4bc2483981f
agent/evidence-polarity-cross-pollination	2dbbe3d460a5183956ff2bb60eaf95c61fa2a047	DASHI/Physics/Closure/CanonicalGaugeMatterRecoveredMatterFieldTheorem.agda	12fb81420639ae39d197cd822b4ab58d5f073e4ff2265e6db2a3dba9b8d7b5b1
agent/evidence-polarity-cross-pollination	2dbbe3d460a5183956ff2bb60eaf95c61fa2a047	DASHI/Physics/Closure/CanonicalGaugeMatterStrengtheningTheorem.agda	1864159d986085bcfc83c46cf9076a10709ce5824300861d80f407de4fa12859
agent/evidence-polarity-cross-pollination	2dbbe3d460a5183956ff2bb60eaf95c61fa2a047	DASHI/Physics/Closure/CanonicalGeometryConsumer.agda	a54bde038bb329b03d34ef4f8ba8ca49d4aee674c382bd6557f5713deb509444
agent/evidence-polarity-cross-pollination	2dbbe3d460a5183956ff2bb60eaf95c61fa2a047	DASHI/Physics/Closure/CanonicalObservableConsumer.agda	291572f9b361f0e35f32f739f62e4365703ad228055c5e791c386f02b203d8c1
agent/evidence-polarity-cross-pollination	2dbbe3d460a5183956ff2bb60eaf95c61fa2a047	DASHI/Physics/Closure/CanonicalP2KeyScheduleBridgeObstruction.agda	38413e181723384d33cb30fc3df29b9b2767fc9eda29d0845d3fc4c113bf2a7e
agent/evidence-polarity-cross-pollination	2dbbe3d460a5183956ff2bb60eaf95c61fa2a047	DASHI/Physics/Closure/CanonicalP2OfflineL2ObstructionCertificate.agda	9e9e6fc89a026569e0680a1f98aff8b21aea70aa97273666cddb467b4e6113dc
agent/evidence-polarity-cross-pollination	2dbbe3d460a5183956ff2bb60eaf95c61fa2a047	DASHI/Physics/Closure/CanonicalPropagationConsumer.agda	7ebca10b225f2c0902b5793f5d9b5590dc5d829282382ea5b92567f05675f2bf
agent/evidence-polarity-cross-pollination	2dbbe3d460a5183956ff2bb60eaf95c61fa2a047	DASHI/Physics/Closure/CanonicalRegimeConsumer.agda	9e8603c44195be8c2f4b1206d3f11a4e25c2376ce261433c0fd47783b4ddda79
agent/evidence-polarity-cross-pollination	2dbbe3d460a5183956ff2bb60eaf95c61fa2a047	DASHI/Physics/Closure/CanonicalScheduleIndependentNaturalChargeLaw.agda	b8e17e69bcd83aba35467eef479015f8a20dce1121ae9490c956af8a173c736c
agent/evidence-polarity-cross-pollination	2dbbe3d460a5183956ff2bb60eaf95c61fa2a047	DASHI/Physics/Closure/CanonicalScheduleIndependentNaturalChargeNextIngredientGap.agda	35948f53d06adac8e3f819e418ca572b207f74e37a26f66ff679ad6ead32f1d1
agent/evidence-polarity-cross-pollination	2dbbe3d460a5183956ff2bb60eaf95c61fa2a047	DASHI/Physics/Closure/CanonicalScheduleIndependentNaturalChargeWideningObstruction.agda	6ce15952da2b1870c0340384a1bc32a0b992b3390eeb368a707ffd2178fded1b
agent/evidence-polarity-cross-pollination	2dbbe3d460a5183956ff2bb60eaf95c61fa2a047	DASHI/Physics/Closure/CanonicalSpinDiracConsumer.agda	a489395aa7d8f7e139dd0944a836068c34bf5cfa70180c6bcaa43cca6522349d
agent/evidence-polarity-cross-pollination	2dbbe3d460a5183956ff2bb60eaf95c61fa2a047	DASHI/Physics/Closure/CanonicalToNoncanonicalCoarseRecoveryIdentification.agda	ee961b93d4a12a11d130a4e06b9e36c5fc3130c04d60a360b4fbff0524ac749b
agent/evidence-polarity-cross-pollination	2dbbe3d460a5183956ff2bb60eaf95c61fa2a047	DASHI/Physics/Closure/CanonicalToNoncanonicalMdlCRAdmissibilityWitness.agda	d8b2b4cdf2f4aa8a7d2e97b11e7b34b90df22a3930d4fcf6761649d96a1d0786
agent/evidence-polarity-cross-pollination	2dbbe3d460a5183956ff2bb60eaf95c61fa2a047	DASHI/Physics/Closure/CanonicalToNoncanonicalMdlCRChannelMismatchFamily.agda	348f5dfc8354cd33bcb91d3cbcbeb0d011cd37465f9fd111e3ed665b59cbc375
agent/evidence-polarity-cross-pollination	2dbbe3d460a5183956ff2bb60eaf95c61fa2a047	DASHI/Physics/Closure/CanonicalToNoncanonicalMdlCRCrossChannelObstruction.agda	00f564c637e044364e66638e5a17b4d9103e01ec58c72824f110cb30e64fb198
agent/evidence-polarity-cross-pollination	2dbbe3d460a5183956ff2bb60eaf95c61fa2a047	DASHI/Physics/Closure/CanonicalToNoncanonicalMdlCRRetargetRequirement.agda	94efe5afc1c0daea0a5b8da9023b8f51856fb9900e799971039c6043f1413cb3
agent/evidence-polarity-cross-pollination	2dbbe3d460a5183956ff2bb60eaf95c61fa2a047	DASHI/Physics/Closure/CanonicalToNoncanonicalMdlCRRetargetedChannel.agda	de936646bb40bc51ccf7e793e6b64990c20f9d1dd7932b5322e180494bfb5f7d
agent/evidence-polarity-cross-pollination	2dbbe3d460a5183956ff2bb60eaf95c61fa2a047	DASHI/Physics/Closure/CanonicalToNoncanonicalMdlCurrentCarrierObstruction.agda	eaf37f03bf42e2d0d806600757dd7ec6c64ca1db462431bda2d13928906be9f1
agent/evidence-polarity-cross-pollination	2dbbe3d460a5183956ff2bb60eaf95c61fa2a047	DASHI/Physics/Closure/CanonicalToNoncanonicalMdlGlobalObligationImpossible.agda	0c0bbce6e910314eed89ffc710c1342b92c2bb95496c0b32cc69ec9ad56a8c9e
agent/evidence-polarity-cross-pollination	2dbbe3d460a5183956ff2bb60eaf95c61fa2a047	DASHI/Physics/Closure/CanonicalToNoncanonicalMdlNextIngredientGap.agda	8da46852150ac304cf2359fc2dc66207fa8813f0267e58388b9d26cc7c7cc183
agent/evidence-polarity-cross-pollination	2dbbe3d460a5183956ff2bb60eaf95c61fa2a047	DASHI/Physics/Closure/CanonicalToNoncanonicalMdlRetargetFinalSeamObligation.agda	5a2283db4127254bda62e50c9e00f73818756ad39f75618e44a3d77470ece04c
agent/evidence-polarity-cross-pollination	2dbbe3d460a5183956ff2bb60eaf95c61fa2a047	DASHI/Physics/Closure/CanonicalToNoncanonicalMdlRetargetPolicyDecision.agda	fe7be8ab6689cae9ded02d5640114224f07b337a8133cbffb738449e189ea852
agent/evidence-polarity-cross-pollination	2dbbe3d460a5183956ff2bb60eaf95c61fa2a047	DASHI/Physics/Closure/CanonicalToNoncanonicalMdlSeamTheorem.agda	2c4f535dde2a338dae08dd11152f781c7f97aeffe960f4e7704657187244a195
agent/evidence-polarity-cross-pollination	2dbbe3d460a5183956ff2bb60eaf95c61fa2a047	DASHI/Physics/Closure/CanonicalToNoncanonicalScheduleMdlAlignmentBlocker.agda	a7ff7c82df217d98c6b724f9f075d04f33cd62e6e8275367f9e6caa1972f1445
agent/evidence-polarity-cross-pollination	2dbbe3d460a5183956ff2bb60eaf95c61fa2a047	DASHI/Physics/Closure/CarrierBraidStructureReceipt.agda	da0ed24013dcea0088117060ab1195d891712b6bfab77a7d5e8b564f67480f99
agent/evidence-polarity-cross-pollination	2dbbe3d460a5183956ff2bb60eaf95c61fa2a047	DASHI/Physics/Closure/CarrierFactorVecInjectivityOSPositivity.agda	7a853dff0ed7131393081dd794bd34ff4590a476df8c2b25ad23a0381ce06e14
agent/evidence-polarity-cross-pollination	2dbbe3d460a5183956ff2bb60eaf95c61fa2a047	DASHI/Physics/Closure/CarrierLatticeYMDefinitionReceipt.agda	e0fe4617b2d76666bff1db59137931331f0aa1c0450a237a18f792dc12de7e5f
agent/evidence-polarity-cross-pollination	2dbbe3d460a5183956ff2bb60eaf95c61fa2a047	DASHI/Physics/Closure/CarrierNSSmoothConvergenceReceipt.agda	c7475711b91acb76881fdb2ac0fefd3baddf30ca6635b761f72c08bfe48eb35a
agent/evidence-polarity-cross-pollination	2dbbe3d460a5183956ff2bb60eaf95c61fa2a047	DASHI/Physics/Closure/CarrierPhaseStructureReceipt.agda	82a3d7b9faa185c2f6b9935b1b01fea661810f0f1370e68a21e7ad240013769e
agent/evidence-polarity-cross-pollination	2dbbe3d460a5183956ff2bb60eaf95c61fa2a047	DASHI/Physics/Closure/CarrierRGTrajectoryYMReceipt.agda	057b7bc4973ec984305cd02f038ae7fdc50c51199ce6098d057924dca316724e
agent/evidence-polarity-cross-pollination	2dbbe3d460a5183956ff2bb60eaf95c61fa2a047	DASHI/Physics/Closure/CarrierRenormalizationGroupScaleReceipt.agda	6da4f08f37c894664a8246efbb485565785bc39933ae562492df0e524c8edb88
agent/evidence-polarity-cross-pollination	2dbbe3d460a5183956ff2bb60eaf95c61fa2a047	DASHI/Physics/Closure/CarrierVEVReceipt.agda	b0fff090e034ed93bed060edd52afc122b27d4887fd51d70fdcb791b994a38bc
agent/evidence-polarity-cross-pollination	2dbbe3d460a5183956ff2bb60eaf95c61fa2a047	DASHI/Physics/Closure/ChemistryPhysicalHandoffDiagnostic.agda	af493de79c93a47127b554602447a47b34e65523a032f1ef4e38ab7785c00514
agent/evidence-polarity-cross-pollination	2dbbe3d460a5183956ff2bb60eaf95c61fa2a047	DASHI/Physics/Closure/ChemistryRightLimitsGateTheorem.agda	1df706877d911bf0111226136978cc8d2cfe5e128ab368ab9c9c6efeb927402b
agent/evidence-polarity-cross-pollination	2dbbe3d460a5183956ff2bb60eaf95c61fa2a047	DASHI/Physics/Closure/ChemistryRightLimitsInterpretationContract.agda	b4a5474e1ae032dbd123a870c3bbe834501680c71ec61d723ce37ed1ac325cb9
agent/evidence-polarity-cross-pollination	2dbbe3d460a5183956ff2bb60eaf95c61fa2a047	DASHI/Physics/Closure/ChemistryRightLimitsPromotedObservableCouplingLaw.agda	3e4ffcd7815ea244234a03febdaeb0ce8d14fa9e3ed6dc39ce8811d5f3596d9b
agent/evidence-polarity-cross-pollination	2dbbe3d460a5183956ff2bb60eaf95c61fa2a047	DASHI/Physics/Closure/ChemistryRightLimitsQuotientCrossBandCandidate256Shape.agda	7da1f4627ed34f47112b201259604e0682aad49fb69089a845dfdb5c7deabbdb
agent/evidence-polarity-cross-pollination	2dbbe3d460a5183956ff2bb60eaf95c61fa2a047	DASHI/Physics/Closure/ChemistryRightLimitsQuotientCrossBandCandidate256Witness.agda	336eeb54b7cbd346b589f68b00fb8746fc08e75e84a66cf93742b392b0ef598b
agent/evidence-polarity-cross-pollination	2dbbe3d460a5183956ff2bb60eaf95c61fa2a047	DASHI/Physics/Closure/ChemistryRightLimitsQuotientCrossBandCouplingRequirement.agda	1badf508cb7409f5725f6fab6b8114cad383f7b50426a01e79c3ace2349ce09a
agent/evidence-polarity-cross-pollination	2dbbe3d460a5183956ff2bb60eaf95c61fa2a047	DASHI/Physics/Closure/ChemistryRightLimitsQuotientObservable.agda	9422d2c34b0040ddc812e1514b02c3dd73340051d9302e3b9093e4367e7f098e
agent/evidence-polarity-cross-pollination	2dbbe3d460a5183956ff2bb60eaf95c61fa2a047	DASHI/Physics/Closure/ChemistryRightLimitsQuotientObservableCouplingLaw.agda	deacdb367eda32444f924cef9e37a66d7c7f661ac4e194490207b8a8a4b6704a
agent/evidence-polarity-cross-pollination	2dbbe3d460a5183956ff2bb60eaf95c61fa2a047	DASHI/Physics/Closure/ChemistryStrictPhysicalSemanticsBlocker.agda	0b5e24f384c6bf059493b171aceb8e92d6bf52bb6f8b6bda5b4c86cd50164bbc
agent/evidence-polarity-cross-pollination	2dbbe3d460a5183956ff2bb60eaf95c61fa2a047	DASHI/Physics/Closure/Chi2CanonicalPoolObservationCandidate.agda	948637f9e39841fa31c995e5546660d9eb38d3ff7e97aff90e36103474c620d1
agent/evidence-polarity-cross-pollination	2dbbe3d460a5183956ff2bb60eaf95c61fa2a047	DASHI/Physics/Closure/Chi2FixedPointCarrierTransportObstruction.agda	c9f37d3060c97c49f8814fefba6b7f5420cdfaa86ccd19d14785aeecf67549ff
agent/evidence-polarity-cross-pollination	2dbbe3d460a5183956ff2bb60eaf95c61fa2a047	DASHI/Physics/Closure/Chi2NonForgettingSameSurfaceObstruction.agda	f62033ffd15fe724c1549359e552b2beb13be2c04c74a7d3b3c91d0a2b4eed0d
agent/evidence-polarity-cross-pollination	2dbbe3d460a5183956ff2bb60eaf95c61fa2a047	DASHI/Physics/Closure/Chi2ToShiftPressureTransportCandidate.agda	127074ece1d0774ac279a93f5a4cff1e0eeb088c9eb06945b88affd36828406f
agent/evidence-polarity-cross-pollination	2dbbe3d460a5183956ff2bb60eaf95c61fa2a047	DASHI/Physics/Closure/Chi2TransportDynamicsToFixedPointBridge.agda	7ea0d777ec0b9b646fdfacff4810d1ca21b9c128a093eda57bfd5bdc3866e2ce
agent/evidence-polarity-cross-pollination	2dbbe3d460a5183956ff2bb60eaf95c61fa2a047	DASHI/Physics/Closure/ClayBlockerUpdateReceipt.agda	4b6ad6c8ab4d74ac3986df70bc28d3f8107e3c2f3bf06d6748d46e45beed58c5
agent/evidence-polarity-cross-pollination	2dbbe3d460a5183956ff2bb60eaf95c61fa2a047	DASHI/Physics/Closure/ClayBothBlockerMapReceipt.agda	c2597350e004317d0430b589b0f960a5ccbc5877e544ee900d99dc4d22d538c3
agent/evidence-polarity-cross-pollination	2dbbe3d460a5183956ff2bb60eaf95c61fa2a047	DASHI/Physics/Closure/ClayMillenniumClosureTargetReceipt.agda	a821f1af07ed6275339d824299dc4bb3fff8216ce62a49a5431343f2d6e77919
agent/evidence-polarity-cross-pollination	2dbbe3d460a5183956ff2bb60eaf95c61fa2a047	DASHI/Physics/Closure/ClayYMProofRoadmapReceipt.agda	ff0a885e72ed22d676b4b81fb9a0b22ea485118966c1b14311656e81984c77ff
agent/evidence-polarity-cross-pollination	2dbbe3d460a5183956ff2bb60eaf95c61fa2a047	DASHI/Physics/Closure/CliffordToEvenWaveLiftBridgeTheorem.agda	28d593798bce572da8ca54332ca8253463d579994af1b8b6e1effc4d20d4488c
agent/evidence-polarity-cross-pollination	2dbbe3d460a5183956ff2bb60eaf95c61fa2a047	DASHI/Physics/Closure/ClosedShellStabilityGateTheorem.agda	3feb400bbf9a7cfc5708ec9e740103e126e069d117335bfa59b9413fe2e35257
agent/evidence-polarity-cross-pollination	2dbbe3d460a5183956ff2bb60eaf95c61fa2a047	DASHI/Physics/Closure/ClosestPointAxiomsShift.agda	584684e8ae4db4859b182097340540d60f0ece48f69932b1127b07cb445a6a14
agent/evidence-polarity-cross-pollination	2dbbe3d460a5183956ff2bb60eaf95c61fa2a047	DASHI/Physics/Closure/ClosureObservableWitness.agda	401a6f35268d845c295881d843fa5b436a611547d39ca2a87f59a32d990f406a
agent/evidence-polarity-cross-pollination	2dbbe3d460a5183956ff2bb60eaf95c61fa2a047	DASHI/Physics/Closure/ColimitGapLiftOnHamiltonian.agda	db676619e0441d6275a4749c8aa8802ab570e14c7e56c676db695b1dff61200a
agent/evidence-polarity-cross-pollination	2dbbe3d460a5183956ff2bb60eaf95c61fa2a047	DASHI/Physics/Closure/ConstraintClosureFromCanonicalPackage.agda	e1ce83f4fcf7392364a097e2f8ebdc6ad12411200e92cfa8d928d8afe956a2ec
agent/evidence-polarity-cross-pollination	2dbbe3d460a5183956ff2bb60eaf95c61fa2a047	DASHI/Physics/Closure/ConstraintClosureFromCanonicalPathTheorem.agda	9b672bf2b43815390cb0ee19d41221ca511eda2ce503e4926da7860f22529a56
agent/evidence-polarity-cross-pollination	2dbbe3d460a5183956ff2bb60eaf95c61fa2a047	DASHI/Physics/Closure/ContinuumClayMassGapReceiptObligation.agda	9f676424976f5d7e4aac190d8851625478e229bfed7eabcc1af87fc8f54041d7
agent/evidence-polarity-cross-pollination	2dbbe3d460a5183956ff2bb60eaf95c61fa2a047	DASHI/Physics/Closure/ContinuumLimitTheorem.agda	ae21b9287591a468562a635302eaeece7ef9d71ea9ceb17918029f6485114768
agent/evidence-polarity-cross-pollination	2dbbe3d460a5183956ff2bb60eaf95c61fa2a047	DASHI/Physics/Closure/ContractionDiffusionPair.agda	ced502968137fc81c680355b00d02cf6c76a02601d1b312d1e3fcb813ec5940b
agent/evidence-polarity-cross-pollination	2dbbe3d460a5183956ff2bb60eaf95c61fa2a047	DASHI/Physics/Closure/ContractionForcesQuadraticStrong.agda	4f7fe3b31b635528a8ceec3dd178b4aee364fb47749aa987136064207821590c
agent/evidence-polarity-cross-pollination	2dbbe3d460a5183956ff2bb60eaf95c61fa2a047	DASHI/Physics/Closure/ContractionForcesQuadraticTheorem.agda	86135d373a821656507e56ccb39f7e3ab5d9f557a1a35c9234b28e8a7ec341e1
agent/evidence-polarity-cross-pollination	2dbbe3d460a5183956ff2bb60eaf95c61fa2a047	DASHI/Physics/Closure/ContractionQuadraticToSignatureBridgeTheorem.agda	9cebe1a0f160f26986e1541604896ec36056f451eeb33a53ec6b4eca24726b2e
agent/evidence-polarity-cross-pollination	2dbbe3d460a5183956ff2bb60eaf95c61fa2a047	DASHI/Physics/Closure/ContractionSignatureToSpinDiracBridgeTheorem.agda	6464381f32680c64c3ff3cfc2f4e50c7ceb7426ed31abc991c96ff374342ec2f
agent/evidence-polarity-cross-pollination	2dbbe3d460a5183956ff2bb60eaf95c61fa2a047	DASHI/Physics/Closure/DASHIPhysicsClosureW9LyapunovAdapterReceipt.agda	7d55ef767a44551546d5826e1cb21aaf2fc683466bd55fc7f6d3c9f87718be05
agent/evidence-polarity-cross-pollination	2dbbe3d460a5183956ff2bb60eaf95c61fa2a047	DASHI/Physics/Closure/DefectCollapseShiftInstance.agda	97df813106a3b2c8bd1d40a2a5009d343f5d898efceaa611bad4bef64e8f00ed
agent/evidence-polarity-cross-pollination	2dbbe3d460a5183956ff2bb60eaf95c61fa2a047	DASHI/Physics/Closure/DeltaQuadraticDistortion.agda	a54e19f302239ea9375c13b8c822da7071ba79ea1e3e8375c66342d5ab1e10f9
agent/evidence-polarity-cross-pollination	2dbbe3d460a5183956ff2bb60eaf95c61fa2a047	DASHI/Physics/Closure/DeltaToQuadraticBridgeTheorem.agda	aa1278d746a9bbd5632df50e3c06df7e2ad9e66680c9c7de9b9c1a68e9e7a150
agent/evidence-polarity-cross-pollination	2dbbe3d460a5183956ff2bb60eaf95c61fa2a047	DASHI/Physics/Closure/DialecticalAccumulationReceipt.agda	7703943fc03d94f64f0eccbaa4779a653871ebe47a921a04d5403ad3fc0707d5
agent/evidence-polarity-cross-pollination	2dbbe3d460a5183956ff2bb60eaf95c61fa2a047	DASHI/Physics/Closure/DialecticalAtomFrontierReceipt.agda	92308a021278cebc14b94a57cb3dd5f6217dc1ab3bd8106f49863b578a0ffcc1
agent/evidence-polarity-cross-pollination	2dbbe3d460a5183956ff2bb60eaf95c61fa2a047	DASHI/Physics/Closure/DialecticalBraidDepthReceipt.agda	d72c019b35e8e6ddd580d6b00f9403ec3e8c626ed37285f86a136736e7169851
agent/evidence-polarity-cross-pollination	2dbbe3d460a5183956ff2bb60eaf95c61fa2a047	DASHI/Physics/Closure/DialecticalTetrationScaleReceipt.agda	2123329bff7416764666e41379bd4147830133f7200d1e0292b3986390818c53
agent/evidence-polarity-cross-pollination	2dbbe3d460a5183956ff2bb60eaf95c61fa2a047	DASHI/Physics/Closure/DiscreteBianchiIdentityReceipt.agda	48ea02e6af9108b0c2b2231fc9da026bb7db745b0ab29e6743ee5df64267a99e
agent/evidence-polarity-cross-pollination	2dbbe3d460a5183956ff2bb60eaf95c61fa2a047	DASHI/Physics/Closure/DiscreteConnectionCandidateFromCRT.agda	f5aa241b4deedbfac7fdb8c3ee1f4c92c95a6e9160ab5c7fba0f658392b66141
agent/evidence-polarity-cross-pollination	2dbbe3d460a5183956ff2bb60eaf95c61fa2a047	DASHI/Physics/Closure/DiscreteEinsteinTensorCandidate.agda	ba5d3ff6bb6b830cb3e2c75eaa6626ece8fb9cd3e365cbc1e66b7978dd4f5e1d
agent/evidence-polarity-cross-pollination	2dbbe3d460a5183956ff2bb60eaf95c61fa2a047	DASHI/Physics/Closure/DiscreteStokesBianchiObstruction.agda	74e187ee756ca51bf232c17d95510c8acb1e028ba53fe2425cf5d5a4efeed1e2
agent/evidence-polarity-cross-pollination	2dbbe3d460a5183956ff2bb60eaf95c61fa2a047	DASHI/Physics/Closure/DrellYanAdjacentRatioEmpiricalLaneReceipt.agda	6a02d5151e0e25d44c6b11808fb39eb8121022a35b925dba898c5ff6e826c52d
agent/evidence-polarity-cross-pollination	2dbbe3d460a5183956ff2bb60eaf95c61fa2a047	DASHI/Physics/Closure/DrellYanLogLinearShapeLawReceipt.agda	dd4c5f2a861bd1d21f8341708cdff72390fc4380d3440e99fb9160411c779b33
agent/evidence-polarity-cross-pollination	2dbbe3d460a5183956ff2bb60eaf95c61fa2a047	DASHI/Physics/Closure/DrellYanStrictLogLinearSubspaceReceipt.agda	3cdf7e27fd3361af6439b052a9ca88715f1546999b47069d1c252faf2c04c611
agent/evidence-polarity-cross-pollination	2dbbe3d460a5183956ff2bb60eaf95c61fa2a047	DASHI/Physics/Closure/DynamicalClosure.agda	02fe9e04e895e3501298bcd83dfdb6aadbdb02c56e159675ad50e5a388818fb1
agent/evidence-polarity-cross-pollination	2dbbe3d460a5183956ff2bb60eaf95c61fa2a047	DASHI/Physics/Closure/DynamicalClosureShiftInstance.agda	9934ce9fa085cd9d65f502efec3d6d7a595497815ef2799ac864c4843dbf0284
agent/evidence-polarity-cross-pollination	2dbbe3d460a5183956ff2bb60eaf95c61fa2a047	DASHI/Physics/Closure/DynamicalClosureShiftWitnessInstance.agda	1316e9973726fe9dac8bfad018e40cad44d5a7f98e7932b6ac63c49f41633bf9
agent/evidence-polarity-cross-pollination	2dbbe3d460a5183956ff2bb60eaf95c61fa2a047	DASHI/Physics/Closure/DynamicalClosureStatus.agda	b3c0b4e3d583070b2bf35a3d39323ee4e23dd2e2634ebff921d9967aaf299931
agent/evidence-polarity-cross-pollination	2dbbe3d460a5183956ff2bb60eaf95c61fa2a047	DASHI/Physics/Closure/DynamicalClosureWitness.agda	edec4970b7a523ff23f0139d3fd2f5df362d25860d6e56ffb009395f3e26f4af
agent/evidence-polarity-cross-pollination	2dbbe3d460a5183956ff2bb60eaf95c61fa2a047	DASHI/Physics/Closure/EinsteinEquationCandidate.agda	4d54ba39db84d0554d115438435e895f11ea7192e6eb07328418c2529507b14b
agent/evidence-polarity-cross-pollination	2dbbe3d460a5183956ff2bb60eaf95c61fa2a047	DASHI/Physics/Closure/EmpiricalAdequacyCarrierDiagnostic.agda	f20f66d9cc62bfe8912d8d46ab01c326369fa50cd225de8251fe003da86954fb
agent/evidence-polarity-cross-pollination	2dbbe3d460a5183956ff2bb60eaf95c61fa2a047	DASHI/Physics/Closure/EnergyClosestPointShiftInstance.agda	411eb37c8f46cf042acfaeac5bb55e8ea7ee8ae0eb6cb4cd014bbd47d59aacff
agent/evidence-polarity-cross-pollination	2dbbe3d460a5183956ff2bb60eaf95c61fa2a047	DASHI/Physics/Closure/EnergyShiftBase.agda	ba1f35acda24096f0fd53f94fcd22fa627a150650a7370335053646c4148bb22
agent/evidence-polarity-cross-pollination	2dbbe3d460a5183956ff2bb60eaf95c61fa2a047	DASHI/Physics/Closure/ExecutionAdmissibilityCurrentFamilyWitness.agda	49e6aad5fa1b13b5d63a843812530aaccfce993bf2a7b0c5c9cdaad24127cd4d
agent/evidence-polarity-cross-pollination	2dbbe3d460a5183956ff2bb60eaf95c61fa2a047	DASHI/Physics/Closure/ExecutionAdmissibilityCurrentTraceWitness.agda	50557d8c3928fc4fc8f29063e66b3ee61cbc79e11bd920bf424ccc94cffd15a6
agent/evidence-polarity-cross-pollination	2dbbe3d460a5183956ff2bb60eaf95c61fa2a047	DASHI/Physics/Closure/ExecutionAdmissibilityWitness.agda	42f1c7328bdfe1ca562baca6b16611c143e2ced03adc7e7706e85be302f119da
agent/evidence-polarity-cross-pollination	2dbbe3d460a5183956ff2bb60eaf95c61fa2a047	DASHI/Physics/Closure/ExecutionContract.agda	4deee1f5936beefe61f129792b01664080591b8293e5a64a60817882d02d8838
agent/evidence-polarity-cross-pollination	2dbbe3d460a5183956ff2bb60eaf95c61fa2a047	DASHI/Physics/Closure/ExecutionContractLaws.agda	551519b92b778c0adadf6b9f0d748eae74102638974f15d6ee4989eac486bb97
agent/evidence-polarity-cross-pollination	2dbbe3d460a5183956ff2bb60eaf95c61fa2a047	DASHI/Physics/Closure/FactorVecAverageVsSumReceipt.agda	956bbedae8b90edcc0a84c36304f177b4a0be151972ad20d1dbf63061580918b
agent/evidence-polarity-cross-pollination	2dbbe3d460a5183956ff2bb60eaf95c61fa2a047	DASHI/Physics/Closure/FactorVecDiscreteMetricTensorSurface.agda	e54aa4c69f2dd7103f8e478aaf8aa3b1748af08a0d13ee2d81967279bcb5c52d
agent/evidence-polarity-cross-pollination	2dbbe3d460a5183956ff2bb60eaf95c61fa2a047	DASHI/Physics/Closure/FactorVecFalsifiablePredictionLanes.agda	cce475ed1dc945039ffc4f5b8bbcd2fd88f85187a23573c517621bc227d1c356
agent/evidence-polarity-cross-pollination	2dbbe3d460a5183956ff2bb60eaf95c61fa2a047	DASHI/Physics/Closure/FiniteCarrierSpectralGapZ7Receipt.agda	27f10503f9bd3d46596db1872267d863eabd5330e8603cf7fdf749b9f408941d
agent/evidence-polarity-cross-pollination	2dbbe3d460a5183956ff2bb60eaf95c61fa2a047	DASHI/Physics/Closure/FiniteCuspHeckeSpectralFrontierReceipt.agda	eaaff029d2d4dbff03ac3f421290549a36c84e4153afbb694a919f0d7d48ef52
agent/evidence-polarity-cross-pollination	2dbbe3d460a5183956ff2bb60eaf95c61fa2a047	DASHI/Physics/Closure/FractranPrimeLaneValuationReceiptSurface.agda	3702d5915c97f83c9131ecd72fe562079a276a38e12a0ba2365e8cf37330df55
agent/evidence-polarity-cross-pollination	2dbbe3d460a5183956ff2bb60eaf95c61fa2a047	DASHI/Physics/Closure/FullAtomWithSpinPressureReceipt.agda	6a189ee1bc0a3d9c65d84dbdb7853fa825be0f6aa9a5c9c1e837734590f70020
agent/evidence-polarity-cross-pollination	2dbbe3d460a5183956ff2bb60eaf95c61fa2a047	DASHI/Physics/Closure/G2DiscreteCurvatureCarrier.agda	d94038fc078938087c715c5b1e2905abbd807e73baae0845c3d3ca9e6f1cfd53
agent/evidence-polarity-cross-pollination	2dbbe3d460a5183956ff2bb60eaf95c61fa2a047	DASHI/Physics/Closure/G2NondegeneratePlaquetteSchema.agda	d7a5ea80d5463c3621fb4c2c498e1f7f5b334764983e636ce996a472c6937d4f
agent/evidence-polarity-cross-pollination	2dbbe3d460a5183956ff2bb60eaf95c61fa2a047	DASHI/Physics/Closure/G2SFGCAsUOnePrimeLattice.agda	d317a8ada71a2d3f9b2f5f3ee755e45b643413981192040de86c2467baa6592b
agent/evidence-polarity-cross-pollination	2dbbe3d460a5183956ff2bb60eaf95c61fa2a047	DASHI/Physics/Closure/G2SFGCGaugeFieldSchemaExtension.agda	f7ddf75e586d57c1580158f9e6e29de430ac5da5a5f0ef0c02441fe96685ec85
agent/evidence-polarity-cross-pollination	2dbbe3d460a5183956ff2bb60eaf95c61fa2a047	DASHI/Physics/Closure/G2TransverseEdgeAPI.agda	175646f7b522cfe6b9367cb87a53750b8b64a278419610eb6f56e8e729d59711
agent/evidence-polarity-cross-pollination	2dbbe3d460a5183956ff2bb60eaf95c61fa2a047	DASHI/Physics/Closure/G3ConcreteOperators.agda	b1020668172b67ed0dd8d329f4c8688b2ca2b160bd7064e58b7c06c02807e445
agent/evidence-polarity-cross-pollination	2dbbe3d460a5183956ff2bb60eaf95c61fa2a047	DASHI/Physics/Closure/G3P2AdicNormMetricSurface.agda	3062340aea69a0572fc5c63e4c9385e178057e6a4b15e381e396930cdfb795cd
agent/evidence-polarity-cross-pollination	2dbbe3d460a5183956ff2bb60eaf95c61fa2a047	DASHI/Physics/Closure/G3P2LimitConvergenceSurface.agda	a3892d7dc18ed9b67906c613bf273b990d33da29d1b98ff79730352e044b914e
agent/evidence-polarity-cross-pollination	2dbbe3d460a5183956ff2bb60eaf95c61fa2a047	DASHI/Physics/Closure/G3WaveFunctionOperatorAlgebra.agda	f22294da21cd3ef4bb88952c021099b28f83df55ce19d3694966a81b741f3895
agent/evidence-polarity-cross-pollination	2dbbe3d460a5183956ff2bb60eaf95c61fa2a047	DASHI/Physics/Closure/GRNonFlatScalarAlgebraSurface.agda	7232ea546c9b41eafa6444c501bc5df01a28e3aef266328164ae5bc2bb75232c
agent/evidence-polarity-cross-pollination	2dbbe3d460a5183956ff2bb60eaf95c61fa2a047	DASHI/Physics/Closure/GRQFTConsumerNextObligation.agda	2bb2a9aae1c99a5230bba9973741c6e977ba77b7d21c37a6f72179c37a03fb14
agent/evidence-polarity-cross-pollination	2dbbe3d460a5183956ff2bb60eaf95c61fa2a047	DASHI/Physics/Closure/Gate2SpectralGapMath.agda	520afa5feb50ecfc79e787b38de0c99aa0a0407b8abcef5cdbc3e071aa54bfad
agent/evidence-polarity-cross-pollination	2dbbe3d460a5183956ff2bb60eaf95c61fa2a047	DASHI/Physics/Closure/Gate3NormDictionary.agda	3d4929f58af8d82f977e7a3d9413412cd040edc3c5532f9f4c648640320b2356
agent/evidence-polarity-cross-pollination	2dbbe3d460a5183956ff2bb60eaf95c61fa2a047	DASHI/Physics/Closure/H0ExplicitMatrixReceipt.agda	31a4ccced374ab97b50669ac709b77b5b3c1181c1519b07b8d04b4c9256916db
agent/evidence-polarity-cross-pollination	2dbbe3d460a5183956ff2bb60eaf95c61fa2a047	DASHI/Physics/Closure/H0OSPositivityBaseCase.agda	2e90aff819aa21fc840e1170b7dc91e8fbb6b2647b91c708d68a4f5e9611a4d7
agent/evidence-polarity-cross-pollination	2dbbe3d460a5183956ff2bb60eaf95c61fa2a047	DASHI/Physics/Closure/H0SignConventionReceipt.agda	3aefc7d6acae4e7305c5624cfb79c85cc4e1949939c59aef2ec3419d7f394ee0
agent/evidence-polarity-cross-pollination	2dbbe3d460a5183956ff2bb60eaf95c61fa2a047	DASHI/Physics/Closure/HEPDataEmpiricalAuthorityReceiptCollation.agda	135f2dd0f0461bc1be20aafe5f7d4d59516c6147c5e1ebc39a871b2031c30457
agent/evidence-polarity-cross-pollination	2dbbe3d460a5183956ff2bb60eaf95c61fa2a047	DASHI/Physics/Closure/HEPDataMassKernelCalibrationDiagnostic.agda	2d7b48df39f46ee208bd2e55271c2f0f13d0469c4765f64bbac522bcdd79010a
agent/evidence-polarity-cross-pollination	2dbbe3d460a5183956ff2bb60eaf95c61fa2a047	DASHI/Physics/Closure/HEPDataObservableDefinitionReceipt.agda	4390b0e481b49250050b0cda4cba979df6de32b140ef42f5ed1bc9a0d19a83a5
agent/evidence-polarity-cross-pollination	2dbbe3d460a5183956ff2bb60eaf95c61fa2a047	DASHI/Physics/Closure/HEPDataObservableSchema.agda	06e244ed64a77d6eed3d3c8623fb5cb67ec8d851ad2a506ca19d427005e1b72b
agent/evidence-polarity-cross-pollination	2dbbe3d460a5183956ff2bb60eaf95c61fa2a047	DASHI/Physics/Closure/HEPDataResidualBridgeAuthorityGate.agda	a8be6e43605682a5b677fd3730014ab1bc94f24d0022f4dab41555c6e1896f45
agent/evidence-polarity-cross-pollination	2dbbe3d460a5183956ff2bb60eaf95c61fa2a047	DASHI/Physics/Closure/HEPDataResidualObservableClassExternalAlignment.agda	8bd6188ef868ac6785ff5b70fc851d14e16e30f19f696ba96a0a246b7127e2cf
agent/evidence-polarity-cross-pollination	2dbbe3d460a5183956ff2bb60eaf95c61fa2a047	DASHI/Physics/Closure/HEPDataResidualProviderReceiptRequestPack.agda	0297109da795aca68f61ab20188c9625a96134eed46d6fc52385f30be5e8cf50
agent/evidence-polarity-cross-pollination	2dbbe3d460a5183956ff2bb60eaf95c61fa2a047	DASHI/Physics/Closure/HEPDataT43BoundedCleanFreezeRequest.agda	5539fa9a36fdf7f5e836ea6caab8785834078319f831989ebd96ad669ed2d41d
agent/evidence-polarity-cross-pollination	2dbbe3d460a5183956ff2bb60eaf95c61fa2a047	DASHI/Physics/Closure/HEPDataUnitCalibrationRequirementDiagnostic.agda	15e29f274eba70464d5ec8824cea010af752bb552f1544664cb49849fd8f0a14
agent/evidence-polarity-cross-pollination	2dbbe3d460a5183956ff2bb60eaf95c61fa2a047	DASHI/Physics/Closure/HEPDataW3ComparisonLawReceipt.agda	71c517e624093471a2d9b824f08e11de0fae6d67eed18b0d4415cba136214180
agent/evidence-polarity-cross-pollination	2dbbe3d460a5183956ff2bb60eaf95c61fa2a047	DASHI/Physics/Closure/HEPDataW3PromotionCandidate.agda	5abd6ce2bc83f71409429950c130a8027eee4a69a25da6b78f1dbffecf89863f
agent/evidence-polarity-cross-pollination	2dbbe3d460a5183956ff2bb60eaf95c61fa2a047	DASHI/Physics/Closure/HaarWaveletEmbeddingReceipt.agda	e28c3e388d16c3c8584f8f45cbfbf1820228efd0c003614cacec48299f015e78
agent/evidence-polarity-cross-pollination	2dbbe3d460a5183956ff2bb60eaf95c61fa2a047	DASHI/Physics/Closure/HiggsSymmetryBreakingReceipt.agda	c9653ef10b849ee7071253c69e1df2f66cb8d9b5a4e96475ef63b370afdcd75e
agent/evidence-polarity-cross-pollination	2dbbe3d460a5183956ff2bb60eaf95c61fa2a047	DASHI/Physics/Closure/IntersectionalPressureAnisotropyReceipt.agda	80ffe30beb6adbf5b1cc67fe802048feef747a7cb3ea8ce52086db9a889ad0c4
agent/evidence-polarity-cross-pollination	2dbbe3d460a5183956ff2bb60eaf95c61fa2a047	DASHI/Physics/Closure/KnownLimitsCausalPropagationTheorem.agda	1b5cc91f672bd7ec4b7edd53180c68fdefa9cbfc2398537f63b9a4d9886ba751
agent/evidence-polarity-cross-pollination	2dbbe3d460a5183956ff2bb60eaf95c61fa2a047	DASHI/Physics/Closure/KnownLimitsCompleteLocalRegimeTheorem.agda	1f70fbfa4b2679392dee729cb450ce734da59644cb794272d18991e1c48012b9
agent/evidence-polarity-cross-pollination	2dbbe3d460a5183956ff2bb60eaf95c61fa2a047	DASHI/Physics/Closure/KnownLimitsEffectiveGeometryTheorem.agda	ea68d8201925ae857f98e2cd9166194d30e2884e6fe00b344253bef7e9fc5691
agent/evidence-polarity-cross-pollination	2dbbe3d460a5183956ff2bb60eaf95c61fa2a047	DASHI/Physics/Closure/KnownLimitsExtendedLocalRecoveryTheorem.agda	e17bd12ad04c23abfae778fddba8f9729774b1072c8989ed861bc6de75db1e26
agent/evidence-polarity-cross-pollination	2dbbe3d460a5183956ff2bb60eaf95c61fa2a047	DASHI/Physics/Closure/KnownLimitsFullMatterGaugeTheorem.agda	83b1385fb139d2591d179fa7af6c6b6c03dacdb85ebad84a50681afdbabc1f08
agent/evidence-polarity-cross-pollination	2dbbe3d460a5183956ff2bb60eaf95c61fa2a047	DASHI/Physics/Closure/KnownLimitsGRBridgeTheorem.agda	5a858bc25c17e6eee032fb1bd47d039f4f66a799b7ec8bc3e92d7d14a7a4490e
agent/evidence-polarity-cross-pollination	2dbbe3d460a5183956ff2bb60eaf95c61fa2a047	DASHI/Physics/Closure/KnownLimitsGeometryTransportTheorem.agda	290bc759ad3dd9819b1a1b3f268a1c5d298a1ba5dc9fa0149e82d6fc066b2806
agent/evidence-polarity-cross-pollination	2dbbe3d460a5183956ff2bb60eaf95c61fa2a047	DASHI/Physics/Closure/KnownLimitsInterpretableObservableConsumer.agda	496ad2cfec32010144ac4e4c94d1aa22c0b91a7fb1eef4355c720d2852ed61ff
agent/evidence-polarity-cross-pollination	2dbbe3d460a5183956ff2bb60eaf95c61fa2a047	DASHI/Physics/Closure/KnownLimitsLocalCausalEffectivePropagationTheorem.agda	958647b1cd1ad751fd7e3a160e2ea4991899d8699cc5445e86e12e8876240871
agent/evidence-polarity-cross-pollination	2dbbe3d460a5183956ff2bb60eaf95c61fa2a047	DASHI/Physics/Closure/KnownLimitsLocalCausalGeometryCoherenceTheorem.agda	1c0c7f9218dde40733fbd9a02294dd07e406a600ed129f1ac2abdbdf3b9bc4c6
agent/evidence-polarity-cross-pollination	2dbbe3d460a5183956ff2bb60eaf95c61fa2a047	DASHI/Physics/Closure/KnownLimitsLocalCoherenceTheorem.agda	1315c2d2f7ad6a86a7906952cbb4dec35748b54d99fa82d22d9339b657397bbc
agent/evidence-polarity-cross-pollination	2dbbe3d460a5183956ff2bb60eaf95c61fa2a047	DASHI/Physics/Closure/KnownLimitsLocalPhysicsCoherenceTheorem.agda	61bfe08fef4bd422121bbe56be4c04dca71fcb5d5fef1bd3698bd63615b289ee
agent/evidence-polarity-cross-pollination	2dbbe3d460a5183956ff2bb60eaf95c61fa2a047	DASHI/Physics/Closure/KnownLimitsLocalRecoveryTheorem.agda	a7b753954fce43569378a5278b0047fe908122eb15b408e471fada042f2933ed
agent/evidence-polarity-cross-pollination	2dbbe3d460a5183956ff2bb60eaf95c61fa2a047	DASHI/Physics/Closure/KnownLimitsMatterGaugeTheorem.agda	e3a852d75c35936ac01b0d6b883f6bfe5458498a249857a2b4c50373d6588586
agent/evidence-polarity-cross-pollination	2dbbe3d460a5183956ff2bb60eaf95c61fa2a047	DASHI/Physics/Closure/KnownLimitsPropagationSpinTheorem.agda	759b5d593ecdb450ace6ca4585510bdc412e0825f300a8d63bdf544f78e05fd8
agent/evidence-polarity-cross-pollination	2dbbe3d460a5183956ff2bb60eaf95c61fa2a047	DASHI/Physics/Closure/KnownLimitsQFTBridgeTheorem.agda	3ccaa653d14466cd2177cc48e69a644f5ddec737d9810c469887679b5b3089f2
agent/evidence-polarity-cross-pollination	2dbbe3d460a5183956ff2bb60eaf95c61fa2a047	DASHI/Physics/Closure/KnownLimitsRecoveredDynamicsTheorem.agda	8859e9a1af787adcbdd145de4629e70ed177109c1db2ca6943ef3578b61d6752
agent/evidence-polarity-cross-pollination	2dbbe3d460a5183956ff2bb60eaf95c61fa2a047	DASHI/Physics/Closure/KnownLimitsRecoveredLocalRegimeTheorem.agda	ed43af8af4cb3857582b0e04e5f22eb1627c5b148b00da110fff1505f6e28699
agent/evidence-polarity-cross-pollination	2dbbe3d460a5183956ff2bb60eaf95c61fa2a047	DASHI/Physics/Closure/KnownLimitsRecoveredObservableGeometryTheorem.agda	0edb87d70149504bd358e4e5774c1e7aa9f5a060fa2b4170254631f68e9136ad
agent/evidence-polarity-cross-pollination	2dbbe3d460a5183956ff2bb60eaf95c61fa2a047	DASHI/Physics/Closure/KnownLimitsRecoveredObservablesTheorem.agda	1cf8d647ea9efec49e0f6419313433cde938db5fca1532051e6a4fef04025ab5
agent/evidence-polarity-cross-pollination	2dbbe3d460a5183956ff2bb60eaf95c61fa2a047	DASHI/Physics/Closure/KnownLimitsRecoveredTransportConsistencyTheorem.agda	622975d3216c0ecf3bed0d1be7f16740a2959127ee167dac2bfdaa3b04178a43
agent/evidence-polarity-cross-pollination	2dbbe3d460a5183956ff2bb60eaf95c61fa2a047	DASHI/Physics/Closure/KnownLimitsRecoveredWaveGeometryTheorem.agda	8cc5231e563e201bf2e4ca66879bf70f7b044904c7467cedf0a224c489d2d666
agent/evidence-polarity-cross-pollination	2dbbe3d460a5183956ff2bb60eaf95c61fa2a047	DASHI/Physics/Closure/KnownLimitsRecoveredWaveObservablesTheorem.agda	045a78a8c1c4c9ec6a6432dd039dfce1b7d51f3a46f9b9ab66ab02216079728a
agent/evidence-polarity-cross-pollination	2dbbe3d460a5183956ff2bb60eaf95c61fa2a047	DASHI/Physics/Closure/KnownLimitsRecoveredWaveRegimeTheorem.agda	48f5cbd2e9973e3b12f87760c84a7088d0ed6f487bf5bc74a0b41dc990b7071e
agent/evidence-polarity-cross-pollination	2dbbe3d460a5183956ff2bb60eaf95c61fa2a047	DASHI/Physics/Closure/KnownLimitsRecoveredWavefrontTheorem.agda	4667a4e3b802fc041d9bc6613ebdcafc8b85eceb98b479325c8a0398822653fb
agent/evidence-polarity-cross-pollination	2dbbe3d460a5183956ff2bb60eaf95c61fa2a047	DASHI/Physics/Closure/KnownLimitsRecovery.agda	2388e58f54b7d90059a612d4ac2e7f8d73ef98e715f7cc2398d7dd9e4b0bdc17
agent/evidence-polarity-cross-pollination	2dbbe3d460a5183956ff2bb60eaf95c61fa2a047	DASHI/Physics/Closure/KnownLimitsRecoveryPackage.agda	49686eaeafdc74d7669715565791eb07fb63b78c0ddb180d2fa47a559ea13e68
agent/evidence-polarity-cross-pollination	2dbbe3d460a5183956ff2bb60eaf95c61fa2a047	DASHI/Physics/Closure/KnownLimitsRecoveryWitness.agda	5795d519b7c32c62da0afb33efc79b3b754251635f1f5a87b4666548773d00ad
agent/evidence-polarity-cross-pollination	2dbbe3d460a5183956ff2bb60eaf95c61fa2a047	DASHI/Physics/Closure/KnownLimitsStatus.agda	abdb7dfb1c36e46e4c161b96280f208e5a430cb1fd48bff8a6a156cb0b234fa8
agent/evidence-polarity-cross-pollination	2dbbe3d460a5183956ff2bb60eaf95c61fa2a047	DASHI/Physics/Closure/LatticeMassGapFromTransferMatrixReceipt.agda	ab66a1d278e16e1739cc24246c56a2a466d360bffb1a745bb2503826102ab53b
agent/evidence-polarity-cross-pollination	2dbbe3d460a5183956ff2bb60eaf95c61fa2a047	DASHI/Physics/Closure/LegendrePrimeLaneCliffordBridge.agda	b3046ea69f42b51a24c0bc14d7a4c5d1bc404c5b2fe462d93371a543a593f3f9
agent/evidence-polarity-cross-pollination	2dbbe3d460a5183956ff2bb60eaf95c61fa2a047	DASHI/Physics/Closure/MDLDescentShiftInstance.agda	18d636bc805ddfb45a68512e5b4e617d1eea75850eff2d4230fb3c52601b3e96
agent/evidence-polarity-cross-pollination	2dbbe3d460a5183956ff2bb60eaf95c61fa2a047	DASHI/Physics/Closure/MDLFejerAxiomsShift.agda	c888070bc79b6b8a4b444cd6af23a458a24849db76306d8e0d16dc7ef1735d15
agent/evidence-polarity-cross-pollination	2dbbe3d460a5183956ff2bb60eaf95c61fa2a047	DASHI/Physics/Closure/MDLLyapunovShiftInstance.agda	21bb7eac506b5412c7cff0c86a60897f6fbf89453f52630eecb8eeee1dfda9c9
agent/evidence-polarity-cross-pollination	2dbbe3d460a5183956ff2bb60eaf95c61fa2a047	DASHI/Physics/Closure/MDLTradeoffShiftInstance.agda	2c5e1501e10eff0b1ff63f2edaec7010c89b14b944ab0fcff0af3a38b14dfe62
agent/evidence-polarity-cross-pollination	2dbbe3d460a5183956ff2bb60eaf95c61fa2a047	DASHI/Physics/Closure/MassiveSubspaceOSPositivity.agda	ec954701b34dc444bfc747f2a28d34d77e731dd2be8f9d766be43e461eb8dbad
agent/evidence-polarity-cross-pollination	2dbbe3d460a5183956ff2bb60eaf95c61fa2a047	DASHI/Physics/Closure/MatterRepresentationReceiptSurface.agda	91fc0733ae3ae31582fe53763e5567265d38b7c11e0f3f6defe9589c064ef808
agent/evidence-polarity-cross-pollination	2dbbe3d460a5183956ff2bb60eaf95c61fa2a047	DASHI/Physics/Closure/MillenniumTowerSchemaReceipt.agda	a45fa3c30601b89d1a4d2963c53d06b49d34dcc1120c2cbef512bfeecb8a26bc
agent/evidence-polarity-cross-pollination	2dbbe3d460a5183956ff2bb60eaf95c61fa2a047	DASHI/Physics/Closure/MillenniumTowerYangMillsInstanceReceipt.agda	3d7832c37f68972faa12e8c91d8acafa825fa54e0ba1842d3746687346c0ef78
agent/evidence-polarity-cross-pollination	2dbbe3d460a5183956ff2bb60eaf95c61fa2a047	DASHI/Physics/Closure/MinimalCrediblePhysicsClosure.agda	75af9e5a94510f9c2dc28843da6b1eaf2b237e7071f613d0662cc01c5c195a03
agent/evidence-polarity-cross-pollination	2dbbe3d460a5183956ff2bb60eaf95c61fa2a047	DASHI/Physics/Closure/MinimalCrediblePhysicsClosureShiftInstance.agda	05cfc80672ee30b96d15da2993c071164e431f8a7790c59905f0145613b69b2c
agent/evidence-polarity-cross-pollination	2dbbe3d460a5183956ff2bb60eaf95c61fa2a047	DASHI/Physics/Closure/MinimalCredibleShiftOriginObservation.agda	1c8e620b516546f5884c5ecfac0325781123a5ffcb2a310feacdc1ea9c312a46
agent/evidence-polarity-cross-pollination	2dbbe3d460a5183956ff2bb60eaf95c61fa2a047	DASHI/Physics/Closure/MinkowskiLimitReceipt.agda	a5e341d6a92912b37baf24656b85c822e47cb3314be5b01e9aa94bb882514d8d
agent/evidence-polarity-cross-pollination	2dbbe3d460a5183956ff2bb60eaf95c61fa2a047	DASHI/Physics/Closure/MoonshinePrimeLaneReceiptSurface.agda	9e85ee3a2ea803873bc3de54abf3171744294f93e7a384ab2776da8ce741c77a
agent/evidence-polarity-cross-pollination	2dbbe3d460a5183956ff2bb60eaf95c61fa2a047	DASHI/Physics/Closure/MultiBaseWaveletCompactnessReceipt.agda	bd6195aecbcf335ef392027b0f03b3db4b26afe227e38306a51b3c4efcdcb05f
agent/evidence-polarity-cross-pollination	2dbbe3d460a5183956ff2bb60eaf95c61fa2a047	DASHI/Physics/Closure/MultiPrimePAdicCarrierCoordinate.agda	09898a50b662d8310dc05d0b185ddd99833694a4459c513125da9a810645d010
agent/evidence-polarity-cross-pollination	2dbbe3d460a5183956ff2bb60eaf95c61fa2a047	DASHI/Physics/Closure/NSCarrierContinuumLimitReceipt.agda	ecfeea7c311d4efd3e23031e1e10645860ed38acedf3d5b6132fc9bcdb4c318d
agent/evidence-polarity-cross-pollination	2dbbe3d460a5183956ff2bb60eaf95c61fa2a047	DASHI/Physics/Closure/NSLyapunovFunctionIsLane7OnlyReceipt.agda	0e7780ea2a2c1d7e7f7ffda36964819ff95df9f382e663768104f52e12a5cad7
agent/evidence-polarity-cross-pollination	2dbbe3d460a5183956ff2bb60eaf95c61fa2a047	DASHI/Physics/Closure/NSPhasePressureGate3Receipt.agda	4c01025a0526b1033727e4911530ebda7eee69c48f9f383a553117f294fe4d56
agent/evidence-polarity-cross-pollination	2dbbe3d460a5183956ff2bb60eaf95c61fa2a047	DASHI/Physics/Closure/NaturalP2ConvergencePromotionObligation.agda	c809ecc5e44e6337023a0a57a7c87ad6da65bf3410606e2facd7141efd766cee
agent/evidence-polarity-cross-pollination	2dbbe3d460a5183956ff2bb60eaf95c61fa2a047	DASHI/Physics/Closure/NavierStokesBound3TimeDerivativeReceipt.agda	f40d18716d9f748fdb09525b8a598a30359e450c96bc7a67b65435c32920091f
agent/evidence-polarity-cross-pollination	2dbbe3d460a5183956ff2bb60eaf95c61fa2a047	DASHI/Physics/Closure/NavierStokesRegularityTowerReceipt.agda	26ffd082eee7a4b3d6bf0526fac63b12b3b4cd401cb90e0e3369ce72327948bf
agent/evidence-polarity-cross-pollination	2dbbe3d460a5183956ff2bb60eaf95c61fa2a047	DASHI/Physics/Closure/NavierStokesWeakSolutionInterface.agda	0f8f3f819b7729dc6a97673b8cbe310574fa205fb7269a984c3413cb7e804f55
agent/evidence-polarity-cross-pollination	2dbbe3d460a5183956ff2bb60eaf95c61fa2a047	DASHI/Physics/Closure/NoSpectralPollutionReceipt.agda	7c75e821397e579c04446bae4908a64dccf27c26d771983d1fa51045b18c9774
agent/evidence-polarity-cross-pollination	2dbbe3d460a5183956ff2bb60eaf95c61fa2a047	DASHI/Physics/Closure/NormalisedH0OSPositivity.agda	660ed509deb4ec534c49ae55d4df43b27e9c3538d5b44bf0f2b8254e149fb2c4
agent/evidence-polarity-cross-pollination	2dbbe3d460a5183956ff2bb60eaf95c61fa2a047	DASHI/Physics/Closure/OSAxiomAvailability.agda	00c62047a2229f80562d7c5e96b66b07934954beb14608012e20e657657aa26f
agent/evidence-polarity-cross-pollination	2dbbe3d460a5183956ff2bb60eaf95c61fa2a047	DASHI/Physics/Closure/OSAxiomsContinuumStatus.agda	a46b1591c65aae8bbcb694c8cb641334c7a923476e8d4653fd6853c8d22cdb70
agent/evidence-polarity-cross-pollination	2dbbe3d460a5183956ff2bb60eaf95c61fa2a047	DASHI/Physics/Closure/OSPositivityCorrectObjectReceipt.agda	9ea7be4c003ce634861cd63a06491be6131d4370d3e2155aecef3957a7f84c51
agent/evidence-polarity-cross-pollination	2dbbe3d460a5183956ff2bb60eaf95c61fa2a047	DASHI/Physics/Closure/OSPositivityFromRGFixedPoint.agda	eef2313aa74e0ded4edbe6f17e6f7158329037dccb4e0e67a534dd2598bfe340
agent/evidence-polarity-cross-pollination	2dbbe3d460a5183956ff2bb60eaf95c61fa2a047	DASHI/Physics/Closure/ObservablePredictionPackage.agda	e154a89d93e8edcaf7945853c2e89cf5c2387ec3b0a03cb73a7480ed763f59e4
agent/evidence-polarity-cross-pollination	2dbbe3d460a5183956ff2bb60eaf95c61fa2a047	DASHI/Physics/Closure/ObservableSignaturePressureTest.agda	b108672b9a6048be42d5281b9b191df918d49515572dcbcab2beee5cbbb6af02
agent/evidence-polarity-cross-pollination	2dbbe3d460a5183956ff2bb60eaf95c61fa2a047	DASHI/Physics/Closure/ObservableTransportGaugeEntry.agda	b6d4cbc0cddd424120b4768c96ad0195a487bfa5ac9a1c567464286991401841
agent/evidence-polarity-cross-pollination	2dbbe3d460a5183956ff2bb60eaf95c61fa2a047	DASHI/Physics/Closure/ObservableTransportPrimeCompatibilityProfile.agda	dc3039685e49f07096aeee511a2961f48bfcf72da63d80b961c305529518687c
agent/evidence-polarity-cross-pollination	2dbbe3d460a5183956ff2bb60eaf95c61fa2a047	DASHI/Physics/Closure/OriginReceiptPromotionExternalObligation.agda	f1ae1ca95ab3d537dbe93ab16484cf5739ef6a5a6cf110eaf96aeb8f3d52d026
agent/evidence-polarity-cross-pollination	2dbbe3d460a5183956ff2bb60eaf95c61fa2a047	DASHI/Physics/Closure/OrthogonalityZLift.agda	e087f6e13de0ccdceea04e6faba85c3831a9f2a609268ba5c8c1128f1caa4eae
agent/evidence-polarity-cross-pollination	2dbbe3d460a5183956ff2bb60eaf95c61fa2a047	DASHI/Physics/Closure/P0BlockadeProofObligations.agda	c9ebc21c853c7894ddfbc86bf55c938ad4d8072a57f0fdfd94a5378389d2b022
agent/evidence-polarity-cross-pollination	2dbbe3d460a5183956ff2bb60eaf95c61fa2a047	DASHI/Physics/Closure/PDFCarrierLogRatioDiagnostic.agda	ef2a92e9dca7802021e259b226b0d6b38642a417a1a4ba3c22a45252e105f145
agent/evidence-polarity-cross-pollination	2dbbe3d460a5183956ff2bb60eaf95c61fa2a047	DASHI/Physics/Closure/ParametricGaugeConstraintTheorem.agda	5002644a87ea02bbfc1bcc7afd40ddc04b04d8af3de69066c10fb0cb1b4f2b72
agent/evidence-polarity-cross-pollination	2dbbe3d460a5183956ff2bb60eaf95c61fa2a047	DASHI/Physics/Closure/PhotonuclearEmpiricalConstantsRegistry.agda	3bfba1ad8522e71393fb5af0eb4b43fef74eb1414a8c2af6af7536e54a574249
agent/evidence-polarity-cross-pollination	2dbbe3d460a5183956ff2bb60eaf95c61fa2a047	DASHI/Physics/Closure/PhotonuclearEmpiricalEvidenceSummary.agda	ae49a313dd214984ddd49212ebe04b0843d67f13cafd5e3be11eebeb6d541f1c
agent/evidence-polarity-cross-pollination	2dbbe3d460a5183956ff2bb60eaf95c61fa2a047	DASHI/Physics/Closure/PhotonuclearEmpiricalMeasurementSurface.agda	1c5c25d0ed1235a73ff254b331195317fa3655c5a7e37e5c7173abe6c2cecd2a
agent/evidence-polarity-cross-pollination	2dbbe3d460a5183956ff2bb60eaf95c61fa2a047	DASHI/Physics/Closure/PhotonuclearEmpiricalValidationSummary.agda	094a3b8a9dc08659d6f4d0e50357363c34afc189e57f0ec292e90dbf4001684f
agent/evidence-polarity-cross-pollination	2dbbe3d460a5183956ff2bb60eaf95c61fa2a047	DASHI/Physics/Closure/PhysicsClosureCoreWitness.agda	bd622cf6200abffb90cc81e9fc91e6e2a83f5016ab48aaa5000f48274b2c36d1
agent/evidence-polarity-cross-pollination	2dbbe3d460a5183956ff2bb60eaf95c61fa2a047	DASHI/Physics/Closure/PhysicsClosureEmpirical.agda	4df0f35167abffb2c6811af58845c2ce9c15c6f71d7a92ccd642a338995e9566
agent/evidence-polarity-cross-pollination	2dbbe3d460a5183956ff2bb60eaf95c61fa2a047	DASHI/Physics/Closure/PhysicsClosureEmpiricalInstance.agda	8215ec02ad5432de8e4ab2e855fd111cf3d314713b5736e0019a01cee4b07f91
agent/evidence-polarity-cross-pollination	2dbbe3d460a5183956ff2bb60eaf95c61fa2a047	DASHI/Physics/Closure/PhysicsClosureFull.agda	6d53eff95bf4aba284c775d7b8f03b6d6853959d3d8da8653e13bc31cf659445
agent/evidence-polarity-cross-pollination	2dbbe3d460a5183956ff2bb60eaf95c61fa2a047	DASHI/Physics/Closure/PhysicsClosureFullCanonicalBridgePackage.agda	6bafab45942681995cf39e0ce396f710ec477d2eb18d94acb7e26ca22bf6d75f
agent/evidence-polarity-cross-pollination	2dbbe3d460a5183956ff2bb60eaf95c61fa2a047	DASHI/Physics/Closure/PhysicsClosureFullInstance.agda	bfc9b522d5726e9a2710512478561fbf0875aee703fc3944ed1f9cdb770a0d9c
agent/evidence-polarity-cross-pollination	2dbbe3d460a5183956ff2bb60eaf95c61fa2a047	DASHI/Physics/Closure/PolarizationZLift.agda	5efc638097b05d258d294fb793d2bb2c9137d6f6d14563285dfc7c11ca4b36d2
agent/evidence-polarity-cross-pollination	2dbbe3d460a5183956ff2bb60eaf95c61fa2a047	DASHI/Physics/Closure/PressureBelow15SpectralNatWitnessSlice.agda	c7f2b3ddb57194814500734e517f5b607cdde9d4ae0dcc399d846c070a4e11fc
agent/evidence-polarity-cross-pollination	2dbbe3d460a5183956ff2bb60eaf95c61fa2a047	DASHI/Physics/Closure/PressureBelow15SpectralProbe.agda	76c85989ca341a676704c215619b81a3db9d2e631a0cea74653a7d0ae1562b4e
agent/evidence-polarity-cross-pollination	2dbbe3d460a5183956ff2bb60eaf95c61fa2a047	DASHI/Physics/Closure/PressureBelow15SpectralTheoremObstruction.agda	ba7592ec276d05a3656f12511fe4dc844616cde6af16e640568d5980bad14dde
agent/evidence-polarity-cross-pollination	2dbbe3d460a5183956ff2bb60eaf95c61fa2a047	DASHI/Physics/Closure/PrimeCompatibilityProfile.agda	a001a14b3a4b93358e71f299eb0a08484f2250f7387a031fac8e472cd8a444b6
agent/evidence-polarity-cross-pollination	2dbbe3d460a5183956ff2bb60eaf95c61fa2a047	DASHI/Physics/Closure/Projection.agda	8c8367e722d2896a879466c2cf3c168c1efc4e4b82891b12a00b4b54a6bb07fd
agent/evidence-polarity-cross-pollination	2dbbe3d460a5183956ff2bb60eaf95c61fa2a047	DASHI/Physics/Closure/QuadraticToCliffordBridgeTheorem.agda	1e0966138e854e26ac79ed470273a196772fb228a724b308ae4b57a7f440155b
agent/evidence-polarity-cross-pollination	2dbbe3d460a5183956ff2bb60eaf95c61fa2a047	DASHI/Physics/Closure/RGContractionExplicitReceipt.agda	5cd99d2e3486de9215c0d8debd57da06daf36316a3d73c4dc44d44af3c0bf476
agent/evidence-polarity-cross-pollination	2dbbe3d460a5183956ff2bb60eaf95c61fa2a047	DASHI/Physics/Closure/RGContractionReceipt.agda	9e05308ec165e6b0ab6e663fafbd22088179b354ccf0f335a4e444e1d2171fa3
agent/evidence-polarity-cross-pollination	2dbbe3d460a5183956ff2bb60eaf95c61fa2a047	DASHI/Physics/Closure/RGObservableInvariance.agda	ceb110ecd4aec356b54f4bde8e7384aee72d1bb3a64bb301a573e19fe6667bf6
agent/evidence-polarity-cross-pollination	2dbbe3d460a5183956ff2bb60eaf95c61fa2a047	DASHI/Physics/Closure/RGOperatorNormFormalProof.agda	2af953dd0ea8bc1750557d2fa039addad9ab708ae75907a43a36ac525bce1345
agent/evidence-polarity-cross-pollination	2dbbe3d460a5183956ff2bb60eaf95c61fa2a047	DASHI/Physics/Closure/RGOperatorNormReceipt.agda	b8de958ed8703fdd92b4960c56d6e68211be45155ce825674a0f46bceb97c957
agent/evidence-polarity-cross-pollination	2dbbe3d460a5183956ff2bb60eaf95c61fa2a047	DASHI/Physics/Closure/RGScaleVsCarrierScaleReceipt.agda	28a9181dc30c75e41f78019ceec771d28c9113c30046c24b68ff484bf9951806
agent/evidence-polarity-cross-pollination	2dbbe3d460a5183956ff2bb60eaf95c61fa2a047	DASHI/Physics/Closure/ReceiptFromObservableSignature.agda	d8d5f24267cf24c21456fee81656468ec8041c6deaf3d95e6ff35aa402bd100b
agent/evidence-polarity-cross-pollination	2dbbe3d460a5183956ff2bb60eaf95c61fa2a047	DASHI/Physics/Closure/ReflectionPositivityForWilsonReceipt.agda	237946138cb62e9df200b7896e62eab988d7b5619dbcaf0767acba033c9006a8
agent/evidence-polarity-cross-pollination	2dbbe3d460a5183956ff2bb60eaf95c61fa2a047	DASHI/Physics/Closure/RootSystemB4ClosureObservableWitnessInstance.agda	003ccb43ef4f2ca90f6642adcda8fa1614b7fdfa6c6a1c74710e9c23dbbe331e
agent/evidence-polarity-cross-pollination	2dbbe3d460a5183956ff2bb60eaf95c61fa2a047	DASHI/Physics/Closure/SSPPrimeLane369PAdicBridge.agda	35b7c641e9e5253e1e8d51a6389554db2890bce8b0eb83bca39ba35ed5e9a512
agent/evidence-polarity-cross-pollination	2dbbe3d460a5183956ff2bb60eaf95c61fa2a047	DASHI/Physics/Closure/SSPPrimeLane369PAdicUltrametricBridge.agda	5531992d16f0f7d0dc7d46552bfb032b8000a30dbcba6899d9e439dcdd21f422
agent/evidence-polarity-cross-pollination	2dbbe3d460a5183956ff2bb60eaf95c61fa2a047	DASHI/Physics/Closure/SSPSevenSevenOneAtomFieldReceipt.agda	628465ce69bd778f46fd2dcd4f80a901a06207abbc0fd91713a5019a9fd1a6d2
agent/evidence-polarity-cross-pollination	2dbbe3d460a5183956ff2bb60eaf95c61fa2a047	DASHI/Physics/Closure/ScalarOSTransferMatrixReceipt.agda	dac8fe5ac6e520c509891949432f0d8a69261046a9c3338f26c683164db32487
agent/evidence-polarity-cross-pollination	2dbbe3d460a5183956ff2bb60eaf95c61fa2a047	DASHI/Physics/Closure/SchrodingerQuotientDescentReceipt.agda	414ff22711f7da0c473d5c88f975db8c8348e6adcf70d9ff8a7b4dd56418325e
agent/evidence-polarity-cross-pollination	2dbbe3d460a5183956ff2bb60eaf95c61fa2a047	DASHI/Physics/Closure/SchwarzschildLimitCandidate.agda	d8e77271bc017a979cc141e9827addaa3fe6e7327a932d00c4c7da235711b282
agent/evidence-polarity-cross-pollination	2dbbe3d460a5183956ff2bb60eaf95c61fa2a047	DASHI/Physics/Closure/SensoryAttractorClasses.agda	3b17fdab35f4fcb982177aae220d289de4c5d2741228ae317e36c85a6e259b41
agent/evidence-polarity-cross-pollination	2dbbe3d460a5183956ff2bb60eaf95c61fa2a047	DASHI/Physics/Closure/ShellDictionaryRecoveryGateTheorem.agda	cf297f452d7616673e27add34b7cb146356da84f9d257412774d61f698aa29a8
agent/evidence-polarity-cross-pollination	2dbbe3d460a5183956ff2bb60eaf95c61fa2a047	DASHI/Physics/Closure/ShellFillingDictionaryCompatibilityTheorem.agda	83089a589a7bc31d79dfe101d0e2362043940473b32d31f684367914e26059d7
agent/evidence-polarity-cross-pollination	2dbbe3d460a5183956ff2bb60eaf95c61fa2a047	DASHI/Physics/Closure/ShiftClosureObservableWitnessInstance.agda	79422aa2ee7fee27b0b5e00641c0e255f111877d78c1ee6e6ba619f7e60ff3af
agent/evidence-polarity-cross-pollination	2dbbe3d460a5183956ff2bb60eaf95c61fa2a047	DASHI/Physics/Closure/ShiftContractAnchoredTrajectoryFamily.agda	20a913714b33d579c2d8816903d6eb4c3e17e90a7a2dbfab81a251e0efcdbed4
agent/evidence-polarity-cross-pollination	2dbbe3d460a5183956ff2bb60eaf95c61fa2a047	DASHI/Physics/Closure/ShiftContractAnchoredTriadicFamily.agda	fdfb400c67c707efdfd69e153659c3afbbde8a14e2cb00b2f455fa3131214291
agent/evidence-polarity-cross-pollination	2dbbe3d460a5183956ff2bb60eaf95c61fa2a047	DASHI/Physics/Closure/ShiftContractBalancedComposedFamily.agda	e094b466a878ad39767f2b5e19ca312da36c1a71d077db8a0289fd8ee7efc815
agent/evidence-polarity-cross-pollination	2dbbe3d460a5183956ff2bb60eaf95c61fa2a047	DASHI/Physics/Closure/ShiftContractCoarseFibre.agda	fde72e835fea34cc39cee7ca2e716d825c13c7c8f5abd25f214759fa68a20f42
agent/evidence-polarity-cross-pollination	2dbbe3d460a5183956ff2bb60eaf95c61fa2a047	DASHI/Physics/Closure/ShiftContractCoarseFibreFields.agda	983df9088194886243a578d4fbb0c310ebd2e161e3be8fc70dcd96d9a7290917
agent/evidence-polarity-cross-pollination	2dbbe3d460a5183956ff2bb60eaf95c61fa2a047	DASHI/Physics/Closure/ShiftContractCoarseObservable.agda	d876fe500bc843b27d530ea4c5a948225e73be0db333a5c39e1e23092b5850c8
agent/evidence-polarity-cross-pollination	2dbbe3d460a5183956ff2bb60eaf95c61fa2a047	DASHI/Physics/Closure/ShiftContractCollapseTime.agda	3ddb8a8283e7868f6d8aec302bf976a1d8b5f164590c859ad484c5097a73fc1b
agent/evidence-polarity-cross-pollination	2dbbe3d460a5183956ff2bb60eaf95c61fa2a047	DASHI/Physics/Closure/ShiftContractComposedFamily.agda	9dc5fc99a0ddb132686863641d542a6b6cb20bdb180753ebce9cb6fd7bd9b5c7
agent/evidence-polarity-cross-pollination	2dbbe3d460a5183956ff2bb60eaf95c61fa2a047	DASHI/Physics/Closure/ShiftContractDenseTriadicFamily.agda	47abc1fddf12c7febece8ac83bdcfacca1b99d9a921fea420a5f03b40429ea3d
agent/evidence-polarity-cross-pollination	2dbbe3d460a5183956ff2bb60eaf95c61fa2a047	DASHI/Physics/Closure/ShiftContractEigenShadowNormalizedPackage.agda	c33981c79cb4252b93ef7a188a90c9c26d235d489a2d8a4a2e5406f158804834
agent/evidence-polarity-cross-pollination	2dbbe3d460a5183956ff2bb60eaf95c61fa2a047	DASHI/Physics/Closure/ShiftContractEigenShadowOrbitSummaryControlAttempt.agda	7087b27335d4707b889f25ed41782f8f6cf01928f0f6da69a5a3702bc71aba91
agent/evidence-polarity-cross-pollination	2dbbe3d460a5183956ff2bb60eaf95c61fa2a047	DASHI/Physics/Closure/ShiftContractEigenShadowOrbitSummaryObstruction.agda	f98b3dff53b934f09a58000457054c487c0510156f07b50a38072962729c1bee
agent/evidence-polarity-cross-pollination	2dbbe3d460a5183956ff2bb60eaf95c61fa2a047	DASHI/Physics/Closure/ShiftContractFullSupportTrajectory.agda	bbf54b7a9cb24bf32b1a64b663354e4bbfa63a7a65ceeb3dcd9450ee4b9dfeec
agent/evidence-polarity-cross-pollination	2dbbe3d460a5183956ff2bb60eaf95c61fa2a047	DASHI/Physics/Closure/ShiftContractGeneratorFourthStepBoundary.agda	42fd14f57b7e09e907a9fbb654ea894c1cc17eabddc105073a0fe067f995348c
agent/evidence-polarity-cross-pollination	2dbbe3d460a5183956ff2bb60eaf95c61fa2a047	DASHI/Physics/Closure/ShiftContractGeneratorTaxonomy.agda	7d4f25921f9ee6ddd6733c2c1fefde0d54f5734bdbdb2319317efaca6c1f43d8
agent/evidence-polarity-cross-pollination	2dbbe3d460a5183956ff2bb60eaf95c61fa2a047	DASHI/Physics/Closure/ShiftContractMdlLevelChi2TailLiftAudit.agda	79d29eaf1726a7fb311e88f2ae0346e02c17137e33d181bc10a134b33d55c680
agent/evidence-polarity-cross-pollination	2dbbe3d460a5183956ff2bb60eaf95c61fa2a047	DASHI/Physics/Closure/ShiftContractMdlLevelChi2WitnessAudit.agda	b6155b2780a76a3098c3834fd8dfef919f85b7177513a3dd38773ef40cd17b5d
agent/evidence-polarity-cross-pollination	2dbbe3d460a5183956ff2bb60eaf95c61fa2a047	DASHI/Physics/Closure/ShiftContractMdlLevelCoarseFibre.agda	159fcbaf067a3b57c59a805fb91ed2caee6db9016cbf8cbd615a438c098cce82
agent/evidence-polarity-cross-pollination	2dbbe3d460a5183956ff2bb60eaf95c61fa2a047	DASHI/Physics/Closure/ShiftContractMdlLevelCoarseFibreFields.agda	f2a15415b59802e5902da230603a9e26147ceca32d2b5a50bf61d84627a62db2
agent/evidence-polarity-cross-pollination	2dbbe3d460a5183956ff2bb60eaf95c61fa2a047	DASHI/Physics/Closure/ShiftContractMdlLevelCoarseObservable.agda	a76fe48b182e32e756fe3ca690a410cbec3159be5be47ae9ddaf55a1d89ea8e0
agent/evidence-polarity-cross-pollination	2dbbe3d460a5183956ff2bb60eaf95c61fa2a047	DASHI/Physics/Closure/ShiftContractMdlLevelCounterexampleAudit.agda	0264ebd19fae996a32031c081f9d8897b9810f59448b024f14640d74f164beb6
agent/evidence-polarity-cross-pollination	2dbbe3d460a5183956ff2bb60eaf95c61fa2a047	DASHI/Physics/Closure/ShiftContractMdlLevelExplicitStateSearchAudit.agda	21fb1b2ab95452a972dbfc991aef6f2a1025d33eed5f790783f81d9af4f7bd60
agent/evidence-polarity-cross-pollination	2dbbe3d460a5183956ff2bb60eaf95c61fa2a047	DASHI/Physics/Closure/ShiftContractMdlLevelFreshWitnessSearch.agda	0723957838ea091cc25f7cb9b23dc1c841c45a00d5a59951ebe8d27404a7b210
agent/evidence-polarity-cross-pollination	2dbbe3d460a5183956ff2bb60eaf95c61fa2a047	DASHI/Physics/Closure/ShiftContractMdlLevelNewWitnessSearch.agda	79eaa6fb4d0477f86ea1a11094d226121a2b3a0e164a81d439f3ab63adf606e6
agent/evidence-polarity-cross-pollination	2dbbe3d460a5183956ff2bb60eaf95c61fa2a047	DASHI/Physics/Closure/ShiftContractMdlLevelOrbitSummaryControlAttempt.agda	958daf4e58efdb6088fae86586527876403bff043b5b50fd0fd795818fc61cdb
agent/evidence-polarity-cross-pollination	2dbbe3d460a5183956ff2bb60eaf95c61fa2a047	DASHI/Physics/Closure/ShiftContractMdlLevelP2PrimeBridge.agda	9a0870a66f890ea9e45270cd9706c750a425fa653883913395398a6afb11f955
agent/evidence-polarity-cross-pollination	2dbbe3d460a5183956ff2bb60eaf95c61fa2a047	DASHI/Physics/Closure/ShiftContractMdlLevelPrimeImageSubfamilyAttempt.agda	f06412619d2dfcdc00a8e1d26b4ac3f4d238f1caf95550255606a07acfe40429
agent/evidence-polarity-cross-pollination	2dbbe3d460a5183956ff2bb60eaf95c61fa2a047	DASHI/Physics/Closure/ShiftContractMdlLevelPrimeOrOrbitControl.agda	f7bc12f594c98ea3a9cfdec6e78e4ff86db5fbd1fcaea457ee7613192999e198
agent/evidence-polarity-cross-pollination	2dbbe3d460a5183956ff2bb60eaf95c61fa2a047	DASHI/Physics/Closure/ShiftContractMdlLevelWitnessSearchAudit.agda	4d8f8e4927fb385669aed47c2f4597260d4528380539e86b5943f9889040a8ee
agent/evidence-polarity-cross-pollination	2dbbe3d460a5183956ff2bb60eaf95c61fa2a047	DASHI/Physics/Closure/ShiftContractMdlLevelWitnessSourceAudit.agda	4823568aef210820f9425d8178084d487de49da5237a616ebab8338c2f1e6255
agent/evidence-polarity-cross-pollination	2dbbe3d460a5183956ff2bb60eaf95c61fa2a047	DASHI/Physics/Closure/ShiftContractMixedScaleTrajectoryFamily.agda	762312b695dee0a0355cc7473fa562cfec7e658453c5f8951fce25d29440c5b8
agent/evidence-polarity-cross-pollination	2dbbe3d460a5183956ff2bb60eaf95c61fa2a047	DASHI/Physics/Closure/ShiftContractNoncanonicalP2ControlObstruction.agda	e55d35a19ac2a91150e3058e7cf622615711c27bf13617a432bbcf9759a5562f
agent/evidence-polarity-cross-pollination	2dbbe3d460a5183956ff2bb60eaf95c61fa2a047	DASHI/Physics/Closure/ShiftContractObservableTransportPrimeCompatibilityProfileInstance.agda	c41c8c3a9d7485322aea5dd616549da299c4a889d4e972108ffe161387ecda02
agent/evidence-polarity-cross-pollination	2dbbe3d460a5183956ff2bb60eaf95c61fa2a047	DASHI/Physics/Closure/ShiftContractParametricTrajectoryCompositionFamily.agda	b294fd96c530d7f73bf514f2c3c0690e9524ed27d746ddf1acf82eda173aaab2
agent/evidence-polarity-cross-pollination	2dbbe3d460a5183956ff2bb60eaf95c61fa2a047	DASHI/Physics/Closure/ShiftContractParametricTriadicFamily.agda	7031f54997cff4a9c1175c875b3d40a6272cd5136f0348c918ef40e7515c311f
agent/evidence-polarity-cross-pollination	2dbbe3d460a5183956ff2bb60eaf95c61fa2a047	DASHI/Physics/Closure/ShiftContractStateFamily.agda	5d77d849f623f24bdb01cd648b336f63cbb96693a0156beb9f374a9c7ac4262c
agent/evidence-polarity-cross-pollination	2dbbe3d460a5183956ff2bb60eaf95c61fa2a047	DASHI/Physics/Closure/ShiftContractStatePrimeCompatibilityProfileInstance.agda	bd5e6b919e7e21b431a739631f975bed12b8bc0552796a6beed535ac17578664
agent/evidence-polarity-cross-pollination	2dbbe3d460a5183956ff2bb60eaf95c61fa2a047	DASHI/Physics/Closure/ShiftContractSupportCascadeTrajectory.agda	50d039912c253d97cc1f31f4a22b8d1022dad174cf85c077f1292cce7aa0cce6
agent/evidence-polarity-cross-pollination	2dbbe3d460a5183956ff2bb60eaf95c61fa2a047	DASHI/Physics/Closure/ShiftContractTriadic3CycleInstance.agda	27769da808ddb1b9f8b2c76851d50949ced710b3d76e7b87d10f0a7fa51a4916
agent/evidence-polarity-cross-pollination	2dbbe3d460a5183956ff2bb60eaf95c61fa2a047	DASHI/Physics/Closure/ShiftContractTriadicFamily.agda	a16e70e355837253afeedb46c6ce4d6b42a47583591e5dc4405ff76a9fb35d76
agent/evidence-polarity-cross-pollination	2dbbe3d460a5183956ff2bb60eaf95c61fa2a047	DASHI/Physics/Closure/ShiftExecutionInvariantCore.agda	3107eecc2f3099069bb88e921a65c6792c9dee061102425f1a0808f31567ca68
agent/evidence-polarity-cross-pollination	2dbbe3d460a5183956ff2bb60eaf95c61fa2a047	DASHI/Physics/Closure/ShiftObservablePredictionInstance.agda	04ecfec978dd7c31ce051703639472a80793c93c582937a68e4daec7f05a76b7
agent/evidence-polarity-cross-pollination	2dbbe3d460a5183956ff2bb60eaf95c61fa2a047	DASHI/Physics/Closure/ShiftObservableSignaturePressureConsumer.agda	5141dca52534a2d3a7ab96cea5bf37236f254f82a6fcd56038f9ae48035ae20c
agent/evidence-polarity-cross-pollination	2dbbe3d460a5183956ff2bb60eaf95c61fa2a047	DASHI/Physics/Closure/ShiftObservableSignaturePressureTestInstance.agda	83e3dca2365349f3ab4a5a79507a1d0e5e20cd42de61774bcf2c31216e6a5e6a
agent/evidence-polarity-cross-pollination	2dbbe3d460a5183956ff2bb60eaf95c61fa2a047	DASHI/Physics/Closure/ShiftObservableSignatureReceiptInstance.agda	2cc87b60cea758f73d084c8031fdcc1a995fbf940193b7745f498d86b2c08796
agent/evidence-polarity-cross-pollination	2dbbe3d460a5183956ff2bb60eaf95c61fa2a047	DASHI/Physics/Closure/ShiftRGObservableInstance.agda	bbb536f66dd3f2bbd426347589710dddb61843308954e8ec387987e06c7d9637
agent/evidence-polarity-cross-pollination	2dbbe3d460a5183956ff2bb60eaf95c61fa2a047	DASHI/Physics/Closure/ShiftSeamCertificates.agda	7eaf1219be2fc4401779b32fd6bd86c295a341938f2f860ce2f0b3c099949d35
agent/evidence-polarity-cross-pollination	2dbbe3d460a5183956ff2bb60eaf95c61fa2a047	DASHI/Physics/Closure/SignedZeroTorsionReceipt.agda	f0a334cb8d4f9acdb7b48f2b05f3e56017703b5628fe69f1ae2e3fdfd237a9dd
agent/evidence-polarity-cross-pollination	2dbbe3d460a5183956ff2bb60eaf95c61fa2a047	DASHI/Physics/Closure/SpacetimeLatticeFromCarrierDepthReceipt.agda	a534caf0f9b68f752f4cd03d9f3d69eed5530ca6873734668f0d673fac6edf63
agent/evidence-polarity-cross-pollination	2dbbe3d460a5183956ff2bb60eaf95c61fa2a047	DASHI/Physics/Closure/SpectralConvergenceGate3Receipt.agda	adb4173afb05a4e772e636bc717c24e7364eca31ab38e8807b6b8ec82509aeff
agent/evidence-polarity-cross-pollination	2dbbe3d460a5183956ff2bb60eaf95c61fa2a047	DASHI/Physics/Closure/SpectralGapRefinementStability.agda	219b714cf2bac393c354c2d0a454de8fe0ee41d9c5f1070463d556159d8dd8d0
agent/evidence-polarity-cross-pollination	2dbbe3d460a5183956ff2bb60eaf95c61fa2a047	DASHI/Physics/Closure/SpinDiracGateFromClosure.agda	117b822023aba1990beee1d2acfc44a449b9fe6356f49834b9e01fd0483c5ed0
agent/evidence-polarity-cross-pollination	2dbbe3d460a5183956ff2bb60eaf95c61fa2a047	DASHI/Physics/Closure/SpinLocalLorentzBridgeTheorem.agda	741fc240da84902e24c79e47eed8a02b9b490a5a0d50aaf06a8d463b25f5abd9
agent/evidence-polarity-cross-pollination	2dbbe3d460a5183956ff2bb60eaf95c61fa2a047	DASHI/Physics/Closure/StringTensionCarrierReceipt.agda	3961fcddc26c2b0f8556bbbc9477f18ce9e0166654ce22488edc1f1cf6eeaafd
agent/evidence-polarity-cross-pollination	2dbbe3d460a5183956ff2bb60eaf95c61fa2a047	DASHI/Physics/Closure/StrongCouplingExpansionReceipt.agda	d6d5289d205599688dde23342cd1a0b0aaba235034100076196065deb37899c3
agent/evidence-polarity-cross-pollination	2dbbe3d460a5183956ff2bb60eaf95c61fa2a047	DASHI/Physics/Closure/SupersingularPrimeLaneBridge.agda	03aa963bc5491655c7eb79a144852c06cdcd35474e1a7186ff6137df741a2d58
agent/evidence-polarity-cross-pollination	2dbbe3d460a5183956ff2bb60eaf95c61fa2a047	DASHI/Physics/Closure/SyntheticClosureObservableWitnessInstance.agda	568e4c97e5d58ea20404cb4b10db45286dd88381f7c7a5032cda706eefacf477
agent/evidence-polarity-cross-pollination	2dbbe3d460a5183956ff2bb60eaf95c61fa2a047	DASHI/Physics/Closure/SyntheticRealizationWitness.agda	3c7f6a0066a0901c9295ed62406d16cf3c88decca3a04c9fa3224df4245bc48c
agent/evidence-polarity-cross-pollination	2dbbe3d460a5183956ff2bb60eaf95c61fa2a047	DASHI/Physics/Closure/TransportedPrimeCompatibilityProfile.agda	8a1adf8025ec43214448aa98113b2d7acca4634a09d6e9779d43afd92bb0b257
agent/evidence-polarity-cross-pollination	2dbbe3d460a5183956ff2bb60eaf95c61fa2a047	DASHI/Physics/Closure/TriadicAnalyticCertificates.agda	b5d032f59c7bce4884c3820cb46bcb1bee0f723e9c215d1541db1bff73063bc8
agent/evidence-polarity-cross-pollination	2dbbe3d460a5183956ff2bb60eaf95c61fa2a047	DASHI/Physics/Closure/TriadicArithmeticSpectralAssembly.agda	539a8731d1b9e62c678a159dd14107afa5757c52869c4639703e4703a7cdeebd
agent/evidence-polarity-cross-pollination	2dbbe3d460a5183956ff2bb60eaf95c61fa2a047	DASHI/Physics/Closure/TriadicArithmeticSpectralRegression.agda	866118a912ea9c094f4468ff32e2f2a94b90f7db734d1af9587f7afbefad27b2
agent/evidence-polarity-cross-pollination	2dbbe3d460a5183956ff2bb60eaf95c61fa2a047	DASHI/Physics/Closure/TriadicConcreteAnalyticInstances.agda	9544a60ee0bb290969088330dc4fec241bda14973d8cc1a217b0420cd783e4e7
agent/evidence-polarity-cross-pollination	2dbbe3d460a5183956ff2bb60eaf95c61fa2a047	DASHI/Physics/Closure/TriadicEisensteinTransformationTheorem.agda	8c7136d2c5d88d46749c819eb3db86464cfb062ff33e09c010ce51c07ba4479b
agent/evidence-polarity-cross-pollination	2dbbe3d460a5183956ff2bb60eaf95c61fa2a047	DASHI/Physics/Closure/TriadicIrrepTraceBridge.agda	5ba7e57b8364cbfea831dd74bb0d0ad93cb4d23b7f95807c8fb88015d0fb4336
agent/evidence-polarity-cross-pollination	2dbbe3d460a5183956ff2bb60eaf95c61fa2a047	DASHI/Physics/Closure/TriadicKraftMDLConsistency.agda	edb7e948bacaadc97c104aa961dd1f64aa90432a3a5d42f2fee9067f2743c6b6
agent/evidence-polarity-cross-pollination	2dbbe3d460a5183956ff2bb60eaf95c61fa2a047	DASHI/Physics/Closure/TriadicMatrixGenerationTheorem.agda	41ceab90fa57f561058693c3bcdef7ec68b548d0bf9ae1e90dd25bf9aceb1237
agent/evidence-polarity-cross-pollination	2dbbe3d460a5183956ff2bb60eaf95c61fa2a047	DASHI/Physics/Closure/TriadicModularAutomorphicGate.agda	79074c6327eb80e2d5fb2f099db560e74323636c7d483abf3f3cc682db3bbcfd
agent/evidence-polarity-cross-pollination	2dbbe3d460a5183956ff2bb60eaf95c61fa2a047	DASHI/Physics/Closure/TriadicRepresentationMDL.agda	f11ca772a9cb0c050e6732db6b28f59f50a150e64614e49c39c2399d8588a84f
agent/evidence-polarity-cross-pollination	2dbbe3d460a5183956ff2bb60eaf95c61fa2a047	DASHI/Physics/Closure/TriadicSectorQSeries.agda	be43a80b8c3ff4e46b3d04c2488c698ac17a8016e9f43ccacbcbed7f580b4891
agent/evidence-polarity-cross-pollination	2dbbe3d460a5183956ff2bb60eaf95c61fa2a047	DASHI/Physics/Closure/TriadicSpectralCompletionAssembly.agda	9ea90ac15d96588de22b60f2d40493c00b7344c257736f4d919341c67bb21f56
agent/evidence-polarity-cross-pollination	2dbbe3d460a5183956ff2bb60eaf95c61fa2a047	DASHI/Physics/Closure/TriadicSpectralCompletionRegression.agda	e878d0dd5c2ba13db360635e435e00a93fa105683e2b9642710ce1ec85a48859
agent/evidence-polarity-cross-pollination	2dbbe3d460a5183956ff2bb60eaf95c61fa2a047	DASHI/Physics/Closure/TriadicVerifiedLimitAssembly.agda	c0c01e827a12c977e5bd2c87902875e1dd82e2bf91dabb635f1c1c56d3300401
agent/evidence-polarity-cross-pollination	2dbbe3d460a5183956ff2bb60eaf95c61fa2a047	DASHI/Physics/Closure/TritBraidDialecticNotationReceipt.agda	84118ac74e9702f50c715e62ee9fed516143c42ce850649ed4d41a60e3a3df1f
agent/evidence-polarity-cross-pollination	2dbbe3d460a5183956ff2bb60eaf95c61fa2a047	DASHI/Physics/Closure/UltrametricAubinLionsCompactness.agda	fbcce7016d9ee74eb22b440a17d46f05e560e67acd0191c368a5a53362b759fb
agent/evidence-polarity-cross-pollination	2dbbe3d460a5183956ff2bb60eaf95c61fa2a047	DASHI/Physics/Closure/UltrametricAubinLionsReceipt.agda	b778e9cf3c13b0ecd2028fae157438c5bf09fb2bf4fdca5d2bf79f0a43898b87
agent/evidence-polarity-cross-pollination	2dbbe3d460a5183956ff2bb60eaf95c61fa2a047	DASHI/Physics/Closure/UniformBoundStrongCouplingReceipt.agda	8b39bfad204df970a4766530e6e22fce5f1e440e562cb564ea0ba105cfa92376
agent/evidence-polarity-cross-pollination	2dbbe3d460a5183956ff2bb60eaf95c61fa2a047	DASHI/Physics/Closure/VacuumSectorReceipt.agda	22b6777842aa92b3430a6f8d158ab53d4489ee64f258b6166c591c0c448ed07f
agent/evidence-polarity-cross-pollination	2dbbe3d460a5183956ff2bb60eaf95c61fa2a047	DASHI/Physics/Closure/Validation/Chi2BoundaryShiftLibrary.agda	fe571d6cc2e7d0b6f9bcfe16a71325ade519cbac30a41ac9557a865bec73f1d1
agent/evidence-polarity-cross-pollination	2dbbe3d460a5183956ff2bb60eaf95c61fa2a047	DASHI/Physics/Closure/Validation/ObservableCollapse.agda	6b17a8651e120e3ee5c5b5e88e1d7048efd9479e7afec376a6f34004fab35034
agent/evidence-polarity-cross-pollination	2dbbe3d460a5183956ff2bb60eaf95c61fa2a047	DASHI/Physics/Closure/Validation/ObservableCollapseReport.agda	edb42b991c6a44c788f6b0a902ec451ba650c244424dcc47b0fc84de6516dfa2
agent/evidence-polarity-cross-pollination	2dbbe3d460a5183956ff2bb60eaf95c61fa2a047	DASHI/Physics/Closure/Validation/ObservableCollapseShift.agda	e6184a39e870d751e17c00609e1c390de303aeebf04a65636aaeee1489da4681
agent/evidence-polarity-cross-pollination	2dbbe3d460a5183956ff2bb60eaf95c61fa2a047	DASHI/Physics/Closure/Validation/OrbitShellSeriesComparison.agda	d8ab827eb6e629daa98ed4d9d32bade5b25dfa49a398676aec62eaea4bd49ca2
agent/evidence-polarity-cross-pollination	2dbbe3d460a5183956ff2bb60eaf95c61fa2a047	DASHI/Physics/Closure/Validation/RealizationProfileRigidity.agda	09572ef04c3d0b3540e8d2bc0d11087af1bb160134da9d100061677ac56d5ad1
agent/evidence-polarity-cross-pollination	2dbbe3d460a5183956ff2bb60eaf95c61fa2a047	DASHI/Physics/Closure/Validation/RootSystemB4OrientationSignatureBridge.agda	1798805ec97da227e4ce1d0c28d47b9cbc4fa1fbe31a1ffb959d941e0657db31
agent/evidence-polarity-cross-pollination	2dbbe3d460a5183956ff2bb60eaf95c61fa2a047	DASHI/Physics/Closure/Validation/RootSystemB4PromotionBridge.agda	7e825864be93db75f28b53332874f27871f24efda16a929505b1a56500af07a1
agent/evidence-polarity-cross-pollination	2dbbe3d460a5183956ff2bb60eaf95c61fa2a047	DASHI/Physics/Closure/Validation/RootSystemB4ShellComparison.agda	e34da557632d23f65b60dc182f05878cf70d4699b781fabc40109c409db5a289
agent/evidence-polarity-cross-pollination	2dbbe3d460a5183956ff2bb60eaf95c61fa2a047	DASHI/Physics/Closure/Validation/SyntheticOneMinusDynamicsWitness.agda	1a684f7f1b8e3739ed967a710d09dd5b5c5e8a2c08ed3254ea278551b7177479
agent/evidence-polarity-cross-pollination	2dbbe3d460a5183956ff2bb60eaf95c61fa2a047	DASHI/Physics/Closure/Validation/SyntheticOneMinusOrientationSignatureBridge.agda	4754e5306ac7aa0ede0b1b169f2597f40e8e0a4e29be46facfd5ed5c1e1d6950
agent/evidence-polarity-cross-pollination	2dbbe3d460a5183956ff2bb60eaf95c61fa2a047	DASHI/Physics/Closure/Validation/SyntheticOneMinusPromotionBridge.agda	587e23e97ae056733b42fb2a66e3e802c1f0e28c56f9e8272d774f00eefdd1de
agent/evidence-polarity-cross-pollination	2dbbe3d460a5183956ff2bb60eaf95c61fa2a047	DASHI/Physics/Closure/Validation/SyntheticOneMinusShellComparison.agda	90a6c51d3cc92864a7dca2d3b51c758a27111f3035e319c0356eeca7227d898c
agent/evidence-polarity-cross-pollination	2dbbe3d460a5183956ff2bb60eaf95c61fa2a047	DASHI/Physics/Closure/W2CanonicalPressureMetricP2BridgeOrObstruction.agda	90cbb7cbe82242974ec868ce5cf96b08db77e0f9579098ef7d1846f3b6ff724b
agent/evidence-polarity-cross-pollination	2dbbe3d460a5183956ff2bb60eaf95c61fa2a047	DASHI/Physics/Closure/W3AcceptedAuthorityExternalReceiptObligation.agda	b3356c8ff9ba1230ee32e887d80d90989746b1ad66841459439b0c0141071d85
agent/evidence-polarity-cross-pollination	2dbbe3d460a5183956ff2bb60eaf95c61fa2a047	DASHI/Physics/Closure/W3AcceptedEmpiricalAuthorityGate.agda	fc69f37d9d800e56474c033a6b26843c6a5e12061af6fb344ec7096e7f5edeab
agent/evidence-polarity-cross-pollination	2dbbe3d460a5183956ff2bb60eaf95c61fa2a047	DASHI/Physics/Closure/W3EmpiricalTargetPromotionBridgeObligation.agda	7b32f046d681e49595e989d05cfb728e7b13dcc8a72fe366647b4ddcda4fd2c9
agent/evidence-polarity-cross-pollination	2dbbe3d460a5183956ff2bb60eaf95c61fa2a047	DASHI/Physics/Closure/W3SurrogateEmpiricalTargetBoundary.agda	a6fd85f953dfe535cd44aac020ce12c89f75e93990b40f52b80058ac08ee2850
agent/evidence-polarity-cross-pollination	2dbbe3d460a5183956ff2bb60eaf95c61fa2a047	DASHI/Physics/Closure/W4CalibrationRatioZPeakReceiptRequestSurface.agda	7daf74b70730666885e36e5234826909bbd885b9633b066656d5e9f247644e74
agent/evidence-polarity-cross-pollination	2dbbe3d460a5183956ff2bb60eaf95c61fa2a047	DASHI/Physics/Closure/W4MatterStressEnergyInterfaceReceipt.agda	fe7f5ba286a10e03b1a3b4729a1d8c43e3d95c2b70273dff1de190685a008f0f
agent/evidence-polarity-cross-pollination	2dbbe3d460a5183956ff2bb60eaf95c61fa2a047	DASHI/Physics/Closure/W4PhysicalCalibrationExternalReceiptObligation.agda	7c182f1f89ff5814467e4be7b39a99b26ae29476c382d9a9c74c56430e7d6780
agent/evidence-polarity-cross-pollination	2dbbe3d460a5183956ff2bb60eaf95c61fa2a047	DASHI/Physics/Closure/W4PhysicalCalibrationExternalReceiptRequestPack.agda	0d702158fed1a3745a3cedfde891db3366c573074aecc43f348323516c174a35
agent/evidence-polarity-cross-pollination	2dbbe3d460a5183956ff2bb60eaf95c61fa2a047	DASHI/Physics/Closure/W4PhysicalCalibrationGate.agda	e0df3a1431bde1003b5f06c62c65bbd83ccbe9775bc6e2a5890e89125da96dc2
agent/evidence-polarity-cross-pollination	2dbbe3d460a5183956ff2bb60eaf95c61fa2a047	DASHI/Physics/Closure/W4PhysicalCalibrationObligationSurface.agda	0d7c0eee85c61e9bac6507cfeed2c8e24a7d0717101ce50980b3c4ef883bb088
agent/evidence-polarity-cross-pollination	2dbbe3d460a5183956ff2bb60eaf95c61fa2a047	DASHI/Physics/Closure/W4PhysicalCalibrationRouteNarrowing.agda	22147ce122dee93941f88829e2025cb6b006f7a98b7786a4a7f10146adbc6d10
agent/evidence-polarity-cross-pollination	2dbbe3d460a5183956ff2bb60eaf95c61fa2a047	DASHI/Physics/Closure/W4StrictPhysicalNextObligation.agda	ea3368e493dda1f0fbe673478504978d46d84b6fe1f06fd3595566fad14917bc
agent/evidence-polarity-cross-pollination	2dbbe3d460a5183956ff2bb60eaf95c61fa2a047	DASHI/Physics/Closure/W4StrictPhysicalObligationLedger.agda	e69169238d1a28adc0c7129afef6fbcea52bb654e62a6d63a26f166bfb72e575
agent/evidence-polarity-cross-pollination	2dbbe3d460a5183956ff2bb60eaf95c61fa2a047	DASHI/Physics/Closure/W4StrictPhysicalScaleSettingLaneObligation.agda	7eedc8d0d13b2b886f27ad231b66bdee1dff53734be3cebd361abdabd61085b7
agent/evidence-polarity-cross-pollination	2dbbe3d460a5183956ff2bb60eaf95c61fa2a047	DASHI/Physics/Closure/W4SurrogateScaleSettingBoundary.agda	0dabe246480f6b1f131cd1c8fbd7332040f4bde392348deffa4ec148b69706dd
agent/evidence-polarity-cross-pollination	2dbbe3d460a5183956ff2bb60eaf95c61fa2a047	DASHI/Physics/Closure/W4W5AcceptedDYLuminosityConventionDiagnostic.agda	3c87a32b692bb84e543442ea368ace80ff6c4551901a114bd2ba01dd082854d1
agent/evidence-polarity-cross-pollination	2dbbe3d460a5183956ff2bb60eaf95c61fa2a047	DASHI/Physics/Closure/W4W5PDFSharedDependencyDiagnostic.agda	931cdb830dea2aa698bb451e5a9b5bd44ed7dfc393bf23144a2974ba05b6744b
agent/evidence-polarity-cross-pollination	2dbbe3d460a5183956ff2bb60eaf95c61fa2a047	DASHI/Physics/Closure/W4ZPeakCalibrationAnchorReceipt.agda	b0c14cfa6e2e10344b0c1fd2ad297ea39edb5622b959e4eeb73c4745ff899979
agent/evidence-polarity-cross-pollination	2dbbe3d460a5183956ff2bb60eaf95c61fa2a047	DASHI/Physics/Closure/W5CT18ExternalIntakeReceipt.agda	5653a4dfab2f2c4d1f62a4d04ea36de08d45dad840ee66b72a0bb998524e55d2
agent/evidence-polarity-cross-pollination	2dbbe3d460a5183956ff2bb60eaf95c61fa2a047	DASHI/Physics/Closure/W5PDFCarrierExternalConfirmedGap.agda	a40e4860f61f40dd21da405bbeaea955cfda13ea39544e9d94f357d74d3e22f1
agent/evidence-polarity-cross-pollination	2dbbe3d460a5183956ff2bb60eaf95c61fa2a047	DASHI/Physics/Closure/W5PDFCarrierExternalIntakeRequest.agda	235a4743b2e68719615eda9a5176e9b1bb999cf0d9eccad746e0cac7968ca46c
agent/evidence-polarity-cross-pollination	2dbbe3d460a5183956ff2bb60eaf95c61fa2a047	DASHI/Physics/Closure/W9LyapunovAdapterReceipt.agda	9af93bd3ab6f217b49c350c54f96c874eaaedf4e9892927b0c8e085211f5555c
agent/evidence-polarity-cross-pollination	2dbbe3d460a5183956ff2bb60eaf95c61fa2a047	DASHI/Physics/Closure/W9MDLTerminationSeamRoute.agda	5e76b47b13387a51e614b8c031f16664d54425eb099bb0c0998f9f39b987b682
agent/evidence-polarity-cross-pollination	2dbbe3d460a5183956ff2bb60eaf95c61fa2a047	DASHI/Physics/Closure/W9WeightedSupportRetargetConsumerReceipt.agda	d6980c69eed2f2a130e292df1d7faf6437ac207c69399f6bb9dec6dd64015764
agent/evidence-polarity-cross-pollination	2dbbe3d460a5183956ff2bb60eaf95c61fa2a047	DASHI/Physics/Closure/WightmanReconstructionCandidateReceipt.agda	95900aeb482488951f42b5786759ee54cf76e1f47b10a650fbe0ee17770e5bca
agent/evidence-polarity-cross-pollination	2dbbe3d460a5183956ff2bb60eaf95c61fa2a047	DASHI/Physics/Closure/WilsonActionOn3PlusOneLatticeReceipt.agda	9a571c06790774b62e194b924b55b3ebec7132754990f566fc82045a79a99c7c
agent/evidence-polarity-cross-pollination	2dbbe3d460a5183956ff2bb60eaf95c61fa2a047	DASHI/Physics/Closure/WilsonBetaFromCSLevelReceipt.agda	fc1ddb44e6c2e9b8007cf06a8c5210b2b3b9ea0d8e07bf790e98141d3baac9f2
agent/evidence-polarity-cross-pollination	2dbbe3d460a5183956ff2bb60eaf95c61fa2a047	DASHI/Physics/Closure/YMContinuumGapFromCarrierConditionalReceipt.agda	1243060a3a630e4fd5493fc24809c05e1161cb5eaaee7aecc1f74fd8aab76141
agent/evidence-polarity-cross-pollination	2dbbe3d460a5183956ff2bb60eaf95c61fa2a047	DASHI/Physics/Closure/YMFeshbachSchurFiberGapBridgeReceipt.agda	8b1358ae9040463da3ffc511f8fe009032705e08b9c2675907685b6bf1b3724f
agent/evidence-polarity-cross-pollination	2dbbe3d460a5183956ff2bb60eaf95c61fa2a047	DASHI/Physics/Closure/YML1StatusReceipt.agda	3d0167b7fcdac5993bf35e6348d56caa8928eada4dba3ac57c14968d26ffea6e
agent/evidence-polarity-cross-pollination	2dbbe3d460a5183956ff2bb60eaf95c61fa2a047	DASHI/Physics/Closure/YML2CorrectedStatusReceipt.agda	23498c6b1d18322e4c507ddfc31af5697cb981ad1120817a418bef203739dec7
agent/evidence-polarity-cross-pollination	2dbbe3d460a5183956ff2bb60eaf95c61fa2a047	DASHI/Physics/Closure/YML2StatusReceipt.agda	95e142cc1f10488de56a1fd6ea0578fe8c9fd05c1b1d397a9aee887bfe5a145c
agent/evidence-polarity-cross-pollination	2dbbe3d460a5183956ff2bb60eaf95c61fa2a047	DASHI/Physics/Closure/YML3TightnessFromKRunningReceipt.agda	363954a48591001c6c8a6c73d7ed637cbdf0c34d75dc24989ca0c890d8dd5324
agent/evidence-polarity-cross-pollination	2dbbe3d460a5183956ff2bb60eaf95c61fa2a047	DASHI/Physics/Closure/YML4ContinuumLimitReceipt.agda	5ff4e5697cd4816091ad6eeaeece7bb510146d24ad3a38928c732b67408b97d8
agent/evidence-polarity-cross-pollination	2dbbe3d460a5183956ff2bb60eaf95c61fa2a047	DASHI/Physics/Closure/YML5OSAxiomsForGaugeSectorReceipt.agda	bafbcd62d7a8737e2d4595cd7138c53cce07d2be9ca41d5dc64fa55c7caca4e3
agent/evidence-polarity-cross-pollination	2dbbe3d460a5183956ff2bb60eaf95c61fa2a047	DASHI/Physics/Closure/YML6WightmanReconstructionReceipt.agda	2dfbb286946fff393a81cc9bb699894cc92ca5a46d769ed63933abd75c8065ea
agent/evidence-polarity-cross-pollination	2dbbe3d460a5183956ff2bb60eaf95c61fa2a047	DASHI/Physics/Closure/YML7L8MassGapSurvivalReceipt.agda	079567ee1e133b21d3c6f1535d6c9ee0f050cbcaae251325acaa9bca1c9fce4e
agent/evidence-polarity-cross-pollination	2dbbe3d460a5183956ff2bb60eaf95c61fa2a047	DASHI/Physics/Closure/YMNSAtomAsymmetryReceipt.agda	66352719eb13d39a34364a6290a5dde8a3e64bea869c3e9a02c54e5331fdcf8f
agent/evidence-polarity-cross-pollination	2dbbe3d460a5183956ff2bb60eaf95c61fa2a047	DASHI/Physics/Closure/YangMillsFieldEquationObstruction.agda	acc8fb0de5698ade9c89297e2f1054f01ac88740f7d8f232aaa57ccb2b81a7d5
agent/evidence-polarity-cross-pollination	2dbbe3d460a5183956ff2bb60eaf95c61fa2a047	DASHI/Physics/Closure/YangMillsMassGapBoundary.agda	177ce0162880d1fe3cd7c091dc923804c0aa4ab9da086e8f2e58796c36c04a0a
agent/evidence-polarity-cross-pollination	2dbbe3d460a5183956ff2bb60eaf95c61fa2a047	DASHI/Physics/ClosureBuilder.agda	ac3d96a3ed1b222ecaf148499aeb57cc4fc04cdf9d9a098f27baa79a02cfbaa1
agent/evidence-polarity-cross-pollination	2dbbe3d460a5183956ff2bb60eaf95c61fa2a047	DASHI/Physics/ClosureGlue.agda	8fbb3c39c5d33f7cfcf991e78d41345fd07b390cdbc9113c607b1733e7859312
agent/evidence-polarity-cross-pollination	2dbbe3d460a5183956ff2bb60eaf95c61fa2a047	DASHI/Physics/ClosureStatusFromGlue.agda	8e288b3ca0caa4c4bde34b984c691a56d025e4f8735f2a464f7261d4a2e0cd72
agent/evidence-polarity-cross-pollination	2dbbe3d460a5183956ff2bb60eaf95c61fa2a047	DASHI/Physics/ConcreteClosureStack.agda	ed2f9d41b47b1eb39f7613fbb904130d1b35786d1b7e387f575043c39085f65c
agent/evidence-polarity-cross-pollination	2dbbe3d460a5183956ff2bb60eaf95c61fa2a047	DASHI/Physics/ConeArrowIsotropyShiftOrbitEnumeration.agda	f61024d854449c3731e4738b1d9a06e9f9d950bd138edc7b3624228a3df9c38c
agent/evidence-polarity-cross-pollination	2dbbe3d460a5183956ff2bb60eaf95c61fa2a047	DASHI/Physics/Constraints/Bracket.agda	bfbb3cd47f839eda183addf8c4e862fd0389d2a148d32508870bd66c3f898456
agent/evidence-polarity-cross-pollination	2dbbe3d460a5183956ff2bb60eaf95c61fa2a047	DASHI/Physics/Constraints/Closure.agda	460e2e9a88b27e34dff09cbf9df67cc55f64f2fd3a67ac1d374873698dceb15d
agent/evidence-polarity-cross-pollination	2dbbe3d460a5183956ff2bb60eaf95c61fa2a047	DASHI/Physics/Constraints/ConcreteInstance.agda	bc32e3432d313035f02aacb02048dd5cf19ab8687efbe8b01ec69431d3e383a0
agent/evidence-polarity-cross-pollination	2dbbe3d460a5183956ff2bb60eaf95c61fa2a047	DASHI/Physics/Constraints/Generators.agda	d6bb8f2f0c9bdde439a7d447de0f371abb9b4a1ebfe78a031d358108880ea1e6
agent/evidence-polarity-cross-pollination	2dbbe3d460a5183956ff2bb60eaf95c61fa2a047	DASHI/Physics/ContractionQuadraticBridge.agda	34c3872dcf3b1b71f7dd14e8c775a70971c8c694aaf5a74b35b65c8b95d610b9
agent/evidence-polarity-cross-pollination	2dbbe3d460a5183956ff2bb60eaf95c61fa2a047	DASHI/Physics/ContractionToQuadratic.agda	4af528493cb76aea14f1fbb590f84d7e82492adc4e48adff44ce452b7e1768b6
agent/evidence-polarity-cross-pollination	2dbbe3d460a5183956ff2bb60eaf95c61fa2a047	DASHI/Physics/Core.agda	212c24645027b9b9ae9fed01b031ecb816453e497dcee80c77ee7739ebb7c2bc
agent/evidence-polarity-cross-pollination	2dbbe3d460a5183956ff2bb60eaf95c61fa2a047	DASHI/Physics/DashiDynamics.agda	32f34fae5f059a84692de1911ac2e4bd33d44281fe7301a40a9ca71015ff8250
agent/evidence-polarity-cross-pollination	2dbbe3d460a5183956ff2bb60eaf95c61fa2a047	DASHI/Physics/DashiDynamicsShiftInstance.agda	443c25da8d883f047411b2de31ce13eb9392ef08609d8c20970228b777c65307
agent/evidence-polarity-cross-pollination	2dbbe3d460a5183956ff2bb60eaf95c61fa2a047	DASHI/Physics/DecimationToClifford.agda	743603fd1dddbd9465c7a9d89d931d82879f7278e3309eb1a2271be13bb7b500
agent/evidence-polarity-cross-pollination	2dbbe3d460a5183956ff2bb60eaf95c61fa2a047	DASHI/Physics/DefaultClosure.agda	291fdecc246666902366c16f2fbf38fbfba96e190110a65d6d628bdcbbf6db42
agent/evidence-polarity-cross-pollination	2dbbe3d460a5183956ff2bb60eaf95c61fa2a047	DASHI/Physics/DimensionBoundAssumptions.agda	42408f6b5bb32e1bb6ac29ec6d1c3c6792e9403005cb20ba16bdfca25cceba96
agent/evidence-polarity-cross-pollination	2dbbe3d460a5183956ff2bb60eaf95c61fa2a047	DASHI/Physics/DynamicsStepCoherence.agda	81d718980aee5938b10ec93e279142b8fae62b2ea4f1364cd177069c70f8499f
agent/evidence-polarity-cross-pollination	2dbbe3d460a5183956ff2bb60eaf95c61fa2a047	DASHI/Physics/FiniteAlgebraCandidates.agda	77fe4ea609865a28335a5d344a72e387b9e2489a0e509123a3d7645c7dfeea31
agent/evidence-polarity-cross-pollination	2dbbe3d460a5183956ff2bb60eaf95c61fa2a047	DASHI/Physics/GR.agda	bb7a0a7547600a9dafdba4ab2095d2643845a666c1325037c4f30ce776a58241
agent/evidence-polarity-cross-pollination	2dbbe3d460a5183956ff2bb60eaf95c61fa2a047	DASHI/Physics/GR/EinsteinTensor.agda	e7d0f00a9a2499dc74f6c316a4bb443d427149c094ba9c2762bed60a55e10687
agent/evidence-polarity-cross-pollination	2dbbe3d460a5183956ff2bb60eaf95c61fa2a047	DASHI/Physics/GR/RiemannTensor.agda	c8b5abad82c2591a80963db58dc75809d657b8e6c84b02027e54d7715331cebd
agent/evidence-polarity-cross-pollination	2dbbe3d460a5183956ff2bb60eaf95c61fa2a047	DASHI/Physics/GR/StressEnergyCompatibility.agda	a23e114ba52032b39c6ed7667cfcdc09a0e1497c42f51d6f69549193413e7fc9
agent/evidence-polarity-cross-pollination	2dbbe3d460a5183956ff2bb60eaf95c61fa2a047	DASHI/Physics/IndefiniteMaskQuadratic.agda	9deb5ba6c94e0b74b4bf86c6d26621135a057cf008f77c55196217ae549ab8a6
agent/evidence-polarity-cross-pollination	2dbbe3d460a5183956ff2bb60eaf95c61fa2a047	DASHI/Physics/LiftToFullState.agda	5bdadd3d059d8edbd5bb75a16971019d90b8643fefda3546830b49f78534ac76
agent/evidence-polarity-cross-pollination	2dbbe3d460a5183956ff2bb60eaf95c61fa2a047	DASHI/Physics/LorentzBridge.agda	d553f0cb5c1fd56bee4746375c822682966916051f6b93b866d90666fe3d93d3
agent/evidence-polarity-cross-pollination	2dbbe3d460a5183956ff2bb60eaf95c61fa2a047	DASHI/Physics/LorentzNeighborhoodDynamicCandidate.agda	2d4e1a2139291d9d1810e94125470154bc0fcc5b1ce3f94ca573b419db23e53c
agent/evidence-polarity-cross-pollination	2dbbe3d460a5183956ff2bb60eaf95c61fa2a047	DASHI/Physics/MaassRestorationShift.agda	82a8c38df2338574a0902db17b424f4c24459ef30db0ff6aaed39d881ed2d5f0
agent/evidence-polarity-cross-pollination	2dbbe3d460a5183956ff2bb60eaf95c61fa2a047	DASHI/Physics/MaskedClosureKit.agda	c46a8e6ec4ba27ca22b70fde068f66bfbcecab6fb8e82a15536e573c0f225cf7
agent/evidence-polarity-cross-pollination	2dbbe3d460a5183956ff2bb60eaf95c61fa2a047	DASHI/Physics/MaskedConeStructure.agda	761b5e0536a5af419de7276f991788bd3394e7a3dfd2153cf0ee4ae066d6b2fd
agent/evidence-polarity-cross-pollination	2dbbe3d460a5183956ff2bb60eaf95c61fa2a047	DASHI/Physics/MaskedQuadraticRenormalization.agda	6de952bd677d8e641552c7d5a0f7b54879f63f42fcbb931e7845b511ecdb2fb9
agent/evidence-polarity-cross-pollination	2dbbe3d460a5183956ff2bb60eaf95c61fa2a047	DASHI/Physics/MaskedSplitQuadratic.agda	a323426cead90f60a53b46ebce07ebe1081d7a520ef20161a08f0c3f94b5073d
agent/evidence-polarity-cross-pollination	2dbbe3d460a5183956ff2bb60eaf95c61fa2a047	DASHI/Physics/Moonshine/LaneDimensionTheoremReceiptSurface.agda	b799553bba805ba48f5104551d6b1689f7cff4452a07eedb6a212e1618ed4165
agent/evidence-polarity-cross-pollination	2dbbe3d460a5183956ff2bb60eaf95c61fa2a047	DASHI/Physics/MyRealInstance.agda	c4a7c8c43a00cc35ad03f8699efc057ada1323c03860b86d872318e3e0927742
agent/evidence-polarity-cross-pollination	2dbbe3d460a5183956ff2bb60eaf95c61fa2a047	DASHI/Physics/OneMinusShellFamily.agda	7af6ad4fcd049a0d099b4e141fde6d3e79e1cbc48007e29d4086803a29038499
agent/evidence-polarity-cross-pollination	2dbbe3d460a5183956ff2bb60eaf95c61fa2a047	DASHI/Physics/OneMinusShellFamilyParametric.agda	8a8cfa09fa63ce1562a5c29d0448e698c21b7a39afd2e7a5ded728ae37186f2f
agent/evidence-polarity-cross-pollination	2dbbe3d460a5183956ff2bb60eaf95c61fa2a047	DASHI/Physics/OrbitFingerprintAssumptions.agda	585ee5283d8d88f2e03b1e2a4ae77e32a620fe1f0a618ef2e315f0c03cf7b575
agent/evidence-polarity-cross-pollination	2dbbe3d460a5183956ff2bb60eaf95c61fa2a047	DASHI/Physics/OrbitFingerprintInstance.agda	bbc692ac2d85f29ce76ff278d963215f25dd4302d5de3e332f04fe20e0c07856
agent/evidence-polarity-cross-pollination	2dbbe3d460a5183956ff2bb60eaf95c61fa2a047	DASHI/Physics/OrbitProfileComputed.agda	06bbec92143048cc0d08059e0d90cf1f6c70709d1df54cbf790676302f75886d
agent/evidence-polarity-cross-pollination	2dbbe3d460a5183956ff2bb60eaf95c61fa2a047	DASHI/Physics/OrbitProfileComputedRootSystemB4.agda	a428aa848fc420f50686b2f97103a65c3b91ac61dad70e180ad8468b8d38e7ee
agent/evidence-polarity-cross-pollination	2dbbe3d460a5183956ff2bb60eaf95c61fa2a047	DASHI/Physics/OrbitProfileComputedSignedPerm.agda	adf09f39aab710a28fc84b927928a2ae28aafbd899221fc640c2aa8c7d148c3f
agent/evidence-polarity-cross-pollination	2dbbe3d460a5183956ff2bb60eaf95c61fa2a047	DASHI/Physics/OrbitProfileComputedSignedPermEvidence.agda	2dcb3ed43f032adce34a94f9a91d44295286f0ff9e56df193aa09e326398553d
agent/evidence-polarity-cross-pollination	2dbbe3d460a5183956ff2bb60eaf95c61fa2a047	DASHI/Physics/OrbitProfileData.agda	5d8548c88c125dce57470020696eb4a6209b117bd040ef7a85d05e156f0d781f
agent/evidence-polarity-cross-pollination	2dbbe3d460a5183956ff2bb60eaf95c61fa2a047	DASHI/Physics/OrbitShellGeneratingSeries.agda	eb4bda0a3d32a12e5b6702a42d57e25a152c39f7e47d7c573dd290b8f0db6778
agent/evidence-polarity-cross-pollination	2dbbe3d460a5183956ff2bb60eaf95c61fa2a047	DASHI/Physics/OrbitShellGeneratingSeriesRootSystemB4.agda	a865a741ea8e6c02ec95184aa06e0da53c18891c16c416e08155ff0a0a6b5faa
agent/evidence-polarity-cross-pollination	2dbbe3d460a5183956ff2bb60eaf95c61fa2a047	DASHI/Physics/OrbitShellGeneratingSeriesShift.agda	06bd907a3bc797788457967600dc9bda8bdfadaeb6b77fdbcc275a9843275351
agent/evidence-polarity-cross-pollination	2dbbe3d460a5183956ff2bb60eaf95c61fa2a047	DASHI/Physics/OrbitShellPredicate.agda	ed944595387e54f7614057c22284d1eca82f03832bd48fc86e8a0f242067e3b9
agent/evidence-polarity-cross-pollination	2dbbe3d460a5183956ff2bb60eaf95c61fa2a047	DASHI/Physics/OrbitSignatureDiscriminant.agda	5c0d259c3d4cc8543ad97854facae61e1bf92827f08d2be74d872ea0aa3b0d3d
agent/evidence-polarity-cross-pollination	2dbbe3d460a5183956ff2bb60eaf95c61fa2a047	DASHI/Physics/PhysicsUnificationTarget.agda	22084a06846a492d4b798487b287a469df8ba3794be00f7d9894c0e48abf82be
agent/evidence-polarity-cross-pollination	2dbbe3d460a5183956ff2bb60eaf95c61fa2a047	DASHI/Physics/PressureGradientFlowGap.agda	82e1bb585ec1c00c5c21a8174071f6852a5f18951d0404e2b5c7efe0d05432f8
agent/evidence-polarity-cross-pollination	2dbbe3d460a5183956ff2bb60eaf95c61fa2a047	DASHI/Physics/PressureGradientFlowShiftInstance.agda	1f2c775ba993da51ef0acd3b2e3a0cbcd674d9884b5a4aaacc913f2916bcca24
agent/evidence-polarity-cross-pollination	2dbbe3d460a5183956ff2bb60eaf95c61fa2a047	DASHI/Physics/PressureHamiltonJacobiGap.agda	84564dbf81cadc6b64de0bfe4a9dfa0e6ea059d0c3624274076d3ff6704326b1
agent/evidence-polarity-cross-pollination	2dbbe3d460a5183956ff2bb60eaf95c61fa2a047	DASHI/Physics/PressureHamiltonJacobiShiftInstance.agda	c7dfc5a893186d8481e12d818619051a93a1e7c3d1578b604eb9abee87803b00
agent/evidence-polarity-cross-pollination	2dbbe3d460a5183956ff2bb60eaf95c61fa2a047	DASHI/Physics/QFT.agda	6f91232776c54255d00838b7d68c933175dd6661a3a67ea0b78d9134240f2909
agent/evidence-polarity-cross-pollination	2dbbe3d460a5183956ff2bb60eaf95c61fa2a047	DASHI/Physics/QFT/AQFTCarrierAlgebraQuotientSurface.agda	98ad76e2c2f6e49a6ea00f7f347a9f36ac5e4ca2090a7cd5b1e4138dad8bfdbf
agent/evidence-polarity-cross-pollination	2dbbe3d460a5183956ff2bb60eaf95c61fa2a047	DASHI/Physics/QFT/AQFTTypedNetSurface.agda	2d0151922c1c9ae2d9bbb373737332e5ef1a7b7621fbef2817e76d780bcb203e
agent/evidence-polarity-cross-pollination	2dbbe3d460a5183956ff2bb60eaf95c61fa2a047	DASHI/Physics/QFT/CSLevelFlowFullReceipt.agda	970b09c7ce68a45d0229ec181e9f31474a6bf155a2c16457099f3d39838f9280
agent/evidence-polarity-cross-pollination	2dbbe3d460a5183956ff2bb60eaf95c61fa2a047	DASHI/Physics/QFT/DHRGaugeReceiptSurface.agda	ff280d629364f891589fbbd692c56cebc6c99db3c1c25f3166a93188f15f2cde
agent/evidence-polarity-cross-pollination	2dbbe3d460a5183956ff2bb60eaf95c61fa2a047	DASHI/Physics/QFT/DHRSectorDecomposition.agda	b55456830260753f17d8b5f94170c70929c75db56db582528a73d636a9facf07
agent/evidence-polarity-cross-pollination	2dbbe3d460a5183956ff2bb60eaf95c61fa2a047	DASHI/Physics/QFT/DHRThermodynamicLimitBoundary.agda	9501f8af9d3ec80b66f40923e9c3fa95904f4261c5a8228bff067f0f3d10afc5
agent/evidence-polarity-cross-pollination	2dbbe3d460a5183956ff2bb60eaf95c61fa2a047	DASHI/Physics/QFT/ExactSMMatchToken.agda	a0f0fdd19527e840281147dc77ce5073f125fb8acafa58c3922fdf899cceeec8
agent/evidence-polarity-cross-pollination	2dbbe3d460a5183956ff2bb60eaf95c61fa2a047	DASHI/Physics/QFT/FinitePrimeLaneDHRSMCompatibilityLedger.agda	ff5e675ca7075965b7a9e4b117de9c6dab164c1109f2b2d58c7eff722f9a7db4
agent/evidence-polarity-cross-pollination	2dbbe3d460a5183956ff2bb60eaf95c61fa2a047	DASHI/Physics/QFT/GNSFellRepresentationSurface.agda	315cebf6e8fba184883fc768ee06776aa0a6d41e69358b41d872ddfb639a09ad
agent/evidence-polarity-cross-pollination	2dbbe3d460a5183956ff2bb60eaf95c61fa2a047	DASHI/Physics/QFT/LocalAlgebraIdentitySemantics.agda	8c6798594255b9c38cd0d7b576e9d573241294080390c03b8309f2e794daaf0b
agent/evidence-polarity-cross-pollination	2dbbe3d460a5183956ff2bb60eaf95c61fa2a047	DASHI/Physics/QFT/ModularTheoryReceiptSurface.agda	08fdc968c98611f105e44486754c42131ae1e44133da6714093010e2fef35ff7
agent/evidence-polarity-cross-pollination	2dbbe3d460a5183956ff2bb60eaf95c61fa2a047	DASHI/Physics/QFT/W3ClockShiftAlgebra.agda	f17a0b9c4a66c3ba8e4595ef357b7f662907d376d0cb652114910ee3160a7618
agent/evidence-polarity-cross-pollination	2dbbe3d460a5183956ff2bb60eaf95c61fa2a047	DASHI/Physics/QFT/W3ToM3Iso.agda	561f0d0af5ef9b0dd9c4d853706ab70266718260a49ee059327128d9390b22e3
agent/evidence-polarity-cross-pollination	2dbbe3d460a5183956ff2bb60eaf95c61fa2a047	DASHI/Physics/QuadraticEmergenceShiftInstance.agda	967227e55b1af4a6f9fde486c3ec2e75495040ad3ab2ab4554a9c25c45354ddf
agent/evidence-polarity-cross-pollination	2dbbe3d460a5183956ff2bb60eaf95c61fa2a047	DASHI/Physics/QuadraticPolarization.agda	6fae26161b89f22ee42341a34a92696a7bfaa189b6d6ba01c4f6a33d70d30cae
agent/evidence-polarity-cross-pollination	2dbbe3d460a5183956ff2bb60eaf95c61fa2a047	DASHI/Physics/QuadraticPolarizationCoreInstance.agda	5f55d4c088b8084218ab76cce167b4c923204f9764663907bc3c0d897cce1dbc
agent/evidence-polarity-cross-pollination	2dbbe3d460a5183956ff2bb60eaf95c61fa2a047	DASHI/Physics/RealCausalStructureNontrivial.agda	ae497a18d500e853c39e12c0a04314fb97ce0b506b728ce98ae4ee1f6ceae3ac
agent/evidence-polarity-cross-pollination	2dbbe3d460a5183956ff2bb60eaf95c61fa2a047	DASHI/Physics/RealClosureKit.agda	9c3d1157e6085976c3642347c706b97f1db0721488666a8b0ecc7806d58bf224
agent/evidence-polarity-cross-pollination	2dbbe3d460a5183956ff2bb60eaf95c61fa2a047	DASHI/Physics/RealClosureKitFiber.agda	b744dee38b699aae5bf5876b5d9f3105da482d8e0bec8b09b5c4220f1e4ab233
agent/evidence-polarity-cross-pollination	2dbbe3d460a5183956ff2bb60eaf95c61fa2a047	DASHI/Physics/RealOperatorStack.agda	afe76bd34e6ea51ff0022d32f48f5d92e20866f8d3b9f52b9bac32d4fce7927f
agent/evidence-polarity-cross-pollination	2dbbe3d460a5183956ff2bb60eaf95c61fa2a047	DASHI/Physics/RealOperatorStackShift.agda	32db3d82aa4eae895c648a935f9745428992a7ca6fa247145b3ad194321e32e3
agent/evidence-polarity-cross-pollination	2dbbe3d460a5183956ff2bb60eaf95c61fa2a047	DASHI/Physics/RealOperators.agda	6e96b1f3b21bbfd054d43905b1e0541ea4f29fd234958d033d15723ce0816168
agent/evidence-polarity-cross-pollination	2dbbe3d460a5183956ff2bb60eaf95c61fa2a047	DASHI/Physics/RealTernaryCarrier.agda	69be90bf55c8d9cb6d505b9b379d6bf82cb8e191bb423d83fa9979dbaeb6f4ca
agent/evidence-polarity-cross-pollination	2dbbe3d460a5183956ff2bb60eaf95c61fa2a047	DASHI/Physics/RootSystemB4Carrier.agda	cabf766922f263304f4efc4a130874f231691a6dc74c445efb994919087c080f
agent/evidence-polarity-cross-pollination	2dbbe3d460a5183956ff2bb60eaf95c61fa2a047	DASHI/Physics/RootSystemB4WeylAction.agda	f41a38a6b1e960b19bf66636b9639b3921cc801176cc7708fe9c528d82ae955c
agent/evidence-polarity-cross-pollination	2dbbe3d460a5183956ff2bb60eaf95c61fa2a047	DASHI/Physics/SFGC/NonAbelian/CliffordEvenSubalgebra.agda	c5073c8f8fc9a47921152993bae5ffa94bc3c7c58d9792f88a47b98e28947392
agent/evidence-polarity-cross-pollination	2dbbe3d460a5183956ff2bb60eaf95c61fa2a047	DASHI/Physics/SFGC/NonAbelian/CliffordToM2Iso.agda	633883bc65ff80bd059c38bc8c7084905848cc9d4d207fe4746ae950d79780c0
agent/evidence-polarity-cross-pollination	2dbbe3d460a5183956ff2bb60eaf95c61fa2a047	DASHI/Physics/SFGC/NonAbelian/DepthQuotientIso.agda	fe14b9ede7dd10d3fb9ea76539ae8645f1378eb33c391cf99624db674d9e3c5d
agent/evidence-polarity-cross-pollination	2dbbe3d460a5183956ff2bb60eaf95c61fa2a047	DASHI/Physics/SFGC/NonAbelian/DepthQuotientIsoSU3.agda	a583ccdc131065dcf56c0c06aa6369e55de97a9d4dc1353afae8bc2aa54f95db
agent/evidence-polarity-cross-pollination	2dbbe3d460a5183956ff2bb60eaf95c61fa2a047	DASHI/Physics/SFGC/NonAbelian/GradedSFGCSite2D.agda	cd8594aa41e14e3215962f0c5928551deb7c28eda65600e6092f962f08bfeb85
agent/evidence-polarity-cross-pollination	2dbbe3d460a5183956ff2bb60eaf95c61fa2a047	DASHI/Physics/SFGC/NonAbelian/NonAbelianSFGCCarrier.agda	017d99423fe5da4ac81898407fdf22e30d72693cc91d00e07bc85f546d8d644e
agent/evidence-polarity-cross-pollination	2dbbe3d460a5183956ff2bb60eaf95c61fa2a047	DASHI/Physics/SFGC/NonAbelian/SU3ColorSectorNote.agda	afb31b9d318f3cc42282257daf7b59d052cd2d3502a08823c65d9e52a47f19af
agent/evidence-polarity-cross-pollination	2dbbe3d460a5183956ff2bb60eaf95c61fa2a047	DASHI/Physics/SchrodingerAssumedTheorem.agda	8d00fe9ef58760f769ef7e81bdfc61500d66a467d188a0a2d53815a99f0c71b0
agent/evidence-polarity-cross-pollination	2dbbe3d460a5183956ff2bb60eaf95c61fa2a047	DASHI/Physics/SchrodingerGap.agda	a81e7d7cc55944c5bc4297d18f3efbf7b9bf7b503803ca4d8f7ae561b1ad3eaa
agent/evidence-polarity-cross-pollination	2dbbe3d460a5183956ff2bb60eaf95c61fa2a047	DASHI/Physics/SchrodingerGapPhaseWaveShiftInstance.agda	01655544050a25520c6cde9ce5dfc62d10d6cec600e925bc8ed7d97ca59ab767
agent/evidence-polarity-cross-pollination	2dbbe3d460a5183956ff2bb60eaf95c61fa2a047	DASHI/Physics/SeverityGuard/Core.agda	ae6613b31b83e12044a36e09e86723b8c5e7e9001b36d2139ff2aa928808a229
agent/evidence-polarity-cross-pollination	2dbbe3d460a5183956ff2bb60eaf95c61fa2a047	DASHI/Physics/SeverityGuard/Shift/Concrete.agda	ec383f290c502a94ca308dac36e712d7b40a27f24d4d5e5aa2adb9f0df97e479
agent/evidence-polarity-cross-pollination	2dbbe3d460a5183956ff2bb60eaf95c61fa2a047	DASHI/Physics/SeverityGuard/Shift/Instance.agda	bb08d7e28d6b746070b72dcbc153d3f03e6eb4ee9efb2e81cafd8f78a23b5879
agent/evidence-polarity-cross-pollination	2dbbe3d460a5183956ff2bb60eaf95c61fa2a047	DASHI/Physics/SeverityGuard/Shift/Wiring.agda	6689ef52d566d17c1a9c3fba788f5af42ae52d411c61530ed7a0d034a1bfed40
agent/evidence-polarity-cross-pollination	2dbbe3d460a5183956ff2bb60eaf95c61fa2a047	DASHI/Physics/SeverityGuardedStrict.agda	28812339093709b02dfb6b8b0c35f14d41d6a811974ec78e35dd97c6d8eaade5
agent/evidence-polarity-cross-pollination	2dbbe3d460a5183956ff2bb60eaf95c61fa2a047	DASHI/Physics/SeverityMapping.agda	e18b05f9ad60823b68a31b4847eb4b60c0c420bfeedf989a66e0ad49daac754d
agent/evidence-polarity-cross-pollination	2dbbe3d460a5183956ff2bb60eaf95c61fa2a047	DASHI/Physics/ShellNeighborhoodClass.agda	b1fae9f2627ea97bb7cd632bb3076aee1f5084f487838e29d39753b7c4f4c4a8
agent/evidence-polarity-cross-pollination	2dbbe3d460a5183956ff2bb60eaf95c61fa2a047	DASHI/Physics/ShellOrbitProfileGenerator.agda	9b4e8877671551a6295e1028d575d8850cf00cbf3f285abef9ac197e55ab2a4d
agent/evidence-polarity-cross-pollination	2dbbe3d460a5183956ff2bb60eaf95c61fa2a047	DASHI/Physics/ShiftDiscreteWaveStep.agda	434c8562594e3ae0a0f4cf522e94563f4b8f03ea7e2d30f6cbe6c3a4191292fc
agent/evidence-polarity-cross-pollination	2dbbe3d460a5183956ff2bb60eaf95c61fa2a047	DASHI/Physics/ShiftFiniteGaugeCoupling.agda	338ffd804356bfbe478a8ae8ea7eba06fb39a09a80ed94df0fe8a3662c611430
agent/evidence-polarity-cross-pollination	2dbbe3d460a5183956ff2bb60eaf95c61fa2a047	DASHI/Physics/ShiftFiniteGaugeSymmetry.agda	299f669a0f842437ce0502646a02f036fbd77af0e99ef6c4b6bf5abf7630b65f
agent/evidence-polarity-cross-pollination	2dbbe3d460a5183956ff2bb60eaf95c61fa2a047	DASHI/Physics/ShiftPhaseTableInterference.agda	892c2857daa9446323e51639f64c76254cfef3cbd21ebfc3b4c077a370108c38
agent/evidence-polarity-cross-pollination	2dbbe3d460a5183956ff2bb60eaf95c61fa2a047	DASHI/Physics/ShiftPotentialQuadraticEnergy.agda	c1e4c043390d9abf21aad6d5aa47044ef8953c6b900724a391e9baa4b33b682e
agent/evidence-polarity-cross-pollination	2dbbe3d460a5183956ff2bb60eaf95c61fa2a047	DASHI/Physics/ShiftSpatialLaplacian.agda	8c4483752ceddba35e22ca7b35dc7e2380fbaff103cace24ac760d3e4f52a4f4
agent/evidence-polarity-cross-pollination	2dbbe3d460a5183956ff2bb60eaf95c61fa2a047	DASHI/Physics/ShiftUnitaryLikeConstraint.agda	762b9cdc38be85cdb623f0109d4f2774275d1d5e699aa6c2fd4ca0e5cd560653
agent/evidence-polarity-cross-pollination	2dbbe3d460a5183956ff2bb60eaf95c61fa2a047	DASHI/Physics/Signature31.agda	0477ca33a71c6137343f61197004a10f67dc38b12a71eb456fb54a6059da0bf1
agent/evidence-polarity-cross-pollination	2dbbe3d460a5183956ff2bb60eaf95c61fa2a047	DASHI/Physics/Signature31Canonical.agda	ef66bd5c357aa5e952c17a86ca52892d0f393c8f2d75582d4d7f8a406261c69f
agent/evidence-polarity-cross-pollination	2dbbe3d460a5183956ff2bb60eaf95c61fa2a047	DASHI/Physics/Signature31FromShiftOrbitProfile.agda	30f38bd59b8417361de59ae2a1ddaf15c68e7e8894eb5724140ee08cf687446b
agent/evidence-polarity-cross-pollination	2dbbe3d460a5183956ff2bb60eaf95c61fa2a047	DASHI/Physics/Signature31InstanceShiftZ.agda	658e8e161ed2962a1201a5555ec2a253a1ee4fc96b6b0214b6db537d5b0654ee
agent/evidence-polarity-cross-pollination	2dbbe3d460a5183956ff2bb60eaf95c61fa2a047	DASHI/Physics/Signature31IntrinsicRootSystemB4Instance.agda	09f58032eceb630bb1e79dd5c3c1317eb896264a0e7dd20f24df68d6ddf4f5e0
agent/evidence-polarity-cross-pollination	2dbbe3d460a5183956ff2bb60eaf95c61fa2a047	DASHI/Physics/Signature31IntrinsicShiftInstance.agda	f17fb6c2217364d839e9baff64acb72c19c9e3fe281c694ccdf4354cbbaed46b
agent/evidence-polarity-cross-pollination	2dbbe3d460a5183956ff2bb60eaf95c61fa2a047	DASHI/Physics/Signature31IntrinsicSyntheticInstance.agda	ef7906c36528c31a8f1ce08d0522656319858da8f36a541377e6201bca1cb942
agent/evidence-polarity-cross-pollination	2dbbe3d460a5183956ff2bb60eaf95c61fa2a047	DASHI/Physics/Signature31OrbitActionAgreement.agda	71275ada2f28f23c5a10c513678e35b2d0bf1d3a263279ae171c746315154def
agent/evidence-polarity-cross-pollination	2dbbe3d460a5183956ff2bb60eaf95c61fa2a047	DASHI/Physics/Signature31ShiftProfileWitness.agda	97e0eb1da810819ba3ec5928644aec1e4a9136d32128af966699d3cdd6a2e3f7
agent/evidence-polarity-cross-pollination	2dbbe3d460a5183956ff2bb60eaf95c61fa2a047	DASHI/Physics/SignatureClassificationBridge.agda	032ab1bb860f7591831f0fba5bef5cbaddb1527e6d7add63eff17d5386d99141
agent/evidence-polarity-cross-pollination	2dbbe3d460a5183956ff2bb60eaf95c61fa2a047	DASHI/Physics/SignatureFromMask.agda	6f1aae94fbe7f976b647e5e7129b6e2f95e02eb6d613071f36b010983bb4f572
agent/evidence-polarity-cross-pollination	2dbbe3d460a5183956ff2bb60eaf95c61fa2a047	DASHI/Physics/SignedPerm4.agda	bb46b3f40d7104d192b46db8a63e50ce58861b726b7e6a7859512bc9dd0a8887
agent/evidence-polarity-cross-pollination	2dbbe3d460a5183956ff2bb60eaf95c61fa2a047	DASHI/Physics/SpinDiracGateFromMetric.agda	c25680b884e93f2178c5c144d605fb947f0a9ba6218bf0740574909ba4bc0377
agent/evidence-polarity-cross-pollination	2dbbe3d460a5183956ff2bb60eaf95c61fa2a047	DASHI/Physics/SyntheticOneMinusShellRealization.agda	b22c4d1e408d8c82b0828953f256809410a078cf7aaf59398224680296dc5181
agent/evidence-polarity-cross-pollination	2dbbe3d460a5183956ff2bb60eaf95c61fa2a047	DASHI/Physics/TOperator.agda	de40847371c758cd8537311f3188c8d99d950bdb5162eef53beaa1d9609f9d7f
agent/evidence-polarity-cross-pollination	2dbbe3d460a5183956ff2bb60eaf95c61fa2a047	DASHI/Physics/TailCollapseGuardedStrict.agda	88d49618dd5e504dfbff3da88da66dcce8bd5ec48c0d083aae030cac4c02c290
agent/evidence-polarity-cross-pollination	2dbbe3d460a5183956ff2bb60eaf95c61fa2a047	DASHI/Physics/TailCollapseInvolution.agda	6925eece89d383f2cb814eb62e36cbb6fcee01f61b05c651572a1aea02b77456
agent/evidence-polarity-cross-pollination	2dbbe3d460a5183956ff2bb60eaf95c61fa2a047	DASHI/Physics/TailCollapseProof.agda	a5d88d87af6cefdf1852404305342b54040ddb6130fb746e724f0742e2e2c2ba
agent/evidence-polarity-cross-pollination	2dbbe3d460a5183956ff2bb60eaf95c61fa2a047	DASHI/Physics/TernaryRealInstance.agda	168515c12d177e2fba1cf4ce6e8c95b432e6b973cb0f71bcb6055c79e17dce5c
agent/evidence-polarity-cross-pollination	2dbbe3d460a5183956ff2bb60eaf95c61fa2a047	DASHI/Physics/TernaryRealInstanceShift.agda	3c6728649fc7e97f9ae4ca618cbf90c137b5ac650a3cd6d18d5830b99c7aa5a5
agent/evidence-polarity-cross-pollination	2dbbe3d460a5183956ff2bb60eaf95c61fa2a047	DASHI/Physics/TritCarrierBridge.agda	6b53555317381c1e4e380d2858257ef0c7dde6299c6a1a2435e76f7f99eedcb4
agent/evidence-polarity-cross-pollination	2dbbe3d460a5183956ff2bb60eaf95c61fa2a047	DASHI/Physics/UnificationClosure.agda	b9deb44c93effe8c23a32c0427b3950df7ce9eb1779acfcd9317f08408be959e
agent/evidence-polarity-cross-pollination	2dbbe3d460a5183956ff2bb60eaf95c61fa2a047	DASHI/Physics/UnifiedClosure.agda	2ad2b820dedd6f8beb3cfbf22835d2e5aac5ae6d710c0dcc452dabe8826cb6a7
agent/evidence-polarity-cross-pollination	2dbbe3d460a5183956ff2bb60eaf95c61fa2a047	DASHI/Physics/UniversalityTheorem.agda	ad9cf634c40af2eeb2d3e9deae23a1c605077159e68172b21c8a7f0ac0768dec
agent/evidence-polarity-cross-pollination	2dbbe3d460a5183956ff2bb60eaf95c61fa2a047	DASHI/Physics/WaveLiftEvenSubalgebra.agda	c771a51d8132ae695bbdc58392feb94a9e35b46c37976f938bb5c360145f1355
agent/evidence-polarity-cross-pollination	2dbbe3d460a5183956ff2bb60eaf95c61fa2a047	DASHI/Physics/YM/CovariantDerivative.agda	d17248596ea8dfee946414edcb5dd611ca98ecf3ca2e7ba429876c4006697c2b
agent/evidence-polarity-cross-pollination	2dbbe3d460a5183956ff2bb60eaf95c61fa2a047	DASHI/Physics/YM/FieldStrength.agda	706ead9b2dc97f4a07d5541b0796409dd7d77941efed33d910722992797fbbe1
agent/evidence-polarity-cross-pollination	2dbbe3d460a5183956ff2bb60eaf95c61fa2a047	DASHI/Physics/YM/SU2LieAlgebra.agda	8e8bd11633f9eae536409ca44f7b2d398b3b773409042fb0e0cec85f01df32a9
agent/evidence-polarity-cross-pollination	2dbbe3d460a5183956ff2bb60eaf95c61fa2a047	DASHI/Physics/YM/YangMillsAction.agda	452a18e86ad55a4f81419f2a45cd2d8dac5b554b8f2347dfca6a06243094996b
agent/evidence-polarity-cross-pollination	2dbbe3d460a5183956ff2bb60eaf95c61fa2a047	DASHI/Pressure.agda	b0907e2cfaeec23fc28c778b929d8efe6c84ef865ca6f7fbd1c1ee212ca1366e
agent/evidence-polarity-cross-pollination	2dbbe3d460a5183956ff2bb60eaf95c61fa2a047	DASHI/Promotion/AuthorityBoundaryCore.agda	209b3ca7631fe73e2fbdcb6db9d0706737a95b2628510fa4da1c0a786fc629bf
agent/evidence-polarity-cross-pollination	2dbbe3d460a5183956ff2bb60eaf95c61fa2a047	DASHI/Promotion/AuthorityGateCore.agda	2b2e320a547b6133dc1a5548727a81fadd5c4a128813cd569a529f663e6062e8
agent/evidence-polarity-cross-pollination	2dbbe3d460a5183956ff2bb60eaf95c61fa2a047	DASHI/Promotion/ChemistryAuthorityBinding.agda	261ea7643ed9dc67b046c7d2783e5f6cf2bcf2b1fdb44e4f47760c7e9f176473
agent/evidence-polarity-cross-pollination	2dbbe3d460a5183956ff2bb60eaf95c61fa2a047	DASHI/Promotion/ChemistryBiologyObligations.agda	868ddcadc1e0bffea9d9832a2edd9f6db2a77a8ec89010a3ae6479d93492e43e
agent/evidence-polarity-cross-pollination	2dbbe3d460a5183956ff2bb60eaf95c61fa2a047	DASHI/Promotion/ChemistryFiniteRuleTargets.agda	f5ffec4ed0b903087d7963c9b6c322153f44e4c0a00f64ec9ffbc4fcb00b24aa
agent/evidence-polarity-cross-pollination	2dbbe3d460a5183956ff2bb60eaf95c61fa2a047	DASHI/Promotion/ChemistryQuantitativeAdapter.agda	78118e45a506e019df3a30834c030cd976956854634c191812d3edd59563ba73
agent/evidence-polarity-cross-pollination	2dbbe3d460a5183956ff2bb60eaf95c61fa2a047	DASHI/Promotion/ChemistrySpectroscopyAuthorityIntake.agda	7738935c1c038a983c6b17a1c99abad4ab3bee51400228b32c9e6dfe3e73ca6b
agent/evidence-polarity-cross-pollination	2dbbe3d460a5183956ff2bb60eaf95c61fa2a047	DASHI/Promotion/NeurochemicalAuthorityBoundary.agda	4d04e037cb875e9c5c467f44aba6fe4e3b13e1fbff40417191ede643e7ac2233
agent/evidence-polarity-cross-pollination	2dbbe3d460a5183956ff2bb60eaf95c61fa2a047	DASHI/Quantum/GNSUniversalProperty.agda	65275caceb947f194809d34063fb90a1bfa7ac27dd699f00b94dbab7c2325e61
agent/evidence-polarity-cross-pollination	2dbbe3d460a5183956ff2bb60eaf95c61fa2a047	DASHI/Quantum/Stone.agda	d6d6ffa72f7b7c13ac7512eb25dd5e38064acaafbb179a4457a65bae30cb9d7d
agent/evidence-polarity-cross-pollination	2dbbe3d460a5183956ff2bb60eaf95c61fa2a047	DASHI/Reasoning/AttractorAlignedBranchSelection.agda	c95b7560d33df3644f24387b862845478639ef9e0e671f1e0ab4a4522434e5ab
agent/evidence-polarity-cross-pollination	2dbbe3d460a5183956ff2bb60eaf95c61fa2a047	DASHI/Reasoning/DefensiveReversalRepair.agda	a9b6142f1b28d611b64918e54718ef535498d6df3918dab3d3ccc75b3e51bbb5
agent/evidence-polarity-cross-pollination	2dbbe3d460a5183956ff2bb60eaf95c61fa2a047	DASHI/Reasoning/DialecticInvariantGeometry.agda	f33a8fe7dd8604c3e7c012f0187d08f6b2ff8ad883b73a123b07610e964ac5e2
agent/evidence-polarity-cross-pollination	2dbbe3d460a5183956ff2bb60eaf95c61fa2a047	DASHI/Reasoning/DialecticMotifKernel.agda	37ed5b3dc96b4e97c01faca13a23ce3026ac8e24cd80e22cc6267bd1e11be2b9
agent/evidence-polarity-cross-pollination	2dbbe3d460a5183956ff2bb60eaf95c61fa2a047	DASHI/Reasoning/HyperfabricHypervoxelEvidencePolarityBridgeExact.agda	bd6ad280a3e65456986e7e3ade084eefa80cb87bf15b03c37b011ea7aa273a48
agent/evidence-polarity-cross-pollination	2dbbe3d460a5183956ff2bb60eaf95c61fa2a047	DASHI/Reasoning/RelationalBranchInterference.agda	ae24de4491f95a99f45500bf2d0943f29fdf2f8543b004401cca8d74fa7e63e8
agent/evidence-polarity-cross-pollination	2dbbe3d460a5183956ff2bb60eaf95c61fa2a047	DASHI/Reasoning/RelationalChronologyProjectionBoundary.agda	afaf8d06179bd7bb31ef8beacfe57d9202f426a1378433aaab5c8468ed81b348
agent/evidence-polarity-cross-pollination	2dbbe3d460a5183956ff2bb60eaf95c61fa2a047	DASHI/Reasoning/RelationalLensSynthesisCore.agda	f043701d8188aaa9f7e3dfbb04f695eae29f69cb621a7949ff5fcfa79668b7d8
agent/evidence-polarity-cross-pollination	2dbbe3d460a5183956ff2bb60eaf95c61fa2a047	DASHI/Reasoning/RelationalSharedStateUpdate.agda	558286c490b848effd17a1c0afe9a110a9389d9b5e1e22175d6977a549171d6d
agent/evidence-polarity-cross-pollination	2dbbe3d460a5183956ff2bb60eaf95c61fa2a047	DASHI/Reasoning/RelationalStateCore.agda	2829058d23b21ecabde859f78bbbdd2e89e0a10155e26e75616a864487e27052
agent/evidence-polarity-cross-pollination	2dbbe3d460a5183956ff2bb60eaf95c61fa2a047	DASHI/Reasoning/RelationalTernaryPhaseGeometry.agda	10bb3c6669d7fe7cf1db91a948ed7d94ac4af85d8d7039afee292e19a9980a56
agent/evidence-polarity-cross-pollination	2dbbe3d460a5183956ff2bb60eaf95c61fa2a047	DASHI/Reasoning/TernaryComparisonSynthesisExact.agda	1883cddcd0ccdb236791a1fcbec4e18b63a3ee387e5faba2d716e7e4870b5dfe
agent/evidence-polarity-cross-pollination	2dbbe3d460a5183956ff2bb60eaf95c61fa2a047	DASHI/Reasoning/TypedHyperfabricCore.agda	d4fc2a70e949ac76b5e26a3e613b97d9cc340f5e8890a44c429271ea4e5fae33
agent/evidence-polarity-cross-pollination	2dbbe3d460a5183956ff2bb60eaf95c61fa2a047	DASHI/Statistics/PrimeProfileStats.agda	8da59f30c2756ec819245f6316f05981d5acd09926b7c528510036979891e592
agent/evidence-polarity-cross-pollination	2dbbe3d460a5183956ff2bb60eaf95c61fa2a047	DASHI/Statistics/Vec15Descriptive.agda	be3de41df2e198a566ce12621d25f71dd34a230e81b6add79014b20a9406f0f7
agent/evidence-polarity-cross-pollination	2dbbe3d460a5183956ff2bb60eaf95c61fa2a047	DASHI/Statistics/Vec15Order.agda	44766613cb03812aae8b320d8bf788e5461f4be1cd81e1ab1e5236ebc20f1e20
agent/evidence-polarity-cross-pollination	2dbbe3d460a5183956ff2bb60eaf95c61fa2a047	DASHI/TrackedPrimes.agda	fd91d89bb02068eb558176f5bd418a594958813e84b26f86c90fc9a26b691d1d
agent/evidence-polarity-cross-pollination	2dbbe3d460a5183956ff2bb60eaf95c61fa2a047	DASHI/Unifier.agda	58ddfb061eea341a9454376a1aba08fad6a53840ac068da05332e714f04d46ba
agent/evidence-polarity-cross-pollination	2dbbe3d460a5183956ff2bb60eaf95c61fa2a047	JFixedPoint.agda	1dc85d471f03ca520348e4b3f0bbc979b3b2bfe825d2ac7720e6a842f1b4004a
agent/evidence-polarity-cross-pollination	2dbbe3d460a5183956ff2bb60eaf95c61fa2a047	LogicTlurey.agda	ccee7396d94271b38daee3b9d61911a66355ec0052033618c27924792d64df05
agent/evidence-polarity-cross-pollination	2dbbe3d460a5183956ff2bb60eaf95c61fa2a047	MDL/Core.agda	19d79369ef8f0ff3c8f53ab7b7ad4ba6c9a0e5d6f0ae602ff8c1f65bec27d01b
agent/evidence-polarity-cross-pollination	2dbbe3d460a5183956ff2bb60eaf95c61fa2a047	MDL/Core/Core.agda	45e9586d8e7667dcf18996573e1df8b04a6c4685e09d12674ec26412a6268447
agent/evidence-polarity-cross-pollination	2dbbe3d460a5183956ff2bb60eaf95c61fa2a047	MaassRestoration.agda	4240b9e65b973cda0ec650dfe7f922dc7e472f7c8d1e54e5a7d754134e521bbb
agent/evidence-polarity-cross-pollination	2dbbe3d460a5183956ff2bb60eaf95c61fa2a047	MonsterOntos.agda	7cb03b70693d9f202a57b41f847bb74f401208c27be7d7494237fadc38b48af5
agent/evidence-polarity-cross-pollination	2dbbe3d460a5183956ff2bb60eaf95c61fa2a047	Ontology/Brain/BrainCoarseSummarySurface.agda	b433fd60d2b24b2560a0df5e3ceff40820f4354a5a2e4ee6a39bf91a4d97e980
agent/evidence-polarity-cross-pollination	2dbbe3d460a5183956ff2bb60eaf95c61fa2a047	Ontology/Brain/BrainExtractionSurface.agda	4af924f65463fb5fbd0269f09796e61cf0edcaadf075862a2739c41349528616
agent/evidence-polarity-cross-pollination	2dbbe3d460a5183956ff2bb60eaf95c61fa2a047	Ontology/Brain/BrainGovernanceProviso.agda	588d986dc743d7bac44c54da02e4a782460e87fba0a4baeec39f09ffc5f69489
agent/evidence-polarity-cross-pollination	2dbbe3d460a5183956ff2bb60eaf95c61fa2a047	Ontology/Brain/BrainInvariantDepth.agda	822a88d27a5ce808691f8ee975b0af51b987cd4204902f04c54fe2702f5e10c1
agent/evidence-polarity-cross-pollination	2dbbe3d460a5183956ff2bb60eaf95c61fa2a047	Ontology/Brain/BrainInvariantSemanticLaws.agda	090d76c518ddfa829cfea66d491397a9bd0408e373633e43b5c939537fc7f20a
agent/evidence-polarity-cross-pollination	2dbbe3d460a5183956ff2bb60eaf95c61fa2a047	Ontology/Brain/BrainInvariantSurface.agda	b2fcae156ec3e5c695037ef7442f7e28439dac0c44022f1fc9a07f2ac5a08da2
agent/evidence-polarity-cross-pollination	2dbbe3d460a5183956ff2bb60eaf95c61fa2a047	Ontology/Brain/BrainLearningEigenbasisSurface.agda	5f6485190f8218ec8cac9d9485ba51693e6f3b61e0d36f9813924c55323cf6de
agent/evidence-polarity-cross-pollination	2dbbe3d460a5183956ff2bb60eaf95c61fa2a047	Ontology/Brain/BrainMorphospaceGapJunctionSurface.agda	f85fa2deccce55f5d6bfa8a8fe26e0886d8ea09582f1b22fb2ee69c4b758e64e
agent/evidence-polarity-cross-pollination	2dbbe3d460a5183956ff2bb60eaf95c61fa2a047	Ontology/Brain/BrainRegionAutomatonSurface.agda	67380d1d969a8375a0d2e60b0ebf5cb37011008a69328e776c293f5a5eb451ac
agent/evidence-polarity-cross-pollination	2dbbe3d460a5183956ff2bb60eaf95c61fa2a047	Ontology/Brain/BrainThemeConsumerLaws.agda	d5fbb2c535a418374760aee42e3e1e4a088d54abbb48674b9960072019072ff6
agent/evidence-polarity-cross-pollination	2dbbe3d460a5183956ff2bb60eaf95c61fa2a047	Ontology/Brain/BrainVisualFormConstantSurface.agda	122b70476f1c2f2a79dffddce07148ec84935b42cfdd5ee3da63107c3e9680fa
agent/evidence-polarity-cross-pollination	2dbbe3d460a5183956ff2bb60eaf95c61fa2a047	Ontology/Brain/BrainVocabularySurface.agda	a1c2dd691c0932cee0a437b175139006a69039fbb89def69ad28b04b1b20214d
agent/evidence-polarity-cross-pollination	2dbbe3d460a5183956ff2bb60eaf95c61fa2a047	Ontology/BrainDNA/BrainAtomicChemistryHandoff.agda	d12aedb75fe0836a308cf453509342df04d0d4ec1ed90b768e48696051a0b186
agent/evidence-polarity-cross-pollination	2dbbe3d460a5183956ff2bb60eaf95c61fa2a047	Ontology/BrainDNA/BrainChemistryCodecConsumer.agda	3bb64e07186cde083e824f55d0596c050d5625d3acf874b35e5c0f4362c68296
agent/evidence-polarity-cross-pollination	2dbbe3d460a5183956ff2bb60eaf95c61fa2a047	Ontology/BrainDNA/BrainCodecAdmissibilityBridge.agda	63edbe1860c83f63b6e8e83640b374cf59eb4727eae7025d73f9c35ef8eb19c0
agent/evidence-polarity-cross-pollination	2dbbe3d460a5183956ff2bb60eaf95c61fa2a047	Ontology/BrainDNA/BrainCodecDepthLaws.agda	3056fe0fc6c1bdf69bdbc9fe6b04a87d1f35e6501608224f9f15f891ca3b24bc
agent/evidence-polarity-cross-pollination	2dbbe3d460a5183956ff2bb60eaf95c61fa2a047	Ontology/BrainDNA/BrainCodecPayloadRecoveryBridge.agda	b517f01ea16d91bb916230fbb792813cb30687ddd2fbd0313bd3038f254fa1d6
agent/evidence-polarity-cross-pollination	2dbbe3d460a5183956ff2bb60eaf95c61fa2a047	Ontology/BrainDNA/BrainCodecRecoverySemanticLaws.agda	6fd65af418bc98cc135cb5f9fae181fbae59e7438d79cd0a9c7f9507ef58c356
agent/evidence-polarity-cross-pollination	2dbbe3d460a5183956ff2bb60eaf95c61fa2a047	Ontology/BrainDNA/BrainCodecSemanticDepth.agda	427ae6ddd650201a00bca3043d7032416afa3364b443e0ac6e7d18aeff04d95d
agent/evidence-polarity-cross-pollination	2dbbe3d460a5183956ff2bb60eaf95c61fa2a047	Ontology/BrainDNA/BrainCodecSemanticLaws.agda	3501e7ac755d2506ded04276a288be461e5bd5de8cdb88639e80013053f6fb0a
agent/evidence-polarity-cross-pollination	2dbbe3d460a5183956ff2bb60eaf95c61fa2a047	Ontology/BrainDNA/BrainCrossoverAbstractComposition.agda	758008dc7cea3d11b508cfe208f44df979db6c4b990577ce22036529ae830407
agent/evidence-polarity-cross-pollination	2dbbe3d460a5183956ff2bb60eaf95c61fa2a047	Ontology/BrainDNA/BrainCrossoverIntegrationLaws.agda	8ab66778587eae5ae731b03b2e6d5a079064e94744800dd28fda6a7ba3cd9bcb
agent/evidence-polarity-cross-pollination	2dbbe3d460a5183956ff2bb60eaf95c61fa2a047	Ontology/BrainDNA/BrainDnaRepresentationMap.agda	edc7261d14132c365da4a2d59bf8648d697b8869826061b202061b9c1bf7467d
agent/evidence-polarity-cross-pollination	2dbbe3d460a5183956ff2bb60eaf95c61fa2a047	Ontology/BrainDNA/BrainExtractionChemistryConnector.agda	f37ad57f3d86affa686f140063648f4aa16ea74f23f83c4cdcef2eb01acb5a72
agent/evidence-polarity-cross-pollination	2dbbe3d460a5183956ff2bb60eaf95c61fa2a047	Ontology/BrainDNA/BrainExtractionConnectorDepth.agda	e20dd3f9b936aabbc1c6922205841b35cbc5230db29929e228a10354c8d7ce8f
agent/evidence-polarity-cross-pollination	2dbbe3d460a5183956ff2bb60eaf95c61fa2a047	Ontology/BrainDNA/BrainExtractionConnectorSemantics.agda	3e075b38e8e178c5dfe44b33f47b7afb415550363ba43c8e01cc7e7e8adc5b0a
agent/evidence-polarity-cross-pollination	2dbbe3d460a5183956ff2bb60eaf95c61fa2a047	Ontology/BrainDNA/BrainStateCrossoverLaws.agda	ff24e3c24e640564af71f25e8211e0d10b4ef03463991a11523e95b69273bc74
agent/evidence-polarity-cross-pollination	2dbbe3d460a5183956ff2bb60eaf95c61fa2a047	Ontology/BrainDNA/BrainStructuralConsumerSemantics.agda	8ca920397da2b27e843a18fbbedc16ed318f35ad026620cca99acb928b207210
agent/evidence-polarity-cross-pollination	2dbbe3d460a5183956ff2bb60eaf95c61fa2a047	Ontology/BrainDNA/BrainSummaryChemistryCompatibility.agda	484b8237e0b469881c5df73ee8d3e5a85159a14e167240842c105fffdba2059f
agent/evidence-polarity-cross-pollination	2dbbe3d460a5183956ff2bb60eaf95c61fa2a047	Ontology/BrainDNA/BrainSummaryEigenclassCompatibility.agda	91fdd41c8304561f092ce8b5fbcd5eb05d4a82a0ee655e1a5a175c0940f90f8c
agent/evidence-polarity-cross-pollination	2dbbe3d460a5183956ff2bb60eaf95c61fa2a047	Ontology/BrainDNA/BrainSummaryPacketCompatibility.agda	0b2add34ac89c052b7c8739cc8503cbbec8111da3bf5a99b52c73d9c2455d45f
agent/evidence-polarity-cross-pollination	2dbbe3d460a5183956ff2bb60eaf95c61fa2a047	Ontology/BrainDNA/BrainSummaryStructuralCompatibility.agda	59032cab514b1f89970c76e57e5a684dfd5cc36e11981eac2fe9bd82876adb42
agent/evidence-polarity-cross-pollination	2dbbe3d460a5183956ff2bb60eaf95c61fa2a047	Ontology/BrainDNA/BrainSummaryStructuralConsumer.agda	077ea3da32de1a920fd9c72ca82b7928595f1979858f573389a37da7096330a4
agent/evidence-polarity-cross-pollination	2dbbe3d460a5183956ff2bb60eaf95c61fa2a047	Ontology/BrainDNA/BrainSummaryStructuralDepth.agda	bd925f4a10128e703c55e9bc9a4fa9679ac1f5bb3cde92b5d3d221b6bf6f9d08
agent/evidence-polarity-cross-pollination	2dbbe3d460a5183956ff2bb60eaf95c61fa2a047	Ontology/BrainDNA/BrainThemeChemistryChannelTransport.agda	dc5ac9550f4402cb2336dd570b32511b061c4e2d930b48897cd54bebd50a1d14
agent/evidence-polarity-cross-pollination	2dbbe3d460a5183956ff2bb60eaf95c61fa2a047	Ontology/BrainDNA/BrainThemeConnectorSurface.agda	886dfd1e5c01ccd5703651298871d0998dff5e4414ff07dde2d420ae4be32e58
agent/evidence-polarity-cross-pollination	2dbbe3d460a5183956ff2bb60eaf95c61fa2a047	Ontology/BrainDNA/BrainVocabularyPacketCompatibility.agda	ddb437375f696e67411563768b129ddd83ed951b641882c4956d0bf57ed872d5
agent/evidence-polarity-cross-pollination	2dbbe3d460a5183956ff2bb60eaf95c61fa2a047	Ontology/BrainDNA/PacketCodecBridge.agda	4424ba844a6b53af2fa1c78f4bdb16a887f910e9f41384a8e5d802d9d691b729
agent/evidence-polarity-cross-pollination	2dbbe3d460a5183956ff2bb60eaf95c61fa2a047	Ontology/DNA/ChannelCodingSurface.agda	354d6fa77c64ea54b6cd017f5b850740c0914608dee4668e5d58b4db431ad784
agent/evidence-polarity-cross-pollination	2dbbe3d460a5183956ff2bb60eaf95c61fa2a047	Ontology/DNA/ChemistryConcrete.agda	f29c409c1b16468528cd8524577a5d2a8720eca247064f0dca45c161d7d192af
agent/evidence-polarity-cross-pollination	2dbbe3d460a5183956ff2bb60eaf95c61fa2a047	Ontology/DNA/ChemistryQuotient.agda	6cd129272cdf933860483caf5e90d466ebbee72baafed5f4e05afdec82405686
agent/evidence-polarity-cross-pollination	2dbbe3d460a5183956ff2bb60eaf95c61fa2a047	Ontology/DNA/ChemistrySheetHamiltonian.agda	22acda0d3fe47772dada3468f29314661856f5738fa9dd2e32bb605d3ab76608
agent/evidence-polarity-cross-pollination	2dbbe3d460a5183956ff2bb60eaf95c61fa2a047	Ontology/DNA/ChemistryUVConcrete.agda	f3c58809fe3b52f86501fbf47d0d64f7ea853926765127703cc9be072e0d2c1d
agent/evidence-polarity-cross-pollination	2dbbe3d460a5183956ff2bb60eaf95c61fa2a047	Ontology/DNA/ChemistryUVCoordinates.agda	82683a7eded93a26ae9735139bfad4aafbf336c6c089b4c0c422eac0ff73b5ca
agent/evidence-polarity-cross-pollination	2dbbe3d460a5183956ff2bb60eaf95c61fa2a047	Ontology/DNA/ComplementLaws.agda	501ee4b908e2790045a7e861b7e94eb3c938e69c65f2766fc4876ea45ea7a159
agent/evidence-polarity-cross-pollination	2dbbe3d460a5183956ff2bb60eaf95c61fa2a047	Ontology/DNA/CrossoverAbstractChannelLaws.agda	055d0316c43c3b90730a04742ae5506c93f06923d918287aa9779b2faec199fa
agent/evidence-polarity-cross-pollination	2dbbe3d460a5183956ff2bb60eaf95c61fa2a047	Ontology/DNA/CrossoverAttachmentLaws.agda	ad24a16681edd66cc5fde0eb7d1a24b8437c16672c218c1a4cc333e8dbbfc9d0
agent/evidence-polarity-cross-pollination	2dbbe3d460a5183956ff2bb60eaf95c61fa2a047	Ontology/DNA/CrossoverAttachmentSurface.agda	c8ed66662e5b8ff23b4bad365317c75febf1f3f7b79d36b085e3ca54fd84a8e8
agent/evidence-polarity-cross-pollination	2dbbe3d460a5183956ff2bb60eaf95c61fa2a047	Ontology/DNA/CrossoverChannelDepth.agda	dabd19164f80bf1879a3e462c08594c1062c6239e6fa43b44d2339acbeb5972a
agent/evidence-polarity-cross-pollination	2dbbe3d460a5183956ff2bb60eaf95c61fa2a047	Ontology/DNA/CrossoverSemanticChecksumLaws.agda	c5eb00b77553c669168d9442e77483b6cb9c1d8890d2892e185a3aa10adb5b61
agent/evidence-polarity-cross-pollination	2dbbe3d460a5183956ff2bb60eaf95c61fa2a047	Ontology/DNA/EigenclassSurface.agda	68d6df3066b70a169989a0890384aa1c6736ae250d703ed08f2a8c0c9283e1af
agent/evidence-polarity-cross-pollination	2dbbe3d460a5183956ff2bb60eaf95c61fa2a047	Ontology/DNA/StreamingEncoderSurface.agda	a5433b7e29c1dcbb58daace7c94160fa573e02a26a50fde4eca787b76f0d3f92
agent/evidence-polarity-cross-pollination	2dbbe3d460a5183956ff2bb60eaf95c61fa2a047	Ontology/DNA/Supervoxel4Adic.agda	94462308b07edcd85a893e0364f802af6ae1954c9da8f1dac6131881e6674b6d
agent/evidence-polarity-cross-pollination	2dbbe3d460a5183956ff2bb60eaf95c61fa2a047	Ontology/DNA/SupervoxelAdmissibility.agda	53588d7eacd4d748ffc0915ceafabd8157ae4a806a7f39e26b664a98d5c4d575
agent/evidence-polarity-cross-pollination	2dbbe3d460a5183956ff2bb60eaf95c61fa2a047	Ontology/DNA/SupervoxelChemistryCouplingLaws.agda	5a79289f18340571cfa05b10078e1416e70899aa13d7eb460ff583123bcb0dfd
agent/evidence-polarity-cross-pollination	2dbbe3d460a5183956ff2bb60eaf95c61fa2a047	Ontology/DNA/SupervoxelChemistryLongWindowLaws.agda	089e31ca87d92c47effd68a20c8ccf70d9f677bfca8e6a9a746b9dc53bc0d17d
agent/evidence-polarity-cross-pollination	2dbbe3d460a5183956ff2bb60eaf95c61fa2a047	Ontology/DNA/SynthesisSequencingRealismLaws.agda	04a872fa448c7570fafe7bd158630caf1dc0555a6b4fdcbeaf5fe6448c894be6
agent/evidence-polarity-cross-pollination	2dbbe3d460a5183956ff2bb60eaf95c61fa2a047	Ontology/DNA/SynthesisSequencingRiskSurface.agda	6daf8d8f2942344db473734ecc4bac1493e5678be53648a838a6f48cadaefa35
agent/evidence-polarity-cross-pollination	2dbbe3d460a5183956ff2bb60eaf95c61fa2a047	Ontology/DNA/TriTruthScanOrderBridge.agda	1cdd4b441ce18a98698020134a72536d9c04dc3edf5f3fdef62441c545927a3d
agent/evidence-polarity-cross-pollination	2dbbe3d460a5183956ff2bb60eaf95c61fa2a047	Ontology/Hecke/ChamberToShiftWitnessBridge.agda	e879477d92a3311198fde2cfb2fac1af9d47163d6ede85315addf30d227e5f82
agent/evidence-polarity-cross-pollination	2dbbe3d460a5183956ff2bb60eaf95c61fa2a047	Ontology/Hecke/CurrentSaturatedForcedStableCollapse.agda	26da596592dd60e28d20366cf2e9d172d404f419015ca849aa9e2bcfbcf738a4
agent/evidence-polarity-cross-pollination	2dbbe3d460a5183956ff2bb60eaf95c61fa2a047	Ontology/Hecke/CurrentSaturatedOrbitSummaryCollapse.agda	06d5e04bf84f31d7622b5a8f5571707e344af398a162fe5356141f6c365fa0c5
agent/evidence-polarity-cross-pollination	2dbbe3d460a5183956ff2bb60eaf95c61fa2a047	Ontology/Hecke/CurrentSaturatedSectorHistogramComputations.agda	aa0979a0d93b0aeef70311ca8d31d823f085a2d583d5ec4822f0e4df98e76d2f
agent/evidence-polarity-cross-pollination	2dbbe3d460a5183956ff2bb60eaf95c61fa2a047	Ontology/Hecke/DefectCorrespondenceRepresentation.agda	d5c29c7d1afbfdc48dc114b36c3b4402dfd0e50ee5916f7b4205b0b11c8db7a0
agent/evidence-polarity-cross-pollination	2dbbe3d460a5183956ff2bb60eaf95c61fa2a047	Ontology/Hecke/DefectOrbitCollapseBridge.agda	bba6e6d8a9087a06ade2182bc1d3a013bed8b5ad54d81717f741d8f746989be0
agent/evidence-polarity-cross-pollination	2dbbe3d460a5183956ff2bb60eaf95c61fa2a047	Ontology/Hecke/DefectOrbitSummaryRefinement.agda	4db945543778a010ae5165eeb86a1a0fa8125f10f67bac010ab84f3ee2825439
agent/evidence-polarity-cross-pollination	2dbbe3d460a5183956ff2bb60eaf95c61fa2a047	Ontology/Hecke/FactorVecChamberDefectHistograms.agda	950e7a00e5ccd8392a9115bb4423102d9dac12fca749d5787368ee99c2bdfb99
agent/evidence-polarity-cross-pollination	2dbbe3d460a5183956ff2bb60eaf95c61fa2a047	Ontology/Hecke/FactorVecDefectCorrespondence.agda	0c7d667567dd87d911de825cdac1f3babac77ab434d046f70b46740704179072
agent/evidence-polarity-cross-pollination	2dbbe3d460a5183956ff2bb60eaf95c61fa2a047	Ontology/Hecke/FactorVecDefectHistograms.agda	d28da9821a13a7e66b4f683d6d2cc5d7ae5ad4581c04984dbdcfc33aba10a254
agent/evidence-polarity-cross-pollination	2dbbe3d460a5183956ff2bb60eaf95c61fa2a047	Ontology/Hecke/FactorVecDefectOrbitSummaries.agda	252ea96835484ff18395684b015182f22485fe32aa58a4cd0e58cd457725040c
agent/evidence-polarity-cross-pollination	2dbbe3d460a5183956ff2bb60eaf95c61fa2a047	Ontology/Hecke/FactorVecDefectProfileCorrespondence.agda	aba77b4b32b0db5bd6ec50102e7b417236747759f57cdf58399833833d9bbf47
agent/evidence-polarity-cross-pollination	2dbbe3d460a5183956ff2bb60eaf95c61fa2a047	Ontology/Hecke/FactorVecInstances.agda	aecd062a77457eddf7d74d4760a799f0adcc7c16a82a08744c066f3b8ad6fc91
agent/evidence-polarity-cross-pollination	2dbbe3d460a5183956ff2bb60eaf95c61fa2a047	Ontology/Hecke/FactorVecMultiLaneDefects.agda	4c883d1465fd9f20e5d7e8d4033e20c2fd65596b9f5c8253ecafe188d97114f6
agent/evidence-polarity-cross-pollination	2dbbe3d460a5183956ff2bb60eaf95c61fa2a047	Ontology/Hecke/FactorVecMultiLaneTransport.agda	3f6c09bf543e3e521cbf35298af2b82e02ed62ae18322758c83ee335adce9786
agent/evidence-polarity-cross-pollination	2dbbe3d460a5183956ff2bb60eaf95c61fa2a047	Ontology/Hecke/FactorVecOrbitForcedStableLowerBound.agda	28d99e1ea96d4665ef71101e853507e321462040a84a0210f5a1f15bd76bfa90
agent/evidence-polarity-cross-pollination	2dbbe3d460a5183956ff2bb60eaf95c61fa2a047	Ontology/Hecke/FactorVecSignedScan.agda	84028f0a9bd1b3510af3084016fe1f190b56a13a0db68de35dc500de0a253734
agent/evidence-polarity-cross-pollination	2dbbe3d460a5183956ff2bb60eaf95c61fa2a047	Ontology/Hecke/FactorVecSignedTransport.agda	29d6fc56d8318689d213fb892439c3bdbc1e0d52840e0fa4344c84e63bb28e7f
agent/evidence-polarity-cross-pollination	2dbbe3d460a5183956ff2bb60eaf95c61fa2a047	Ontology/Hecke/FactorVecTransportChambers.agda	75c4d1944dad17afe24c3450fd9d448f5509ec6302b2071f0fa798e17b7fa92d
agent/evidence-polarity-cross-pollination	2dbbe3d460a5183956ff2bb60eaf95c61fa2a047	Ontology/Hecke/ForcedStableTransferBridge.agda	f1e7b76a96172f0b6a03e307a84b1b8ee8622aa5b8b6ea7f5791aa5a58c7dfce
agent/evidence-polarity-cross-pollination	2dbbe3d460a5183956ff2bb60eaf95c61fa2a047	Ontology/Hecke/MultiLaneSignedTransport.agda	1767bb8da09070bc98d49460ba68c334ea1fc03da81b29273f409273b5a2787f
agent/evidence-polarity-cross-pollination	2dbbe3d460a5183956ff2bb60eaf95c61fa2a047	Ontology/Hecke/PNFResidualBridge.agda	c05b1a3f25aafb76e009cc97f716104d2f00a3085cd83df5aee14a36a6eae203
agent/evidence-polarity-cross-pollination	2dbbe3d460a5183956ff2bb60eaf95c61fa2a047	Ontology/Hecke/PrimeHeckeEigenMotifPipeline.agda	a94c52b460255acc9baa79703b82181a04e2dce2c4a2b8664e44b7cbfcdd013e
agent/evidence-polarity-cross-pollination	2dbbe3d460a5183956ff2bb60eaf95c61fa2a047	Ontology/Hecke/QuotientRepresentation.agda	8841d0880e53f68841154d62d9930b2861800e35a9b4444b26c2bd45e64fcf7b
agent/evidence-polarity-cross-pollination	2dbbe3d460a5183956ff2bb60eaf95c61fa2a047	Ontology/Hecke/ReverseRepresentation.agda	ea05703d6ba394f4e85234c13ab8d3e04734de9d25c48724ae78545b36d99e85
agent/evidence-polarity-cross-pollination	2dbbe3d460a5183956ff2bb60eaf95c61fa2a047	Ontology/Hecke/Scan.agda	bb54750df35d21a4cddfc01368e74c4cf18e851aab080956c1a7cf43439a6932
agent/evidence-polarity-cross-pollination	2dbbe3d460a5183956ff2bb60eaf95c61fa2a047	Ontology/Hecke/SignedTransport.agda	f67b9c2598bd6f6d3dc7d46ea522be20c008932c25803008309ee998956e380e
agent/evidence-polarity-cross-pollination	2dbbe3d460a5183956ff2bb60eaf95c61fa2a047	Ontology/Hecke/SupportCascadePersistence.agda	93492ff820b6fd6947502648a0f9a8ab4d46d42ceb93d69ba43e9c321a7a6123
agent/evidence-polarity-cross-pollination	2dbbe3d460a5183956ff2bb60eaf95c61fa2a047	Ontology/Hecke/TransportChambers.agda	fe1f60e34a2f0616fc0247c14cbc87405df3cb5a506da0066e06984ddac06c22
agent/evidence-polarity-cross-pollination	2dbbe3d460a5183956ff2bb60eaf95c61fa2a047	Ontology/Hecke/TriadIndexedDefectOrbitSummaryRefinement.agda	b5f303eda63bfd794f646bcc1311c78870f8a7dcf914b0e00063a6c81ae70e49
agent/evidence-polarity-cross-pollination	2dbbe3d460a5183956ff2bb60eaf95c61fa2a047	Ontology/Hecke/TriadSectorCorrelationRefinement.agda	22358382483208340af06d4bfd00157fd4b198a709543bcf1409e22b4d001a25
agent/evidence-polarity-cross-pollination	2dbbe3d460a5183956ff2bb60eaf95c61fa2a047	PrimeRoles.agda	813f9c3bb00e43a5cdf1c8a6934dba07a9cfb3ea9a885779a9af904e5a3d53b1
agent/evidence-polarity-cross-pollination	2dbbe3d460a5183956ff2bb60eaf95c61fa2a047	UFTC_Lattice.agda	04564f65bc45b15d3f7cf0b9f48718a8b3fa28d526498caff75168d55dc8fe0a
agent/evidence-polarity-cross-pollination	2dbbe3d460a5183956ff2bb60eaf95c61fa2a047	Ultrametric.agda	ece54f5f6c33a7d60ed1d9613ff8867892e668fb9f6dc28abee2a59c34a44939
agent/finite-qutrit-dirac-bridge	0fa929aa297ef0b76dbb8d55e3a8c7e83d0ca67e	DASHI/Cognition/BaselineMarginModelSelection.agda	65a68884518b638a7ead70bb86dc0e205be3f5d33770bc40b0581e9de93d97a5
agent/finite-qutrit-dirac-bridge	0fa929aa297ef0b76dbb8d55e3a8c7e83d0ca67e	DASHI/Cognition/CommaDiffusionLanguage.agda	dc83e68f11f14dfaee6854d42fd46f1cd31e9455af97f0238d57aabdfe6ba85f
agent/finite-qutrit-dirac-bridge	0fa929aa297ef0b76dbb8d55e3a8c7e83d0ca67e	DASHI/Cognition/PsychedelicNetworkDiffusion.agda	9d56fd4b85c800149336616d080978d065f941e27ea4a35b5dcd415628d1aaa1
agent/frame-bearing-relational-intervention-v2	8998663e92dc87f2f51561fc3ea6573170ee3661	DASHI/Dynamics/EvidenceGatedRechartBoundary.agda	569352aca1d639fbac7477ecacf05864a42577bf4c6af2a8008211d328dbfd18
agent/governance-reflection-provenance-round14	278f5104f0f6eea3f666a1bd9aeff325aa2ed646	DASHI/Cognition/PNF/NumericTokenStorageReference.agda	ce21cb7571ab4e39f89e6016ad89dbc867ab1a9db67d7a53c588b00124ceda15
agent/governance-reflection-provenance-round14	278f5104f0f6eea3f666a1bd9aeff325aa2ed646	DASHI/Governance/CorrectiveReachabilityEquivariance.agda	5562c58ff9302e2a5a03b9c055b7a7875b39a534d2230c6c980940cd4faf8c31
agent/governance-reflection-provenance-round14	278f5104f0f6eea3f666a1bd9aeff325aa2ed646	DASHI/Governance/MiddleEastProvenancePolicyRouting.agda	8723c15277199f3b79da40179573ea448f277f6b4854124db43d31560eab62c8
agent/introspective-epistemic-authority	3949974e54bab6fc3e9d1539fe1ef7d8050323a7	DASHI/Reasoning/EpistemicAuthorityBroadVisualFindingExact.agda	38672eae539d9d9171c23454e4345ead1a177e6b36d7d137c39f79dbedb8545a
agent/introspective-epistemic-authority	3949974e54bab6fc3e9d1539fe1ef7d8050323a7	DASHI/Reasoning/EpistemicAuthorityIntrospectiveVisualReceiptExact.agda	5d0b0395ecaceab849a5525b622bdc781c43a212836e0734be304cea24e83c5f
agent/introspective-epistemic-authority	3949974e54bab6fc3e9d1539fe1ef7d8050323a7	DASHI/Reasoning/FolkLawEpistemicAuthorityBroadExact.agda	b448d4066c2c2f4a3f4b20d3629067fc7dc6a9d81940964f046745a5be0257bf
agent/introspective-epistemic-authority	3949974e54bab6fc3e9d1539fe1ef7d8050323a7	DASHI/Reasoning/FolkLawEpistemicAuthorityCaptureExact.agda	3c288b620deecc3e3475bc6e71c2ec4b994979f51929b784c1ed62e64edd73ad
agent/introspective-visual-proof-loop	e918a8e85ec569f57c5cd067ce026c9d888e217a	DASHI/Core/IntrospectiveVisualRoundTripExact.agda	aeb820bab9200d75a68ec8b08af9c8e72f8be5d1acbd7ff5cc38be6a26e0af9d
agent/itir-edit-transport-leaf-locality-v2	60c4cadd59fbe2454bc2dcfffb683c653e200ddf	DASHI/Cognition/PNF/ConsumerRestrictionAggregationIntertwinerExact.agda	e6c0e4773b174f0d6496daf2d3a592ff7507e62b8d34a05da01f1280b134560c
agent/itir-edit-transport-leaf-locality-v2	60c4cadd59fbe2454bc2dcfffb683c653e200ddf	DASHI/Cognition/PNF/ConsumerRestrictionAggregationIntertwinerRegression.agda	3d965e96475e7d6a5696a08a2572fa17c995f43e6cb62224adf0bb058a3056d0
agent/itir-edit-transport-leaf-locality-v2	60c4cadd59fbe2454bc2dcfffb683c653e200ddf	DASHI/Cognition/PNF/ConsumerSufficientComplexityExact.agda	0de628021f18d4178bac29a327caedbb852cb1c3f96a6fc80a01901fde158ca1
agent/itir-edit-transport-leaf-locality-v2	60c4cadd59fbe2454bc2dcfffb683c653e200ddf	DASHI/Cognition/PNF/DependencyDerivedOccurrenceIdentityExact.agda	36840cc9e8abcb062408f4523e1d294c815d8a0bffa3527e4db07c1dd916204d
agent/itir-edit-transport-leaf-locality-v2	60c4cadd59fbe2454bc2dcfffb683c653e200ddf	DASHI/Cognition/PNF/DependencyIndexedOwnerWakeupExact.agda	c088d54d82d7bb3e150c07fe5eb29e6f4c8a51bd24096f1c19cb6010c9318aad
agent/itir-edit-transport-leaf-locality-v2	60c4cadd59fbe2454bc2dcfffb683c653e200ddf	DASHI/Cognition/PNF/EditTransportCompositionExact.agda	28cc6494911071df5b87acb771f72cd5bc48e0e7424ef8c38813409f62ccd0e5
agent/itir-edit-transport-leaf-locality-v2	60c4cadd59fbe2454bc2dcfffb683c653e200ddf	DASHI/Cognition/PNF/EditTransportLeafLocalityRegression.agda	5df8717246e5cc0aadc0e9c3b24c766f4df438ea7a09a0bbe68a26cc8a78de1e
agent/itir-edit-transport-leaf-locality-v2	60c4cadd59fbe2454bc2dcfffb683c653e200ddf	DASHI/Cognition/PNF/IndependentSentenceAdmissionExact.agda	8a2dce577d8f571ef18bb40c9e15edb5508c65466130ac7cd2b87c7df3c8e2bc
agent/itir-edit-transport-leaf-locality-v2	60c4cadd59fbe2454bc2dcfffb683c653e200ddf	DASHI/Cognition/PNF/OptimizationEconomyExact.agda	640addaba33697b777f6d90643485852345f6c1f61a277189af8932c46843030
agent/itir-edit-transport-leaf-locality-v2	60c4cadd59fbe2454bc2dcfffb683c653e200ddf	DASHI/Cognition/PNF/OwnerFibreReductionComplexityExact.agda	db6afaefeb4eca7f59666806cb97b2e592aff8c2d43c6f96c2ae0696da0cc345
agent/itir-edit-transport-leaf-locality-v2	60c4cadd59fbe2454bc2dcfffb683c653e200ddf	DASHI/Cognition/PNF/PhysicalMutationChurnEconomyExact.agda	854e248b3b39544ac4d9610db934243c5733cfae67f08cda5f0b025d13882bcd
agent/itir-edit-transport-leaf-locality-v2	60c4cadd59fbe2454bc2dcfffb683c653e200ddf	DASHI/Cognition/PNF/PhysicalMutationChurnEconomyRegression.agda	192ea0a9f634360c034a0afd592f5027303950fbeb8fb8e875893b8a9154b5e2
agent/itir-edit-transport-leaf-locality-v2	60c4cadd59fbe2454bc2dcfffb683c653e200ddf	DASHI/Cognition/PNF/ProducerNativeDemandProjectionExact.agda	d4e1de090e1d24008b0526656087f910fd90f35c53771da03705236f872e3499
agent/itir-edit-transport-leaf-locality-v2	60c4cadd59fbe2454bc2dcfffb683c653e200ddf	DASHI/Cognition/PNF/SignatureBucketReductionFactorizationExact.agda	e4a61dc4a387ccc0a0960799bb1b91c272481f095ee826eb7f7a710cbb055d38
agent/itir-edit-transport-leaf-locality-v2	60c4cadd59fbe2454bc2dcfffb683c653e200ddf	DASHI/Cognition/PNF/SparseFrontierTopologyExact.agda	e4390d42d44cdc362b26b271902fe62af1e860317f396adc4dffff9a4401519f
agent/itir-producer-complete-token-heads	1e1e83734a6633cc0b47f10f4745107e7e33addb	DASHI/Cognition/PNF/IndexedSparseFrontierActorRetentionExact.agda	eaabc75411e8117a0fc6056801dacf5ce4163e6ab8e751126be2f450c7e4c3a2
agent/itir-producer-complete-token-heads	1e1e83734a6633cc0b47f10f4745107e7e33addb	DASHI/Cognition/PNF/IndexedSparseFrontierActorRetentionRegression.agda	b87f32ddbce90ebc6792838734739fe9e909146b44fc2893b4b27b7677dd9090
agent/itir-producer-complete-token-heads	1e1e83734a6633cc0b47f10f4745107e7e33addb	DASHI/Cognition/PNF/IndexedSparseFrontierCandidateExposureExact.agda	d5c2b8187b8f5b0e9a792b6cc2a713e70205f0c1768e75f97410101c231a9f0f
agent/itir-producer-complete-token-heads	1e1e83734a6633cc0b47f10f4745107e7e33addb	DASHI/Cognition/PNF/IndexedSparseFrontierCandidateExposureRegression.agda	9c0d8781266f2ed11a8b3a4860c8ad55027d3609b8e61ebc52c926b440bf0672
agent/itir-producer-complete-token-heads	1e1e83734a6633cc0b47f10f4745107e7e33addb	DASHI/Cognition/PNF/IndexedSparseFrontierObjectCandidateExact.agda	e0c9a2bce5276619ad948971ba33d846922ad02a9ba61726897a95c03ee921a7
agent/itir-producer-complete-token-heads	1e1e83734a6633cc0b47f10f4745107e7e33addb	DASHI/Cognition/PNF/IndexedSparseFrontierObjectCandidateRegression.agda	33e9b809708d7af99a1491235d400f2afa85b660307d7f93aa966daec4ca6108
agent/itir-producer-complete-token-heads	1e1e83734a6633cc0b47f10f4745107e7e33addb	DASHI/Cognition/PNF/IndexedSparseFrontierTransitionExact.agda	3b1cc70ddc49a1cb07fb57a3b8a1cc6dfd768ce9bc7743e78a2539a3c63c297c
agent/itir-producer-complete-token-heads	1e1e83734a6633cc0b47f10f4745107e7e33addb	DASHI/Cognition/PNF/IndexedSparseFrontierTransitionRegression.agda	8cde884e72d1dc5d318d971772e7c3dabe4f5be441115fd21a8f9156dfaabbfa
agent/itir-producer-complete-token-heads	1e1e83734a6633cc0b47f10f4745107e7e33addb	DASHI/Cognition/PNF/SetwiseGroupedFibreProjectionExact.agda	4ff80f061dea55889c05c5059ba60b1fb690a5a7722a189e46fc73861c8671f4
agent/itir-producer-complete-token-heads	1e1e83734a6633cc0b47f10f4745107e7e33addb	DASHI/Cognition/PNF/SetwiseGroupedFibreProjectionRegression.agda	8be32a84b4864074ec080fbfd222ce5b54ca8b5006c1c4bf3b672bf5514b9735
agent/itir-producer-complete-token-heads	1e1e83734a6633cc0b47f10f4745107e7e33addb	DASHI/Cognition/PNF/StratifiedFibrewiseSupportLocalityExact.agda	4117bb0069f36b457b9d147c43c23edd88ac4d1a2ef89e2e26b9fb1a20f22501
agent/itir-producer-complete-token-heads	1e1e83734a6633cc0b47f10f4745107e7e33addb	DASHI/Cognition/PNF/StratifiedFibrewiseSupportLocalityRegression.agda	09e9e0d3142706ffe2ce0b36e0d459cadf2cdb4ca8ccb30e3653628c559f6975
agent/itir-producer-complete-token-heads	7285399c666f0c88b7e428a382e1c10621f83b74	DASHI/Cognition/PNF/FreshReplayAuthorityAdmissionExact.agda	07b8203db6bed19ebbcde117fa1d6fa1027d8f64cc04c2d6dff263457e43fef1
agent/itir-producer-complete-token-heads	7285399c666f0c88b7e428a382e1c10621f83b74	DASHI/Cognition/PNF/FreshReplayAuthorityAdmissionRegression.agda	0e35d69a2e1c604abf5204559d3558a385f80e7cae23126a1904112492c51c94
agent/itir-producer-complete-token-heads	7285399c666f0c88b7e428a382e1c10621f83b74	DASHI/Cognition/PNF/ProducerCertifiedReferenceAdmissionExact.agda	f2b6194966f56ee1998bc4ad6275a0b7313bee7c3b4ae06c43203976426945f3
agent/itir-producer-complete-token-heads	7285399c666f0c88b7e428a382e1c10621f83b74	DASHI/Cognition/PNF/ProducerCertifiedReferenceAdmissionRegression.agda	12aa9cfa04458428ce0bb28de046b4c9d72059709286b430bab1eea0f898ad2b
agent/itir-producer-complete-token-heads	7285399c666f0c88b7e428a382e1c10621f83b74	DASHI/Cognition/PNF/ProducerCertifiedTokenReferenceFibreExact.agda	8250381c1f8a5f9d9c36240b81217a34284e1afcbb7a185912fa49454de2ca3a
agent/itir-producer-complete-token-heads	7285399c666f0c88b7e428a382e1c10621f83b74	DASHI/Cognition/PNF/ProducerCertifiedTokenReferenceFibreRegression.agda	6caed76c0e68b400b5b98de63463bb710dc0fc82566f8afc902d7b1ded12bb29
agent/itir-producer-complete-token-heads	7285399c666f0c88b7e428a382e1c10621f83b74	DASHI/Cognition/PNF/ProducerCompleteDependencyProjectionExact.agda	7e40f74e015966ce32cdf5b060fd8180007fead261fc96660223634e8c66a14a
agent/itir-producer-complete-token-heads	7285399c666f0c88b7e428a382e1c10621f83b74	DASHI/Cognition/PNF/ProducerCompleteDependencyProjectionRegression.agda	3f3d28d1aff442b80bc141d5cc944d27b46dfe25407d013b950c6d4ff8c7ec2e
agent/monster-3b-round4-validation-trigger	4345f2b87563169490a95b27ef3048db0f63aa4a	DASHI/Moonshine/Monster3BActualMultiplicityIntertwinerExact.agda	7751145d9102e6f72f289988d410c6597cf404e7269de23330072382913d0c66
agent/monster-3b-round4-validation-trigger	4345f2b87563169490a95b27ef3048db0f63aa4a	DASHI/Moonshine/Monster3BExtraspecialCharacterSignatureExact.agda	cd3593479a4b1217b487738f1b9d81035cebd473042162b972fcaed2bc420c0a
agent/monster-3b-round4-validation-trigger	4345f2b87563169490a95b27ef3048db0f63aa4a	DASHI/Moonshine/Monster3BProjectiveTensorCocycleExact.agda	f76d4a89d55e0ad786a59c51c7dcbfebdb0b68611431cd76325fd46d0eb737c7
agent/ns-clay-ancient-defect-round65	859abdf130f23c281194783136c1f596f6cfd4b8	DASHI/Physics/Closure/NSAncientCKNNestedScaleTransferNoGoExact.agda	cad320ea5bb4892f268f2ac423ae385b861b36ffaf840092437642afa6b65129
agent/ns-clay-ancient-defect-round65	859abdf130f23c281194783136c1f596f6cfd4b8	DASHI/Physics/Closure/NSAncientExpandingTorusEnergyDensityDilutionExact.agda	d0d356e89807dbabb623846c3eb106f432bd5b8cc5cae1e67062d2e946b5f45f
agent/ns-clay-ancient-defect-round65	859abdf130f23c281194783136c1f596f6cfd4b8	DASHI/Physics/Closure/NSAncientLocalizedPoincareFluxScalingNoGoExact.agda	3fc9694dd3b91e4c3fa94b4e6c6851fcea0b4a29502089be81414e58903dc465
agent/ns-clay-ancient-defect-round65	859abdf130f23c281194783136c1f596f6cfd4b8	DASHI/Physics/Closure/NSAncientSpectralGapBackwardLifetimeCancellationExact.agda	8bd279f8b91d9b0890e2a6a11e8f513148699443ce47cf58b1d8d23c64c17ccf
agent/ns-clay-ancient-defect-round65	859abdf130f23c281194783136c1f596f6cfd4b8	DASHI/Physics/Closure/NSAncientVelocityParabolicScaleDichotomyExact.agda	e55f86fa8ed0c3ea9e9873d3e7ff44f260f2c8aa1c9a7de418b89c713c2e3692
agent/ns-clay-ancient-defect-round65	859abdf130f23c281194783136c1f596f6cfd4b8	DASHI/Physics/Closure/NSAncientVelocityScaleEnergyKinematicNoGoExact.agda	3c8ce2aa069dc0f3c62627474d992c6a406c081e2e11d1d8ed9982956590ad54
agent/ns-clay-ancient-increments-round66	b79271ba9418917a6ee1ae7f32e3006ac066e382	DASHI/Physics/Closure/NSAncientExpandingTorusIncrementDensityRound66Exact.agda	168034d8390887ff57b616b69ec06505ddd7b610177362138c0dd5ff3d317c55
agent/ns-clay-ancient-increments-round66	b79271ba9418917a6ee1ae7f32e3006ac066e382	DASHI/Physics/Closure/NSAncientIncrementEnergyStrainReductionRound66Exact.agda	08d4a2066a2e3138305a2500be21a0bee2c86deb8f009f5f5f11744bc4fe13b9
agent/ns-clay-ancient-increments-round66	b79271ba9418917a6ee1ae7f32e3006ac066e382	DASHI/Physics/Closure/NSAncientIncrementStretchingAbsorptionNoGoRound66Exact.agda	eb654398738c371f914c24c2632b9f5fcb51ef96bff33ce031038c2fea793ddd
agent/ns-clay-ancient-increments-round66	b79271ba9418917a6ee1ae7f32e3006ac066e382	DASHI/Physics/Closure/NSAncientIncrementStructureFluxLinearizationRound66Exact.agda	74f5026eeacafc291e9e5607fd9b16829f6be34f86626dd74825f558b425220d
agent/ns-clay-ancient-increments-round66	b79271ba9418917a6ee1ae7f32e3006ac066e382	DASHI/Physics/Closure/NSAncientStructureFluxDivergenceNoGoRound66Exact.agda	5290f5b2fa0d8ef11d3a05ffb52e3e982771d9b33708210d930c36b30cd5b556
agent/ns-clay-ancient-liouville-round64	4634eae4bafc3bcc2389777a2373ed719279d1dd	DASHI/Physics/Closure/NSAncientAxisymmetricReplicationDecayExact.agda	531ba75fec9f1284d55801f6dc4ba2ebf3f66657434f453ea5dd0c4bb568b58e
agent/ns-clay-ancient-liouville-round64	4634eae4bafc3bcc2389777a2373ed719279d1dd	DASHI/Physics/Closure/NSAncientBlowupDerivativeNormalizationScaleExact.agda	671eac5ac953e13159fb32704280a4a124c53d652a29987894f483663fee1425
agent/ns-clay-ancient-liouville-round64	4634eae4bafc3bcc2389777a2373ed719279d1dd	DASHI/Physics/Closure/NSAncientBlowupLpMassScaleAuditExact.agda	b6c6efd6adb5f559702bb198143661f578727ca9b6a7fa3e78fb0ba2d4518864
agent/ns-clay-ancient-liouville-round64	4634eae4bafc3bcc2389777a2373ed719279d1dd	DASHI/Physics/Closure/NSAncientBlowupOscillationNormalizationExact.agda	fe924939db2f11a0b49eebf6fd963df85dd01441c5d83417ef40aadbd2dcbe5f
agent/ns-clay-ancient-liouville-round64	4634eae4bafc3bcc2389777a2373ed719279d1dd	DASHI/Physics/Closure/NSAncientBlowupPeriodDecompactificationExact.agda	59e1fcc7b7477817b1b9e21b1f6627f288accc354cffd1403af6814f3226bb96
agent/ns-clay-ancient-liouville-round64	4634eae4bafc3bcc2389777a2373ed719279d1dd	DASHI/Physics/Closure/NSAncientConstantExcludingInvariantCompilerExact.agda	2de651c2c38d69f478cd0db77b2de6c1fc90864cae130941ec88ed751ba50140
agent/ns-clay-ancient-liouville-round64	4634eae4bafc3bcc2389777a2373ed719279d1dd	DASHI/Physics/Closure/NSAncientLinearGrowthLiouvilleCounterexampleExact.agda	1f620d8b81462dad16614a0b8af652c5e94f02224de35e3e27a8829bf7f4a6b0
agent/ns-clay-ancient-liouville-round64	4634eae4bafc3bcc2389777a2373ed719279d1dd	DASHI/Physics/Closure/NSAncientLiouvilleContradictionCompilerExact.agda	b1771aab2fb563ff879e6469033c285bf513cd7691a45b1f7fbf67ee8bceff87
agent/ns-clay-ancient-liouville-round64	4634eae4bafc3bcc2389777a2373ed719279d1dd	DASHI/Physics/Closure/NSAncientVortexStretchingMaximumPrincipleNoGoExact.agda	ede70c7b54d2e86c8635118c88012fd4944605ad1b8b8d56d36a37406753d835
agent/ns-concrete-potential-differential-instantiation	57ff86806e9568e73023dca07190dfc574b19b50	DASHI/Philosophy/Applications.agda	70b09d22feea2710de23884e15f305cc0772fe569a043ecfe321bb8a6ebfa0de
agent/ns-concrete-potential-differential-instantiation	57ff86806e9568e73023dca07190dfc574b19b50	DASHI/Philosophy/Everything.agda	fdd131f02f903326dadfd68b0c3aca0ef25b2aa44a8ed356e58feaec818af6d0
agent/ns-concrete-potential-differential-instantiation	57ff86806e9568e73023dca07190dfc574b19b50	DASHI/Philosophy/StableCore.agda	3665d2ae30b6b65cd082a18c08238c9b9ade4bb772bb2c8b04537e6698202600
agent/observer-refinement-cross-domain-weld-v2	28e1b8c08db07ce58928b3427412e14e1b6c3717	DASHI/Biology/Physical/DevelopmentalMeasurementResidualLadderExact.agda	3741df30c3a417c53f39e48273a0938f16f2d563e1c9c199386f0472d95a5c20
agent/observer-refinement-cross-domain-weld-v2	28e1b8c08db07ce58928b3427412e14e1b6c3717	DASHI/Cognition/PNF/ResidualSamplingObserverRepairExact.agda	c7c48282a60e8330d6dfaa57bebcac4460102a3f2fddaca9815685f943814730
agent/observer-refinement-cross-domain-weld-v2	28e1b8c08db07ce58928b3427412e14e1b6c3717	DASHI/Core/BoundaryObservationReconstructionExact.agda	aaf69219b94c9a2f2965eac6a84dbff195951ff11741a883b09ac3857b627662
agent/observer-refinement-cross-domain-weld-v2	28e1b8c08db07ce58928b3427412e14e1b6c3717	DASHI/Core/FutureRelevantBoundaryReconstructionExact.agda	bcafae584d7528117274c8305f7a31b53d2cb7c03fcded12448da8e96cea5a14
agent/observer-refinement-cross-domain-weld-v2	28e1b8c08db07ce58928b3427412e14e1b6c3717	DASHI/Core/IsotypicMultiplicityObserverRefinementExact.agda	6c2572cec72604a338c72e9b697013a99b0f8116377d9f53128f65f2d1eb446b
agent/observer-refinement-cross-domain-weld-v2	28e1b8c08db07ce58928b3427412e14e1b6c3717	DASHI/Core/MultiOutcomeBoundaryShadowRegressionExact.agda	dd4972bb73ae37b336ee15aa71f2733837f8c18c86981d995886c1bde0e8b078
agent/observer-refinement-cross-domain-weld-v2	28e1b8c08db07ce58928b3427412e14e1b6c3717	DASHI/Core/ObserverRefinementCompositionExact.agda	298da72b5b2b60ffcc42c63fcd23b6cc2e1bec558e2ef225cd00d1c6e9484280
agent/observer-refinement-cross-domain-weld-v2	28e1b8c08db07ce58928b3427412e14e1b6c3717	DASHI/Core/ObserverRefinementTailStoppingExact.agda	ff285fafda40e323e8494a09df7bd1237e323a3e4337440a09a3db5af08a96b4
agent/observer-refinement-cross-domain-weld-v2	28e1b8c08db07ce58928b3427412e14e1b6c3717	DASHI/Core/PolicyNaturalityDynamicSafetyBoundaryRegression.agda	9920d862884982a9a193187791b372dea3274020689e71e956e545f27ac3d8b3
agent/observer-refinement-cross-domain-weld-v2	28e1b8c08db07ce58928b3427412e14e1b6c3717	DASHI/Core/PolicyObserverFactorizationNaturalityExact.agda	688d40128f8f4fab9721bf4b44e9b88ab9186ef3ed76fa8caa96dd419dbb07d5
agent/observer-refinement-cross-domain-weld-v2	28e1b8c08db07ce58928b3427412e14e1b6c3717	DASHI/Core/RobustObserverSeparationMarginExact.agda	2c3d57c13dc91ca9e0682c223dbad513265a7b77be2269abbcd03283675e4ebf
agent/observer-refinement-cross-domain-weld-v2	28e1b8c08db07ce58928b3427412e14e1b6c3717	DASHI/Core/RoutedPolicyOutcomeSafetyExact.agda	49fce2d6914d9908d8d20a59636aeb8ba51c5306bb9df81438d6ac99bd27e467
agent/observer-refinement-cross-domain-weld-v2	28e1b8c08db07ce58928b3427412e14e1b6c3717	DASHI/Core/RoutedPolicyRelevantReconstructionExact.agda	84e443fd17f34922db71e341bd2049b2c551c17b39ea1bf88ef2f7837cea5957
agent/observer-refinement-cross-domain-weld-v2	28e1b8c08db07ce58928b3427412e14e1b6c3717	DASHI/Physics/Closure/ClopenHolographicObserverReconstructionBoundaryExact.agda	3b4c8525605e1339c4141bbeaabb9c28ebe0413e8cb9631b43dc0a15a5c72049
agent/observer-refinement-cross-domain-weld-v2	28e1b8c08db07ce58928b3427412e14e1b6c3717	DASHI/Physics/Closure/HolographicBulkBoundaryReceiptCorrectionExact.agda	ef3b9aa9a3123cfb3bf46ec1607e78cf784a44502590a462c43d5f22f5a2a4a6
agent/observer-refinement-cross-domain-weld-v2	28e1b8c08db07ce58928b3427412e14e1b6c3717	DASHI/Reasoning/HyperfabricObservationGluingExact.agda	55bbd055d509481ea3f849cc79b47d93212ea0db0f2c323e21df3fce09a00695
agent/p11-marked-all-hecke-collision	2cb821df49890b51605d1b990ee0b497e490b88c	DASHI/Algebra/OrdinaryNodeCotangentJetExact.agda	3d90bd18e67116d1f3c97dfb728b1bd0659d60824bb3ae0febdca5bebf9bce3d
agent/p11-marked-all-hecke-collision	2cb821df49890b51605d1b990ee0b497e490b88c	DASHI/Algebra/OrdinaryNodeFormalSeriesCarrierExact.agda	2442ec898b14903a9e49fe715d384eb3bac00dd7286c3d8e72c39069293a9813
agent/p11-marked-all-hecke-collision	2cb821df49890b51605d1b990ee0b497e490b88c	DASHI/Algebra/RamifiedLocalValuationSharpnessExact.agda	4645b821fbdb0feb9ce3c9727e92813e8ca78969736def68ffc07641bc66db64
agent/p11-marked-all-hecke-collision	2cb821df49890b51605d1b990ee0b497e490b88c	DASHI/Algebra/ResidueDetectedUnitValuationExact.agda	f473c513afea5f2fb8429ddd4f868012a8953fe28ced5b31ffc1cfb5abba5a5e
agent/p11-marked-all-hecke-collision	2cb821df49890b51605d1b990ee0b497e490b88c	DASHI/Algebra/SeparatedLeadingValuationExact.agda	1784278ee87d05358df5b6e997d0e8a18fe4decc79b330b6445aed13b73aca0c
agent/p11-marked-all-hecke-collision	2cb821df49890b51605d1b990ee0b497e490b88c	DASHI/Algebra/SimpleRootLocalParameterExact.agda	349fe70970fa59f399ef6d20fec53277d84816060ff1ebd906b18571edf8fbf9
agent/p11-marked-all-hecke-collision	2cb821df49890b51605d1b990ee0b497e490b88c	DASHI/Algebra/TwoBranchNormalizationPullbackExact.agda	a943e303e3ba65943fea4bc7f4ae1858b2290b8429b7e19459ff0c474444981b
agent/p11-marked-all-hecke-collision	2cb821df49890b51605d1b990ee0b497e490b88c	DASHI/Algebra/UniformizerCoordinateDifferenceExact.agda	8e8eccaa4b4860a44a9b446cfe9b2516d5d1c095a8f306ef7b880f89d722d4b6
agent/p11-marked-all-hecke-collision	2cb821df49890b51605d1b990ee0b497e490b88c	DASHI/Algebra/VandermondeMomentNonCancellationExact.agda	5c6a16ecf4c9db734595a0d4851838a15b0d430f509a8bf1d4fa3615fdc2fd7b
agent/p11-marked-all-hecke-collision	2cb821df49890b51605d1b990ee0b497e490b88c	DASHI/AlgebraicGeometry/ProperFlatHilbertGenusTransportExact.agda	53b64d505fe8debfc7f1a3986b51641c6664024690e3a1dbae17450ef8d37a3f
agent/p11-marked-all-hecke-collision	2cb821df49890b51605d1b990ee0b497e490b88c	DASHI/Arithmetic/VpDepthStrictMinimumBridgeExact.agda	93bdcb2c9e6ea6cd0445dc41692a1daa447f4ef5410d10ce82f07cf8ddd0ebe6
agent/p11-marked-all-hecke-collision	2cb821df49890b51605d1b990ee0b497e490b88c	DASHI/Core/SectionIndependentConsumerExact.agda	d74bc8cf6f39d57e1e5f3efb715afe7ef66923be6fae0babe7cbbc7d25dfdfa3
agent/p11-marked-all-hecke-collision	2cb821df49890b51605d1b990ee0b497e490b88c	DASHI/Foundations/FiniteInvolutionPairedOrbitQuotientExact.agda	069f7534d0b3655a2531358a986380de930d2eef84c57cf38aec2dce02e3e439
agent/p11-marked-all-hecke-collision	2cb821df49890b51605d1b990ee0b497e490b88c	DASHI/Moonshine/AuxiliaryLevelHeckeDeckFactorizationExact.agda	51398119b5c357cad21581353f130062446a722842d8895ebeb9efafc0d70065
agent/p11-marked-all-hecke-collision	2cb821df49890b51605d1b990ee0b497e490b88c	DASHI/Moonshine/AuxiliaryLevelHeckeEquivariantQuotientNoGoExact.agda	390e3614a1c507a22de1cdea28f0b892755dd0440223ebb61a68ea028ceadaf8
agent/p11-marked-all-hecke-collision	2cb821df49890b51605d1b990ee0b497e490b88c	DASHI/Moonshine/AuxiliaryLevelHeckeFactorizationAuthorityExact.agda	5eac8de69675161a49f194529b643240d53a7c1594031062ecc25d46ffa74a96
agent/p11-marked-all-hecke-collision	2cb821df49890b51605d1b990ee0b497e490b88c	DASHI/Moonshine/AuxiliaryLevelHeckeFactorizationAuthorityRegression.agda	6acf3d3c3bf0d6310f41a19492d2491374f1059a70a3b01c8ca7259866386dd0
agent/p11-marked-all-hecke-collision	2cb821df49890b51605d1b990ee0b497e490b88c	DASHI/Moonshine/AuxiliaryLevelHeckeObserverNoGoExact.agda	30e13d8810c75189f665f0e69b0a71b8f84202ca097284a8a675f572fc7afa38
agent/p11-marked-all-hecke-collision	2cb821df49890b51605d1b990ee0b497e490b88c	DASHI/Moonshine/AuxiliaryLevelHeckeWordDeckCommutantExact.agda	479ae72579a095c660205490bb9d47fb1eb228e411cd746407d96087c123b214
agent/p11-marked-all-hecke-collision	2cb821df49890b51605d1b990ee0b497e490b88c	DASHI/Moonshine/BadPrimeFullLevel2TransportNoGoExact.agda	3dae14e836f9ddfec42488a3eaf9f856e18bc9a82cb6b3988ced5780dda073f9
agent/p11-marked-all-hecke-collision	2cb821df49890b51605d1b990ee0b497e490b88c	DASHI/Moonshine/CasselmanUnramifiedPGL2FixedVectorTowerExact.agda	6211fef949729ba635379d0c04ef9af9cba17b0d5a8705847ff1ec43bc944ad3
agent/p11-marked-all-hecke-collision	2cb821df49890b51605d1b990ee0b497e490b88c	DASHI/Moonshine/DeligneRapoportCompletedLocalNodeAuthorityExact.agda	619c9d61a0c7967d421ad33b7b28693e2f109c5d37f0e2510342aa65f3262627
agent/p11-marked-all-hecke-collision	2cb821df49890b51605d1b990ee0b497e490b88c	DASHI/Moonshine/DeligneRapoportFrickeCombinatoricsRegression.agda	a2ae305b9faad38bf28fc81791f012138b45f6eb479adb9bffca97a8b9732122
agent/p11-marked-all-hecke-collision	2cb821df49890b51605d1b990ee0b497e490b88c	DASHI/Moonshine/DeligneRapoportFrickeDualGraphQuotientExact.agda	89bc375a772c0bea6cbfe09c0937f5ce0d680a5b8310a900d5a7106148dfc902
agent/p11-marked-all-hecke-collision	2cb821df49890b51605d1b990ee0b497e490b88c	DASHI/Moonshine/DeligneRapoportFrickeLocalNodeExact.agda	da0351f12835d319a1e26a1dc440ed3bbda2df3537e2f6e8ba4f488fa2fb866f
agent/p11-marked-all-hecke-collision	2cb821df49890b51605d1b990ee0b497e490b88c	DASHI/Moonshine/DeligneRapoportFrickeStandardAuthority.agda	c64416ec45cb0affa2463d327568049696d2930f562fc96c3b60b67f018e38d7
agent/p11-marked-all-hecke-collision	2cb821df49890b51605d1b990ee0b497e490b88c	DASHI/Moonshine/DuncanOnoMonsterSupersingularStandardAuthority.agda	500b98eb78fc9c9b11e1937efcbe549c25ff27e4a6bc412fb2dddf1108bc85e5
agent/p11-marked-all-hecke-collision	2cb821df49890b51605d1b990ee0b497e490b88c	DASHI/Moonshine/DuncanSwisherConsumerResidualRefinementExact.agda	b395b8e93b9788b94013b17bdcf066d6c9aacd6855ff5ea5cf96dafc1e9de729
agent/p11-marked-all-hecke-collision	2cb821df49890b51605d1b990ee0b497e490b88c	DASHI/Moonshine/DuncanSwisherDeligneA1SharpnessExact.agda	5e208daa5bd564ca10b3468dd41b91bb0f275e1e1f669541fc65ae9e6f15bacc
agent/p11-marked-all-hecke-collision	2cb821df49890b51605d1b990ee0b497e490b88c	DASHI/Moonshine/DuncanSwisherDeligneAutomorphismDepthBridgeExact.agda	2a95c6076f8f684a7f1439c6dc9f14d155d898f193a095c5f15e4464b1f30736
agent/p11-marked-all-hecke-collision	2cb821df49890b51605d1b990ee0b497e490b88c	DASHI/Moonshine/DuncanSwisherDeligneDepthContributionFactorizationExact.agda	57b635d1ddb624d9bfeee9727f41bd36ff7682fd8e9b1a81225984b591d81dda
agent/p11-marked-all-hecke-collision	2cb821df49890b51605d1b990ee0b497e490b88c	DASHI/Moonshine/DuncanSwisherDeligneExponentMechanismEverything.agda	a2fcae359e1262d5fb14df619ed0c141e4cb5565646ec0fed5b1ae277a2212de
agent/p11-marked-all-hecke-collision	2cb821df49890b51605d1b990ee0b497e490b88c	DASHI/Moonshine/DuncanSwisherDelignePartialFractionMechanismExact.agda	8e2353c4cdfe477048274717f8417a187ba075fcde53fd2a7a5fe078142131a0
agent/p11-marked-all-hecke-collision	2cb821df49890b51605d1b990ee0b497e490b88c	DASHI/Moonshine/DuncanSwisherDworkExceptionalAnalyticCutsetExact.agda	0a4c5839c4eb80d05b3d30a398ec6d72edfa17aaf9aec974dde34163fbde5ceb
agent/p11-marked-all-hecke-collision	2cb821df49890b51605d1b990ee0b497e490b88c	DASHI/Moonshine/DuncanSwisherDworkExceptionalPartialFractionSharpnessExact.agda	a603ae3a814982cc62ed5d136291a34dbf05bdc757eef23b0be64a3241ce834e
agent/p11-marked-all-hecke-collision	2cb821df49890b51605d1b990ee0b497e490b88c	DASHI/Moonshine/DuncanSwisherDworkFirstPoleSameObjectExact.agda	ac1e5d1e6420d0cb99ef4bdc6986d3f28c315238415c193aad0914a60dd94d36
agent/p11-marked-all-hecke-collision	2cb821df49890b51605d1b990ee0b497e490b88c	DASHI/Moonshine/DuncanSwisherDworkLiftedFirstPoleSharpnessExact.agda	8a313e87eebcfb99579bf661a527d671b9436a41167e62f96146f304ffe174b8
agent/p11-marked-all-hecke-collision	2cb821df49890b51605d1b990ee0b497e490b88c	DASHI/Moonshine/DuncanSwisherDworkRamifiedA1SharpnessExact.agda	cef1ddc63c42873fb8b7bbb275e26ce309145a09a0a3f2b8e424fa00707013f4
agent/p11-marked-all-hecke-collision	2cb821df49890b51605d1b990ee0b497e490b88c	DASHI/Moonshine/DuncanSwisherDworkSharpnessHighestAlphaRegression.agda	87cf2648ea83933c9db9582484cafa228bc90515d859e3583d5b4252c5d9c5b3
agent/p11-marked-all-hecke-collision	2cb821df49890b51605d1b990ee0b497e490b88c	DASHI/Moonshine/DuncanSwisherDworkVpDepthShadowExact.agda	0aafea16ccdaf65f6a89162c587b87b6fbafc190ddf9d57a512eec3f1a56f445
agent/p11-marked-all-hecke-collision	2cb821df49890b51605d1b990ee0b497e490b88c	DASHI/Moonshine/DuncanSwisherExponentDepthHighestAlphaEverything.agda	a939c72b3b417a1f30f8adb774c3dd0886f3a283ee31541fa5bfee51c53f0427
agent/p11-marked-all-hecke-collision	2cb821df49890b51605d1b990ee0b497e490b88c	DASHI/Moonshine/DuncanSwisherExponentFrickeGenusRefinementExact.agda	97e2374a1d6c8224012bce161354f0ada67ed394ecf957fe7c3d74bcf3c872c0
agent/p11-marked-all-hecke-collision	2cb821df49890b51605d1b990ee0b497e490b88c	DASHI/Moonshine/DuncanSwisherExponentObserverFactorizationExact.agda	70fd8d04613abb8f793c41445004c826d8cf3ebfa51cae32763c6b09398283c6
agent/p11-marked-all-hecke-collision	2cb821df49890b51605d1b990ee0b497e490b88c	DASHI/Moonshine/DuncanSwisherFaberDeligneMechanismEverything.agda	233933a60b9bb6df3a173ba11f9a58b5680c2dcdf4ef05c2f245fcfae5be0415
agent/p11-marked-all-hecke-collision	2cb821df49890b51605d1b990ee0b497e490b88c	DASHI/Moonshine/DuncanSwisherFaberDelignePartialFractionWeldExact.agda	c35e6aaad0a2a49b59e3194adbd29cec4f50c998f3a8ec26cc35fdfdef7c1f63
agent/p11-marked-all-hecke-collision	2cb821df49890b51605d1b990ee0b497e490b88c	DASHI/Moonshine/DuncanSwisherFaberPrimeIndexedMinimumWeldExact.agda	56f080063fbc06344015cb44d4467054c72f30f809fb816998c26e012db6fb62
agent/p11-marked-all-hecke-collision	2cb821df49890b51605d1b990ee0b497e490b88c	DASHI/Moonshine/DuncanSwisherFaberVpDepthExact.agda	5d84791810164571aec21570c45e460600d0687c04b97578b9d3a9da12991b45
agent/p11-marked-all-hecke-collision	2cb821df49890b51605d1b990ee0b497e490b88c	DASHI/Moonshine/DuncanSwisherFrickeHauptmodulUNExact.agda	142b15e3aa7a9dafedb522aa4b380ac58771a1033430e20c0f620f84c2fbf20a
agent/p11-marked-all-hecke-collision	2cb821df49890b51605d1b990ee0b497e490b88c	DASHI/Moonshine/DuncanSwisherLegendreRamificationDepthExact.agda	76151418d1b00c12249b1aeaaeb06965b553118c2e93f01d8dc9ceeff56ed38e
agent/p11-marked-all-hecke-collision	2cb821df49890b51605d1b990ee0b497e490b88c	DASHI/Moonshine/DuncanSwisherLowPrimeEllipticCollisionExact.agda	fbd9f94b3734c675f215f7e937a0c3ccef819f99f332efece39b32bfa9514790
agent/p11-marked-all-hecke-collision	2cb821df49890b51605d1b990ee0b497e490b88c	DASHI/Moonshine/DuncanSwisherLowPrimeExceptionalCorrectionExact.agda	9eb348fa69c94cf20b5f2d2ec6fbad32fa905944ada501d57f202807b87222ae
agent/p11-marked-all-hecke-collision	2cb821df49890b51605d1b990ee0b497e490b88c	DASHI/Moonshine/DuncanSwisherLowPrimeResidualExact.agda	1e722592ad9994d1a38c336420fbf57ea8bb2cd22e7d1fd359aec648dfc6809f
agent/p11-marked-all-hecke-collision	2cb821df49890b51605d1b990ee0b497e490b88c	DASHI/Moonshine/DuncanSwisherModularGeometryContributionWeldExact.agda	55f8850831de0956b728911a53a43cf199f17af834a1c47fa71bcb29cf05e394
agent/p11-marked-all-hecke-collision	2cb821df49890b51605d1b990ee0b497e490b88c	DASHI/Moonshine/DuncanSwisherModularValuationDepthMechanismExact.agda	af19191124a17ce33ad351f743ab5dd599a8debecea7c6df0d439ab7e20281ff
agent/p11-marked-all-hecke-collision	2cb821df49890b51605d1b990ee0b497e490b88c	DASHI/Moonshine/DuncanSwisherMonsterExponentFormulaExact.agda	6446569bf554bf98d69fb2b1a7c606e643455231bf8c93769be4d92f4865efb8
agent/p11-marked-all-hecke-collision	2cb821df49890b51605d1b990ee0b497e490b88c	DASHI/Moonshine/DuncanSwisherMonsterExponentGeometryExact.agda	9caecf40670de074d44634785b2d9b89f9c88eea30e647a444401e420f21a4ba
agent/p11-marked-all-hecke-collision	2cb821df49890b51605d1b990ee0b497e490b88c	DASHI/Moonshine/DuncanSwisherMonsterFrickeAllPrimesExact.agda	88eab6fa7f22d9cab375ec91dc599dae08a99fb17d58f2c175e7bc180e8e925e
agent/p11-marked-all-hecke-collision	2cb821df49890b51605d1b990ee0b497e490b88c	DASHI/Moonshine/DuncanSwisherMonsterFrickeGe5Exact.agda	80bbb33720bf35dfd9e0144bd92467e3337f151e8d619fab4a07ff9fb96c0cb4
agent/p11-marked-all-hecke-collision	2cb821df49890b51605d1b990ee0b497e490b88c	DASHI/Moonshine/DuncanSwisherMonsterFrobeniusFixedExact.agda	47ef1679dc99f551487933eb9e6af2d9ae095e8222107a3fd8d17de6de4a41ed
agent/p11-marked-all-hecke-collision	2cb821df49890b51605d1b990ee0b497e490b88c	DASHI/Moonshine/DuncanSwisherMonsterSupportStandardAuthorityExact.agda	14f4a2efb4d25be07b03b5a56fed23b9fb0f76d5fcea28e885bdf0a38637deed
agent/p11-marked-all-hecke-collision	2cb821df49890b51605d1b990ee0b497e490b88c	DASHI/Moonshine/DuncanSwisherOrbitGatedDeligneDepthControlsExact.agda	526b952e234d7e8635e02db1a989fff421e6d63e204c84bec4aabee2863b2e2e
agent/p11-marked-all-hecke-collision	2cb821df49890b51605d1b990ee0b497e490b88c	DASHI/Moonshine/DuncanSwisherP11MonodromyExponentExact.agda	e499aab5b93a6490f4929bc26490bced8b6bec3abc5357eab02def7496412035
agent/p11-marked-all-hecke-collision	2cb821df49890b51605d1b990ee0b497e490b88c	DASHI/Moonshine/DuncanSwisherP37P43SameObjectGeometryExact.agda	429ea83bfc938cd9ccc68c432d503d19580cb0f364edbce6cd8238621a8cdcf7
agent/p11-marked-all-hecke-collision	2cb821df49890b51605d1b990ee0b497e490b88c	DASHI/Moonshine/DuncanSwisherPrimeIndexedMinimumAutomorphismExact.agda	58bad2fde5dba52d5fd3af1a9bb6526cd29f4a740c35b0b1d894e2fd42df16b4
agent/p11-marked-all-hecke-collision	2cb821df49890b51605d1b990ee0b497e490b88c	DASHI/Moonshine/DuncanSwisherTheorem12Exact.agda	610a9688c7051ac1c51a412b72c365fa51fcbb55d439f2d483854b36e4944947
agent/p11-marked-all-hecke-collision	2cb821df49890b51605d1b990ee0b497e490b88c	DASHI/Moonshine/DuncanSwisherThreeObserverExponentWeldExact.agda	3c0fb66497b2b2cd220a32ef15a6971eccadc98e95bb991c3ab34bd8934e732f
agent/p11-marked-all-hecke-collision	2cb821df49890b51605d1b990ee0b497e490b88c	DASHI/Moonshine/DuncanSwisherUNModularLevelAuthorityExact.agda	56b1ddcac3adfd5e3642e9c7c3dd6dac3b19e3993fde379a9c95a5c203ea6c73
agent/p11-marked-all-hecke-collision	2cb821df49890b51605d1b990ee0b497e490b88c	DASHI/Moonshine/FormalLaurentFaberVpDiscrepancyExact.agda	5ef8facf5b5006026359f1b6cae0e299595546b7fbf80e3d8c85c3176289637e
agent/p11-marked-all-hecke-collision	2cb821df49890b51605d1b990ee0b497e490b88c	DASHI/Moonshine/FormalLaurentQSeriesUNExact.agda	7b02a9b0d812e5f7441428590f143927ec8dda03b8d9a58f85b8cc787555ff8d
agent/p11-marked-all-hecke-collision	2cb821df49890b51605d1b990ee0b497e490b88c	DASHI/Moonshine/FormalLaurentQSeriesUNValuationSelectionExact.agda	f7796c178e57e909ff4a59fc4e6fdfeac3abb0ea6c337a5bf661a3f46e009670
agent/p11-marked-all-hecke-collision	2cb821df49890b51605d1b990ee0b497e490b88c	DASHI/Moonshine/FormalQSeriesOldformDegeneracyHeckeExact.agda	e6de5c74ab3d2569af828adf37a64d28791cac80f8b836065f5371e192644a51
agent/p11-marked-all-hecke-collision	2cb821df49890b51605d1b990ee0b497e490b88c	DASHI/Moonshine/FormalQSeriesOldformEigencharacterTransportExact.agda	92d59c221f8e93d4354e078f50368061351a3d1a279354c87a3ea2666aac181f
agent/p11-marked-all-hecke-collision	2cb821df49890b51605d1b990ee0b497e490b88c	DASHI/Moonshine/FormalQSeriesUNLevelLoweringExact.agda	cdf0b3b9482c8129105d91f4c9a1a54c8e420ee5b52dd6cdef936ccd428f04f5
agent/p11-marked-all-hecke-collision	2cb821df49890b51605d1b990ee0b497e490b88c	DASHI/Moonshine/FormalQSeriesUNValuationSelectionExact.agda	3d0ffb47e7ef4b6effd5f151ab4c64d6f3659568a378af9373c44d5747ab3802
agent/p11-marked-all-hecke-collision	2cb821df49890b51605d1b990ee0b497e490b88c	DASHI/Moonshine/FrickeDeckSpectralMultiplicityObserverExact.agda	70e8f439d18e1ef9e6cf6b1fe37435db088c57c8247fcf95fc5d75318ad035e0
agent/p11-marked-all-hecke-collision	2cb821df49890b51605d1b990ee0b497e490b88c	DASHI/Moonshine/FrickeDeckSpectralObserverThreeAxisExact.agda	e350a214bb3c40c4a497710e5550142f2071525d784b4d24eb44194fb974e1a1
agent/p11-marked-all-hecke-collision	2cb821df49890b51605d1b990ee0b497e490b88c	DASHI/Moonshine/FrickeSelectorDeckObserverIncomparabilityExact.agda	b1317e6c513f1e3532ea24a0cdec7f6bb203c905656b53ba2b8919ec17aacc0a
agent/p11-marked-all-hecke-collision	2cb821df49890b51605d1b990ee0b497e490b88c	DASHI/Moonshine/FrickeSpecialFibreFrobeniusFixedSelectorExact.agda	110332638315a9678762ffefa9d43229150b25cc8940d23d89c021f389cd93bb
agent/p11-marked-all-hecke-collision	2cb821df49890b51605d1b990ee0b497e490b88c	DASHI/Moonshine/Gamma2MarkedVsCoarseFrickeCarrierBoundaryExact.agda	5fc21bbd015f7033e9e005158fe2f10df0c7112a17c7b5887b87acfc03d2f811
agent/p11-marked-all-hecke-collision	2cb821df49890b51605d1b990ee0b497e490b88c	DASHI/Moonshine/Gamma2MarkedVsCoarseFrickeCarrierRegression.agda	e8df793eb070043cc722eed69274a25dee782f5ce60dc5cf89931ceb5979b7ae
agent/p11-marked-all-hecke-collision	2cb821df49890b51605d1b990ee0b497e490b88c	DASHI/Moonshine/Gamma2MarkedVsCoarseFrickeCarrierRegressionExact.agda	b044a647a0bc742cb91c01ff476b9cbd91f2ad4e4c0de4896c0dd22d138ee461
agent/p11-marked-all-hecke-collision	2cb821df49890b51605d1b990ee0b497e490b88c	DASHI/Moonshine/GeometricSupersingularFrobeniusSelectorConsequenceExact.agda	dc8e0d8fc9a15ea6dd5d9288bd987c08ce358d1d81d0c1360150cd3a1008912b
agent/p11-marked-all-hecke-collision	2cb821df49890b51605d1b990ee0b497e490b88c	DASHI/Moonshine/LegendreExceptionalBranchSimpleRootExact.agda	30d4b3d968b99df96a20c9ff255847da59e6b40f6930f860200eac78daee8ca8
agent/p11-marked-all-hecke-collision	2cb821df49890b51605d1b990ee0b497e490b88c	DASHI/Moonshine/LegendreExceptionalPadicLiftSameObjectExact.agda	3679abdad8a0d7f0266228a27a6f627ae0300aa24fc51ce485f0d34244d34d7e
agent/p11-marked-all-hecke-collision	2cb821df49890b51605d1b990ee0b497e490b88c	DASHI/Moonshine/LegendreJExceptionalLocalValuationCutsetExact.agda	e4d7bbb7f33c3536c3948f2a42cee1e522837e79f367014f3f0fbdfe9a6a33de
agent/p11-marked-all-hecke-collision	2cb821df49890b51605d1b990ee0b497e490b88c	DASHI/Moonshine/LegendreJExceptionalPolynomialFactorizationExact.agda	9eb6fe861f5104f9458604f6195fab548f8850bcbb262fb513349f3069042634
agent/p11-marked-all-hecke-collision	2cb821df49890b51605d1b990ee0b497e490b88c	DASHI/Moonshine/LegendreJExceptionalResidueLocalProducerExact.agda	fa7d263cd08355e52652701f32af9c7432ee31d5306bd417bce7cb1b049ac317
agent/p11-marked-all-hecke-collision	2cb821df49890b51605d1b990ee0b497e490b88c	DASHI/Moonshine/MarkedHeckeDeckCollisionEverything.agda	260724285365391febe9f8ba24b339cd82922eccecd34179a07a4afc4e36513c
agent/p11-marked-all-hecke-collision	2cb821df49890b51605d1b990ee0b497e490b88c	DASHI/Moonshine/MarkedHeckeOldspaceFrobeniusHighestAlphaEverything.agda	78af688ec5a7af0690e5708ffab8cf080da4c20b49f5eb93e70b8e1b6daa709d
agent/p11-marked-all-hecke-collision	2cb821df49890b51605d1b990ee0b497e490b88c	DASHI/Moonshine/MarkedOldspaceGeometricOggFrontierEverything.agda	0be9a77a1e5b5ab76c4996ba29e68ee7580d7aa0b93a44e5e2e8406d5397cb18
agent/p11-marked-all-hecke-collision	2cb821df49890b51605d1b990ee0b497e490b88c	DASHI/Moonshine/MonsterExponentObserverRefinementExact.agda	bc9a266d35652418ce1ee866102101dc03af1ccecfdc4594fc5b756070dd37b9
agent/p11-marked-all-hecke-collision	2cb821df49890b51605d1b990ee0b497e490b88c	DASHI/Moonshine/MonsterFrickeCasselmanHighestAlphaEverything.agda	49a83b4a32f4ef83cb26070633e8765c543e696528b3e1b90005c0d0b84a1864
agent/p11-marked-all-hecke-collision	2cb821df49890b51605d1b990ee0b497e490b88c	DASHI/Moonshine/MonsterFrickeCasselmanMoonshineEarnEverything.agda	8cfd20322b503d86c41bbbc35ede911224bc2f971712e4b2bcc40867efa0a718
agent/p11-marked-all-hecke-collision	2cb821df49890b51605d1b990ee0b497e490b88c	DASHI/Moonshine/MonsterFrickeDirectionalMechanismExact.agda	e8d256b33a47b3592756468637c6049c3798294cbd3c55333cac566c3b6f9150
agent/p11-marked-all-hecke-collision	2cb821df49890b51605d1b990ee0b497e490b88c	DASHI/Moonshine/MonsterFrickeModernDirectionalMechanismExact.agda	12d77257b0367a956447c31fb2fee1fc5f696c433fe92384680b42ff587741ab
agent/p11-marked-all-hecke-collision	2cb821df49890b51605d1b990ee0b497e490b88c	DASHI/Moonshine/MonsterLowPrimeLocalSubgroupDepthExact.agda	ec5ed08ee83dc8c5b3e47a44fbdc9525b04bbc1e15121ac295d8e3eca4927b99
agent/p11-marked-all-hecke-collision	2cb821df49890b51605d1b990ee0b497e490b88c	DASHI/Moonshine/MonsterOrderDivisibilityExact.agda	4b51ad16f039036f412450cc11239df1b88497b4ad9fcac18fc0914f9f8a9ec3
agent/p11-marked-all-hecke-collision	2cb821df49890b51605d1b990ee0b497e490b88c	DASHI/Moonshine/MonsterPrimeMoonshineFrickeFactoredAuthorityExact.agda	55c888ab1114ec574f124f9840b31710b609042b9bc19288c6ecacc587a33c61
agent/p11-marked-all-hecke-collision	2cb821df49890b51605d1b990ee0b497e490b88c	DASHI/Moonshine/MonsterPrimeMoonshineFrickeStandardAuthorityExact.agda	da478a21f31759d142f91cab2ab251ec4944b8056ca20de0952572b53bba112e
agent/p11-marked-all-hecke-collision	2cb821df49890b51605d1b990ee0b497e490b88c	DASHI/Moonshine/MonsterPrimeMoonshineFrobeniusForwardExact.agda	9f83eeb1c7c87ca970e702b6c8d0d3fa4351c9da4525a79688453e99ad8a846d
agent/p11-marked-all-hecke-collision	2cb821df49890b51605d1b990ee0b497e490b88c	DASHI/Moonshine/MoonshineEarnCyclicNormalizerNoGoExact.agda	57e1d4496c6188fd11ec6ba72a7970484bd838d66d4fc9040d8962ecebeaae78
agent/p11-marked-all-hecke-collision	2cb821df49890b51605d1b990ee0b497e490b88c	DASHI/Moonshine/MoonshineEarnExponentObserverFactorizationExact.agda	632d74d439066be4ed4396a4fcf76ecca7f1a1f7a9cff0ea5edf5bec32a5d341
agent/p11-marked-all-hecke-collision	2cb821df49890b51605d1b990ee0b497e490b88c	DASHI/Moonshine/MoonshineEarnFrickeLevelNoGoExact.agda	70c4cf6d2715b279cfd9d6a32f0505638cfd9f57180f1c565b4e08131bec1547
agent/p11-marked-all-hecke-collision	2cb821df49890b51605d1b990ee0b497e490b88c	DASHI/Moonshine/MoonshineEarnHistoricalWeldExact.agda	dbac017611b3908437871f3c49b14bdffb5388d6aedc60c3d01b1ab4a3d63b07
agent/p11-marked-all-hecke-collision	2cb821df49890b51605d1b990ee0b497e490b88c	DASHI/Moonshine/MoonshineEarnModernEverything.agda	4aeaeb7fcace3846fe4e701890f222e479743a271b62ed3c474001011cf88f2e
agent/p11-marked-all-hecke-collision	2cb821df49890b51605d1b990ee0b497e490b88c	DASHI/Moonshine/MoonshineEarnOggObserverNonfactorabilityExact.agda	edfbc7253691e58250cfb72993c5c44de97cec0f504565304b1e760bce0d3cbb
agent/p11-marked-all-hecke-collision	2cb821df49890b51605d1b990ee0b497e490b88c	DASHI/Moonshine/MoonshineEarnPowerMapNoGoExact.agda	7e7b215e3e4efd3bf646e7400ce021c08844f1f2e19dccbed08cfedf8d6e156b
agent/p11-marked-all-hecke-collision	2cb821df49890b51605d1b990ee0b497e490b88c	DASHI/Moonshine/P11CasselmanBruhatDegeneracyChartExact.agda	96be3bc5e8fe6fc99388e4c96763801b4e43c94b6918b2710c97b5069bd21ba1
agent/p11-marked-all-hecke-collision	2cb821df49890b51605d1b990ee0b497e490b88c	DASHI/Moonshine/P11CasselmanLevel4DoubleCosetBasisExact.agda	ee1d76a319b83f0369b8bafd49e7799e198c0d7f50295bb30e1bcebb54a613dc
agent/p11-marked-all-hecke-collision	2cb821df49890b51605d1b990ee0b497e490b88c	DASHI/Moonshine/P11Ell7PointCountBrandtTraceExact.agda	6621f7726e9dfa60d59ac61b366231f48e301d663df40635a9d4db179608f732
agent/p11-marked-all-hecke-collision	2cb821df49890b51605d1b990ee0b497e490b88c	DASHI/Moonshine/P11JacquetLanglandsCoordinateNonCanonicityExact.agda	347c0def29356b3caa146eaa1272f0f9e22cd78b2bebf5dfdd1c1494a772863a
agent/p11-marked-all-hecke-collision	2cb821df49890b51605d1b990ee0b497e490b88c	DASHI/Moonshine/P11JacquetLanglandsFixedSpaceResolutionExact.agda	ec01c43e2dd7d3cb67e6e266a1c5fc0e6dfc1b338208f80124658940202dc07b
agent/p11-marked-all-hecke-collision	2cb821df49890b51605d1b990ee0b497e490b88c	DASHI/Moonshine/P11JacquetLanglandsRepresentationStandardAuthorityExact.agda	f4f50d0434afef98bdd6f045f6e19e3e7cd91f3ac9131913462a269c10a89af6
agent/p11-marked-all-hecke-collision	2cb821df49890b51605d1b990ee0b497e490b88c	DASHI/Moonshine/P11JacquetLanglandsSectionIndependenceExact.agda	5dbbbcc47e63c380fd870df6ec023c9ec2b66e334e74975647c86da3891cb478
agent/p11-marked-all-hecke-collision	2cb821df49890b51605d1b990ee0b497e490b88c	DASHI/Moonshine/P11JacquetLanglandsSectionIndependenceRegression.agda	95a348ab8fecfafe8a713a7a5510dc8b714211c07172a8339a26031fd7dbad7d
agent/p11-marked-all-hecke-collision	2cb821df49890b51605d1b990ee0b497e490b88c	DASHI/Moonshine/P11Level11Ell7PointCountExact.agda	9024d11ee951bd0c68d7d86d8aba1a0f4e43e2829e5ecbde49f9e6d9fc023d2e
agent/p11-marked-all-hecke-collision	2cb821df49890b51605d1b990ee0b497e490b88c	DASHI/Moonshine/P11Level44AnalyticU2SatakePolynomialExact.agda	a92c82e6a4ead781f92a33db00250fb1e0859640d4d004511c564dd42e3fe399
agent/p11-marked-all-hecke-collision	2cb821df49890b51605d1b990ee0b497e490b88c	DASHI/Moonshine/P11Level44BadPrimeConjugacyNoGoExact.agda	5c17dfb04d163d082960485ef65cd26b9865fc0b7720bbaacb27e88b50f7a9b4
agent/p11-marked-all-hecke-collision	2cb821df49890b51605d1b990ee0b497e490b88c	DASHI/Moonshine/P11Level44BadPrimeOperatorSeparationExact.agda	4a3a9913a79e1a86427cc193adbeebb424565e366dedd363dfd882bdf27bdfe2
agent/p11-marked-all-hecke-collision	2cb821df49890b51605d1b990ee0b497e490b88c	DASHI/Moonshine/P11Level44CommonLocalRepresentationTargetExact.agda	4607c6028b972360b68bced7c3a1e2257db4b7fdc8988c153ef43db21349eb03
agent/p11-marked-all-hecke-collision	2cb821df49890b51605d1b990ee0b497e490b88c	DASHI/Moonshine/P11Level44FormalSameCoordinateComparisonExact.agda	05ee2e75155f20a93e7145c0c2a37ac3e05fa988fa7c583b0257eec1207f9841
agent/p11-marked-all-hecke-collision	2cb821df49890b51605d1b990ee0b497e490b88c	DASHI/Moonshine/P11Level44GL2F2DeckExact.agda	e89e59cc8880afcef1a43edfb9b8057d703e1fb28ff9e3d4dbbd4977d8f456e3
agent/p11-marked-all-hecke-collision	2cb821df49890b51605d1b990ee0b497e490b88c	DASHI/Moonshine/P11Level44HeckeAlignmentNonUniquenessExact.agda	dab5906404fc938b0057333b183eacabd5ac2ce2254c10ae959a80f063b50c2a
agent/p11-marked-all-hecke-collision	2cb821df49890b51605d1b990ee0b497e490b88c	DASHI/Moonshine/P11Level44OldspaceSameObjectCutsetExact.agda	7a9118bbf27e8d090e22db6b659ebb252cf8853705c7c5506c918a0f6b400ff9
agent/p11-marked-all-hecke-collision	2cb821df49890b51605d1b990ee0b497e490b88c	DASHI/Moonshine/P11Level44SameCoordinateHighestAlphaRegression.agda	b15f8de62f6ebb5c088a6317b72f5760164876eb6a18f3b8f7d0c27569791b09
agent/p11-marked-all-hecke-collision	2cb821df49890b51605d1b990ee0b497e490b88c	DASHI/Moonshine/P11Level44TransverseSatakeNonUniquenessExact.agda	b0fe69ebbdc18e57f0908986c34b614b9e5d81c206bc4cf286209b015c873a99
agent/p11-marked-all-hecke-collision	2cb821df49890b51605d1b990ee0b497e490b88c	DASHI/Moonshine/P11Level44TwoAdicAveragingNoGoExact.agda	df8933706f1f127f0dc72e554a8bac35958bb589435eef14eed373621e9d20ff
agent/p11-marked-all-hecke-collision	2cb821df49890b51605d1b990ee0b497e490b88c	DASHI/Moonshine/P11Level44TwoAdicFixedSpaceIntersectionExact.agda	8602c775c37e96edbe03fb66a39fbf73ef55e64635b2d056c8c682a1c6b81162
agent/p11-marked-all-hecke-collision	2cb821df49890b51605d1b990ee0b497e490b88c	DASHI/Moonshine/P11Level44TwoAdicFixedVectorSeparationExact.agda	75c947f34188f38d9f7ad967e47d8c3ebbea5323218638fa1dad9c8fa0e90bde
agent/p11-marked-all-hecke-collision	2cb821df49890b51605d1b990ee0b497e490b88c	DASHI/Moonshine/P11Level44TwoAdicTransverseAlignmentExact.agda	0482f94171c31dae40abde87f4f8e28c4595bc4342ba5910fde5e2b8b9fa5cc7
agent/p11-marked-all-hecke-collision	2cb821df49890b51605d1b990ee0b497e490b88c	DASHI/Moonshine/P11MarkedHeckeThetaCollisionCriterionExact.agda	9a992fac74d36e5e74aee775c72be915944bb4b5d80029108d48b4eb235f859d
agent/p11-marked-all-hecke-collision	2cb821df49890b51605d1b990ee0b497e490b88c	DASHI/Moonshine/P11MarkedLevel44GeneratedHeckeAlgebraExact.agda	aa7e8ea4598df553e17599e80c4c1ec122fd1646b509d7fdfe12ce1ab5500a69
agent/p11-marked-all-hecke-collision	2cb821df49890b51605d1b990ee0b497e490b88c	DASHI/Moonshine/P11MarkedLevel44NewformDecompositionProbeExact.agda	63feb1295d2b2f7fb8cdb70527c5aec2e7c73ae54477c8d1fd9f5833c6da4434
agent/p11-marked-all-hecke-collision	2cb821df49890b51605d1b990ee0b497e490b88c	DASHI/Moonshine/P11MarkedLevel44OldspaceWeldExact.agda	552089355350cb936af3fa055c8cd8c4d1600e15e8f2128926c40c957aeb9c0d
agent/p11-marked-all-hecke-collision	2cb821df49890b51605d1b990ee0b497e490b88c	DASHI/Moonshine/P11MarkedLevel44PermutationIntertwinerExact.agda	d416fe68af4b28b538176b81530643781250b047f18b3bcdebaa5f0fd8ea0a17
agent/p11-marked-all-hecke-collision	2cb821df49890b51605d1b990ee0b497e490b88c	DASHI/Moonshine/P11MarkedLevel44PermutationOldspaceExact.agda	21d6301d30607160023326396b582e776b794c948e1d12fac1190417f2c0b8c9
agent/p11-marked-all-hecke-collision	2cb821df49890b51605d1b990ee0b497e490b88c	DASHI/Moonshine/P11MarkedQuaternionThetaEll7Exact.agda	e72e5a60bc852bfcb7dc579c25982ba9eb1365b20c2845e15770172e5e6ea02d
agent/p11-marked-all-hecke-collision	2cb821df49890b51605d1b990ee0b497e490b88c	DASHI/Moonshine/P11MarkedX2T7HeckeCollisionExact.agda	ce7756c4efe8ac6d23f6cb6fefe2918ff9c19166bb7c9639527a681b9ae5005a
agent/p11-marked-all-hecke-collision	2cb821df49890b51605d1b990ee0b497e490b88c	DASHI/Moonshine/P11P37MarkedDeckSelectorCutsetExact.agda	cf41c966f7cc6e17e53e26bd156bd1da80927f1ca0b7dd71072da42a8a9a245b
agent/p11-marked-all-hecke-collision	2cb821df49890b51605d1b990ee0b497e490b88c	DASHI/Moonshine/P11P37P43GeometricFrobeniusSelectorInstantiationsExact.agda	6c64bda723317316428b59b778460a86edf2b45931f17bddb90ef50fda4ac77a
agent/p11-marked-all-hecke-collision	2cb821df49890b51605d1b990ee0b497e490b88c	DASHI/Moonshine/P13GeometricFrobeniusRealizationExact.agda	552af9dbe8986353d25966c7ec4589b63cb1962d4c621cecc93a33e869ccd82e
agent/p11-marked-all-hecke-collision	2cb821df49890b51605d1b990ee0b497e490b88c	DASHI/Moonshine/P13LegendreDenominatorNonzeroExact.agda	7c86eed8e81a193e76941e8f9d5508c78a3311b47c80b7473b090e76891a737b
agent/p11-marked-all-hecke-collision	2cb821df49890b51605d1b990ee0b497e490b88c	DASHI/Moonshine/P13LegendreJReductionCertificateExact.agda	e36bc4b72b43416b4050930bacbf1127d91e50cbcd4bbc69f10b29194f4ad0e1
agent/p11-marked-all-hecke-collision	2cb821df49890b51605d1b990ee0b497e490b88c	DASHI/Moonshine/P13OggFullLevel2DeuringControlExact.agda	1c5b091542a5496cbb395574491ad268021f6667a1f512e99bcbffb546f5e6b7
agent/p11-marked-all-hecke-collision	2cb821df49890b51605d1b990ee0b497e490b88c	DASHI/Moonshine/P37MarkedDeckIsotypicCollisionExact.agda	d342034c10ef4c3abd4264e06548d034b16191b598de7c6ca78e700bee43eb57
agent/p11-marked-all-hecke-collision	2cb821df49890b51605d1b990ee0b497e490b88c	DASHI/Moonshine/P37MarkedDeckIsotypicHighestAlphaRegression.agda	df907e98648dbfcd86bd3677a2dda7694ee9177e6ed99155a65120befbab6fd6
agent/p11-marked-all-hecke-collision	2cb821df49890b51605d1b990ee0b497e490b88c	DASHI/Moonshine/P37MarkedDeckIsotypicJointDecompositionExact.agda	448ab23a67742dfd9b2a22e56e9850f9bf786ba52c1881610d079fc52b7b7296
agent/p11-marked-all-hecke-collision	2cb821df49890b51605d1b990ee0b497e490b88c	DASHI/Moonshine/P37MarkedDeckIsotypicPolynomialExact.agda	3311b1976513a1f326e46a1c163281593c282b142942d5cd551314204d0d51e3
agent/p11-marked-all-hecke-collision	2cb821df49890b51605d1b990ee0b497e490b88c	DASHI/Moonshine/P37MarkedX2JointFingerprintDeckCollisionExact.agda	d16ed1f561ccacb773d9101a1f3a74aa3f051e47d1b4f6488247d9b0fd187077
agent/p11-marked-all-hecke-collision	2cb821df49890b51605d1b990ee0b497e490b88c	DASHI/Moonshine/P43GeometricFrobeniusRealizationExact.agda	03a67dce8fa91ab29a23b0ec31dcf819d659a8937087c08b13a4a5de5610267a
agent/p11-marked-all-hecke-collision	2cb821df49890b51605d1b990ee0b497e490b88c	DASHI/Moonshine/P43NonOggFullLevel2DeuringControlExact.agda	2cb3bf9c2c3e1df281a26f615cf22dc611ee674786548c4e7125d77ddfd0e17e
agent/p11-marked-all-hecke-collision	2cb821df49890b51605d1b990ee0b497e490b88c	DASHI/Moonshine/P5LegendreJZeroF25ResidueExact.agda	cd65e40e7422e4700f2c16d17a78b04764d3aa75feb14884a2522e8189364774
agent/p11-marked-all-hecke-collision	2cb821df49890b51605d1b990ee0b497e490b88c	DASHI/Moonshine/P7P11LegendreJ1728ResidueCertificatesExact.agda	131b481f400790a50731219a67f4029d557477de37bc35bdd90a41726981f561
agent/p11-marked-all-hecke-collision	2cb821df49890b51605d1b990ee0b497e490b88c	DASHI/Moonshine/PrimeLevelDeligneRapoportFrickeCombinatoricsExact.agda	983444eb70988a15aaaa535b89fce81c1c60c06e0f0d0693a4de224f3008a818
agent/p11-marked-all-hecke-collision	2cb821df49890b51605d1b990ee0b497e490b88c	DASHI/Moonshine/PrimeLevelDeligneRapoportFrickeSelectorExact.agda	3e7db78ca27057d709deebb08d43cdf1431ffd17e6bf9f2981c7e6e58a0e2823
agent/p11-marked-all-hecke-collision	2cb821df49890b51605d1b990ee0b497e490b88c	DASHI/Moonshine/PrimeLevelDeligneRapoportStandardAuthority.agda	e3c099444ca2aa9fdedc9d5b42cfcf9fc443c77a30ec6affdcf7f7e56abb6cf7
agent/p11-marked-all-hecke-collision	2cb821df49890b51605d1b990ee0b497e490b88c	DASHI/Moonshine/PrimeLevelDeligneRapoportStandardAuthorityAtExact.agda	8ee978a817091462bdbe493f8d29264fb6bea1e7cb14d80cc8c1056964b7826e
agent/p11-marked-all-hecke-collision	2cb821df49890b51605d1b990ee0b497e490b88c	DASHI/Moonshine/PublishedCoarseFrickeFrobeniusSelectorExact.agda	b40bc34b9f8a6eb10b495c64cfe759dbf2c5929b89a1cc27d71b7489297311b9
agent/p11-marked-all-hecke-collision	2cb821df49890b51605d1b990ee0b497e490b88c	DASHI/Moonshine/PublishedLowPrimeFrickeGenusExact.agda	758f547c816d3f75ebecb2880259d108fbb0e959b4ec68a8e3390124047136d7
agent/p11-marked-all-hecke-collision	2cb821df49890b51605d1b990ee0b497e490b88c	DASHI/Moonshine/PublishedMonsterFrickeAllSupportedPrimesExact.agda	593dd62d7c86098bee5fc512b4b534690c8d9b43a06f8d66bc02b99c04304fb3
agent/p11-marked-all-hecke-collision	2cb821df49890b51605d1b990ee0b497e490b88c	DASHI/Moonshine/PublishedMonsterFrickeGenusZeroExact.agda	a275d0a2028e7022e0dd700309016ea7c7de8cc8c8db84487e11f2b097ed339f
agent/p11-marked-all-hecke-collision	2cb821df49890b51605d1b990ee0b497e490b88c	DASHI/Moonshine/PublishedMonsterFrickeHighestAlphaEverything.agda	1d25dcbbd217e6be364aed301763e75e2e5759db1314e25cadbf164ecdcbf0e0
agent/p11-marked-all-hecke-collision	2cb821df49890b51605d1b990ee0b497e490b88c	DASHI/Moonshine/PublishedPrimeLevelFrickeHighestAlphaEverything.agda	7117efb1ed1cf98acedd005d09e748199fd3381faef0b8ab951ab486bbc5449e
agent/p11-marked-all-hecke-collision	2cb821df49890b51605d1b990ee0b497e490b88c	DASHI/Moonshine/PublishedPrimeLevelFrickeSelectorExact.agda	adf9798731b28b94f6213fe886c09dd8b3bda6c6f2e378813ac520102fec3dad
agent/p11-marked-all-hecke-collision	2cb821df49890b51605d1b990ee0b497e490b88c	DASHI/Moonshine/PublishedPrimeLevelFrickeSelectorPinnedExact.agda	fb1306858fd7ef098bcadc7de6465dcd5d523a9a18029be3f9318479868fa825
agent/p11-marked-all-hecke-collision	2cb821df49890b51605d1b990ee0b497e490b88c	DASHI/Moonshine/RationalNodalSpecialFibreGenusExact.agda	6d7fe5822f843335ee7cc7295c0688322235f62ba616ed95813dbf7d074ac0c1
agent/p11-marked-all-hecke-collision	2cb821df49890b51605d1b990ee0b497e490b88c	DASHI/Moonshine/SupersingularFrickeSpecialFibreSelectorExact.agda	d8f62e837ecc40fcb22b7182b3647b5c7283b3713d53669a00a73621f4428aa2
agent/p11-marked-all-hecke-collision	2cb821df49890b51605d1b990ee0b497e490b88c	DASHI/Moonshine/SupersingularFrobeniusFrickeGenusReductionExact.agda	6f767acecc3db9f0193f350d0a464242f522578737169ba9a2a303fb3ec30faf
agent/p11-marked-all-hecke-collision	2cb821df49890b51605d1b990ee0b497e490b88c	DASHI/Moonshine/SupersingularFrobeniusFrickeGenusReductionRegression.agda	ee85728a3e303b5e7f46ba685266d455945580fa7d448758c2b1d45fa2a95e24
agent/papers-hecke-ownership-round10	5fe9acdc66810812bca962cb741e75e6bc0784b9	DASHI/Papers/Everything.agda	b39138c0e426322e0303ebe20f4f001e5caab2197a63c70e5ae838e0d5243d78
agent/papers-hecke-ownership-round10	5fe9acdc66810812bca962cb741e75e6bc0784b9	DASHI/Papers/NavierStokes/Everything.agda	7086deb024482ad96c8ac9c9b5c73279cec3ee6dd881a8ce32cc4ad10a4ceca2
agent/papers-hecke-ownership-round10	5fe9acdc66810812bca962cb741e75e6bc0784b9	Ontology/Hecke/Everything.agda	894d044573016d610053f419356fb789086c79138dc328968ec322b1d93e6227
agent/pnf-wave-access-trauma-learning	21fd19974748f4c307993df2a75be32ce422291f	DASHI/Biology/BodyIndexedHarmonicWreathActionExact.agda	735b81aab0b889160318607ff5a72af52adcc12d4369a2034440fae0e1ab4668
agent/pnf-wave-access-trauma-learning	21fd19974748f4c307993df2a75be32ce422291f	DASHI/Biology/BodyModulatedDecisionCoordinatesExact.agda	3060b3d986869debf9e89d7fab8c5b242d1a0e019f0bc30e9a7791811c9dfa32
agent/pnf-wave-access-trauma-learning	21fd19974748f4c307993df2a75be32ce422291f	DASHI/Biology/BodyModulatedEffectiveTopologyExact.agda	86f5d5eee8949394ab961ead836577a7f323617277307920cf6140a07470ff1d
agent/pnf-wave-access-trauma-learning	21fd19974748f4c307993df2a75be32ce422291f	DASHI/Biology/BranchStatusAlgebraExact.agda	404330ab0a4005a6ae1edcbf6e649a0b0c98a8dcc3d3e4623afc0b1aa0eeb7a1
agent/pnf-wave-access-trauma-learning	21fd19974748f4c307993df2a75be32ce422291f	DASHI/Biology/EmbodiedBranchingHyperformalismExact.agda	158030bfad54b2a62940b6fefee2236bea1bba19a9a7f839e1f53ab510d0650c
agent/pnf-wave-access-trauma-learning	21fd19974748f4c307993df2a75be32ce422291f	DASHI/Biology/EmbodiedCausalConeFeedbackExact.agda	45293c3b6eddd050c25b531a825befa4efb372b35f3e791f3716ee81225391ca
agent/pnf-wave-access-trauma-learning	21fd19974748f4c307993df2a75be32ce422291f	DASHI/Biology/EmbodiedHistoryActionFunctionalExact.agda	36063dec91de90590ed964070fcf52b2415950f463d5f6a486f7185375425566
agent/pnf-wave-access-trauma-learning	21fd19974748f4c307993df2a75be32ce422291f	DASHI/Biology/EmbodiedHyperformalismEverything.agda	1f6b5b5494b6ac5500aff40aa1d1297a54723b4823fda18f35951644a5a89359
agent/pnf-wave-access-trauma-learning	21fd19974748f4c307993df2a75be32ce422291f	DASHI/Biology/EmbodiedHyperformalismRegression.agda	1d85a614476967b05cfac9c7184288e509d5000a6ec588ab322023fd7991e1c7
agent/pnf-wave-access-trauma-learning	21fd19974748f4c307993df2a75be32ce422291f	DASHI/Biology/EmbodiedHyperformalismSourceRegistry.agda	caa49a13417fefd0c895be4945165865cc476d84c3dfd7871c6f917774a703d9
agent/pnf-wave-access-trauma-learning	21fd19974748f4c307993df2a75be32ce422291f	DASHI/Biology/EmbodiedWaveCrossPollinationRegression.agda	e2e943f4481388bbce19a12a180b47ab5160dee97eebf025d57479cae7247117
agent/pnf-wave-access-trauma-learning	21fd19974748f4c307993df2a75be32ce422291f	DASHI/Biology/EmbodiedWaveCubieHolonomyExact.agda	80a78533fa3b521e61311c32010d449d6334a0804373437f7936cfd824c5caa7
agent/pnf-wave-access-trauma-learning	21fd19974748f4c307993df2a75be32ce422291f	DASHI/Biology/FeltStateSupervoxelExact.agda	1dd39a854eac8989da60b88162b759509c8f6db7d312f7280f574476647b5890
agent/pnf-wave-access-trauma-learning	21fd19974748f4c307993df2a75be32ce422291f	DASHI/Biology/IntrospectiveEmbodiedHyperformalismObservationExact.agda	dbe0210e3e985bd711c7c78d7ca892834602a7d6ec9995a67b6ca0c5af206bdd
agent/pnf-wave-access-trauma-learning	21fd19974748f4c307993df2a75be32ce422291f	DASHI/Biology/IntrospectiveHyperformalismIncidenceExact.agda	2a255c551b3e9ca56fc59cc8e67872e1696dcd67a4217441d4eb65902bf673b3
agent/pnf-wave-access-trauma-learning	21fd19974748f4c307993df2a75be32ce422291f	DASHI/Biology/IntrospectiveSymmetryResolvedHyperformalismExact.agda	67553d6a5635e5dd6863f9bb7e8733b2af2b3683b9b8d16024862d1eaa2415ad
agent/pnf-wave-access-trauma-learning	21fd19974748f4c307993df2a75be32ce422291f	DASHI/Biology/MultiscaleAllostaticBodyHyperformalismExact.agda	6036b7b20721d8726f9c64649efdcb15a7a83823d8974c1c64943828d179e4fb
agent/pnf-wave-access-trauma-learning	21fd19974748f4c307993df2a75be32ce422291f	DASHI/Biology/ObserverRelativeReachableSubfabricExact.agda	28445dd9cefd9f6429108e84d8072032ce99314fb76e91b913b9ea91ca25fb5a
agent/pnf-wave-access-trauma-learning	21fd19974748f4c307993df2a75be32ce422291f	DASHI/Biology/QuaternionOrbitEmbodiedReachNonfactorabilityExact.agda	294f73806d408295e800df3c81f2dbabd42bd95e808c5a7111d75efaf6002059
agent/pnf-wave-access-trauma-learning	21fd19974748f4c307993df2a75be32ce422291f	DASHI/Biology/RelationalEmbodiedCoregulationExact.agda	3a14b52ffab69a07e86f70857fc0fc0db621064013cfe64a402b8a059667a37f
agent/pnf-wave-access-trauma-learning	21fd19974748f4c307993df2a75be32ce422291f	DASHI/Biology/StressPhysiologyCascadeExact.agda	bb03435f211a890e41050b329e6e968235d4210f71dc8e01546e3fd0e723b436
agent/pnf-wave-access-trauma-learning	21fd19974748f4c307993df2a75be32ce422291f	DASHI/Biology/SymmetryResolvedEmbodiedWaveControlExact.agda	c4afb4061129e65b5753024282ee77c147496161115a2696cf22b17826c41787
agent/pnf-wave-access-trauma-learning	21fd19974748f4c307993df2a75be32ce422291f	DASHI/Biology/TranslationInvariantCompletionAccessibilityNonfactorabilityExact.agda	a4bec22a08089026b98e1f03cbefa6002ab8ed3c9e443d87eb407e14f90e7c94
agent/pnf-wave-access-trauma-learning	21fd19974748f4c307993df2a75be32ce422291f	DASHI/Biology/TwoBoundaryHyperformalismExact.agda	bcbf4f8b2e9743c541b70f380603d855c061a6c03cb38e287573b68eefb02ed4
agent/pnf-wave-access-trauma-learning	21fd19974748f4c307993df2a75be32ce422291f	DASHI/Biology/TwoBoundaryRepairModesExact.agda	b3a97497b00bbc65c0f9ee6037819ed7680593a3794beb40d8e5c16e49f81f7a
agent/pnf-wave-access-trauma-learning	21fd19974748f4c307993df2a75be32ce422291f	DASHI/Biology/TwoBoundarySymmetryResolvedModeSectionExact.agda	b14dd1756632e8c895d7442593b1bb30fde4dbac147c20561390635d58b361de
agent/pnf-wave-access-trauma-learning	21fd19974748f4c307993df2a75be32ce422291f	DASHI/Core/CubieFaceOrderHolonomyAnalogueExact.agda	4a59c65e6acf70b160453ee1ce37fcc1c65b396e5e59af4714889d3090c558b7
agent/progenitor-parent-hyperfabric	7e5e0ded61977f7e8a63f6b7ad45894aaf7fd706	DASHI/Core/FibrePreservingDynamicsExact.agda	401c03674f522b3b91401eec13730bfbd58bb8b0ae3676507a09975733c4299c
agent/progenitor-parent-hyperfabric	7e5e0ded61977f7e8a63f6b7ad45894aaf7fd706	DASHI/Core/ObserverRefinementLatticeExact.agda	3e729ca6b742bb8ccee8fb6ed6ca95bc562f5bc2b3ddd8807f0cb976dc71b0d5
agent/progenitor-parent-hyperfabric	7e5e0ded61977f7e8a63f6b7ad45894aaf7fd706	DASHI/Core/PredicatePullbackLatticeExact.agda	94d96acc199453539e553e3ee7519ed4d653b12f4ba01a5a903eb5f5b423de5b
agent/progenitor-parent-hyperfabric	7e5e0ded61977f7e8a63f6b7ad45894aaf7fd706	DASHI/Core/SectionedProjectionProvenanceBridgeExact.agda	eacb8fdaa072bf2bbcb358a1ee93f9cf4ab0cdcf912dfbaf00bf60b04b59ff90
agent/progenitor-parent-hyperfabric	7e5e0ded61977f7e8a63f6b7ad45894aaf7fd706	DASHI/Ontology/LeanWikidataEverything.agda	1259fce2df7724533a6c1ef146ff083238e5670e48716e7ec150fb6f32c4b730
agent/progenitor-parent-hyperfabric	7e5e0ded61977f7e8a63f6b7ad45894aaf7fd706	DASHI/Ontology/LeanWikidataParentingCardinalityBoundary.agda	0aa835d3c4f4359d9e44d48ce6c7daa715bd95ed462a88f5ee824c820be2b283
agent/progenitor-parent-hyperfabric	7e5e0ded61977f7e8a63f6b7ad45894aaf7fd706	DASHI/Ontology/LeanWikidataParentingPullbackBridge.agda	51e3f84f00e8e423e44e2c122cf0fbc0b71caf19daf428210cf8ae5ee85c59b8
agent/progenitor-parent-hyperfabric	7e5e0ded61977f7e8a63f6b7ad45894aaf7fd706	DASHI/Ontology/LeanWikidataPullbackTopologyBoundary.agda	0d21c9e34abb03333bfbc6a0d6101bc8a32c7ff04df9fa5feaa84defc6878e58
agent/progenitor-parent-hyperfabric	7e5e0ded61977f7e8a63f6b7ad45894aaf7fd706	DASHI/Ontology/ProgenitorParentAllyshipAuthorityBridgeExact.agda	b5b2a98d6c8facaf105ca27377c080f33098796d431d72571260ecaa3109c669
agent/progenitor-parent-hyperfabric	7e5e0ded61977f7e8a63f6b7ad45894aaf7fd706	DASHI/Ontology/ProgenitorParentAuthorityRoutingNonfactorabilityExact.agda	65f2ec031fa40f50a149d42840ffebb5ba249338e9e84f4dfb58ad3cd0f1402e
agent/progenitor-parent-hyperfabric	7e5e0ded61977f7e8a63f6b7ad45894aaf7fd706	DASHI/Ontology/ProgenitorParentConsultationDecisionSensitivityExact.agda	5c90346ea76acea33d4cb2a567c7cf1119fab5fc4f30b483ae2484912fc23afa
agent/progenitor-parent-hyperfabric	7e5e0ded61977f7e8a63f6b7ad45894aaf7fd706	DASHI/Ontology/ProgenitorParentCrossPollinationEverything.agda	293da56ef623a948c47c83c2da8a461cbc125c31f6ec9ae83268869a8764d73a
agent/progenitor-parent-hyperfabric	7e5e0ded61977f7e8a63f6b7ad45894aaf7fd706	DASHI/Ontology/ProgenitorParentDiachronicAuthorityFibreExact.agda	d5976cb9b7908deb701ef906ba6f05cec5733b7b467234483100426c3ac3c381
agent/progenitor-parent-hyperfabric	7e5e0ded61977f7e8a63f6b7ad45894aaf7fd706	DASHI/Ontology/ProgenitorParentDynamicAuthorityRegression.agda	c1378e29bbcc745cb94058a9f2d011c3d07216d7194374d6daa9772cd776b001
agent/progenitor-parent-hyperfabric	7e5e0ded61977f7e8a63f6b7ad45894aaf7fd706	DASHI/Ontology/ProgenitorParentEthicsExamples.agda	829a69816bde3bcaf8d4f26a74d85336ad63fe3e632c9b46382f53830588faa3
agent/progenitor-parent-hyperfabric	7e5e0ded61977f7e8a63f6b7ad45894aaf7fd706	DASHI/Ontology/ProgenitorParentHyperfabric.agda	dfe80034716985d438610953dcdbd4608aea1ee7b05ffd86918ebe59b9673422
agent/progenitor-parent-hyperfabric	7e5e0ded61977f7e8a63f6b7ad45894aaf7fd706	DASHI/Ontology/ProgenitorParentHyperfabricTests.agda	5bfc57f9692e3d47fcad013215900f0229534ce9004f59937df9c97141f76238
agent/progenitor-parent-hyperfabric	7e5e0ded61977f7e8a63f6b7ad45894aaf7fd706	DASHI/Ontology/ProgenitorParentJMDPNFTests.agda	2122fc6a2a455b02b482f00a4608552c249cf743627f9cd5f878c5267bad39b3
agent/progenitor-parent-hyperfabric	7e5e0ded61977f7e8a63f6b7ad45894aaf7fd706	DASHI/Ontology/ProgenitorParentLatestJMDConformanceExact.agda	078861e3bf9669e1d7e5052c2a928d9cd437dbd94b9613a2e9390889874552ea
agent/progenitor-parent-hyperfabric	7e5e0ded61977f7e8a63f6b7ad45894aaf7fd706	DASHI/Ontology/ProgenitorParentObservationAuthorityBridge.agda	7438d75232bbc4a13cda49eabbefe9323f77d042c75838196bb9a9e1ed23946c
agent/progenitor-parent-hyperfabric	7e5e0ded61977f7e8a63f6b7ad45894aaf7fd706	DASHI/Ontology/ProgenitorParentObserverDynamicsBridge.agda	ad732eb52befda61c06e27924c77094100be8cde25b0be12128208f2a8674752
agent/progenitor-parent-hyperfabric	7e5e0ded61977f7e8a63f6b7ad45894aaf7fd706	DASHI/Ontology/ProgenitorParentObserverFutureSafetyExact.agda	5dd4c72101f2f87dc7ded9a4c22eb2526896194bce6122979499b53b438f8753
agent/progenitor-parent-hyperfabric	7e5e0ded61977f7e8a63f6b7ad45894aaf7fd706	DASHI/Ontology/ProgenitorParentObserverRefinementTests.agda	9f6ff724a544fe24612cc3d45ce6c849d84aa69b2e67fbf7b03502f6562593ed
agent/progenitor-parent-hyperfabric	7e5e0ded61977f7e8a63f6b7ad45894aaf7fd706	DASHI/Ontology/ProgenitorParentPNFPullbackLattice.agda	2153dd8c7cadd860457012f82c78b342e88b67cba177c2dbda9023628ebc8392
agent/progenitor-parent-hyperfabric	7e5e0ded61977f7e8a63f6b7ad45894aaf7fd706	DASHI/Ontology/ProgenitorParentPredicateBaseChange.agda	45b08166244932cd02755e652e5dc7a5b2aa6ad99e53f7e132d27a38f0222e94
agent/progenitor-parent-hyperfabric	7e5e0ded61977f7e8a63f6b7ad45894aaf7fd706	DASHI/Ontology/ProgenitorParentPredicateDescentBoundary.agda	2b683a6fc41e1820aee1ce962d76c94024a9ed35aed2dea679755503b25b6e8d
agent/progenitor-parent-hyperfabric	7e5e0ded61977f7e8a63f6b7ad45894aaf7fd706	DASHI/Ontology/ProgenitorParentPredicatePullbackExact.agda	f2a43ff866fc6ed59f1a643f14dd99703a81ff571989005b9993c5848a5c801f
agent/progenitor-parent-hyperfabric	7e5e0ded61977f7e8a63f6b7ad45894aaf7fd706	DASHI/Ontology/ProgenitorParentProgressiveResidualFactorizationExact.agda	af9bb6814b69cb770f6c36bf29328f8fea092038e8f36e5adc9924fbf342c9ba
agent/progenitor-parent-hyperfabric	7e5e0ded61977f7e8a63f6b7ad45894aaf7fd706	DASHI/Ontology/ProgenitorParentProjectionFibre.agda	9d1256d68cdae6ddb31a12e717455de8595dab9b5fee5f9967af8c520acb8d2d
agent/progenitor-parent-hyperfabric	7e5e0ded61977f7e8a63f6b7ad45894aaf7fd706	DASHI/Ontology/ProgenitorParentResidualDynamicsExact.agda	83f09016a49c913a20378e84872e03434415a55a0bb9e246de4e16a430941e72
agent/progenitor-parent-hyperfabric	7e5e0ded61977f7e8a63f6b7ad45894aaf7fd706	Ontology/Hecke/CurrentSaturatedObserverRefinementBridgeExact.agda	68697e25cc569e2c223e7eb1e95d17aabfc0de29d5cdaac83b823a7e3488d3dc
agent/provenance-policy-routing-round14-clean	caa595cd7a7e2a778646e07906fff2ef10e4874a	DASHI/Governance/RelationPolicyTransportComposition.agda	1b52c098e6152b8e18637b96419c0bdc59c2566fe1db0d640181286408696420
agent/reflexive-clopen-psychology	1f874cde45462838c7b1f8f2581e9b806a378732	DASHI/Cognition/ReflexivePsychologyEverything.agda	09ebdf34cb8f4aa41c63302f5804b30d3c490301dbcd5d52858bd34480f1c9d2
agent/reopenable-consumer-intervention-round4	f9a458f94a9333b34e88c525f0641b4ad4def5fb	DASHI/Core/TypedEvidenceDependencyExact.agda	576f1686e39b76cc21077884dba15baba063973d96aa6ab83d676d9201d19588
agent/typecheck-frontier-round12	1c4666ef5ce8edde5fa3411e0ed64f2e34efd338	DASHI/Reasoning/DistributedBraidGluingExact.agda	ef56204c971d1db6df92736d63621f4d75da61dd4d4ef43ca2bac4f84f184407
agent/wave-quaternion-orbit-conscious-access-round10	a7874f381a1bfcc025be23f6c9dafd95ba60bd81	DASHI/Biology/BalancedTernaryFourierModeExact.agda	0b05ec9d6e62c668834bf2dd3ebe9536eb3d3dce1b3bbfff48fa6bd290a3dd18
agent/wave-quaternion-orbit-conscious-access-round10	a7874f381a1bfcc025be23f6c9dafd95ba60bd81	DASHI/Biology/ConsciousAccessRound11WaveSymmetryValidation.agda	2d29bb0677db377680e0869e555c6496593e21667abac54905035fe39bfe5d2d
agent/wave-quaternion-orbit-conscious-access-round10	a7874f381a1bfcc025be23f6c9dafd95ba60bd81	DASHI/Biology/ConsciousAccessWaveControlBridgeExact.agda	ef49a662ca3284a453add7d407018e185546b7cbf6f9665ec37b2cb50fe62777
agent/wave-quaternion-orbit-conscious-access-round10	a7874f381a1bfcc025be23f6c9dafd95ba60bd81	DASHI/Biology/ConsciousAccessWaveSourceRegistry.agda	1251f60d3e6551384308be13a9f954e0d151ebb67c7514c99b2c26bea1de30af
agent/wave-quaternion-orbit-conscious-access-round10	a7874f381a1bfcc025be23f6c9dafd95ba60bd81	DASHI/Biology/FiniteTorusVectorWaveGeometryExact.agda	cee368e4a9d3bbf5e793430dfdc3b831c6b1cc32a1938fe2aff171dde30ffd5a
agent/wave-quaternion-orbit-conscious-access-round10	a7874f381a1bfcc025be23f6c9dafd95ba60bd81	DASHI/Biology/MonsterWaveModeSeparatingProbeExact.agda	1b450a673d7b934a6556ca35368329961d4df138f17c638978d78c63a9b411ab
agent/wave-quaternion-orbit-conscious-access-round10	a7874f381a1bfcc025be23f6c9dafd95ba60bd81	DASHI/Biology/QuaternionSymmetryResolvedWaveExact.agda	cf0ca2b8e231240e309e05deaaced216a22c73f1c6257fed7ca6cf3892d5e1d8
agent/wave-quaternion-orbit-conscious-access-round10	a7874f381a1bfcc025be23f6c9dafd95ba60bd81	DASHI/Biology/TravelingWaveFunctionalTopologyExact.agda	5e7d27ff4e8c4634dd3231f771ab2dee21a3355ff4d92f8b6479c53fd1077386
agent/wave-quaternion-orbit-conscious-access-round10	a7874f381a1bfcc025be23f6c9dafd95ba60bd81	DASHI/Mathematics/NumberTheory/RiemannReflectionOrbitDefectExact.agda	5dcc363247af7b1ede0f3bbff23c7f48ec97f6edeb5951a4e3b4ca2e2496a19a
agent/ym-round61-dlr-transfer-audit	9eec72f57094df367be7321fb1934b7d872d503d	DASHI/Physics/YangMills/BalabanBetaPrefixSensitivityToTubeContractionExact.agda	49a8bc2ff0f77e53695dfa1757d3d454f0cf43e453b71c77ecbc5bc9adeeee9d
agent/ym-round61-dlr-transfer-audit	9eec72f57094df367be7321fb1934b7d872d503d	DASHI/Physics/YangMills/BalabanCMP109CompactSimpleColourReductionSourceExact.agda	4993ea0bc3cf54da00c7811d39a7fdb5bf29aa1111b20db3eb529496f235caed
agent/ym-round61-dlr-transfer-audit	9eec72f57094df367be7321fb1934b7d872d503d	DASHI/Physics/YangMills/BalabanCMP109MixedDerivativeBetaExtractionExact.agda	cdbf17537a06d3c76b64e36b8efaa5df50a1b09329a7dd69191148a0f271e9e2
agent/ym-round61-dlr-transfer-audit	9eec72f57094df367be7321fb1934b7d872d503d	DASHI/Physics/YangMills/BalabanCMP116DifferentiatedLocalizationSourceExact.agda	a82697d66caa4644f9779f31da330cece355a336900d78506e21fb403eb99854
agent/ym-round61-dlr-transfer-audit	9eec72f57094df367be7321fb1934b7d872d503d	DASHI/Physics/YangMills/BalabanClayFrozenFourCompletionContractExact.agda	ae3a988a3e455c5394ddb7ab7243917f00124b54f1ecdc557b552e94371fa295
agent/ym-round61-dlr-transfer-audit	9eec72f57094df367be7321fb1934b7d872d503d	DASHI/Physics/YangMills/BalabanClayHighestAlphaRound83SevenAnalyticLemmaExact.agda	bb258e5c33fe6dfb81774912faa3d57090a8b777c7b5d82f099c5733a6857ede
agent/ym-round61-dlr-transfer-audit	9eec72f57094df367be7321fb1934b7d872d503d	DASHI/Physics/YangMills/BalabanClayHighestAlphaRound84SixAnalyticLemmaExact.agda	7c8eef354b0c2b64207b6b697a21e8d8aa08ff6f683041132c17089b055d7b31
agent/ym-round61-dlr-transfer-audit	9eec72f57094df367be7321fb1934b7d872d503d	DASHI/Physics/YangMills/BalabanClayHighestAlphaRound84Validation.agda	6caeafba6a89977ea92963333bbf25a40e49568fde6c500aee766debf70ab805
agent/ym-round61-dlr-transfer-audit	9eec72f57094df367be7321fb1934b7d872d503d	DASHI/Physics/YangMills/BalabanClayHighestAlphaRound85SixAnalyticLemmaAttackExact.agda	e16080327fc4d97535c5c7a1427c5d4a89a32195deb6b6d9a2e0af0ab0c01071
agent/ym-round61-dlr-transfer-audit	9eec72f57094df367be7321fb1934b7d872d503d	DASHI/Physics/YangMills/BalabanClayHighestAlphaRound87FourAnalyticLemmaExact.agda	6aa0978ae55dc170e0b379813f0c4d0201ea4c14311a15ead175cd81c190381c
agent/ym-round61-dlr-transfer-audit	9eec72f57094df367be7321fb1934b7d872d503d	DASHI/Physics/YangMills/BalabanClayT4BishopRegularHatMomentumGapExact.agda	3486fe9f604969d700cb1c92280f128bc2a9b2310a96ef5c8db5fc024b8faa85
agent/ym-round61-dlr-transfer-audit	9eec72f57094df367be7321fb1934b7d872d503d	DASHI/Physics/YangMills/BalabanClayT4MachinOuterSineToCanonicalGapExact.agda	2beeaf521bb17976bf43c25cfbf3b38479ade98358817124ef6e091ddba0bc55
agent/ym-round61-dlr-transfer-audit	9eec72f57094df367be7321fb1934b7d872d503d	DASHI/Physics/YangMills/BalabanClayT4SineDeterminesCosineAtomExact.agda	2982f8fb26ba4e9bf8344ab97dc572307a101904e78900bdeae4d774bedf48c0
agent/ym-round61-dlr-transfer-audit	9eec72f57094df367be7321fb1934b7d872d503d	DASHI/Physics/YangMills/BalabanCompactSimpleFourOrbitHalfRemainderExact.agda	9f4abbb3113e8684935e1dfd4825298e7fc964e690b520d05dce1b18ab23c6c2
agent/ym-round61-dlr-transfer-audit	9eec72f57094df367be7321fb1934b7d872d503d	DASHI/Physics/YangMills/BalabanCompactSimpleHaarQuadraticCasimirExact.agda	c6bf511f853e8ff7f90dbf5f64b46caab55261077e1c114b712107bea1d0a5be
agent/ym-round61-dlr-transfer-audit	9eec72f57094df367be7321fb1934b7d872d503d	DASHI/Physics/YangMills/BalabanCompactSimplePositiveBetaFromSharedMarkedShellExact.agda	e35df3480a1746ba9459db5f06b866105ac3403b932cbc0a34ebca36ae912b5f
agent/ym-round61-dlr-transfer-audit	9eec72f57094df367be7321fb1934b7d872d503d	DASHI/Physics/YangMills/BalabanCompactSimpleUniversalBetaFloorExact.agda	12b765df9c0172f971e995bbd7ccdf7b74bf8988939ccc80e1e3a7867cdede6d
agent/ym-round61-dlr-transfer-audit	9eec72f57094df367be7321fb1934b7d872d503d	DASHI/Physics/YangMills/BalabanFiniteTraceSeriesPrefixTailExact.agda	3385098f0316cf4a45355eb3b22cad9507923c546f2dede33ed79f4877103472
agent/ym-round61-dlr-transfer-audit	9eec72f57094df367be7321fb1934b7d872d503d	DASHI/Physics/YangMills/BalabanIrrelevantRGMemoryContractionExact.agda	6190f9b2895e2de2a7f1f558c22d336936f37f88f48f90b01cc05879ffe994d4
agent/ym-round61-dlr-transfer-audit	9eec72f57094df367be7321fb1934b7d872d503d	DASHI/Physics/YangMills/BalabanMarkedSourceCoefficientEnergyHilbertCompilerExact.agda	e528f3202435fe31c6f5f241afaa7371149d088a6e1376e15b94a04cd4170ac3
agent/ym-round61-dlr-transfer-audit	9eec72f57094df367be7321fb1934b7d872d503d	DASHI/Physics/YangMills/BalabanMarkedSourceCompositeStressFieldExact.agda	aad351123bbe8d913b859e2bc4a5c570f8af5e23e758da415563cda0bd92b823
agent/ym-round61-dlr-transfer-audit	9eec72f57094df367be7321fb1934b7d872d503d	DASHI/Physics/YangMills/BalabanMarkedSourceGeometricShellEnergyExact.agda	1960c97cbf0c96a77b3260da688ca4fc852d5e757855b7f61e11fed0f2709608
agent/ym-round61-dlr-transfer-audit	9eec72f57094df367be7321fb1934b7d872d503d	DASHI/Physics/YangMills/BalabanMarkedSourceNuclearCompositeFieldExact.agda	ba51833a01bde6c42fdb87901de8d7efa4f3775b66bcb0f1049dfa070f6c4129
agent/ym-round61-dlr-transfer-audit	9eec72f57094df367be7321fb1934b7d872d503d	DASHI/Physics/YangMills/BalabanOPECoefficientRGRecurrenceUniquenessExact.agda	aed0df734a1c382b6968ca44b9cca4d346e772c2d787abce0105cae4c7929a23
agent/ym-round61-dlr-transfer-audit	9eec72f57094df367be7321fb1934b7d872d503d	DASHI/Physics/YangMills/BalabanPolchinskiShellIntegralDebtExact.agda	b71554b0c5d10fa1c7b3a6888e812041e07ef23dceeae98b6741bcc8d150be19
agent/ym-round61-dlr-transfer-audit	9eec72f57094df367be7321fb1934b7d872d503d	DASHI/Physics/YangMills/BalabanReducedGhostPrincipalLogDetSourceExact.agda	816a39da44a994b0b3661228db4d4372c3e13593fd36ea2da0c1fd27438a130c
agent/ym-round61-dlr-transfer-audit	9eec72f57094df367be7321fb1934b7d872d503d	DASHI/Physics/YangMills/BalabanSharedMarkedAnalyticShellExact.agda	624ffa7b741ae8aa2b02bcd00503475a964a4b7c5b7e03757b42919669801761
agent/ym-round61-dlr-transfer-audit	9eec72f57094df367be7321fb1934b7d872d503d	DASHI/Physics/YangMills/BalabanWilsonFourierMachinPeriodCarrierExact.agda	4b201f1541fe8843883cbd0aab85306a46d6b8cdaf3351c377014ec228d286d3
agent/ym-round61-dlr-transfer-audit	9eec72f57094df367be7321fb1934b7d872d503d	DASHI/Physics/YangMills/CompactSimpleClassificationAdjointCasimirExact.agda	48478dd2f3a81dab2ac7cb6ca51dea2564a3682dfa46fb211500b5450c802c89
agent/ym-round61-dlr-transfer-audit	9eec72f57094df367be7321fb1934b7d872d503d	DASHI/Physics/YangMills/YangMillsClayStressOPERequirementBoundaryExact.agda	e2150bf09bb062eae54dced006bcf95b53961a89acf5b98473a8f71c4cb00da5
agent/ym-round61-dlr-transfer-audit	9eec72f57094df367be7321fb1934b7d872d503d	DASHI/Physics/YangMills/YangMillsLatticeStressWardSliceConservationExact.agda	b35aa61798763c546443bad1f6538460ab0da1b4230acb22e24b1f86a013e75b
agent/ym-round61-dlr-transfer-audit	9eec72f57094df367be7321fb1934b7d872d503d	DASHI/Physics/YangMills/YangMillsLocalChargeCommutatorToCoreStabilizationExact.agda	c0985c231ab897e2dedba1f1b244aadcbae118274984c8b3437d7df283b33230
agent/ym-round61-dlr-transfer-audit	9eec72f57094df367be7321fb1934b7d872d503d	DASHI/Physics/YangMills/YangMillsLocalChargeQuadraticFormCoreExact.agda	68159216c620eccb0115184e37ef3649af56ba50ae921ab787963eac6b791c77
agent/ym-round61-dlr-transfer-audit	9eec72f57094df367be7321fb1934b7d872d503d	DASHI/Physics/YangMills/YangMillsLocalCoreChargeLinearityExact.agda	b49a3a50fb74366501f70016603893217a6a1e9bca8a91f03148bc1e5e9d4deb
agent/ym-round61-dlr-transfer-audit	9eec72f57094df367be7321fb1934b7d872d503d	DASHI/Physics/YangMills/YangMillsLocalCurrentMicrocausalShellExact.agda	0d51fa9624825b78b26c2d71cdc779c0d6741769361695c4e88fded686061b43
agent/ym-round61-dlr-transfer-audit	9eec72f57094df367be7321fb1934b7d872d503d	DASHI/Physics/YangMills/YangMillsSameFamilyCumulantMarginToInteractingExact.agda	577c1432f2bfac4a218c136a9bb57d419c6683114b6152c22487cbd71da8049f
agent/ym-round61-dlr-transfer-audit	9eec72f57094df367be7321fb1934b7d872d503d	DASHI/Physics/YangMills/YangMillsSharedMarkedCompositeOPERemainderExact.agda	e1984a04dea5130cbb5cd4c85b41d2416a8221747d776d994fc97e99be63df29
agent/ym-round61-dlr-transfer-audit	9eec72f57094df367be7321fb1934b7d872d503d	DASHI/Physics/YangMills/YangMillsStressChargeLocalCoreCutoffStabilizationExact.agda	629a950d5a60841129b4b67d42408a87928da02252b04cfde69232f43f0998dc
agent/ym-round61-dlr-transfer-audit	9eec72f57094df367be7321fb1934b7d872d503d	DASHI/Physics/YangMills/YangMillsStressWardCommonCoreGeneratorExact.agda	fc9db5d221742b7f2ec35374eda6b6b8a7466cbb60a5ccf97f31802adf7c7c15
agent/ym-round61-dlr-transfer-audit	9eec72f57094df367be7321fb1934b7d872d503d	DASHI/Physics/YangMills/YangMillsStressWardStoneGeneratorBridgeExact.agda	3e9cb170188bb239f980ca2b344db676977f9bf2514b72b6ada4054dbc4d3b3a
agent/ym-round61-dlr-transfer-audit	bfe46f1feb7aad6b428f2e7efbdb3ecbc980a5fa	DASHI/Physics/YangMills/BalabanYM4CubicCouplingDriftTelescopeExact.agda	aac862fc1a2a0e271abcc49d1afb49774e90eed8101b6e8c8dc3e09590b5770d
agent/ym-round61-dlr-transfer-audit	bfe46f1feb7aad6b428f2e7efbdb3ecbc980a5fa	DASHI/Physics/YangMills/BalabanYM4InteractionLogHessianCauchyGateExact.agda	40c246b85f67601882392fa238f97473ede5756ffb9170bd749aa3421af2542a
agent/ym-round61-dlr-transfer-audit	bfe46f1feb7aad6b428f2e7efbdb3ecbc980a5fa	DASHI/Physics/YangMills/BalabanYM4InteractionMixedCouplingDerivativeGateExact.agda	f52bb81eadfd39d45885e9e102f7ae0f388e937b9704fb537037cb130a18438e
agent/ym-round61-dlr-transfer-audit	bfe46f1feb7aad6b428f2e7efbdb3ecbc980a5fa	DASHI/Physics/YangMills/BalabanYM4LinearInteractionBetaMarginExact.agda	cad41cda618093a010d525eaf01add869bfda8e9b07c814f3c22a1d9cc575361
agent/ym-round61-dlr-transfer-audit	bfe46f1feb7aad6b428f2e7efbdb3ecbc980a5fa	DASHI/Physics/YangMills/BalabanYM4RowAGateCompositionExact.agda	23b7dcfaefac1b044bf0e85f8a39fdee48af44655c52638ec0123c0a5a84d5d0
agent/ym-round61-dlr-transfer-audit	bfe46f1feb7aad6b428f2e7efbdb3ecbc980a5fa	DASHI/Physics/YangMills/BalabanYM4ShootingSensitivityFromCubicDriftExact.agda	be87c1fe7751f4b0822492931e490665f56d8cca3fe0f13b42fadb814c72de54
agent/ym-round61-dlr-transfer-audit	bfe46f1feb7aad6b428f2e7efbdb3ecbc980a5fa	DASHI/Physics/YangMills/YMRowCCurvatureCriterionIndependenceExact.agda	401abea2333fc5da319b01fccc6a78a2aa5ebec2286604966afc197e0e1eb8e1
agent/zeta-reflection-orbit-defect-2026	005061dff80f7e6eae3948c461dbed8a094fcbc9	DASHI/Analysis/RiemannArithmeticUnitarityRigidityBoundary.agda	5bed104bb2ab8bbf713e0ebb20316ca6e03af6c8f857741f5b8869488ec32c8f
agent/zeta-reflection-orbit-defect-2026	005061dff80f7e6eae3948c461dbed8a094fcbc9	DASHI/Analysis/RiemannCenteredGridRetentionExact.agda	c28daa26f76b00fb051eb3fd002b21aef039cbcd293f33d650c21cba2bd6f422
agent/zeta-reflection-orbit-defect-2026	005061dff80f7e6eae3948c461dbed8a094fcbc9	DASHI/Analysis/RiemannComplexPoissonChannelSplitExact.agda	3d60505dda5ed4cda2d92a4c71e77a5e357149a01b74d1b17cfae872b9b65ee8
agent/zeta-reflection-orbit-defect-2026	005061dff80f7e6eae3948c461dbed8a094fcbc9	DASHI/Analysis/RiemannComplexPoissonFiniteRetentionExact.agda	ebfcb31d1020b32091f198f0cc3644e5e5e42039d568ba24e9f9281450690ab9
agent/zeta-reflection-orbit-defect-2026	005061dff80f7e6eae3948c461dbed8a094fcbc9	DASHI/Analysis/RiemannComplexPoissonHermitianReductionExact.agda	3cf9d2f931a06466cfc325fa0d078b244e6d16611b4c47e6ed807df799f125b0
agent/zeta-reflection-orbit-defect-2026	005061dff80f7e6eae3948c461dbed8a094fcbc9	DASHI/Analysis/RiemannComplexPoissonPairEnergyExact.agda	52d73068e47e985a7ded58c79eed34b72a4b4fd6b48949849612fe298df49175
agent/zeta-reflection-orbit-defect-2026	005061dff80f7e6eae3948c461dbed8a094fcbc9	DASHI/Analysis/RiemannCoshPlateauIntrospectiveExact.agda	1c843d38c9ee59d83b45806c6b64c114bef99cde72d695c75c23f7a527178147
agent/zeta-reflection-orbit-defect-2026	005061dff80f7e6eae3948c461dbed8a094fcbc9	DASHI/Analysis/RiemannDistanceStratifiedObserverIntrospectiveExact.agda	5990f133811d0dbbdffe1a84f0f1f2e13d7abbc7492409c56cc5f6bbd27253de
agent/zeta-reflection-orbit-defect-2026	005061dff80f7e6eae3948c461dbed8a094fcbc9	DASHI/Analysis/RiemannG1FiniteRetentionAssemblyExact.agda	ca8d3b3c8a1aca5150354499676ba4953e5999c3ec34afb028f8729711febadc
agent/zeta-reflection-orbit-defect-2026	005061dff80f7e6eae3948c461dbed8a094fcbc9	DASHI/Analysis/RiemannG3SourceTransportExact.agda	992f80c7c5dede823bebbc2a097c2ebb487b86c6880b3c69c5fa228efa8208e5
agent/zeta-reflection-orbit-defect-2026	005061dff80f7e6eae3948c461dbed8a094fcbc9	DASHI/Analysis/RiemannHermitianDefectAssemblyExact.agda	5a1143e57504e3c8c9ec3ac9d9b60f9d5af6dea9c987e96f3f7517683a4470d9
agent/zeta-reflection-orbit-defect-2026	005061dff80f7e6eae3948c461dbed8a094fcbc9	DASHI/Analysis/RiemannHermitianDetectabilityGapExact.agda	4d622a7ff7c272549309c949768b18b48b110165a3f6a0509bc75c68bbf1d2bd
agent/zeta-reflection-orbit-defect-2026	005061dff80f7e6eae3948c461dbed8a094fcbc9	DASHI/Analysis/RiemannHermitianDreamRouteExact.agda	a5916ba09229a04731e29adacf603f2b7cc8fdbf8a53c709180b78e27bbe6f11
agent/zeta-reflection-orbit-defect-2026	005061dff80f7e6eae3948c461dbed8a094fcbc9	DASHI/Analysis/RiemannHermitianEndgameTrichotomyExact.agda	337b859989349d1828629dbfb27b7f65db56185c98444632bb100c810e15efb0
agent/zeta-reflection-orbit-defect-2026	005061dff80f7e6eae3948c461dbed8a094fcbc9	DASHI/Analysis/RiemannHermitianExcessDetectabilityAssemblyExact.agda	1b37b165f9e650e068f3394647f79ad3923d987a0c5ed21c3ad2de289b383d3e
agent/zeta-reflection-orbit-defect-2026	005061dff80f7e6eae3948c461dbed8a094fcbc9	DASHI/Analysis/RiemannHermitianIntrospectionEverything.agda	86767e37e96d5e13c2cfca1e3a75814498a0e0e1a423acd0946d155586b6be48
agent/zeta-reflection-orbit-defect-2026	005061dff80f7e6eae3948c461dbed8a094fcbc9	DASHI/Analysis/RiemannHermitianIntrospectiveRoundTripExact.agda	36e7dd7db3198fb61c84f23b5176a2630cbe149975a1ab861a20410a0114578b
agent/zeta-reflection-orbit-defect-2026	005061dff80f7e6eae3948c461dbed8a094fcbc9	DASHI/Analysis/RiemannHermitianLocalizationAmplificationExact.agda	886f4de93e644abd68bd8911c928d33ed247bb60f49a55db4a1f039761c361bc
agent/zeta-reflection-orbit-defect-2026	005061dff80f7e6eae3948c461dbed8a094fcbc9	DASHI/Analysis/RiemannHermitianPowerAmplificationExact.agda	5c0d297ffc92c43089c3ff4cb3e49b24e680a69af18ee39831bfdcf30eb71155
agent/zeta-reflection-orbit-defect-2026	005061dff80f7e6eae3948c461dbed8a094fcbc9	DASHI/Analysis/RiemannHermitianSourceGapMapExact.agda	cd50e3dcb5b342e415815afd9634bd57e095f50a9adabcb37ec98f7ae8ed65b0
agent/zeta-reflection-orbit-defect-2026	005061dff80f7e6eae3948c461dbed8a094fcbc9	DASHI/Analysis/RiemannHermitianTopDownAssemblyExact.agda	9127c29c2bd1a5494e4348ba7cba7785f4b4f66c8e4a2acba2d35138e552e128
agent/zeta-reflection-orbit-defect-2026	005061dff80f7e6eae3948c461dbed8a094fcbc9	DASHI/Analysis/RiemannMixedChannelAlmostOrthogonalityExact.agda	9dde85a1b98b51706d73b1e305fb91484b62992fc91a4b690f407f41375b1494
agent/zeta-reflection-orbit-defect-2026	005061dff80f7e6eae3948c461dbed8a094fcbc9	DASHI/Analysis/RiemannMixedKernelEnvelopeExact.agda	c429eb4e1454c06f2ff333928cae045404518dbea492976586843ff0a395290e
agent/zeta-reflection-orbit-defect-2026	005061dff80f7e6eae3948c461dbed8a094fcbc9	DASHI/Analysis/RiemannPhiCoshCoercivityReductionExact.agda	def1a93dbd01ecfaa8e2ad6ee132c395313af0369767b78e5539292fc8084669
agent/zeta-reflection-orbit-defect-2026	005061dff80f7e6eae3948c461dbed8a094fcbc9	DASHI/Analysis/RiemannPrimeSideExcessNormalizationExact.agda	6a9bd0cde6ba3136c92a61737fe40268ebdd503f923c6e9240d86a6e17701f3e
agent/zeta-reflection-orbit-defect-2026	005061dff80f7e6eae3948c461dbed8a094fcbc9	DASHI/Analysis/RiemannReflectionC3OrbitShapeBridgeExact.agda	1730f7495e5cefbacd0fe47287da57198cc09fa18aff595f5884cc8c63d42c79
agent/zeta-reflection-orbit-defect-2026	005061dff80f7e6eae3948c461dbed8a094fcbc9	DASHI/Analysis/RiemannReflectionOrbitDefectExact.agda	f59bb2bdb8693e507bc00bae4cadf7a4f6bb977ea205c65de7385e8ab67584b7
agent/zeta-reflection-orbit-defect-2026	005061dff80f7e6eae3948c461dbed8a094fcbc9	DASHI/Analysis/RiemannReflectionOrbitDefectRegression.agda	45b8893beea5e309874577c9f2b04913f057d5a0a0426381bc435aa1d99f5261
agent/zeta-reflection-orbit-defect-2026	005061dff80f7e6eae3948c461dbed8a094fcbc9	DASHI/Analysis/RiemannReflectionPairBlockExact.agda	6669648714b99faab5b8361dff1e89b6df7864404e64f0040a1956f5e77e0869
agent/zeta-reflection-orbit-defect-2026	005061dff80f7e6eae3948c461dbed8a094fcbc9	DASHI/Analysis/RiemannWeilOffLineHyperbolicBlockExact.agda	9bb526f2517d608cdb2b5eb44cd7583929629e094de71dbfb5e77b3ae198d189
agent/zeta-reflection-orbit-defect-2026	005061dff80f7e6eae3948c461dbed8a094fcbc9	DASHI/Analysis/RiemannWeilPairKernelFrobeniusExact.agda	443edd10f5ea1882a819d91e3b10334656ed6c093c5899e7cd156a7a31444670
agent/zeta-reflection-orbit-defect-2026	005061dff80f7e6eae3948c461dbed8a094fcbc9	DASHI/EverythingRiemannReflectionOrbitDefect2026.agda	5943a806a6a11d67c1c1175226bbd366d3f779afd302a361a72ab98166f64b34
codex/balaban-finite-one-step-frontier	66100d97ce429cf5b5abf23f914e50c413c50249	DASHI/Cognition/Tlurey369ChaosReceipt.agda	797fbdba6c6e5263a5495046cf6898bafef7a9264f5b29e5164babdfe84fec5f
codex/balaban-finite-one-step-frontier	66100d97ce429cf5b5abf23f914e50c413c50249	DASHI/Cognition/TlureyPrimorialBridge.agda	a1a2af622e36fff26c2025b864ff26b692cba5b4798532c6e7e81eb94f7b7bc6
formalise-aristotle-2510-01346	687d66806b1c1601195c20aad7460900f11b9fa1	DASHI/Reasoning/AristotleMCGSHypergraphExact.agda	0f4e48440ec3eafc705d5144837a7dfbc9674b0cc4ecb03bf73e5180cec5598c
formalise-aristotle-2510-01346	687d66806b1c1601195c20aad7460900f11b9fa1	DASHI/Reasoning/AristotleMCGSIntrospectiveSpecimen.agda	af6171733922609c6f360490cc4837ffa6bfe33c630049a74a41888cb2d1a356
formalise-aristotle-2510-01346	687d66806b1c1601195c20aad7460900f11b9fa1	DASHI/Reasoning/AristotleMCGSRecoveredWitness.agda	d9f64c87162c5d17d77c2251f93d45830cd2ffbdc66a9107c8eb0090d069023f
formalism/developmental-consent-attractor	40efa0722407c75e58a39e1fa77ac7a5af5e270e	DASHI/Governance/DevelopmentalConsentAttractorEverything.agda	51e10c639e523773135f438c4b96d9a5d06fde938ec590012aba2f894f3eeea7
integration/evidence-polarity-into-582	56d6adf82620275ca4eb0b5ea8c706cdb31de536	DASHI/Ontology/LeanWikidataLatestEpistemicConformanceBridge.agda	dc8f9cbf2ed6b5664515ab2b1c3551ce5507a5712e43b1683eb28b70b7ad1453
master	7d52f88d880adddfa59ac73a99ee4ff79506ec06	ClassificationDiscoveryLattice.agda	c5b9fb23f0622d4a906144e3cc655cb1b510275cf708c345211158bc2bc0f7e1
master	7d52f88d880adddfa59ac73a99ee4ff79506ec06	DASHI/Algebra/CCR.agda	4763252dca05217119fc3f689fe809da9994810789edb11cf8cc536243b56a53
master	7d52f88d880adddfa59ac73a99ee4ff79506ec06	DASHI/Algebra/Jacobian/InvertibilityStrata.agda	7d4585ad4d6fc2bf81e46ed933e2874b5564db9b93bfb7ae3cc70062deae37c8
master	7d52f88d880adddfa59ac73a99ee4ff79506ec06	DASHI/Analysis/CanonicalRationalMetric.agda	fb2582d1ab30f10a7d0fea6beb1b946750761652eb36e36071a4e6096748f71f
master	7d52f88d880adddfa59ac73a99ee4ff79506ec06	DASHI/Analysis/ConstructiveRealSpine.agda	dbd09a43cfcfee71b7e766eb77d3672d573bb52074ef4452710cb1192d22262a
master	7d52f88d880adddfa59ac73a99ee4ff79506ec06	DASHI/Analysis/FastCauchyArithmetic.agda	d3e2829917b77a567d2efa4a574e917a788baeb6e073b66bcdb781ee38c76aef
master	7d52f88d880adddfa59ac73a99ee4ff79506ec06	DASHI/Analysis/FastCauchyReals.agda	2dfa6d1166c2ff350d9c1ad0667a89f9dbdf7095e7fd5f36c6ab2ef86a2cc082
master	7d52f88d880adddfa59ac73a99ee4ff79506ec06	DASHI/Analysis/FiniteWeightedKernelSums.agda	a9ad1fe8baf4978f397385986725295675b3e3552fb5ad1016b34d1aed49c1d0
master	7d52f88d880adddfa59ac73a99ee4ff79506ec06	DASHI/Analysis/MarxDifferentialCore.agda	be6160243d9f5844af170cac73136879e81e9ab7058c2be506f80e0e2e317b7f
master	7d52f88d880adddfa59ac73a99ee4ff79506ec06	DASHI/Analysis/MarxHigherCalculus.agda	41797e96086310120099d778dc8e847d2bda4f2c7b52ef32f8ecde4a2f6a24e3
master	7d52f88d880adddfa59ac73a99ee4ff79506ec06	DASHI/Analysis/MurrayBishopSetoidBackend.agda	ba6aa4acf23fd90d5b81f99ee5986404575830af4b6d50df8a8faae07f7d00a4
master	7d52f88d880adddfa59ac73a99ee4ff79506ec06	DASHI/Analysis/SetoidConstructiveRealSpine.agda	f484109f3d397ee8954a9a757f0c55657e1b6b5ed349cdaba09be76f86e17310
master	7d52f88d880adddfa59ac73a99ee4ff79506ec06	DASHI/Analysis/WeightedKernelSchurTest.agda	f96b735a9a968ec71c301318f4ada6e2ec61038ab34c8a4073d552b7aa5c2148
master	7d52f88d880adddfa59ac73a99ee4ff79506ec06	DASHI/Arithmetic/DecimalDigitalRootNonaryExact.agda	9642586295261e22529ac7f5a2fb9952f64aeb1cb5359e30474dcca4c6fa9bf8
master	7d52f88d880adddfa59ac73a99ee4ff79506ec06	DASHI/Arithmetic/FibonacciNonaryPeriodExact.agda	d39e6931a6311722f197d03f6173da93174dbf19bd0427a79ba5165945fd5c6e
master	7d52f88d880adddfa59ac73a99ee4ff79506ec06	DASHI/Arithmetic/VpTrue.agda	d34ada905ee2d5bca442f6913682c31f460c5d7290f918d0680b62badbf6621b
master	7d52f88d880adddfa59ac73a99ee4ff79506ec06	DASHI/Biology/EvolutionaryTransportMDLBridge.agda	711fe8e7b5b5e8cf31b33fed4aabdd6c0151caa407b49f62515e48a66220453d
master	7d52f88d880adddfa59ac73a99ee4ff79506ec06	DASHI/Biology/Physical/DevelopmentalMeasurementQuotientExact.agda	b84a60f96e5849b86e36fbce6f0b992cfd64dcd58259f3368011e371c5c39e06
master	7d52f88d880adddfa59ac73a99ee4ff79506ec06	DASHI/Biology/TernaryCantorWheelDiffusionExact.agda	9735f6820199dcd830d3c06caef7c3aa006082c0a49b881cd5e0d6c6a2815cd4
master	7d52f88d880adddfa59ac73a99ee4ff79506ec06	DASHI/Cognition/PNF/DirectDemandLookup.agda	e83e9193fe16be0ad78bb0bebfbac44800657bf4d3bf08454ed86b5fb676753a
master	7d52f88d880adddfa59ac73a99ee4ff79506ec06	DASHI/Cognition/PNF/EvidenceClassificationEdge.agda	3689085ba89afec3e516df028d12401efeea0487a0eb1d6757ac161a85e5dc91
master	7d52f88d880adddfa59ac73a99ee4ff79506ec06	DASHI/Cognition/PNF/SemanticSamplingDynamicSafety.agda	f752d13dd9d70349280ce4ccff29e3388a82a318d83c8755524f79e9cc636a2e
master	7d52f88d880adddfa59ac73a99ee4ff79506ec06	DASHI/Cognition/PNF/SemanticSamplingLookupGeometry.agda	669e5c15c4c15575e9e746a4e8c8c85a5201e7661eb4339a415c97af8ee763ab
master	7d52f88d880adddfa59ac73a99ee4ff79506ec06	DASHI/Cognition/PNF/SupportClassificationIdentitySpine.agda	8734654a7538b65121ee91b890b77e8f426adce6452cd4ad5f88301b15e6f595
master	7d52f88d880adddfa59ac73a99ee4ff79506ec06	DASHI/Cognition/PNF/TerminalisationDefectRegression.agda	a9ab00b7f5442aa32ec0df31ec13bf33cf4c0e81df59cdb089a0b2323b464f40
master	7d52f88d880adddfa59ac73a99ee4ff79506ec06	DASHI/Combinatorics/String/LieAlgebra.agda	c45bdd1ab64160e2ea1dc27351203941f2bcc94240a6805ef6b25352619b40f3
master	7d52f88d880adddfa59ac73a99ee4ff79506ec06	DASHI/Combinatorics/TriadicVideoCodecObservationQuotient.agda	86be0e916a0c4a33046255273a0230eca06086480e299fe3d0c51e13f3a48841
master	7d52f88d880adddfa59ac73a99ee4ff79506ec06	DASHI/Computation/LESGLESWorldTransportBridge.agda	b0cd9f5d1a95f287413e9b6e66c223e702bd073e12fdaf86ca0eac7a042ef78e
master	7d52f88d880adddfa59ac73a99ee4ff79506ec06	DASHI/Computation/PersistentTransportMotifs.agda	7aca5800d6a46ad27105bafe76c4157662b4ab8315ae0f953b709a8dc9304e0a
master	7d52f88d880adddfa59ac73a99ee4ff79506ec06	DASHI/Core/KernelMonoid.agda	9bbdc44c425b5b23d598df081a3e8c3d9dce68e0bd0e7019aeae4fd880b770d5
master	7d52f88d880adddfa59ac73a99ee4ff79506ec06	DASHI/Core/ObserverRefinementExact.agda	758cd3f915c7fce8b00d8bdf06634f6bbd9f666be6b1a209b1a94eb520c84e16
master	7d52f88d880adddfa59ac73a99ee4ff79506ec06	DASHI/Core/OperatorTypes.agda	1aac935b9fe34bb8ef55c919e9e6e0242fa0a7373f15e37fe603c7bc044876a7
master	7d52f88d880adddfa59ac73a99ee4ff79506ec06	DASHI/Culture/Cuisine/CuisineKnowledgeEcology.agda	84ad3ae8c17c47929c731b51b44ef65dbd974102e16a67efe1f18239564a4bd4
master	7d52f88d880adddfa59ac73a99ee4ff79506ec06	DASHI/Culture/Cuisine/CuisineKnowledgeSourceAtlas.agda	eedfc0c70b7f2592cda288144e95d63ff19a85ceeeb5bdfc8de199ed744ba142
master	7d52f88d880adddfa59ac73a99ee4ff79506ec06	DASHI/Environment/EcologicalKnowledge.agda	98f26cc38b1728363b6acdeb36a834d1d6cbaddabe64f8dff1c43092ae80daa0
master	7d52f88d880adddfa59ac73a99ee4ff79506ec06	DASHI/Foundations/Base369NonaryTruthRing.agda	5c3e7a636e1b25ea8dd80d81919b683285cbf4fa29d59e56a0f0c359d8431bb6
master	7d52f88d880adddfa59ac73a99ee4ff79506ec06	DASHI/Foundations/BishopArctanCubicQuinticPolynomialExact.agda	1f306b41ac879ff323d26abcd1009a5ac1762bb161a9d2fd6288ca33bfb47341
master	7d52f88d880adddfa59ac73a99ee4ff79506ec06	DASHI/Foundations/BishopArctanHalfBallInterlacingExact.agda	6355b7b788d05e739ca3023e0309b67ff425545316fc2e1a76a2ba8bb8cdebbc
master	7d52f88d880adddfa59ac73a99ee4ff79506ec06	DASHI/Foundations/BishopConstructiveRealBridgeExact.agda	73557e74a2e24a6b803d5a6e512a53f47c8c4f1c6e18916d90ce17901b8e5cf2
master	7d52f88d880adddfa59ac73a99ee4ff79506ec06	DASHI/Foundations/BishopMachinArctanConstructionExact.agda	2636f5988b712760648d8d0fcb241143ca31d023d11f442726d1d3b9e5ff3d4a
master	7d52f88d880adddfa59ac73a99ee4ff79506ec06	DASHI/Foundations/BishopMachinPiRationalWindowExact.agda	d0e8ccd86bcd0688a2e8321aa6ac6bd9670b85abba365ce8fb79ae921a82d25b
master	7d52f88d880adddfa59ac73a99ee4ff79506ec06	DASHI/Foundations/BishopMachinRationalTangentAlgebraExact.agda	304f7b8dd3dee8c5b14c89db1899088d37693ac297c69ea114a7b24d844f05b8
master	7d52f88d880adddfa59ac73a99ee4ff79506ec06	DASHI/Foundations/BishopPowerSeriesElementaryBridgeExact.agda	f5e2d79a0e48e703d6709a49303ff3811eef94ca2842937f2ee66f098f9cfe53
master	7d52f88d880adddfa59ac73a99ee4ff79506ec06	DASHI/Foundations/CandidateIndexedFiniteRestrictionFamilyExact.agda	24a9ebd4f12575ad4da872759adba251a51ea0a197a7eccc37126e4b80863457
master	7d52f88d880adddfa59ac73a99ee4ff79506ec06	DASHI/Foundations/CarrierPromotionBoundaryCore.agda	35d0b380287b2e5d01b38e4beefeb8d37e829f80ed4b6d5061000c13c77b43e3
master	7d52f88d880adddfa59ac73a99ee4ff79506ec06	DASHI/Foundations/ComplexAxiomatic.agda	1fb815acebb864dbec4e777ea531602f2da8eb70f4892d982a376e585962d917
master	7d52f88d880adddfa59ac73a99ee4ff79506ec06	DASHI/Foundations/D4SO3RestrictionJ0To35Exact.agda	a96a6f022ba1891b0e52a2b3e9e73dd973548cc492a21afd1825b6b6795ea719
master	7d52f88d880adddfa59ac73a99ee4ff79506ec06	DASHI/Foundations/FiniteInvolutionOrbitNormalFormExact.agda	d51f3c02c327473c5ab346f03d836eb32373b6fd3bb732bd41ef125e66cb5b75
master	7d52f88d880adddfa59ac73a99ee4ff79506ec06	DASHI/Foundations/FinitePolydiscCauchyAxioms.agda	2a21c82fcaafce5b04065140561710ad87b27f1b294a8571efb37ec9b7fb5808
master	7d52f88d880adddfa59ac73a99ee4ff79506ec06	DASHI/Foundations/IcosahedralSO3RestrictionJ0To35Exact.agda	2b420fe8eaec7639c53535592052d53b4a100fcacffc0a73652e8163298caaeb
master	7d52f88d880adddfa59ac73a99ee4ff79506ec06	DASHI/Foundations/OctahedralSO3RestrictionJ0To35Exact.agda	03ee94679399167d31ad81ef68d16a514a1ffd6ddbe17897bd5bfc1ddcde52bf
master	7d52f88d880adddfa59ac73a99ee4ff79506ec06	DASHI/Foundations/PhaseQuotientNonaryGroupSeparationExact.agda	c5741cf4fc8949bf4790451e4a6e41549afc17e80b71d4f4f02534b55e6e17a5
master	7d52f88d880adddfa59ac73a99ee4ff79506ec06	DASHI/Foundations/PolyhedralFiniteRestrictionInstancesExact.agda	bb1c8dd43bab5ff6a32ff8f89f4a4aadaf1fc4c2e7436533fea8921ddd7e201f
master	7d52f88d880adddfa59ac73a99ee4ff79506ec06	DASHI/Foundations/PolyhedralFixedSpaceDerivedNonaryExact.agda	50cf41ea472c766e9bb248ae5d0eaf3b5d3da933e1d18a85c05b107a450ba85d
master	7d52f88d880adddfa59ac73a99ee4ff79506ec06	DASHI/Foundations/PolyhedralInvariantFixedSpaceSignatureExact.agda	a439b020fb4d50c3c45d463e5eab227b41624f3a3bb8391f2e0afbb543c6c0bf
master	7d52f88d880adddfa59ac73a99ee4ff79506ec06	DASHI/Foundations/TernaryEndomorphismConjugacyExact.agda	ad0b582f013c62f52cd5ccbad6901cd207f2d9acb03164a83152c2a4f163395c
master	7d52f88d880adddfa59ac73a99ee4ff79506ec06	DASHI/Foundations/TernaryEndomorphismPhaseQuotientExact.agda	368e0aee96ceded0b2909e420c2665ee2aad39b177309a35fa33371abb85ef08
master	7d52f88d880adddfa59ac73a99ee4ff79506ec06	DASHI/Foundations/TetrahedralSO3RestrictionJ0To35Exact.agda	24caa513dd698379747b46a8e6f0e5419f699c55513ad9ec5fea0a7a5eee5182
master	7d52f88d880adddfa59ac73a99ee4ff79506ec06	DASHI/Geometry/EnergyAdditivityProof.agda	50c106f2f1b084cbcc81fc3edb28e16caaf0edc536cfdea7ecc9374e025382c2
master	7d52f88d880adddfa59ac73a99ee4ff79506ec06	DASHI/Geometry/Gauge/SUNPrimitives.agda	70952748675841c7ac8e865cd60824e635f09d14d2194c025b83932e277bad29
master	7d52f88d880adddfa59ac73a99ee4ff79506ec06	DASHI/Geometry/PrimeLattice.agda	ee325a9060633ec54a067fb4494683ab2862687a8ab454ad2a0f23f02b2a4476
master	7d52f88d880adddfa59ac73a99ee4ff79506ec06	DASHI/Geometry/ScalarLawsQ.agda	c565a209d497a28e4124f9e934717db69899526e7765b79196d62a580cc288db
master	7d52f88d880adddfa59ac73a99ee4ff79506ec06	DASHI/Interop/LightCodecTransportCorrespondenceTheorem.agda	8751cf49ee5112adae38eed8b37e31c724c9fa09cb1cb28c6a43b6de6a712729
master	7d52f88d880adddfa59ac73a99ee4ff79506ec06	DASHI/Interop/LightCodecTransportDischarge.agda	736a4dad4c10d102b2b921dc30fe5618fd171747aa69df87d3a12a7e95b63716
master	7d52f88d880adddfa59ac73a99ee4ff79506ec06	DASHI/Interop/QuantumPathLightTransportAnalogyDischarge.agda	af14d09c496d977e41844445e98d3323f2cf5f9d0a0bcf67127ffa940749b21a
master	7d52f88d880adddfa59ac73a99ee4ff79506ec06	DASHI/Interop/StationaryPhaseMirrorGratingToyReceipt.agda	d6ae6a443dd4df9986262a3801971cb76a12ab9984df768792c78f3795c1f7b8
master	7d52f88d880adddfa59ac73a99ee4ff79506ec06	DASHI/Interop/UnifiedMathLanguageAssertedProofs.agda	885fe95c7a0e0967ec8fdc3eac765c14714844032d90fbf33db1b8f54b2196b9
master	7d52f88d880adddfa59ac73a99ee4ff79506ec06	DASHI/Moonshine/CandidateLevelExternalOggPredicateExact.agda	a9844b264e0aaa6d2b9e158fcf053445eead5e75f108ae4fa0bf7838dc97eaba
master	7d52f88d880adddfa59ac73a99ee4ff79506ec06	DASHI/Moonshine/CandidateLevelRepresentationHeckeSquareExact.agda	1ce5ce9c8d4add171dfb66ec259a8a8e98b4a3690445a578107ce604bdf8386f
master	7d52f88d880adddfa59ac73a99ee4ff79506ec06	DASHI/Moonshine/ConwayNortonTheorem.agda	4e44a2da33a872afa6bf1aa1e063368b29a04fb7f305d333cda6b32a8a3ff625
master	7d52f88d880adddfa59ac73a99ee4ff79506ec06	DASHI/Moonshine/GradedRepresentation.agda	506e294c00846babd2e196e2cd51f4e967e3aec973284cae8141b3ee21a7563b
master	7d52f88d880adddfa59ac73a99ee4ff79506ec06	DASHI/Moonshine/JCoefficientCharacterBridge.agda	192d885af347325df9504dc7df0b7d19617f8063996ec6d29fefe631ae4ee19f
master	7d52f88d880adddfa59ac73a99ee4ff79506ec06	DASHI/Moonshine/MonsterCharacterTableExact.agda	2fb0505ba35b6ca018ba19a6c5cf281f508a88e7380d300c4b90269e3ab99f6b
master	7d52f88d880adddfa59ac73a99ee4ff79506ec06	DASHI/Moonshine/MonsterOrderExponentCorrectionExact.agda	a9739b757d93c18ccb8403011b485d2ac7f35350b639d3ab432d576335789444
master	7d52f88d880adddfa59ac73a99ee4ff79506ec06	DASHI/Moonshine/MoonshineGroupBase.agda	615f7066133f3eb893f569e6f76108d8cdb734f32990f53ed4108a60b4b42349
master	7d52f88d880adddfa59ac73a99ee4ff79506ec06	DASHI/Moonshine/MoonshineOrbifoldWeightTwoDecompositionExact.agda	e7366ac6e438281d14b182d14c4fe3f4b56fda89b48b1eaf2ac784add408b8fd
master	7d52f88d880adddfa59ac73a99ee4ff79506ec06	DASHI/Moonshine/OggPolyhedralReductionControlExact.agda	909abeb678aad1131691e219b3bb469a6621766038ee1ddfdb6c91b8bacb5c62
master	7d52f88d880adddfa59ac73a99ee4ff79506ec06	DASHI/Moonshine/OggPrimeControlMatrixExact.agda	7772526925da957996713c4afe8e797293ccafdd95c1dde22b398a4d57a47176
master	7d52f88d880adddfa59ac73a99ee4ff79506ec06	DASHI/Moonshine/P11MarkedX2DeckCharacterSeparationExact.agda	50e44dd21d4586472d55897ba1ca4deae92a3c5f608bbf752288ef67622a6bf8
master	7d52f88d880adddfa59ac73a99ee4ff79506ec06	DASHI/Moonshine/PrimeFrickeGenusControlExact.agda	baa04f4bc5c6ff71e51b414ddffd6542751771e46db11307116f1bb6072aa722
master	7d52f88d880adddfa59ac73a99ee4ff79506ec06	DASHI/Moonshine/PrimeFrickeOrbitSaturationExact.agda	1e8783d8f637c6143507582e0251159bc6cf2f8842fce93f876aaeddb5606817
master	7d52f88d880adddfa59ac73a99ee4ff79506ec06	DASHI/Moonshine/PrimeRepresentationFrickeCouplingExact.agda	a94cd312bdcbd53b6d7d8e23243f47f8768c657309d23bd94f91d3a7792a0ba9
master	7d52f88d880adddfa59ac73a99ee4ff79506ec06	DASHI/Moonshine/RamanujanTauCandidateFingerprintJ0To35Exact.agda	6413996a55a326f25dd2aad6c7b907ad34f97e6577b46a1a099d146a1482f123
master	7d52f88d880adddfa59ac73a99ee4ff79506ec06	DASHI/Moonshine/RamanujanTauHecke23Exact.agda	7f49f6343876faf9976b58f7ec8aeb2633e130674b52d8423dcd0585e019bc95
master	7d52f88d880adddfa59ac73a99ee4ff79506ec06	DASHI/Moonshine/SSPRepresentationHeckeIntertwinerBoundaryExact.agda	33480b87b7c22988e19679f468fe9740dd032ff751e93b61d1a1ee28a50108a3
master	7d52f88d880adddfa59ac73a99ee4ff79506ec06	DASHI/Moonshine/SupersingularFrobeniusOrbitSpectrumExact.agda	61b9a3eb8baf28c2d1cddb8bfe487eebb79cf7ee5949b95516ae7aed83027457
master	7d52f88d880adddfa59ac73a99ee4ff79506ec06	DASHI/Moonshine/TwistedModuleModularity.agda	849209e809657cb780318ec05d8b7aa64e37fd6ef18ddccc9dab46c1e5cd583d
master	7d52f88d880adddfa59ac73a99ee4ff79506ec06	DASHI/Moonshine/VNaturalOrbifoldConstruction.agda	d909d9ad20f54d9ee416ac75d8d19eab015cdd0e4f2678b0cb9ff2ef146b6e14
master	7d52f88d880adddfa59ac73a99ee4ff79506ec06	DASHI/Moonshine/VertexOperatorAlgebraCore.agda	d5720596884f7f46ac5eff26089dd0fe6d95e5630803f1c529a1cb942661bcf3
master	7d52f88d880adddfa59ac73a99ee4ff79506ec06	DASHI/Ontology/Everything.agda	a8f1ef8297226ede63241a34d60c58aaf8982a0f2256fe15b25a7c395f3c9b22
master	7d52f88d880adddfa59ac73a99ee4ff79506ec06	DASHI/Papers/NavierStokes/ClaimCorpusHighestAlphaRound24.agda	75a8f75ab4dcbb16f1831cdf4923112c089fed3fd5a4b36a1c5df21ddd8457e7
master	7d52f88d880adddfa59ac73a99ee4ff79506ec06	DASHI/Papers/NavierStokes/ClayContractRound23.agda	026fb45195e549e5b13f9b56b871c5fedef821bb792028f2ee6c4829c1cfdcf1
master	7d52f88d880adddfa59ac73a99ee4ff79506ec06	DASHI/Papers/NavierStokes/CurrentTheoremInterfaceRound24.agda	78843acba47652d10c87c66d9eace95bd72f3f3b2a1f0b14f62f822a31e00457
master	7d52f88d880adddfa59ac73a99ee4ff79506ec06	DASHI/Papers/NavierStokes/CurrentTheoremInterfaceRound25.agda	3d6e3aa4f69068c2e5f6ccfff010ad5a03359f42b17e802ebde7f5e3463758f1
master	7d52f88d880adddfa59ac73a99ee4ff79506ec06	DASHI/Papers/NavierStokes/CurrentTheoremInterfaceRound26.agda	69d79943b2abd2a8a0b943471c3b36c63bb346dbac635d0c4841c5ba064331b2
master	7d52f88d880adddfa59ac73a99ee4ff79506ec06	DASHI/Papers/NavierStokes/CurrentTheoremInterfaceRound27.agda	fe8a9b6fcfe0c793ae5aad68d7b48b9b3a5b25160e1845f12f323cc986425ad0
master	7d52f88d880adddfa59ac73a99ee4ff79506ec06	DASHI/Papers/NavierStokes/CurrentTheoremInterfaceRound28.agda	2b417b06980149a7bace59a80117c68c6b3e1ca62d490506d3f84a309dbe442d
master	7d52f88d880adddfa59ac73a99ee4ff79506ec06	DASHI/Papers/NavierStokes/CurrentTheoremInterfaceRound29.agda	12d48f55f405e3cfb9521d1be89f7262d0e8cbd0765336ea934bb0ceea5c5f1b
master	7d52f88d880adddfa59ac73a99ee4ff79506ec06	DASHI/Papers/NavierStokes/DependentFlowOwnerAnalysisRound29.agda	5584994355c1da5f77bc4d01b911f7fcc1588f96c300d799a91a31918347b3b6
master	7d52f88d880adddfa59ac73a99ee4ff79506ec06	DASHI/Papers/NavierStokes/GalerkinCriticalLedgerRound26.agda	e3a560b96210b36aa88b425bda4527ab7446c4948d1804ddce8a57e078151fdc
master	7d52f88d880adddfa59ac73a99ee4ff79506ec06	DASHI/Papers/NavierStokes/PhysicalCarrierPartitionRound28.agda	6f8e6352b572231058cc4357558bb4bfa7febf4a02f7fc647b21ebef46fb3c63
master	7d52f88d880adddfa59ac73a99ee4ff79506ec06	DASHI/Papers/NavierStokes/PhysicalCarrierSupportRound25.agda	d69f57d667558ae3656b30c01b8a17d6d611f6779a193d33fee5e84fdffe9a43
master	7d52f88d880adddfa59ac73a99ee4ff79506ec06	DASHI/Papers/NavierStokes/PhysicalGalerkinConcreteRound30.agda	098f161f9dad510a323e1c47b7b24cf43381a55de4fdf8cefa470b35956c703c
master	7d52f88d880adddfa59ac73a99ee4ff79506ec06	DASHI/Papers/NavierStokes/PhysicalGalerkinFlowRound30.agda	2821ed7dc75ec800d4e167cd54ddf4b4ef1655282bda005f9d381194f4ff9a97
master	7d52f88d880adddfa59ac73a99ee4ff79506ec06	DASHI/Papers/NavierStokes/ProjectorOperatorCoreRound27.agda	8b0cb520d47669011b06d66b5405e12aa1583e24dfbd9ce401d616b30a20b31f
master	7d52f88d880adddfa59ac73a99ee4ff79506ec06	DASHI/Papers/NavierStokes/TheoremInterface.agda	ab84b0854c6e55de4d0f87d11d28c307e6110d038adade184a531ed1ad77e655
master	7d52f88d880adddfa59ac73a99ee4ff79506ec06	DASHI/Papers/NavierStokes/TheoremInterfaceRound103Exact.agda	5e5337398cc3520024f3e9fc26c2b98bde586347a6672a06566f7b21fff808a4
master	7d52f88d880adddfa59ac73a99ee4ff79506ec06	DASHI/Papers/NavierStokes/TheoremInterfaceRound104Exact.agda	a06fd86106afa85094ace946cd48d5307fb0d850e693aaedd3c20b94d6c589d9
master	7d52f88d880adddfa59ac73a99ee4ff79506ec06	DASHI/Papers/NavierStokes/TheoremInterfaceRound105Exact.agda	a24e04abdb9ee7438db6ce3cd88d0cf58dde0bc8306354c38e34f80315fe94c3
master	7d52f88d880adddfa59ac73a99ee4ff79506ec06	DASHI/Papers/NavierStokes/TheoremInterfaceRound53.agda	7baab80cd2b7d2dc949490db2ccb8508fde6d350d9dae7f4407388f74c0e3d9d
master	7d52f88d880adddfa59ac73a99ee4ff79506ec06	DASHI/Papers/NavierStokes/TheoremInterfaceRound63Exact.agda	3a0da32ac01b4265ea0941b726690ecacfe6a097460da1627b448e54adf836ab
master	7d52f88d880adddfa59ac73a99ee4ff79506ec06	DASHI/Papers/NavierStokes/TheoremInterfaceRound64Exact.agda	39c1418aa20850511d9d8a6e379f60d0a241e9460a9b51a0b3ca0aadea3839d6
master	7d52f88d880adddfa59ac73a99ee4ff79506ec06	DASHI/Papers/NavierStokes/TheoremInterfaceRound65Exact.agda	c7968fa30e088e9cd51fe9f61ee45fac855d98636c436d4533277d630161bedf
master	7d52f88d880adddfa59ac73a99ee4ff79506ec06	DASHI/Papers/NavierStokes/TheoremInterfaceRound66Exact.agda	c43dad3be5c73d2e642317ffd7143aeb61e18a9ebeb0c7e19c9fa2b107261b64
master	7d52f88d880adddfa59ac73a99ee4ff79506ec06	DASHI/Papers/NavierStokes/TheoremInterfaceRound67Exact.agda	e7dd004fa36d4221d8291e71a1d9484e1f73b199f4db765b0fe094e1f220318d
master	7d52f88d880adddfa59ac73a99ee4ff79506ec06	DASHI/Papers/NavierStokes/TheoremInterfaceRound69Exact.agda	3c35e07953ba7dae0f6eb48ee5e2a722dda7249d8881f88538a1d100fe52e1a6
master	7d52f88d880adddfa59ac73a99ee4ff79506ec06	DASHI/Papers/NavierStokes/TheoremInterfaceRound70Exact.agda	37f71ad212f108976d5a5d6d940fe42b7a3f015d0664d74f4c409a4335cc0457
master	7d52f88d880adddfa59ac73a99ee4ff79506ec06	DASHI/Papers/NavierStokes/TheoremInterfaceRound71Exact.agda	6af2ecf8c5f3859295da4c1cc62db5a1f6a8f74830df1a2518e8bbf7c48bdcda
master	7d52f88d880adddfa59ac73a99ee4ff79506ec06	DASHI/Papers/NavierStokes/TheoremInterfaceRound72Exact.agda	61cd4b0e78c4c087b3e6ad4faf7345498bc29863a4bc458db81dcd494e0e5040
master	7d52f88d880adddfa59ac73a99ee4ff79506ec06	DASHI/Papers/NavierStokes/TheoremInterfaceRound73Exact.agda	0df1ebbda7e7420139e15082613be7380ef6a772fcf76e3544f7dfff44a5c5b4
master	7d52f88d880adddfa59ac73a99ee4ff79506ec06	DASHI/Papers/NavierStokes/TheoremInterfaceRound74Exact.agda	167925c3d2d703e3f84df06f14170b8b2d46f34d0004bfb40caa66c2fb815781
master	7d52f88d880adddfa59ac73a99ee4ff79506ec06	DASHI/Papers/NavierStokes/TheoremInterfaceRound76Exact.agda	e2e083a248f68432876eccf01e11f914d3886c2a6c685d40f7ee9316554a3e2f
master	7d52f88d880adddfa59ac73a99ee4ff79506ec06	DASHI/Papers/NavierStokes/TheoremInterfaceRound77Exact.agda	b092a895821a11916b920e85819e34ab51c08f53e54a07809e11d40051f9413a
master	7d52f88d880adddfa59ac73a99ee4ff79506ec06	DASHI/Papers/NavierStokes/TheoremInterfaceRound78Exact.agda	b2655fb90198d216357d21c7384242e690457bca3682080567d1e79d2559a21f
master	7d52f88d880adddfa59ac73a99ee4ff79506ec06	DASHI/Papers/NavierStokes/TheoremInterfaceRound79Exact.agda	28f12448f7ab1ea835170948a5d92eede6b2c731b1f7cf49921eba0fb0bf7622
master	7d52f88d880adddfa59ac73a99ee4ff79506ec06	DASHI/Papers/NavierStokes/TheoremInterfaceRound80Exact.agda	0ed44148b4b51db9760633abfa90df2686cf768c60bf11397cb3f3f8377e3f82
master	7d52f88d880adddfa59ac73a99ee4ff79506ec06	DASHI/Papers/NavierStokes/TheoremInterfaceRound82Exact.agda	b0adaee4d85b2c0cd92950e58f4fff36d2676003116b68ef225174249e069c6a
master	7d52f88d880adddfa59ac73a99ee4ff79506ec06	DASHI/Papers/NavierStokes/TheoremInterfaceRound83Exact.agda	25e645ea53e39a86d0c550a217f4a4385de88e2ab93381fa7992ec99e5618ddf
master	7d52f88d880adddfa59ac73a99ee4ff79506ec06	DASHI/Papers/NavierStokes/TheoremInterfaceRound86Exact.agda	c1e5ac1dc16cf828e464a07b54511a48cfcd2c6be6277e6d58365aa3109dbda8
master	7d52f88d880adddfa59ac73a99ee4ff79506ec06	DASHI/Papers/NavierStokes/TheoremInterfaceRound90Exact.agda	6dc1f52c82bd5b55105723a7e39008ab35a953b6fdcd2c824e6a92c0ee617966
master	7d52f88d880adddfa59ac73a99ee4ff79506ec06	DASHI/Philosophy/ProcessOntology.agda	96ba140213ef196ce29491d8eb81db8365ae71565e8ca7a9db5e2ab71f20a980
master	7d52f88d880adddfa59ac73a99ee4ff79506ec06	DASHI/Physics/BianchiEinsteinAssumptions.agda	eb15f4a807141cd89b612505973d0f2790d806480b12660797e0f1d71a8fa562
master	7d52f88d880adddfa59ac73a99ee4ff79506ec06	DASHI/Physics/ClaySupportingElementaryLemmas.agda	851aeb3581b184784909d245957b8043d95376414b09a99f85bd85dd88f49cda
master	7d52f88d880adddfa59ac73a99ee4ff79506ec06	DASHI/Physics/ClaySupportingForcedTailRowColumnBounds.agda	9b47a17f7a2242eec19ffd6b1837c620848b1fa3cc80003b71f7d17fec0862b9
master	7d52f88d880adddfa59ac73a99ee4ff79506ec06	DASHI/Physics/ClaySupportingGraphCombinatorics.agda	9f257ebde06724944af9d993ddeead61ecdb1f97452433218b7d472b7796ebdd
master	7d52f88d880adddfa59ac73a99ee4ff79506ec06	DASHI/Physics/ClaySupportingPolymerCounting.agda	0a6321a5ca7f0d9767f45e4b510247c225caabe6ac379c13565d261355615808
master	7d52f88d880adddfa59ac73a99ee4ff79506ec06	DASHI/Physics/ClaySupportingResidualDomination.agda	da3e098565e786c9b90c01de96dc31da7cdbdb87b69516049c7bdbb85d59d72a
master	7d52f88d880adddfa59ac73a99ee4ff79506ec06	DASHI/Physics/ClaySupportingSchurOperatorBound.agda	46f7abb76234360f5eff73c312eb216fa5b8e01836e61e15f9375cc755962dbf
master	7d52f88d880adddfa59ac73a99ee4ff79506ec06	DASHI/Physics/ClaySupportingSpanningTreeEncoding.agda	3b94470fc69438b7c0b8cba8a3e2213d76ed518352d7bb62430bb77fa663b95a
master	7d52f88d880adddfa59ac73a99ee4ff79506ec06	DASHI/Physics/Closure/AdapterIrreducibilityNoGoIndex.agda	3a2f63ef3f4a5e0b7905d050d8b24d320c48e5dd3d7c250e39f0881bc7243b43
master	7d52f88d880adddfa59ac73a99ee4ff79506ec06	DASHI/Physics/Closure/AdelicWilsonLoopReceipt.agda	a578fd82e9d7f6da1a558023ee9583de6984767326b7890a60c524f2b072f9de
master	7d52f88d880adddfa59ac73a99ee4ff79506ec06	DASHI/Physics/Closure/AdjacentOnlyVortexStretchingReceipt.agda	a3b2a9e90f88c4eed9c07b34c915cd6d234408d8f3c3e21a062c6201cd8e15ca
master	7d52f88d880adddfa59ac73a99ee4ff79506ec06	DASHI/Physics/Closure/AtomFifteenVarsReceipt.agda	2ca444e9c02c3003d251d047818e087e9150580ddce992d69df9ac4a9792504d
master	7d52f88d880adddfa59ac73a99ee4ff79506ec06	DASHI/Physics/Closure/BTNSBoundaryDefectLeakageTarget.agda	19c00bc76c547d04b4eb00fa4851669d4a46a6034ffa6c9c2fe43d3482fadabb
master	7d52f88d880adddfa59ac73a99ee4ff79506ec06	DASHI/Physics/Closure/BernsteinInequalityPrimeBandReceipt.agda	847cf0d862843482b9bb4c1eda7ea759640029a4c1901290e022a0fe63b50762
master	7d52f88d880adddfa59ac73a99ee4ff79506ec06	DASHI/Physics/Closure/BiunitaryDiagonalization3x3.agda	83b5a4d0cbb0b57bca1da820eca688b52692cf7fc212cacd4080969ecec0b037
master	7d52f88d880adddfa59ac73a99ee4ff79506ec06	DASHI/Physics/Closure/BruhatTitsHolographicCoordinateBoundary.agda	b4a6e9b06e0c90feccd04a6e09b79c30270c858fa909bfe1995f1bbb26eced5f
master	7d52f88d880adddfa59ac73a99ee4ff79506ec06	DASHI/Physics/Closure/CKMCarrierDerived.agda	501add9ade4c1eaa219ce3f20ab463ef2dd637bc56ba0602f15b735d9dc1ca31
master	7d52f88d880adddfa59ac73a99ee4ff79506ec06	DASHI/Physics/Closure/CKMCarrierMixingReceipt.agda	e2398cceaa20a9de886ee6d7f229d9a4d6c3fd5d111a7f647a64a24e54798263
master	7d52f88d880adddfa59ac73a99ee4ff79506ec06	DASHI/Physics/Closure/CKMEntryField.agda	73ff0c732ad4942920777a60372bf5e0e62d809ce7caa885fdffd75405a93410
master	7d52f88d880adddfa59ac73a99ee4ff79506ec06	DASHI/Physics/Closure/CKMExactWitnesses.agda	178305cc5c81ca9477b8cc5ae12a92fb876dd106fc820d54f49e9423df6da700
master	7d52f88d880adddfa59ac73a99ee4ff79506ec06	DASHI/Physics/Closure/CKMUnitarityFromCarrier.agda	0eec7d05b1159ef3e6db4a1937aeeaad25cd5541e885cea8123063966e73411c
master	7d52f88d880adddfa59ac73a99ee4ff79506ec06	DASHI/Physics/Closure/CarrierAreaLawBalabanSeedReceipt.agda	c78902400b016cbccc84195966d9a03ea7de608654323e1a1cf5e1689c2a0989
master	7d52f88d880adddfa59ac73a99ee4ff79506ec06	DASHI/Physics/Closure/CarrierAreaLawTheoremReceipt.agda	26d45f725bfa597307b680b045a525309243b87ba05bc33be8dc83ba9685a84e
master	7d52f88d880adddfa59ac73a99ee4ff79506ec06	DASHI/Physics/Closure/CarrierBalabanInductiveStepReceipt.agda	31abd49e8a840dd95b58b84b4c67a531f3e66ad41c0e0a1fcccbd7e96564c45c
master	7d52f88d880adddfa59ac73a99ee4ff79506ec06	DASHI/Physics/Closure/CarrierEnergyToMassShellReceipt.agda	c5befa3ceacef81550093975a0e2c6b8137f7f1eac787b01df5c06ce666b4338
master	7d52f88d880adddfa59ac73a99ee4ff79506ec06	DASHI/Physics/Closure/CarrierMoscoConvergenceFromPhysicsReceipt.agda	effdce0b0ee72c9eddad1ad589cf56b394b31d1ca914ad31dbecd65e6bcff5d8
master	7d52f88d880adddfa59ac73a99ee4ff79506ec06	DASHI/Physics/Closure/CarrierOS3ReflectionPositivityReceipt.agda	3b7ca71cfa1cb3c3afd1cc9284f75592365b19529fd60460f633f3bf88717586
master	7d52f88d880adddfa59ac73a99ee4ff79506ec06	DASHI/Physics/Closure/CarrierToPhysicsInterpretationFunctor.agda	6de8b0334bbc4929e487e83e33738dc03fb72bc82df27114996e570152cace97
master	7d52f88d880adddfa59ac73a99ee4ff79506ec06	DASHI/Physics/Closure/CarrierYukawaRatioTargetReceipt.agda	9595fa1b8b684e7873795a76a601e9271e7e596a92c36627906480e9d4c85efe
master	7d52f88d880adddfa59ac73a99ee4ff79506ec06	DASHI/Physics/Closure/CheckerboardUltrametricBridgeReceipt.agda	5f954032fd8c58f80cec5aac49a948f184d394329534fcff1e632ac7854f5ee2
master	7d52f88d880adddfa59ac73a99ee4ff79506ec06	DASHI/Physics/Closure/ClayBlockerAsymmetryReceipt.agda	bb7385d161473769033eeb7bc3549b357e688aefb414ee5d618efc1ea703f79b
master	7d52f88d880adddfa59ac73a99ee4ff79506ec06	DASHI/Physics/Closure/ClayNSCurrentStateReceipt.agda	69e2450e68f3e904cead317202ff2e555b1410df98886033ed7137743eadb0f1
master	7d52f88d880adddfa59ac73a99ee4ff79506ec06	DASHI/Physics/Closure/ClayNSProofRoadmapReceipt.agda	dcb941e5d9e4b31cf7da3629b0bdeb1ec7ab323111bf966dc6362548a0df9bca
master	7d52f88d880adddfa59ac73a99ee4ff79506ec06	DASHI/Physics/Closure/ClopenHolographicEffectiveFieldTheoryBoundary.agda	37e82672815405634e80a76c7f5840adbe384b87156d9df591e3bfe571ee8786
master	7d52f88d880adddfa59ac73a99ee4ff79506ec06	DASHI/Physics/Closure/DangerScaleEdgeConservationReceipt.agda	53fa1d23368c84a27a0b276122670929faa39e16a875d5fac139c88ef5470cff
master	7d52f88d880adddfa59ac73a99ee4ff79506ec06	DASHI/Physics/Closure/DashiCFDThetaRuntimeDiagnosticReceipt.agda	fda3fc1420ff96a1a611c53d816f14dad69b925fb7029f9fd9db02bb464bb7d9
master	7d52f88d880adddfa59ac73a99ee4ff79506ec06	DASHI/Physics/Closure/DialecticalCarrierSevenSevenOneReceipt.agda	c7b7a04c822bcecd3432f1eb9c382cf2a3aaa0ac14aaf022565aba9ed87febea
master	7d52f88d880adddfa59ac73a99ee4ff79506ec06	DASHI/Physics/Closure/DialecticalModulusLadderReceipt.agda	ac15c5b5e2a7ea378db0c1402d646e48cf1bc79d2fd5990082d5b8e85a3cff39
master	7d52f88d880adddfa59ac73a99ee4ff79506ec06	DASHI/Physics/Closure/DiscreteBianchiIdentitySurface.agda	11858629171926293d2818d4949e7e94c969730b0f892cbd2790e8fa4c74d224
master	7d52f88d880adddfa59ac73a99ee4ff79506ec06	DASHI/Physics/Closure/DistributedTensionFieldReceipt.agda	683870344243e9a1d43e65fe9a5f44f1d1f4bd345b1b9e69b98068b27c76b929
master	7d52f88d880adddfa59ac73a99ee4ff79506ec06	DASHI/Physics/Closure/DrosophilaGenomeW4CandidateAuthorityReceipt.agda	4970f84fef8aa3cb263b577a4d02a7b6d954c548f80a4a6c40b17f039a3dbe80
master	7d52f88d880adddfa59ac73a99ee4ff79506ec06	DASHI/Physics/Closure/DyadicTriadicOrthogonalityByEquidistributionReceipt.agda	f406c7bdbef562a153237ac40d7fd9246f0138c93dde70400bcf0104a77317af
master	7d52f88d880adddfa59ac73a99ee4ff79506ec06	DASHI/Physics/Closure/DyadicTriadicScale1InnerProduct.agda	43881875fa79502d8c039a40629c35293e0f049d2fa3c5be6b0c3efd96941a9f
master	7d52f88d880adddfa59ac73a99ee4ff79506ec06	DASHI/Physics/Closure/ExternalAuthorityImportCore.agda	3e678041dd964391a1b7f2a9218ad840077d12883c492bdc6180299c1b480867
master	7d52f88d880adddfa59ac73a99ee4ff79506ec06	DASHI/Physics/Closure/FrameBoundByOperatorNormReceipt.agda	6304f32e5f98d280ca274a5328b7ea42ffa9444c704856b3bdbe456be93fa213
master	7d52f88d880adddfa59ac73a99ee4ff79506ec06	DASHI/Physics/Closure/FriendshipCarryAbsorptionReceipt.agda	99517a8cdd9371fa99cc78bb1171d365adcb2e48566284b25e9c5ff74940029e
master	7d52f88d880adddfa59ac73a99ee4ff79506ec06	DASHI/Physics/Closure/FullUnificationJoinedLaneTableReceipt.agda	5d6091726ce34619c82b253fa6e0f30ad413b2d97699351e8a253aacb6be4427
master	7d52f88d880adddfa59ac73a99ee4ff79506ec06	DASHI/Physics/Closure/FullUnificationPublicationRoadmapReceipt.agda	194217d9a4812691b603f5096a51ddd6917d5cd21500af677669ecee63ce09aa
master	7d52f88d880adddfa59ac73a99ee4ff79506ec06	DASHI/Physics/Closure/G2PrimeLatticeCoefficientBridge.agda	3815104cd182c616458b5a8e1140ff275524b574043b7ae31de88f60b10e5f97
master	7d52f88d880adddfa59ac73a99ee4ff79506ec06	DASHI/Physics/Closure/G2SFGCPrimeLatticeOrbit.agda	e479ed482259259b141b092cd039ceaca488386c27c253a6d889fc455d1bb0a4
master	7d52f88d880adddfa59ac73a99ee4ff79506ec06	DASHI/Physics/Closure/G3ContractionCarrier.agda	1aab8292ddde9b4e03df696967db83fece1de0431b810758eeb25b393cec26b4
master	7d52f88d880adddfa59ac73a99ee4ff79506ec06	DASHI/Physics/Closure/G3PoincareGalileiCarrierChain.agda	c9750e02038c128e5a7e4c39d6ea5d8752cc3f573fe3b0984b87f6e33673af13
master	7d52f88d880adddfa59ac73a99ee4ff79506ec06	DASHI/Physics/Closure/G3SelectedCarrierInstance.agda	8d4b2ab5b24c0c61544d1ecdb6e9b161198065365145e4ab6728c5157a49dd42
master	7d52f88d880adddfa59ac73a99ee4ff79506ec06	DASHI/Physics/Closure/GRDiscreteBianchiFiniteR.agda	3a2c44a8699833b77c3c70a53af45fe8e840ea593952421dd6a51575c86aadc8
master	7d52f88d880adddfa59ac73a99ee4ff79506ec06	DASHI/Physics/Closure/GRDiscreteRicciCandidateFromCurvature.agda	49b3bff3e449979a1a083ce40f1676dd13caf15da04bb4de3b504ce9313e0d10
master	7d52f88d880adddfa59ac73a99ee4ff79506ec06	DASHI/Physics/Closure/GRFirstOrderGravityScope.agda	d6409a12868628e9fd27569929272ae24e3451c2a1d9266f9e598d89af1ee0ab
master	7d52f88d880adddfa59ac73a99ee4ff79506ec06	DASHI/Physics/Closure/GRQFTConsumerNextObligationV2.agda	8412130d3902aace0a31826d4449a8ec11b8b6ee24d6060c7abda35001ed3cc0
master	7d52f88d880adddfa59ac73a99ee4ff79506ec06	DASHI/Physics/Closure/GRSelectedNonFlatMetricInstance.agda	2c30e6520c34f4890dd89c679fa0aacec9d5aad856bce7fe7bb3d3ec143a966a
master	7d52f88d880adddfa59ac73a99ee4ff79506ec06	DASHI/Physics/Closure/Gate3AdelicLocalizationReductionReceipt.agda	bb0a61f0147ed0c9da869a35b4af3ebad1c50d792148331c1c12c6a14e86e047
master	7d52f88d880adddfa59ac73a99ee4ff79506ec06	DASHI/Physics/Closure/Gate3AdelicSobolevNormBindingReceipt.agda	3905d0d6561c5a68f47bc70e8a9df744e8787430b39797b902477c189bc12265
master	7d52f88d880adddfa59ac73a99ee4ff79506ec06	DASHI/Physics/Closure/Gate3AtomSamplerPAWOTGQualityReceipt.agda	02665df3e2694f5260e8fb6338c12911084cdd5ef69d2db18840148e7c015644
master	7d52f88d880adddfa59ac73a99ee4ff79506ec06	DASHI/Physics/Closure/Gate3DigitExpansionPAWOTGPartialResultReceipt.agda	60e7edb9de3dfc434f2e71679225b1d6a1a48d0f31a1323a0948ab6604d90056
master	7d52f88d880adddfa59ac73a99ee4ff79506ec06	DASHI/Physics/Closure/Gate3FiniteCutoffFrameLowerBoundProofReceipt.agda	b912ff9df174307a9b38d4bb7da83c603cfaf2cac6f715c83b0bd5702d8c7278
master	7d52f88d880adddfa59ac73a99ee4ff79506ec06	DASHI/Physics/Closure/Gate3GershgorinFiniteFrameBoundReceipt.agda	e276925e571dc32cd1d1ffe5ece0179f6dcb29bad070d575966791b60dfa8c14
master	7d52f88d880adddfa59ac73a99ee4ff79506ec06	DASHI/Physics/Closure/Gate3MoscoConstructiveSequenceReceipt.agda	28a5548081b297e596896a0af32d8e1df6cfa2f49b1936c8aea6c0a9d1e7f9b9
master	7d52f88d880adddfa59ac73a99ee4ff79506ec06	DASHI/Physics/Closure/Gate3MoscoRecoveryPreciseReceipt.agda	37511582dc105776fae59b4bb67f9ecacb5e283b5e98cc23258eaa3f1cc62fd1
master	7d52f88d880adddfa59ac73a99ee4ff79506ec06	DASHI/Physics/Closure/Gate3NestingTaperConditionReceipt.agda	b3281aea11e8da9e54995d0685744c3f66060e3687e35eb5051b1c2b6e6bb35f
master	7d52f88d880adddfa59ac73a99ee4ff79506ec06	DASHI/Physics/Closure/Gate3NoSpectralPollutionConditionalProofReceipt.agda	3a3226686163388170e5b7be892ad65227d67b3f9fba290474b94ce116ba8429
master	7d52f88d880adddfa59ac73a99ee4ff79506ec06	DASHI/Physics/Closure/Gate3NoSpectralPollutionReceipt.agda	7a40db15d0147d5b079d18c885927c73f28b32d7e553f6013d93c0ebe65d7743
master	7d52f88d880adddfa59ac73a99ee4ff79506ec06	DASHI/Physics/Closure/Gate3NormDictionaryReceipt.agda	ed0d3a7138273ebbb28eba19ae87f2b57ddfa0e7f8af68f633b3928938ed4d81
master	7d52f88d880adddfa59ac73a99ee4ff79506ec06	DASHI/Physics/Closure/Gate3PAWOTGConcreteConditionReceipt.agda	2d6bbb9d8c0cb284783c8684a769640c7078d0e86a85af3e8be75801ebe609d1
master	7d52f88d880adddfa59ac73a99ee4ff79506ec06	DASHI/Physics/Closure/Gate3PAWOTGUniformSeparationTargetReceipt.agda	ff5f1aceb3b0589266dd9f1456bd2c3bf6337212e81ca369999a0dfc29af832b
master	7d52f88d880adddfa59ac73a99ee4ff79506ec06	DASHI/Physics/Closure/Gate3ScaleGraphBarrierInstantiationReceipt.agda	443a70f0407e764b1d441181cf3a5db12b30f90b24f635878dd099d62a7cbf86
master	7d52f88d880adddfa59ac73a99ee4ff79506ec06	DASHI/Physics/Closure/Gate3UniformLowerBoundObstructionReceipt.agda	e3169d16dcebcaeffab39895377039effc43933bd4244ec80de9b353c116923b
master	7d52f88d880adddfa59ac73a99ee4ff79506ec06	DASHI/Physics/Closure/GramMatrix2x3BoundsReceipt.agda	162805172c04837248af64f9531f0ab92bafafb58ae6f05a6e70995db83a571e
master	7d52f88d880adddfa59ac73a99ee4ff79506ec06	DASHI/Physics/Closure/GramMatrixSpectrumBoundReceipt.agda	c7cd52b83e8c4d15ec1fe899b1acd33f519ede1511bf6abee23b0cc7c9bde9a8
master	7d52f88d880adddfa59ac73a99ee4ff79506ec06	DASHI/Physics/Closure/GramOperatorNormComputationReceipt.agda	38af1572a997d6814652e41c51168b4c51c9cf26f6e33b7b770f3fc040af1add
master	7d52f88d880adddfa59ac73a99ee4ff79506ec06	DASHI/Physics/Closure/HaarFrameBoundsReceipt.agda	7dbfa57b5e8c81481fea121f99bfc0827302659d191ece39eff66ed7bb625cfd
master	7d52f88d880adddfa59ac73a99ee4ff79506ec06	DASHI/Physics/Closure/HaarMutualCoherenceReceipt.agda	11f0838d1dfe2c4f3955ed4957436235c15e12d07e172f60fd6c14dc3053175f
master	7d52f88d880adddfa59ac73a99ee4ff79506ec06	DASHI/Physics/Closure/HeckeCarrierVsCMSplittingReceipt.agda	4b8fafb31f7ba8571a6ca167354e5b8ffcc3a489dae24fca27bebd522f8037c2
master	7d52f88d880adddfa59ac73a99ee4ff79506ec06	DASHI/Physics/Closure/HilbertSchmidtBoundGramReceipt.agda	261366374ac4bf956b7a1d81092645dbec6731bfaf290d84022037beed1c7a1c
master	7d52f88d880adddfa59ac73a99ee4ff79506ec06	DASHI/Physics/Closure/ITIRPNFPressureUnificationSupportReceipt.agda	4324b433dfe2577226dafdbcb4d3b857aaa7792cf5afed8f0212c5841f5e5b54
master	7d52f88d880adddfa59ac73a99ee4ff79506ec06	DASHI/Physics/Closure/KPCouplingObstructionReceipt.agda	04faa3efb22683585f22139d06585e3aae1ef35531f84b14069f466106b51853
master	7d52f88d880adddfa59ac73a99ee4ff79506ec06	DASHI/Physics/Closure/KPUniformVolumeBoundReceipt.agda	fb28ece6a0c8a013a00e02f2019c045b4016b6a55545c11b3fa5f4b214f8f9b7
master	7d52f88d880adddfa59ac73a99ee4ff79506ec06	DASHI/Physics/Closure/KeyTermCorrespondenceIndexReceipt.agda	43f4bac3c3753a58eccbe0250d1904afacf790f8e98d08e3141930b4442dca90
master	7d52f88d880adddfa59ac73a99ee4ff79506ec06	DASHI/Physics/Closure/LightTransportFibreClosure.agda	b0a7f6cbb1bbf4e8d38fa7e2b298a6d9a0cec3817a95592e4deeb6da9f2a8c52
master	7d52f88d880adddfa59ac73a99ee4ff79506ec06	DASHI/Physics/Closure/LocalDocs369UnificationSupportReceipt.agda	5243fc3831979af3e681b5e7fecd0e975f3524a0072ecd53f63864c53f7f6379
master	7d52f88d880adddfa59ac73a99ee4ff79506ec06	DASHI/Physics/Closure/MarginInvariantProgrammeFrontierReceipt.agda	99dd7765a8cfc0b018e96a18077b963c3f0ea6e2ed45b70fde0219b77206cbe5
master	7d52f88d880adddfa59ac73a99ee4ff79506ec06	DASHI/Physics/Closure/MillenniumTowerNavierStokesInstanceReceipt.agda	7e0641cfcc62fb4a54a50fc7059f341308b85e11d2c842cbccff0bdcf5c7208b
master	7d52f88d880adddfa59ac73a99ee4ff79506ec06	DASHI/Physics/Closure/MonsterMoonshineJDistributionSupportReceipt.agda	d332ccefb87234019ee45650bd96ffcc9f38f40c6e921cfac4a11613ca5732d2
master	7d52f88d880adddfa59ac73a99ee4ff79506ec06	DASHI/Physics/Closure/MonsterMoonshineSSPQuotientControlReceipt.agda	6767dd234408919de3e5f32190ce6cd30caa148137e6ff0a81bc9cf4b548bbd0
master	7d52f88d880adddfa59ac73a99ee4ff79506ec06	DASHI/Physics/Closure/MutualOrthogonalityGeneralProofReceipt.agda	7bf157d8fa3a450bd5437ada326a126814f8513f571d84d4e2acf953c20a7a2a
master	7d52f88d880adddfa59ac73a99ee4ff79506ec06	DASHI/Physics/Closure/NSA4ExceptionalMassCompositeBoundary.agda	2d150775e20540ffbb550eee8afa49d8c9e50586fc6a8c146480f2d741952025
master	7d52f88d880adddfa59ac73a99ee4ff79506ec06	DASHI/Physics/Closure/NSA4NoAngularCollapseTransferCompositeBoundary.agda	b0a675dc21c7c032f6321aca99db83c4cc8b92c59bbf4c6a37bbd32d30fdff2f
master	7d52f88d880adddfa59ac73a99ee4ff79506ec06	DASHI/Physics/Closure/NSA4ResidualPositiveAfterErrorsBoundary.agda	3b056109d79da9e620ce46266096181fa194683aa9d0fcd6090a1c304c041d7a
master	7d52f88d880adddfa59ac73a99ee4ff79506ec06	DASHI/Physics/Closure/NSA4ResidualPositiveTheoremLadderBoundary.agda	4caa0d2f9b1163b0925cba33f1aee4e3dfaf87855cb437174b14cab2bea00e98
master	7d52f88d880adddfa59ac73a99ee4ff79506ec06	DASHI/Physics/Closure/NSA4ToA6TransferLadderBoundary.agda	621aea250a4adb2b6d976acf629cc4210f373695d6ff0873fdcbb2e6e62b4c30
master	7d52f88d880adddfa59ac73a99ee4ff79506ec06	DASHI/Physics/Closure/NSA4UniformErrorBudgetCompositeBoundary.agda	e91fa5822ee6b56bb0081590e1121c1be4f829915eaa62340eb74e815b63566b
master	7d52f88d880adddfa59ac73a99ee4ff79506ec06	DASHI/Physics/Closure/NSA6A4BiasToLeakageClosureCompositeBoundary.agda	7784a0aa86330ca6209001821cd1a6727dc360f1368cc5b58508f29a947f2b38
master	7d52f88d880adddfa59ac73a99ee4ff79506ec06	DASHI/Physics/Closure/NSA6ErrorBudgetCompositeBoundary.agda	12fd1f3669618a29a55177e102762d70ab16e759e679f35599407147de25b601
master	7d52f88d880adddfa59ac73a99ee4ff79506ec06	DASHI/Physics/Closure/NSA6TheoremLadderBoundary.agda	c3635a822f12759a7d3b8dc62394414523793ff2e22e4e3f3ff4359f1b98771e
master	7d52f88d880adddfa59ac73a99ee4ff79506ec06	DASHI/Physics/Closure/NSA7ResidualDepletionGronwallBoundary.agda	fb6b62b1c8ea9d0cee7bb2eb08a4811a853f974603c68d2d738be01d26e2c4b6
master	7d52f88d880adddfa59ac73a99ee4ff79506ec06	DASHI/Physics/Closure/NSA8FullLocalDefectMonotonicityBoundary.agda	85987281b99befe81577660c41fcb65191bcf6ce6323ae95793dad26a18171a2
master	7d52f88d880adddfa59ac73a99ee4ff79506ec06	DASHI/Physics/Closure/NSA9CKNBKMClosureBoundary.agda	694af3cbcdb89e577b465bb40ddf93f213a0fb8461345f24222a109654064932
master	7d52f88d880adddfa59ac73a99ee4ff79506ec06	DASHI/Physics/Closure/NSAbelShellMixingLLNBoundary.agda	96ec7127c01b7f920871cc6e6c0a4c9cadefd5a5860edcb8933a02ad288d7270
master	7d52f88d880adddfa59ac73a99ee4ff79506ec06	DASHI/Physics/Closure/NSAbelTriadicDefectMeasureConstructionBoundary.agda	be9f49e792e0f01baf48352a3ab3051e289c5ebd52609ef059d7e4ac44c7d7f9
master	7d52f88d880adddfa59ac73a99ee4ff79506ec06	DASHI/Physics/Closure/NSAbelTriadicStationarityConstructionBoundary.agda	9657df0047ba96b8cf960d4442ff4eb836f0d36a4f7684274d2cbec7ddd5f367
master	7d52f88d880adddfa59ac73a99ee4ff79506ec06	DASHI/Physics/Closure/NSAdjacentShellLeakageBoundReceipt.agda	f7a1463bfa83fe9467a339300e9b92dd9e3749be48fea76330bb605ac7fec095
master	7d52f88d880adddfa59ac73a99ee4ff79506ec06	DASHI/Physics/Closure/NSAlternativeApproachSurveyReceipt.agda	4753094206ace191c886300852036a90aeeb5905acea45965b68a3f1c39bcfba
master	7d52f88d880adddfa59ac73a99ee4ff79506ec06	DASHI/Physics/Closure/NSAntipodalTubeNullMassBoundary.agda	9e6409a55a10999a90a945912be66e739f7561cf1927aba015f2660cb0a08b21
master	7d52f88d880adddfa59ac73a99ee4ff79506ec06	DASHI/Physics/Closure/NSBiotSavartShellLocalizationBoundary.agda	1ad9d5584d3303b05cfe4e04a59749e4748bb2cbd7533bcfe09e5719e15d2b10
master	7d52f88d880adddfa59ac73a99ee4ff79506ec06	DASHI/Physics/Closure/NSBiotSavartStrainMeanSquareExactFormulaBoundary.agda	864f7cb6c5aeab32957164c7b6822af87de5663ee68cee468d26707ce7958b97
master	7d52f88d880adddfa59ac73a99ee4ff79506ec06	DASHI/Physics/Closure/NSBonyLipschitzAngularPushforwardBoundary.agda	c672dc9ddca38f5388509d82724f73fa395602aebfcc9851fa57d9f6a2b8e85b
master	7d52f88d880adddfa59ac73a99ee4ff79506ec06	DASHI/Physics/Closure/NSBonyParaproductA6RepairBoundary.agda	2357d1a60a331e7d79b93320cf8a9ae2b410c7e5f025b26bdb3879e396c10b8b
master	7d52f88d880adddfa59ac73a99ee4ff79506ec06	DASHI/Physics/Closure/NSBoundedAbelMassEstimateBoundary.agda	f04a186b33331c39b496bc5ea91d90686f82cd1b386098a0878590190c07575f
master	7d52f88d880adddfa59ac73a99ee4ff79506ec06	DASHI/Physics/Closure/NSBoundedPotentialTurnoverBudget.agda	b12a6f61985fd3e1a89900e6df8ddfe05bc2a83ea11f1086ed37ac342a937ba8
master	7d52f88d880adddfa59ac73a99ee4ff79506ec06	DASHI/Physics/Closure/NSCandidateCompleteEnstrophyBKMPassageReceipt.agda	ddf3fd510c76ec090c92ba9263a1734f8b87d54300a64474fcf4e4817325cdf3
master	7d52f88d880adddfa59ac73a99ee4ff79506ec06	DASHI/Physics/Closure/NSCascadeKappaArcsineLawBoundary.agda	cc88cde91c755451c1aa6a6996e0ccdb98abaeb1cf1631a30d9f676897ca4fba
master	7d52f88d880adddfa59ac73a99ee4ff79506ec06	DASHI/Physics/Closure/NSCoherenceBudgetResidenceReduction.agda	aa79311f57b94c3406c6d386c81fcd914d4fb283d80edd759343af53737f277f
master	7d52f88d880adddfa59ac73a99ee4ff79506ec06	DASHI/Physics/Closure/NSCoherentStretchingExactFormulaBoundary.agda	f299903e595c1797fd3be20f0b06ebe3d6a247b2ca9d27a92b0afb1dc6c0e74f
master	7d52f88d880adddfa59ac73a99ee4ff79506ec06	DASHI/Physics/Closure/NSCommutatorEquivalenceReceipt.agda	e2e2920293b934435fb584726347e7668edd8ce02cb5282196a8dcab7940517f
master	7d52f88d880adddfa59ac73a99ee4ff79506ec06	DASHI/Physics/Closure/NSCompactGammaAdmissiblePreservation.agda	db923a4aa6d7b2cbeb0ac7c79c7f4f93f87dea31434ec903d27f02d91c930630
master	7d52f88d880adddfa59ac73a99ee4ff79506ec06	DASHI/Physics/Closure/NSCompactGammaAnalyticClosureProgram.agda	040dbebd76e968fe9428bc83615640420de749beb52c4ee071b039105d2b823e
master	7d52f88d880adddfa59ac73a99ee4ff79506ec06	DASHI/Physics/Closure/NSCompactGammaAnalyticLeafCompletion.agda	db98ab1b9cba418464ef6cda3347b246fa7574232994f3e0809481124eea9aae
master	7d52f88d880adddfa59ac73a99ee4ff79506ec06	DASHI/Physics/Closure/NSCompactGammaBKMTimeIntegrability.agda	3aa15c55a67be3431634071e6521d9daacbf76186743a1beb5d8ade9773f4351
master	7d52f88d880adddfa59ac73a99ee4ff79506ec06	DASHI/Physics/Closure/NSCompactGammaConcreteBernsteinEnvelopeDomain.agda	8ba6a479ad3d0fde03d3451f5fd47dffa21268515fa359e2ac8fb95ce572ea86
master	7d52f88d880adddfa59ac73a99ee4ff79506ec06	DASHI/Physics/Closure/NSCompactGammaConcretePotentialInstantiation.agda	0cadc2303751af531cc6acdc16807b62c6947f7d97b145cc18b3ad2265d967f3
master	7d52f88d880adddfa59ac73a99ee4ff79506ec06	DASHI/Physics/Closure/NSCompactGammaDifferentialExpenditureProducer.agda	b848796df7ae79215c834059069fe513fa5e43144e15da50220f726ef3759421
master	7d52f88d880adddfa59ac73a99ee4ff79506ec06	DASHI/Physics/Closure/NSCompactGammaDifferentiatedTriadInstantiation.agda	e11bbdbcec1b6027155c7d3f2b8e787505850e238c12070ecc16786dc7fb1036
master	7d52f88d880adddfa59ac73a99ee4ff79506ec06	DASHI/Physics/Closure/NSCompactGammaFullShellSchur.agda	9cea00b4475b0fa1941452acab24eb73a08e33545e1d0ab3c6458f4407fedbf6
master	7d52f88d880adddfa59ac73a99ee4ff79506ec06	DASHI/Physics/Closure/NSCompactGammaGalerkinLimitBridge.agda	6965c865053286d6dd9318de31eee313f3ddf2fa3b3203c2fe4eb9998d2672fd
master	7d52f88d880adddfa59ac73a99ee4ff79506ec06	DASHI/Physics/Closure/NSCompactGammaHighestAlphaExpenditureCompletion.agda	5d917010834dd00f1e91da173a64cab6a366e72a8768fea5313979ac3e5c2b34
master	7d52f88d880adddfa59ac73a99ee4ff79506ec06	DASHI/Physics/Closure/NSCompactGammaOffPacketPairIncidenceKernelBridge.agda	d11db4c185a5caded4be6a60f46f8ea5a734314ee806cf79136fc1e9705cc5a4
master	7d52f88d880adddfa59ac73a99ee4ff79506ec06	DASHI/Physics/Closure/NSCompactGammaOffPacketSchurSplit.agda	0c00692dee88287aa6ca8d7b7d594713413d9a1b61fcfe4e8296ac53aecd93f0
master	7d52f88d880adddfa59ac73a99ee4ff79506ec06	DASHI/Physics/Closure/NSCompactGammaOffPacketTailDecayBridge.agda	bb237aebfcc5cd4d3df2e7e128d358031ea93c8e400edd696ab8778efaa2a0ad
master	7d52f88d880adddfa59ac73a99ee4ff79506ec06	DASHI/Physics/Closure/NSCompactGammaOffPacketTriadMajorization.agda	138cc9f9492c407b0c9f326a3500b965869e9bf4592c842c02ef170529f36559
master	7d52f88d880adddfa59ac73a99ee4ff79506ec06	DASHI/Physics/Closure/NSCompactGammaOffPacketWall1PairIncidenceBridge.agda	0b608d8e1d45f580f1a1d22449b50b11c31a2c4a564a93899ea514a97657c4c0
master	7d52f88d880adddfa59ac73a99ee4ff79506ec06	DASHI/Physics/Closure/NSCompactGammaOffPacketWeightedKernelBridge.agda	8c9a3d47a48f9bc640068581f30a5ced857afc185a59cf9bc0e1b06a596e17ee
master	7d52f88d880adddfa59ac73a99ee4ff79506ec06	DASHI/Physics/Closure/NSCompactGammaPotentialDerivative.agda	cd8df204308fdfc8dbc5c532e1be234a8a2c9c00ab8c02f1e153a8a430c11925
master	7d52f88d880adddfa59ac73a99ee4ff79506ec06	DASHI/Physics/Closure/NSCompactGammaReplenishmentAbsorption.agda	cd0e57ffa7358cd195ebcb09d2aa10ad96ac73bdb7ad16d19c6e5db9f4e6c01f
master	7d52f88d880adddfa59ac73a99ee4ff79506ec06	DASHI/Physics/Closure/NSCompactGammaTriadFullShellCoherence.agda	c750c5eac23e5003b347c47e81ab0f9a628179f6c2b87804e0370ac335e7b50a
master	7d52f88d880adddfa59ac73a99ee4ff79506ec06	DASHI/Physics/Closure/NSCompactGammaUniformFamilyResidence.agda	c2de07448dd92a974e33e0ffb34856570139866eef9554e580a127c0fbe54091
master	7d52f88d880adddfa59ac73a99ee4ff79506ec06	DASHI/Physics/Closure/NSConcreteAubinLionsNonlinearLimitWitnesses.agda	b2e7c6201a45e2a634fbabac4e519099d23d0a04a8ddf995c960f5bb1ed1e5ac
master	7d52f88d880adddfa59ac73a99ee4ff79506ec06	DASHI/Physics/Closure/NSCumulativeTailDominanceObstructionReceipt.agda	8682c7776428324fe6149d771b346ad43adbbd59db69b67751a49ca631307213
master	7d52f88d880adddfa59ac73a99ee4ff79506ec06	DASHI/Physics/Closure/NSCutoffUniformIntegerShellSchur.agda	39e9809937e10740069cce037c622e2c801edb49fd57bf6b3c562100c3aa2735
master	7d52f88d880adddfa59ac73a99ee4ff79506ec06	DASHI/Physics/Closure/NSDangerShellMaxPrincipleConditionalProofReceipt.agda	87ca3c575fbcc8d452ad8b469139703ccb7bf4551191b4b02d41db464baf17ce
master	7d52f88d880adddfa59ac73a99ee4ff79506ec06	DASHI/Physics/Closure/NSDangerShellMaximumPrincipleReceipt.agda	3348b948ce583626e0114560dccb47d2298128195408da700d3f84789d802109
master	7d52f88d880adddfa59ac73a99ee4ff79506ec06	DASHI/Physics/Closure/NSDepletionCurrencyFork.agda	d2f89c46a84b4fdb45e694acefabfe53c9ed4c45066e8572d2d4f6caa4ba0491
master	7d52f88d880adddfa59ac73a99ee4ff79506ec06	DASHI/Physics/Closure/NSDiagonalStretchingToAbelMeanBoundary.agda	4864dde21a393081a87c6d0d64e5842a7cc57b35865d366bbff4b216561986a4
master	7d52f88d880adddfa59ac73a99ee4ff79506ec06	DASHI/Physics/Closure/NSDifferentiatedTriadAnalyticLeaf.agda	34196f71b1d3ad420d398de821ff5484dd62ef7e3a35e9b8198e307078ed5a1d
master	7d52f88d880adddfa59ac73a99ee4ff79506ec06	DASHI/Physics/Closure/NSFinalStateReceipt.agda	f83cd6ed336921797254e35c812dad946afa405e7c68d0eb8a8190a708965699
master	7d52f88d880adddfa59ac73a99ee4ff79506ec06	DASHI/Physics/Closure/NSFiniteCascadeStretchingNeutralityBoundary.agda	d2e980e9faea0caf67305082e3abaf68b1f65a9b0008c26ee34ef2dd4b1ae5fa
master	7d52f88d880adddfa59ac73a99ee4ff79506ec06	DASHI/Physics/Closure/NSFourierBiotSavartTriadKernel.agda	7423357b712d57343aa5ac55bced1536c4aab96065a840d8035c9f51c6974652
master	7d52f88d880adddfa59ac73a99ee4ff79506ec06	DASHI/Physics/Closure/NSFourierOutputPushforwardBoundary.agda	eb468f87cff3863120b415b26baf1741b12811b4c1fa4c3883b633530a570317
master	7d52f88d880adddfa59ac73a99ee4ff79506ec06	DASHI/Physics/Closure/NSFrameBoundImplicationReceipt.agda	b1e9e31d6ba81ac98fa339f4e4b692051a846b155533552bcb805d7a1c668787
master	7d52f88d880adddfa59ac73a99ee4ff79506ec06	DASHI/Physics/Closure/NSFrameRestrictionReceipt.agda	ea07d93c80ebf06dcd0828f03033b839f7237528d5cfc4f75a8a1130f32dbaaa
master	7d52f88d880adddfa59ac73a99ee4ff79506ec06	DASHI/Physics/Closure/NSGalerkinCompactnessLimit.agda	b8ff77a0c9eda320f6922749d8352d3926586fa6d475f74a08d297a0860dd97a
master	7d52f88d880adddfa59ac73a99ee4ff79506ec06	DASHI/Physics/Closure/NSHighLowCommutatorObstructionReceipt.agda	1f552ef4f9aefef6061cb93baf257989dc0945c845358673168fb94040ef17aa
master	7d52f88d880adddfa59ac73a99ee4ff79506ec06	DASHI/Physics/Closure/NSHighLowFluxControlAuditReceipt.agda	65cb032cf0b53bef33b73f42fd319203960ef9a0053c62227c1c98b197c73a2b
master	7d52f88d880adddfa59ac73a99ee4ff79506ec06	DASHI/Physics/Closure/NSIntegerFourierLattice.agda	002ef997370c13e9088a2c1e79975feaeed12eca9529e17f527388d3e1db1dfa
master	7d52f88d880adddfa59ac73a99ee4ff79506ec06	DASHI/Physics/Closure/NSLeiRenTianFourierOutputCouplingBoundary.agda	1b080859a201e9c921e0c1d0ad9111b4b4d89dba95b8428add17f4f6ca689638
master	7d52f88d880adddfa59ac73a99ee4ff79506ec06	DASHI/Physics/Closure/NSLeiRenTianGreatCircleCriterionBoundary.agda	5e6e3d9f03644df4cfcbbc1f957192689e9a9368e0fb8cf1f149f07fdc2b3afb
master	7d52f88d880adddfa59ac73a99ee4ff79506ec06	DASHI/Physics/Closure/NSLeiRenTianOutputSupportTransferBoundary.agda	10c29b53a85228292fbd60fd7fb1d87f46f83e3d52a4f9624ab5c82be17c88b5
master	7d52f88d880adddfa59ac73a99ee4ff79506ec06	DASHI/Physics/Closure/NSLittlewoodPaleyCarrierReceipt.agda	ed386972f319a3c7b729278b50f815cc91a94086b578c43c58bceee84ddedb05
master	7d52f88d880adddfa59ac73a99ee4ff79506ec06	DASHI/Physics/Closure/NSLocalizationPressureCommutatorBoundary.agda	b6f1a975e862eb14bf380cc92a7744628cb3eac2a38ae5b4c5a39d8201442ee4
master	7d52f88d880adddfa59ac73a99ee4ff79506ec06	DASHI/Physics/Closure/NSLocalizedWhitneyFramePacketEstimateBoundary.agda	df6c7c426ecccdd39f1874123d9d29725ff85271502ad2340b0ad7fac3608553
master	7d52f88d880adddfa59ac73a99ee4ff79506ec06	DASHI/Physics/Closure/NSLowVorticityExceptionalMassRoutingBoundary.agda	b664e73e614a1c5aa7f12fa22e91ba69dcca35eec2a3c627e6d06e5a2f9fa712
master	7d52f88d880adddfa59ac73a99ee4ff79506ec06	DASHI/Physics/Closure/NSMaximumLocationMigrationLemmaReceipt.agda	8672cabfa394b5339b851d519eae60dbed2ce219b03eff91e56293fbf5bff2f8
master	7d52f88d880adddfa59ac73a99ee4ff79506ec06	DASHI/Physics/Closure/NSMicrolocalDefectMassConstructionBoundary.agda	ce5eead6723e47b0ea720ee17562c8d61e451412ce9c1d8bf705dc56332b5c8c
master	7d52f88d880adddfa59ac73a99ee4ff79506ec06	DASHI/Physics/Closure/NSMiddleEigenvalueDangerFork.agda	e8625706662d77adca2b1afa981597cc88114a8dba4e9994e9478b6fa26abab9
master	7d52f88d880adddfa59ac73a99ee4ff79506ec06	DASHI/Physics/Closure/NSMigrationInitiationThresholdConstantsReceipt.agda	0208b1df7a2db158e9b1ef7bd351ee8a11a906ff2fa3a6948231415b2fb9d06c
master	7d52f88d880adddfa59ac73a99ee4ff79506ec06	DASHI/Physics/Closure/NSMigrationInitiationThresholdReceipt.agda	2971155dac0c96c7529c8f3908e355bbdbc3495a9e098dd3cba961e3c2106f0c
master	7d52f88d880adddfa59ac73a99ee4ff79506ec06	DASHI/Physics/Closure/NSNegativeSobolevDangerShellReceipt.agda	01665b5864ec59c10e1248599d34dba7843f027ae49d44a984eb5e84d64295ec
master	7d52f88d880adddfa59ac73a99ee4ff79506ec06	DASHI/Physics/Closure/NSNonCircularKStarDriftBoundTargetReceipt.agda	e057cf747ef0abf13f5ed899ed053a4d407ce6c180ef1d2f759852f2deebbd69
master	7d52f88d880adddfa59ac73a99ee4ff79506ec06	DASHI/Physics/Closure/NSNonCircularObstructionReceipt.agda	93bdcac5c76a3e74ce282a011b19562400ba8aaa2f38ce5dfb49b833318426fd
master	7d52f88d880adddfa59ac73a99ee4ff79506ec06	DASHI/Physics/Closure/NSNonRadialityQuantificationAverage.agda	7a7e77de91681e7aa4336d729e484821b54433e60f61ebad6a2d67407a073516
master	7d52f88d880adddfa59ac73a99ee4ff79506ec06	DASHI/Physics/Closure/NSNormalizedAlignmentBudgetDerivative.agda	e9f5d32096942b7da0a749f654d0f7874aedf389f6f93633506b0ad6817063e9
master	7d52f88d880adddfa59ac73a99ee4ff79506ec06	DASHI/Physics/Closure/NSOffDiagonalShellAbsorptionBoundary.agda	b30fa1f8a863b2e419b74f9ac1d1f6ffa2bd00f4a610a7b853192e8c00f1827f
master	7d52f88d880adddfa59ac73a99ee4ff79506ec06	DASHI/Physics/Closure/NSOutputGreatCircleStripSlicingBoundary.agda	8e7b38f449e56308d03b24ba9ad949279d1095f568622e9fd73c81fff0117808
master	7d52f88d880adddfa59ac73a99ee4ff79506ec06	DASHI/Physics/Closure/NSOutputStripPreimageMeasureEstimateBoundary.agda	b47db5bba24abc725e67ce263dc16b56762f4b3c5cce65a67bdc4bf3f3b11219
master	7d52f88d880adddfa59ac73a99ee4ff79506ec06	DASHI/Physics/Closure/NSPairIncidenceKernel.agda	8fc8dfff6fd49084aaa4e8b1a944bd11933212760bbd04980e3c2872727c8100
master	7d52f88d880adddfa59ac73a99ee4ff79506ec06	DASHI/Physics/Closure/NSPairIncidenceSchurBridge.agda	a1aa75396b0b851eb9c6a9b5d51419409d9e2dec1f3b593c1160753ce96d757b
master	7d52f88d880adddfa59ac73a99ee4ff79506ec06	DASHI/Physics/Closure/NSPeriodicCoefficientUnitaryNormAdapter.agda	fc2538ef9e43272605535253120c19835c06f9ce3d2c014768667a1d2ecd686d
master	7d52f88d880adddfa59ac73a99ee4ff79506ec06	DASHI/Physics/Closure/NSPeriodicConcreteCutoffCubeCarrier.agda	edb0d85a9e2f6186b796d2113c4d274b63ab19886ab3f68ccf9b58d2dc902a1f
master	7d52f88d880adddfa59ac73a99ee4ff79506ec06	DASHI/Physics/Closure/NSPeriodicConcreteIntegerModeNorm.agda	f62de559af5aa6efc5c3d6be0152674f476c20b03b17c30a8d5d672dc24e26d7
master	7d52f88d880adddfa59ac73a99ee4ff79506ec06	DASHI/Physics/Closure/NSPeriodicConcreteNearTriadSums.agda	69f54362d0ffd5a03a5271c9ac26665e8c0a0f0f1e93decf044fa39d36d3f470
master	7d52f88d880adddfa59ac73a99ee4ff79506ec06	DASHI/Physics/Closure/NSPeriodicFiniteTriadPartition.agda	3f591be32f3fa331dfe795cf15cd1930812c3e1878c400d3b7f93f63cfcbfdde
master	7d52f88d880adddfa59ac73a99ee4ff79506ec06	DASHI/Physics/Closure/NSPeriodicModeInverseNormScaling.agda	90cc9424ea5ef7a3a65365e6f723e3214ab449513f8546ad64dad5713885753a
master	7d52f88d880adddfa59ac73a99ee4ff79506ec06	DASHI/Physics/Closure/NSPeriodicNearShellOverlapCount.agda	5df6da21c0afa0dc483ef49305f2aae7b6f5fcc0d38f3260bf270b0bc502b544
master	7d52f88d880adddfa59ac73a99ee4ff79506ec06	DASHI/Physics/Closure/NSPeriodicNearTriadClassification.agda	4e1438314350d4c647fd3aeb8af81c592361fd0ffdf3b95ae714fc924a02cf92
master	7d52f88d880adddfa59ac73a99ee4ff79506ec06	DASHI/Physics/Closure/NSPeriodicOfficialFiniteSumIdentification.agda	f3b3c8c8338469dfb4e45fb405341708a93938be5feddd7e9115a43dc48b34eb
master	7d52f88d880adddfa59ac73a99ee4ff79506ec06	DASHI/Physics/Closure/NSPeriodicOfficialNormBernsteinAdapter.agda	2d7e2abecb7fff54c557ee449c960a0ee7ad0048bb65d4666304c0a02eaf7c75
master	7d52f88d880adddfa59ac73a99ee4ff79506ec06	DASHI/Physics/Closure/NSPeriodicOfficialNormIdentification.agda	242a798f2affc6f10c0d966d080f443573f316ffb815de5d22567140e16cfacf
master	7d52f88d880adddfa59ac73a99ee4ff79506ec06	DASHI/Physics/Closure/NSPeriodicRealOrderedNormLaws.agda	52f87620624b8eb4e7b1e20fd35df140e2ef92e6f2fdc1481c9737bd4d27ef94
master	7d52f88d880adddfa59ac73a99ee4ff79506ec06	DASHI/Physics/Closure/NSPhiJacobianLowerBoundBoundary.agda	66a0f8790cde0d8648388ccdd1f07af5d25ad083a94a4f73b7c47b1ef5d2797c
master	7d52f88d880adddfa59ac73a99ee4ff79506ec06	DASHI/Physics/Closure/NSPhysicalAngularMeasureConstructionBoundary.agda	9612392769a13132b4c0acf769ce1c48320ee35b76efa72cea95d39340b47317
master	7d52f88d880adddfa59ac73a99ee4ff79506ec06	DASHI/Physics/Closure/NSPointwiseToAbelAveragingBoundary.agda	82d5fbf7247d8453705d22c244d503fe92cc0c3d4b18a366edb1d5cb7ea4f979
master	7d52f88d880adddfa59ac73a99ee4ff79506ec06	DASHI/Physics/Closure/NSPointwiseToAbelCompositeA6Boundary.agda	63177d9cc3eaa2053121c57139e65127f136f7194064832582d83172b541bdc6
master	7d52f88d880adddfa59ac73a99ee4ff79506ec06	DASHI/Physics/Closure/NSPressureVsDepthLPClarificationReceipt.agda	f8963056c65ef8468091eea8b338ecc3da2d7d1c4b3312d04610d57fd9feb352
master	7d52f88d880adddfa59ac73a99ee4ff79506ec06	DASHI/Physics/Closure/NSRankOneProjectionCommutatorFormula.agda	3350e18f600bae0a563ff7cb0968ffd4a1eae4676aec9a603bfd604f090d0bee
master	7d52f88d880adddfa59ac73a99ee4ff79506ec06	DASHI/Physics/Closure/NSRegularityGapReceipt.agda	429b24eeaf362b7f85cb16b450405b346c901f771d4b39c5b9700ae4caf26b5a
master	7d52f88d880adddfa59ac73a99ee4ff79506ec06	DASHI/Physics/Closure/NSRegularityRoadmapFilledReceipt.agda	89be4b1d4f23ae68cc0f31dd87ccd37bcbf1f321303fb789014a7a3a2c89df9b
master	7d52f88d880adddfa59ac73a99ee4ff79506ec06	DASHI/Physics/Closure/NSSardRegularValueSlicingBoundary.agda	719f7e37ce6b7699bf162368d9ff4a7d5451045bc7a6c118022d1b2faab593bc
master	7d52f88d880adddfa59ac73a99ee4ff79506ec06	DASHI/Physics/Closure/NSSheafTopologicalObstructionBridge.agda	f43e407186311fd0128f0a4351519ba4e6268f58de40b5d95c2c351217b7a19e
master	7d52f88d880adddfa59ac73a99ee4ff79506ec06	DASHI/Physics/Closure/NSSigmaNonRadialCommutatorLowerBoundTarget.agda	9ad2c606dd03720e85b54b156a08a21f6e4eee8b38666e76955f9f18a8b22392
master	7d52f88d880adddfa59ac73a99ee4ff79506ec06	DASHI/Physics/Closure/NSSprint136HouLuoSymmetricSourceSignReceipt.agda	25c075a2e09774425e7ee6946f61f46eed4cc70ad81d5edb89e3895b9a6935f8
master	7d52f88d880adddfa59ac73a99ee4ff79506ec06	DASHI/Physics/Closure/NSSprint138AxialMonotonicityBlockerReductionReceipt.agda	fe403d6ddac5f513396787cf50466e4c5d65bcc7646faacd6f69b89bdf1c47e6
master	7d52f88d880adddfa59ac73a99ee4ff79506ec06	DASHI/Physics/Closure/NSSprint139AxialBarrierRouteForkReceipt.agda	93545ed3644472e7095345e3c13b806718a565dc10fdff71af434a2e7d8ee10c
master	7d52f88d880adddfa59ac73a99ee4ff79506ec06	DASHI/Physics/Closure/NSSprint140ConditionalBarrierAssemblyReceipt.agda	275bda685ed70709683366341fe83cd615fd243889d503311dafca23856adb4b
master	7d52f88d880adddfa59ac73a99ee4ff79506ec06	DASHI/Physics/Closure/NSSprint141CommutatorDominationObstructionReceipt.agda	b1a9114d0b19fbca443bc974abbfa664f16fe9cee0652070174fee1fbecff080
master	7d52f88d880adddfa59ac73a99ee4ff79506ec06	DASHI/Physics/Closure/NSSprint142GlobalConcavityObstructionReceipt.agda	1459a540af95cc933870d52913de2a2513b1ffe584f782a38844aa2fd771ed9f
master	7d52f88d880adddfa59ac73a99ee4ff79506ec06	DASHI/Physics/Closure/NSSprint143SecondaryPeakExclusionObstructionReceipt.agda	0fbde4fa937f60ee996da2fb0d68733d1cb17a8497eacae5cdd15ad21b6ae7b7
master	7d52f88d880adddfa59ac73a99ee4ff79506ec06	DASHI/Physics/Closure/NSSprint144CoupledZeroNumberObstructionReceipt.agda	72773ec9b9d2565d2e7cd573d592e982b9db8ff618817a2e2b264eb3079d6991
master	7d52f88d880adddfa59ac73a99ee4ff79506ec06	DASHI/Physics/Closure/NSSprint145ComparisonEnvelopeObstructionReceipt.agda	bbe32586e3466c91e5f19b80d4e2105f6aa9a1295ede66d14065fbdb466eacf1
master	7d52f88d880adddfa59ac73a99ee4ff79506ec06	DASHI/Physics/Closure/NSSprint149ScalingConsistencyGateReceipt.agda	f6326609cafb128f11b0698eca30c7901e48305d9a0030b34cda95a82336edb6
master	7d52f88d880adddfa59ac73a99ee4ff79506ec06	DASHI/Physics/Closure/NSSprint151LocalizedEnstrophyIdentityReceipt.agda	3f72b102e8ff59d9ec69d246f9f8d943682255dc22a3a9b1010b1585ffd1a168
master	7d52f88d880adddfa59ac73a99ee4ff79506ec06	DASHI/Physics/Closure/NSSprint153LocalizedVortexStretchingSourceReceipt.agda	7de7f6a4d31ff4349fcca8d9f9db020e94a90371cb9a3ac8a0a9e0ac7964929e
master	7d52f88d880adddfa59ac73a99ee4ff79506ec06	DASHI/Physics/Closure/NSSprint155LocalizedEnstrophyIBPReceipt.agda	e52f769409402761b629e111d80f84ef63c6a06b85aa487ddd319069c5cee9b0
master	7d52f88d880adddfa59ac73a99ee4ff79506ec06	DASHI/Physics/Closure/NSSprint156ModelValidityForWidthODEReceipt.agda	27bb8d7c916b1e062cca59faefed2cd2ee6b6bfe77771b02c4ff5d581b51c55a
master	7d52f88d880adddfa59ac73a99ee4ff79506ec06	DASHI/Physics/Closure/NSSprint157BKMIntegralContinuationReceipt.agda	49c261e1fd6fdc019528125a48957caa9ed6c11b667dac9ffa0e62d4da43966d
master	7d52f88d880adddfa59ac73a99ee4ff79506ec06	DASHI/Physics/Closure/NSSprint158SymmetricHouLuoRegularityClassClosureReceipt.agda	7fb921b05b6deb71761a539ed8a42195794e92c71c1a5f8be844d4a3ec9665ea
master	7d52f88d880adddfa59ac73a99ee4ff79506ec06	DASHI/Physics/Closure/NSSprint159FullClayExternalAuthorityBoundaryReceipt.agda	2025aeccb444f938d94dee6853b205537b43daecf3d37c6430d823847f75b8f6
master	7d52f88d880adddfa59ac73a99ee4ff79506ec06	DASHI/Physics/Closure/NSSprint160NoLocalClayMechanismSprintRuleReceipt.agda	7963fb3c3099245e72ff55d9c06dea81724f28b8e162993124e1d107dc46f228
master	7d52f88d880adddfa59ac73a99ee4ff79506ec06	DASHI/Physics/Closure/NSSprint161MechanismExhaustionAnalyticAttemptBoundaryReceipt.agda	7d11799307a9cdc6ca3c2e4f1b5dab2ef8854d332aa42e26cf5ab1de4d9d33dd
master	7d52f88d880adddfa59ac73a99ee4ff79506ec06	DASHI/Physics/Closure/NSSprint162CriticalResidualBoundaryReceipt.agda	8ab526c5b18d8e397049d6608d156e6f9ed248a57869431ccd1cc5d5bff30b44
master	7d52f88d880adddfa59ac73a99ee4ff79506ec06	DASHI/Physics/Closure/NSSprint163TopologicalAlignmentObstructionBoundaryReceipt.agda	17dfd338b4d498444154656f68ac9d2333505f94752bb06d5f00fb2818d47c9d
master	7d52f88d880adddfa59ac73a99ee4ff79506ec06	DASHI/Physics/Closure/NSSprint164MicrolocalTopologicalBridgeBoundaryReceipt.agda	0570ac4277d637579d51c46464c0137693db351034b5e2cff267e42a54b9b317
master	7d52f88d880adddfa59ac73a99ee4ff79506ec06	DASHI/Physics/Closure/NSTailFluxAbsorptionMarginReceipt.agda	b0a07ff10b79ac011da4eb6e419c01cfc9d22134c9235007e869b85f39f0d1a7
master	7d52f88d880adddfa59ac73a99ee4ff79506ec06	DASHI/Physics/Closure/NSTailFluxIdentityAnalyticTargetReceipt.agda	e2cd1c966a4165422bcfc722666c98623b2552bad43069d6a61c2ead1b66a7bc
master	7d52f88d880adddfa59ac73a99ee4ff79506ec06	DASHI/Physics/Closure/NSTailFluxLPIdentityAnalyticReceipt.agda	1c500cc73e930d2c1e9f483a02cbefb02647bd91e7d6b12a4f147112bf298639
master	7d52f88d880adddfa59ac73a99ee4ff79506ec06	DASHI/Physics/Closure/NSTailFluxLPIdentityFullDerivationReceipt.agda	51233799f61a04c261b0392da0bf2bad70434297408edc64684eaf7995a7ed86
master	7d52f88d880adddfa59ac73a99ee4ff79506ec06	DASHI/Physics/Closure/NSThetaPressureMarginCorrectionReceipt.agda	2a77a08cfe13827a55f8c8004fdbcf2522cfacba09b204ce22c746424214a624
master	7d52f88d880adddfa59ac73a99ee4ff79506ec06	DASHI/Physics/Closure/NSThetaTailToBKMBridgeReceipt.agda	3971163cdedaac9b25cfe2c4bd9ad57af24242df75ccef59297ba191dbc1ac7f
master	7d52f88d880adddfa59ac73a99ee4ff79506ec06	DASHI/Physics/Closure/NSToEV5DashiCFDExperimentPlanReceipt.agda	765ff77523949e39072e67f34ce31904da6852bee59d6ea6d1c39b4a1b5dfd67
master	7d52f88d880adddfa59ac73a99ee4ff79506ec06	DASHI/Physics/Closure/NSToEV5ProjectionFrontierReceipt.agda	63b9c26d0b9be80194158de651de940582b01737bc7bc8e19490907c688c7bb4
master	7d52f88d880adddfa59ac73a99ee4ff79506ec06	DASHI/Physics/Closure/NSTransferOperatorBiasNeutralityBoundary.agda	8749cd2d211caf6b2a651f63ef278296c39bb75f705e203da3f168074f8a11f7
master	7d52f88d880adddfa59ac73a99ee4ff79506ec06	DASHI/Physics/Closure/NSTransverseSigmaNeighborhoodGeometry.agda	61706dc8f8bec4b652e171da01720ad236877073decbaa10ef77f669803ee18b
master	7d52f88d880adddfa59ac73a99ee4ff79506ec06	DASHI/Physics/Closure/NSTriadKNABCCompressedInhabitationRound61Exact.agda	7eb2de9e41b52a4a24c469dd06c5ed97df8c5ae4ff5cf0d98ad400b5080a749c
master	7d52f88d880adddfa59ac73a99ee4ff79506ec06	DASHI/Physics/Closure/NSTriadKNABCInhabitationRound58Exact.agda	5c96282e2843bc9f2d9345696a2eb53843549d38af9c92d1ab397205fc23584e
master	7d52f88d880adddfa59ac73a99ee4ff79506ec06	DASHI/Physics/Closure/NSTriadKNAdmissibleConstrainedSpectralAudit.agda	1c33e968a91ff106bd8725442108970ba2196fa8c6dc1792d20c71d1102808b2
master	7d52f88d880adddfa59ac73a99ee4ff79506ec06	DASHI/Physics/Closure/NSTriadKNAdmissibleFourierShellData.agda	0b6f37d858c83c5137d9baff21c6190398ee2976a3f4346999ce42b1aee196d5
master	7d52f88d880adddfa59ac73a99ee4ff79506ec06	DASHI/Physics/Closure/NSTriadKNAdmissibleFourierTriadCarrier.agda	933022a5b757c36671e7446f54e160e2ab0f868798d80f55bbb64e7ba6a481e8
master	7d52f88d880adddfa59ac73a99ee4ff79506ec06	DASHI/Physics/Closure/NSTriadKNAdmissibleOwnerTaxLanguageRound28Exact.agda	a475ef969e355acd9b6ff9c059ecaf08387a2dbeb2dcfa76f146dfd7f7a256ea
master	7d52f88d880adddfa59ac73a99ee4ff79506ec06	DASHI/Physics/Closure/NSTriadKNAdversarialClosureDependency.agda	ef333a3285e8cccac75254f30f06d8149a41f6de0a26148bca2ea6cdffba6b44
master	7d52f88d880adddfa59ac73a99ee4ff79506ec06	DASHI/Physics/Closure/NSTriadKNAdversarialColumnClosureDependency.agda	8a08875058c3e479c850e6994cbac8a45e481cda7af19b94e1a3da455f54e14a
master	7d52f88d880adddfa59ac73a99ee4ff79506ec06	DASHI/Physics/Closure/NSTriadKNAdversarialColumnConcreteBounds.agda	3b7b2982f0bc5ad9e2cce6b535c1b6296504c3bd95d4fe2d8c25000d5b13d685
master	7d52f88d880adddfa59ac73a99ee4ff79506ec06	DASHI/Physics/Closure/NSTriadKNAdversarialConcreteIncidenceType.agda	6ea3cf54409ee43d25160c929c4857d58f6e0c146293cef0776a0993fb987592
master	7d52f88d880adddfa59ac73a99ee4ff79506ec06	DASHI/Physics/Closure/NSTriadKNAdversarialPrimitiveEstimates.agda	07269a217961737c53bf96c63af14d6874b0bf5ccf90e047fbaf83d69ab7df91
master	7d52f88d880adddfa59ac73a99ee4ff79506ec06	DASHI/Physics/Closure/NSTriadKNAdversarialRowClosureDependency.agda	ea2a08c3b5cb92a3bca123dca7e18525282c8fd17d7c65dce2b019678528b611
master	7d52f88d880adddfa59ac73a99ee4ff79506ec06	DASHI/Physics/Closure/NSTriadKNAdversarialRowConcreteBounds.agda	73bb224b5f8ad2ac67b8558e48e6bc37ddc5f63288bc9a4ccfc0eebde7392ac3
master	7d52f88d880adddfa59ac73a99ee4ff79506ec06	DASHI/Physics/Closure/NSTriadKNAdversarialWeightedProductBridge.agda	7a5de7d10d186603c7aa089dac73b1b3cae0439a99fcd0309cecdae04149a331
master	7d52f88d880adddfa59ac73a99ee4ff79506ec06	DASHI/Physics/Closure/NSTriadKNAffineOwnerCostOptimizationRound29Exact.agda	8d9a7c4b722678857c66356196c44452b8756b5700c43463969d0e424029ca66
master	7d52f88d880adddfa59ac73a99ee4ff79506ec06	DASHI/Physics/Closure/NSTriadKNAllHeterochiralPhaseDampingRound105Exact.agda	73602eb5435e26f4f5f508b8d0c18edf2a56b0329a5d1c8589c90664bba9b9d7
master	7d52f88d880adddfa59ac73a99ee4ff79506ec06	DASHI/Physics/Closure/NSTriadKNAllocatedBranchingConvexityNoGoRound77Exact.agda	e209d2fa810cbeaea705f9a9e34e79c620dffa2fdbaf6cbedbae6e1605c1b69c
master	7d52f88d880adddfa59ac73a99ee4ff79506ec06	DASHI/Physics/Closure/NSTriadKNAmplitudeFrequencyTimeValuationRound45Exact.agda	e9689897efe0705c8bd7d9bf44d9c1895c5355f585770fe5f5fd7c20b877270a
master	7d52f88d880adddfa59ac73a99ee4ff79506ec06	DASHI/Physics/Closure/NSTriadKNAnnularKernelSingleContinuumSeamRound82Exact.agda	fb46902a3b8b518abbc22da0364651c9ce2d3a9b7b4d9326d16ba1659b7e2721
master	7d52f88d880adddfa59ac73a99ee4ff79506ec06	DASHI/Physics/Closure/NSTriadKNB2CoherenceDangerForkRound78Exact.agda	0c20a4956c243153b342fac79958eb14d3b989ecfb9d14a2e64fe6341f2b6396
master	7d52f88d880adddfa59ac73a99ee4ff79506ec06	DASHI/Physics/Closure/NSTriadKNB2PressureResolvedExcessRound78Exact.agda	e90fb6d77ed52865a38cdd2ae0f75fa8a76bb6327923484651ff183b588463bf
master	7d52f88d880adddfa59ac73a99ee4ff79506ec06	DASHI/Physics/Closure/NSTriadKNB2PressureSpectralTargetRound78Exact.agda	07665d9c3a65c8747b3081b8cf6f98896d27377ac7c71cab929da6fd6f53b9fe
master	7d52f88d880adddfa59ac73a99ee4ff79506ec06	DASHI/Physics/Closure/NSTriadKNBipartiteWeightedSchurWitness.agda	94d8a6e4b7a9318bd9d7bcf97b8cdcc47be6a991251b4e12295a5631f8bfa045
master	7d52f88d880adddfa59ac73a99ee4ff79506ec06	DASHI/Physics/Closure/NSTriadKNBonyTailOwnerRound44Exact.agda	d825def7b5dbd8fafea5c4226efcbc32653194af899fa9a03781e09fedc1bd73
master	7d52f88d880adddfa59ac73a99ee4ff79506ec06	DASHI/Physics/Closure/NSTriadKNBoundaryDefinitionalVanishRound53Exact.agda	b83a8c3c41765b6783c008494bc62e76927570a96fa5368056e22dbce84c2c6a
master	7d52f88d880adddfa59ac73a99ee4ff79506ec06	DASHI/Physics/Closure/NSTriadKNBoundaryFiveLocalLimitsRound47Exact.agda	4b47e3a89303ffabab953f0b6e9d27f62d86f55bc15d8b28d63f438120d0eae0
master	7d52f88d880adddfa59ac73a99ee4ff79506ec06	DASHI/Physics/Closure/NSTriadKNBoundaryLiteralZeroAtomsRound55Exact.agda	6b7415b8b42c14369e7a8b75385fa6ebe22eefaf5fd926db87716608f8618472
master	7d52f88d880adddfa59ac73a99ee4ff79506ec06	DASHI/Physics/Closure/NSTriadKNBoundaryVanishingClassificationRound29Exact.agda	62624ff02c12b178360fa826bcf0d13f3bd8285d322c152a4c39543574f13b90
master	7d52f88d880adddfa59ac73a99ee4ff79506ec06	DASHI/Physics/Closure/NSTriadKNBoundaryZeroTaxOwnerRound45Exact.agda	ae44d29d10d0c4698569535b5efaaa7a65a774f2829d31e31d30e7b45b02311f
master	7d52f88d880adddfa59ac73a99ee4ff79506ec06	DASHI/Physics/Closure/NSTriadKNBranchingCompensatesDyadicLossRound71Exact.agda	7db602c21fca71d7abd72d8842c67d93889ada94c6aa6afca01c94c8c3c4ce96
master	7d52f88d880adddfa59ac73a99ee4ff79506ec06	DASHI/Physics/Closure/NSTriadKNC5CompactTransferPivotRound82Exact.agda	2664a80750a2a51a9b36a38d948bf6d5fa97e06c90689a78b2b7b77090af5118
master	7d52f88d880adddfa59ac73a99ee4ff79506ec06	DASHI/Physics/Closure/NSTriadKNCKNFujitaKatoSharpHeadroomRound76Exact.agda	d2aec3665f3bcd44869d0091d75f39f73279caa05fb1603a99e53da2b5e73f00
master	7d52f88d880adddfa59ac73a99ee4ff79506ec06	DASHI/Physics/Closure/NSTriadKNCanonicalCutoffOrbitCarrierRound63Exact.agda	842a0920be9979e657eb74f7f6e7c9506dbf9926cadf2d3ffe81b5dae07ce6fd
master	7d52f88d880adddfa59ac73a99ee4ff79506ec06	DASHI/Physics/Closure/NSTriadKNCanonicalCutoffPhysicalVectorFieldRound62Exact.agda	8e981bbe8214b4609990983539f1999a7b2e310d40b2ead8e98f876fd7b96261
master	7d52f88d880adddfa59ac73a99ee4ff79506ec06	DASHI/Physics/Closure/NSTriadKNCanonicalCutoffSameObjectSystemRound34Exact.agda	8901c456d9c8c606fd0633bd81f427d4b3a12d2f718af331cc2775658674769d
master	7d52f88d880adddfa59ac73a99ee4ff79506ec06	DASHI/Physics/Closure/NSTriadKNCanonicalOrbitGalerkinRHSRound63Exact.agda	c4fd5f92ec46644ca07865df92875d7dcfeb575a6bfae5be71788f8bfdecfd8d
master	7d52f88d880adddfa59ac73a99ee4ff79506ec06	DASHI/Physics/Closure/NSTriadKNCanonicalOrbitRHSTangentRound65Exact.agda	7bec125139d2f517d0c1fb454ffe59662a875e0633b05feb1ecbe7431a513d71
master	7d52f88d880adddfa59ac73a99ee4ff79506ec06	DASHI/Physics/Closure/NSTriadKNCanonicalOwnerFluxCorrectionRound55Exact.agda	c824fbf4b8bcf6520e5f0e9030fb90183d4e96e5fae06acc706e7fb314c7e541
master	7d52f88d880adddfa59ac73a99ee4ff79506ec06	DASHI/Physics/Closure/NSTriadKNCanonicalRHSFiniteRealSlotAlignmentRound71Exact.agda	1795a29c2554a28422653d1d0ef510a15ce783e971fd06f6a823499d0faaca3d
master	7d52f88d880adddfa59ac73a99ee4ff79506ec06	DASHI/Physics/Closure/NSTriadKNCanonicalRealityOrbitHalfLatticeRound63Exact.agda	df14330192c00872c9de9e07bc62a3a5140b2f526b95399a0e758b3a13fcc5ba
master	7d52f88d880adddfa59ac73a99ee4ff79506ec06	DASHI/Physics/Closure/NSTriadKNCanonicalTriadOrbitEnumeration.agda	bb8a431a4bf295bf242f77dd4900e8320a099b98d63483a60013b6fc833cb6e3
master	7d52f88d880adddfa59ac73a99ee4ff79506ec06	DASHI/Physics/Closure/NSTriadKNCanonicalTwoChannelPhysicalMassBoundsRound75Exact.agda	49b32c3d8eff4c9cb57c068ac5bd792d90ad7b21ab662c243bb64fa0abdf6581
master	7d52f88d880adddfa59ac73a99ee4ff79506ec06	DASHI/Physics/Closure/NSTriadKNCappedExcessFiniteRemainderRound97Exact.agda	c901409c2cd67f90c0228d4a3095d582bc645851a3ec5b674e1f5eac4d86c3fd
master	7d52f88d880adddfa59ac73a99ee4ff79506ec06	DASHI/Physics/Closure/NSTriadKNCavazziniSpectralGapThresholdAuditRound79Exact.agda	89b308811a694c458f04c9574f3342ba6e9296e134d149655e35a9031ee716e1
master	7d52f88d880adddfa59ac73a99ee4ff79506ec06	DASHI/Physics/Closure/NSTriadKNCeilLogShellBounds.agda	d38b7f04c5187c54857615074b4317d4e16b40d8a94f56d22150732780717aa9
master	7d52f88d880adddfa59ac73a99ee4ff79506ec06	DASHI/Physics/Closure/NSTriadKNCentredFiveSourceProbeRound27Exact.agda	a4f1c704d9aa1ac72afe1f58b810693e92587d0426c23d57e819cd2a05f40075
master	7d52f88d880adddfa59ac73a99ee4ff79506ec06	DASHI/Physics/Closure/NSTriadKNChargeAllocatedFactorizationRound77Exact.agda	8310173d84e89b673d358b79bb3da648dcbce8ce873903da9d28dd17bd24f8b0
master	7d52f88d880adddfa59ac73a99ee4ff79506ec06	DASHI/Physics/Closure/NSTriadKNChongPerryCantwellQRNormalizationRound79Exact.agda	d85d6f21a88964a19cc741959ec8b52b85d60b38348f81856f4f19c6e2340c21
master	7d52f88d880adddfa59ac73a99ee4ff79506ec06	DASHI/Physics/Closure/NSTriadKNClayFrontierRound102Exact.agda	8d3fbece57171c8c3eaa915670bdd691c1329f5cb3ec66200e2b90d936fd3630
master	7d52f88d880adddfa59ac73a99ee4ff79506ec06	DASHI/Physics/Closure/NSTriadKNClayFrontierRound103Exact.agda	d77ee448fd8bae398a5de48893145ea968df2bd834aca38577fbad0f4c54c4df
master	7d52f88d880adddfa59ac73a99ee4ff79506ec06	DASHI/Physics/Closure/NSTriadKNClayFrontierRound104Exact.agda	91e2321f6257e894e5c9a583d7e489cabc5d2b02e5085a12619e2859b2a8dfa1
master	7d52f88d880adddfa59ac73a99ee4ff79506ec06	DASHI/Physics/Closure/NSTriadKNClayFrontierRound105Exact.agda	69a1ccb0a35ee77ebb2567ed6fe37181a8c9a0aacbd03b389e5b7f5c815528aa
master	7d52f88d880adddfa59ac73a99ee4ff79506ec06	DASHI/Physics/Closure/NSTriadKNClayTopDownConsumerRound90Exact.agda	fd5f16286274f30f5532cea4afc84d3e0987d0ea27d969b940e99027b5eda458
master	7d52f88d880adddfa59ac73a99ee4ff79506ec06	DASHI/Physics/Closure/NSTriadKNClusterProjectorDirectionalObservableNoGoRound80Exact.agda	da5d2e384952e5383d23d5b2b359f29e2ae81aa4301dd0f5f4f2b0a339efde85
master	7d52f88d880adddfa59ac73a99ee4ff79506ec06	DASHI/Physics/Closure/NSTriadKNClusterSylvesterBudgetRound81Exact.agda	35ad7eb276c27ee8106e89a22459c8a123e02fc02fb4bab8e47dad2b29be2067
master	7d52f88d880adddfa59ac73a99ee4ff79506ec06	DASHI/Physics/Closure/NSTriadKNComActiveNormalizedGramRound63Exact.agda	670d2897ed6aaec7e579e5165eab6f0d5728c8bf9805c8da78b8dd9e7360a36e
master	7d52f88d880adddfa59ac73a99ee4ff79506ec06	DASHI/Physics/Closure/NSTriadKNComActiveSixThreeRealizationRound61Exact.agda	0a963c416bfe947d35fc2ca609bad5d085743547436ac8d05f4406f603c6ae28
master	7d52f88d880adddfa59ac73a99ee4ff79506ec06	DASHI/Physics/Closure/NSTriadKNComAdjointCollapseRound40Exact.agda	351ac4b75d473e01d123799491de18b47cdec01bea294d7513c3f4a7ed6b8363
master	7d52f88d880adddfa59ac73a99ee4ff79506ec06	DASHI/Physics/Closure/NSTriadKNComAdjointSupportEnvelopeRound43Exact.agda	141478b3ac93ce928b4d4bf209269ab6a74d69e931571cea32a70c5ab1f5b339
master	7d52f88d880adddfa59ac73a99ee4ff79506ec06	DASHI/Physics/Closure/NSTriadKNComAnnularDominantHatLocalizedRowRound66Exact.agda	5142406955b58121d0e1eed887ea77c372300e18f3a1ca44db5b11dd9e11fe2b
master	7d52f88d880adddfa59ac73a99ee4ff79506ec06	DASHI/Physics/Closure/NSTriadKNComAnnularPhysicalGramRowRound65Exact.agda	8c9574654af02db371ce4f9deec0e340c1ae1cbe3e99ca9a994d487c43b2d633
master	7d52f88d880adddfa59ac73a99ee4ff79506ec06	DASHI/Physics/Closure/NSTriadKNComBandwidthOnePreYoungRound49Exact.agda	bf6460842e2083abb9d5f9abd882e09e353b79a74441effec66a706a44d82190
master	7d52f88d880adddfa59ac73a99ee4ff79506ec06	DASHI/Physics/Closure/NSTriadKNComBishopNormalizedMajorantRound62Exact.agda	7729afa057f0ff1e47e484c87d0933bb1b1d4721e85da744511ec09b006b0dd3
master	7d52f88d880adddfa59ac73a99ee4ff79506ec06	DASHI/Physics/Closure/NSTriadKNComBonyBranchGeometryRound66Exact.agda	b5e1e99bc9a5c398dba3156f5c9dd6d6017201ca7f399ea65531733edff7889a
master	7d52f88d880adddfa59ac73a99ee4ff79506ec06	DASHI/Physics/Closure/NSTriadKNComBooleanSupportActiveReductionRound45Exact.agda	525b4dba805c7210174d12fa04361bd2b8ff29287933611461dccadf6aecaa63
master	7d52f88d880adddfa59ac73a99ee4ff79506ec06	DASHI/Physics/Closure/NSTriadKNComCanonicalAnnularCommutatorRound63Exact.agda	11be0474a8641baf1a9c66316a10fd400a9fe75f8546fcf2473f94d3d6755c87
master	7d52f88d880adddfa59ac73a99ee4ff79506ec06	DASHI/Physics/Closure/NSTriadKNComCanonicalAnnularOutputFibreRound63Exact.agda	ecbb43788e6ef73308b23a10f7a27bf9b66e179b9946145e99885b2a6aa69a09
master	7d52f88d880adddfa59ac73a99ee4ff79506ec06	DASHI/Physics/Closure/NSTriadKNComCanonicalAnnularProjectorRound63Exact.agda	272263ccf28eac3bac3e1ab189f5078388ee5c72540b6cf3ee5d56c34ffe8c74
master	7d52f88d880adddfa59ac73a99ee4ff79506ec06	DASHI/Physics/Closure/NSTriadKNComCommonHatSupportLeafRound58.agda	ff9d59d9e9d48e19e7508ccf0c308156f008753eb5f058f247eb535d069ae2e5
master	7d52f88d880adddfa59ac73a99ee4ff79506ec06	DASHI/Physics/Closure/NSTriadKNComConcreteActiveOddPQTriadRound62Exact.agda	3a1026112a968a632716c3105e06f586b98c4b894ee82f987ac5aa6e4566c4af
master	7d52f88d880adddfa59ac73a99ee4ff79506ec06	DASHI/Physics/Closure/NSTriadKNComCotlarDyadicEnvelopeRound34Exact.agda	1278aa2d28cce323e53156f2144376b06d13c813554e1da91b96f2e415b3eb4f
master	7d52f88d880adddfa59ac73a99ee4ff79506ec06	DASHI/Physics/Closure/NSTriadKNComCrossChannelRoundTripRound39Exact.agda	ccdd467bbfbbb4b13eda7e79cdbc0ea095a465c79d57e55fcd50f24ebad44564
master	7d52f88d880adddfa59ac73a99ee4ff79506ec06	DASHI/Physics/Closure/NSTriadKNComDyadicHatWidthOneRound46Exact.agda	6348d0ff13d00b91fb7204aa5021f784f8f4ccce7c1edda6231992994f79825a
master	7d52f88d880adddfa59ac73a99ee4ff79506ec06	DASHI/Physics/Closure/NSTriadKNComExplicitSoftCoefficientRound50Exact.agda	ef240e65c253e357cf921b2000ea197463feab552d851d72d523daddd3163b0a
master	7d52f88d880adddfa59ac73a99ee4ff79506ec06	DASHI/Physics/Closure/NSTriadKNComFactorizedPhysicalBandwidthOneRound65Exact.agda	5ca218e6c33e27ff84d7e31ef45010c3b6d36638d35c8c5202a1e59871cc62fe
master	7d52f88d880adddfa59ac73a99ee4ff79506ec06	DASHI/Physics/Closure/NSTriadKNComFiniteActiveDistanceRound46Exact.agda	c4cfc25a8361416bd080deda75a1e554ccd77337d07584ec3c097de8918b5c34
master	7d52f88d880adddfa59ac73a99ee4ff79506ec06	DASHI/Physics/Closure/NSTriadKNComFixedOutputFibreSchurRound54Exact.agda	770d5e5338aed7c33492d8df13f1f64ae07fd449827e52cc835c8de3c3648c77
master	7d52f88d880adddfa59ac73a99ee4ff79506ec06	DASHI/Physics/Closure/NSTriadKNComGlobalSoftCompatibilityRound51Exact.agda	84ed65acf188caa20191862932a17d5155d38b74a85a8c2b978de54285ed7d1e
master	7d52f88d880adddfa59ac73a99ee4ff79506ec06	DASHI/Physics/Closure/NSTriadKNComGramInterferenceRound35Exact.agda	e200795ddffc418d57bb25744996ae56c465ccb189a1989508ec1b9e115d2eb0
master	7d52f88d880adddfa59ac73a99ee4ff79506ec06	DASHI/Physics/Closure/NSTriadKNComGramVsOperatorRound53Exact.agda	bd56b20c2985608ab9910ef804a5cedba2b976c36b23e3dd84557fd40822f77f
master	7d52f88d880adddfa59ac73a99ee4ff79506ec06	DASHI/Physics/Closure/NSTriadKNComHardDyadicBoundaryTaylorNoGoRound67Exact.agda	497842795796d2cef8859c23d44f9814def5de81e482d50d5b6d35176ec22046
master	7d52f88d880adddfa59ac73a99ee4ff79506ec06	DASHI/Physics/Closure/NSTriadKNComIncidenceOffSupportRound46Exact.agda	ed9cd517522e1125f1870e764e7948870690cefc0e1588569a7480606277edd1
master	7d52f88d880adddfa59ac73a99ee4ff79506ec06	DASHI/Physics/Closure/NSTriadKNComLiftingFeasibilityRound52Exact.agda	905f28fc86a6104f8346b98dec307d1ecfe7c41b3379d9ea0ca5315778d33462
master	7d52f88d880adddfa59ac73a99ee4ff79506ec06	DASHI/Physics/Closure/NSTriadKNComLiteralCrossGramFalsifierRound62Exact.agda	a5326199929f4fb542e8b7db7a14dafc1a7e0a5b18aeb5ada2c70f59acf8d8c3
master	7d52f88d880adddfa59ac73a99ee4ff79506ec06	DASHI/Physics/Closure/NSTriadKNComLiteralDominantHatLocalizedRowRound64Exact.agda	2008a7737e6a0b4ce406cf986f1b9cdbb30254b4357309e8a4db6bfbcedca0ee
master	7d52f88d880adddfa59ac73a99ee4ff79506ec06	DASHI/Physics/Closure/NSTriadKNComLiteralOddPQCommutatorIdentityRound62Exact.agda	009c6019265553fa7d7d3bd84204d6545e46b18629ae2bcdc2154ebe638af527
master	7d52f88d880adddfa59ac73a99ee4ff79506ec06	DASHI/Physics/Closure/NSTriadKNComLiteralOddPQKernelRound57Exact.agda	664cf33fbf82a01f5871f8d839b76fee0d96f3c4c7e230a78ba078e65be90a89
master	7d52f88d880adddfa59ac73a99ee4ff79506ec06	DASHI/Physics/Closure/NSTriadKNComLiteralOddPQOutputFibreCommutatorRound62Exact.agda	22e088a042bbf4e451c03839499008de12bdcf564e392bfd762c532c145b7d89
master	7d52f88d880adddfa59ac73a99ee4ff79506ec06	DASHI/Physics/Closure/NSTriadKNComLiteralOutputFibreKernelRound57Exact.agda	0005031d6658aa910372a18d42c7c1845f60750bb200adb57863afad20072082
master	7d52f88d880adddfa59ac73a99ee4ff79506ec06	DASHI/Physics/Closure/NSTriadKNComLiteralPhysicalGramRowRound65Exact.agda	fca9d0ccda04129946c2e3b1735c8683f4e075773603cfb279a20a7f19efca64
master	7d52f88d880adddfa59ac73a99ee4ff79506ec06	DASHI/Physics/Closure/NSTriadKNComLiteralSameAdjacentFibreRound55Exact.agda	6f6926b28f42b32b24b453f3461a3755e0206cbf282a05cbe44622ee00dc9be7
master	7d52f88d880adddfa59ac73a99ee4ff79506ec06	DASHI/Physics/Closure/NSTriadKNComNormalizedFibreAggregateRound60Exact.agda	83c036203a4c3cf61da89a6369eb6ec186aec781fd04a76ea9fb0c08ed1c52b3
master	7d52f88d880adddfa59ac73a99ee4ff79506ec06	DASHI/Physics/Closure/NSTriadKNComNormalizedFibreMassLeafRound58.agda	cd20c47da0b474f29b31e63bc01c822c76c85c1a8943b4f0db92dcc2538be86c
master	7d52f88d880adddfa59ac73a99ee4ff79506ec06	DASHI/Physics/Closure/NSTriadKNComNormalizedFibreSourceRound60Exact.agda	1d92ad294108c36d0eb9c2aa6731c7ad9693283402c9e0bb4ecc827ae6653b44
master	7d52f88d880adddfa59ac73a99ee4ff79506ec06	DASHI/Physics/Closure/NSTriadKNComNormalizedOverlapSanityRound63Exact.agda	11de6cdf00175019f8be5ddd8d7de8bf85826acfc6cbb99cb63952e3a3c80982
master	7d52f88d880adddfa59ac73a99ee4ff79506ec06	DASHI/Physics/Closure/NSTriadKNComNormalizedSelfOverlapNoGoRound65Exact.agda	ab7a77cd67988ec37a458a59e9666d2d8aeaf9a03d3e4aa54ed6a398ad10688b
master	7d52f88d880adddfa59ac73a99ee4ff79506ec06	DASHI/Physics/Closure/NSTriadKNComNormalizedSupportProfileRound45Exact.agda	a63724375eb274738498aa98fda3265a2af7bb1bad13d3a2a670db75df1aacb8
master	7d52f88d880adddfa59ac73a99ee4ff79506ec06	DASHI/Physics/Closure/NSTriadKNComOrderedPhysicalGramFactorizationRound65Exact.agda	3cd8a317f377aa4b8d4fab403bebf2e934706cc203ea32735ef99c145ee6419f
master	7d52f88d880adddfa59ac73a99ee4ff79506ec06	DASHI/Physics/Closure/NSTriadKNComOrderedPhysicalMajorantRound62Exact.agda	238bdddf2572a727924423f2d5927e6be4ce537493d788f1850c1d74c28e9c02
master	7d52f88d880adddfa59ac73a99ee4ff79506ec06	DASHI/Physics/Closure/NSTriadKNComOutputFibreOrthogonalityRound52Exact.agda	95336b1340c03f21a6ad0c6432924b594fa6c12e81d610b8c551fd294147d6a8
master	7d52f88d880adddfa59ac73a99ee4ff79506ec06	DASHI/Physics/Closure/NSTriadKNComPQCrossChannelRound37Exact.agda	493445d5f272e03c0a07f0550a4ff4360494e050f38dfc5c7e279fcd1063a287
master	7d52f88d880adddfa59ac73a99ee4ff79506ec06	DASHI/Physics/Closure/NSTriadKNComPQInvolutionRound37Exact.agda	4a7de476e427661125ee6d486f04ea4aa11a0a747f4edef699df9f3eb07d76d9
master	7d52f88d880adddfa59ac73a99ee4ff79506ec06	DASHI/Physics/Closure/NSTriadKNComPhysicalOutputFibreSchurRound54Exact.agda	7032550a46f89c805b64b0edde3c19a5240fab2fec57f5589334fb4000b25357
master	7d52f88d880adddfa59ac73a99ee4ff79506ec06	DASHI/Physics/Closure/NSTriadKNComRawHardLowPassCommonHatNoGoRound62Exact.agda	19ea4534e3c57154e21fcb34c91849e8c4b97d2c5d01f468f1207b4a652a8785
master	7d52f88d880adddfa59ac73a99ee4ff79506ec06	DASHI/Physics/Closure/NSTriadKNComRowMassYoungSoftRound48Exact.agda	5ac06ed80c7eb0d58169ad7114e215c44c753e6b797772c1ee0bfdc3a5b916a4
master	7d52f88d880adddfa59ac73a99ee4ff79506ec06	DASHI/Physics/Closure/NSTriadKNComSameAdjacentActiveRound47Exact.agda	8f301cc71703fcd915205d55943d9e7093f994483f550374c389e4789a64213e
master	7d52f88d880adddfa59ac73a99ee4ff79506ec06	DASHI/Physics/Closure/NSTriadKNComSameShellGradingCancellationNoGoRound49Exact.agda	5f0813ea96b871d391b4a293430122b55fb3577d1376edc0598e648a2598e5dc
master	7d52f88d880adddfa59ac73a99ee4ff79506ec06	DASHI/Physics/Closure/NSTriadKNComSelfMassNormalizationNoGoRound62Exact.agda	b15972fdc8419a9926c8bcf6a9a6ab73acbb22e597c4368095ef6b3216c183f2
master	7d52f88d880adddfa59ac73a99ee4ff79506ec06	DASHI/Physics/Closure/NSTriadKNComShellBlockMajorantRound51Exact.agda	ade9950d83962a65a6d3746a75e6ea694c52698114062429ac3f0d9f82d4e75c
master	7d52f88d880adddfa59ac73a99ee4ff79506ec06	DASHI/Physics/Closure/NSTriadKNComSimpleAnnularCommonHatNoGoRound63Exact.agda	a1b69c2eab88d056bbe7d9eda9bb5166e13da30f8ec9b38d301edae77710875f
master	7d52f88d880adddfa59ac73a99ee4ff79506ec06	DASHI/Physics/Closure/NSTriadKNComSingleGramReductionRound40Exact.agda	fdb0202a4bd9623b4f9ceb022563e8ab2dfff359c2313e93f5523b605ba32e93
master	7d52f88d880adddfa59ac73a99ee4ff79506ec06	DASHI/Physics/Closure/NSTriadKNComSoftHardGateRound47Exact.agda	8c1ed1f8b82a43593c35c870779b111e0878b864c2556cdfbea949a84904da44
master	7d52f88d880adddfa59ac73a99ee4ff79506ec06	DASHI/Physics/Closure/NSTriadKNComSupportOverlapRound42Exact.agda	dde3941c8b5c4aeb9866622f1129dfbde63eb8e238c5c902fd3ebc6407296160
master	7d52f88d880adddfa59ac73a99ee4ff79506ec06	DASHI/Physics/Closure/NSTriadKNComThreeChannelRowMassRound48Exact.agda	a0d54520a2b7e3d0c2d3d228c1fa436d2651d21e325c5e4a0ac43ccf582779e3
master	7d52f88d880adddfa59ac73a99ee4ff79506ec06	DASHI/Physics/Closure/NSTriadKNComTwoBranchFiniteGramRound62Exact.agda	032e88b18437d1e0a494bfe02badc3ffa863392c5e6946211af1417db9bb80e7
master	7d52f88d880adddfa59ac73a99ee4ff79506ec06	DASHI/Physics/Closure/NSTriadKNComZ2GradingRound38Exact.agda	599c9c2b5a951b9e945fef67bb8962618d6cdda7d23f1189e4326a27383e83e4
master	7d52f88d880adddfa59ac73a99ee4ff79506ec06	DASHI/Physics/Closure/NSTriadKNCommutingPhysicalCarrierSelectorRound28Exact.agda	a2c640e053283fe492e94b067399745c74a0145c381ced54b9a9a59ca3baf2eb
master	7d52f88d880adddfa59ac73a99ee4ff79506ec06	DASHI/Physics/Closure/NSTriadKNCompactGammaDangerThresholdRound82Exact.agda	cdc317c558e32ac1621c4ee1d4697a5b714fa92bfed3fc541cb599de500cacb4
master	7d52f88d880adddfa59ac73a99ee4ff79506ec06	DASHI/Physics/Closure/NSTriadKNCompactGammaDriftNumeratorRound82Exact.agda	03e260ea12e5b7ea4b18055b5f12737fd2625f79453bb585bb7270ce949c603c
master	7d52f88d880adddfa59ac73a99ee4ff79506ec06	DASHI/Physics/Closure/NSTriadKNCompactGammaUniformOccupationWeldRound82Exact.agda	66ed98bfcac879a42e3f4b40cc74a2fcb779d9716de1b6b280f75700541fd765
master	7d52f88d880adddfa59ac73a99ee4ff79506ec06	DASHI/Physics/Closure/NSTriadKNCompactTransferHomogeneityCalibrationRound82Exact.agda	5d7bc843a931cee8b902f7ecd07f0eece4ff61948f71c300f28fedd1fe615f95
master	7d52f88d880adddfa59ac73a99ee4ff79506ec06	DASHI/Physics/Closure/NSTriadKNCompactTransferPotentialBoundedRound82Exact.agda	bfef645bbc64e78ded4d3a908d2d5fab5d2a6afd256434a2b2898269da8e6481
master	7d52f88d880adddfa59ac73a99ee4ff79506ec06	DASHI/Physics/Closure/NSTriadKNComplex3AlgebraLaws.agda	2a841ecf444c59d6279ecd067f04d6a1dc59b6e90d990fd98b584135e22082b3
master	7d52f88d880adddfa59ac73a99ee4ff79506ec06	DASHI/Physics/Closure/NSTriadKNComplex3BeltramiCrossSuppressionRound93Exact.agda	417c06a21241da42ae17e1b8783e5e9b72dbc4b094370322a08ad3de2d0cbc07
master	7d52f88d880adddfa59ac73a99ee4ff79506ec06	DASHI/Physics/Closure/NSTriadKNComplex3EnergyCancellation.agda	9980fb14e3f5282f6413353765b1ccd91ae16664ec66edc8bab480822bd71d05
master	7d52f88d880adddfa59ac73a99ee4ff79506ec06	DASHI/Physics/Closure/NSTriadKNComplex3EuclideanSelfPairing.agda	15e13c0921451e8f54d930c958d000e44f98d5bd9b9216f6a6539ed6ae02d5ef
master	7d52f88d880adddfa59ac73a99ee4ff79506ec06	DASHI/Physics/Closure/NSTriadKNComplex3ExactCarrier.agda	3bbe8044e6b5e5ca300879221ed84a085398402601df1a4d92aa22432121be55
master	7d52f88d880adddfa59ac73a99ee4ff79506ec06	DASHI/Physics/Closure/NSTriadKNComplex3FieldAlgebra.agda	d48f9344b59fea550646eefdf865659be8a6243eecbcac75fee1d48643d1f89a
master	7d52f88d880adddfa59ac73a99ee4ff79506ec06	DASHI/Physics/Closure/NSTriadKNComplex3GalerkinEquationAudit.agda	51ec4b0387848a24b22c5c8a2b77c4766ccd5d8d9687b919c08d28b15cacc165
master	7d52f88d880adddfa59ac73a99ee4ff79506ec06	DASHI/Physics/Closure/NSTriadKNComplex3HermitianAdditiveLaws.agda	9f1cde415bc313870bd4535285173ce6b9d29620a80a7a9f778afb30477ac905
master	7d52f88d880adddfa59ac73a99ee4ff79506ec06	DASHI/Physics/Closure/NSTriadKNComplex3HermitianAlgebraProgram.agda	4490f136c3aff5aa8cc5084e9ef19af7640923d1bed6d90dbffb85197e743900
master	7d52f88d880adddfa59ac73a99ee4ff79506ec06	DASHI/Physics/Closure/NSTriadKNComplex3HermitianScalingLaws.agda	63e49d633f62df62f48b7ded01416db9380ee2cf0f618392ec6f79ef6ea1cc0f
master	7d52f88d880adddfa59ac73a99ee4ff79506ec06	DASHI/Physics/Closure/NSTriadKNComplex3NullGainBridge.agda	3add2e1305757c665f6c31025bd1744f5fa9aca78e794654679331a04fb9f686
master	7d52f88d880adddfa59ac73a99ee4ff79506ec06	DASHI/Physics/Closure/NSTriadKNComplex3OrderedRealityCancellation.agda	35d64ec6edc8894ac47c6d66e616c3e11f1d5caad2ac9a17500dff8df8f5b90d
master	7d52f88d880adddfa59ac73a99ee4ff79506ec06	DASHI/Physics/Closure/NSTriadKNComplex3RealityLawsRound35Exact.agda	56086fb489ceb32402e104df46222a198a0737d62f065913ca4cc0f0f962849d
master	7d52f88d880adddfa59ac73a99ee4ff79506ec06	DASHI/Physics/Closure/NSTriadKNComplex3RealityPhaseAudit.agda	b24502ef2ab5c6c25e0d661e461bd7cf9e723fa7c039940aca46bed5d24e8699
master	7d52f88d880adddfa59ac73a99ee4ff79506ec06	DASHI/Physics/Closure/NSTriadKNComplex3RelocationInstantiation.agda	fb4a2fe1116e0359baf86d71469cd9f4b9ed6816450e45612741f8cfc2fdd46c
master	7d52f88d880adddfa59ac73a99ee4ff79506ec06	DASHI/Physics/Closure/NSTriadKNComplex3RestrictedUniquenessInputs.agda	d411e4d4899ae0134b2ba43bc7653dd9ff911099acda335089d856a5d28b1ced
master	7d52f88d880adddfa59ac73a99ee4ff79506ec06	DASHI/Physics/Closure/NSTriadKNComplex3TransverseDifference.agda	ccea45e3385bec19697a3951e0640ed3667971e4ad902105fa4acb364cbb7e7c
master	7d52f88d880adddfa59ac73a99ee4ff79506ec06	DASHI/Physics/Closure/NSTriadKNComplexCommutativeRingExact.agda	1583831d23f9f54891469215969797a498dd9fce91fb31048d2b9d14db60bd58
master	7d52f88d880adddfa59ac73a99ee4ff79506ec06	DASHI/Physics/Closure/NSTriadKNConcreteActualRetainedFiber.agda	b663a2cf50da02751ac2e315495a86ff42dccadffb0dd7d22c0ddf3588b5e677
master	7d52f88d880adddfa59ac73a99ee4ff79506ec06	DASHI/Physics/Closure/NSTriadKNConcretePairIncidenceKernelAdapter.agda	70f00fd8f1382ec7ecbbc23805606ee8ffe56787d06596cb48f066e8bef3c17d
master	7d52f88d880adddfa59ac73a99ee4ff79506ec06	DASHI/Physics/Closure/NSTriadKNConcretePhysicalGalerkinVectorFieldRound30Exact.agda	832cfec7bbd600e50c291bb0451eed653199cd889d85138d3d5f5e052b1cd365
master	7d52f88d880adddfa59ac73a99ee4ff79506ec06	DASHI/Physics/Closure/NSTriadKNConcreteReconstructedPhysicalSelectorRound29Exact.agda	3def563324862d505c349d82825b247af72d7363974257ae2511bcf8cb10b036
master	7d52f88d880adddfa59ac73a99ee4ff79506ec06	DASHI/Physics/Closure/NSTriadKNConcreteUpperSquaredPacketRound104Exact.agda	224c76efdbea9c400a2568f354a0e6cb2b285f8f81705d8b711bc1b75d115193
master	7d52f88d880adddfa59ac73a99ee4ff79506ec06	DASHI/Physics/Closure/NSTriadKNConditionalHHBadFifteenThirtySecondsGateRound46Exact.agda	6b2f093dac9662857ceea68db388d9618d5c023a7b323e1f94b4874bd2e7c595
master	7d52f88d880adddfa59ac73a99ee4ff79506ec06	DASHI/Physics/Closure/NSTriadKNCorrectedFourierAngularStrainExact.agda	157737fd1bd96186f2e3be11865e8d043001873dbd9fc03290d087d55d9d31d7
master	7d52f88d880adddfa59ac73a99ee4ff79506ec06	DASHI/Physics/Closure/NSTriadKNCotlarSteinAggregationBoundaryRound74Exact.agda	64ed073f4ec0f8bff3ff43f2c6e29e6e0fd65370bd840bb6d0edcb342a79bd15
master	7d52f88d880adddfa59ac73a99ee4ff79506ec06	DASHI/Physics/Closure/NSTriadKNCriticalAbsoluteValueAbsorptionNoGoRound102Exact.agda	ba30c4444b497db47ef93c36eccf358ae39f68390ad0dccbdc27a98eb4671b1a
master	7d52f88d880adddfa59ac73a99ee4ff79506ec06	DASHI/Physics/Closure/NSTriadKNCriticalAllocatedFrameWeightedFundingRound77Exact.agda	7e3366cc4ae8bad025582942c358feabddfcb7cdee80791c90eee655cb3603ed
master	7d52f88d880adddfa59ac73a99ee4ff79506ec06	DASHI/Physics/Closure/NSTriadKNCriticalAmbientBoundIdentityRound69Exact.agda	b6bc49f8aadb887ed9bb5f067f2361f06bcfacdcb4f4a8497c1435080950745b
master	7d52f88d880adddfa59ac73a99ee4ff79506ec06	DASHI/Physics/Closure/NSTriadKNCriticalAmplificationFactorizedConcentrationRound72Exact.agda	84ef122cf38917adfcc59f0af711d7b596b48d1d1212ea0b952c8978e0ab03a2
master	7d52f88d880adddfa59ac73a99ee4ff79506ec06	DASHI/Physics/Closure/NSTriadKNCriticalAmplificationForcesRemainderRound69Exact.agda	b564896cbd3f420e610cb66196cc103374e25bbd657445bdfa8c993d7b4ce9ef
master	7d52f88d880adddfa59ac73a99ee4ff79506ec06	DASHI/Physics/Closure/NSTriadKNCriticalAubinLionsExponentWeldRound102Exact.agda	10aa643e44f29ef7dd4b24616a1b8273fb68cebba974d1ce47cf515830592fe5
master	7d52f88d880adddfa59ac73a99ee4ff79506ec06	DASHI/Physics/Closure/NSTriadKNCriticalBlockNormalizationRound63Exact.agda	772ea44b3be6d87a10932b727a65aee086b08a7b0633bb4789c9c6cd31778bb5
master	7d52f88d880adddfa59ac73a99ee4ff79506ec06	DASHI/Physics/Closure/NSTriadKNCriticalBlockSupportSeparationNoGoRound70Exact.agda	f26416e07516cf2bc687ab4524c3b4847c581a6700e07497bf893443ac1132f4
master	7d52f88d880adddfa59ac73a99ee4ff79506ec06	DASHI/Physics/Closure/NSTriadKNCriticalCauchyCardinalityDilutionNoGoRound71Exact.agda	5bfd6f2b079a8dc36278b8346b4d4045677a0e53f9de405f812fb52363086f5d
master	7d52f88d880adddfa59ac73a99ee4ff79506ec06	DASHI/Physics/Closure/NSTriadKNCriticalCompactnessSerrinRound29Exact.agda	453156eae0740275a58ef986dbd263191134f05b098383f2e28c285d87fb1834
master	7d52f88d880adddfa59ac73a99ee4ff79506ec06	DASHI/Physics/Closure/NSTriadKNCriticalFrameWeightedPhysicalFundingRound77Exact.agda	9131e11d961c8f163131b740fe8206a1c71371c1a9a253a42eeef45e101e43aa
master	7d52f88d880adddfa59ac73a99ee4ff79506ec06	DASHI/Physics/Closure/NSTriadKNCriticalOwnerLanguageUniformBoundNoGoRound63Exact.agda	ea25d1715cc1467e899cbb204c5f95c1ccfe06d4644b788308ef0b6fa3ede646
master	7d52f88d880adddfa59ac73a99ee4ff79506ec06	DASHI/Physics/Closure/NSTriadKNCriticalProductionPacketLayerCakeRound104Exact.agda	d11594b642742a24e18abb892c203af4259b96fae879b8972013c515cab852c0
master	7d52f88d880adddfa59ac73a99ee4ff79506ec06	DASHI/Physics/Closure/NSTriadKNCriticalRatioNormalizationRound63Exact.agda	8042ddf30e73ed4d16e8df2c6b67f9e95ddca3d1a38eecfd1d844df98354d86a
master	7d52f88d880adddfa59ac73a99ee4ff79506ec06	DASHI/Physics/Closure/NSTriadKNCriticalRemainderTriadicCauchyRound71Exact.agda	5792d76a008239a9fbb90ed6bc6c2497094637a5e0a39d53c7c3ba6a00d0a54b
master	7d52f88d880adddfa59ac73a99ee4ff79506ec06	DASHI/Physics/Closure/NSTriadKNCriticalScaleHeadroomCircularityNoGoRound62Exact.agda	01c4bc27b2014ae59f631f7e93d4c9788e165a239f89788ba369504166ce94e9
master	7d52f88d880adddfa59ac73a99ee4ff79506ec06	DASHI/Physics/Closure/NSTriadKNCrossModePositiveVortexStretchingWitnessRound78Exact.agda	29d22d258f5cc2e4f59ff277fc78b18ecda8b23a6f089fd9e7c040e8d4702e58
master	7d52f88d880adddfa59ac73a99ee4ff79506ec06	DASHI/Physics/Closure/NSTriadKNCutoffUniformCotlarSteinRound30Exact.agda	d8e752eae57096a7bee7b0a3c41e97f49d99bf99a9d77a80dcae944a20b52b77
master	7d52f88d880adddfa59ac73a99ee4ff79506ec06	DASHI/Physics/Closure/NSTriadKNDNPressureHessianTransportSplitRound85Exact.agda	bf016bc778132fc941d9c0b30bd64dae8af52402825a9d084573b44a842c8861
master	7d52f88d880adddfa59ac73a99ee4ff79506ec06	DASHI/Physics/Closure/NSTriadKNDavisKahanClusterGapRound80Exact.agda	1697b75abf3a8b438b0ae342ca2bb15f1748c16bf30f4ce5c1a6a6689176b915
master	7d52f88d880adddfa59ac73a99ee4ff79506ec06	DASHI/Physics/Closure/NSTriadKNDelayedPositivePartRound29Exact.agda	87995032160cb2c061bb07784881ac4f19166a43f5ce1762642a6b6c3a32005a
master	7d52f88d880adddfa59ac73a99ee4ff79506ec06	DASHI/Physics/Closure/NSTriadKNDependentPhysicalODECarrierRound29Exact.agda	dc1919c0e603e04668a766560caef289cdf57e1cf742028399bc5e4dfed2db90
master	7d52f88d880adddfa59ac73a99ee4ff79506ec06	DASHI/Physics/Closure/NSTriadKNDependentTaxOwnerPartitionRound28Exact.agda	2929550cf4effd1f68c3fa483e2c08b3ce3451d30dd8dde0df77fd0a1f77f346
master	7d52f88d880adddfa59ac73a99ee4ff79506ec06	DASHI/Physics/Closure/NSTriadKNDeterministicDangerOccupationRound82Exact.agda	bcff89d655f181a800568fd38dc8dc6a1d9c4a2ef8bfe011dc18c1ee85a71b4c
master	7d52f88d880adddfa59ac73a99ee4ff79506ec06	DASHI/Physics/Closure/NSTriadKNDeterministicIrregularSquaredCascadeRound74Exact.agda	85503e10064908d9688e1495521c8b12c572635457db1b7adb5ab08618c4ab49
master	7d52f88d880adddfa59ac73a99ee4ff79506ec06	DASHI/Physics/Closure/NSTriadKNDeviatoricPressureAlignmentDefectRound78Exact.agda	7dfcba1fad7a4246227fadc08dc54237afa6824a867280c34f528325b9dedd76
master	7d52f88d880adddfa59ac73a99ee4ff79506ec06	DASHI/Physics/Closure/NSTriadKNDeviatoricPressureAlignmentEnableRound78Exact.agda	f7a6462554a0710958cb922b7a9fb25acba480d4c55598e855c41c39d92022bf
master	7d52f88d880adddfa59ac73a99ee4ff79506ec06	DASHI/Physics/Closure/NSTriadKNDiscreteMultiplierTelescopingRound29Exact.agda	380b494ebb92737d4856e5a252855aec8a687544083dbce14fcb6548566faa80
master	7d52f88d880adddfa59ac73a99ee4ff79506ec06	DASHI/Physics/Closure/NSTriadKNDivisionFreePluckerDefectRound28Exact.agda	e52aaf6a2ff7734b50aac6c47fa26924b9ad3ffc0e228a9c50af69e2acd69145
master	7d52f88d880adddfa59ac73a99ee4ff79506ec06	DASHI/Physics/Closure/NSTriadKNDownstreamCriticalCapAuditRound52Exact.agda	26fde7b336798c7695053056d57b9070c40e32ae76d2618ae423bd8d686da879
master	7d52f88d880adddfa59ac73a99ee4ff79506ec06	DASHI/Physics/Closure/NSTriadKNDyadicPropagationFundingNoGoRound70Exact.agda	40a38b4fc62b8dedf26fa867d424af975b4e1e25d48ea47ed429a494f463cfb4
master	7d52f88d880adddfa59ac73a99ee4ff79506ec06	DASHI/Physics/Closure/NSTriadKNEnergyCancellationAssembly.agda	ba392963840dc1f03be72c7df2f4e4447c84e2f921f441fb1b3c46cba997c949
master	7d52f88d880adddfa59ac73a99ee4ff79506ec06	DASHI/Physics/Closure/NSTriadKNExactAlgebraicRetainedTriadFiber.agda	9a280b3464b01d2528809523d08923348f2fb0301914b26b0bf310084e6a2f6f
master	7d52f88d880adddfa59ac73a99ee4ff79506ec06	DASHI/Physics/Closure/NSTriadKNExactDyadicShellGeometry.agda	ca64117a469e40c3826faf77a56fdd9b7d1352b1569a16cd08845ef558ef83d2
master	7d52f88d880adddfa59ac73a99ee4ff79506ec06	DASHI/Physics/Closure/NSTriadKNExactFiniteComplexCauchySchwarzRound65.agda	d7511167dfdfae43d178e1b162b3fb9883da425b8c69efa76c53def637514b4a
master	7d52f88d880adddfa59ac73a99ee4ff79506ec06	DASHI/Physics/Closure/NSTriadKNExactLatticeShellTriads.agda	de118419b597b4f5d5c03cc61fafddda5d45bf3ab8311797c8ee6befda672a45
master	7d52f88d880adddfa59ac73a99ee4ff79506ec06	DASHI/Physics/Closure/NSTriadKNExactLatticeTriadZeroSum.agda	40f6a1168d5362c61b182c80b3dd414b76b116462890c0ba5add161b263253f5
master	7d52f88d880adddfa59ac73a99ee4ff79506ec06	DASHI/Physics/Closure/NSTriadKNExactOrderedScalar.agda	d4c68cb4c4de656749a6ca8ceb095802e655ac47b57f9f7efe74ec45ed42a62b
master	7d52f88d880adddfa59ac73a99ee4ff79506ec06	DASHI/Physics/Closure/NSTriadKNExactPairIncidenceGramAssembly.agda	cfb8ddeeac00253a6e57f1e3fcc741bf35ac46637ff6619f6ef2ea892cbecc31
master	7d52f88d880adddfa59ac73a99ee4ff79506ec06	DASHI/Physics/Closure/NSTriadKNExactPhysicalKernelIdentification.agda	9fe577186c88a3319c4ab0adecaafccf1a03cf14a77dde5aa8656f1c656d9565
master	7d52f88d880adddfa59ac73a99ee4ff79506ec06	DASHI/Physics/Closure/NSTriadKNExactRetainedPairIncidences.agda	90fdbf6d3eb7475ab0a3e40178db1b1a29e42936c120aca802606ec44aa38916
master	7d52f88d880adddfa59ac73a99ee4ff79506ec06	DASHI/Physics/Closure/NSTriadKNExactRingSolverBridge.agda	35952be45b25574a5b57507e795be43528760e728b4a332985fa3a4c572f2fdb
master	7d52f88d880adddfa59ac73a99ee4ff79506ec06	DASHI/Physics/Closure/NSTriadKNExactSignedGalerkinCoefficient.agda	a2fb295423c32be8f6153a7688edbbdddb8c405e5da7f12e8f0e77de5b3e7691
master	7d52f88d880adddfa59ac73a99ee4ff79506ec06	DASHI/Physics/Closure/NSTriadKNExistingExcessToSignedCriticalProductionRound104Exact.agda	9873a8ee8d48e3e7446b0b5babd70bf110ffc1580f6c22559de3e840e59ec37a
master	7d52f88d880adddfa59ac73a99ee4ff79506ec06	DASHI/Physics/Closure/NSTriadKNF4GlobalOutputFiberPartitionRound39Exact.agda	d1e98a3d56e643be17c1880a0876661f16d1502fb6008a6a26dd92486710c971
master	7d52f88d880adddfa59ac73a99ee4ff79506ec06	DASHI/Physics/Closure/NSTriadKNF4ProjectedOutputPairingRound39Exact.agda	319eeca88fefd8b12713a014eabb664417f62599287cc0fa1b247f791eae18f2
master	7d52f88d880adddfa59ac73a99ee4ff79506ec06	DASHI/Physics/Closure/NSTriadKNFactorizationRescalingNoGoRound72Exact.agda	58db8a6422eefc7916d73893982d069e3e1bec415e90191f42d5a3359c1fcf72
master	7d52f88d880adddfa59ac73a99ee4ff79506ec06	DASHI/Physics/Closure/NSTriadKNFactorizedEffectiveComplexityCauchyRound72Exact.agda	50ee1fca985996b75510adafd30aaaf02dc62bf66cfe896c9af1e1dc4493e56b
master	7d52f88d880adddfa59ac73a99ee4ff79506ec06	DASHI/Physics/Closure/NSTriadKNFeffermanPeriodicClayStatementExact.agda	f3ef1705986bbf516aa65d88ec490c861d740fdacca162594921555d9846a779
master	7d52f88d880adddfa59ac73a99ee4ff79506ec06	DASHI/Physics/Closure/NSTriadKNFiniteCoordinateAlgebraCore.agda	5c15cbbacf1f14b3a31816b006f31a53686fe0ca7127546ce355a586e021c242
master	7d52f88d880adddfa59ac73a99ee4ff79506ec06	DASHI/Physics/Closure/NSTriadKNFiniteDisjointConcentrationBudgetRound69Exact.agda	8dc5e5ba068ef2b7994b491642e2132455798d20c0d488bb306bf253df0b4fda
master	7d52f88d880adddfa59ac73a99ee4ff79506ec06	DASHI/Physics/Closure/NSTriadKNFiniteFlowBlowupAlternativeRound29Exact.agda	e6a4d552f3dfb4f25aa5a0f97800c0ac2c3327b69e27a6ebfd8ac8566375bb8a
master	7d52f88d880adddfa59ac73a99ee4ff79506ec06	DASHI/Physics/Closure/NSTriadKNFiniteGalerkinLocalLipschitzRound28Exact.agda	761801af7af8b4e9e4071aef812387059cf6845b87b287f2b14a54cc3621b7bb
master	7d52f88d880adddfa59ac73a99ee4ff79506ec06	DASHI/Physics/Closure/NSTriadKNFiniteGalerkinVectorLipschitzRound29Exact.agda	e8b3b52871be0aa96c3b23f0bfd95d5a92cc3d1c16a39d66b5aaa36e4117079f
master	7d52f88d880adddfa59ac73a99ee4ff79506ec06	DASHI/Physics/Closure/NSTriadKNFiniteHermitianDiagonalMultiplierExact.agda	1b1585dfe378b8f5f39ffbf74e60b6cc84f2020c8d5b5e0d4ae3ae1adcb5d937
master	7d52f88d880adddfa59ac73a99ee4ff79506ec06	DASHI/Physics/Closure/NSTriadKNFinitePhysicalCoordinateEquivalenceRound30Exact.agda	1ea362691dd2ee5a7c4adb5ee843d64e9a6dab128dd7b13ab118aa657c037de9
master	7d52f88d880adddfa59ac73a99ee4ff79506ec06	DASHI/Physics/Closure/NSTriadKNFiniteRadialTransferExteriorRound102Exact.agda	15455423cd5e5b74e5eace44d19e80ae6ca3f6461127c5c1cf63e25d9b17f11d
master	7d52f88d880adddfa59ac73a99ee4ff79506ec06	DASHI/Physics/Closure/NSTriadKNFiniteRationalSlotAssignmentBridgeRound74Exact.agda	3b09cafdfec071bda17b6434a6ca56c98def4ad5e54ebc3332b4e1f608864acc
master	7d52f88d880adddfa59ac73a99ee4ff79506ec06	DASHI/Physics/Closure/NSTriadKNFiniteRealCanonicalCoordinateCarrierRound71Exact.agda	30481904c8b9ab15ebdfb4474abbfe8c02289d1aceb62d0c9eabfe339892dadb
master	7d52f88d880adddfa59ac73a99ee4ff79506ec06	DASHI/Physics/Closure/NSTriadKNFiniteTranslationMultiplierCommutatorRound27Exact.agda	b68d1bfa51a4593c1779d4a23dd35ed5a2c595fd49f5d11bbf9e03877f07e628
master	7d52f88d880adddfa59ac73a99ee4ff79506ec06	DASHI/Physics/Closure/NSTriadKNFiniteTrigonometricGalerkinEquivalence.agda	59e77c61b0ef44377d5cba9f76cc023c8535c92593243c6192d96b0364b09cd0
master	7d52f88d880adddfa59ac73a99ee4ff79506ec06	DASHI/Physics/Closure/NSTriadKNFiveOwnerReserveReductionRound44Exact.agda	378623b91fcb58ecf137a757bc80d3a599a4060c59fba2fdc21f0d9181b612c3
master	7d52f88d880adddfa59ac73a99ee4ff79506ec06	DASHI/Physics/Closure/NSTriadKNFiveOwnerToIntegratedCutoffRound44Exact.agda	3fac65f78a35b28ca541da15c000f07356264da276b96e85b0a783653783a644
master	7d52f88d880adddfa59ac73a99ee4ff79506ec06	DASHI/Physics/Closure/NSTriadKNFixedCanonicalRealityLookupExactRound71Exact.agda	2fc3b120e62a725df031e2349cda76a111eab57b765a572f8b1029765a588327
master	7d52f88d880adddfa59ac73a99ee4ff79506ec06	DASHI/Physics/Closure/NSTriadKNFixedCanonicalRealityVectorFieldRound71Exact.agda	ac63b3c4591b5e6b60daa5d0efffacdceb6dc45863d5735ebca0d44f13f8e3bf
master	7d52f88d880adddfa59ac73a99ee4ff79506ec06	DASHI/Physics/Closure/NSTriadKNFixedCanonicalTransverseInvariantRound71Exact.agda	99853e17206ec69fbc27a1e5122ca8a39f07c711ae9f3ccb6dee837636f155e3
master	7d52f88d880adddfa59ac73a99ee4ff79506ec06	DASHI/Physics/Closure/NSTriadKNFixedCanonicalVectorFieldDegreeTwoRound71Exact.agda	ffa0a3be1ea9ad91c4eba6c6c10b7f8a1e434fedfc0332d188c68f35555a9a82
master	7d52f88d880adddfa59ac73a99ee4ff79506ec06	DASHI/Physics/Closure/NSTriadKNFixedOutputFiberThreeDOFRound72Exact.agda	3f0862498ccc672e7df085c62d7ba9c1fe31c7afd9655df167e6c5792ecd55cd
master	7d52f88d880adddfa59ac73a99ee4ff79506ec06	DASHI/Physics/Closure/NSTriadKNFixedOutputTwoChannelChargeRound75Exact.agda	f898da7cbc92f8455c3d31446a5e5955472d05f7ac1b49ed9d42f4ea34280348
master	7d52f88d880adddfa59ac73a99ee4ff79506ec06	DASHI/Physics/Closure/NSTriadKNFixedOutputTwoChannelFrameRound75Exact.agda	8b63fb6a16172e9ef541a65d486165ec82b1106e2f3205b06e151bde24688244
master	7d52f88d880adddfa59ac73a99ee4ff79506ec06	DASHI/Physics/Closure/NSTriadKNFixedOutputTwoChannelNormalizedChargeRound76Exact.agda	9f9c1f594661767ef556c07cf4f99ffc0ced3771a0ed003f667a81ad5ba2315c
master	7d52f88d880adddfa59ac73a99ee4ff79506ec06	DASHI/Physics/Closure/NSTriadKNFixedShiftAggregateCriticalCapRound54Exact.agda	302cda6daf2b46340e9c4c3d8ffa55a85144a1c482070e8beaf957a07f47443c
master	7d52f88d880adddfa59ac73a99ee4ff79506ec06	DASHI/Physics/Closure/NSTriadKNFixedShiftCoefficientRound53Exact.agda	c1181732ef041eb9007946e50c3d46f71c982a94f1084f5fe755dd87f6209513
master	7d52f88d880adddfa59ac73a99ee4ff79506ec06	DASHI/Physics/Closure/NSTriadKNFixedShiftCoefficientSeparationRound53Exact.agda	420bde47fce1f061b96ad20afe6bc364ec5f8a979d30ea65e479786e9845188f
master	7d52f88d880adddfa59ac73a99ee4ff79506ec06	DASHI/Physics/Closure/NSTriadKNFixedShiftConcreteFalsifiersRound62Exact.agda	dd1acfca2f1857b2cd5de3e3169a356c19f132b3e4cb465f12a1692fd5d4bd39
master	7d52f88d880adddfa59ac73a99ee4ff79506ec06	DASHI/Physics/Closure/NSTriadKNFixedShiftCorrectionHeadroomRound54Exact.agda	cbf10b66f8ac48464d63c7ab2554679b7145b15c267968b3dd8fda7a2a646c66
master	7d52f88d880adddfa59ac73a99ee4ff79506ec06	DASHI/Physics/Closure/NSTriadKNFixedShiftKernelZeroTwoSoftDataScaleRound62Exact.agda	f11fd688774716b60cd10a5e542f84be6a7b6e94df2d39b0b3f0e32d77d44297
master	7d52f88d880adddfa59ac73a99ee4ff79506ec06	DASHI/Physics/Closure/NSTriadKNFixedShiftNineOwnerDataScaleRound62Exact.agda	a291fbcd2c36a48ddeab7d9aab42bd9ec0f32f41b0fcfbb0ebd23680805e4553
master	7d52f88d880adddfa59ac73a99ee4ff79506ec06	DASHI/Physics/Closure/NSTriadKNFixedShiftPhysicalCapacityAdapterRound58.agda	f4a1b18cd0b8e412a109ee154e525319545f873cbc7670516d585d4d439224eb
master	7d52f88d880adddfa59ac73a99ee4ff79506ec06	DASHI/Physics/Closure/NSTriadKNFixedShiftPhysicalCapacityLeafRound58.agda	f4a1101a8399ef288d37d8ae1be55f69a45b5feeddc9702ac4e3f839c64986f4
master	7d52f88d880adddfa59ac73a99ee4ff79506ec06	DASHI/Physics/Closure/NSTriadKNFixedShiftPositiveGapFalsifierRound61Exact.agda	75bf6a3698c0c6e884284e9a8955bc7dad6617d6a1b0508eebf61929640491ab
master	7d52f88d880adddfa59ac73a99ee4ff79506ec06	DASHI/Physics/Closure/NSTriadKNFixedShiftScaleMatchedCapacityRound60Exact.agda	64afa6473663e537e032043715e12f7585407aed7324066ff48646dbd7bba55b
master	7d52f88d880adddfa59ac73a99ee4ff79506ec06	DASHI/Physics/Closure/NSTriadKNFixedShiftSharpStrictGapCapacityRound61Exact.agda	273e83f8a7b40bb26ef216174c3159cd0221eadd3fdbd7aa1e541a4de5d3167b
master	7d52f88d880adddfa59ac73a99ee4ff79506ec06	DASHI/Physics/Closure/NSTriadKNFixedShiftStrictGapCapacityRound61Exact.agda	7f8b9c4d81cb9c9b815c0e68266d92d5487cab24f489229e37ab76847480b912
master	7d52f88d880adddfa59ac73a99ee4ff79506ec06	DASHI/Physics/Closure/NSTriadKNFixedShiftThreeSoftDataScaleRound62Exact.agda	e1ee4ba74b069f844741f8436807392616d4a8415cf53e0c49cb1d19abb143fb
master	7d52f88d880adddfa59ac73a99ee4ff79506ec06	DASHI/Physics/Closure/NSTriadKNFixedShiftUniformProductCapacityRound57Exact.agda	e9ffee75445ab8c91c7e09e3aad410472685db7b7462ef97fa0fe240a6e9493b
master	7d52f88d880adddfa59ac73a99ee4ff79506ec06	DASHI/Physics/Closure/NSTriadKNFoiasRosaTemamSojournBoundaryRound80Exact.agda	bfa8522aa69e02057fdb2708ac60ff97dcaa8ea7ad866c7d098fc34e925ef89e
master	7d52f88d880adddfa59ac73a99ee4ff79506ec06	DASHI/Physics/Closure/NSTriadKNForcedTailClosureDependency.agda	9579f3e3bd83820338cf67922c0d92f74ea4b38b402189357e5f1cf9b63d13fd
master	7d52f88d880adddfa59ac73a99ee4ff79506ec06	DASHI/Physics/Closure/NSTriadKNForcedTailConcreteIncidenceType.agda	57e46b5ce3d5ed33beb811c544e82eaf803733f81f352d6c37b07815fbddd279
master	7d52f88d880adddfa59ac73a99ee4ff79506ec06	DASHI/Physics/Closure/NSTriadKNForcedTailConcreteNatBounds.agda	31e2e177a35efa1a28b80f4c8fe4047210fb667e21388265f9186b78eb523630
master	7d52f88d880adddfa59ac73a99ee4ff79506ec06	DASHI/Physics/Closure/NSTriadKNForcedTailPrimitiveEstimates.agda	e04108d62fdbe86a53ea43d903910142532a9fb19a1d5a111598750b8d0e601e
master	7d52f88d880adddfa59ac73a99ee4ff79506ec06	DASHI/Physics/Closure/NSTriadKNForcedTailRowUniformBound.agda	761d89299ade9211239ef08fcf520507ac26e253c37c1bc7bbdb1a267361fd15
master	7d52f88d880adddfa59ac73a99ee4ff79506ec06	DASHI/Physics/Closure/NSTriadKNFourierBiotSavartExact.agda	8263cd949d8782ce23807b6b85c15bb78959c7468bb90c58340ff79ce4d86f0b
master	7d52f88d880adddfa59ac73a99ee4ff79506ec06	DASHI/Physics/Closure/NSTriadKNFourierSelfModeVortexStretchingNoGoRound78Exact.agda	43bf18642c53bf5b2a0d4ae002ca3b1ce5caa63cc546e29de8f96bb91263b52a
master	7d52f88d880adddfa59ac73a99ee4ff79506ec06	DASHI/Physics/Closure/NSTriadKNFourierStrainExactFiniteDifferenceRound68Exact.agda	54f84cedd892dcc3ed8641a1d4a91833c02fcd45937a8df5d7187243dcd3fea0
master	7d52f88d880adddfa59ac73a99ee4ff79506ec06	DASHI/Physics/Closure/NSTriadKNFourierStrainFirstVariationFrobeniusRound68Exact.agda	23743f95dd8e6324e56d544262b49c7d750a3d3f806d2426d0799fcccd43cd71
master	7d52f88d880adddfa59ac73a99ee4ff79506ec06	DASHI/Physics/Closure/NSTriadKNFourierStrainFrobeniusBoundRound68Exact.agda	5ac7ae80f923e97b5bbc989e738b4aca4ee0c2af1546d8e62024d9e5619ba61f
master	7d52f88d880adddfa59ac73a99ee4ff79506ec06	DASHI/Physics/Closure/NSTriadKNFourierStrainModeParityRound67Exact.agda	424b24498a48395c0fe207b7ac019bd35d90058e31a0363ad96b92a777acd4dd
master	7d52f88d880adddfa59ac73a99ee4ff79506ec06	DASHI/Physics/Closure/NSTriadKNFourierStrainMultiplierRound38Exact.agda	21893b8a46a66aef4b3610d10fc3b03897cc23d63fbc99de8672204c6ff9064a
master	7d52f88d880adddfa59ac73a99ee4ff79506ec06	DASHI/Physics/Closure/NSTriadKNFourierStrainScaleInvariantRound40Exact.agda	cd62e54269ed096f58010d03657c25bb22b6fd176b4cd38b2160f46b2050b03a
master	7d52f88d880adddfa59ac73a99ee4ff79506ec06	DASHI/Physics/Closure/NSTriadKNFourierStrainSecondOrderTaylorRound68Exact.agda	795caa540ef7469a467e62e9fa0c09016713581b7a775f8a878a0daad2755f26
master	7d52f88d880adddfa59ac73a99ee4ff79506ec06	DASHI/Physics/Closure/NSTriadKNFrameProductToNormalizedComplexityRound73Exact.agda	0abd569db0edbdb173213d4df724c1ec64813fa544f09462f6a4907bb3f41179
master	7d52f88d880adddfa59ac73a99ee4ff79506ec06	DASHI/Physics/Closure/NSTriadKNFrameWeightedFinalAntichainBudgetRound77Exact.agda	bbee743e5f7276b3fec934669ae08461353528323906c78adaa77f30793841ea
master	7d52f88d880adddfa59ac73a99ee4ff79506ec06	DASHI/Physics/Closure/NSTriadKNFrameWeightedSquareChargeRound77Exact.agda	57b972bbe7183840bf4adc0d0484ae298dd8b59c7a78215a5bc786c4ec53be47
master	7d52f88d880adddfa59ac73a99ee4ff79506ec06	DASHI/Physics/Closure/NSTriadKNFrameWeightedStretchingDepletionGateRound78Exact.agda	a718ee55b3f59abfa40449f045d48f4d4f7c7a6a135d9bb1dd7b083f296e69cf
master	7d52f88d880adddfa59ac73a99ee4ff79506ec06	DASHI/Physics/Closure/NSTriadKNFrameWeightedSupercriticalPropagationRound77Exact.agda	a18aac4f9a115968d2efb97dfe22e7eaa61744b17424b902a518c590b1549c20
master	7d52f88d880adddfa59ac73a99ee4ff79506ec06	DASHI/Physics/Closure/NSTriadKNFullShellIncidenceFunctionalityNoGoRound63Exact.agda	03eb2ece693a4c8f15f377447b070a53b4a0f105e2d979b52ea58dec78d10179
master	7d52f88d880adddfa59ac73a99ee4ff79506ec06	DASHI/Physics/Closure/NSTriadKNGammaSemanticSeparationRound82Exact.agda	83c5e31c91600320ac6cdf96a46c6e492c039bec00c724e7c2b137762909db3d
master	7d52f88d880adddfa59ac73a99ee4ff79506ec06	DASHI/Physics/Closure/NSTriadKNGenericRadialAbelLayerCakeRound105Exact.agda	b0942f62419989a413f855a85b7bdfd4eb1ff6175c6fc2192f0093aef39ccd0c
master	7d52f88d880adddfa59ac73a99ee4ff79506ec06	DASHI/Physics/Closure/NSTriadKNGlobalBilinearShellPairingRound29Exact.agda	fca859906e40bded50687990c1d1fb159dde6f6a5ab26c86545ef7b92f672959
master	7d52f88d880adddfa59ac73a99ee4ff79506ec06	DASHI/Physics/Closure/NSTriadKNGlobalDangerBarrierEquivalenceRound105Exact.agda	94663ba50371857d607385c475ce723074429c5bf7a83e4f0db9d8e0f5cd5233
master	7d52f88d880adddfa59ac73a99ee4ff79506ec06	DASHI/Physics/Closure/NSTriadKNGlobalEffectiveSoftFloorGateRound51Exact.agda	738873d5d151344ba182b980ddca0881992f9136104fb6d7e4ecddeb1c954399
master	7d52f88d880adddfa59ac73a99ee4ff79506ec06	DASHI/Physics/Closure/NSTriadKNGlobalGateIffRound53Exact.agda	bd55c8abc4e67da67de35a61edd08cf598fe8000e4afd4e4dcc733a4c56c82b3
master	7d52f88d880adddfa59ac73a99ee4ff79506ec06	DASHI/Physics/Closure/NSTriadKNGlobalSignedDangerPositivePartRound105Exact.agda	70fd83a793035dfc2e9749d5967100504109641886157944ab9a1cbb8a02300d
master	7d52f88d880adddfa59ac73a99ee4ff79506ec06	DASHI/Physics/Closure/NSTriadKNGlobalSignedDangerToCriticalRound105Exact.agda	c309321a200f8964a62f1266a4317260e5566bada04d7b981237832ea3eaa495
master	7d52f88d880adddfa59ac73a99ee4ff79506ec06	DASHI/Physics/Closure/NSTriadKNGrafakosTorresAffineWeightTemplate.agda	af340086e960ce3aa497bea320169ae0f9aebd8cf5a4553a91616de075654634
master	7d52f88d880adddfa59ac73a99ee4ff79506ec06	DASHI/Physics/Closure/NSTriadKNGrafakosTorresPowerLawOrientation.agda	79afebfab3773eb4fce8f0afb2874d37ed2761148ef324acce0443dd7a864aec
master	7d52f88d880adddfa59ac73a99ee4ff79506ec06	DASHI/Physics/Closure/NSTriadKNGrafakosTorresThreeFunctionSchurProgram.agda	440062afe82b8a1dcd7bfc6cd8a476df90e3c51da30853abdfa8dada401a241e
master	7d52f88d880adddfa59ac73a99ee4ff79506ec06	DASHI/Physics/Closure/NSTriadKNHHBadAmplitudeHomogeneityRound43Exact.agda	5d27dc0ca3ac4ef94ee4ed27d09c5379896064a422818f187bf31dc6f2901aaa
master	7d52f88d880adddfa59ac73a99ee4ff79506ec06	DASHI/Physics/Closure/NSTriadKNHHBadBarrierLiveGateRound52Exact.agda	5673bca5e11eb6f41caad865bc9949555f5872528a2d19a15a54bd3cc994fc6d
master	7d52f88d880adddfa59ac73a99ee4ff79506ec06	DASHI/Physics/Closure/NSTriadKNHHBadBarrierToOwnerRound52Exact.agda	139e6b6a185456c94ea675795cc8ee83ea464c6e3ca0471004f80da7531cbf39
master	7d52f88d880adddfa59ac73a99ee4ff79506ec06	DASHI/Physics/Closure/NSTriadKNHHBadCapacityProductRound63Exact.agda	f57fa457966b4e760f3a191a795ab5af62f34a409c331c2e02dc713957c28012
master	7d52f88d880adddfa59ac73a99ee4ff79506ec06	DASHI/Physics/Closure/NSTriadKNHHBadCeilingExistenceIffStrictTargetsRound49Exact.agda	8ff6e3990fe5ff44bb823572ee6a445caf68b020944d1c3a34b96f5d3555bf6d
master	7d52f88d880adddfa59ac73a99ee4ff79506ec06	DASHI/Physics/Closure/NSTriadKNHHBadContractiveToWeightedGreenRound51Exact.agda	1ac35e475f1063c392616f11cb1467492d2b89ead263294ab2a4c991dd1d8009
master	7d52f88d880adddfa59ac73a99ee4ff79506ec06	DASHI/Physics/Closure/NSTriadKNHHBadDefectOwnerScalingRound40Exact.agda	3f59784d8c5dd45e81dd87429f21c6cf66c7c7741641e447974048eccd9076cc
master	7d52f88d880adddfa59ac73a99ee4ff79506ec06	DASHI/Physics/Closure/NSTriadKNHHBadDefectRecurrenceNormalizationRound46Exact.agda	49703d876ee24095ec524f2c6406b3a547b6f257e15b7106b7d277330b218489
master	7d52f88d880adddfa59ac73a99ee4ff79506ec06	DASHI/Physics/Closure/NSTriadKNHHBadDefectToNormalizedProfileRound45Exact.agda	2e7438cef461ff3a07177a270f3fcfa7047a90954f8b5e1c22e4650284bde06f
master	7d52f88d880adddfa59ac73a99ee4ff79506ec06	DASHI/Physics/Closure/NSTriadKNHHBadDeltaQuantifierAuditRound47Exact.agda	8a9d45e913f14982e5e4db64dde4d0e652e69c3a3e7fe12cd552e443cb2142ce
master	7d52f88d880adddfa59ac73a99ee4ff79506ec06	DASHI/Physics/Closure/NSTriadKNHHBadDirectLiveBudgetRound49Exact.agda	c62aefc82708b5714c6ce5b452d7ab81466eb8865e2d88b82d4443761153e14b
master	7d52f88d880adddfa59ac73a99ee4ff79506ec06	DASHI/Physics/Closure/NSTriadKNHHBadDirectOwnerRound43Exact.agda	73afb685aa6ef45ecec599a6479a88709cb399bc0702e7aafe30683c14d68495
master	7d52f88d880adddfa59ac73a99ee4ff79506ec06	DASHI/Physics/Closure/NSTriadKNHHBadDirectPhysicalHeadroomRound62Exact.agda	c7933148ce961d7a9a5a0141cd8139372c060046184ef6bb4cf1a995afaf80cf
master	7d52f88d880adddfa59ac73a99ee4ff79506ec06	DASHI/Physics/Closure/NSTriadKNHHBadDirectSlackGateRound49Exact.agda	b35d8e5a02c0a604c3c48bf465005688d29a883dbf3c8bff6e760b2e1ee7b112
master	7d52f88d880adddfa59ac73a99ee4ff79506ec06	DASHI/Physics/Closure/NSTriadKNHHBadDirectTargetToSelectedRecurrenceRound49Exact.agda	f159e1769cb59c90117cffeb374a5fea4fa68c68b3916472489ec39b2c2620fc
master	7d52f88d880adddfa59ac73a99ee4ff79506ec06	DASHI/Physics/Closure/NSTriadKNHHBadDissipativeFloorChargingRound36Exact.agda	ba3e464b355560c47b2cf969fd6423f62817a1a305e11a3896dd90d62238a887
master	7d52f88d880adddfa59ac73a99ee4ff79506ec06	DASHI/Physics/Closure/NSTriadKNHHBadDominatedRecurrenceMultiplicityRound61Exact.agda	7d15936aa88721e83071f38e7128eef5cfe8be10a1e9537ec89b4806a8377f70
master	7d52f88d880adddfa59ac73a99ee4ff79506ec06	DASHI/Physics/Closure/NSTriadKNHHBadDuhamelDefectReductionRound49Exact.agda	2e273c1d2d9db13d2159dcdfc5dc4e886b6b11121b04f08c4e94c9a446c19a75
master	7d52f88d880adddfa59ac73a99ee4ff79506ec06	DASHI/Physics/Closure/NSTriadKNHHBadDyadicInheritedHalfRound48Exact.agda	f0896147c48ebb78b68d8106b5b608dd66899c5bef60cf97a650671333eaa2ea
master	7d52f88d880adddfa59ac73a99ee4ff79506ec06	DASHI/Physics/Closure/NSTriadKNHHBadDyadicScalePrimitivesRound58.agda	df77e642ed50e9914b80e7d887270ed896fa9d74696f24377410aa25d01bf316
master	7d52f88d880adddfa59ac73a99ee4ff79506ec06	DASHI/Physics/Closure/NSTriadKNHHBadDyadicThreeMechanismRecurrenceRound48Exact.agda	28703d4ecddb4cbd621e484d36f9311522d95a92f8b5a92aa7a1c1319f2ece0a
master	7d52f88d880adddfa59ac73a99ee4ff79506ec06	DASHI/Physics/Closure/NSTriadKNHHBadEnergyNormalizedCoercivityRound37Exact.agda	1e1980bff04b235484438abc1815343e176a6f5008079e2c683a264e60f72f9d
master	7d52f88d880adddfa59ac73a99ee4ff79506ec06	DASHI/Physics/Closure/NSTriadKNHHBadFeasibilityRound29Exact.agda	0a5b4bf582741b54e78833acc8f97ae526424b5faa7a389f4eaf5f49ce7ebe1d
master	7d52f88d880adddfa59ac73a99ee4ff79506ec06	DASHI/Physics/Closure/NSTriadKNHHBadFiniteTransientTailBarrierRound55Exact.agda	7403ae0a19ba7fd56fd3c3541ffb9127ec5e5a47aed31a61351089458953abf0
master	7d52f88d880adddfa59ac73a99ee4ff79506ec06	DASHI/Physics/Closure/NSTriadKNHHBadGainBelowDefectProfileRound51Exact.agda	168fd7f8e75bf86d392316177c314da74bae32c4b1505e7ccae0ee02d600831d
master	7d52f88d880adddfa59ac73a99ee4ff79506ec06	DASHI/Physics/Closure/NSTriadKNHHBadGreenClosedFormRound52Exact.agda	4e2daf77073c6c707ef6bba2389e000d3da600071c3b512e7e72644dcc1d752f
master	7d52f88d880adddfa59ac73a99ee4ff79506ec06	DASHI/Physics/Closure/NSTriadKNHHBadHeadroomRound53Exact.agda	3ad9a9fa56504b49cc2d8ed055780759c3747ca52607d0c1140254052d52ff65
master	7d52f88d880adddfa59ac73a99ee4ff79506ec06	DASHI/Physics/Closure/NSTriadKNHHBadHeatHalfPositiveForcingNoGoRound50Exact.agda	e784c0648a2ac420dac59a79c8d3a5e32642d18c40ca4734a38c7a7b339867c6
master	7d52f88d880adddfa59ac73a99ee4ff79506ec06	DASHI/Physics/Closure/NSTriadKNHHBadHeatSemigroupHalfRound48Exact.agda	61b62f6b2129c11df120ad825edc94f2352ae7b4ccac227ef4c734b555a9b18c
master	7d52f88d880adddfa59ac73a99ee4ff79506ec06	DASHI/Physics/Closure/NSTriadKNHHBadInheritedDominationRound49Exact.agda	06f14718f9f3e4d4e6b7c0220eed5a11d8a0f3c727d8909cb6a0a186050d2a2e
master	7d52f88d880adddfa59ac73a99ee4ff79506ec06	DASHI/Physics/Closure/NSTriadKNHHBadInheritedGeneratedLeakageRound48Exact.agda	3e9ef98d491ff45058d27e62d53cee77a9da7b910ff7a13281be01a3539ab578
master	7d52f88d880adddfa59ac73a99ee4ff79506ec06	DASHI/Physics/Closure/NSTriadKNHHBadInverseSquareBeatsRequiredGainRound42Exact.agda	f5038f858787ddac579ec1f7ce0998b6bfee42b513b8949aaf0cc8f8330b2ad0
master	7d52f88d880adddfa59ac73a99ee4ff79506ec06	DASHI/Physics/Closure/NSTriadKNHHBadLiteralComponentCapacityRound57Exact.agda	f36a4006ae96b2ab85d72d9bbfc58b20a6630bb5b625f72accc9676e02eea3e3
master	7d52f88d880adddfa59ac73a99ee4ff79506ec06	DASHI/Physics/Closure/NSTriadKNHHBadLiteralDuhamelAdapterRound58Exact.agda	7db95559fe8475fc91a144e4885f184e66d024638ae6505a751d07a8410c31a1
master	7d52f88d880adddfa59ac73a99ee4ff79506ec06	DASHI/Physics/Closure/NSTriadKNHHBadLiteralNormalizedGenerationRound57Exact.agda	68b5264bc47ebf5be161d13d1e023ee80156efa03ee24fd4aa0b745ba5e91744
master	7d52f88d880adddfa59ac73a99ee4ff79506ec06	DASHI/Physics/Closure/NSTriadKNHHBadLiteralProductionDissipationScalingRound42Exact.agda	b39760ffc1ea6c14025e03f740132308a3833c5637864b85743a141ba23823eb
master	7d52f88d880adddfa59ac73a99ee4ff79506ec06	DASHI/Physics/Closure/NSTriadKNHHBadLiteralVorticityInteractionScalingRound42Exact.agda	e1f2923fd35aca5ead1cbaeee8d5823aeb6022f7749d5acf1026822bfa762a65
master	7d52f88d880adddfa59ac73a99ee4ff79506ec06	DASHI/Physics/Closure/NSTriadKNHHBadLiveBudgetTargetRound48Exact.agda	f1480b95ecd717babf00b8c9159bf194346bb093f5c723b11eb946acaa12e18c
master	7d52f88d880adddfa59ac73a99ee4ff79506ec06	DASHI/Physics/Closure/NSTriadKNHHBadMinimalCapacityRound54Exact.agda	e292324adcda83055976c6bd2b9fef52acedd3224b387360b192d53baa47529b
master	7d52f88d880adddfa59ac73a99ee4ff79506ec06	DASHI/Physics/Closure/NSTriadKNHHBadMinimalCapacityToOwnerRound54Exact.agda	ea35fc74318274d707aecec1709e974eda5fe8ddead37e6c4885faae3a0eec74
master	7d52f88d880adddfa59ac73a99ee4ff79506ec06	DASHI/Physics/Closure/NSTriadKNHHBadNonexpansiveSummableForcingRound50Exact.agda	a1110f7573b621e27d4b6973ca158a1c4a60fe3d92c0d1ad10c50647552523fb
master	7d52f88d880adddfa59ac73a99ee4ff79506ec06	DASHI/Physics/Closure/NSTriadKNHHBadNormalizedProfileRound45Exact.agda	1eff911b26d5b86c011bff413826e1f24314d880c64f82a60f90952c9d65a87e
master	7d52f88d880adddfa59ac73a99ee4ff79506ec06	DASHI/Physics/Closure/NSTriadKNHHBadOneDerivativeDirectOwnerRound44Exact.agda	988da27831fd584117399a2bf4410e2aede89261bdc283806e69d26189043bed
master	7d52f88d880adddfa59ac73a99ee4ff79506ec06	DASHI/Physics/Closure/NSTriadKNHHBadOneDerivativeFactorizationRound44Exact.agda	7b0d476f5fa816171d92884c709c27e632696e87212a23dc7c6908c8f8891263
master	7d52f88d880adddfa59ac73a99ee4ff79506ec06	DASHI/Physics/Closure/NSTriadKNHHBadPhysicalCapacityProductWeldRound68Exact.agda	78c7ba7c39306e60492dbea39ad9b1a4734b682f4871f3aa51a764a59250c7de
master	7d52f88d880adddfa59ac73a99ee4ff79506ec06	DASHI/Physics/Closure/NSTriadKNHHBadPhysicalDuhamelSourceRound59.agda	999aaf4ce1b6ca7db8492ebb6debe7a970ab8867dd929f21a5903c4387944c37
master	7d52f88d880adddfa59ac73a99ee4ff79506ec06	DASHI/Physics/Closure/NSTriadKNHHBadPhysicalIdentificationRound53Exact.agda	d903c61a2c8f22d77f426e868df357a0770dba197cca7ca6328d4da29676ec93
master	7d52f88d880adddfa59ac73a99ee4ff79506ec06	DASHI/Physics/Closure/NSTriadKNHHBadPhysicalTransferSurfaceRound58.agda	cb98a18a3a78212a8c650141b715f4212741cdeab568053979965200eff846dd
master	7d52f88d880adddfa59ac73a99ee4ff79506ec06	DASHI/Physics/Closure/NSTriadKNHHBadPositiveThresholdRound58.agda	5e7e548cd481cd03cab57c68c5ea4e4ca965fc75585b5f85c7f172d366b96790
master	7d52f88d880adddfa59ac73a99ee4ff79506ec06	DASHI/Physics/Closure/NSTriadKNHHBadProfileCeilingRecurrenceRound45Exact.agda	bc8694c7a0592d9acd3fc658798cef067fccbbbf7ac33a470767902c3b825012
master	7d52f88d880adddfa59ac73a99ee4ff79506ec06	DASHI/Physics/Closure/NSTriadKNHHBadRawCapacityToOwnerRound53Exact.agda	fed6e2ccc72fa05e7a7b3cd3582b2a5cd07d1c6998b53592f8577beef4b9f3f1
master	7d52f88d880adddfa59ac73a99ee4ff79506ec06	DASHI/Physics/Closure/NSTriadKNHHBadRawDuhamelSurfaceRound58.agda	b52c0d11270900827461f7e53494abe02e84b1c2482e633dea8cbb5377be89db
master	7d52f88d880adddfa59ac73a99ee4ff79506ec06	DASHI/Physics/Closure/NSTriadKNHHBadRawSummableToWeightedGreenRound51Exact.agda	aa017a5dc205ca2468f72e0fcb9f76271e56f64ce4340ed9ded95c7ad407e471
master	7d52f88d880adddfa59ac73a99ee4ff79506ec06	DASHI/Physics/Closure/NSTriadKNHHBadRawVariableCapacityRound53Exact.agda	b31f257abcffe1b324e831eff3dbeb118e27380399ed9753daafd540497ea893
master	7d52f88d880adddfa59ac73a99ee4ff79506ec06	DASHI/Physics/Closure/NSTriadKNHHBadRestrictedChargeSubchargeRound44Exact.agda	092852679175ea7e2f5d5ad91b519daf8682b365e525b62d5648725449f99562
master	7d52f88d880adddfa59ac73a99ee4ff79506ec06	DASHI/Physics/Closure/NSTriadKNHHBadRestrictedDissipationRound38Exact.agda	d612f01e42aa4b4fa464074fa6934d3e6e2b6f5e7c2ea2972fee3db0c5d6567b
master	7d52f88d880adddfa59ac73a99ee4ff79506ec06	DASHI/Physics/Closure/NSTriadKNHHBadRestrictedGainDensityRound39Exact.agda	a45573e66c1e96899bf06928091d28557cfb39584fb442b97c206bb2fda0ec99
master	7d52f88d880adddfa59ac73a99ee4ff79506ec06	DASHI/Physics/Closure/NSTriadKNHHBadRestrictedThresholdDomainRound47Exact.agda	a0a335db7203d3622eface372db62ba543ebe0cd09dd7ace2c73397d07db3e64
master	7d52f88d880adddfa59ac73a99ee4ff79506ec06	DASHI/Physics/Closure/NSTriadKNHHBadSelectedClosureWitnessRound48Exact.agda	40750b3887cd5b901ed817e454cee186500729d811f9da07d4388797180532fc
master	7d52f88d880adddfa59ac73a99ee4ff79506ec06	DASHI/Physics/Closure/NSTriadKNHHBadSelectedProfileMultiplicityRound62Exact.agda	bd572ce25cbf250cf3b0d5fddbdd391fe72608cd187001e512ac5b5f647c2845
master	7d52f88d880adddfa59ac73a99ee4ff79506ec06	DASHI/Physics/Closure/NSTriadKNHHBadSelectedRecurrenceToOwnerRound47Exact.agda	6a564e591c161fb5b84d9962f9aa5878401ecdb6192dd8159d01dabce74ff664
master	7d52f88d880adddfa59ac73a99ee4ff79506ec06	DASHI/Physics/Closure/NSTriadKNHHBadSelectedThresholdRecurrenceRound47Exact.agda	6a2d1285de14ce055c3e925e6a5a944ef10e48e350ba17f1e66f4d1ae6c74e8e
master	7d52f88d880adddfa59ac73a99ee4ff79506ec06	DASHI/Physics/Closure/NSTriadKNHHBadSharpDyadicGainRound33Exact.agda	b8074d18c6a83dcb1e1b81174a23fee18ef5d5e0fd8563feca91ef7bc57af602
master	7d52f88d880adddfa59ac73a99ee4ff79506ec06	DASHI/Physics/Closure/NSTriadKNHHBadShellBarrierRound52Exact.agda	ec449a47b6fe1e5c79537dbc6fa7aef326a62ffd257ab69dfe2a94c92814982d
master	7d52f88d880adddfa59ac73a99ee4ff79506ec06	DASHI/Physics/Closure/NSTriadKNHHBadSimpleRationalThresholdsRound49Exact.agda	552baed4f9a1ad57289a599a1cb3d85430eb10a278872f45c8d4c3b2621621c0
master	7d52f88d880adddfa59ac73a99ee4ff79506ec06	DASHI/Physics/Closure/NSTriadKNHHBadSingleThresholdSufficesRound47Exact.agda	209940d0891a234202424eaacdf290e3238743474efb4613122b3836f7d4751a
master	7d52f88d880adddfa59ac73a99ee4ff79506ec06	DASHI/Physics/Closure/NSTriadKNHHBadStandardShellCoercivityRound37Exact.agda	38f241bc988bb3b7de4d15b4b57dcb6cc45f23085901442334bc73f7088f335c
master	7d52f88d880adddfa59ac73a99ee4ff79506ec06	DASHI/Physics/Closure/NSTriadKNHHBadStrictTargetInterpolationRound49Exact.agda	87652b4337713f5706c9b13a0d6626fb5b26087f07664bda92a14acdfef37aef
master	7d52f88d880adddfa59ac73a99ee4ff79506ec06	DASHI/Physics/Closure/NSTriadKNHHBadSummableForcingRound50Exact.agda	d0d8baf81e813eac17d2d8c7f817e793f2b2263d9b3e4fd616ffacf1e67d7dd6
master	7d52f88d880adddfa59ac73a99ee4ff79506ec06	DASHI/Physics/Closure/NSTriadKNHHBadSummableForcingToOwnerRound50Exact.agda	af77b7d3507485c44c633ab739a907080f8121d7bfdbeb1aba4f3eaba855ce84
master	7d52f88d880adddfa59ac73a99ee4ff79506ec06	DASHI/Physics/Closure/NSTriadKNHHBadSuperlevelMonotonicityNoGoRound47Exact.agda	2f8edad2cace70fc30230f9595040e4dcacc742beb1da5070f3e6d4cec89bee6
master	7d52f88d880adddfa59ac73a99ee4ff79506ec06	DASHI/Physics/Closure/NSTriadKNHHBadTelescopingForcingRound51Exact.agda	1e4a00a512524124af1fd15cabdd462beca5aa04564fe4a6c9959bc0506d3573
master	7d52f88d880adddfa59ac73a99ee4ff79506ec06	DASHI/Physics/Closure/NSTriadKNHHBadThresholdUniformityRound46Exact.agda	80a45f8f987407260176abb4aaf3158696f8e2418c206032f166eb3916a772a0
master	7d52f88d880adddfa59ac73a99ee4ff79506ec06	DASHI/Physics/Closure/NSTriadKNHHBadTwoRouteLiveGateRound50Exact.agda	ebc44cf37f3fae4eb88bb43ec02fb6d50c11233722fb1f24ed8e6f009420b131
master	7d52f88d880adddfa59ac73a99ee4ff79506ec06	DASHI/Physics/Closure/NSTriadKNHHBadUniformRecurrenceFamilyRound47Exact.agda	fe806ff19fd75498bb9c790f86b4927556582c9731e0b797e27f81c5ea1642de
master	7d52f88d880adddfa59ac73a99ee4ff79506ec06	DASHI/Physics/Closure/NSTriadKNHHBadVariableDuhamelClosureRound51Exact.agda	8fad815ce3a964abc42e3cf16189f8c90877b19bc0d9d3f875a8fa0d156f4602
master	7d52f88d880adddfa59ac73a99ee4ff79506ec06	DASHI/Physics/Closure/NSTriadKNHHBadVariableDuhamelToBarrierRound53Exact.agda	b9388e5f7753aa316865e300e3c95325023823cf88583ce71a1f76b599561722
master	7d52f88d880adddfa59ac73a99ee4ff79506ec06	DASHI/Physics/Closure/NSTriadKNHHBadVariableDuhamelToWeightedGreenRound51Exact.agda	59f6d603cbcdbd115cacab581dcc285c7acabdad53eae85fa7cc0c4c3be169ac
master	7d52f88d880adddfa59ac73a99ee4ff79506ec06	DASHI/Physics/Closure/NSTriadKNHHBadVariableProfileRecurrenceRound46Exact.agda	8e7066df35596224cb9f6235995706b58c19dfe9696120889af1db26efc75a6e
master	7d52f88d880adddfa59ac73a99ee4ff79506ec06	DASHI/Physics/Closure/NSTriadKNHHBadWeightedConjugationNoGoRound52Exact.agda	88dedf459f2330ae05f121f65ec5b9d12035db7b0841c76ae742da9dd1db8e18
master	7d52f88d880adddfa59ac73a99ee4ff79506ec06	DASHI/Physics/Closure/NSTriadKNHHBadWeightedGreenClosureRound51Exact.agda	2666f8d6ad467473ea1f97415873de6710393cd2918a67c6afb6fa351ea9e248
master	7d52f88d880adddfa59ac73a99ee4ff79506ec06	DASHI/Physics/Closure/NSTriadKNHHBadWeightedGreenForcingRound51Exact.agda	5c3e53f35701c23241b34a0ab2e280eb0e31ac5cfe1ff9e57d0e348765b0dde4
master	7d52f88d880adddfa59ac73a99ee4ff79506ec06	DASHI/Physics/Closure/NSTriadKNHHBadWeightedGreenLiveGateRound51Exact.agda	9fab963d32cf4f3211cb14ad6e5d98a415b59e7665df0d171ac961f7b9656670
master	7d52f88d880adddfa59ac73a99ee4ff79506ec06	DASHI/Physics/Closure/NSTriadKNHHBadWeightedGreenToOwnerRound51Exact.agda	28fd9f72300bf66ae442560ff9034722e8eb30eee3a9939703200be9ff1fbe39
master	7d52f88d880adddfa59ac73a99ee4ff79506ec06	DASHI/Physics/Closure/NSTriadKNHHBadZetaDirectLiveBudgetRound50Exact.agda	c62b23b22dfa7a568049eb7f78d5f9380ec20d63b776809abbea78ccec921fe1
master	7d52f88d880adddfa59ac73a99ee4ff79506ec06	DASHI/Physics/Closure/NSTriadKNHHBadZetaMarginRound50Exact.agda	882d10bb9e18265e7165d9c9519946d3e7051619d3faf7abf160ca1cb3691ef7
master	7d52f88d880adddfa59ac73a99ee4ff79506ec06	DASHI/Physics/Closure/NSTriadKNHHGoodAnnularMasterKernelRound41Exact.agda	c8e2fa617cc298627a21c9f4c035d693c9d73b99ffad4f81a4ef61d63095c80e
master	7d52f88d880adddfa59ac73a99ee4ff79506ec06	DASHI/Physics/Closure/NSTriadKNHHGoodC4AnnularAmplitudeBoundRound68Exact.agda	b6d62f8c8177995d1c3163f6a90442098ba76b027ed79461cb761fdf1d9ab19b
master	7d52f88d880adddfa59ac73a99ee4ff79506ec06	DASHI/Physics/Closure/NSTriadKNHHGoodC4AnnularD1UniformBoundRound68Exact.agda	8b49bdb4bff2e45a89729ef7a5b8bb0bff5096b5c27c17880e9fdfb220364b17
master	7d52f88d880adddfa59ac73a99ee4ff79506ec06	DASHI/Physics/Closure/NSTriadKNHHGoodC4AnnularD234UniformBoundsRound74Exact.agda	1d97525b35122f7aea9d4203a0b5699748c255494114d2b8e183f5619731745f
master	7d52f88d880adddfa59ac73a99ee4ff79506ec06	DASHI/Physics/Closure/NSTriadKNHHGoodC4AnnularDerivativeFactorizationRound68Exact.agda	6260b30377a140322ac93bbeb41564e0a58808dcfcdf43dbdd6457c5b5e4a025
master	7d52f88d880adddfa59ac73a99ee4ff79506ec06	DASHI/Physics/Closure/NSTriadKNHHGoodC4AnnularFrechetBridgeRound67Exact.agda	26a2dba12eaf730ab03e1975229d979bcff5af8d6ed78be9bfd47d80933cd55d
master	7d52f88d880adddfa59ac73a99ee4ff79506ec06	DASHI/Physics/Closure/NSTriadKNHHGoodC4AnnularPolynomialCoreRound67Exact.agda	3eb554ae9317fd118e211a7ae1f8e4d7e6a28428c0fed3bb315584da499872ff
master	7d52f88d880adddfa59ac73a99ee4ff79506ec06	DASHI/Physics/Closure/NSTriadKNHHGoodC4AnnularTaylorFactorRound67Exact.agda	46d50241a0f731f110a9309b7a31dd6b3cdadc6608a80ef567433abd1714875a
master	7d52f88d880adddfa59ac73a99ee4ff79506ec06	DASHI/Physics/Closure/NSTriadKNHHGoodCompactAnnularMatrixFrobeniusBoundRound68Exact.agda	b7ea14681344e3c9a2c1d8eb7b7cffd41e1c7ee5ae203db7c594d8c9d99b72c0
master	7d52f88d880adddfa59ac73a99ee4ff79506ec06	DASHI/Physics/Closure/NSTriadKNHHGoodCompactAnnularMatrixSymbolRound68Exact.agda	4a274647c23259153cca80bf78e0327e55fc66adce6217f6c6c4729a3639ea7d
master	7d52f88d880adddfa59ac73a99ee4ff79506ec06	DASHI/Physics/Closure/NSTriadKNHHGoodCompactAnnularScalarCutoffRound68Exact.agda	bad35bb43ce4e6ff40df5b8b6ef819fcd0c255c5672347e5557163f3dcdbc070
master	7d52f88d880adddfa59ac73a99ee4ff79506ec06	DASHI/Physics/Closure/NSTriadKNHHGoodContinuumExtensionUnderdeterminedRound62Exact.agda	d4badd09a129667878c76f32ad0dc2117d4ee820ccf1e0a90e5d3de038f0f768
master	7d52f88d880adddfa59ac73a99ee4ff79506ec06	DASHI/Physics/Closure/NSTriadKNHHGoodContinuumRestrictionRound49Exact.agda	b9293decf4429a9e34cc4e9f1daf5fce033cea5cea6cc937ea621c2f250682d5
master	7d52f88d880adddfa59ac73a99ee4ff79506ec06	DASHI/Physics/Closure/NSTriadKNHHGoodExactTensorKernelNormRound50Exact.agda	2a55c4e1b198aff36196e2e52ab581e2ea533045e70f5fa3186bbb438cfa16e4
master	7d52f88d880adddfa59ac73a99ee4ff79506ec06	DASHI/Physics/Closure/NSTriadKNHHGoodFiniteCoefficientContinuationAuditRound46Exact.agda	606b2a47f2a0f9764af02308f8f1707c2c2bd788561a500f2bbe470689b9d587
master	7d52f88d880adddfa59ac73a99ee4ff79506ec06	DASHI/Physics/Closure/NSTriadKNHHGoodFiniteKernelCauchyRound40Exact.agda	488b37ebb0803c4c016f62762bfe1784dd318075ef0d514bdc8c5264a15de260
master	7d52f88d880adddfa59ac73a99ee4ff79506ec06	DASHI/Physics/Closure/NSTriadKNHHGoodFourthOrderDyadicL1Round62Exact.agda	904ea09730473762cdb241e260e10c0a18b9e8c755f322c94880cd70ab6c0d28
master	7d52f88d880adddfa59ac73a99ee4ff79506ec06	DASHI/Physics/Closure/NSTriadKNHHGoodLiteralAnnularStrainSymbolRound48Exact.agda	bca899a0fa034e6eafbd25155c42ddbc03975a489266b6b0065898dc4e832e81
master	7d52f88d880adddfa59ac73a99ee4ff79506ec06	DASHI/Physics/Closure/NSTriadKNHHGoodOperatorRestrictionRound53Exact.agda	df748fe29ad36306e2d10c1d2d8f06f714b5d7f366e3b26d691709e50a653906
master	7d52f88d880adddfa59ac73a99ee4ff79506ec06	DASHI/Physics/Closure/NSTriadKNHHGoodParabolicAmplitudeAllocationRound42Exact.agda	5d82e296bc65094c230c8d6c44f1eb51e1a9917850bd9f35bd83f2797fab9cca
master	7d52f88d880adddfa59ac73a99ee4ff79506ec06	DASHI/Physics/Closure/NSTriadKNHHGoodParabolicPeriodizedOwnerRound42Exact.agda	e2b255e488370c3fc3d4ea2b60a9f148ae0027e32b2bf593b695abc6ae81c5da
master	7d52f88d880adddfa59ac73a99ee4ff79506ec06	DASHI/Physics/Closure/NSTriadKNHHGoodParabolicSmoothOwnerRound43Exact.agda	79f1d33a1d7a6db7a4df6a728f6a5b13255ff8e13a9bdfa882401ac7da8613b0
master	7d52f88d880adddfa59ac73a99ee4ff79506ec06	DASHI/Physics/Closure/NSTriadKNHHGoodParabolicWindowKineticRecoveryRound42Exact.agda	4ceff9ed9bd87cd8776c5708bae9d93f57d64522dd6e35e76b9a0d0258735948
master	7d52f88d880adddfa59ac73a99ee4ff79506ec06	DASHI/Physics/Closure/NSTriadKNHHGoodPeriodizedKernelUniformRound40Exact.agda	6f24f8bbe6779a5239f8ee3100afc6df5901b806a723d2c5b248061ab727b8eb
master	7d52f88d880adddfa59ac73a99ee4ff79506ec06	DASHI/Physics/Closure/NSTriadKNHHGoodSameObjectMasterKernelRound55Exact.agda	b765fd65ecc6fb3fef92ab365e8779c86bb4ee6ed6716a995f1c892a690e910d
master	7d52f88d880adddfa59ac73a99ee4ff79506ec06	DASHI/Physics/Closure/NSTriadKNHHGoodScaleInvariantAnnulusNoGoRound67Exact.agda	91a54170f81fae2d7aad0b5db08d87636b0c3a03a045783790a407012cf7ad84
master	7d52f88d880adddfa59ac73a99ee4ff79506ec06	DASHI/Physics/Closure/NSTriadKNHHGoodSmoothOnlyDataRemainderRound62Exact.agda	98425c7826560a5247aebe337787344452754b8b3fc3657b007ab5a84b0533eb
master	7d52f88d880adddfa59ac73a99ee4ff79506ec06	DASHI/Physics/Closure/NSTriadKNHHGoodSquaredYoungOwnerRound41Exact.agda	68e4aa0c7039327b4f2b69984f94e18abb01689bb84ffb3744dd7e8b29092e58
master	7d52f88d880adddfa59ac73a99ee4ff79506ec06	DASHI/Physics/Closure/NSTriadKNHHGoodTwoStageObligationsRound47Exact.agda	44306095f9b9bfbe914473f6249728cb1383932af5a1c486c424715afbb06c23
master	7d52f88d880adddfa59ac73a99ee4ff79506ec06	DASHI/Physics/Closure/NSTriadKNHHGoodYoungSoftTaxRound45Exact.agda	f2ff5bbdf698ec737e443ec41f6505bd3324d34d67d9a265de73bf0e612e557e
master	7d52f88d880adddfa59ac73a99ee4ff79506ec06	DASHI/Physics/Closure/NSTriadKNHardBaseCanonicalSoftSplitRound46Exact.agda	65ae43b8dc02cd2db5c84e99fd11d54760711c817bdc4471be3c5984c7e45e1b
master	7d52f88d880adddfa59ac73a99ee4ff79506ec06	DASHI/Physics/Closure/NSTriadKNHardBaseNecessaryReserveRound45Exact.agda	806a1d518ba1edabc89dcd5d8c6ccd0620206e838ea8c94be6de9a16926cdf16
master	7d52f88d880adddfa59ac73a99ee4ff79506ec06	DASHI/Physics/Closure/NSTriadKNHardDyadicShellOwner.agda	0f6c9f859889feba92ff9bef9286520db46931d52fb0c1d44ceb218b9f36118f
master	7d52f88d880adddfa59ac73a99ee4ff79506ec06	DASHI/Physics/Closure/NSTriadKNHardGateHierarchyRound47Exact.agda	72e734ab0c506e5e02a99dd45f91d65045f51d30809026b6d5e206702f5d6142
master	7d52f88d880adddfa59ac73a99ee4ff79506ec06	DASHI/Physics/Closure/NSTriadKNHardHighPhysicalZ3PairEncodingExact.agda	871936acc7739813b18381033b8a4a530ef90300c60c3d8c47fda1a6f7436246
master	7d52f88d880adddfa59ac73a99ee4ff79506ec06	DASHI/Physics/Closure/NSTriadKNHardProjectorCoefficientSelfAdjointExact.agda	b65021a58ebbcfe5c5c09f4f3142a164260c1467c3530f5bf2b6c78a6ef770ae
master	7d52f88d880adddfa59ac73a99ee4ff79506ec06	DASHI/Physics/Closure/NSTriadKNHardProjectorParsevalTransportExact.agda	1e9f37dcdc6fb3bde83ce0faf7526d818549e9c1ca8c6622eeaa74eee935b542
master	7d52f88d880adddfa59ac73a99ee4ff79506ec06	DASHI/Physics/Closure/NSTriadKNHardSmoothLittlewoodPaleyTransferExact.agda	f62dfb2b0a3ac23abd5337ff405bdf85122a28ace41cc8c0a0dfed5e06bfa698
master	7d52f88d880adddfa59ac73a99ee4ff79506ec06	DASHI/Physics/Closure/NSTriadKNHardSoftReserveRound45Exact.agda	f6274d7da0b2d60f514d0dc0a399943cc41010ef1c424e25e020b9345f6cf815
master	7d52f88d880adddfa59ac73a99ee4ff79506ec06	DASHI/Physics/Closure/NSTriadKNHelicalCriticalExchangeFieldRound102Exact.agda	89d924f686608705e202b35e7328afd682bf0b6e3c68425b30f115b6b32e6120
master	7d52f88d880adddfa59ac73a99ee4ff79506ec06	DASHI/Physics/Closure/NSTriadKNHelicalCriticalExchangeReductionRound102Exact.agda	1003bec312440d4ad803a91c8eeb70cbe162f3ac306994ac16d1aa2e49bb2d9a
master	7d52f88d880adddfa59ac73a99ee4ff79506ec06	DASHI/Physics/Closure/NSTriadKNHeterochiralMinorityLegFieldRound102Exact.agda	29fda8157800e88bd3d72453a698f9000a3649e492a8fa3bed27d59612f06f18
master	7d52f88d880adddfa59ac73a99ee4ff79506ec06	DASHI/Physics/Closure/NSTriadKNHeterochiralMinorityLegReductionRound102Exact.agda	550c37f95a81c54a1ce1721262314a25175b2356635895a9ddfde9921d3726c4
master	7d52f88d880adddfa59ac73a99ee4ff79506ec06	DASHI/Physics/Closure/NSTriadKNHeterochiralPhaseDampingPaymentRound105Exact.agda	8aacd9ae0a3d12cc6886ad7d350180e772b4c22577361e2f9b1bd1eaaf8fa0e3
master	7d52f88d880adddfa59ac73a99ee4ff79506ec06	DASHI/Physics/Closure/NSTriadKNHeterochiralReverseTriangleRound105Exact.agda	a804c0328ec84ba1c938353c9772124ee19710e0fff54e8c4452958721a0924c
master	7d52f88d880adddfa59ac73a99ee4ff79506ec06	DASHI/Physics/Closure/NSTriadKNHighFrequencySupportConvolutionNoGoRound102Exact.agda	3c018a99a0a4fdd047c99edc3537e676d7853b68d7919ecd757d7e93043d389e
master	7d52f88d880adddfa59ac73a99ee4ff79506ec06	DASHI/Physics/Closure/NSTriadKNHighHighToLowCancellationProgram.agda	4ddf63c467e7f62464349fa1700d1d6d6a069526e5cb6a64afeb25be8563bb97
master	7d52f88d880adddfa59ac73a99ee4ff79506ec06	DASHI/Physics/Closure/NSTriadKNHighestAlphaRound44Exact.agda	d88c0bb308d5acdea776605bff23e47504af1d5c0d83ed97e069afe2e43b7300
master	7d52f88d880adddfa59ac73a99ee4ff79506ec06	DASHI/Physics/Closure/NSTriadKNHighestAlphaRound45Exact.agda	b3e8dae687cd678ebef22be1e53eca6ec9223c88568b4e19d94588ff9c3eafdd
master	7d52f88d880adddfa59ac73a99ee4ff79506ec06	DASHI/Physics/Closure/NSTriadKNHighestAlphaRound46Exact.agda	e458aba9a7e7eb2ee4fa3f5272159ba8d30f8a4fb70ecf8684004910976296ce
master	7d52f88d880adddfa59ac73a99ee4ff79506ec06	DASHI/Physics/Closure/NSTriadKNHighestAlphaRound47Exact.agda	8942c045f70f1553dbf3fbcd1f6791c66c7480eb8c40d7816eae9eb058008210
master	7d52f88d880adddfa59ac73a99ee4ff79506ec06	DASHI/Physics/Closure/NSTriadKNHighestAlphaRound49Exact.agda	a706a52eafd3fdc2454df8b2583c820186ac862a6c1923eb44b22e1868436b3d
master	7d52f88d880adddfa59ac73a99ee4ff79506ec06	DASHI/Physics/Closure/NSTriadKNHighestAlphaRound50Exact.agda	41a79ad5f2c850ca6c94469d46160ba8b933432bada279890dcfe9e3c27177c3
master	7d52f88d880adddfa59ac73a99ee4ff79506ec06	DASHI/Physics/Closure/NSTriadKNHighestAlphaRound51Exact.agda	37e60e57c247a346b21124d1eb43dfdccfa592cd0eadd38f4793f6f9a188ced3
master	7d52f88d880adddfa59ac73a99ee4ff79506ec06	DASHI/Physics/Closure/NSTriadKNHighestAlphaRound52Exact.agda	fc554de6dc4de7b62b2c7172e8812b63a0e54da447f221ceb24a7b56934b83a5
master	7d52f88d880adddfa59ac73a99ee4ff79506ec06	DASHI/Physics/Closure/NSTriadKNHighestAlphaRound53Exact.agda	85db5a6e5f19bcb7fce0201d37df08fb0a2b21ee0fcbcc3562dd384321093a9a
master	7d52f88d880adddfa59ac73a99ee4ff79506ec06	DASHI/Physics/Closure/NSTriadKNHighestAlphaRound54Exact.agda	299aaa58a50d13564669af39f9397d8bc02a3de11dd44c996b962a1820b764a7
master	7d52f88d880adddfa59ac73a99ee4ff79506ec06	DASHI/Physics/Closure/NSTriadKNHighestAlphaRound55Exact.agda	dc09dee4940a7f8e371ddca041b7b4d9fa3fc89d4cd51dc84a4a7c69d740b8bd
master	7d52f88d880adddfa59ac73a99ee4ff79506ec06	DASHI/Physics/Closure/NSTriadKNHighestAlphaRound61Exact.agda	de53e47fa4c9c3919fdf62bf11f4cd2fc75c95b2066b0c38117c09e7ce65a6f1
master	7d52f88d880adddfa59ac73a99ee4ff79506ec06	DASHI/Physics/Closure/NSTriadKNHighestAlphaRound62Exact.agda	0bdc109e729b044f6c0dc9f44978e975a0f0b495844837e464bccb3df8a5362a
master	7d52f88d880adddfa59ac73a99ee4ff79506ec06	DASHI/Physics/Closure/NSTriadKNHighestAlphaRound62FinalAuditExact.agda	8c811fb9ab781de59c8b762c2be2c9b14d4265e6276848c7fee90ec5e53a6c07
master	7d52f88d880adddfa59ac73a99ee4ff79506ec06	DASHI/Physics/Closure/NSTriadKNHighestAlphaRound63Exact.agda	7ba91d1476843f4b14393f15af0e9c374fed382ea64f55cf7cf19009d4173b52
master	7d52f88d880adddfa59ac73a99ee4ff79506ec06	DASHI/Physics/Closure/NSTriadKNHighestAlphaRound64Exact.agda	96fc9ceb9a42d0707746f8829afb57f6f5f738e658c4b0b7fc4d6a10b70b6561
master	7d52f88d880adddfa59ac73a99ee4ff79506ec06	DASHI/Physics/Closure/NSTriadKNHighestAlphaRound65Exact.agda	487ce37766a8f88c81ad09eeed551eb01bc474c3427b1f5508dca2c96bf9c392
master	7d52f88d880adddfa59ac73a99ee4ff79506ec06	DASHI/Physics/Closure/NSTriadKNHighestAlphaRound66Exact.agda	f7e7bff243d4a90f62349b23a1ef3b2cca0983b8bf4244086c18c5429bf5a3de
master	7d52f88d880adddfa59ac73a99ee4ff79506ec06	DASHI/Physics/Closure/NSTriadKNHighestAlphaRound67Exact.agda	c91ec58220cf41214f3082631e5a92270e161939a0c3e641569c5a6e96e48319
master	7d52f88d880adddfa59ac73a99ee4ff79506ec06	DASHI/Physics/Closure/NSTriadKNHighestAlphaRound69Exact.agda	2b2a0f9157a87e760eb89a379fc5a4489dc093645be49d54e55f3d7c6c30cfe6
master	7d52f88d880adddfa59ac73a99ee4ff79506ec06	DASHI/Physics/Closure/NSTriadKNHighestAlphaRound70Exact.agda	c738a41040aa3d5336826c1a387d3f87333ff40bcc1255b665652a9dce4d45d7
master	7d52f88d880adddfa59ac73a99ee4ff79506ec06	DASHI/Physics/Closure/NSTriadKNHighestAlphaRound71Exact.agda	bf39edee1f193719eb6a11feea81d0143833bfea762cd1818f47801bffc9dbb7
master	7d52f88d880adddfa59ac73a99ee4ff79506ec06	DASHI/Physics/Closure/NSTriadKNHighestAlphaRound72Exact.agda	7763af2570676259fd2ba7ffbdddb0a2150d757004878d4dcab21c4c295eeb6c
master	7d52f88d880adddfa59ac73a99ee4ff79506ec06	DASHI/Physics/Closure/NSTriadKNHighestAlphaRound73Exact.agda	1c3f42b76c22fca0eda671c9ae7227c0592c25513422e5ea3b6d7c7167272bc5
master	7d52f88d880adddfa59ac73a99ee4ff79506ec06	DASHI/Physics/Closure/NSTriadKNHighestAlphaRound74Exact.agda	017178acd8b6dfd35df9f40d49a3292e8b6b6c2eb9b0b0fb4d8bb499c48feab5
master	7d52f88d880adddfa59ac73a99ee4ff79506ec06	DASHI/Physics/Closure/NSTriadKNHighestAlphaRound76Exact.agda	0c3eb53697618a03e3466795be081c692b56b6fb6a02298fe230cf52b9899638
master	7d52f88d880adddfa59ac73a99ee4ff79506ec06	DASHI/Physics/Closure/NSTriadKNHighestAlphaRound77Exact.agda	f097ce8e677d250b4a3b077be8e0ecdbd327f7295d73524f8686feed78e7e9f8
master	7d52f88d880adddfa59ac73a99ee4ff79506ec06	DASHI/Physics/Closure/NSTriadKNHighestAlphaRound78Exact.agda	f3dc04412fac916b86f39b3993cdb4d8f2d69ee1a3426a840711613c888fd27a
master	7d52f88d880adddfa59ac73a99ee4ff79506ec06	DASHI/Physics/Closure/NSTriadKNHighestAlphaRound79Exact.agda	eb5fc8493a359773a27b2589a7bf343633f0ecf9d820f9f5710a0c3b1430eaf6
master	7d52f88d880adddfa59ac73a99ee4ff79506ec06	DASHI/Physics/Closure/NSTriadKNHighestAlphaRound80Exact.agda	e15440509e21e0e4e1c8fb5799fe521836b77d407fd7b214c6edde3f0e8acf7e
master	7d52f88d880adddfa59ac73a99ee4ff79506ec06	DASHI/Physics/Closure/NSTriadKNHighestAlphaRound82Exact.agda	9d1578f9c516264af6f56f2272ac8fb983e2a6081ea93096ee6c201d36b3470b
master	7d52f88d880adddfa59ac73a99ee4ff79506ec06	DASHI/Physics/Closure/NSTriadKNHighestAlphaRound83Exact.agda	ed0c287e2d2ff239c9f7d4c2a17efb2964d421fc2b575d59a6438dc2cde64bda
master	7d52f88d880adddfa59ac73a99ee4ff79506ec06	DASHI/Physics/Closure/NSTriadKNHighestAlphaRound86Exact.agda	136c4537ee738e6a83a2d72a74b54a1be4c558569120122d086e2030cea2e080
master	7d52f88d880adddfa59ac73a99ee4ff79506ec06	DASHI/Physics/Closure/NSTriadKNIntegratedDangerOccupationToSignedCriticalRound104Exact.agda	c6325f05a12d3ab5a826b45a2dbeb220bacaa5f6310ae153ea6d8ef92c9af6e2
master	7d52f88d880adddfa59ac73a99ee4ff79506ec06	DASHI/Physics/Closure/NSTriadKNIntegratedDangerOccupationWeldRound92Exact.agda	152ba611063470cd2634b40d7a586fc65c5cffef8048148ef321af454fdabd66
master	7d52f88d880adddfa59ac73a99ee4ff79506ec06	DASHI/Physics/Closure/NSTriadKNIntegratedHeterochiralPhasePaymentRound105Exact.agda	fe6c11818a2339d6bbb7eed7579f30f3aeb71dc487260da581028a26f0bc8dbc
master	7d52f88d880adddfa59ac73a99ee4ff79506ec06	DASHI/Physics/Closure/NSTriadKNIntegratedSignedDangerCostRound92Exact.agda	802811041c7d37d9670d01dd40300ef05874e72bba06f410792b58a0aaa35216
master	7d52f88d880adddfa59ac73a99ee4ff79506ec06	DASHI/Physics/Closure/NSTriadKNIrregularSquaredCascadeCarlesonRound74Exact.agda	892c0ebb2d0e212223ecf83ec45473f2f6c39e0b54c689a8ed68ed5dd2f6da3c
master	7d52f88d880adddfa59ac73a99ee4ff79506ec06	DASHI/Physics/Closure/NSTriadKNIsotropicPressureEnstrophyStrainCriterionRound78Exact.agda	0a807a643067888685b6d0847a472c7d1b2dd607a265113cf201fe87fd8386fd
master	7d52f88d880adddfa59ac73a99ee4ff79506ec06	DASHI/Physics/Closure/NSTriadKNJointGlobalFeasibilityKBadRound61Exact.agda	b13e1fe8e28a4833b7e0a1c70a7d91409d9dcbe75b17ada157dc71dcec9f38e5
master	7d52f88d880adddfa59ac73a99ee4ff79506ec06	DASHI/Physics/Closure/NSTriadKNJointGlobalFeasibilityRound54Exact.agda	f66a462b1da2d7e94e3abde95bea12e0cc58d8587b53b8c8c80977b09db60f3e
master	7d52f88d880adddfa59ac73a99ee4ff79506ec06	DASHI/Physics/Closure/NSTriadKNJointSoftCorrectionBudgetRound54Exact.agda	2f26211c911b000a45afd4e6d02a03473752e660c29b6efbe31ca876b0f58122
master	7d52f88d880adddfa59ac73a99ee4ff79506ec06	DASHI/Physics/Closure/NSTriadKNKernelIndependentZeroOwnerRound53Exact.agda	2fa47145d042b2349cb2d9bae868f2623c5caed40f9353c722ee2d39711373d4
master	7d52f88d880adddfa59ac73a99ee4ff79506ec06	DASHI/Physics/Closure/NSTriadKNKernelLiteralResidualRound55Exact.agda	50345fdad27dc12943532c2e6935453cfbc87d815456aa019c22a4654f0bba37
master	7d52f88d880adddfa59ac73a99ee4ff79506ec06	DASHI/Physics/Closure/NSTriadKNKernelLiteralizationAuditRound51Exact.agda	e6591c6154af46c20de4da4d5dcad955166d3e5991bc58a7f263059f4f597a90
master	7d52f88d880adddfa59ac73a99ee4ff79506ec06	DASHI/Physics/Closure/NSTriadKNKernelOwnerEliminationRound53Exact.agda	b6c7ede50220470b1c0d71c011da4a12b740b2f3cf258a6e7b39898d2c7a1620
master	7d52f88d880adddfa59ac73a99ee4ff79506ec06	DASHI/Physics/Closure/NSTriadKNKernelPreTaxReductionRound52Exact.agda	42797b84f622c1904661e9caa0278ac2ee11dd6dbf2e9eb906fd3dde04b29460
master	7d52f88d880adddfa59ac73a99ee4ff79506ec06	DASHI/Physics/Closure/NSTriadKNKernelZeroTwoSoftSharpGlobalGateRound62Exact.agda	cf6ea35a00f59ffd527fe4d10d441d559af7cd7a30166030d9e67c3bfa5db8bd
master	7d52f88d880adddfa59ac73a99ee4ff79506ec06	DASHI/Physics/Closure/NSTriadKNKernelZeroTwoSoftWeightedGateRound62Exact.agda	06382b4184de5ea9f0ea6a8df69d2f4e54d4fbabef02217cd189118b8d71c70d
master	7d52f88d880adddfa59ac73a99ee4ff79506ec06	DASHI/Physics/Closure/NSTriadKNLerayAlgebraProgram.agda	781eb6691e2f7861b65f08e6087ac9b88c68a1dd0678ece31958f0b4a27b9ba7
master	7d52f88d880adddfa59ac73a99ee4ff79506ec06	DASHI/Physics/Closure/NSTriadKNLerayComplexScalarLinearityRound73Exact.agda	3c3dd0a89b6d83ee85966ba8ac61488c36f6b199891fe58f16ab816f28b43762
master	7d52f88d880adddfa59ac73a99ee4ff79506ec06	DASHI/Physics/Closure/NSTriadKNLerayOutputTransversalityRound30Exact.agda	ada03e7d856aa158fb5f5e4c363dde840000bd998fbff8870fe7684f69a83db2
master	7d52f88d880adddfa59ac73a99ee4ff79506ec06	DASHI/Physics/Closure/NSTriadKNLiteralAdvectivePressureRHSSplitRound84Exact.agda	36e28893e68b2acb5b3cc51697a23f8186aba3c86c2000c28279b1ab4ac1c8a6
master	7d52f88d880adddfa59ac73a99ee4ff79506ec06	DASHI/Physics/Closure/NSTriadKNLiteralCompactTransferDriftDataRound82Exact.agda	87ee36a624ed5f28be96b81089bb971d427cacd6f197a812bca60d4b233f36fd
master	7d52f88d880adddfa59ac73a99ee4ff79506ec06	DASHI/Physics/Closure/NSTriadKNLiteralDyadicConsequencesClosed.agda	b9384f458a03a4a888589d5595b3a1873994bfb31a162e9e94f433aafa4ce7eb
master	7d52f88d880adddfa59ac73a99ee4ff79506ec06	DASHI/Physics/Closure/NSTriadKNLiteralDyadicShellConstants.agda	42e93e3853ebc9ee0772a2f979934204fbf43920567b67012c33385ef23e6e21
master	7d52f88d880adddfa59ac73a99ee4ff79506ec06	DASHI/Physics/Closure/NSTriadKNLiteralFiniteShellProjectorRound27Exact.agda	ac912fba7647e77cbe6ea0c82f084b43adff220678014b5ab4d0b5c7bf4f4b9d
master	7d52f88d880adddfa59ac73a99ee4ff79506ec06	DASHI/Physics/Closure/NSTriadKNLiteralNonlinearEnergyCancellationRound30Exact.agda	f19179251c1d29829e1d3e61ce4d9ba958b4099388ad6feb6984a6b79b8095fc
master	7d52f88d880adddfa59ac73a99ee4ff79506ec06	DASHI/Physics/Closure/NSTriadKNLiteralPacketTransferFirstVariationRound82Exact.agda	327c7af63a05cfd9b65a1dbe0815eef7da89534b7d722407e3203ae4e48c8130
master	7d52f88d880adddfa59ac73a99ee4ff79506ec06	DASHI/Physics/Closure/NSTriadKNLiteralPhysicalCompactTransferDriftRound82Exact.agda	0b376367cafeb3dfab6b39ed294e65386829107f6620155d7784137db1f469a1
master	7d52f88d880adddfa59ac73a99ee4ff79506ec06	DASHI/Physics/Closure/NSTriadKNLiteralRHSRelativeGrowthSplitRound83Exact.agda	c35fe28367bd6ee1b29978593c91c7b381181356938f2af7ac5c7949ff1857ff
master	7d52f88d880adddfa59ac73a99ee4ff79506ec06	DASHI/Physics/Closure/NSTriadKNLiteralViscousQuadraticCoefficientRound30Exact.agda	1550b55b8480dddb6fd39a12ff178a570cda20d76e7798c158c0eb3e7ff16467
master	7d52f88d880adddfa59ac73a99ee4ff79506ec06	DASHI/Physics/Closure/NSTriadKNLocalizedBKMScaleDictionaryExact.agda	6dc85a6946ead7ea7107180e3125c091cbee66655c85be5e6d99e9dcb6baae1a
master	7d52f88d880adddfa59ac73a99ee4ff79506ec06	DASHI/Physics/Closure/NSTriadKNLocalizedPDEConstituentPartitionRound62Exact.agda	7cb738320f495bd639e4231a4bd8dc72ce7d52219c3c8f1241bcb33fb13e7272
master	7d52f88d880adddfa59ac73a99ee4ff79506ec06	DASHI/Physics/Closure/NSTriadKNLocalizedPDEStructuredAtomsRound62Exact.agda	7d5ac4004b7d5f7288a0fe5f0efac7b02e6a5d13724800c730c3ff1f44ec8b62
master	7d52f88d880adddfa59ac73a99ee4ff79506ec06	DASHI/Physics/Closure/NSTriadKNLocalizedPDETriadicConcentrationMassRound69Exact.agda	2c64a5797c510729cf3e0e5e97f341d9fb730dda5cbb2fbadfb9888afd68e934
master	7d52f88d880adddfa59ac73a99ee4ff79506ec06	DASHI/Physics/Closure/NSTriadKNLowLegFrameFactorizationRound73Exact.agda	43de6a2883951cd7a4eda6f53d7a0a025a1ce3012bd5e1a239b6ec828317b5d5
master	7d52f88d880adddfa59ac73a99ee4ff79506ec06	DASHI/Physics/Closure/NSTriadKNLowPressureFirstAdjointKernelBridgeRound86Exact.agda	c2f33ecfb786a47389dca3c799a2cafd04d920a44f14bedf46b4148cca7a6102
master	7d52f88d880adddfa59ac73a99ee4ff79506ec06	DASHI/Physics/Closure/NSTriadKNLowerThreeCriticalOwnersRound43Exact.agda	1b6bcb665a5fdd8030fa7097564cfa5cb268d3f502d9e51b0eeba00415de1d6f
master	7d52f88d880adddfa59ac73a99ee4ff79506ec06	DASHI/Physics/Closure/NSTriadKNLuoAbuGhuwalehAdditiveFloorNoGoExact.agda	919c7ae037aa6bb897092ea5929e5c51813387161ba0381765446034042a2e01
master	7d52f88d880adddfa59ac73a99ee4ff79506ec06	DASHI/Physics/Closure/NSTriadKNLuoAngularStrainDisplayedFormulaZeroExact.agda	47845dfd2e3e6ffdcdf3e1fc4c39c1c02b72fc7073f16d3fe427658482088747
master	7d52f88d880adddfa59ac73a99ee4ff79506ec06	DASHI/Physics/Closure/NSTriadKNLuoBadAmplitudeBernsteinScalingNoGoExact.agda	1d06a58650e3f7e8c686b21b0bdbda88d88850c51b1773437147bbabf51db1e8
master	7d52f88d880adddfa59ac73a99ee4ff79506ec06	DASHI/Physics/Closure/NSTriadKNLuoBadCoherenceWeightedMarkovExact.agda	a2b176c0f535e1e6f0163daacebdd2b8eb6cd3a3284d68700e091783098b3a92
master	7d52f88d880adddfa59ac73a99ee4ff79506ec06	DASHI/Physics/Closure/NSTriadKNLuoBadExcursionYoungAbsorptionExact.agda	f2060db3d968fde86ebc8c916070e9c871ddde2c67483f1353b68ce58fd12ae5
master	7d52f88d880adddfa59ac73a99ee4ff79506ec06	DASHI/Physics/Closure/NSTriadKNLuoCamlinTemporalLiftNoGoExact.agda	d2cbeca73fe9c06b4d8ab5ac4f3bffed63d8375de1941ab75351e67dc291409e
master	7d52f88d880adddfa59ac73a99ee4ff79506ec06	DASHI/Physics/Closure/NSTriadKNLuoClaimRouteCrosswalkRound24Exact.agda	6749f1081b4e589c47f42275260077b6f0d25e0fa032529fd44a2b9bedffd379
master	7d52f88d880adddfa59ac73a99ee4ff79506ec06	DASHI/Physics/Closure/NSTriadKNLuoClaimedSolutionCorpusRound24Exact.agda	3e0b3eaf4c88076a53095d9ba110bf7e00dc803f55deb2a42b4dd3dd45bf6c99
master	7d52f88d880adddfa59ac73a99ee4ff79506ec06	DASHI/Physics/Closure/NSTriadKNLuoClayEndToEndCompositionRound23Exact.agda	96494252f939ea3f2640729de954ec2d929b2a2abf3478cc00faa999ff782454
master	7d52f88d880adddfa59ac73a99ee4ff79506ec06	DASHI/Physics/Closure/NSTriadKNLuoClayPrePostInvariantContractRound23Exact.agda	6263d462a0b7920e431f4d36f3be337cddf09191588d1fd775609eaef9572cf2
master	7d52f88d880adddfa59ac73a99ee4ff79506ec06	DASHI/Physics/Closure/NSTriadKNLuoComplexLinearIntegralWeightedIncrementExact.agda	2a4f3faf80793190db007c315778548fc53c023a00164ab09ffe21b91744fc5e
master	7d52f88d880adddfa59ac73a99ee4ff79506ec06	DASHI/Physics/Closure/NSTriadKNLuoConcreteRadialMultiplierKernelExact.agda	9a30dda40891416eebaede7ce0d69c506072da955b74982a9d6dffd2be6f0916
master	7d52f88d880adddfa59ac73a99ee4ff79506ec06	DASHI/Physics/Closure/NSTriadKNLuoCriticalDissipationHHBadBridgeRound34Exact.agda	da07254cc706ae8e89f54d3d2873b239bf026ea0ab5c058eae9dc00a82b0fc45
master	7d52f88d880adddfa59ac73a99ee4ff79506ec06	DASHI/Physics/Closure/NSTriadKNLuoCriticalProductionGronwallClosureExact.agda	a6201dd3507b52d6692aab5584a6b6177da30e94de7c28fc13a62793c4f42f00
master	7d52f88d880adddfa59ac73a99ee4ff79506ec06	DASHI/Physics/Closure/NSTriadKNLuoCriticalRemainderClassificationRound26Exact.agda	3819ac0a385079c9e862705b1bf2786d323ffb64c2062d6b3ffbf6a492259603
master	7d52f88d880adddfa59ac73a99ee4ff79506ec06	DASHI/Physics/Closure/NSTriadKNLuoCriticalRestartContradictionExact.agda	cc40da28d808614c516b9a0464fe175354059c3e7ca9732ce87a0590d8d3122f
master	7d52f88d880adddfa59ac73a99ee4ff79506ec06	DASHI/Physics/Closure/NSTriadKNLuoCriticalTerminalScaleExact.agda	c3317fff8ed8ce83be2acd45c34c35d1253ef2b7697f08f83ceca2d8d4beecb7
master	7d52f88d880adddfa59ac73a99ee4ff79506ec06	DASHI/Physics/Closure/NSTriadKNLuoCrossCarrierRationalIdentificationExact.agda	3a3fa3774b4c52d0cef4cd6d7acd4e10f71d2b74b73f3707528bd297e059e2e8
master	7d52f88d880adddfa59ac73a99ee4ff79506ec06	DASHI/Physics/Closure/NSTriadKNLuoCutoffEnergyBootstrapExact.agda	68d0db3f480d19a0dab5b6c843bab8ab6e3cd7375215f6bcfaf3f415b9a0a7f3
master	7d52f88d880adddfa59ac73a99ee4ff79506ec06	DASHI/Physics/Closure/NSTriadKNLuoDirectionalDefectGramExact.agda	51e27032350748476e169e90ac32f2b15f38d8c3af8cf601d14eb928d4c0023b
master	7d52f88d880adddfa59ac73a99ee4ff79506ec06	DASHI/Physics/Closure/NSTriadKNLuoDivisionFreeHHDefectRound26Exact.agda	0bee6f96129fa73d147836e630ccd2244f18c633301a584fb2f5fad091739dba
master	7d52f88d880adddfa59ac73a99ee4ff79506ec06	DASHI/Physics/Closure/NSTriadKNLuoDuplicateFreeTaxOwnershipRound26Exact.agda	3cfca27313b842533c182dafd56da3f1e5508be297075d2e5023a211f335efc6
master	7d52f88d880adddfa59ac73a99ee4ff79506ec06	DASHI/Physics/Closure/NSTriadKNLuoExactFluxKernelDecompositionExact.agda	85297af8c686ef9d6611d661618d380e4614bbcba44c768e153a6b2fe3026bff
master	7d52f88d880adddfa59ac73a99ee4ff79506ec06	DASHI/Physics/Closure/NSTriadKNLuoFiniteBonyFourClassAccountingExact.agda	338538120b520501449f2bb66b6c2ebcf85fb63f362c2c8aabec89313946f5ff
master	7d52f88d880adddfa59ac73a99ee4ff79506ec06	DASHI/Physics/Closure/NSTriadKNLuoFiniteCascadeSpeedFluxNoGoExact.agda	86e1a541f98dac6d1031227ac69b029f8a57eddb96269cbcf0cd71c44273cef0
master	7d52f88d880adddfa59ac73a99ee4ff79506ec06	DASHI/Physics/Closure/NSTriadKNLuoFiniteComplexTranslationTensorConvolutionExact.agda	8c5738ef8364be65a364cd6a8df1e8b6602559ee4da3db93d24b569570769895
master	7d52f88d880adddfa59ac73a99ee4ff79506ec06	DASHI/Physics/Closure/NSTriadKNLuoFiniteComplexWeightedIncrementExact.agda	9c89def65c32a875255f775bcbe1f67efc3b41fc1f8063cf5740913a74afc230
master	7d52f88d880adddfa59ac73a99ee4ff79506ec06	DASHI/Physics/Closure/NSTriadKNLuoFiniteCriticalFourClassClosureExact.agda	1999c4ffb06ae0a4d91b3002fdc5baddb1985bb8bba0a70bf306ff9a176b4d99
master	7d52f88d880adddfa59ac73a99ee4ff79506ec06	DASHI/Physics/Closure/NSTriadKNLuoFiniteDyadicHeatDampingExact.agda	639c9afb90f7e6aba5fc50abb69921edff15e32ce605851309ca7fa05a81a534
master	7d52f88d880adddfa59ac73a99ee4ff79506ec06	DASHI/Physics/Closure/NSTriadKNLuoFiniteEightPointSixThreeHolderExact.agda	dee754911bfe32a23557c9ba096e8d70818b15aa8675abb6fbecbba2c6e7f883
master	7d52f88d880adddfa59ac73a99ee4ff79506ec06	DASHI/Physics/Closure/NSTriadKNLuoFiniteEnergyContinuationRound27Exact.agda	5b61544617609f1e2539002c02a86b935495181965d51792589b4a969806307e
master	7d52f88d880adddfa59ac73a99ee4ff79506ec06	DASHI/Physics/Closure/NSTriadKNLuoFiniteEnergyCriticalScalingGapExact.agda	8c0eaa15fcdd7820f912ebe9faa43fe216d2989118c63006724d5ffd0ea11dbe
master	7d52f88d880adddfa59ac73a99ee4ff79506ec06	DASHI/Physics/Closure/NSTriadKNLuoFiniteGalerkinPolynomialRound26Exact.agda	5568ad01fe3ba745059cd0844f3ff08cf3fed46fb78ec061a478a981e67c333b
master	7d52f88d880adddfa59ac73a99ee4ff79506ec06	DASHI/Physics/Closure/NSTriadKNLuoFiniteGeometricResidualTailExact.agda	13dc285cff317b1c8abd1ac47dbf51a00c6ca59a051ab9262ab57a1b40a77a34
master	7d52f88d880adddfa59ac73a99ee4ff79506ec06	DASHI/Physics/Closure/NSTriadKNLuoFiniteHighLowDerivativeRatioExact.agda	4043df0ae90f5ed6810075cd1c85233bec6a9fa202a64265ebb3170aaf0d105f
master	7d52f88d880adddfa59ac73a99ee4ff79506ec06	DASHI/Physics/Closure/NSTriadKNLuoFiniteKernelCommutatorRound26Exact.agda	1afe745af01f4fcb0094f739c07e0c93cad7032cdf4a6abe11a9ce7bae6c4d8e
master	7d52f88d880adddfa59ac73a99ee4ff79506ec06	DASHI/Physics/Closure/NSTriadKNLuoFiniteLiteralIncrementKernelFieldExact.agda	917af849ccdf8d89edfeb886a24a66c50ec669618a6c039c90a35512a835e55b
master	7d52f88d880adddfa59ac73a99ee4ff79506ec06	DASHI/Physics/Closure/NSTriadKNLuoFiniteParaproductRangePartitionExact.agda	f5079dc743547b80574f8f53db8f22f91c4a05edcc021209205e5a4762cd41fc
master	7d52f88d880adddfa59ac73a99ee4ff79506ec06	DASHI/Physics/Closure/NSTriadKNLuoFiniteRationalOrderCore.agda	af6683ac525ccbbac3c7bc255493bcbb00c3edf24f1c790a3cca5b9f258de255
master	7d52f88d880adddfa59ac73a99ee4ff79506ec06	DASHI/Physics/Closure/NSTriadKNLuoFiniteTaxAdversarialRegressionRound26Exact.agda	811b6ef12b69ae10ef4c468b8ea0e375f0615fd9062d19d357a0ecadc24d7364
master	7d52f88d880adddfa59ac73a99ee4ff79506ec06	DASHI/Physics/Closure/NSTriadKNLuoFiniteWeightedCauchyExact.agda	fff4355914cebb7a20f36272fbccb162370c33a2644d276ff767a7eb59083ca3
master	7d52f88d880adddfa59ac73a99ee4ff79506ec06	DASHI/Physics/Closure/NSTriadKNLuoFiveSourceDefectCriticalTaxExact.agda	f2c0829a4f7a1990cd575a4ac87840251ba1b2e7caa409cd9ce92282870966a0
master	7d52f88d880adddfa59ac73a99ee4ff79506ec06	DASHI/Physics/Closure/NSTriadKNLuoFixedShiftRecursionReductionExact.agda	afbb7bca0aef2d59dff32952e6b1a373bb89303bdf2566bce70873cb86916b92
master	7d52f88d880adddfa59ac73a99ee4ff79506ec06	DASHI/Physics/Closure/NSTriadKNLuoFullShellFluxAdapterExact.agda	320d69af3e5af072814987e6b6881849dca7faa2d7b637c16127472647a58cd7
master	7d52f88d880adddfa59ac73a99ee4ff79506ec06	DASHI/Physics/Closure/NSTriadKNLuoGalerkinCriticalFilteredEnstrophyExact.agda	ce13c3c0eace273c6c5b3be512d1330f5cf65ef56c018a01fd1a5a1247517eda
master	7d52f88d880adddfa59ac73a99ee4ff79506ec06	DASHI/Physics/Closure/NSTriadKNLuoGalerkinFourierVorticityConvolutionExact.agda	f6c4bfa946a7797fb157b1fdd75958fba99f6bb8d4f580374915198e5f14d9f1
master	7d52f88d880adddfa59ac73a99ee4ff79506ec06	DASHI/Physics/Closure/NSTriadKNLuoGlobalPhysicalSolutionReductionExact.agda	96d8dfdffa5b3f1631cf326d93d62c221c1ad746f40a5d7d30fb7cd29fa0880f
master	7d52f88d880adddfa59ac73a99ee4ff79506ec06	DASHI/Physics/Closure/NSTriadKNLuoHardHighFullShellPhysicalIdentificationExact.agda	57ca88aa123892b3a4c225d479c4aa904924eeb1dc2727542b950810b2a73c0e
master	7d52f88d880adddfa59ac73a99ee4ff79506ec06	DASHI/Physics/Closure/NSTriadKNLuoHighestAlphaClayLemmaLadderRound24Exact.agda	0ae9bfd7b817b8d7699005db17b0b38105227846652809a6e6aba36a2f55483d
master	7d52f88d880adddfa59ac73a99ee4ff79506ec06	DASHI/Physics/Closure/NSTriadKNLuoHighestAlphaClayLemmaLadderRound25Exact.agda	eea059c827961d6f043f9c50284e5565dd2f6901fe1411d59e62ec016f82322c
master	7d52f88d880adddfa59ac73a99ee4ff79506ec06	DASHI/Physics/Closure/NSTriadKNLuoHighestAlphaRound26Exact.agda	299f799b40b055ce7baf1d910cdf7edd7f310f42fd8cb8999dd19c420f099270
master	7d52f88d880adddfa59ac73a99ee4ff79506ec06	DASHI/Physics/Closure/NSTriadKNLuoHighestAlphaRound27Exact.agda	26213332a4e811e4ea45245a0a6c5a16445ea6766dd39986396a5700655b5813
master	7d52f88d880adddfa59ac73a99ee4ff79506ec06	DASHI/Physics/Closure/NSTriadKNLuoHighestAlphaRound28Exact.agda	dc5edadc3f843cd80ea2e13409abcfcd7cb1d369a10d2e18c8f65282fe28c2dc
master	7d52f88d880adddfa59ac73a99ee4ff79506ec06	DASHI/Physics/Closure/NSTriadKNLuoHighestAlphaRound29Exact.agda	4317dc992ea375231b7730904d36857e3717ea698d3b4d472358ce489be71b34
master	7d52f88d880adddfa59ac73a99ee4ff79506ec06	DASHI/Physics/Closure/NSTriadKNLuoHystereticPositiveVariationRound26Exact.agda	d581ac64b5a8ef7efb8275ba5a5b114561fba0519441fac88c8a9ec3c2e2d097
master	7d52f88d880adddfa59ac73a99ee4ff79506ec06	DASHI/Physics/Closure/NSTriadKNLuoLegacySubmissionToFeffermanAdapterExact.agda	79eea8964424904cf71ef0163b2276286996f151a0221e55586ea91903de22ca
master	7d52f88d880adddfa59ac73a99ee4ff79506ec06	DASHI/Physics/Closure/NSTriadKNLuoLiteralGalerkinCarrierRound25Exact.agda	81422154467d9af2648797c629181c675dc4a9eaf24cb8fee3593b9096865878
master	7d52f88d880adddfa59ac73a99ee4ff79506ec06	DASHI/Physics/Closure/NSTriadKNLuoNestedGalerkinShellLimitExact.agda	aed72c1dd361e7f3a31f5dedd8feebb9f67e8bb2a92513ea3a841df66816c8cb
master	7d52f88d880adddfa59ac73a99ee4ff79506ec06	DASHI/Physics/Closure/NSTriadKNLuoOfficialContinuationClosureExact.agda	4de628be9799166dc35491d7afb78f25a9f5e7bd8640f65c6330dafc6b5dfad1
master	7d52f88d880adddfa59ac73a99ee4ff79506ec06	DASHI/Physics/Closure/NSTriadKNLuoOfficialLerayHopfAuthorityExact.agda	f444e414767a373efb508a9c174d6f9a048edc6a054298f2d0cd48bfc3afa7df
master	7d52f88d880adddfa59ac73a99ee4ff79506ec06	DASHI/Physics/Closure/NSTriadKNLuoOfficialPhysicalEnergyTimeExact.agda	1a3de03367eb4f301fd770c9bc4a8779476763d24dc768c9bdcd6f0e82d28b43
master	7d52f88d880adddfa59ac73a99ee4ff79506ec06	DASHI/Physics/Closure/NSTriadKNLuoPairFrequencyDefectDiffusionExact.agda	a0daa1d928bcb8c90e686aba07578002f8122266bbadeb5bf9bae6456bb84cc8
master	7d52f88d880adddfa59ac73a99ee4ff79506ec06	DASHI/Physics/Closure/NSTriadKNLuoPeriodicBiotSavartMultiplierExact.agda	10d8ee286df73d97130bcc70f9e9d74c1e7ae986c59a8bb8968ea8194993e319
master	7d52f88d880adddfa59ac73a99ee4ff79506ec06	DASHI/Physics/Closure/NSTriadKNLuoPeriodicMeanZeroGalileanReductionExact.agda	468c28e28c276c445d16039c1c6a55f7b3ad50e0eef1c24d701045974cadfae0
master	7d52f88d880adddfa59ac73a99ee4ff79506ec06	DASHI/Physics/Closure/NSTriadKNLuoPeriodicMultiplierKernelBoundExact.agda	f45dfe8954299a606595905a0dea796ec1e38ff92422464a516e1df977c0ad96
master	7d52f88d880adddfa59ac73a99ee4ff79506ec06	DASHI/Physics/Closure/NSTriadKNLuoPhysicalBlockDecayReductionExact.agda	934aa3de45bea9271ac61f9979cb48f2bc55244e266ed3d285c0fe5388cb43a3
master	7d52f88d880adddfa59ac73a99ee4ff79506ec06	DASHI/Physics/Closure/NSTriadKNLuoPhysicalDirectionalDefectExact.agda	c90e4882fe149ecc3ea71417afdf1400442fef9542839edde40e498944a1daac
master	7d52f88d880adddfa59ac73a99ee4ff79506ec06	DASHI/Physics/Closure/NSTriadKNLuoPhysicalEnumerationReuseExact.agda	302d733c4782312c9812a7978944d450e4697ae30f0a81cd19a53649ad6bc3bd
master	7d52f88d880adddfa59ac73a99ee4ff79506ec06	DASHI/Physics/Closure/NSTriadKNLuoPhysicalFiveClassSumRound25Exact.agda	14b6195aae3e6b313886e5fca08f318a059b9df59d04bc8704e75e9a0e25d016
master	7d52f88d880adddfa59ac73a99ee4ff79506ec06	DASHI/Physics/Closure/NSTriadKNLuoPhysicalFiveClassSupportRound25Exact.agda	93f286110174c4f53f4eefaadd7fbf2d7ca1f7076810cb2f23e49b65ca2dd1cf
master	7d52f88d880adddfa59ac73a99ee4ff79506ec06	DASHI/Physics/Closure/NSTriadKNLuoPhysicalGalerkinFlowRound30Validation.agda	f3c5c7e1c9fa08f4d8fe698cd5c71ee853512fd43401bd17144b60d785b89964
master	7d52f88d880adddfa59ac73a99ee4ff79506ec06	DASHI/Physics/Closure/NSTriadKNLuoPhysicalSignedShellCellRound26Exact.agda	9161fdc167843b13124b24d98bb735b12837dd676fbfe55c4ca03e41ef3e9ece
master	7d52f88d880adddfa59ac73a99ee4ff79506ec06	DASHI/Physics/Closure/NSTriadKNLuoPositiveStrainGradientSignExact.agda	ab876ae484d0df858b972775a6effd6f12210f35c37be53d1c3e7d6f9a2b38fb
master	7d52f88d880adddfa59ac73a99ee4ff79506ec06	DASHI/Physics/Closure/NSTriadKNLuoPublishedContinuationAuthorityExact.agda	207bbc54e60d14f9052e3265b11b6a82a6b1289c47100a5bd1ce1fec77dec2ff
master	7d52f88d880adddfa59ac73a99ee4ff79506ec06	DASHI/Physics/Closure/NSTriadKNLuoRationalFixedBlockInductionExact.agda	4f0dee3ba6c3f12da3c85c037f0b2a118fc77e49d8be9fe22e32786d5726f69e
master	7d52f88d880adddfa59ac73a99ee4ff79506ec06	DASHI/Physics/Closure/NSTriadKNLuoRationalLerayMultiplierContractiveExact.agda	7169bb1af39514986a3ce2813aa23ac44b379c8c2306210a7bae475ecad2af69
master	7d52f88d880adddfa59ac73a99ee4ff79506ec06	DASHI/Physics/Closure/NSTriadKNLuoRealityTransversePhaseSpaceRound26Exact.agda	76491dc89a1d1045a170f23b6ea61b1993f42e2285564a701c8fb65a1b9f59fd
master	7d52f88d880adddfa59ac73a99ee4ff79506ec06	DASHI/Physics/Closure/NSTriadKNLuoRestrictedClassDoesNotYieldClayBExact.agda	d4474ef2f51a303a8ea68ba3679ef5af1d23323b85eb0ec330ab9486dd6ccbba
master	7d52f88d880adddfa59ac73a99ee4ff79506ec06	DASHI/Physics/Closure/NSTriadKNLuoRound27FiniteCertificateGenerated.agda	8f1bb82df95de49b213609c86a5c5bd7b8f3948ea6c3cf07265140e7392af41b
master	7d52f88d880adddfa59ac73a99ee4ff79506ec06	DASHI/Physics/Closure/NSTriadKNLuoSignedCriticalLedgerRound26Exact.agda	e35c300bd6c95924a8a9392d5a4f10b470aac852fe31ff405612fb16b31c96a8
master	7d52f88d880adddfa59ac73a99ee4ff79506ec06	DASHI/Physics/Closure/NSTriadKNLuoSixThreeCenteredCommutatorScaleExact.agda	d5651df9329319d707ea5e2931dfd7e7cc71f48594b27e5c72094bf9ffb3c9c2
master	7d52f88d880adddfa59ac73a99ee4ff79506ec06	DASHI/Physics/Closure/NSTriadKNLuoSixThreeComCotlarBridgeRound34Exact.agda	9a984dbd2617705d950721d6439ac90fabf3f24e2a4178989c8a21d221886c39
master	7d52f88d880adddfa59ac73a99ee4ff79506ec06	DASHI/Physics/Closure/NSTriadKNLuoTerminalInteractionDepletionTransferExact.agda	32d23092c117244ebbbe159df3207a640d959b0222cb387d593163716b74fb17
master	7d52f88d880adddfa59ac73a99ee4ff79506ec06	DASHI/Physics/Closure/NSTriadKNLuoThreeWayPairPartitionExact.agda	5304b773b8985fcddcbb01bfd925f5e4d71eb02ae03aa5c7ac91ac585dd37e28
master	7d52f88d880adddfa59ac73a99ee4ff79506ec06	DASHI/Physics/Closure/NSTriadKNLuoTriadwiseEnergyCancellationRound26Exact.agda	871ebf982a3a8c2e862655e87794a04b7ed391022efdbd80c5e131847bb1919e
master	7d52f88d880adddfa59ac73a99ee4ff79506ec06	DASHI/Physics/Closure/NSTriadKNLuoUniformCommutatorTaxRound27Exact.agda	495775090d7edcc4a954a3a685f265685ce7a78bb1d8e503842a77132a5c8b47
master	7d52f88d880adddfa59ac73a99ee4ff79506ec06	DASHI/Physics/Closure/NSTriadKNMaximalUniformViscosityCoreRound27Exact.agda	37df6d78b12391d3863d7db46f889b7a3f7003607dd132cddd6c5b452d3c615c
master	7d52f88d880adddfa59ac73a99ee4ff79506ec06	DASHI/Physics/Closure/NSTriadKNMixedCriticalYoungSoftRound47Exact.agda	3381fc90cc723fc8ba32ad60e7f9c75842449e7ff604757e8168df1b0b16c621
master	7d52f88d880adddfa59ac73a99ee4ff79506ec06	DASHI/Physics/Closure/NSTriadKNModeInverseSquareRealityRound35Exact.agda	da84d37591e746912e14deca22efe80eb8cc543c10170479d55e15d5779c08bc
master	7d52f88d880adddfa59ac73a99ee4ff79506ec06	DASHI/Physics/Closure/NSTriadKNMurrayBishopDirectCanonicalCarrier.agda	18516838b829cc2e49c76bc1d9dceda2109f56f63a9f0dea2c16dfefddb8e0e7
master	7d52f88d880adddfa59ac73a99ee4ff79506ec06	DASHI/Physics/Closure/NSTriadKNNineOwnerCriticalAbsorptionRound28Exact.agda	30c802dcba325aa513454493b6e90398631831d8681cfca9b08e5b15335858b8
master	7d52f88d880adddfa59ac73a99ee4ff79506ec06	DASHI/Physics/Closure/NSTriadKNNineOwnerToBlockDecayBridgeRound43Exact.agda	f974056cb3094693f4886a64bd0cf3b25b7aea2033c97ee4e3e41a9df8df88a2
master	7d52f88d880adddfa59ac73a99ee4ff79506ec06	DASHI/Physics/Closure/NSTriadKNNonlinearRelativeGrowthAdvectivePressureSplitRound84Exact.agda	a073f05e31a905a9d6736ed4cd88512ec62508f1a566c521ee082ab7684d8520
master	7d52f88d880adddfa59ac73a99ee4ff79506ec06	DASHI/Physics/Closure/NSTriadKNNormalizedEffectiveComplexityConcentrationRound73Exact.agda	57fcd0e2b6c8b1ede9a3bb051e470f35997f32da41f815ba5181a3998008d95b
master	7d52f88d880adddfa59ac73a99ee4ff79506ec06	DASHI/Physics/Closure/NSTriadKNOfficialFiniteFourierHermitianParsevalExact.agda	9e0bfca8059a6e0cb8653eab150375aa472c2199119ef73646eddc1f7eaac2d3
master	7d52f88d880adddfa59ac73a99ee4ff79506ec06	DASHI/Physics/Closure/NSTriadKNOfficialInfinityNormTriangle.agda	ae96b3b06299a44828e3346f4b313288b869642cb67c58fef454f83f7993ba8b
master	7d52f88d880adddfa59ac73a99ee4ff79506ec06	DASHI/Physics/Closure/NSTriadKNOldRationalAssignmentNotFiniteCutoffRound71Exact.agda	eb17ec0bd1d43a3fd5fb15f4a991bac178a5c5247ab7bdc0047c3def28e96c5c
master	7d52f88d880adddfa59ac73a99ee4ff79506ec06	DASHI/Physics/Closure/NSTriadKNOrderedEuclideanL2Carrier.agda	10d4b81e5a624a1261bbd62c03367a65eda333ad978eda069bf3fd9f274d42b0
master	7d52f88d880adddfa59ac73a99ee4ff79506ec06	DASHI/Physics/Closure/NSTriadKNOrderedInteractionPhaseCancelledFactorizationRound73Exact.agda	395fdf180f69d780154d26c03fd08293a2851ba4366bd96f307fc0adfb664a8c
master	7d52f88d880adddfa59ac73a99ee4ff79506ec06	DASHI/Physics/Closure/NSTriadKNOrderedInteractionRealImaginaryTwoChannelRound74Exact.agda	2eb5ef8a283a08370d2e0f316ce06f1cc483fd2ecbed50f30e8ff9119fa366e5
master	7d52f88d880adddfa59ac73a99ee4ff79506ec06	DASHI/Physics/Closure/NSTriadKNOrderedInteractionRealityRound35Exact.agda	c29bdb6b543cd3322c2ad1d12540a429506393e18a5df6db094c1ed29b006282
master	7d52f88d880adddfa59ac73a99ee4ff79506ec06	DASHI/Physics/Closure/NSTriadKNOrderedInteractionSourceFactorizationRound73Exact.agda	69bdb05b75050f75516579279abef7a6f0c3d6848d051946e9c9ca715dccd73c
master	7d52f88d880adddfa59ac73a99ee4ff79506ec06	DASHI/Physics/Closure/NSTriadKNOrderedInteractionTwoChannelMassIdentityRound74Exact.agda	84d4068dd7d7dfd2a847a6ebb610a77e6e6273806e3c14885357174b7b7e4de7
master	7d52f88d880adddfa59ac73a99ee4ff79506ec06	DASHI/Physics/Closure/NSTriadKNOutputRelocationAffineFamilySubstitution.agda	e245d6849dfd70301d8d70be58c8f14190dcce5a3f309c66010f88d1d68acd61
master	7d52f88d880adddfa59ac73a99ee4ff79506ec06	DASHI/Physics/Closure/NSTriadKNOutputRelocationAffineFarkasDecision.agda	1187d2d2745366d1f26c23afd8b0fd539392d7e1f3ff4b4dfc39a5ec10f6fea5
master	7d52f88d880adddfa59ac73a99ee4ff79506ec06	DASHI/Physics/Closure/NSTriadKNOutputRelocationBaseSystemClassification.agda	2d9e73aaf890fede6994e549c9eb22b60ebfc8f9007ad803b44d5267871ad4a1
master	7d52f88d880adddfa59ac73a99ee4ff79506ec06	DASHI/Physics/Closure/NSTriadKNOutputRelocationCheckACriterion.agda	4f62da9d9f64efdb3fceb36ce658371bf482907de0ec5630d2ac2b979aa44ef8
master	7d52f88d880adddfa59ac73a99ee4ff79506ec06	DASHI/Physics/Closure/NSTriadKNOutputRelocationDirectionSystemClassification.agda	320a443e4accaf67c60c694f062dae88a4bf0575ebc2beda68bff59f31a70961
master	7d52f88d880adddfa59ac73a99ee4ff79506ec06	DASHI/Physics/Closure/NSTriadKNOutputRelocationLiteralShellSubstitution.agda	da3c18663a14b4e6129df22abd881b9ab8653c9e6e4535531c2eef94014041c1
master	7d52f88d880adddfa59ac73a99ee4ff79506ec06	DASHI/Physics/Closure/NSTriadKNOutputRelocationPositiveKernelMajorant.agda	82f83e8188c77cdc25ead4218e157646c0078194cb711d61e9ac0a88d2196ac6
master	7d52f88d880adddfa59ac73a99ee4ff79506ec06	DASHI/Physics/Closure/NSTriadKNOutputRelocationUnitWeightCheckA.agda	bfecf8d58cc04dd61609172d73518e512484d4290de6e83895e66772d1ff83cf
master	7d52f88d880adddfa59ac73a99ee4ff79506ec06	DASHI/Physics/Closure/NSTriadKNOutputRelocationUnitWeightShellSchur.agda	07bdcc28377b8acdd56a61cf62dd8bdf3021f3d8d5779904f7f55765e38212bc
master	7d52f88d880adddfa59ac73a99ee4ff79506ec06	DASHI/Physics/Closure/NSTriadKNOutputRelocationWeightedExponentIdentity.agda	f5aec43396e00b0467f73585a5f37a66c1b080a337273cd83e3f20deb874bceb
master	7d52f88d880adddfa59ac73a99ee4ff79506ec06	DASHI/Physics/Closure/NSTriadKNPacketBoundaryFluxNormalizationRound98Exact.agda	21a6b7eb8e618dcfc2b1b1f189a7773c00351545a17540e91b2996ccbcb9ae85
master	7d52f88d880adddfa59ac73a99ee4ff79506ec06	DASHI/Physics/Closure/NSTriadKNPairIncidenceCNTheorem.agda	b89aa99e7f0bfca3faab4eddfd7b638cbb7b8216cd68943410ba7f59684294ee
master	7d52f88d880adddfa59ac73a99ee4ff79506ec06	DASHI/Physics/Closure/NSTriadKNPairIncidenceKernelFormula.agda	a2bceb5054e5436bc8be9e529de632e45ca4b7239ef322115c31d20c5614546e
master	7d52f88d880adddfa59ac73a99ee4ff79506ec06	DASHI/Physics/Closure/NSTriadKNPairIncidenceProfileDecomposition.agda	9785de4c3f9e32037f09564f7cbe8fe08f29d0a7765e0da12136fd18d05a61db
master	7d52f88d880adddfa59ac73a99ee4ff79506ec06	DASHI/Physics/Closure/NSTriadKNPairIncidenceRelation.agda	8dbcec8779c87207c0df3e71aa0bb443cde22f7f433de03ca2f4534d4f9b2036
master	7d52f88d880adddfa59ac73a99ee4ff79506ec06	DASHI/Physics/Closure/NSTriadKNPartialHardFloorNoGoRound45Exact.agda	6e01376a1ae40d0e0b354548bb9876d9f1209d9265e6c7607f1627ca5a62d3b7
master	7d52f88d880adddfa59ac73a99ee4ff79506ec06	DASHI/Physics/Closure/NSTriadKNPeriodicHardProjectorAlgebraExact.agda	cfe4c8ca4ab61401e5f3aa68e71a5f01afa74d5c625a7acacfead58c87227f80
master	7d52f88d880adddfa59ac73a99ee4ff79506ec06	DASHI/Physics/Closure/NSTriadKNPeriodicHelicalFourierInfrastructure.agda	78144fbabeba62ccb36131ef4b7d7aa3ce64ff24cc8ccbd6578a9418b9f1e47a
master	7d52f88d880adddfa59ac73a99ee4ff79506ec06	DASHI/Physics/Closure/NSTriadKNPeriodicLittlewoodPaleyBonyExact.agda	e3245e8540191fb90d1e2b7f6baf52faf303de48cc8c3f2541b381333e3dcb67
master	7d52f88d880adddfa59ac73a99ee4ff79506ec06	DASHI/Physics/Closure/NSTriadKNPeriodicNavierStokesSubmissionTheoremExact.agda	82a308ad499705dd57ad2f462169b38c49bffc4154edf29cbed3a8c525e3ffa3
master	7d52f88d880adddfa59ac73a99ee4ff79506ec06	DASHI/Physics/Closure/NSTriadKNPeriodicPVHHGoodNearSmoothOwnerRound39Exact.agda	c3d0a1d5f48d5bbfacea9de9d4287e440999952a8b21d0de5e2ec2ab20ee8195
master	7d52f88d880adddfa59ac73a99ee4ff79506ec06	DASHI/Physics/Closure/NSTriadKNPeriodicScalingFrameProductNoGoRound77Exact.agda	86048361abebd91e3077392bfad374149ab7ab35fe1a6af3ff8bbf9a33e31d84
master	7d52f88d880adddfa59ac73a99ee4ff79506ec06	DASHI/Physics/Closure/NSTriadKNPhaseCancelledComplexProductRound73Exact.agda	d21674f7c77baa64b45e979e0771d12edbd8382119762354819b5bae8a8a950d
master	7d52f88d880adddfa59ac73a99ee4ff79506ec06	DASHI/Physics/Closure/NSTriadKNPhysicalCarlesonFundingRound73Exact.agda	7f3753a688eed53f7b51f44033144afa080a1c6f2c92ff2cd3c318b988a960ae
master	7d52f88d880adddfa59ac73a99ee4ff79506ec06	DASHI/Physics/Closure/NSTriadKNPhysicalClassEncoding.agda	6e06987285647a57abe374b799e8a7f5e39585e28ecae9e81b00739b45a03ed1
master	7d52f88d880adddfa59ac73a99ee4ff79506ec06	DASHI/Physics/Closure/NSTriadKNPhysicalCoefficientFiniteRealEncodingRound71Exact.agda	7455bb94ff69343c31e3f502f91e5ff426f821306b1971bdee15696c50f20007
master	7d52f88d880adddfa59ac73a99ee4ff79506ec06	DASHI/Physics/Closure/NSTriadKNPhysicalContinuationClosureRound61Exact.agda	1a5f2c5b55f14e39882df2b80633ba5d3be30d7b29832e8bcfcad9a0ceeedb21
master	7d52f88d880adddfa59ac73a99ee4ff79506ec06	DASHI/Physics/Closure/NSTriadKNPhysicalCriticalGalerkinSimonWeldRound104Exact.agda	a23c6928cfa4c3736dd81044901995a3b991d0127f193365b54d5f544d31b841
master	7d52f88d880adddfa59ac73a99ee4ff79506ec06	DASHI/Physics/Closure/NSTriadKNPhysicalCutoffCoordinateVectors.agda	609f5a83a168dd42734914fe05c19ea1069b2e641a1c921bd6a6273b4621912e
master	7d52f88d880adddfa59ac73a99ee4ff79506ec06	DASHI/Physics/Closure/NSTriadKNPhysicalCutoffFluxWeightedSchurExact.agda	0bf36f8d7f343334aaeb1cfcf11d91988b68151b03d73ae57b13c4584c8519a7
master	7d52f88d880adddfa59ac73a99ee4ff79506ec06	DASHI/Physics/Closure/NSTriadKNPhysicalCutoffInnerProduct.agda	fdf9dcbcbd77d1c91b75e37f5e710cf4a213aba7596ac1f4b763c6a41f3333d4
master	7d52f88d880adddfa59ac73a99ee4ff79506ec06	DASHI/Physics/Closure/NSTriadKNPhysicalCutoffModeSupport.agda	d0ae884e4b6b1dc4afaa2d2b3b86da2b9faafd83e6fb14317467eadd8ebc095e
master	7d52f88d880adddfa59ac73a99ee4ff79506ec06	DASHI/Physics/Closure/NSTriadKNPhysicalDuhamelSelectorUnderdeterminationRound69Exact.agda	00e825a4c52f2bb3cb48cccf7088d5780639c4d46e4646293c782b7f92413c41
master	7d52f88d880adddfa59ac73a99ee4ff79506ec06	DASHI/Physics/Closure/NSTriadKNPhysicalFactorizationAuthorityRound73Exact.agda	b26ace83b432d518a011b8ad3c98c0f6ca079399377260b7de078748ed1f70c2
master	7d52f88d880adddfa59ac73a99ee4ff79506ec06	DASHI/Physics/Closure/NSTriadKNPhysicalFiniteEnergyIdentityRound30Exact.agda	4ebbff6a637d2103bc3b6e7ec0c43d7035f9be3591b51761c4b222dce511a6e7
master	7d52f88d880adddfa59ac73a99ee4ff79506ec06	DASHI/Physics/Closure/NSTriadKNPhysicalFrameComplexityRound73Exact.agda	3996284155ba780dcf281f7a7768ff38eb74273000d071321d26334851840ccc
master	7d52f88d880adddfa59ac73a99ee4ff79506ec06	DASHI/Physics/Closure/NSTriadKNPhysicalGalerkinIncidencePermutationRound38Exact.agda	b5497caa6a75ba49bd24f68c8b88e0c6c009dc289577c419b7ddd25927a54e1c
master	7d52f88d880adddfa59ac73a99ee4ff79506ec06	DASHI/Physics/Closure/NSTriadKNPhysicalGalerkinVectorFieldRound30Exact.agda	3e40ecd616348e993179d6f5c2824aaed2b0fdc88830fbd15ee465f36dc0bf04
master	7d52f88d880adddfa59ac73a99ee4ff79506ec06	DASHI/Physics/Closure/NSTriadKNPhysicalGlobalGalerkinFlowRound30Exact.agda	0ef3da31b81b3451833a4b0d94ba49988f6b91f6b97522649fd7b15c41fbdace
master	7d52f88d880adddfa59ac73a99ee4ff79506ec06	DASHI/Physics/Closure/NSTriadKNPhysicalGramOperatorAssembly.agda	39be0a8122a8ac5976747d064dca1bb12e5e2461b493aa0d0eb4b4da7975bb6a
master	7d52f88d880adddfa59ac73a99ee4ff79506ec06	DASHI/Physics/Closure/NSTriadKNPhysicalHardHighTriadSelectionExact.agda	7a8aef46fd3fc83b9ba7226cbbc98389d351399405cfc80b303eefd165bed350
master	7d52f88d880adddfa59ac73a99ee4ff79506ec06	DASHI/Physics/Closure/NSTriadKNPhysicalNineOwnerFeasibilityRound61Exact.agda	7de78bbe8e7195858d88f6e594cac086934d34594cce921c6fc62350c334e40c
master	7d52f88d880adddfa59ac73a99ee4ff79506ec06	DASHI/Physics/Closure/NSTriadKNPhysicalNineOwnerWeightedFeasibilityRound61Exact.agda	63fc6611b45cc9d05cff555ad3193bb9c307c85d93bc415da00344247186a812
master	7d52f88d880adddfa59ac73a99ee4ff79506ec06	DASHI/Physics/Closure/NSTriadKNPhysicalNormalizedAmplificationCarlesonRound73Exact.agda	ab68bd1353ed82b364948417200807f58df111a9d35a383449a38dd81bdc1cf5
master	7d52f88d880adddfa59ac73a99ee4ff79506ec06	DASHI/Physics/Closure/NSTriadKNPhysicalNormalizedOverlayFundingBridgeRound73Exact.agda	0348eb57e705dc1dfd0ccbd92abe59b299e01aa003daf27fba1e4c3c874eb680
master	7d52f88d880adddfa59ac73a99ee4ff79506ec06	DASHI/Physics/Closure/NSTriadKNPhysicalOrderedTransferSquaredMajorantRound96Exact.agda	01f1bfd314f696d7d5f4bcdaf51e27dcf7a80a3c1483d8ab3a2efcc1fd4c1a44
master	7d52f88d880adddfa59ac73a99ee4ff79506ec06	DASHI/Physics/Closure/NSTriadKNPhysicalOutputFiber.agda	ba6f0c8c8c61adec8662c9c694f32fe94b209211e1cac9bafaae6f0ec6933502
master	7d52f88d880adddfa59ac73a99ee4ff79506ec06	DASHI/Physics/Closure/NSTriadKNPhysicalOutputFiberConjugationRound35Exact.agda	0c80bc88d3652b1547f8e77db95a73391c293a91856bc43c8568c1b8481f0c99
master	7d52f88d880adddfa59ac73a99ee4ff79506ec06	DASHI/Physics/Closure/NSTriadKNPhysicalOutputFiberPermutationRound35Exact.agda	f5290302236ba27d2e2ed180cd26e5f4aac488e71ccbc41ce1374140bbd2747a
master	7d52f88d880adddfa59ac73a99ee4ff79506ec06	DASHI/Physics/Closure/NSTriadKNPhysicalPacketBoundaryFluxRound96Exact.agda	66fc197be5319ac9e4fe067a7dbd8a7312efd39094920d10fc0a76d6e6a66311
master	7d52f88d880adddfa59ac73a99ee4ff79506ec06	DASHI/Physics/Closure/NSTriadKNPhysicalRetainedAuthorities.agda	000ec9ee93482af0df5080f0fde1d17ede38d445fcba035b0f955e9a53df8310
master	7d52f88d880adddfa59ac73a99ee4ff79506ec06	DASHI/Physics/Closure/NSTriadKNPhysicalRetainedSector.agda	788e18963489b97862dc26d464bdd0bba6d31a2574339a8a9085d364e1761a5f
master	7d52f88d880adddfa59ac73a99ee4ff79506ec06	DASHI/Physics/Closure/NSTriadKNPhysicalScaleTrichotomy.agda	a6642c475462212236d9fa19ad725332021a26f65dbd9e0be96d6e7ae6f367ba
master	7d52f88d880adddfa59ac73a99ee4ff79506ec06	DASHI/Physics/Closure/NSTriadKNPhysicalStage3Allocation.agda	a19cb18fed3bfeadd611efb73ef0bcdf6384b07ff14cf7db27e8b93937eb8e3c
master	7d52f88d880adddfa59ac73a99ee4ff79506ec06	DASHI/Physics/Closure/NSTriadKNPhysicalSymmetryEnumerationClosure.agda	72f928a012973d15bc29f50e87b01e8f05a7eb9d8f7be3df770d6dc5f6d020df
master	7d52f88d880adddfa59ac73a99ee4ff79506ec06	DASHI/Physics/Closure/NSTriadKNPhysicalTimeDependentShellBalanceRound30Exact.agda	98270a18776a79a3165ce0fb4ccefb4d983fdbff8c4df7cebfaddd6af7510d1c
master	7d52f88d880adddfa59ac73a99ee4ff79506ec06	DASHI/Physics/Closure/NSTriadKNPhysicalTransportCoefficientSkewRound40Exact.agda	d575cfd8c4c6ed58a18361adbff5f8a7ae8dfd59770e42c716432ce63150187a
master	7d52f88d880adddfa59ac73a99ee4ff79506ec06	DASHI/Physics/Closure/NSTriadKNPhysicalTransportMatrixSkewRound40Exact.agda	27c144cf5e236d00b7caeeaced43308588533746d4c4f9f0dd44bd4d164a22c6
master	7d52f88d880adddfa59ac73a99ee4ff79506ec06	DASHI/Physics/Closure/NSTriadKNPhysicalTriadConjugationOrbitRound28Exact.agda	262a708e04c902a3e66b3fa536724259dfbb79dba2d70444584a027bd786c166
master	7d52f88d880adddfa59ac73a99ee4ff79506ec06	DASHI/Physics/Closure/NSTriadKNPhysicalTriadEnumeration.agda	665db9a2abf4596f52136aa3ae727572ea66933cbba112f9e4e6514168fe551d
master	7d52f88d880adddfa59ac73a99ee4ff79506ec06	DASHI/Physics/Closure/NSTriadKNPhysicalTriadExchangeCharacterRound73Exact.agda	458ca6fd78bba3cede81991ce977ec8e188db744fce88f1935ea29155d9768ce
master	7d52f88d880adddfa59ac73a99ee4ff79506ec06	DASHI/Physics/Closure/NSTriadKNPhysicalTriadOrbitConstruction.agda	b641cdb2eff690c95973b911726d66d8356b0ca42a90c8cbc350b29471b94b75
master	7d52f88d880adddfa59ac73a99ee4ff79506ec06	DASHI/Physics/Closure/NSTriadKNPhysicalTriadOrbitFibreRound38Exact.agda	3d66532ccfd7789c096fa4ba40efa53c53c1f8d17f265d0a4719ed1f74602d35
master	7d52f88d880adddfa59ac73a99ee4ff79506ec06	DASHI/Physics/Closure/NSTriadKNPhysicalTriadOrbitSignatureRound28Exact.agda	ff07883eb1a87178fe574c588150610a22772e3a0f3a4cef7265f42716f62542
master	7d52f88d880adddfa59ac73a99ee4ff79506ec06	DASHI/Physics/Closure/NSTriadKNPhysicalTriadPluckerInvariantRound27Exact.agda	546724e8b464ae3a4ab4bed6e537ebae3b48930824294f05262ab44323ac318b
master	7d52f88d880adddfa59ac73a99ee4ff79506ec06	DASHI/Physics/Closure/NSTriadKNPhysicalTriadSymmetry.agda	e13846fd3a2f992e0f5e35787364088c24a3472a6a018f2886e0e64093ba2324
master	7d52f88d880adddfa59ac73a99ee4ff79506ec06	DASHI/Physics/Closure/NSTriadKNPhysicalTriadicMultiplicityLossLedgerRound72Exact.agda	53427ee78eb3959b4845287525d85483f42dda68aa9fc8dbef839b5bbbcbe982
master	7d52f88d880adddfa59ac73a99ee4ff79506ec06	DASHI/Physics/Closure/NSTriadKNPhysicalTriadicSubfibreComplexityByClassRound72Exact.agda	d6010e90c0cc3205aec2fc0893da5149771505997d79ec4d7338a8b93607b367
master	7d52f88d880adddfa59ac73a99ee4ff79506ec06	DASHI/Physics/Closure/NSTriadKNPicardLindelofTransportRound30Exact.agda	4470562f710ff432673bbca60e3c47631a4456b082fca484d3f74dabca1ba168
master	7d52f88d880adddfa59ac73a99ee4ff79506ec06	DASHI/Physics/Closure/NSTriadKNPointwiseDangerDriftNoGoRound82Exact.agda	e7a9a44b7e67295774f25abba298e0b52467f33b61c4abc90040d2c8d5a03852
master	7d52f88d880adddfa59ac73a99ee4ff79506ec06	DASHI/Physics/Closure/NSTriadKNPointwiseStrainVorticityLowerBoundNoGoRound79Exact.agda	d5ebbf8d488f4e24fda7f0fa40415a8a69f49b696d1e9fb2dad8e46bb12a18c3
master	7d52f88d880adddfa59ac73a99ee4ff79506ec06	DASHI/Physics/Closure/NSTriadKNPolynomialComplexityMultiplicityThresholdRound72Exact.agda	57afc02ce4b5ed0bb011a08b96f1695f86db9023644c2128f952f9e8c32a5dc4
master	7d52f88d880adddfa59ac73a99ee4ff79506ec06	DASHI/Physics/Closure/NSTriadKNPolynomialFrequencyCardinalityFundingNoGoRound72Exact.agda	fb776b9081270b4f9c5c91b55585743aacb8d9e994b240125c74a9a13ea97559
master	7d52f88d880adddfa59ac73a99ee4ff79506ec06	DASHI/Physics/Closure/NSTriadKNPositiveStretchingNotB2NoGoRound78Exact.agda	0ad6dc9b2e7433aaf17bab89c6cb786d9b055b34e5ebcc5c54b56025d66cc3e3
master	7d52f88d880adddfa59ac73a99ee4ff79506ec06	DASHI/Physics/Closure/NSTriadKNPreAbsorptionTaxClassifierRound47Exact.agda	8c14a842bfc6542532ab1fc1eb598acacfb13760ed7c5dec5a92c2d71aae6edc
master	7d52f88d880adddfa59ac73a99ee4ff79506ec06	DASHI/Physics/Closure/NSTriadKNPreferredScalarFeasibilityRegionRound62Exact.agda	30ed3f2f7e2a4240cb9995a06259adf88665b5e4d3e80da239539dfc40da0f1a
master	7d52f88d880adddfa59ac73a99ee4ff79506ec06	DASHI/Physics/Closure/NSTriadKNPressureAlignmentDefectSpectralBracketRound78Exact.agda	b3c74fe14da836ae6556430628c44994466b9d951d95597352c5bd1de4e7e5cf
master	7d52f88d880adddfa59ac73a99ee4ff79506ec06	DASHI/Physics/Closure/NSTriadKNPressureContractionInjectionSeparationRound79Exact.agda	0b257ebd35daebaf28fcec9c70665fc8275f6865b36cb8792b4602285a8cf4dd
master	7d52f88d880adddfa59ac73a99ee4ff79506ec06	DASHI/Physics/Closure/NSTriadKNPressureDNPacketPrincipalTailRound85Exact.agda	a435f8726901f9b8d957173c6a0264bf3050c37420afca8d718f2d32f95956aa
master	7d52f88d880adddfa59ac73a99ee4ff79506ec06	DASHI/Physics/Closure/NSTriadKNPressureDirectionHermitianOrthogonalityRound84Exact.agda	65f7ffbd817188d31540639fa917ef1f690dfbf237127ad0e570ca098ef03dec
master	7d52f88d880adddfa59ac73a99ee4ff79506ec06	DASHI/Physics/Closure/NSTriadKNPressureEigenframeRotationGapBudgetRound79Exact.agda	856666521a5d66c062ac412683af37c22742f7854ae93a2780e0f6da4a0f6165
master	7d52f88d880adddfa59ac73a99ee4ff79506ec06	DASHI/Physics/Closure/NSTriadKNPressureEnergyOperatorDeviatoricQRound85Exact.agda	4ce965b2faab69176ac9ad1dcf3f40055c4f1934bf9448b5ba018b73e4852e29
master	7d52f88d880adddfa59ac73a99ee4ff79506ec06	DASHI/Physics/Closure/NSTriadKNPressureHessianFourierIsometryRound81Exact.agda	815347a287ee07b98870db2dda01368c30d10affa88114e92895964b445bf0dc
master	7d52f88d880adddfa59ac73a99ee4ff79506ec06	DASHI/Physics/Closure/NSTriadKNPressureHessianVortexStretchingSplitRound78Exact.agda	19d55e66b34c242840766abe8a09467d9466f015ff2bd6c343198f07eb1dc0c2
master	7d52f88d880adddfa59ac73a99ee4ff79506ec06	DASHI/Physics/Closure/NSTriadKNPressureIsotropicShiftEigenframeRound79Exact.agda	9d876e52342ac43ba241247f31019446709681db05b1fb5b19df6edd53ae501b
master	7d52f88d880adddfa59ac73a99ee4ff79506ec06	DASHI/Physics/Closure/NSTriadKNPressurePotentialGradientHessianSameModeRound85Exact.agda	505536fa4dadf474fb3d6c600da77b3081ec812954027f3d4df52da2ae2a4585
master	7d52f88d880adddfa59ac73a99ee4ff79506ec06	DASHI/Physics/Closure/NSTriadKNPressureRelativeGrowthThreeWayRound85Exact.agda	30f0501f9f608d3267912260ad125c04f1bb82c60cade8a6f8f97c2c4a079055
master	7d52f88d880adddfa59ac73a99ee4ff79506ec06	DASHI/Physics/Closure/NSTriadKNPressureStretchingCompetitionRound78Exact.agda	11ebaf174d32073148babd8de8c4c17ed19874073995480c77d9fbe5459959b1
master	7d52f88d880adddfa59ac73a99ee4ff79506ec06	DASHI/Physics/Closure/NSTriadKNPressureStretchingRotationJointTargetRound79Exact.agda	785f6839725e0a2e2f21ba86cc95af855eb50a7348c90af2f7af6f250e19dd73
master	7d52f88d880adddfa59ac73a99ee4ff79506ec06	DASHI/Physics/Closure/NSTriadKNPressureTransferFirstVariationReductionRound85Exact.agda	a0b0ccf5d4e04fcce84fb09655ade5970516c124851d6a8fb9fc02fe8bd562c6
master	7d52f88d880adddfa59ac73a99ee4ff79506ec06	DASHI/Physics/Closure/NSTriadKNPressureTransportPoissonSplitRound85Exact.agda	d7ec8d5285a766bd8989886cc409a1e4aa0779d061801b08fb2ec67e97b454d3
master	7d52f88d880adddfa59ac73a99ee4ff79506ec06	DASHI/Physics/Closure/NSTriadKNProfileClassifierDepthSoundnessSurface.agda	a900a96ebd7dfd2c90f80530a71e780df1c23245ca9c7471e060b72522c22b62
master	7d52f88d880adddfa59ac73a99ee4ff79506ec06	DASHI/Physics/Closure/NSTriadKNProfileCrossForcedTailRefinement.agda	c9bb6baa9955cc59d6dd275da3b51ac2e10d18fa480b9030fff6af2476936bde
master	7d52f88d880adddfa59ac73a99ee4ff79506ec06	DASHI/Physics/Closure/NSTriadKNProfileCrossProductAnalyticAudit.agda	8f628e8846577016d8371d3693517a60644770dbe18248f4a8ebdc59c927ce63
master	7d52f88d880adddfa59ac73a99ee4ff79506ec06	DASHI/Physics/Closure/NSTriadKNProfileCrossProductMatrix.agda	b94c4228ac2eff5e135eedcb7b8bb2710d51a8d3bc6c3021423c40d08aa15ed0
master	7d52f88d880adddfa59ac73a99ee4ff79506ec06	DASHI/Physics/Closure/NSTriadKNProfileCrossWeightBridge.agda	011ede6a31beff31f82ea76efecf5ee505847d98a265c0cec37d47eccf56372b
master	7d52f88d880adddfa59ac73a99ee4ff79506ec06	DASHI/Physics/Closure/NSTriadKNProfileCrossWeightModel.agda	19a615bfbc108b6a4f5d9c14c93180230b1b8805e647c551c000607d9015a932
master	7d52f88d880adddfa59ac73a99ee4ff79506ec06	DASHI/Physics/Closure/NSTriadKNProfileDepthGeometryBase.agda	1f58ce7209c588598780fc32209ebaf2154ff58194f30d68831537645ac1311a
master	7d52f88d880adddfa59ac73a99ee4ff79506ec06	DASHI/Physics/Closure/NSTriadKNProjectedConvectionEnergyFluxExact.agda	cfd2cd6ae3bb63d4c610ff28fcb8d7aba88a8c259e5bbcb52388ffe143eeff0a
master	7d52f88d880adddfa59ac73a99ee4ff79506ec06	DASHI/Physics/Closure/NSTriadKNProjectedNonlinearityFirstVariationRound82Exact.agda	a4c46bb99380eb576e33c428e4a36eaba9fe7f627415838349564df870f6e962
master	7d52f88d880adddfa59ac73a99ee4ff79506ec06	DASHI/Physics/Closure/NSTriadKNProjectedNonlinearityTransverseRound30Exact.agda	9902f5d5ba197fa626db39d6369d8b2a722204b77b051d450929ee16f4b388ae
master	7d52f88d880adddfa59ac73a99ee4ff79506ec06	DASHI/Physics/Closure/NSTriadKNPropagationFloorBarrierRound70Exact.agda	222fca0a737f4b86295fee905e3d6d826913257857bf0ba41344b82bd35a51bb
master	7d52f88d880adddfa59ac73a99ee4ff79506ec06	DASHI/Physics/Closure/NSTriadKNQGapTransfer.agda	8936ed91be98ce696d7b4f394561af24e115d5f1120798069588486fe2b3f1b4
master	7d52f88d880adddfa59ac73a99ee4ff79506ec06	DASHI/Physics/Closure/NSTriadKNRadialFluxIntegrationByPartsRound103Exact.agda	4defb0f0bb8826057da51cc6bdb090861f7270809bcee7dbce897c2f14fdf5f5
master	7d52f88d880adddfa59ac73a99ee4ff79506ec06	DASHI/Physics/Closure/NSTriadKNRationalComplex3HermitianCauchyRound74Exact.agda	cb8e5bec2c175f7e08aa9b9fa3f27bb2155745ff1e65ee184fd1752fb7f87d82
master	7d52f88d880adddfa59ac73a99ee4ff79506ec06	DASHI/Physics/Closure/NSTriadKNRationalComplex3LerayPythagoras.agda	e2dd82f3f27cbbd41f2f992e75c15989886664ab89f450af6adc8f8ac17fa472
master	7d52f88d880adddfa59ac73a99ee4ff79506ec06	DASHI/Physics/Closure/NSTriadKNRationalComplex3Separation.agda	fbed9350b3cf204fc1d277b7f590117c431860d9e9045f2f5283958aaa1b98f6
master	7d52f88d880adddfa59ac73a99ee4ff79506ec06	DASHI/Physics/Closure/NSTriadKNRationalDirectConvolutionBound.agda	8c40b0adc0ce9ea419ac4430f99e11d9f565e560343fafe686bb5202bc15c369
master	7d52f88d880adddfa59ac73a99ee4ff79506ec06	DASHI/Physics/Closure/NSTriadKNRationalFiniteGeometricEnvelope.agda	a4170f6fc1bca06b2f8dc1ceb956d4999609e0e662d4a84b18af554ae09ad241
master	7d52f88d880adddfa59ac73a99ee4ff79506ec06	DASHI/Physics/Closure/NSTriadKNRationalLerayProjectionExact.agda	90c5afc8403c425f80d32b2685dab4eb08a562c74cd98a8288d1b7fbf5d968c2
master	7d52f88d880adddfa59ac73a99ee4ff79506ec06	DASHI/Physics/Closure/NSTriadKNRationalOrderedFiniteL2.agda	6f42acb2f5395d6b63f2158cf9fcedb7bdfd0e2761957e4429ec771d19fd3e2d
master	7d52f88d880adddfa59ac73a99ee4ff79506ec06	DASHI/Physics/Closure/NSTriadKNRationalPhysicalTriadEnergyRound37Exact.agda	c22e1acfe21279ba068a020376f962f3a3aac85e64547da80f3c228a36a424f5
master	7d52f88d880adddfa59ac73a99ee4ff79506ec06	DASHI/Physics/Closure/NSTriadKNRealityInvolutionEquivarianceRound27Exact.agda	04f1ebaf5537c10c60fa1f6828869d87e6d0b93f09cc167b740450e4228658a1
master	7d52f88d880adddfa59ac73a99ee4ff79506ec06	DASHI/Physics/Closure/NSTriadKNReconstructedOrbitCoordinateGrowthNoGoRound62Exact.agda	729d5464d77e312bb9045baa32f11316b5bd2b4706ec7af291ad5683b9a57b22
master	7d52f88d880adddfa59ac73a99ee4ff79506ec06	DASHI/Physics/Closure/NSTriadKNRectangularWeightedSchurSurface.agda	8bf35ba27fbe79c3a5994d3b833bc384a9cc7aa8f07524d73304e8ce7104333b
master	7d52f88d880adddfa59ac73a99ee4ff79506ec06	DASHI/Physics/Closure/NSTriadKNRegularLerayHopfPeriodicSolutionExact.agda	73bf34caeb21689d35a951071a67d959fd395081df40d3ab22b406f0c7ca2d0a
master	7d52f88d880adddfa59ac73a99ee4ff79506ec06	DASHI/Physics/Closure/NSTriadKNRelocatedPressureComparableMultiplierBoundRound85Exact.agda	6e01fe6f92d5c465c69fd2c4476186885015645250171582b0b372c55447dc30
master	7d52f88d880adddfa59ac73a99ee4ff79506ec06	DASHI/Physics/Closure/NSTriadKNResidualClosureDependency.agda	d67a571fa123cbffabaa049ab85fb5c76322a3a0f70379851dddda68f74ca87d
master	7d52f88d880adddfa59ac73a99ee4ff79506ec06	DASHI/Physics/Closure/NSTriadKNResidualPrimitiveEstimates.agda	82a154ea1e1f0f2feec27eeb821ca67c496da30c3daeeae9a0e207356855c104
master	7d52f88d880adddfa59ac73a99ee4ff79506ec06	DASHI/Physics/Closure/NSTriadKNResidueNormModel.agda	0f881ecec405f0b652ebe184d47be5506d3d28cdf9ea562e263f793daf81f4a3
master	7d52f88d880adddfa59ac73a99ee4ff79506ec06	DASHI/Physics/Closure/NSTriadKNResonantDominantCommonHatRound63Exact.agda	1f31b92b9e0123681bb6e0ab0f2e604896dea8ab9475a0bf26ed969073d464ee
master	7d52f88d880adddfa59ac73a99ee4ff79506ec06	DASHI/Physics/Closure/NSTriadKNResonantDominantLowLegSplitRound66Exact.agda	2ff6d910a250aa4a5096962bcf2343ce787a13deaa0690331a5288cd7df789a6
master	7d52f88d880adddfa59ac73a99ee4ff79506ec06	DASHI/Physics/Closure/NSTriadKNResonantDominantTwoShellsRound63Exact.agda	5751ce38bf48d74eb5580a60c3a3064fd185015a53cdbba8e9ee4e6aa4aedc92
master	7d52f88d880adddfa59ac73a99ee4ff79506ec06	DASHI/Physics/Closure/NSTriadKNResonantNullGain.agda	2ca347f9de548ce7ba896353c083fbf715a3a9e9ee741f1f2f22dcf20cacd094
master	7d52f88d880adddfa59ac73a99ee4ff79506ec06	DASHI/Physics/Closure/NSTriadKNRestrictedEulerVieillefosseCalibrationRound78Exact.agda	29ca0bedbf40c33bde9872bab220f960529ebe9a65272d79cd908d5ddaaece1e
master	7d52f88d880adddfa59ac73a99ee4ff79506ec06	DASHI/Physics/Closure/NSTriadKNRestrictedTransverseUniqueness.agda	844e8ec9c0a1c9b85722bbf9006317b3cf2c71af8113374bb0acadad791f568b
master	7d52f88d880adddfa59ac73a99ee4ff79506ec06	DASHI/Physics/Closure/NSTriadKNRouteBSupercriticalFinalAntichainBudgetRound76Exact.agda	823b9ba849976c86a77f4d630b2c8956e44368ac2499f0583813496719b656ed
master	7d52f88d880adddfa59ac73a99ee4ff79506ec06	DASHI/Physics/Closure/NSTriadKNSafeCanonicalTriadOrbitQuotientRound34Exact.agda	8592fdfab87da269e562357dc7ec07ba0d4a8124309ba080279cbb2d494d92a5
master	7d52f88d880adddfa59ac73a99ee4ff79506ec06	DASHI/Physics/Closure/NSTriadKNSameCarrierSameObjectRound31Exact.agda	fd6f4462a38b4d28061daf716a0b01d7a1dab34b8dbcc8cc6f57a6cfa4cef422
master	7d52f88d880adddfa59ac73a99ee4ff79506ec06	DASHI/Physics/Closure/NSTriadKNSameObjectLookupConsistencyRound33Exact.agda	e96dceef39f384afd837cd21cbe34e638b45fcf451695469ec32c600caf849ab
master	7d52f88d880adddfa59ac73a99ee4ff79506ec06	DASHI/Physics/Closure/NSTriadKNScaleDependentConcentrationFundingRound70Exact.agda	c967fc4ff5281787bd864a49f58ade942c4d6742f78048b0b7a2db8d9d137ae8
master	7d52f88d880adddfa59ac73a99ee4ff79506ec06	DASHI/Physics/Closure/NSTriadKNScaleNormalisedAmplitudeAuditRound29Exact.agda	db15284856267ac8baa0ddbb1cf02ddc1fd38e98d6fafd116a88ff5ae6c7bbd1
master	7d52f88d880adddfa59ac73a99ee4ff79506ec06	DASHI/Physics/Closure/NSTriadKNSelectedPacketProjectedPairingRound98Exact.agda	faef19ff09d6411a64f3bca0ff5343dbc6adffe5bfd8c10a5ac0c1e25db692d4
master	7d52f88d880adddfa59ac73a99ee4ff79506ec06	DASHI/Physics/Closure/NSTriadKNSetoidDirectCanonicalEnvelopeClosure.agda	a8959b8fb0dc9468dbf48e52c01a522d39988d97b832a8caa95c35a6e99019c2
master	7d52f88d880adddfa59ac73a99ee4ff79506ec06	DASHI/Physics/Closure/NSTriadKNSharpCapacityToNineOwnerRound61Exact.agda	4d25a79a8ad3747a005b2b00a6e82e472ff0816b336bc184d52d95e8533d09c5
master	7d52f88d880adddfa59ac73a99ee4ff79506ec06	DASHI/Physics/Closure/NSTriadKNSharpWeightedScalarGateRound62Exact.agda	cf4454f41e5c9eb8b9dd77d786a1dba3a2eae344b628f70e0ca5911ffff62180
master	7d52f88d880adddfa59ac73a99ee4ff79506ec06	DASHI/Physics/Closure/NSTriadKNShellFactorTwo.agda	54bc0c951877949c4cdc028f0d2ab51ca90edcdc286970aef2d5f395b67d22ff
master	7d52f88d880adddfa59ac73a99ee4ff79506ec06	DASHI/Physics/Closure/NSTriadKNShellScaleHeadroom.agda	22e024fb1e8f62cb112ad9dd6f06e9cdc64530b4d79bbbfc950b29da8ebb02cb
master	7d52f88d880adddfa59ac73a99ee4ff79506ec06	DASHI/Physics/Closure/NSTriadKNSignedConstituentTreeRound28Exact.agda	2b6a30faf5b530f0ca1ad3a0d0ce9aab0a653153cd478bfefc7b083e5328a7cb
master	7d52f88d880adddfa59ac73a99ee4ff79506ec06	DASHI/Physics/Closure/NSTriadKNSignedCrossShellAlmostOrthogonalityRound29Exact.agda	7fa9818fe7791f786f7dc7bd9b02dad76de077133e17ba39babf4ecaf6d2d9b4
master	7d52f88d880adddfa59ac73a99ee4ff79506ec06	DASHI/Physics/Closure/NSTriadKNSignedInteractionFibreRound28Exact.agda	161deac4a38565cad0bc07982e8fddedc8dc05de93695f0f5161f7fe600bdb3b
master	7d52f88d880adddfa59ac73a99ee4ff79506ec06	DASHI/Physics/Closure/NSTriadKNSixThreeSinglePhysicalSeamRound82Exact.agda	7817d1b9ecf55cd77d8412b984b469c1db24ac0f7eca5acb8b295e7c2451348f
master	7d52f88d880adddfa59ac73a99ee4ff79506ec06	DASHI/Physics/Closure/NSTriadKNSmallSpectrumWeakStretchingRound81Exact.agda	12026174682b176cbd0a6c77348d2689c048a1bd929b0a57aad1a14f6af6171f
master	7d52f88d880adddfa59ac73a99ee4ff79506ec06	DASHI/Physics/Closure/NSTriadKNSmoothSpectralAlignmentPotentialRound81Exact.agda	ba402cb09021f26b6ccfe45a8967d743afd618395a1bb967ffa4621814522d79
master	7d52f88d880adddfa59ac73a99ee4ff79506ec06	DASHI/Physics/Closure/NSTriadKNSpectralClusterOrSmallStrainForkRound80Exact.agda	08527d753845ab32ed2ff54368dd2137cc297f664af6003489e4d32f93ef3ecc
master	7d52f88d880adddfa59ac73a99ee4ff79506ec06	DASHI/Physics/Closure/NSTriadKNSpectralProjectorDegeneracyBoundaryRound80Exact.agda	51e9f912b9fb061c01d3d7abf8b4e154e83501104772e430d5249d71eb589a1f
master	7d52f88d880adddfa59ac73a99ee4ff79506ec06	DASHI/Physics/Closure/NSTriadKNSpectralProjectorResidenceWeldRound80Exact.agda	cecd99f260dd668c0b5e2ad745a89c7deb1cbacb890b26cdfb379e91d482f998
master	7d52f88d880adddfa59ac73a99ee4ff79506ec06	DASHI/Physics/Closure/NSTriadKNSquareChargeCarlesonBridgeRound73Exact.agda	fd8792c7e19db0e7cba3d6f070aa4c04d0d7c91e0a1b849943a1934066af35e7
master	7d52f88d880adddfa59ac73a99ee4ff79506ec06	DASHI/Physics/Closure/NSTriadKNSquareChargeFundingCompilerRound73Exact.agda	46021e25738d31b2f784121c38c40245a249622b407b8abc31e24cbf054bcebd
master	7d52f88d880adddfa59ac73a99ee4ff79506ec06	DASHI/Physics/Closure/NSTriadKNSquaredAmplificationBranchingThresholdRound73Exact.agda	e62d95797273f8d69e35aef50d03ce7178c2e65145d8cc3c7b758f69ccd545e5
master	7d52f88d880adddfa59ac73a99ee4ff79506ec06	DASHI/Physics/Closure/NSTriadKNStage3NegativeTransferContrast.agda	5c3ce649d7590cb2012014687eb0118f2d66fa459311f2c2bf0eadb95a7d4c67
master	7d52f88d880adddfa59ac73a99ee4ff79506ec06	DASHI/Physics/Closure/NSTriadKNStateDependentReplenishmentMarginRound82Exact.agda	1f42eec82d2bb4a081d95ed3f046b4c441c2079f473476c222bb85af6cdbda28
master	7d52f88d880adddfa59ac73a99ee4ff79506ec06	DASHI/Physics/Closure/NSTriadKNStaticPairingEmitsFineFiveSourceAtomsRound72Exact.agda	5d07d7abe0bc4f99be55fcb096b7c0e59574c1b128decf003e1a561e5030588c
master	7d52f88d880adddfa59ac73a99ee4ff79506ec06	DASHI/Physics/Closure/NSTriadKNStaticPairingEmitsStructuredTriadicAtomsRound72Exact.agda	8a451bad23add77bad94ab320b1e12ff3774ab34f1d55ed443ed2de1fc6ea37e
master	7d52f88d880adddfa59ac73a99ee4ff79506ec06	DASHI/Physics/Closure/NSTriadKNStaticRationalTwoChannelOverlayRound75Exact.agda	f3a0e30c53e586e18b81b7e054942f289bd1b8f63be5db553722131eafeb09cd
master	7d52f88d880adddfa59ac73a99ee4ff79506ec06	DASHI/Physics/Closure/NSTriadKNStrainProjectorForcingRound81Exact.agda	1745a6651aa5b6affa20e858c1b05bda9d43e76a497062fedddfb4843944113f
master	7d52f88d880adddfa59ac73a99ee4ff79506ec06	DASHI/Physics/Closure/NSTriadKNStrongSixThreeLinearViscousNoGoRound89Exact.agda	c72196231d54f792b728b519bbfab0984822f3685147263724d39827823c0946
master	7d52f88d880adddfa59ac73a99ee4ff79506ec06	DASHI/Physics/Closure/NSTriadKNStructuredKernelZeroOwnerRound62Exact.agda	11258e0a68f537f4422a6bfe0c68a775746e0bb493f2e73aa61c2cc7497180a4
master	7d52f88d880adddfa59ac73a99ee4ff79506ec06	DASHI/Physics/Closure/NSTriadKNStructuredTriadicFactorizationOverlayRound72Exact.agda	7ee3cae9590de6b2467c18f57acbf9a90485ee68ec445039e72b92e1ca0a4e0e
master	7d52f88d880adddfa59ac73a99ee4ff79506ec06	DASHI/Physics/Closure/NSTriadKNSummedProjectedNonlinearityRealityRound35Exact.agda	c16a6743b51b165d7c0f36b23382f8f5045b76ca431155a8331813ea7dd0be19
master	7d52f88d880adddfa59ac73a99ee4ff79506ec06	DASHI/Physics/Closure/NSTriadKNSupercriticalAntichainExcessRound75Exact.agda	ec7d60df08a3c800d58ddd3e013083120c1dea94f1ffbddd300bce42023d3ace
master	7d52f88d880adddfa59ac73a99ee4ff79506ec06	DASHI/Physics/Closure/NSTriadKNSupercriticalExcessAmplitudeCapRound97Exact.agda	8a6e830c29f7de0bba72e5874bc7e296a8c35b231cf7ee2c207ecee1c9c4efac
master	7d52f88d880adddfa59ac73a99ee4ff79506ec06	DASHI/Physics/Closure/NSTriadKNSupercriticalExcessCompactGammaWeldRound96Exact.agda	4bd265e58407901e23949493a7e90e98d9171add93d0cc843b55243ec0fa4aa5
master	7d52f88d880adddfa59ac73a99ee4ff79506ec06	DASHI/Physics/Closure/NSTriadKNSupercriticalExternalExcessOccupationRound96Exact.agda	1b67844199d3c5d525957e923b4e6592b8efa632bbab339c075b415c49f26a2f
master	7d52f88d880adddfa59ac73a99ee4ff79506ec06	DASHI/Physics/Closure/NSTriadKNTaoFrozenLegParaproductProgram.agda	1b6d7bcc3193290781f29dae1131a8010668ee3189d6f755dcee98d42fe5c9a4
master	7d52f88d880adddfa59ac73a99ee4ff79506ec06	DASHI/Physics/Closure/NSTriadKNTaxKindClassificationRound46Exact.agda	78dfac2672153d70a15ea90c5dfac035383f9111cbf26bc8e0f540c60ea90d06
master	7d52f88d880adddfa59ac73a99ee4ff79506ec06	DASHI/Physics/Closure/NSTriadKNThirdEigenvalueCostCompressionRound79Exact.agda	caab78506409e4372360e65c0128e97c832c7dd5f4af51c427d2c2b1000bf674
master	7d52f88d880adddfa59ac73a99ee4ff79506ec06	DASHI/Physics/Closure/NSTriadKNThreeRadiusTransferExteriorRound102Exact.agda	e4a878b7eb1c8d05c109995757b9c771252cfc2e4adcec74e6245bb02ce4a193
master	7d52f88d880adddfa59ac73a99ee4ff79506ec06	DASHI/Physics/Closure/NSTriadKNThreeSoftOwnerHardFloorRound46Exact.agda	947c9db26330f3d0c18f4e2ece283587e9b22493357061a5f915ec3f1062a2c0
master	7d52f88d880adddfa59ac73a99ee4ff79506ec06	DASHI/Physics/Closure/NSTriadKNThreeSoftSharpGlobalGateRound62Exact.agda	92f86c71fa37d0f10f981ff74bae23d07378b1f3ef083a100c8c728c68d1a68b
master	7d52f88d880adddfa59ac73a99ee4ff79506ec06	DASHI/Physics/Closure/NSTriadKNTimeDependentFineStructuredBalanceRound74Exact.agda	7631ab80ef02a3b0afa840e75648b728f38afe17fdebefa6f2812b60753ca049
master	7d52f88d880adddfa59ac73a99ee4ff79506ec06	DASHI/Physics/Closure/NSTriadKNTraceFreeGapSpectrumRound80Exact.agda	473cb536f1117de6e1b64183ed3ff24e5ee732742fb10f85e519bf139885987c
master	7d52f88d880adddfa59ac73a99ee4ff79506ec06	DASHI/Physics/Closure/NSTriadKNTransitionClosureDependency.agda	4ad17abdf34813fa0c960ec45596afa8a6d3ff17d3962257585e02c50e2f3770
master	7d52f88d880adddfa59ac73a99ee4ff79506ec06	DASHI/Physics/Closure/NSTriadKNTransitionConcreteBounds.agda	8bbd40eacdd483783f1bfe58e4ded442a28516eb6f8ee9ac272c55d735d0ba05
master	7d52f88d880adddfa59ac73a99ee4ff79506ec06	DASHI/Physics/Closure/NSTriadKNTransitionConcreteIncidenceType.agda	cf82dfc23bdddde69b959f073fc122ad772ccba152c5725521378ec0067f4fc0
master	7d52f88d880adddfa59ac73a99ee4ff79506ec06	DASHI/Physics/Closure/NSTriadKNTransitionPrimitiveEstimates.agda	2a5b713f492ef338caee44fd5fe3ca9c2920585c8fb316357475e11f551ef47a
master	7d52f88d880adddfa59ac73a99ee4ff79506ec06	DASHI/Physics/Closure/NSTriadKNTriadicDyadicExponentSystem.agda	36cff23df9bff9ee3980b286594abde5928b52ae232581c6af1cb5463f101305
master	7d52f88d880adddfa59ac73a99ee4ff79506ec06	DASHI/Physics/Closure/NSTriadKNTwoChannelOutputFibreMassSumRound75Exact.agda	800faaad01960c0cbde9b1401edb169f0a810db50aed67e8eb224a1272e39f71
master	7d52f88d880adddfa59ac73a99ee4ff79506ec06	DASHI/Physics/Closure/NSTriadKNTwoChannelStructuredCauchyOverlayRound74Exact.agda	0e7ddad2250f045ba3d3784562658d5f4ff25ce8a1e67bebbf9d2eb171ea0bf1
master	7d52f88d880adddfa59ac73a99ee4ff79506ec06	DASHI/Physics/Closure/NSTriadKNUniformCriticalBarrierPassageToLimitRound103Exact.agda	1421ba0551c5613eb3e080cb664b3d1f4ee2e3ef8e0f80e204a072fb6cf4e857
master	7d52f88d880adddfa59ac73a99ee4ff79506ec06	DASHI/Physics/Closure/NSTriadKNUniformGalerkinSignedCriticalProductionRound104Exact.agda	6ae0af62cd09be057af6f45d586961161db804f474e3b16499ca2e6afe4c5dea
master	7d52f88d880adddfa59ac73a99ee4ff79506ec06	DASHI/Physics/Closure/NSTriadKNUniversalFiniteChargeAllocationRound77Exact.agda	8d1adecff7cce2ce1f733f938f1e523be76c7305f41e832d7619787b08eb7651
master	7d52f88d880adddfa59ac73a99ee4ff79506ec06	DASHI/Physics/Closure/NSTriadKNUnsignedProjectorTurnoverNoBudgetRound81Exact.agda	594161e7996dae30086a4ca88a2da7d8c3f467c4ec0ce82a883ca089803f754a
master	7d52f88d880adddfa59ac73a99ee4ff79506ec06	DASHI/Physics/Closure/NSTriadKNValidatedPhysicalClassCode.agda	410d36fa0584446adcf058a96b2ea0a575adbae0af52b56b7f21c3b7b2070a3d
master	7d52f88d880adddfa59ac73a99ee4ff79506ec06	DASHI/Physics/Closure/NSTriadKNValidatedPhysicalFiberImage.agda	aaa621013def7e7603fcaac386bfd627ca3687a9053a98354b724991a31c7437
master	7d52f88d880adddfa59ac73a99ee4ff79506ec06	DASHI/Physics/Closure/NSTriadKNVariationalRigidityOperatorRefinement.agda	e88f23adbf660d6c14c1eb5252be05327ec9c3ece52974d504ed648d90843454
master	7d52f88d880adddfa59ac73a99ee4ff79506ec06	DASHI/Physics/Closure/NSTriadKNViscousRealityRound35Exact.agda	0f363c8e2b4c71115c9e3e599aabe081d7613a680abaa56a35037af160ae88ce
master	7d52f88d880adddfa59ac73a99ee4ff79506ec06	DASHI/Physics/Closure/NSTriadKNViscousWeightedHHLowTensorFactorizationRound89Exact.agda	3dfaa4863e39d160fb85d936bd04a8dc2f9f34d159b0c6e739036aaa11eb263d
master	7d52f88d880adddfa59ac73a99ee4ff79506ec06	DASHI/Physics/Closure/NSTriadKNVortexStretchingGeometricFactorRound37Exact.agda	f006c22c5ff19c2ad7a2669190dd22cce425cdb570cea3905f9c10c93327a3a4
master	7d52f88d880adddfa59ac73a99ee4ff79506ec06	DASHI/Physics/Closure/NSTriadKNWaleffeAmplitudeEnergyProductRound105Exact.agda	eefd632c18c628edcf5ad77122faa0b0e223c26c1489eeedc03a73b398f281c0
master	7d52f88d880adddfa59ac73a99ee4ff79506ec06	DASHI/Physics/Closure/NSTriadKNWaleffeHHMinorityNumeratorGainRound102Exact.agda	1cc656cc3bfccfb3c5657bd2c87bc16c01f90233e27a55dfa458689a6e467af3
master	7d52f88d880adddfa59ac73a99ee4ff79506ec06	DASHI/Physics/Closure/NSTriadKNWaleffeHeronPolynomialRound102Exact.agda	a2f1f3df4ba12e7f63f302584bffa5574e96ab9bfd892c7d85eac16b13de8dc7
master	7d52f88d880adddfa59ac73a99ee4ff79506ec06	DASHI/Physics/Closure/NSTriadKNWaleffeLeithPointwiseMobilityNoGoRound104Exact.agda	1f63560cd1eeb29f6ad9488df416f387f4e3958801b67fc32edafd7517003ebf
master	7d52f88d880adddfa59ac73a99ee4ff79506ec06	DASHI/Physics/Closure/NSTriadKNWeightedFourierEnergyIdentity.agda	2b623faa1655b2caee4050c1d2f1e2f2053beb8e75656c5e68dc35a0021e3fdb
master	7d52f88d880adddfa59ac73a99ee4ff79506ec06	DASHI/Physics/Closure/NSTriadKNWeightedSchurProductBound.agda	73c244a91a3cc5f7bb51c8a9ce090f2e376364c0d8894ae577c77e1b77573331
master	7d52f88d880adddfa59ac73a99ee4ff79506ec06	DASHI/Physics/Closure/NSTriadicAngularDefectSheafLeakageBoundary.agda	c7e1069569f511b141a9598022c5265451d8d328fdc6ed4f7363350b9a9f1b94
master	7d52f88d880adddfa59ac73a99ee4ff79506ec06	DASHI/Physics/Closure/NSTriadicCompensatedLeakageIdentityBoundary.agda	731abd2b697d935fe768dea8a790f3af97591fb927175ce2c65156b54f042068
master	7d52f88d880adddfa59ac73a99ee4ff79506ec06	DASHI/Physics/Closure/NSTriadicLeakageSquareFunctionCoercivityBoundary.agda	ea8912a391e94ef2de5ef54d72ad532b4c20abd1f4de4342c262f73aa926c061
master	7d52f88d880adddfa59ac73a99ee4ff79506ec06	DASHI/Physics/Closure/NSTriadicShellBernsteinHolderBoundary.agda	bc35c16fb865be0e87d6b9f8378432157736af07df727a53c2047c8a6791578a
master	7d52f88d880adddfa59ac73a99ee4ff79506ec06	DASHI/Physics/Closure/NSTrueLerayTriadicDefectSymbol.agda	65bf52415e1217cfbb61749333e4c367cc273721650691f13db4b71aeebf542a
master	7d52f88d880adddfa59ac73a99ee4ff79506ec06	DASHI/Physics/Closure/NSTypeIBlowupKappaBiasBoundBoundary.agda	045cfeec91fea45230f66e52f5799e803b8b9f08c8434c07d9dc238812ada588
master	7d52f88d880adddfa59ac73a99ee4ff79506ec06	DASHI/Physics/Closure/NSW4WeakSolutionReceipt.agda	7d84bf3a268a1f9ef1e05bf0fddee030a256e4d40767217347bdeb01814388eb
master	7d52f88d880adddfa59ac73a99ee4ff79506ec06	DASHI/Physics/Closure/NSWall1ExactEvaluationCarrier.agda	eb1e8fbc71b56dd5aaa26e0dc0239f3297f7cf539dbb4f5ebb59529da0fdbd9b
master	7d52f88d880adddfa59ac73a99ee4ff79506ec06	DASHI/Physics/Closure/NSWall1FourierShellInstance.agda	51180d063a83591bc8e4d7648ef880dc335c7b9d4ede96166b0cfec861ac2e8a
master	7d52f88d880adddfa59ac73a99ee4ff79506ec06	DASHI/Physics/Closure/NSWaveletRouteClosedReceipt.agda	914feff512d9e9d9e7f935a7672fe266774edcada0c402f04f197ff95672de88
master	7d52f88d880adddfa59ac73a99ee4ff79506ec06	DASHI/Physics/Closure/NSWeakSolutionFinalReceipt.agda	808c32475874194e921d0dc117f37931b078029d3aa411a2472d720f669f6f97
master	7d52f88d880adddfa59ac73a99ee4ff79506ec06	DASHI/Physics/Closure/NSWeakSolutionSummaryReceipt.agda	de66a6be0ea27a379701825780728d3318c7880723f8662dab6ab86101bb6443
master	7d52f88d880adddfa59ac73a99ee4ff79506ec06	DASHI/Physics/Closure/NSWhitneyCouplingInequalityBoundary.agda	6df23c7361070492883edce97997f681a045b6f34bc8cd8145f196e9388e5a62
master	7d52f88d880adddfa59ac73a99ee4ff79506ec06	DASHI/Physics/Closure/NSWhitneyFubiniDisintegrationBoundary.agda	d7e00daf92ed540ad5d37d156b3068edccf65da5e3aa7eef70a70b6f5b11b97b
master	7d52f88d880adddfa59ac73a99ee4ff79506ec06	DASHI/Physics/Closure/NSYMParallelStructureReceipt.agda	073d1f9850682a9327b052e049d53acaf6cd4a38d3ccc5c0b1ca0d6591efc745
master	7d52f88d880adddfa59ac73a99ee4ff79506ec06	DASHI/Physics/Closure/NSZ3CutoffUniformIntegerShellSchur.agda	d9ebbce222abf5976490c984b0aed0d95bf88c9df9d29e854c2522fbbac943c4
master	7d52f88d880adddfa59ac73a99ee4ff79506ec06	DASHI/Physics/Closure/NSZeroModeSetClassificationBoundary.agda	fa57e50a27dc5696f709ebb56613afba125cd6305aed4edd2c455602eeff2bdf
master	7d52f88d880adddfa59ac73a99ee4ff79506ec06	DASHI/Physics/Closure/NegativeFrameBoundRouteReceipt.agda	60e19b30583baa4608ca7b6084ed5205da9563f486e037c9aa5b1b3f162b8a22
master	7d52f88d880adddfa59ac73a99ee4ff79506ec06	DASHI/Physics/Closure/OverlapDominationLemmaReceipt.agda	5e983af907da9e77b76e51445494bbd09b5e0bbbe6a55a424d85dada0dc597de
master	7d52f88d880adddfa59ac73a99ee4ff79506ec06	DASHI/Physics/Closure/P71HeckeMirrorSignLaneReceipt.agda	08e97190a4752574625673f57ec47c6aa449e6aa152a415a141dcdb4ce767981
master	7d52f88d880adddfa59ac73a99ee4ff79506ec06	DASHI/Physics/Closure/Paper0SharedMarginDependencyReceipt.agda	c70c4d73cacad196f950537c8ad8d5c2cf365fb0012551560cfc58ef5472b9f1
master	7d52f88d880adddfa59ac73a99ee4ff79506ec06	DASHI/Physics/Closure/ParaproductDecompositionReceipt.agda	7107d6d88e84ee69176189e7b817e8b3489726359a5a7fd61fddb07854921d62
master	7d52f88d880adddfa59ac73a99ee4ff79506ec06	DASHI/Physics/Closure/PentadicCrossTermReceipt.agda	17e060845f3e32f5ea58861fd603994e25b4fbb9a97baba47d554ef58cdfed63
master	7d52f88d880adddfa59ac73a99ee4ff79506ec06	DASHI/Physics/Closure/Phase2ProgrammeReceipt.agda	edc30774d0be2169e9eb2ae2145c85d5e58e2aa74254148e4702fa3d46636535
master	7d52f88d880adddfa59ac73a99ee4ff79506ec06	DASHI/Physics/Closure/PhysicalSSPHeckeModelClosureReceipt.agda	39c9c01c4ada61f211c6d0a53184bda2fd338f40736d0e9a91bdf4cfae71ddd9
master	7d52f88d880adddfa59ac73a99ee4ff79506ec06	DASHI/Physics/Closure/PhysicalSSPSpreadBoundAttemptReceipt.agda	03a6c50b8b6ada99516f87d85d011e3289102ef5632f793d93148c384f6d3a20
master	7d52f88d880adddfa59ac73a99ee4ff79506ec06	DASHI/Physics/Closure/PolymerKPAsMDLReceipt.agda	1eab996d78093bab9439c711887d6c109172b441662d54ce0a21253e96f6fac1
master	7d52f88d880adddfa59ac73a99ee4ff79506ec06	DASHI/Physics/Closure/PressureDepthCorrectionReceipt.agda	e3ca964043d46f292e8faabbef6bd337438c95bf6b259984966b279b9ee350de
master	7d52f88d880adddfa59ac73a99ee4ff79506ec06	DASHI/Physics/Closure/PressureDepthLengthTripleReceipt.agda	a1ac419d4ceab869ae46c2f359a5d12d67814de6d8e1955a5487f3ebfba77454
master	7d52f88d880adddfa59ac73a99ee4ff79506ec06	DASHI/Physics/Closure/PrimeBandLPDefinitionReceipt.agda	846467aa9da4c3051ff5ac80fa2d237a80f44ff8fa7c0d9b839d39ec0eebb9f8
master	7d52f88d880adddfa59ac73a99ee4ff79506ec06	DASHI/Physics/Closure/PrimeLaneGaugeAssignmentReceiptSurface.agda	32fc7f4af0a807df06cd9d90711054f6f67d5c2c70f326b70eab6404fb1acc9c
master	7d52f88d880adddfa59ac73a99ee4ff79506ec06	DASHI/Physics/Closure/PublishableFullUnificationStackReceipt.agda	855b909ac69156144754bb1012e09bc708a5fcbba89354d58a722e9e5d7c5599
master	7d52f88d880adddfa59ac73a99ee4ff79506ec06	DASHI/Physics/Closure/QuantumPathFibreObservationQuotient.agda	5c8119d7b7e390f8a80ed3ff1d121c84648f3cf7f353e0bac780ac8eec8975c9
master	7d52f88d880adddfa59ac73a99ee4ff79506ec06	DASHI/Physics/Closure/RGBanachFixedPointReceipt.agda	1f6e78c4c3a57ee02113fc7d6e824f00726265a321c67259dcf907ab5b52a21f
master	7d52f88d880adddfa59ac73a99ee4ff79506ec06	DASHI/Physics/Closure/SSP15CMFieldSplittingCorrectionReceipt.agda	33e890f331eaf844390819d0181871c1405e7537888c90f1d900eab2cfa16cba
master	7d52f88d880adddfa59ac73a99ee4ff79506ec06	DASHI/Physics/Closure/SSP7Plus7Plus1AtomGrammarReceipt.agda	073394306b5b22876388f6c1efee9e1952bdb3fcdd35329551daac3c0d06b8a1
master	7d52f88d880adddfa59ac73a99ee4ff79506ec06	DASHI/Physics/Closure/SSPPrimeLane369DepthPhaseBridge.agda	a72bcd80fe53af869032695e60fa2cee31002860ce9d01c436546061bbd21e6c
master	7d52f88d880adddfa59ac73a99ee4ff79506ec06	DASHI/Physics/Closure/SSPPrimeLane369DepthWheelCantorBridge.agda	be6e41ee26cd4baccd3c5770c6f78eebfdea3c857f78d625e5025572d7f9e369
master	7d52f88d880adddfa59ac73a99ee4ff79506ec06	DASHI/Physics/Closure/SSPPrimeLane369PhaseBridge.agda	ddc1635318d3bd0ae89c4b59b06797e6e298a326fd04503a404fa6dc86826da7
master	7d52f88d880adddfa59ac73a99ee4ff79506ec06	DASHI/Physics/Closure/SSPSevenSevenOneFrameDecompositionReceipt.agda	fc7b160230f5f53fc261dc3b7bd90459938fca78e4b7fc21929518a4f6595cbf
master	7d52f88d880adddfa59ac73a99ee4ff79506ec06	DASHI/Physics/Closure/ScaleGraphBarrierAlgebraProofReceipt.agda	5db63f05ecf21fd430ef913b193a7db79ce166ae7e7f8029d011137b768daa2e
master	7d52f88d880adddfa59ac73a99ee4ff79506ec06	DASHI/Physics/Closure/ScaleGraphBarrierTargetReceipt.agda	f4ce3b483877318274f623c0311b8a57b93fff5e3094d15e049e1858e85a534d
master	7d52f88d880adddfa59ac73a99ee4ff79506ec06	DASHI/Physics/Closure/SchrodingerEvolutionScope.agda	1568a7159a114c81d1c92f23f0d85937e7c8c414859a0787f33d0a0f50373300
master	7d52f88d880adddfa59ac73a99ee4ff79506ec06	DASHI/Physics/Closure/SiblingCodecFiningContinuousSupportReceipt.agda	94cf29ede3425635a810640d1a748a857505a02a06553760fcb2e4fdcb9409c4
master	7d52f88d880adddfa59ac73a99ee4ff79506ec06	DASHI/Physics/Closure/StrictMarginImpliesAbsorptionReceipt.agda	1b0dd967f37571194d4c63833684c6b494a2692e094b62d7fa5925eb1e0ddae3
master	7d52f88d880adddfa59ac73a99ee4ff79506ec06	DASHI/Physics/Closure/TSFVCandidate256CalibrationLawDiagnostic.agda	738d4d2af4023e914c0a6c94d06c46eb3e9082e377c0f50bcc0fb77aa823b3b1
master	7d52f88d880adddfa59ac73a99ee4ff79506ec06	DASHI/Physics/Closure/UltrametricClusterSeparationReceipt.agda	848cc51ecfa58681708d0d3194033d1ad4154d72c3531ccf74d5c6b1c3c65cb3
master	7d52f88d880adddfa59ac73a99ee4ff79506ec06	DASHI/Physics/Closure/UltrametricSobolevUniformBound.agda	397458c9dd1e7061d1e2b73a38d4fac9396e082154c7edd42e33fcc8a0673d12
master	7d52f88d880adddfa59ac73a99ee4ff79506ec06	DASHI/Physics/Closure/UnifiedMarginInvariantReceipt.agda	91c89d2d8f4124a23feb457c576f0a5f2d04a3198a33236b1f95d6c84ad0284a
master	7d52f88d880adddfa59ac73a99ee4ff79506ec06	DASHI/Physics/Closure/UniversalScaleGraphBarrierTargetReceipt.agda	82b940f7a4d92d7c7507579e4d2861e7aec921f88d79cc158db178fde16b00d6
master	7d52f88d880adddfa59ac73a99ee4ff79506ec06	DASHI/Physics/Closure/W4MatterStressEnergyMDLInternalBridge.agda	1efed5eb6d42df655419cb89c596d2d156df9e673a0a32ff0dc8b52a5ae9777c
master	7d52f88d880adddfa59ac73a99ee4ff79506ec06	DASHI/Physics/Closure/WaveletFrameBoundRevisionReceipt.agda	b8512ad62e372f2ac7d373c40de7ac14ab274c194179353df0089baf46a799b8
master	7d52f88d880adddfa59ac73a99ee4ff79506ec06	DASHI/Physics/Closure/WaveletOrthogonalityProofReceipt.agda	8a0839c427ae152c37e7acbc283236d5fca9942afb196544f5598fc2713d14fe
master	7d52f88d880adddfa59ac73a99ee4ff79506ec06	DASHI/Physics/Closure/YMActualKPLocalSumDiameter1Receipt.agda	713da4270e5bdb36c0922189b021c6d1d81c650810a9d5c82a8417475e9f89b7
master	7d52f88d880adddfa59ac73a99ee4ff79506ec06	DASHI/Physics/Closure/YMActualKPLocalSumDiameter2Receipt.agda	97da633b6f642de4065e92294e123f03f36e50da515c2b46cb4ec2889ec98647
master	7d52f88d880adddfa59ac73a99ee4ff79506ec06	DASHI/Physics/Closure/YMActualP7WilsonPolymerActivityReceipt.agda	8a6cadd321161b3134de91efb61e504192a328b9c58cbaeecc4a014d5df640cb
master	7d52f88d880adddfa59ac73a99ee4ff79506ec06	DASHI/Physics/Closure/YMActualPolymerActivityDefinitionReceipt.agda	5c6f4b93ee0b649100adbd9f209a10fe22fac8fa74c167d8c8e055f018be6830
master	7d52f88d880adddfa59ac73a99ee4ff79506ec06	DASHI/Physics/Closure/YMBTPathCountingKPThresholdReceipt.agda	c92cb693182bc74d2b7c8042f778693f1ec5193232d4b3db0637dc2d88f262be
master	7d52f88d880adddfa59ac73a99ee4ff79506ec06	DASHI/Physics/Closure/YMBalabanCarrierRGContractionReceipt.agda	f7ca8e73959cf23ed489e653b8c6ef449c9ef246da337a68403606dc5b97ebea
master	7d52f88d880adddfa59ac73a99ee4ff79506ec06	DASHI/Physics/Closure/YMBalabanPhysicalBetaBridgeTargetReceipt.agda	aea1b9d8933a604a831d0d0178a8f16642bf0b670027b20c571a21fa0086d0f6
master	7d52f88d880adddfa59ac73a99ee4ff79506ec06	DASHI/Physics/Closure/YMBalabanRGInductiveStepProofReceipt.agda	7f0fdde5c26e48e1f4b504ca5d4b068ae95ccae8364f9bdf0ad99c1d9ea7d5a7
master	7d52f88d880adddfa59ac73a99ee4ff79506ec06	DASHI/Physics/Closure/YMBalabanRGScaleTransferFrontierReceipt.agda	6fe67adc459c75a9209f05e74ed55e1e765f190c4e27686940f4f782ce8ad1c3
master	7d52f88d880adddfa59ac73a99ee4ff79506ec06	DASHI/Physics/Closure/YMBetaBridgeQuantitativeGapReceipt.agda	7ab29a38183a023e9d785fd574e305adbb5bbdaa44a4f496838fd1eeae71e3a5
master	7d52f88d880adddfa59ac73a99ee4ff79506ec06	DASHI/Physics/Closure/YMCarrierAreaLawFromRGReceipt.agda	6b580220500ef50f42188123df7bc89b8708ba6399871c989aa7a8fe57e41cb1
master	7d52f88d880adddfa59ac73a99ee4ff79506ec06	DASHI/Physics/Closure/YMExternal2025To2026ProofClaimsReceipt.agda	2f133894f29cf4bcfffa63cc8f6501f674532a142bb9b18806c39e15d682825e
master	7d52f88d880adddfa59ac73a99ee4ff79506ec06	DASHI/Physics/Closure/YMGeometricTailHalfBoundReceipt.agda	a4bc7a56a42335eb411367d648870268ca81e043602bcdf2c4050e14705a459a
master	7d52f88d880adddfa59ac73a99ee4ff79506ec06	DASHI/Physics/Closure/YMKPAbsorptionMarginReceipt.agda	b2a3b1014bfd80e74416b1640a4c899f771614810e6f975f4b82c797fdf90eed
master	7d52f88d880adddfa59ac73a99ee4ff79506ec06	DASHI/Physics/Closure/YMKPAbsorptionMarginThresholdReceipt.agda	210d3c3e4882c08512acdcab0af4c0ab00960c13251b50e47aff8bdc05ac3bbf
master	7d52f88d880adddfa59ac73a99ee4ff79506ec06	DASHI/Physics/Closure/YMKPActivityRatioMarginReceipt.agda	34e7ffea691648b90068d082d3a7870a5ad2f5a1988cd4509fd87b8ad7e02612
master	7d52f88d880adddfa59ac73a99ee4ff79506ec06	DASHI/Physics/Closure/YMKPThresholdCorrectionReceipt.agda	dfb81d18bad6da263c60e6cf3b19f060416c9c8c8566e248ac2cfca0c56424d0
master	7d52f88d880adddfa59ac73a99ee4ff79506ec06	DASHI/Physics/Closure/YMLatticeAnimalCountingBoundReceipt.agda	21306597cf0d67659f47ca522a4a29deae52740a1e73cb8a8a4b24737375f05b
master	7d52f88d880adddfa59ac73a99ee4ff79506ec06	DASHI/Physics/Closure/YMPaper3ClayTargetReceipt.agda	0ab039e7a8226c2d4358c1dac0cc70e4790ae7c20ba03205e213de846a698d3b
master	7d52f88d880adddfa59ac73a99ee4ff79506ec06	DASHI/Physics/Closure/YMPaper3RoadmapReceipt.agda	1dc4ab6f8f057e7836fa1b40dadfb7184395f301b75237c994558d589e24c557
master	7d52f88d880adddfa59ac73a99ee4ff79506ec06	DASHI/Physics/Closure/YMPhysicalBetaBridgeOpenReceipt.agda	df00329e340e5564dcf1c26874078d2c2f699ffd4c191c8e513a742f66c685d0
master	7d52f88d880adddfa59ac73a99ee4ff79506ec06	DASHI/Physics/Closure/YMPolymerWeakCouplingSumBoundReceipt.agda	660117fbfd9a8ada5fe466a4262297b521ec72d7a42b274e82e0d735e86db782
master	7d52f88d880adddfa59ac73a99ee4ff79506ec06	DASHI/Physics/Closure/YMSamePrimeKPConvergenceProofReceipt.agda	8d62a0b473e897d4872bf9f123295fcfee2f286460823834d288b6fbee362bde
master	7d52f88d880adddfa59ac73a99ee4ff79506ec06	DASHI/Physics/Closure/YMSamePrimeOverlapReductionReceipt.agda	9dc264415ba1fdb97b44008101647d2a7644eb0681fd9ba7ff4246582e9aec61
master	7d52f88d880adddfa59ac73a99ee4ff79506ec06	DASHI/Physics/Closure/YMWeakCouplingRatioBoundReceipt.agda	64e4276899063c5be5a974452b291dde399ab74955b441a536ca554b3b677dcf
master	7d52f88d880adddfa59ac73a99ee4ff79506ec06	DASHI/Physics/Closure/YangMillsFieldEquationReceipt.agda	f24f8f15fde2f2501adb9cf000e16e458c0b6c2362e7e2f2b23db0b8657f961a
master	7d52f88d880adddfa59ac73a99ee4ff79506ec06	DASHI/Physics/Closure/YukawaDHRIntertwinerCompatibility.agda	ccbb0696e167cb09cbed4a1f016fffc6b807cf50e957e2dcc8c4b868ad974802
master	7d52f88d880adddfa59ac73a99ee4ff79506ec06	DASHI/Physics/Closure/YukawaFromCarrier.agda	a1252547590d913a2f3fba77e6efdc5f4fb6f98d918212b0227445241a69d46c
master	7d52f88d880adddfa59ac73a99ee4ff79506ec06	DASHI/Physics/Closure/ZeroMeanSubspaceGramReceipt.agda	a1856ea8c17ffaf3cfbe6d9a233b5525ad0018b28aafba032fc2f64924ad3aec
master	7d52f88d880adddfa59ac73a99ee4ff79506ec06	DASHI/Physics/Common/SameSourceGluedProducerExact.agda	2bed3fe29badfbf57ffd0f1d303d6fc35ed9ef499de6307e4dcb85764424cb34
master	7d52f88d880adddfa59ac73a99ee4ff79506ec06	DASHI/Physics/Moonshine/DASHIMonsterVOAUniquenessReceipt.agda	b10d93a6966acfe4fd3b174f3e6f30c5708d7774400e0584c104895d3ebf3c92
master	7d52f88d880adddfa59ac73a99ee4ff79506ec06	DASHI/Physics/Moonshine/DASHIPrimeLaneEquivClosureReceiptSurface.agda	da7a2e8a950e49d358760955a134a3e66e1ae9c0afaa9e2ea21a8e2bf5df8951
master	7d52f88d880adddfa59ac73a99ee4ff79506ec06	DASHI/Physics/Moonshine/DASHIPrimeLaneVOATypeReceipt.agda	0ba208e5ccce135f0b8c68af7ea8e3731f125fae82503585dec7969dfbc2b043
master	7d52f88d880adddfa59ac73a99ee4ff79506ec06	DASHI/Physics/Moonshine/DongLiMasonOrbifoldReceiptSurface.agda	293b214e8335823f662c88dd96d7bd53944f118d3aaa983e0099d40d11a657f2
master	7d52f88d880adddfa59ac73a99ee4ff79506ec06	DASHI/Physics/Moonshine/MonsterOrderDepthBoundReceipt.agda	3ba9f4efdf1e5ad0c93b5beacd64af5626586584f47f336ae991ebb922b1b1d6
master	7d52f88d880adddfa59ac73a99ee4ff79506ec06	DASHI/Physics/Moonshine/PrimeLaneVOAEquivalenceReceiptSurface.agda	2711d962a3a7817369751839118d42f526ecaf159adab14e1612ee8c5b8740e5
master	7d52f88d880adddfa59ac73a99ee4ff79506ec06	DASHI/Physics/Moonshine/SupersingularPrimeLaneBridge.agda	57b685079fc31b90c83c2e847e84b8f7fb0c47c698ac868b07c86dd3a2973b22
master	7d52f88d880adddfa59ac73a99ee4ff79506ec06	DASHI/Physics/QFT/DHRThermodynamicLimit.agda	bca77ab15d266ed6c379bbadf79f78d955c3ba3be174a4a3bdc2176619ee326d
master	7d52f88d880adddfa59ac73a99ee4ff79506ec06	DASHI/Physics/QFT/Gate6FinitePrimeLaneLocalEndomorphismCategory.agda	f5bed264c38c8716be8d002ec9cd36c297527ff8185f845c0d4a15aab290fbd7
master	7d52f88d880adddfa59ac73a99ee4ff79506ec06	DASHI/Physics/ShiftDiscreteWaveEnergy.agda	a6388fe3819faa165a1ad9ea7652f912fccbd29304d34d7a72bc29490e94a1b4
master	7d52f88d880adddfa59ac73a99ee4ff79506ec06	DASHI/Physics/YM/BiunitaryDiagonalization.agda	6d011e1bd301723feaeb039f70eb34b3884808f0011ea4cbee7a4e1f47ee61e2
master	7d52f88d880adddfa59ac73a99ee4ff79506ec06	DASHI/Physics/YM/FroggattNielsenExpansion.agda	15d0793018fa186b4337fe7ac9763bfd946dcc82176a5c57e8d908d39c5be80e
master	7d52f88d880adddfa59ac73a99ee4ff79506ec06	DASHI/Physics/YM/WolfensteinCKM.agda	895f2c1715bb70917a36b873f3c643d44d9559576bfd0c95765cc7639416988c
master	7d52f88d880adddfa59ac73a99ee4ff79506ec06	DASHI/Physics/YangMills/Balaban1989ActiveScaleTheorem1BetaBridgeExact.agda	529442462ff95ec16926952483422095c55090e05360b00ae8fdd44fae1276f2
master	7d52f88d880adddfa59ac73a99ee4ff79506ec06	DASHI/Physics/YangMills/Balaban1989CanonicalYM4StateFromSection2Exact.agda	5386d865bafeb502e60116b440b9fb7d434d9f4ed417c09da438138d765bca15
master	7d52f88d880adddfa59ac73a99ee4ff79506ec06	DASHI/Physics/YangMills/Balaban1989CompleteDensityToCombinedRGExact.agda	5dfa2b504dd2ff2607dc8c8bb8c93dbbd1162cbafb62187e7b47baef13837eaa
master	7d52f88d880adddfa59ac73a99ee4ff79506ec06	DASHI/Physics/YangMills/Balaban1989CompleteDensityToYM4RegionExact.agda	5c7797052c71946dd4ec5fecb307d36333bfef5eba0ade8d2cd198860e758c10
master	7d52f88d880adddfa59ac73a99ee4ff79506ec06	DASHI/Physics/YangMills/Balaban1989FiniteModeInverseSquareTerminalHistoryExact.agda	1db7abaa3bcabd8bd0ef179cad9775dedab68aed4038ada8ee46236ad1db9ddd
master	7d52f88d880adddfa59ac73a99ee4ff79506ec06	DASHI/Physics/YangMills/Balaban1989TerminalInverseThresholdHistoryExact.agda	42ef0edd8be15b22a800f986c226e61cce064713d067c6554213ad06bf7fb07f
master	7d52f88d880adddfa59ac73a99ee4ff79506ec06	DASHI/Physics/YangMills/Balaban1989Theorem1UVStabilityExact.agda	bfc4265fa2e5fa9c90b21e61ba8055fe18b0b68883502a3dc35650534c8ce1a9
master	7d52f88d880adddfa59ac73a99ee4ff79506ec06	DASHI/Physics/YangMills/BalabanAxiomaticRealPolynomialSolver.agda	0adea2adbd0d246598595ec771e8533f4dd2deca3b50effed58f6be95c840aa6
master	7d52f88d880adddfa59ac73a99ee4ff79506ec06	DASHI/Physics/YangMills/BalabanBetaHistoryLocalizedInfluenceExact.agda	bc5dbce8e6177a55b9229b708fcb5713cdd2c8e68629d97cf5f28b06dbd71739
master	7d52f88d880adddfa59ac73a99ee4ff79506ec06	DASHI/Physics/YangMills/BalabanBetaPrefixEstimate.agda	9e375f9ef0aa063bdb42fd8aed157f210633b6591f7a904c676c277a4be46ec1
master	7d52f88d880adddfa59ac73a99ee4ff79506ec06	DASHI/Physics/YangMills/BalabanBishopAlternatingBracketFromMonotoneLimitsExact.agda	1294a09163f713b2ec692b96387b47a5a54417e1a0d8d25902d52d5ce96a1032
master	7d52f88d880adddfa59ac73a99ee4ff79506ec06	DASHI/Physics/YangMills/BalabanBishopAlternatingInterlacingFromDecreasingTermsExact.agda	40fda8fa9b319d369fbad8ca978d8a84c0786d0d86f408ef72819aab18d5a637
master	7d52f88d880adddfa59ac73a99ee4ff79506ec06	DASHI/Physics/YangMills/BalabanBishopConcreteFactorialCoefficientDischargeExact.agda	be7624a30d184e6faf4e983b186619513edee7e00c367a9097ae9f717d52ffd0
master	7d52f88d880adddfa59ac73a99ee4ff79506ec06	DASHI/Physics/YangMills/BalabanBishopConcreteHalfBallSquareExact.agda	d220203aa7616a16a1721ea73fed1bbed0352c6b2902cf2bddfadcffd36fedd9
master	7d52f88d880adddfa59ac73a99ee4ff79506ec06	DASHI/Physics/YangMills/BalabanBishopConcreteHalfRadiusRatiosExact.agda	ca52bf5bea514fa38f16dc3797d4bd37f0284eec21b7097ca8726b24a6eb1856
master	7d52f88d880adddfa59ac73a99ee4ff79506ec06	DASHI/Physics/YangMills/BalabanBishopConcreteSineCosineInterlacingExact.agda	8e326e2ec80273d1b7299bc77d6193ddf67a52497dc136a2d179cc300b240abb
master	7d52f88d880adddfa59ac73a99ee4ff79506ec06	DASHI/Physics/YangMills/BalabanBishopConcreteSineCosineTermParityExact.agda	b67982d9b0d1d81d000c2a4589c07ce8d93aa66174fbb1f154fbe870d9f3761a
master	7d52f88d880adddfa59ac73a99ee4ff79506ec06	DASHI/Physics/YangMills/BalabanBishopFactorialPowerRecurrenceExact.agda	2480b11fe6da01b276dceaa2f645f85f2d8e7f1b42fb8e75e7d1946f478c1663
master	7d52f88d880adddfa59ac73a99ee4ff79506ec06	DASHI/Physics/YangMills/BalabanBishopMachinNormalizedOuterMomentumExact.agda	86a37cfbce3429054845fcca5d4054464d5d9060a71017684a11e29beff2479c
master	7d52f88d880adddfa59ac73a99ee4ff79506ec06	DASHI/Physics/YangMills/BalabanBishopNormalizedOuterMomentumAngleExact.agda	e9f517c912ab7f6eceb2d938b3d55590f042c5b66f72a0266be16277856c1888
master	7d52f88d880adddfa59ac73a99ee4ff79506ec06	DASHI/Physics/YangMills/BalabanBishopOuterBrillouinSineGapExact.agda	d7b22b732a33709f30c1d77df7958c07942e594c3105c650da26df2c8001632d
master	7d52f88d880adddfa59ac73a99ee4ff79506ec06	DASHI/Physics/YangMills/BalabanBishopSeriesParityAndLimitExact.agda	2dd866bff442f9d6294a517c2251f10075e25efe66db631d14f2ae31f88f66be
master	7d52f88d880adddfa59ac73a99ee4ff79506ec06	DASHI/Physics/YangMills/BalabanBishopSetoidAlternatingFirstOmittedExact.agda	88e5c302342eccad29280b13a6f11836b1cc6b12d69b968a29669e8005c85889
master	7d52f88d880adddfa59ac73a99ee4ff79506ec06	DASHI/Physics/YangMills/BalabanBishopSineTwoBallCubicLowerExact.agda	3b4dbb92a5ce776f8fa653dae1cb683c1042d5bd9532ab5f4c54314621fe6326
master	7d52f88d880adddfa59ac73a99ee4ff79506ec06	DASHI/Physics/YangMills/BalabanBlockedL2LargeBranchQuarterContractionExact.agda	8208aa7839c45ff89206633d7a194aa367f3ebf7a5dd94e2ca14483f9ceb44f6
master	7d52f88d880adddfa59ac73a99ee4ff79506ec06	DASHI/Physics/YangMills/BalabanBlockedL2UnifiedThreeQuarterContractionExact.agda	2bac914d97fff31d9e3be0ae9bb9ddf3b3ef4f4b1c47d056c9326ee863e80aab
master	7d52f88d880adddfa59ac73a99ee4ff79506ec06	DASHI/Physics/YangMills/BalabanBoolean4BlockPoincareExact.agda	91d20120ec8800c6698fc8a11cee39623d674becad8f678987867708e926c5bb
master	7d52f88d880adddfa59ac73a99ee4ff79506ec06	DASHI/Physics/YangMills/BalabanBooleanFourCubeWalshCharacterExact.agda	a0b49dbf57d857a9066e86c348e934a5d3a2baa5c8d77d06d62aa64c70fcf170
master	7d52f88d880adddfa59ac73a99ee4ff79506ec06	DASHI/Physics/YangMills/BalabanCMP109BishopInverseDexpCoefficientEndpointModulusExact.agda	e39e505a68b556629c9b05482acd8e429909d3301d619bb1685172361d0eed73
master	7d52f88d880adddfa59ac73a99ee4ff79506ec06	DASHI/Physics/YangMills/BalabanCMP109BishopPrincipalLogAdPolynomialExact.agda	fad3ddfc9f43232bb153d7d6708669fc948e872ae8dac4081068acbda65e7d9a
master	7d52f88d880adddfa59ac73a99ee4ff79506ec06	DASHI/Physics/YangMills/BalabanCMP109BishopPrincipalLogSourcePackageExact.agda	6330e6d832a13042dfae1e514630c45a40f2c409a1f6970fa4084b5fe323ca84
master	7d52f88d880adddfa59ac73a99ee4ff79506ec06	DASHI/Physics/YangMills/BalabanCMP109BishopPrincipalLogSymmetricCoefficientExact.agda	c33e0bfbca403906cc10dc7bf7338cf1b1b88eb4f7958760ce5d64474820fe71
master	7d52f88d880adddfa59ac73a99ee4ff79506ec06	DASHI/Physics/YangMills/BalabanCMP109BishopSourceRadiusEndpointExact.agda	8af1261dcd627aca06812e8bdda10bf8303caed6a50e8633381fa2028281eba8
master	7d52f88d880adddfa59ac73a99ee4ff79506ec06	DASHI/Physics/YangMills/BalabanCMP109FederbushComponentResidualExact.agda	3d82fbfc759992863a4aa25327a40c5b21b91e7b788287f64dc0282c4c20997e
master	7d52f88d880adddfa59ac73a99ee4ff79506ec06	DASHI/Physics/YangMills/BalabanCMP109FederbushNormalizedJacobianExact.agda	f2c8da7dc119c581bf6dd561884c78c1dba09ccbdd008fd7cb4b7549b19103ff
master	7d52f88d880adddfa59ac73a99ee4ff79506ec06	DASHI/Physics/YangMills/BalabanCMP109FiniteMatrixLeftRightDexpCancellationExact.agda	ad603a6bf820288cd41ba6797e3feff1dd68a714552e402d6f954898118a2def
master	7d52f88d880adddfa59ac73a99ee4ff79506ec06	DASHI/Physics/YangMills/BalabanCMP109FourOrbitNormalizedQuadratureExact.agda	87911cdfe4b1fc2022dff317de42f78a1ef9abbedc534351b28be0c2867b81eb
master	7d52f88d880adddfa59ac73a99ee4ff79506ec06	DASHI/Physics/YangMills/BalabanCMP109LiteralPrincipalLogFrechetReductionExact.agda	c6a2366fde4ba7f482c680545d96b58df3291e6c04dac4c1b03fd5921f23d297
master	7d52f88d880adddfa59ac73a99ee4ff79506ec06	DASHI/Physics/YangMills/BalabanCMP109LocalizationTreeSizeDictionaryExact.agda	6a45794c48ef00fd9489877c45e0e1a76f59d39d102635fc018b3bd7cb128063
master	7d52f88d880adddfa59ac73a99ee4ff79506ec06	DASHI/Physics/YangMills/BalabanCMP109PhysicalFederbushDifferentiatedEquation011Exact.agda	7d23755f9c7ceb558461d1e557bed350d0fd83ef0901d16970e1e0069fe126dc
master	7d52f88d880adddfa59ac73a99ee4ff79506ec06	DASHI/Physics/YangMills/BalabanCMP109PrincipalLogFrechetFromLocalInverseExact.agda	ef63d73f17f0ea3c24395b4d0d3f4e655bab07d80a2a747382ca3fefcbe9c149
master	7d52f88d880adddfa59ac73a99ee4ff79506ec06	DASHI/Physics/YangMills/BalabanCMP109VacuumPolarizationHypercubicSourceSymmetryExact.agda	c6d9e78658f490fcbd723f0fbfa2d5ab0a4ead24e532522fbaf1fc20162d0d94
master	7d52f88d880adddfa59ac73a99ee4ff79506ec06	DASHI/Physics/YangMills/BalabanCMP109WalshCharacterOrbitCancellationExact.agda	7a0032ce2bfa2c068318d6d220b1d54592b0f39f80f3fb602b2fb280ac113dd0
master	7d52f88d880adddfa59ac73a99ee4ff79506ec06	DASHI/Physics/YangMills/BalabanCMP109WalshFiniteModeFourRepresentativeLowerExact.agda	69c524fd06bc33fdc0507a6988253fcaa1a37cfa70385ccebfe6944f19cfe18b
master	7d52f88d880adddfa59ac73a99ee4ff79506ec06	DASHI/Physics/YangMills/BalabanCMP109WalshFourOrbitFactorizationExact.agda	ccd0be161c4d9ed7be949cada8a212ef818d318c2d743d10a2260a33f7737c06
master	7d52f88d880adddfa59ac73a99ee4ff79506ec06	DASHI/Physics/YangMills/BalabanCMP119CompatibleLocalExpectationFlowExact.agda	98f46d78bc527a04dcd1bcdffd59871bed690e565c384ad74693dee8e2b9c725
master	7d52f88d880adddfa59ac73a99ee4ff79506ec06	DASHI/Physics/YangMills/BalabanCMP119RawStateFromFiniteBetaHistoryExact.agda	71691ad66b1501aa0a726bae604fd72fe7b91f43b1b10c0a787f332bbbe7e438
master	7d52f88d880adddfa59ac73a99ee4ff79506ec06	DASHI/Physics/YangMills/BalabanCMP119Section2CompleteDensityDictionaryExact.agda	4653072d15948706ca127b388dfaf9345063247a6248f71ffcaf4e3a88a418f4
master	7d52f88d880adddfa59ac73a99ee4ff79506ec06	DASHI/Physics/YangMills/BalabanCMP119Section2SourceNativeStateExact.agda	ed66682805a26d7c153180a76888d91097a319672760d674bd419a40d3a5dd88
master	7d52f88d880adddfa59ac73a99ee4ff79506ec06	DASHI/Physics/YangMills/BalabanCMP119SourceNativeRawStateActiveBoundsExact.agda	05dd3d48bc8b5b49e448559c779e5c4f918ba8533c23a5277313fbf98be8f4b7
master	7d52f88d880adddfa59ac73a99ee4ff79506ec06	DASHI/Physics/YangMills/BalabanCMP122PublishedFourDimensionalUVStabilityExact.agda	416804b01848feaa7cd3c41e18e920b1db4f288bcb4d0add370112bfbeac20a2
master	7d52f88d880adddfa59ac73a99ee4ff79506ec06	DASHI/Physics/YangMills/BalabanCMP122Theorem1ToRawCMP119ActiveExact.agda	3aa27a5e76a6ee5f6b7827a5fe62c3bdf2ca445e9969829044485438fb1f17b5
master	7d52f88d880adddfa59ac73a99ee4ff79506ec06	DASHI/Physics/YangMills/BalabanCanonicalCorrelatedDegreeOneBeforePolarizationExact.agda	baf0686a1ccf698a56f95dbfad9ef2918cb780224d18b04b7f74b250debdeee9
master	7d52f88d880adddfa59ac73a99ee4ff79506ec06	DASHI/Physics/YangMills/BalabanCanonicalGreenDegreeDiagonalReductionExact.agda	0fdb4d3fe353b130a5b8092be2e5cb5d2964ecde57e6dcbd4b0becc35f66fa3c
master	7d52f88d880adddfa59ac73a99ee4ff79506ec06	DASHI/Physics/YangMills/BalabanCanonicalGreenDegreeOneOnlyExact.agda	b0a84b0dbe28a527486b8a4503586498e0127cc08e5ff6fe095a6f6983226665
master	7d52f88d880adddfa59ac73a99ee4ff79506ec06	DASHI/Physics/YangMills/BalabanCanonicalGreenDegreeStatePreimageExact.agda	98d607ba3ed33483a04db9b4e856406612860e1d2bc3b5dd7552bfc1a7875bd7
master	7d52f88d880adddfa59ac73a99ee4ff79506ec06	DASHI/Physics/YangMills/BalabanCanonicalGreenHigherMobiusDegreeVanishExact.agda	91f94598931f1a8e117606d8c7d020cd3fc5b162bdd3c646c24f82bc819f4128
master	7d52f88d880adddfa59ac73a99ee4ff79506ec06	DASHI/Physics/YangMills/BalabanCanonicalGreenSchurNormReductionExact.agda	4e0e635d43e774e2cafe416b0093dbade030abb53fa36b546512dc0e7aa8a851
master	7d52f88d880adddfa59ac73a99ee4ff79506ec06	DASHI/Physics/YangMills/BalabanCanonicalGreenStateNormReductionExact.agda	3f138f6755d4f270697cff3881e1df92f75f235eb9235fc81cf6ce9a0c138f6a
master	7d52f88d880adddfa59ac73a99ee4ff79506ec06	DASHI/Physics/YangMills/BalabanCharacteristicNuclearContinuityTransportExact.agda	691db24ce25a3332126aec8f204418a58faf4845b15134df416b368d4ce7fd0f
master	7d52f88d880adddfa59ac73a99ee4ff79506ec06	DASHI/Physics/YangMills/BalabanChargeRelativeCanonicalSchurNormG2ClosureExact.agda	e91ddb36a7483613f1aee5ed2b0898314fd09a0afe520c3f85112682d70e3dfe
master	7d52f88d880adddfa59ac73a99ee4ff79506ec06	DASHI/Physics/YangMills/BalabanChargeRelativeCanonicalStateNormG2ClosureExact.agda	12d6c7cf7487724e02939511c005d289232bb71c233dc4ad6fd3034f03274f0a
master	7d52f88d880adddfa59ac73a99ee4ff79506ec06	DASHI/Physics/YangMills/BalabanChargeRelativeCorrelatedD1G2ClosureExact.agda	174e5a34318a2594ce0df4c217acaa769f7834ef2013276c2a4bb3d9e2a0bc4a
master	7d52f88d880adddfa59ac73a99ee4ff79506ec06	DASHI/Physics/YangMills/BalabanChargeRelativeDegreeOneG2ClosureExact.agda	39e8c17702abb8c4b8e9bedbfeaa2849a54cc424de494f2ae66894c768c3771e
master	7d52f88d880adddfa59ac73a99ee4ff79506ec06	DASHI/Physics/YangMills/BalabanChargeRelativeDegreeOneG2ExactDefectCompiler.agda	380d74edd900bdedef579a843c574dcfdeab3f01aeab3b700e6c3f2628cffb60
master	7d52f88d880adddfa59ac73a99ee4ff79506ec06	DASHI/Physics/YangMills/BalabanChargeRelativeG2AggregateRatioExact.agda	5bf05fa811c653c0aae7bc146618916f4881da14d9a8c77f9e79360ad6eb4a79
master	7d52f88d880adddfa59ac73a99ee4ff79506ec06	DASHI/Physics/YangMills/BalabanChargeRelativeG2HeadroomAllocationExact.agda	6603011a46d1973471b20add72ad9ededd36cfa9d4e73e9bd5181819c0f96feb
master	7d52f88d880adddfa59ac73a99ee4ff79506ec06	DASHI/Physics/YangMills/BalabanClayConcreteUVToMassGapDependencyExact.agda	6a381b35ac1c7a15a4c4b6257a233cd763016e26d248a0b8816dbfed18da693e
master	7d52f88d880adddfa59ac73a99ee4ff79506ec06	DASHI/Physics/YangMills/BalabanClayExactOSPullbackRecombinationExact.agda	d5178393dbf0df83360cf5c9a984771d7cbbbf3602557c65985c2ce0a86e8e28
master	7d52f88d880adddfa59ac73a99ee4ff79506ec06	DASHI/Physics/YangMills/BalabanClayGate4BackgroundFieldVariationalTheoremExact.agda	c0234a9f39bc6d30a7bcd7dabe3c0034a3e41d1f7cdb951cd49da5e7ed5b36b3
master	7d52f88d880adddfa59ac73a99ee4ff79506ec06	DASHI/Physics/YangMills/BalabanClayGate4BishopHalfRadiusRealEstimatesExact.agda	11bed10540a83966e00987ff7d2c7e1ec731c4b62b9c8685333eb2c84d7040bb
master	7d52f88d880adddfa59ac73a99ee4ff79506ec06	DASHI/Physics/YangMills/BalabanClayGate4CombinedRGUVIterationExact.agda	4d2222a914aa4cc40f9012d3257722dfe951e701a65f0a4bae7b33239f794761
master	7d52f88d880adddfa59ac73a99ee4ff79506ec06	DASHI/Physics/YangMills/BalabanClayGate4FiniteDimensionalFrechetChainProductExact.agda	a12e02e4c7d0d8f6bf31341802ce75c8ef6410a8ba89e241c86405062424f4dc
master	7d52f88d880adddfa59ac73a99ee4ff79506ec06	DASHI/Physics/YangMills/BalabanClayGate4PrimaryQkFiniteKernelBudgetExact.agda	e8efe6a49d90ce6d8aaa3a7a7a8dfb6085417483b398dd8ef70892b0824701a3
master	7d52f88d880adddfa59ac73a99ee4ff79506ec06	DASHI/Physics/YangMills/BalabanClayGate4SU2PrincipalLogBallExact.agda	f7d794678640ec3514353cbfb86c8db310d58c09086d86ed938b74aa663e9efb
master	7d52f88d880adddfa59ac73a99ee4ff79506ec06	DASHI/Physics/YangMills/BalabanClayGate4SU2PrincipalLogPathBoundExact.agda	4aea7fdc5a7c38bcafe905710e00c35d3f472e111201bac5f28ad2008d09ca28
master	7d52f88d880adddfa59ac73a99ee4ff79506ec06	DASHI/Physics/YangMills/BalabanClayHighestAlphaRound57OrbitTrigG2Validation.agda	e1ea0001e77f3d35c1d6acd0668f08b4336afad604332fa092b3890579636afb
master	7d52f88d880adddfa59ac73a99ee4ff79506ec06	DASHI/Physics/YangMills/BalabanClayHighestAlphaRound57PhysicalSemanticsValidation.agda	a9d7c51027abcbabc47240c79ba790d1cbe94b4d51ba416e4e3e77cafe992dda
master	7d52f88d880adddfa59ac73a99ee4ff79506ec06	DASHI/Physics/YangMills/BalabanClayHighestAlphaRound58FrontierCutsetValidation.agda	14c5634feb428fbaa9c9cff7ebea9df545718b43e4d4f633ae76b26719be879d
master	7d52f88d880adddfa59ac73a99ee4ff79506ec06	DASHI/Physics/YangMills/BalabanClayHighestAlphaRound59PositiveRGGeometryValidation.agda	a89b3adeb4665947b7b86841ad3f3ac7058a73233125f417d27b506dfbf6ca46
master	7d52f88d880adddfa59ac73a99ee4ff79506ec06	DASHI/Physics/YangMills/BalabanClayHighestAlphaRound60WilsonRPG2Validation.agda	5374253c030aac0bf13cf2290bc07d391a12b3594cce6edf68131b7a3c0a0cfb
master	7d52f88d880adddfa59ac73a99ee4ff79506ec06	DASHI/Physics/YangMills/BalabanClayHighestAlphaRound61DLRTransferAuditValidation.agda	a270860cc4948e6e8e36c477999878909b8e23e22500ebb948114ac249e6e115
master	7d52f88d880adddfa59ac73a99ee4ff79506ec06	DASHI/Physics/YangMills/BalabanClayHighestAlphaRound73EightAnalyticCutsetExact.agda	e2d4215c5dfeb454a1c0c7e1ac05b8ffe1f4844eb58bd897a0a72c0297d10f60
master	7d52f88d880adddfa59ac73a99ee4ff79506ec06	DASHI/Physics/YangMills/BalabanClayHighestAlphaRound75SevenAnalyticCutsetExact.agda	e46317359078538ab6cb2d5745fc0fa1410b59ce71b6a37b83a766c39b8a1801
master	7d52f88d880adddfa59ac73a99ee4ff79506ec06	DASHI/Physics/YangMills/BalabanClayHighestAlphaRound76SixAnalyticCutsetExact.agda	4c335ae3377ac8486991db46bf7aed995b788b00caac90b6ca8bd9f4e5f4e072
master	7d52f88d880adddfa59ac73a99ee4ff79506ec06	DASHI/Physics/YangMills/BalabanClayHighestAlphaRound77FiveAnalyticCutsetExact.agda	4a94df6d43fd82b4f11fe74255e38f5dab810d80cf16cae38736d219ae911c05
master	7d52f88d880adddfa59ac73a99ee4ff79506ec06	DASHI/Physics/YangMills/BalabanClayHighestAlphaRound78TopDownThreeAnalyticFrontierExact.agda	9760915c74c9ff775c60e4370940ab410ff23d61b95b5cf3ef7dce9566f60a80
master	7d52f88d880adddfa59ac73a99ee4ff79506ec06	DASHI/Physics/YangMills/BalabanClayHighestAlphaRound79TopDownBudgetOptimizationExact.agda	feb6670a92bb5602224408496030fba5ae64ce837c619c04ab0bed287dee184b
master	7d52f88d880adddfa59ac73a99ee4ff79506ec06	DASHI/Physics/YangMills/BalabanClayHighestAlphaRound80SevenAnalyticLeafAttackExact.agda	40e6ffbb42306a30ca3833b677cd5409aa5ed9bbbbf8b845d528ec9ffa7c1cb6
master	7d52f88d880adddfa59ac73a99ee4ff79506ec06	DASHI/Physics/YangMills/BalabanClayHighestAlphaRound81SixAnalyticLeafExact.agda	6514b967645e47b4c80ac53ea2b1eac527b507908b0d91cb0e39c935beb502cd
master	7d52f88d880adddfa59ac73a99ee4ff79506ec06	DASHI/Physics/YangMills/BalabanClayHighestAlphaRound82FiveAnalyticLeafExact.agda	87d29ab4ff138e1814f67f86eab8fbf9edbc954b8782653730f109ebd44ffe25
master	7d52f88d880adddfa59ac73a99ee4ff79506ec06	DASHI/Physics/YangMills/BalabanClayOSPullbackBlockingBridgeExact.agda	495ea07f7e8835e0968fa3f2ee22e3800714aa3e6226f6c3c9466c192c81e1cb
master	7d52f88d880adddfa59ac73a99ee4ff79506ec06	DASHI/Physics/YangMills/BalabanClayP2LargeFieldStepVExact.agda	01a5593fd7520db9081202f9b1c86551ee29184ab2cd7492034d787414d6d91a
master	7d52f88d880adddfa59ac73a99ee4ff79506ec06	DASHI/Physics/YangMills/BalabanClayT2UrsellCauchyExact.agda	8045a2a7fdb5da0a66380a682e30b1e562d02218fd49e37c6f03fa61d2b99e44
master	7d52f88d880adddfa59ac73a99ee4ff79506ec06	DASHI/Physics/YangMills/BalabanClayT3ConfiguredGeometricConstantsExact.agda	8863ff77eea93caf8d012f68a90dd434ce5928dd4ba35d9f1adb0be0de6b3e94
master	7d52f88d880adddfa59ac73a99ee4ff79506ec06	DASHI/Physics/YangMills/BalabanClayT4BetaNormalizationConventionExact.agda	1277590b7dfd0bdbcfc98cdcaa884f9a749f0ebc7a9e61ea1f28515fa044e0f1
master	7d52f88d880adddfa59ac73a99ee4ff79506ec06	DASHI/Physics/YangMills/BalabanClayT4BishopExpressionIntervalSemanticsExact.agda	4bfebf637a8531f3035aba5fc4aee65d50b2368f5f8e62ec919eae2547c4c20e
master	7d52f88d880adddfa59ac73a99ee4ff79506ec06	DASHI/Physics/YangMills/BalabanClayT4BishopFourCornerIntervalExact.agda	a146effc84261cba9567dedc5c9b6232da7d8bc21285d8803b215fa13b2fac6d
master	7d52f88d880adddfa59ac73a99ee4ff79506ec06	DASHI/Physics/YangMills/BalabanClayT4BishopPositiveReciprocalIntervalExact.agda	87d1a016b6c069cfc8028c25aaafa6cf69d6e87d749d00416852ac78518193cd
master	7d52f88d880adddfa59ac73a99ee4ff79506ec06	DASHI/Physics/YangMills/BalabanClayT4CanonicalBishopAtomEnvironmentExact.agda	d175ec0ddd36bbe12232bb1575c3631012db6ed7eab1fb156991caccaa0fdc29
master	7d52f88d880adddfa59ac73a99ee4ff79506ec06	DASHI/Physics/YangMills/BalabanClayT4ConfiguredBrillouinBoxReceiptFamilyExact.agda	af356cae358724a1692fc6f35a9c84d49a36088717b6624238a313a287bd42a1
master	7d52f88d880adddfa59ac73a99ee4ff79506ec06	DASHI/Physics/YangMills/BalabanClayT4ConfiguredBrillouinIntegralCertificateExact.agda	f59f86ee40eebd293aa58f4fa987d36ffe7d5b0ec8e994316fa6efaa8d023f04
master	7d52f88d880adddfa59ac73a99ee4ff79506ec06	DASHI/Physics/YangMills/BalabanClayT4DiagramTrigNormalFormExact.agda	f7519ed62850676f7a9bc863c6254cbc035eefa583406d344094991d1eb82c3d
master	7d52f88d880adddfa59ac73a99ee4ff79506ec06	DASHI/Physics/YangMills/BalabanClayT4FaddeevPopovWilsonSymbolBridgeExact.agda	6728ccd84b6dff8ffe051cc14554134db8265d06a2db2c36e107ca0e16334444
master	7d52f88d880adddfa59ac73a99ee4ff79506ec06	DASHI/Physics/YangMills/BalabanClayT4GeneratedBrillouinGridExact.agda	14f794e3ac9a907e2cfe45d64e620b6d1a06889daa49f3ef1301a2d292990f28
master	7d52f88d880adddfa59ac73a99ee4ff79506ec06	DASHI/Physics/YangMills/BalabanClayT4HypercubicGeneratedActionExact.agda	5c10290435585ff825f92cf24cede8f638b07ceacbb0b1334881cd495e4222c3
master	7d52f88d880adddfa59ac73a99ee4ff79506ec06	DASHI/Physics/YangMills/BalabanClayT4HypercubicLatticePerturbationMethodExact.agda	06e10bb06642a8c99673dbcd240acee0198feebb184c353d600ab5bb1fcbeaa5
master	7d52f88d880adddfa59ac73a99ee4ff79506ec06	DASHI/Physics/YangMills/BalabanClayT4HypercubicOrbitGeometryExact.agda	f2d26f4392cdc9b6919a42d3416849e5ed8807c080ee75c7a1b47c23a9a50ecb
master	7d52f88d880adddfa59ac73a99ee4ff79506ec06	DASHI/Physics/YangMills/BalabanClayT4HypercubicOrbitQuadratureWeightsExact.agda	bf6e0797e0c35011f3de7ecd4e7699dbd11439d8c30b12225890e7cac8df5c50
master	7d52f88d880adddfa59ac73a99ee4ff79506ec06	DASHI/Physics/YangMills/BalabanClayT4HypercubicRepresentativeSumExact.agda	c3f8a445ead0dc48306d79dec8ff8517e9f7e912a2c3fd7db3f9c9fccf206f92
master	7d52f88d880adddfa59ac73a99ee4ff79506ec06	DASHI/Physics/YangMills/BalabanClayT4LiteralDiagramWardCancellationExact.agda	a819f665ebaafda8c3cced022e29c505c825e8a395e4f0a0e0abcba39e175705
master	7d52f88d880adddfa59ac73a99ee4ff79506ec06	DASHI/Physics/YangMills/BalabanClayT4LiteralMomentumDiagramBoxDataExact.agda	2310c87b64664eff9250403d3b2d5f2be0068c283bd7d53bdf69d25b7394c93b
master	7d52f88d880adddfa59ac73a99ee4ff79506ec06	DASHI/Physics/YangMills/BalabanClayT4LiteralOneLoopBoxEvaluatorExact.agda	d024977aa22147fbba32e34f7b2d5f6aab490f25e807a611607e3f42bef238f1
master	7d52f88d880adddfa59ac73a99ee4ff79506ec06	DASHI/Physics/YangMills/BalabanClayT4LiteralWilsonHatMomentumBishopIdentificationExact.agda	7aba907c5a6f80a0a09a86c7a97f12efd586ba69cd63641ca9ebe83b5453dfcd
master	7d52f88d880adddfa59ac73a99ee4ff79506ec06	DASHI/Physics/YangMills/BalabanClayT4LocalizedPlaquetteCoefficientProducerExact.agda	5d07e1eea84fa20747f84383aa9398d98cac99b5e4d3d77e39dc2ee5bf7b07db
master	7d52f88d880adddfa59ac73a99ee4ff79506ec06	DASHI/Physics/YangMills/BalabanClayT4PositiveDenominatorQuotientEndpointsExact.agda	92ff95ef833d62bd0035a2fe9d38dbc8c0ab6098bdb5629340ae4f3fbf438ee8
master	7d52f88d880adddfa59ac73a99ee4ff79506ec06	DASHI/Physics/YangMills/BalabanClayT4RegularGridOuterAxisExact.agda	e6c6a34c5eee840b336fb37a06e6865ae53c485ce7b8a0135acbbc7687f65145
master	7d52f88d880adddfa59ac73a99ee4ff79506ec06	DASHI/Physics/YangMills/BalabanClayT4TypedRationalExpressionIntervalExact.agda	fbce81f30f9c36a01bf3a146f0da6ab2285003a3187ab4ac82e414b5c520fa86
master	7d52f88d880adddfa59ac73a99ee4ff79506ec06	DASHI/Physics/YangMills/BalabanClayT4WilsonOneLoopConventionExact.agda	02328b53cf9a11be5866b9c45826e2a75ed38a506c99fd45e0336f2f732276a5
master	7d52f88d880adddfa59ac73a99ee4ff79506ec06	DASHI/Physics/YangMills/BalabanClayT4WilsonOneLoopOrbitSummedIntervalExact.agda	dc91a6e4769aeadc02e32ae03a876d68ca77590d43be9f0b00cc3d81ffa47bf1
master	7d52f88d880adddfa59ac73a99ee4ff79506ec06	DASHI/Physics/YangMills/BalabanClayT5ClusteringToTransferGapExact.agda	a0e3bec3526b056e2ba15a340cee3a36b480f09514bc2adffa1fd06b91b123a0
master	7d52f88d880adddfa59ac73a99ee4ff79506ec06	DASHI/Physics/YangMills/BalabanClayT5ConditionalClusteringCutsetExact.agda	ebc29b083e4c34c8c8d17417509fe30e4c78911c1936b1f0c5449284bedf8c6b
master	7d52f88d880adddfa59ac73a99ee4ff79506ec06	DASHI/Physics/YangMills/BalabanClayT5LimitAndNontrivialityExact.agda	3258086db8bb086952cafbff5b03a04e38125489e6f1f26223268fb9ccfdb546
master	7d52f88d880adddfa59ac73a99ee4ff79506ec06	DASHI/Physics/YangMills/BalabanClayT5OSGramTopologyExact.agda	5c75994ff502fcc4726457768948cb06f65a794febbc1078d7dcd4bf2bf7ff46
master	7d52f88d880adddfa59ac73a99ee4ff79506ec06	DASHI/Physics/YangMills/BalabanClayT5PhysicalContinuumOSGapBridgeExact.agda	902e3fe6a74c0e5b7b929a0740e9ccc02e64c21f952047a9902a0796a32bf9b4
master	7d52f88d880adddfa59ac73a99ee4ff79506ec06	DASHI/Physics/YangMills/BalabanClayT5PhysicalMassTransportExact.agda	345ab8bde9f51d4cb5e3653cfe8ac6b4145fe61857df0b21487ddcaccbed70cf
master	7d52f88d880adddfa59ac73a99ee4ff79506ec06	DASHI/Physics/YangMills/BalabanClayT5PhysicalMeasureGramContinuityExact.agda	4dac6b79d240baa2d81bacdbfd1ebf88b965a0bdd7497fe34070c03592930517
master	7d52f88d880adddfa59ac73a99ee4ff79506ec06	DASHI/Physics/YangMills/BalabanCompactSimpleCasimirOrbitFactorizationExact.agda	f5460d4c394397a0369b48deb384651609abab6146c35792003c5f19d5142f1c
master	7d52f88d880adddfa59ac73a99ee4ff79506ec06	DASHI/Physics/YangMills/BalabanCompactSimpleOneLoopRemainderBudgetExact.agda	e3e672a6be8e9ff2865b393ddd33a343687489d9d597e35cbf52d6aad53b8120
master	7d52f88d880adddfa59ac73a99ee4ff79506ec06	DASHI/Physics/YangMills/BalabanCompactSimpleWilsonOneLoopOrbitAdapterExact.agda	72a2a262ee6587aebc734f1610e79f74c53ff4d70db0462359f84c608c99c723
master	7d52f88d880adddfa59ac73a99ee4ff79506ec06	DASHI/Physics/YangMills/BalabanComputedPolynomialSolver.agda	80056c9c12bc7a12f976f1f36db0193696ff08cfaa0f26990e8af924b1326595
master	7d52f88d880adddfa59ac73a99ee4ff79506ec06	DASHI/Physics/YangMills/BalabanConfiguredRGSide4Certificate.agda	c6b31943abff11bbbaa88965d8d52316eb519e0f8cce941126caa576da87949a
master	7d52f88d880adddfa59ac73a99ee4ff79506ec06	DASHI/Physics/YangMills/BalabanConfiguredSide4PeriodicHodgeExact.agda	cb7d853b6c0f3f2d3e6bba0925088023045ec84f5bd10227e058ab91a358519c
master	7d52f88d880adddfa59ac73a99ee4ff79506ec06	DASHI/Physics/YangMills/BalabanConfiguredSide4PeriodicOpenEnergySeamExact.agda	78b20ee912ec30eb970449bdb01aa0a2265a012757c134b8d653967768394b49
master	7d52f88d880adddfa59ac73a99ee4ff79506ec06	DASHI/Physics/YangMills/BalabanConfiguredSide4PeriodicReindexingExact.agda	98824e3d955044cb2d1d0bd8d11993c9f307a33847ad71b40410515d0deb17a4
master	7d52f88d880adddfa59ac73a99ee4ff79506ec06	DASHI/Physics/YangMills/BalabanConfiguredSide4PeriodicVectorCalculusExact.agda	a9b7ede59620297da2aa0cf5d4ccae7b55b5f13356dbef07c3007463bbdea2c3
master	7d52f88d880adddfa59ac73a99ee4ff79506ec06	DASHI/Physics/YangMills/BalabanConfiguredSide4ScalarWilsonOperatorExact.agda	4b2659175d6215065a445d1725d08a12b6fff681ed3dbac3884982526fddc7c3
master	7d52f88d880adddfa59ac73a99ee4ff79506ec06	DASHI/Physics/YangMills/BalabanConstructiveRationalMatrixInverseExact.agda	d5d2bcd0354f92b677f4bd78cc5ee17bd0c3fd9bbf336922d560c0093a9b0df5
master	7d52f88d880adddfa59ac73a99ee4ff79506ec06	DASHI/Physics/YangMills/BalabanContinuumNontrivialityAsymptoticFreedomGateExact.agda	eb3c60525317431be2b99115e4d0530c4e68b09f6045b0120e6aa75a0de691cf
master	7d52f88d880adddfa59ac73a99ee4ff79506ec06	DASHI/Physics/YangMills/BalabanContinuumProkhorovSubsequenceExact.agda	22c8036638932277dabf77f9ab3be4084efd54c6bf5055b0660405504fb4a9de
master	7d52f88d880adddfa59ac73a99ee4ff79506ec06	DASHI/Physics/YangMills/BalabanContinuumScaleLocalObservableCauchyExact.agda	549a9a281c2d57982b07bb7a0690757c2eac105bd0a09b4274d2ee175f488be2
master	7d52f88d880adddfa59ac73a99ee4ff79506ec06	DASHI/Physics/YangMills/BalabanCorrectedSmallPolymerExtractionContractionExact.agda	c91dffdd491fc2a0da955d3918b2b882143f1ac08453813d5372ff8124d5c048
master	7d52f88d880adddfa59ac73a99ee4ff79506ec06	DASHI/Physics/YangMills/BalabanCutoffBetaLaw.agda	97dd498a0bded6f7d729ee7920c194b69a094eb1e6ccb4a6bb25a75d08214cec
master	7d52f88d880adddfa59ac73a99ee4ff79506ec06	DASHI/Physics/YangMills/BalabanDecoupledActivityHessian.agda	46479b2cba9c8b30431eaed320da2e863f741947b710339d88b9554d6d28e4a4
master	7d52f88d880adddfa59ac73a99ee4ff79506ec06	DASHI/Physics/YangMills/BalabanDegreeOneStateNormG2HeadroomNoGoExact.agda	1daa6feb495148f8e7a5f2774a1d033e1b3528f151797598b95fcacb48bc2bc8
master	7d52f88d880adddfa59ac73a99ee4ff79506ec06	DASHI/Physics/YangMills/BalabanDifferentiatedMarkedFactorProductExact.agda	8f2a2d51a441ad848d2a51d482cc64b03c28e3a24e42e257d4127929e570cddf
master	7d52f88d880adddfa59ac73a99ee4ff79506ec06	DASHI/Physics/YangMills/BalabanDirectTransferSchurGapWeldExact.agda	05fc048994038d7d3b40d5ec353b2d049d49028abb92660e6cd4d2b2906a9960
master	7d52f88d880adddfa59ac73a99ee4ff79506ec06	DASHI/Physics/YangMills/BalabanEffectiveCouplingTrajectory.agda	e69f9e578367680f3613838ef5ad508a54790cda4359467fff7f488369c5d882
master	7d52f88d880adddfa59ac73a99ee4ff79506ec06	DASHI/Physics/YangMills/BalabanEndpointDeterminantPrefixBridge.agda	d8a60773de133a22b9b7876fdf7c568f6cc50565d983885fa38bb91f28c9cb11
master	7d52f88d880adddfa59ac73a99ee4ff79506ec06	DASHI/Physics/YangMills/BalabanErikssonDLRUniformityAuditExact.agda	b925c87a23bb25e73b8bfb9161fe67ce463ccbde24147d8c9939f96096e3189f
master	7d52f88d880adddfa59ac73a99ee4ff79506ec06	DASHI/Physics/YangMills/BalabanExponentialToDyadicShellCoarseningExact.agda	4126b625c0bfdb78b9f7d713ccd78d2d9463417cb1033f960feff990602ba165
master	7d52f88d880adddfa59ac73a99ee4ff79506ec06	DASHI/Physics/YangMills/BalabanFiniteCoerciveGreen.agda	f6618b6b9c525e1a78736665ecadda54e790ebbd470f3ad888fa051dc171e5b3
master	7d52f88d880adddfa59ac73a99ee4ff79506ec06	DASHI/Physics/YangMills/BalabanFiniteEnumerationDistinctExact.agda	8428a2354a0e5b598aa782afee872ce08008847a41c2a49aa2a79357e05a0157
master	7d52f88d880adddfa59ac73a99ee4ff79506ec06	DASHI/Physics/YangMills/BalabanFiniteFibreAverageExact.agda	36042701b646660fd7c7e218d4a0ca7e4e0ab69d7e6851954f5ec963418f20f5
master	7d52f88d880adddfa59ac73a99ee4ff79506ec06	DASHI/Physics/YangMills/BalabanFiniteInfluenceRowMassPowerExact.agda	424d8185cd5f7b90e5c71e1727bee0937ed575ec5bcfb312c20504b8901acda5
master	7d52f88d880adddfa59ac73a99ee4ff79506ec06	DASHI/Physics/YangMills/BalabanFiniteLinearFunctionalCoordinatesExact.agda	a19cc410b98f45f870c7ef98489c56ab4f6ef9d67bcf018370313d1e5cba8b67
master	7d52f88d880adddfa59ac73a99ee4ff79506ec06	DASHI/Physics/YangMills/BalabanFiniteMatrixL1ContractionExact.agda	19f1071665aa530e1c33708a9fb003935e4db5e23260398bc6e4a325108a67a1
master	7d52f88d880adddfa59ac73a99ee4ff79506ec06	DASHI/Physics/YangMills/BalabanFiniteOneHalfReopeningExact.agda	43d113e9048b2c52b2de957c95dce8f1ab6bc13106d37ccdcc95a3eb64ca3c79
master	7d52f88d880adddfa59ac73a99ee4ff79506ec06	DASHI/Physics/YangMills/BalabanFiniteOneStepCore.agda	5d1cadca7f84d2d145477b559929ebce90c0690b08577ecde7fbc381aa66d6ab
master	7d52f88d880adddfa59ac73a99ee4ff79506ec06	DASHI/Physics/YangMills/BalabanFiniteRationalInjectiveInverseExact.agda	38e177bbafc48c67ecfff6609e117a5dfca808d8da87efd599d90bef21fd9c6a
master	7d52f88d880adddfa59ac73a99ee4ff79506ec06	DASHI/Physics/YangMills/BalabanFiniteRationalMatrixTraceCyclicExact.agda	520d5536a0aaf3533f098c1aa23e3dfd2152a3a33284aff07161be53e89df0df
master	7d52f88d880adddfa59ac73a99ee4ff79506ec06	DASHI/Physics/YangMills/BalabanFiniteRectangularAbsoluteApplyExact.agda	3ce00ce226475b367550fb7b6b2f898e14202d44b1726533eb2a02362932d56b
master	7d52f88d880adddfa59ac73a99ee4ff79506ec06	DASHI/Physics/YangMills/BalabanFiniteRectangularAbsoluteColumnMassExact.agda	a5274221998c2d7129e9ceaf75ae77b0f2826751d39b23fc3c5132b07c674926
master	7d52f88d880adddfa59ac73a99ee4ff79506ec06	DASHI/Physics/YangMills/BalabanFiniteRectangularAbsoluteMassExact.agda	5d7cb4e79f9a2818787d7f9da91fbca9a211ce09d272b092d7b4e04db219ccfb
master	7d52f88d880adddfa59ac73a99ee4ff79506ec06	DASHI/Physics/YangMills/BalabanFiniteRectangularRationalExact.agda	23394332c6e5b7294a1932877a8744c4a2de2d37d4eae9417d9856460cf47c4f
master	7d52f88d880adddfa59ac73a99ee4ff79506ec06	DASHI/Physics/YangMills/BalabanFiniteRectangularSchurSquaredExact.agda	d0b273dfb975ded5ed4427fd82ea48d1d15b6b32211bc151ecabc30488e98bbb
master	7d52f88d880adddfa59ac73a99ee4ff79506ec06	DASHI/Physics/YangMills/BalabanFiniteRectangularTransposeFrobeniusExact.agda	42beb9feaa2ba7dfc82b9a59e46030c75603a4ec98277d26e12c143cc4d9f0db
master	7d52f88d880adddfa59ac73a99ee4ff79506ec06	DASHI/Physics/YangMills/BalabanFiniteReducedFloorPerturbationExact.agda	c3ffeb4d0321a4eb17d5275583698b4ddc7cd64e0ac3d7eb5e1350ea8a799c1a
master	7d52f88d880adddfa59ac73a99ee4ff79506ec06	DASHI/Physics/YangMills/BalabanFiniteStrictContractionReopeningExact.agda	366e9e12de5a08c4edf90f8e574882f9d4061b94ddff838a883be22a1f172d7f
master	7d52f88d880adddfa59ac73a99ee4ff79506ec06	DASHI/Physics/YangMills/BalabanFiniteSumFubiniExact.agda	6b491f33cad57dc79b3a002bf31c2b4021be16e3a8a2ffe2f71b53fd047b3410
master	7d52f88d880adddfa59ac73a99ee4ff79506ec06	DASHI/Physics/YangMills/BalabanFiniteWeightEnvelopeRowPromotionExact.agda	de8359de67ab195fe2b27e7d00d1e50141a45c25e8586cf3a80cadb9dcc3afaa
master	7d52f88d880adddfa59ac73a99ee4ff79506ec06	DASHI/Physics/YangMills/BalabanFiveShellLargeBranchContractionExact.agda	a6c935d0800006cb69e680a67ffd5df1e9d6abe24a35227ae7b4998679efc42c
master	7d52f88d880adddfa59ac73a99ee4ff79506ec06	DASHI/Physics/YangMills/BalabanFourAxisMartingaleExact.agda	29e4e45244526f40863c45ff4013243f077aff23956d15aab545fff9a1611a3d
master	7d52f88d880adddfa59ac73a99ee4ff79506ec06	DASHI/Physics/YangMills/BalabanFourDimensionalHaloOverlapExact.agda	51dd394ea8dd289c15aa6ac0acd8c03ea111bf90e48b18911ec86c6289aee2b7
master	7d52f88d880adddfa59ac73a99ee4ff79506ec06	DASHI/Physics/YangMills/BalabanIntervalDeterminantAlgebra.agda	3cf16d37fcd694831e547b55fe25a5b1767444ad83779405c230c53378425d2e
master	7d52f88d880adddfa59ac73a99ee4ff79506ec06	DASHI/Physics/YangMills/BalabanInverseSquareCouplingBudget.agda	73505c46e5a3ee5d2badc8881e9b9d19f2dcc569aa9426f7fead3269731cd31e
master	7d52f88d880adddfa59ac73a99ee4ff79506ec06	DASHI/Physics/YangMills/BalabanKKTGramPseudoinversePositiveExact.agda	39625d180204795a988542ee2f9ca1a9f08262e9dd70be576b46795d33260031
master	7d52f88d880adddfa59ac73a99ee4ff79506ec06	DASHI/Physics/YangMills/BalabanKKTGreenPolarizationLowerBoundExact.agda	b664a60be22654d2e510c9e880d7ee23ec513e7ac0266eaf1ef63383134653aa
master	7d52f88d880adddfa59ac73a99ee4ff79506ec06	DASHI/Physics/YangMills/BalabanKKTPseudoinverseConstraintImageEnergyContractionExact.agda	36f0e82c9f19c2cc0204c0a3d27cb5949ce7b0ed2bd8a7e4b3a83766dcdbad09
master	7d52f88d880adddfa59ac73a99ee4ff79506ec06	DASHI/Physics/YangMills/BalabanKKTPseudoinverseSchurEnergyBoundExact.agda	23506ef437465eef01decbbcba6a4d98f8dde48d9b3da3513fe9a0c47be567e8
master	7d52f88d880adddfa59ac73a99ee4ff79506ec06	DASHI/Physics/YangMills/BalabanMarkedHessianPublishedDecayBoundaryExact.agda	e5c44153ce7f589326fed5012cce4270ef993aad65180f814fac25956802d24b
master	7d52f88d880adddfa59ac73a99ee4ff79506ec06	DASHI/Physics/YangMills/BalabanNoncommutativeMarkedOperatorProductExact.agda	3a4b24896455aa0581f9914d2afb12fa925cb4ab6b3d3d69dfb8acac503a6a06
master	7d52f88d880adddfa59ac73a99ee4ff79506ec06	DASHI/Physics/YangMills/BalabanNormalizedExpectationCrossNumeratorExact.agda	46f7d9de9de8216b31f2a93dcc0f33324d7622910e9861523ee4119fe2db1503
master	7d52f88d880adddfa59ac73a99ee4ff79506ec06	DASHI/Physics/YangMills/BalabanOSMassGapClosure.agda	e386a2f312d7eaf3b178705576210e1831d994d03145dbc2f0ec5b22b79c2731
master	7d52f88d880adddfa59ac73a99ee4ff79506ec06	DASHI/Physics/YangMills/BalabanP33BishopHigherOrderTaylorExact.agda	5bddc2f52534822551cdef77367cc769cf40e2e0273a0beb67d7a1a28d306695
master	7d52f88d880adddfa59ac73a99ee4ff79506ec06	DASHI/Physics/YangMills/BalabanP33BishopInverseDexpActualEndpointModulusExact.agda	5793d5effdcd9ca01daebc376fc8ed49ab6e0eb078cd739a84c9810fec69fe84
master	7d52f88d880adddfa59ac73a99ee4ff79506ec06	DASHI/Physics/YangMills/BalabanP33BishopInverseDexpCoefficientExact.agda	7f1434b9dcf2624da22a9e9db6412e1a695ce75682c57785e75992e4196d7093
master	7d52f88d880adddfa59ac73a99ee4ff79506ec06	DASHI/Physics/YangMills/BalabanP33BishopInverseDexpNumeratorExact.agda	75084a3f76cd43c68fefe3254a737e27a8a4e4adddae91821bd41e94f9ddc402
master	7d52f88d880adddfa59ac73a99ee4ff79506ec06	DASHI/Physics/YangMills/BalabanP33BishopInverseDexpPositiveDenominatorExact.agda	69b19e84118f4c209799d6767bbfd48aa44f9bd49ce732f8c8019459b3abfed0
master	7d52f88d880adddfa59ac73a99ee4ff79506ec06	DASHI/Physics/YangMills/BalabanP33BishopLowOrderTaylorBracketsExact.agda	82561982406cd00279003e15d1e0891c1d49e97d415a8c793711290521f5199b
master	7d52f88d880adddfa59ac73a99ee4ff79506ec06	DASHI/Physics/YangMills/BalabanP33BishopTaylorPolynomialFormExact.agda	b21ca678a8ba71607b5f1b8badee3882827206c90969d29e708f3a579925f702
master	7d52f88d880adddfa59ac73a99ee4ff79506ec06	DASHI/Physics/YangMills/BalabanP33CoarseFineSchurCouplingExact.agda	2016957add02b07111097547fa4002428f31fa8ff241487a8f85829e1b10fbe5
master	7d52f88d880adddfa59ac73a99ee4ff79506ec06	DASHI/Physics/YangMills/BalabanP33CombesThomasCoercivitySurvivalExact.agda	3d1fd810271e9094e77eaca6ddabe43ad2344c057b18fb485c945376eaed7663
master	7d52f88d880adddfa59ac73a99ee4ff79506ec06	DASHI/Physics/YangMills/BalabanP33CombesThomasSquaredHalfGapExact.agda	d7cf03721eace95ff912b14a7877dae1c9978b4ed34277acda65b691372130e9
master	7d52f88d880adddfa59ac73a99ee4ff79506ec06	DASHI/Physics/YangMills/BalabanP33CorrelatedMobiusDegreeIntervalExact.agda	a6be3d5f365b8b1eff022224878733f90829cb17ea608a42059fc5d3b2990147
master	7d52f88d880adddfa59ac73a99ee4ff79506ec06	DASHI/Physics/YangMills/BalabanP33CorrelatedMobiusDegreeJointExact.agda	5893cd4ae644e3e8074b07f9a81a7aa05d1926a95dc228362ca69ec4ad0e80f5
master	7d52f88d880adddfa59ac73a99ee4ff79506ec06	DASHI/Physics/YangMills/BalabanP33EffectiveSchurGapStepExact.agda	294906cbdaa823f06faa3db9a9d64a54466c1d45ffa0a87de748487847057ef4
master	7d52f88d880adddfa59ac73a99ee4ff79506ec06	DASHI/Physics/YangMills/BalabanP33FaddeevPopovAnchoredGaugeReductionExact.agda	35aaf709cd1f9f9c30231e381e0b219734a82f6ffb90c3371c1652650e30d5bc
master	7d52f88d880adddfa59ac73a99ee4ff79506ec06	DASHI/Physics/YangMills/BalabanP33FaddeevPopovGlobalGaugeZeroModeExact.agda	8c0c8164ac87aa4950cd3325cab62a3a7f9fb7172b1e75c029e5ff904f5dbbfe
master	7d52f88d880adddfa59ac73a99ee4ff79506ec06	DASHI/Physics/YangMills/BalabanP33FiniteCombesThomasConjugationExact.agda	ea660fa7cef1189a0a10a6dba5d706701f0752a3f65798b576910f2f1cd0083e
master	7d52f88d880adddfa59ac73a99ee4ff79506ec06	DASHI/Physics/YangMills/BalabanP33FiniteCombesThomasTiltBudgetExact.agda	70db6935e6a2547d64cb708e9cd05a3e09b106a9f29ee531d4ca0c1e13bacf17
master	7d52f88d880adddfa59ac73a99ee4ff79506ec06	DASHI/Physics/YangMills/BalabanP33FiniteKKTAdmissibleProjectorExact.agda	7d89a9f1cae181cc5ce5078ea9f2e1454801195a3859fdb77dd348b5a18b2042
master	7d52f88d880adddfa59ac73a99ee4ff79506ec06	DASHI/Physics/YangMills/BalabanP33FiniteKKTPseudoinverseProjectorExact.agda	cfec99b352f3e3e342c21c229e84d1907aa53845422b5160e5056b73ecf870bc
master	7d52f88d880adddfa59ac73a99ee4ff79506ec06	DASHI/Physics/YangMills/BalabanP33FiniteWeightedRowSumContractionExact.agda	225fb24ad69f82cf5bbf31c805b032be94fbed9ed1edf7cf9393e49e3a90b6f2
master	7d52f88d880adddfa59ac73a99ee4ff79506ec06	DASHI/Physics/YangMills/BalabanP33FiniteWeightedSchurSquaredExact.agda	ffe6cb4fa4d0a6193096448408945e2ac3920fc09433e8083df2d8d7ce5619a2
master	7d52f88d880adddfa59ac73a99ee4ff79506ec06	DASHI/Physics/YangMills/BalabanP33LiteralBondCellIncidenceExact.agda	43a904cfb2cc1772c6c712f2980b23f2686671f5cda47f2a4c4705d30132c475
master	7d52f88d880adddfa59ac73a99ee4ff79506ec06	DASHI/Physics/YangMills/BalabanP33LiteralGaugeConstraintCancellationExact.agda	96952cd46bb68d9e5db162e49e108dac3bbe9fa429c94f8b75af2e7eb0c5344d
master	7d52f88d880adddfa59ac73a99ee4ff79506ec06	DASHI/Physics/YangMills/BalabanP33LiteralGaugeConstraintSecondVariationExact.agda	60317caca42bdcc031387f411c383379e16c522e51aebc46bcd841497852607c
master	7d52f88d880adddfa59ac73a99ee4ff79506ec06	DASHI/Physics/YangMills/BalabanP33LiteralPhysicalPerturbationAdapterExact.agda	f94ee3e55d1a9579250caf05ecd1d70b86ca8afa95c0cea5d85cf32f67f52065
master	7d52f88d880adddfa59ac73a99ee4ff79506ec06	DASHI/Physics/YangMills/BalabanP33LiteralResidualKernelNumericalCalibrationExact.agda	03f5997b1cf6f126d938e89b44ce63ca30e9e0a8fed43871cfeb6d4790cc140b
master	7d52f88d880adddfa59ac73a99ee4ff79506ec06	DASHI/Physics/YangMills/BalabanP33OpenPeriodicBoundaryEnergyAuditExact.agda	ba1cfcd82421ca4e3a0c07c8bbdfdafdc99b4a18ac399c9ba71bd8d386fc6a7e
master	7d52f88d880adddfa59ac73a99ee4ff79506ec06	DASHI/Physics/YangMills/BalabanP33Path4SignedRemainderCoercivityExact.agda	f24a47ad83454db95216964c35525c0f94723812dba0c43fdea34c0c75dd593a
master	7d52f88d880adddfa59ac73a99ee4ff79506ec06	DASHI/Physics/YangMills/BalabanP33PeriodicDivergenceUpperExact.agda	ba64c870dfb500af26e26502c522c9e92a1ca4d2e8394dd7920dda555164b22f
master	7d52f88d880adddfa59ac73a99ee4ff79506ec06	DASHI/Physics/YangMills/BalabanP33PeriodicFourDimensionalHodgeIdentityExact.agda	a4934b21448d5cb7d2aa10f06afd6988489387ff352912a7d39368b7b65fb1ee
master	7d52f88d880adddfa59ac73a99ee4ff79506ec06	DASHI/Physics/YangMills/BalabanP33PhysicalBackgroundGaugeDefectNormSquaredExact.agda	babba39d07b9db2cb9134f1238283eeb171be077b52806df2db96b581ff0d7e5
master	7d52f88d880adddfa59ac73a99ee4ff79506ec06	DASHI/Physics/YangMills/BalabanP33PhysicalBackgroundGaugeFirstExact.agda	8215d7362bdf07b9797b51125cb833f761c48c1360a386f26855750454d1f449
master	7d52f88d880adddfa59ac73a99ee4ff79506ec06	DASHI/Physics/YangMills/BalabanP33PhysicalBackgroundGaugeGlobalDefectExact.agda	f6e87addf66019fb5d9d56db9830e45c7be72a488df049786334b21639a31714
master	7d52f88d880adddfa59ac73a99ee4ff79506ec06	DASHI/Physics/YangMills/BalabanP33PhysicalBackgroundGaugeParameterizedYoungExact.agda	926957939daf08eb9a4e2d4e4690a694eb3451ffcf8c83bce9d00959e559644c
master	7d52f88d880adddfa59ac73a99ee4ff79506ec06	DASHI/Physics/YangMills/BalabanP33PhysicalBackgroundGaugeResidualExact.agda	1138499b8e2f7a6d3ca58962a7cc406222fb15e703326ea36d4d86a4aecbb109
master	7d52f88d880adddfa59ac73a99ee4ff79506ec06	DASHI/Physics/YangMills/BalabanP33PhysicalBackgroundGaugeSignedLowerExact.agda	c0f698abfe6c96b9d49a7a09b69cc5c3630ecbd961b5eb7a3c56943ef0134775
master	7d52f88d880adddfa59ac73a99ee4ff79506ec06	DASHI/Physics/YangMills/BalabanP33PhysicalCombesThomasEntryDecayExact.agda	e906d258d943ff27cb2801d08148923ddd10838b1e970f6324cad008ddaf5806
master	7d52f88d880adddfa59ac73a99ee4ff79506ec06	DASHI/Physics/YangMills/BalabanP33PhysicalCombesThomasPromotionExact.agda	cb0854e7766b50140f43ea56225cb05f31dbec387486185a101ccb4d66949231
master	7d52f88d880adddfa59ac73a99ee4ff79506ec06	DASHI/Physics/YangMills/BalabanP33PhysicalCombesThomasSchurExact.agda	9df055fcdcb86c5cf77ab404f50268756f60b7f556f42b113561d5c2b2864b4d
master	7d52f88d880adddfa59ac73a99ee4ff79506ec06	DASHI/Physics/YangMills/BalabanP33PhysicalCoordinateBasisExact.agda	8ad15aed961135e081931ad8e2864fc8ef4023ea15d896653453d9bc497b4b73
master	7d52f88d880adddfa59ac73a99ee4ff79506ec06	DASHI/Physics/YangMills/BalabanP33PhysicalCoordinateProjectorExact.agda	fe2f007197f87a72757d8b8d53995908208205ea4f4869b4efb71b70235a91f3
master	7d52f88d880adddfa59ac73a99ee4ff79506ec06	DASHI/Physics/YangMills/BalabanP33PhysicalFaddeevPopovOperatorExact.agda	2390622ed158ef9eed0b44fc845d2b247eb605b2cef25c6ea38ee362e08460f5
master	7d52f88d880adddfa59ac73a99ee4ff79506ec06	DASHI/Physics/YangMills/BalabanP33PhysicalFlatGaugeDivergenceIdentificationExact.agda	5075ea05d4f209bd243cd69c9b282b97d8f245d807581a60aa32ff27b2135a43
master	7d52f88d880adddfa59ac73a99ee4ff79506ec06	DASHI/Physics/YangMills/BalabanP33PhysicalFlatWilsonCurlIdentificationExact.agda	8945039514bf3b4604e98c6cd52a91239a7b02ba17b6aabdabec7d2825d15532
master	7d52f88d880adddfa59ac73a99ee4ff79506ec06	DASHI/Physics/YangMills/BalabanP33PhysicalGapScaleInvarianceExact.agda	3a0a80ab345ef2c10afe56fae7b3f553f501830703c4fd453d79fe7d44589fbc
master	7d52f88d880adddfa59ac73a99ee4ff79506ec06	DASHI/Physics/YangMills/BalabanP33PhysicalLinearRemainderWLocalExact.agda	9db2547ea2ae0d17d3e287988b71b09f8abba4d5beb3b6f2a1e35961eb3553c8
master	7d52f88d880adddfa59ac73a99ee4ff79506ec06	DASHI/Physics/YangMills/BalabanP33PhysicalPairDeepLowerExact.agda	e23701f324794261d41a930c0083ae3ad45470d885c6340cac17b3fc44a1a0d0
master	7d52f88d880adddfa59ac73a99ee4ff79506ec06	DASHI/Physics/YangMills/BalabanP33PhysicalPeriodicOpenReferenceBridgeExact.agda	029015aa0f8a6737a1ec6337218ffbe1e76afd50b784a68b0ac832c8d2cef77c
master	7d52f88d880adddfa59ac73a99ee4ff79506ec06	DASHI/Physics/YangMills/BalabanP33PhysicalRationalWilsonPlaquetteJetExact.agda	41e6809f9805c83f8e5100525d415ee127be07194dca4bd2e59591f4aa07e30b
master	7d52f88d880adddfa59ac73a99ee4ff79506ec06	DASHI/Physics/YangMills/BalabanP33PhysicalSU2CauchyInverseSquaredExact.agda	e1d935599d9b5969c353c08e7dbb53a9f6cb1a5cc7446a9396158b992901ca7f
master	7d52f88d880adddfa59ac73a99ee4ff79506ec06	DASHI/Physics/YangMills/BalabanP33PhysicalSU2FiniteCoordinatesExact.agda	f8c046ba83eeb19c30f13418813d24fb10b39338da8912ac17df9c5eeba7bcfe
master	7d52f88d880adddfa59ac73a99ee4ff79506ec06	DASHI/Physics/YangMills/BalabanP33PhysicalSU2HodgeCoercivityExact.agda	5b4cc6416b72aa303cdcd3ab8208481aa2c3557452922d97900f0907b2168de4
master	7d52f88d880adddfa59ac73a99ee4ff79506ec06	DASHI/Physics/YangMills/BalabanP33PhysicalSelectedFactorEnvelopeExact.agda	8aba4575fed0cc7c346acb24a23a97a75d1c12db0cdac7596ccb09ba708371c0
master	7d52f88d880adddfa59ac73a99ee4ff79506ec06	DASHI/Physics/YangMills/BalabanP33PhysicalTerminalHessianCoercivityExact.agda	ec52d110bc5faef08f75496590e8ffc3a50b725ad4d88906b4508a64f2786493
master	7d52f88d880adddfa59ac73a99ee4ff79506ec06	DASHI/Physics/YangMills/BalabanP33PhysicalWilsonCorrelatedDeepPartitionExact.agda	3badf8538851941c08754111f101264b52a612cf6e28d51e6e08cc8a205345a0
master	7d52f88d880adddfa59ac73a99ee4ff79506ec06	DASHI/Physics/YangMills/BalabanP33PhysicalWilsonGaugeBoundaryCoercivityExact.agda	c6c09b05390f7568a1973ceae2bfa0b6b605b41490048bd3370dd9397b938c76
master	7d52f88d880adddfa59ac73a99ee4ff79506ec06	DASHI/Physics/YangMills/BalabanP33PhysicalWilsonIncidenceExact.agda	40b21bfeff4c1be03c82a4e989480dacd43fdb14b8a8f77814e437d096a58bdf
master	7d52f88d880adddfa59ac73a99ee4ff79506ec06	DASHI/Physics/YangMills/BalabanP33PhysicalWilsonLinearNonlinearPartitionExact.agda	126e19d5caf294a3f5cf74da6a5e8f1e332a5161c91aba93bb08b64bf21973e9
master	7d52f88d880adddfa59ac73a99ee4ff79506ec06	DASHI/Physics/YangMills/BalabanP33PhysicalWilsonLocalToSharpDefectExact.agda	a3d6231c2364339eaa95e3b68b6befee9095a763bcd120c9fc91a713fda86999
master	7d52f88d880adddfa59ac73a99ee4ff79506ec06	DASHI/Physics/YangMills/BalabanP33PhysicalWilsonNamedAtomSumExact.agda	0089330682030da77b21af25cbebf59f6f10603abc3a26f29743b598f17a6234
master	7d52f88d880adddfa59ac73a99ee4ff79506ec06	DASHI/Physics/YangMills/BalabanP33PhysicalWilsonPlacementTelescopeExact.agda	11dd3a21a660d40f45c96be6753503f2c02c4fa106b21adf5dd997a4f2521cc1
master	7d52f88d880adddfa59ac73a99ee4ff79506ec06	DASHI/Physics/YangMills/BalabanP33PhysicalWilsonSignedGlobalExact.agda	ba7e98b4703ddb126872b87e888e00759d3da8efc3a3f9495167bac1c903f784
master	7d52f88d880adddfa59ac73a99ee4ff79506ec06	DASHI/Physics/YangMills/BalabanP33PlaquetteBoundaryProjectorExact.agda	e7c4f28b3bfd2573683676d0acd3a7ecddd358f3b2c75bbcb475f2b0d17428a6
master	7d52f88d880adddfa59ac73a99ee4ff79506ec06	DASHI/Physics/YangMills/BalabanP33PlaquetteSubsetProjectorExact.agda	dce22d40fcf91a5f6dd41020ab60e457621c1fcc21b6d537c846cca70a29c898
master	7d52f88d880adddfa59ac73a99ee4ff79506ec06	DASHI/Physics/YangMills/BalabanP33QuaternionAdjointNormSquaredExact.agda	370f965c567ea360359ce37539ddfd4958be5f62b875ef399dfbc1921b7ef47b
master	7d52f88d880adddfa59ac73a99ee4ff79506ec06	DASHI/Physics/YangMills/BalabanP33QuaternionAdjointPerturbationExact.agda	22b1a1ae9de7ee982f6f15cb8fc60b01742ade87a29b0f7edd1a262320e19ff0
master	7d52f88d880adddfa59ac73a99ee4ff79506ec06	DASHI/Physics/YangMills/BalabanP33QuaternionFourFactorTelescopeExact.agda	670c85c3b16a5e96bef8bb9004bc9fe58815715b55f5971712887458925958c1
master	7d52f88d880adddfa59ac73a99ee4ff79506ec06	DASHI/Physics/YangMills/BalabanP33QuaternionProductSecondVariationExact.agda	5b08ce71f7187a4ed44611277414fec9d49883e62c284ef2e24e5b380c87f621
master	7d52f88d880adddfa59ac73a99ee4ff79506ec06	DASHI/Physics/YangMills/BalabanP33QuaternionScaledYoungLowerExact.agda	0e58147d15da4a691c384504d4807ea4be5717f62b27e061e26fb4ed71f5d8e3
master	7d52f88d880adddfa59ac73a99ee4ff79506ec06	DASHI/Physics/YangMills/BalabanP33RationalGeometricCombesThomasWeightExact.agda	87f42162cbce0566880c20d170444269eea2ca7cc5b8a2c2b5ce15701aca7a47
master	7d52f88d880adddfa59ac73a99ee4ff79506ec06	DASHI/Physics/YangMills/BalabanP33RationalQuaternionAlgebraLawsExact.agda	5e0ffd6ee606439fa8daa2bc10aedc7e22c5f69f8b9a8045a3a6770ef3f1491f
master	7d52f88d880adddfa59ac73a99ee4ff79506ec06	DASHI/Physics/YangMills/BalabanP33RationalQuaternionCoreExact.agda	646776a0bd9b925688e85970096cf3fff124f024ecb4b6db45ccce3858adf7e2
master	7d52f88d880adddfa59ac73a99ee4ff79506ec06	DASHI/Physics/YangMills/BalabanP33RationalQuaternionFlatCurlAtomAssemblyExact.agda	a6fe095baee4fcb8c895d45e33427155e5e3ac91b7235c50524a6123d8877ce9
master	7d52f88d880adddfa59ac73a99ee4ff79506ec06	DASHI/Physics/YangMills/BalabanP33RationalQuaternionFlatCurlAtomTransportExact.agda	97e94954e55bcd8562fec4d0e937c53f8fa4e5b818d276bb4a1f2b91c6449b46
master	7d52f88d880adddfa59ac73a99ee4ff79506ec06	DASHI/Physics/YangMills/BalabanP33RationalQuaternionFlatCurlCoordinatesExact.agda	e13fd4ed49ed6c3df68075753d4fc2c672059948d27da6dc817d89ecd2d46df8
master	7d52f88d880adddfa59ac73a99ee4ff79506ec06	DASHI/Physics/YangMills/BalabanP33RationalQuaternionFlatCurlDiagonalAtomsExact.agda	8cd746b0d1cdfec14c16af4fa0cb1f53621a273e39db7a0913ced110c5ac3c3d
master	7d52f88d880adddfa59ac73a99ee4ff79506ec06	DASHI/Physics/YangMills/BalabanP33RationalQuaternionFlatCurlDotCoordinateBridgeExact.agda	5cbe83d19370ff93bf973822445e61c6f9fd66c2125bfbb968f413ddad189cb4
master	7d52f88d880adddfa59ac73a99ee4ff79506ec06	DASHI/Physics/YangMills/BalabanP33RationalQuaternionFlatCurlGeometryExact.agda	24adca7e6e1fd8d51223bfb9789793cd44d6fb059bd141fae980f038f044ea03
master	7d52f88d880adddfa59ac73a99ee4ff79506ec06	DASHI/Physics/YangMills/BalabanP33RationalQuaternionFlatCurlIdentityExact.agda	09f80e5a5305a921d5d3e950b5f6b38f2c1b37219ca0f2966fa4f7191aa06054
master	7d52f88d880adddfa59ac73a99ee4ff79506ec06	DASHI/Physics/YangMills/BalabanP33RationalQuaternionFlatCurlPolynomialExact.agda	8ee6c189deea32ac35174302b0c915d18d082ffbb697c2e2d5023c0bb73c745d
master	7d52f88d880adddfa59ac73a99ee4ff79506ec06	DASHI/Physics/YangMills/BalabanP33RationalQuaternionFlatCurlPolynomialShapeExact.agda	be560351b6dee617aa4b4f0f6fac0a9dfc7aeed5f0fed12a1eed0e262fa42f70
master	7d52f88d880adddfa59ac73a99ee4ff79506ec06	DASHI/Physics/YangMills/BalabanP33RationalQuaternionFlatCurlRow0AtomsExact.agda	3c16ae182abbbbaeb2ea21b126ebbe7ae1d60490494e91c08ed259c982bfc00a
master	7d52f88d880adddfa59ac73a99ee4ff79506ec06	DASHI/Physics/YangMills/BalabanP33RationalQuaternionFlatCurlRow1AtomsExact.agda	458f9d9397ece532ab8f292280606d8d6a6089f1b347e1bd946deb390f00378f
master	7d52f88d880adddfa59ac73a99ee4ff79506ec06	DASHI/Physics/YangMills/BalabanP33RationalQuaternionFlatCurlScalarExact.agda	a6adaad15be7e64ba09ade3acfe77a58fdf3370b5d9f76bde55606140a5efbc4
master	7d52f88d880adddfa59ac73a99ee4ff79506ec06	DASHI/Physics/YangMills/BalabanP33RationalQuaternionFlatCurlSquareExact.agda	6bd135d7e08bbf86985c426bb4b9bca0beb29fbdfd438f68fc65079cd1df5bdc
master	7d52f88d880adddfa59ac73a99ee4ff79506ec06	DASHI/Physics/YangMills/BalabanP33RationalQuaternionFlatCurlTail23AtomsExact.agda	0291823f0ca8163181bd9d1ca27e0547275ade823b56215d45c5d97681acfeae
master	7d52f88d880adddfa59ac73a99ee4ff79506ec06	DASHI/Physics/YangMills/BalabanP33RationalQuaternionNormSquaredExact.agda	573aebd675cad200ae55b3270722d674f7bc7c038ce231801da1a8f0ebd782fa
master	7d52f88d880adddfa59ac73a99ee4ff79506ec06	DASHI/Physics/YangMills/BalabanP33RationalQuaternionWilsonFirstVariationExact.agda	8dc15811ee15a594f0e2c32a81d1366f01e28fe443968d9afff98005597ba5af
master	7d52f88d880adddfa59ac73a99ee4ff79506ec06	DASHI/Physics/YangMills/BalabanP33RationalQuaternionWilsonJetExact.agda	a716b3a0090b515bbad29b34645811881bbedbbfecd8a5556b89d6a718e54e69
master	7d52f88d880adddfa59ac73a99ee4ff79506ec06	DASHI/Physics/YangMills/BalabanP33RationalQuaternionWilsonSecondVariationExact.agda	244a98a7a6ce27e858948123938a6166435e31d56c610bd4a849d97cdc4e1557
master	7d52f88d880adddfa59ac73a99ee4ff79506ec06	DASHI/Physics/YangMills/BalabanP33RelaxedRadiusPrincipalChartExact.agda	45d4f31ff38a5c375fc1136ce073abc5a2047a886121d97353fb15d90deacf7f
master	7d52f88d880adddfa59ac73a99ee4ff79506ec06	DASHI/Physics/YangMills/BalabanP33SelectedBackgroundFiniteCoercivityExact.agda	abeecc5d2a0213f129c485d5d670164bb60f00597b99964260d30c06cdbbba40
master	7d52f88d880adddfa59ac73a99ee4ff79506ec06	DASHI/Physics/YangMills/BalabanP33SelectedCorrelationToWLocalExact.agda	8f243d38d31fabfcfea69a1c264e2c57cf0c9046af425a08651a068c12ce9e5f
master	7d52f88d880adddfa59ac73a99ee4ff79506ec06	DASHI/Physics/YangMills/BalabanP33TerminalScaleGapPullbackExact.agda	0ab8df3a1f0f3dad45eba2a44dfbd96d54723b824a539bcd267bea85e18e7927
master	7d52f88d880adddfa59ac73a99ee4ff79506ec06	DASHI/Physics/YangMills/BalabanP33UniformSelectedMinimizerDegreeEnvelopeExact.agda	96e7d91ff6109f2041e3cc4df1c97eda9fcc0038f48a288aa1f8db440d87dcac
master	7d52f88d880adddfa59ac73a99ee4ff79506ec06	DASHI/Physics/YangMills/BalabanP33WilsonDeepRemainderEnvelopeExact.agda	64ec922d5ca5881d86ab7d6fa8af34dd1c44d8018d9d2f7804767ec79c785b17
master	7d52f88d880adddfa59ac73a99ee4ff79506ec06	DASHI/Physics/YangMills/BalabanP33WilsonPairDeepBudgetExact.agda	3a7b34b3b84e225bfcc57045c3a6aaa8ee50dfb81f79c89313e7dc3cd57b8957
master	7d52f88d880adddfa59ac73a99ee4ff79506ec06	DASHI/Physics/YangMills/BalabanP33WilsonPairEnvelopeExact.agda	1949551946c3b7c3ee4abe1a22df3c86b0c2aae50148cb44d15d69aaeb746452
master	7d52f88d880adddfa59ac73a99ee4ff79506ec06	DASHI/Physics/YangMills/BalabanP33WilsonPlacementQuaternionAtomIdentificationExact.agda	dd68a35941ffa5a396c53565522c4bcfdaa256b94ca356c02d9e8b6e85983e57
master	7d52f88d880adddfa59ac73a99ee4ff79506ec06	DASHI/Physics/YangMills/BalabanP33WilsonPlaquetteSecondVariationPlacementsExact.agda	42ca81e189d624e3343922db1bbcc001af464a22279b452ea16c8fa9c5a5eb0b
master	7d52f88d880adddfa59ac73a99ee4ff79506ec06	DASHI/Physics/YangMills/BalabanP33WilsonSharpBudgetCoercivityExact.agda	1fd3f7a5ac9461cba4ee7756ee7a47f879e1b1fde1bcc8b11e8a1c52301a69ce
master	7d52f88d880adddfa59ac73a99ee4ff79506ec06	DASHI/Physics/YangMills/BalabanP33WilsonSharpDuhamelBudgetExact.agda	ce4731179e6f6752b9a299a9070b711c75dbe727aaf8b5de2fdb914b736109ac
master	7d52f88d880adddfa59ac73a99ee4ff79506ec06	DASHI/Physics/YangMills/BalabanPath4AxisAverageExact.agda	f19cf046cdd2cbb13ee017388ef7d479cc93a941cdbd273ad88822894d5e636b
master	7d52f88d880adddfa59ac73a99ee4ff79506ec06	DASHI/Physics/YangMills/BalabanPath4AxisAverageNormContractionExact.agda	874b7c0488edfd618b8b61cf73c645ce82fe7e2181a598d7fb106993a8f53c58
master	7d52f88d880adddfa59ac73a99ee4ff79506ec06	DASHI/Physics/YangMills/BalabanPath4BondHodgeCoercivityExact.agda	09db9cfe65ee1d577aa9782b9b1e098d463df29adbdf1f2a1577c6bf36ef18b3
master	7d52f88d880adddfa59ac73a99ee4ff79506ec06	DASHI/Physics/YangMills/BalabanPath4DirectionalEnergyContractionExact.agda	5a91c85ed988d30d043923cba2d0751ba71d72a60f2dbf6ca8f632686e77e439
master	7d52f88d880adddfa59ac73a99ee4ff79506ec06	DASHI/Physics/YangMills/BalabanPath4GeneratedLDLCertificate.agda	5b76d3e664733b43dcc395ac1e1012da9cd73a7bc7696c5f1fb473bae2451611
master	7d52f88d880adddfa59ac73a99ee4ff79506ec06	DASHI/Physics/YangMills/BalabanPath4GlobalAverageExact.agda	988bfc78d554f4e4e9aaa64f9e8b02b096c035625388128728938519e18e46c2
master	7d52f88d880adddfa59ac73a99ee4ff79506ec06	DASHI/Physics/YangMills/BalabanPath4GlobalPoincareExact.agda	1dd7fa0e060ef668f75e8e732cb4e6c184b668f0615381ccadbfea72e97ce740
master	7d52f88d880adddfa59ac73a99ee4ff79506ec06	DASHI/Physics/YangMills/BalabanPath4PhysicalComponentPoincareExact.agda	bac8a79e91b7f1e3a742bab14f5dd99db311b08ba1d30f27572125080739db1f
master	7d52f88d880adddfa59ac73a99ee4ff79506ec06	DASHI/Physics/YangMills/BalabanPath4PhysicalFibreMatchExact.agda	15b09ee5b71fc193f0957ca053c840d238ee934cd5e2a67ae739d949123a7477
master	7d52f88d880adddfa59ac73a99ee4ff79506ec06	DASHI/Physics/YangMills/BalabanPath4PhysicalMartingaleOrthogonalityExact.agda	9208335fa043217318ea4a60461be85889da9b1ae26fabadc477451c4ad1b8c0
master	7d52f88d880adddfa59ac73a99ee4ff79506ec06	DASHI/Physics/YangMills/BalabanPath4PhysicalVarianceDecompositionExact.agda	aa51db0a8e1834b188f21f60dee133ada98c47885bd95d666619ec4abcb59304
master	7d52f88d880adddfa59ac73a99ee4ff79506ec06	DASHI/Physics/YangMills/BalabanPath4PlaquetteOrientationExact.agda	46607791b1e173d3c99245b953b49c071ac498c391d4f24dd4ac7723fef71069
master	7d52f88d880adddfa59ac73a99ee4ff79506ec06	DASHI/Physics/YangMills/BalabanPath4SU2CoarseFineSplittingExact.agda	d0de20bd2c32a651ef2a46166d843714ef52a52ec85e01425591df1bf4343136
master	7d52f88d880adddfa59ac73a99ee4ff79506ec06	DASHI/Physics/YangMills/BalabanPath4SU2CoarsePenaltyExact.agda	1688cdbaba3fa25aa69c3c1eb120e70a46076acaa1422a9851f5bc83d45fbd09
master	7d52f88d880adddfa59ac73a99ee4ff79506ec06	DASHI/Physics/YangMills/BalabanPath4SU2CompleteGaugeFixedHessianExact.agda	27740e1500c5eb2e08af4aadb83f0347e4bf94ed056302f6c91cc9affd4c5177
master	7d52f88d880adddfa59ac73a99ee4ff79506ec06	DASHI/Physics/YangMills/BalabanPath4SU2ConcreteCoarseBlockExact.agda	dca1056362544aefdf256ec65897890fb0e1d75063f11fd683cd84c620a5fd85
master	7d52f88d880adddfa59ac73a99ee4ff79506ec06	DASHI/Physics/YangMills/BalabanPath4SU2ConcretePropagatorExact.agda	7096a786e3b1457d8df731b9376777de8860e413d5f22a2a3697746f83d1c977
master	7d52f88d880adddfa59ac73a99ee4ff79506ec06	DASHI/Physics/YangMills/BalabanPath4SU2ConfiguredMatrixActionExact.agda	e138e10536c22290b8ba59f7ebaeebb8b87f214d69f2aa96d6179d0711cd7a8f
master	7d52f88d880adddfa59ac73a99ee4ff79506ec06	DASHI/Physics/YangMills/BalabanPath4SU2ConfiguredScalarReductionExact.agda	fd22070743d3a61c6a75cfce7cd989b6c1ad2589c9edba5556ec5db71eb7b6b1
master	7d52f88d880adddfa59ac73a99ee4ff79506ec06	DASHI/Physics/YangMills/BalabanPath4SU2FullGaugeFixedCoercivityExact.agda	e0d9896c813c69ac47daf681788da6066e1d427b52605e6acbebc36894fd3efa
master	7d52f88d880adddfa59ac73a99ee4ff79506ec06	DASHI/Physics/YangMills/BalabanPath4SU2LiteralDivergenceHessianInstanceExact.agda	91e451554e13b4ea03534b348cc8ec2983a837a130b25bc965e1ff057754c7be
master	7d52f88d880adddfa59ac73a99ee4ff79506ec06	DASHI/Physics/YangMills/BalabanPath4SU2LiteralGaugeFixedHessianAdapterExact.agda	1c2d31273623fb8e2590c46754eeea0a8a9bc5eaef4b6b64afd4da777ac79d3d
master	7d52f88d880adddfa59ac73a99ee4ff79506ec06	DASHI/Physics/YangMills/BalabanPath4SU2LiteralPlaquetteLiftExact.agda	08b43aa60123f7dd633de35f58a3148bf9fa8feb73cbda201dab043ee9a6350b
master	7d52f88d880adddfa59ac73a99ee4ff79506ec06	DASHI/Physics/YangMills/BalabanPath4SU2LiteralWilsonOperatorRieszExact.agda	425d7a2e49ea45f66b993819cb5a093c1ac5b3a046e8f4cc63ae7620426e6bed
master	7d52f88d880adddfa59ac73a99ee4ff79506ec06	DASHI/Physics/YangMills/BalabanPath4SU2PeriodicHodgeProducerExact.agda	6eafc4eca721ec35e64142ee666b50532bb684ba2fa93cbeeb0a4cbf1a986af4
master	7d52f88d880adddfa59ac73a99ee4ff79506ec06	DASHI/Physics/YangMills/BalabanPath4SU2PeriodicReferenceHodgeExact.agda	17dd24eec9c89fd6274860051f9852340081b2357bfaf345562575450cff4dc5
master	7d52f88d880adddfa59ac73a99ee4ff79506ec06	DASHI/Physics/YangMills/BalabanPath4SU2PhysicalTangentExact.agda	7febdec44fcb2ca978414ef78708c720b322a7b8117b28623c34c29ff4dfa62e
master	7d52f88d880adddfa59ac73a99ee4ff79506ec06	DASHI/Physics/YangMills/BalabanPath4SU2RationalMatrixCoordinatesExact.agda	07f5d8036d7928c26db8461d311effe3e0bb3f2232a6e39a99110ad9c7a92a27
master	7d52f88d880adddfa59ac73a99ee4ff79506ec06	DASHI/Physics/YangMills/BalabanPath4SU2RationalMatrixDimensionExact.agda	308687fc838d8aaf85f80909a8c84900a1ca06bb92b9c5c353470559895a5873
master	7d52f88d880adddfa59ac73a99ee4ff79506ec06	DASHI/Physics/YangMills/BalabanPath4ZeroMeanFibrePoincareExact.agda	9929e501ddfd1c4f8ee5be18b4d09323dd9e428353db2c0bb30edeef03689e4d
master	7d52f88d880adddfa59ac73a99ee4ff79506ec06	DASHI/Physics/YangMills/BalabanPeriodicGaugeTransport.agda	8e264b1c26fb951353f9e1314e3ba9af518215f2689ec8005df4837ecf31fa7d
master	7d52f88d880adddfa59ac73a99ee4ff79506ec06	DASHI/Physics/YangMills/BalabanPeriodicLatticeBonds.agda	c060695dfbb8cac1d10dca336309e8380fec0f14ebc041f44692df3e84d3baab
master	7d52f88d880adddfa59ac73a99ee4ff79506ec06	DASHI/Physics/YangMills/BalabanPeriodicLatticePaths.agda	9e4ba632747b126db1b21b32ff8c98962278132ccc688c4d7b83b7e08ca81eb9
master	7d52f88d880adddfa59ac73a99ee4ff79506ec06	DASHI/Physics/YangMills/BalabanPeriodicTorus4Carrier.agda	819898b646d6e5e52578e97ae8941ac7989f57363789c04283eb84345616daf9
master	7d52f88d880adddfa59ac73a99ee4ff79506ec06	DASHI/Physics/YangMills/BalabanPhysicalAxisPartitionExact.agda	1dce488338cfd0fd2eb40b3f8bae07b363eb2bf491d53201c4e25c02b08dddc6
master	7d52f88d880adddfa59ac73a99ee4ff79506ec06	DASHI/Physics/YangMills/BalabanPhysicalBlockEnumerationDistinctExact.agda	bb4a2c10413a22d1aff84dc8430ba95de1394518c5c79741affdac5357eef013
master	7d52f88d880adddfa59ac73a99ee4ff79506ec06	DASHI/Physics/YangMills/BalabanPhysicalBlockFibreCarrier.agda	8601e916ec65532ff1e8bdf2fcb9f10fa48b9667c137cf823860b3e77a67ab03
master	7d52f88d880adddfa59ac73a99ee4ff79506ec06	DASHI/Physics/YangMills/BalabanPhysicalBlockFibreSumsExact.agda	b5c3b87076520c73b99bfaf87a926d767ea8185c027974a8d2dab4c10245933b
master	7d52f88d880adddfa59ac73a99ee4ff79506ec06	DASHI/Physics/YangMills/BalabanPhysicalSU2FiniteCoordinatesExact.agda	32a6bf82b28252f403480809aa5fda64dd68cda36c3d8350055256c093e37787
master	7d52f88d880adddfa59ac73a99ee4ff79506ec06	DASHI/Physics/YangMills/BalabanPhysicalSU2RationalMatrixCoordinatesExact.agda	dce6bcf212f2949e0b35684277589f948a3c156854a3cecd013b7320e7d1ac73
master	7d52f88d880adddfa59ac73a99ee4ff79506ec06	DASHI/Physics/YangMills/BalabanPlaquetteBoundaryCellsPairwiseDistinctExact.agda	678325f71f01a16ae40521e6199e766ac778ca33c71bda733c4c89ebcf3a0146
master	7d52f88d880adddfa59ac73a99ee4ff79506ec06	DASHI/Physics/YangMills/BalabanPlaquetteBoundaryStateNormChargeExact.agda	8f889e06dceb69b1556b3cf472447692bfe8d1ffb64c4ca0273e80bb3e1671e4
master	7d52f88d880adddfa59ac73a99ee4ff79506ec06	DASHI/Physics/YangMills/BalabanPlaquetteCrossChargeZeroFloorNoGoExact.agda	639811817069b5a147319ef4a055e7d97e1788a712c115b84e57a324a067e54c
master	7d52f88d880adddfa59ac73a99ee4ff79506ec06	DASHI/Physics/YangMills/BalabanPlaquetteSubsetMobiusDegreeOneCollapseExact.agda	53a685a540ce74cc3dcbe8a3617369099826d72fd1401c943c3658202e469d73
master	7d52f88d880adddfa59ac73a99ee4ff79506ec06	DASHI/Physics/YangMills/BalabanPoincareFiniteSpeedClusteringRateExact.agda	a2ced4d347023110af9e4e3483bb29a6137cecf8f6d9fd4e0f65728038beadb4
master	7d52f88d880adddfa59ac73a99ee4ff79506ec06	DASHI/Physics/YangMills/BalabanPolchinskiMultiscaleLSIBridgeExact.agda	06f5c9c2b426eb0c77024ffc3db139c428a3f3b4247d484699c76e57828a568f
master	7d52f88d880adddfa59ac73a99ee4ff79506ec06	DASHI/Physics/YangMills/BalabanPositiveKernelReflectionPositivityNoGoExact.agda	2608013eda1c257398a55928c625ba89721718564cfd8beabe44612e79b2bd9e
master	7d52f88d880adddfa59ac73a99ee4ff79506ec06	DASHI/Physics/YangMills/BalabanPositiveRGDirichletGeometryExact.agda	19330b218e3d66791b142dbdfdb4fa524b698be92561b9b19cf89c35375fc601
master	7d52f88d880adddfa59ac73a99ee4ff79506ec06	DASHI/Physics/YangMills/BalabanPublishedUVStabilityNonlinearRGCoreExact.agda	bf94d8f6e634f84c75ea572606f9a0dc54a2d264f6c0c0bd70bffbce572a6d50
master	7d52f88d880adddfa59ac73a99ee4ff79506ec06	DASHI/Physics/YangMills/BalabanQuaternionNormPolynomialIdentity.agda	2c6f6dad8a9c77ea82beed7b6a3edd658a32ad5ef1c1dbb40b085a60abecd2c8
master	7d52f88d880adddfa59ac73a99ee4ff79506ec06	DASHI/Physics/YangMills/BalabanQuaternionPolynomialIdentities.agda	042194e63ed6fc3c03a663c7330b3f92545aa978a0e8d593ee86f92ff1cd0aa0
master	7d52f88d880adddfa59ac73a99ee4ff79506ec06	DASHI/Physics/YangMills/BalabanRGChenWangSymmetricFormGapBoundaryExact.agda	ddc2be9ec99e79930821c41f37e398223aee8d9482de5dd78d0dcfe0a3f42090
master	7d52f88d880adddfa59ac73a99ee4ff79506ec06	DASHI/Physics/YangMills/BalabanRGEntropicRicciShortcutBoundaryExact.agda	a24f71088293b3529e150edd3b614e62992aaf7b587a53b1541b2ac53fdd93f1
master	7d52f88d880adddfa59ac73a99ee4ff79506ec06	DASHI/Physics/YangMills/BalabanRGTwoMetricUniformComparisonExact.agda	07589704aeadde1e8f7ef5ade032c0988668b4754992ef2c346362e81212e56b
master	7d52f88d880adddfa59ac73a99ee4ff79506ec06	DASHI/Physics/YangMills/BalabanRationalLDLCertificate.agda	2045d6372fb21f513d08fe43f5af2fd79428b350546ca5ac4645ba04d8d73c52
master	7d52f88d880adddfa59ac73a99ee4ff79506ec06	DASHI/Physics/YangMills/BalabanRealPolynomialRing.agda	926549eaaed025ccd09d2eadbaa0989ec0303cf422d117b5883eecc10050112b
master	7d52f88d880adddfa59ac73a99ee4ff79506ec06	DASHI/Physics/YangMills/BalabanReducedFaddeevPopovMatrixTraceLogJetExact.agda	57f45412fe54bb5dff58aca0b3e27155bd9b8b265031061cfe929b1e603be3ae
master	7d52f88d880adddfa59ac73a99ee4ff79506ec06	DASHI/Physics/YangMills/BalabanReducedFaddeevPopovPhysicalFourthJetExact.agda	64e45c407d6eabecd603dd0fbfad9813e6ee3f63a82902d174ffc12d4dced17b
master	7d52f88d880adddfa59ac73a99ee4ff79506ec06	DASHI/Physics/YangMills/BalabanReducedFaddeevPopovRelativePerturbationExact.agda	582afc1aa6440a75306f8c3301d8136a4d552fd0320d54d5deaa25b81c3b3e28
master	7d52f88d880adddfa59ac73a99ee4ff79506ec06	DASHI/Physics/YangMills/BalabanReducedFaddeevPopovTraceLogJetExact.agda	db8d47804ff04e2c36ab71c1a6e923652b3be3a33d0faa09de3097f399eff2f8
master	7d52f88d880adddfa59ac73a99ee4ff79506ec06	DASHI/Physics/YangMills/BalabanReducedFlatFaddeevPopovGreenInverseExact.agda	aff40502b6605f5ebd4a89afd13e8d804826b9ccdd2a960d01ed02ed50126448
master	7d52f88d880adddfa59ac73a99ee4ff79506ec06	DASHI/Physics/YangMills/BalabanReducedFlatFaddeevPopovIsomorphismExact.agda	eea52fe76c1753226940c68e0ebfcf90a6932bc5f13b183a5eae5b52e3b10e01
master	7d52f88d880adddfa59ac73a99ee4ff79506ec06	DASHI/Physics/YangMills/BalabanReducedFlatFaddeevPopovKernelExact.agda	70491123a573e4422331f56ee34d13f9923e6ad9d6d5d865adfa2a42d0bf3c95
master	7d52f88d880adddfa59ac73a99ee4ff79506ec06	DASHI/Physics/YangMills/BalabanReducedGhostAdjointFourthJetExact.agda	1c0e140bbbc1a91a57982719af3c84af78a9d2feedfd380233d2fb57e882d620
master	7d52f88d880adddfa59ac73a99ee4ff79506ec06	DASHI/Physics/YangMills/BalabanReducedGhostAnchoredRelativeContractionExact.agda	7a9a3f48b49e1bb2ce02a514f4256e3c14a2800c01263f1d154d76302e7a1a0a
master	7d52f88d880adddfa59ac73a99ee4ff79506ec06	DASHI/Physics/YangMills/BalabanReducedGhostDyadicCauchyBudgetExact.agda	0c77eb8ad71c54aff9d87f18ff5401b16c7bd55f1167ced242293211b94a83fe
master	7d52f88d880adddfa59ac73a99ee4ff79506ec06	DASHI/Physics/YangMills/BalabanReducedGhostExplicitTraceCarrierExact.agda	3792c965f473baddb38a02564c80fd06ad9347af1d87320c9e2294801c04d015
master	7d52f88d880adddfa59ac73a99ee4ff79506ec06	DASHI/Physics/YangMills/BalabanReducedGhostFourthOrderRowContractionExact.agda	59520bb60768cf799904e2141f73096ed6fbf5340c3d29b20f490432ad052dee
master	7d52f88d880adddfa59ac73a99ee4ff79506ec06	DASHI/Physics/YangMills/BalabanReducedGhostMatrixLogFifthTailExact.agda	87b3eb005bc392f6f67e40bed2a00ee066d34dd1035a732d762dbc4722bef121
master	7d52f88d880adddfa59ac73a99ee4ff79506ec06	DASHI/Physics/YangMills/BalabanReducedGhostMatrixLogShiftedTailExact.agda	ea21d220c5eda81c5b140a387e6903fe1ca7e2c134563030980febb7c59097e3
master	7d52f88d880adddfa59ac73a99ee4ff79506ec06	DASHI/Physics/YangMills/BalabanReducedGhostNeumannRowContractionExact.agda	cf6ac6c10304dd632149db423b113ba1ec1a03ade70fa18db4c058be8a2f39bc
master	7d52f88d880adddfa59ac73a99ee4ff79506ec06	DASHI/Physics/YangMills/BalabanReducedGhostOperatorMatrixExact.agda	71eb4c5f94863b3e13199b50afd32956c0dcd31ea8f96bec921cdab5543eddfe
master	7d52f88d880adddfa59ac73a99ee4ff79506ec06	DASHI/Physics/YangMills/BalabanReducedGhostPhysicalMatrixLogFifthTailExact.agda	9a7ecd2c836c66fceaca107f2aee27c30a0d5fe3072ee07a19ce033343065ea1
master	7d52f88d880adddfa59ac73a99ee4ff79506ec06	DASHI/Physics/YangMills/BalabanReducedGhostSignedMatrixLogTailExact.agda	2a62df682d42eafd79c42cb52d1f64ae9d5a9f1e0fbe9aace87fd7a2ea706234
master	7d52f88d880adddfa59ac73a99ee4ff79506ec06	DASHI/Physics/YangMills/BalabanReducedGhostTraceFastCauchyCompletionExact.agda	1c13949d7d9f7977ad7fe2aa7ee13369509ca172f367f9d4537d6b6170cb9938
master	7d52f88d880adddfa59ac73a99ee4ff79506ec06	DASHI/Physics/YangMills/BalabanReflectionPositiveCoarseGrainingTransportExact.agda	869e7e3e8020395a1e657582f0a535141094876cccd1ba1123b3b0e88f744e47
master	7d52f88d880adddfa59ac73a99ee4ff79506ec06	DASHI/Physics/YangMills/BalabanRenormalisedCouplingExistence.agda	c59d08bcff460eb39baf0d246e494236234837c23a6575768910a2c3bdf7be66
master	7d52f88d880adddfa59ac73a99ee4ff79506ec06	DASHI/Physics/YangMills/BalabanReversibleRGCheegerSpectralGapExact.agda	5fb22e2fe87287a94207ba4ad3034eef74a26ddcee7d198e5405a55a8cd33705
master	7d52f88d880adddfa59ac73a99ee4ff79506ec06	DASHI/Physics/YangMills/BalabanRootedKPToExponentialWeightedHessianExact.agda	b5e837c3780102c9e21503d8730c1e8d9132a3ffc846e00287b9a5341a2ddc29
master	7d52f88d880adddfa59ac73a99ee4ff79506ec06	DASHI/Physics/YangMills/BalabanRootedKPToHessianRowBudgetExact.agda	a5818799c99bdaf35ef0011adf5331c9dcfed8e53b4957aa851eec3c205a6041
master	7d52f88d880adddfa59ac73a99ee4ff79506ec06	DASHI/Physics/YangMills/BalabanSU2AdjointCasimirFromColourContractionExact.agda	24abc4651a5afc85a200da5483e9a170b3dd3db6d0f5413ec8315612d6a466d1
master	7d52f88d880adddfa59ac73a99ee4ff79506ec06	DASHI/Physics/YangMills/BalabanSU2GaugeFixedHessian.agda	ccbbfe0ab63cd7c69368df9f67042c55caa9d26aedb112caa406bd7f5c268386
master	7d52f88d880adddfa59ac73a99ee4ff79506ec06	DASHI/Physics/YangMills/BalabanSU2GaugeFixedHessianQuadraticExact.agda	eecad4b4203ded2117b03247e33e5f7dfb670d5e2cd9d1244ca2ee596d8ee366
master	7d52f88d880adddfa59ac73a99ee4ff79506ec06	DASHI/Physics/YangMills/BalabanSU2OneLoopNormalizationSanityExact.agda	2da9b62e40c54cc79c6b862bd284baff777aa5f0ea792a080cb03a22aa37d683
master	7d52f88d880adddfa59ac73a99ee4ff79506ec06	DASHI/Physics/YangMills/BalabanSU2QuaternionCarrier.agda	edb26073f1dacdbdfdcf3912e36c1ad2b62366aeab572d5cc9f70af35c08a571
master	7d52f88d880adddfa59ac73a99ee4ff79506ec06	DASHI/Physics/YangMills/BalabanSU2RationalWilsonLargeFieldGapExact.agda	164fbbb06ca02c5bd5b0f63873498b9947abb3318f7e9e502b2dccc127a0a260
master	7d52f88d880adddfa59ac73a99ee4ff79506ec06	DASHI/Physics/YangMills/BalabanSU2WilsonPlaquetteSecondJetExact.agda	1f6f16f43705d6004fa3670a70e076d8976a143197719ee500b0b925553b21dd
master	7d52f88d880adddfa59ac73a99ee4ff79506ec06	DASHI/Physics/YangMills/BalabanSZZStrongCouplingDecisionExact.agda	4c8fca1644e89634fabeefbf90bce1dc90707f193a9e19dfbea537bed795180d
master	7d52f88d880adddfa59ac73a99ee4ff79506ec06	DASHI/Physics/YangMills/BalabanSelectedBackgroundBlockAverageConstraintMatrixExact.agda	9539282641bfc08ffa2025c9c95ab9aaf6999abe04a1e43e6ed95046fc102fee
master	7d52f88d880adddfa59ac73a99ee4ff79506ec06	DASHI/Physics/YangMills/BalabanSelectedBackgroundCombinedConstraintMatrixExact.agda	447f1caa8eb2a24bf591d219617e94a63ed8fbc579a09809cb419e69c80cf95c
master	7d52f88d880adddfa59ac73a99ee4ff79506ec06	DASHI/Physics/YangMills/BalabanSelectedBackgroundFiniteRationalReopeningExact.agda	12d0aed5a5b6be4818f91876874cfb04b263f05d347f1ad72c88105ed6ac836c
master	7d52f88d880adddfa59ac73a99ee4ff79506ec06	DASHI/Physics/YangMills/BalabanSelectedBackgroundFlatGreenPerturbationContractionExact.agda	a68e1c94ef7ed89d8d5bdd044953dd28d86b83098b4fc0701e26bddf86df5c39
master	7d52f88d880adddfa59ac73a99ee4ff79506ec06	DASHI/Physics/YangMills/BalabanSelectedBackgroundFlatGreenPerturbationTwoSidedContractionExact.agda	da5b484ae22f4514da2183187af0f709409b3299c2494205b6ce797d85623f35
master	7d52f88d880adddfa59ac73a99ee4ff79506ec06	DASHI/Physics/YangMills/BalabanSelectedBackgroundGaugeAdjointDefectExact.agda	da8a5eadeb9e3f2ab9612871ebd40d06767cb6f07fc2a42c677860bf235c7e3c
master	7d52f88d880adddfa59ac73a99ee4ff79506ec06	DASHI/Physics/YangMills/BalabanSelectedBackgroundGaugeConstraintMatrixExact.agda	7a40319e510b5b9f3b2a0ff1575c22eebcc8af19648276f7e73c513427cef8f4
master	7d52f88d880adddfa59ac73a99ee4ff79506ec06	DASHI/Physics/YangMills/BalabanSelectedBackgroundGaugeConstraintStencilExact.agda	a97eb9b4e12a4c5de180c8aa6d32986712d41c735a487eaac3139d3dfaf52ebc
master	7d52f88d880adddfa59ac73a99ee4ff79506ec06	DASHI/Physics/YangMills/BalabanSelectedBackgroundGaugeDefectAbsoluteMassExact.agda	dc7ee2989aef592020b299adf8286fd14bdcc529d758b532151c08786cbb3f8b
master	7d52f88d880adddfa59ac73a99ee4ff79506ec06	DASHI/Physics/YangMills/BalabanSelectedBackgroundGaugeFaddeevPopovGramExact.agda	17c6b5790926fdfa8cee591c33307f2dd1f15481388bfc2f57b7d3880a38ffc2
master	7d52f88d880adddfa59ac73a99ee4ff79506ec06	DASHI/Physics/YangMills/BalabanSelectedBackgroundGaugeGramFiniteRangeExact.agda	58b9102bfa6c720e01b6093da35a23d201fd8d6082b72bd7c1f59ef70ca346fa
master	7d52f88d880adddfa59ac73a99ee4ff79506ec06	DASHI/Physics/YangMills/BalabanSelectedBackgroundGaugeGramPerturbationAbsoluteMassExact.agda	18483dc63c3ede265421de535f71ee981d9be0875784df4e7ea250d053baf76a
master	7d52f88d880adddfa59ac73a99ee4ff79506ec06	DASHI/Physics/YangMills/BalabanSelectedBackgroundGaugeGramPerturbationTwoSidedMassExact.agda	9c42cb6fc09d632e8361108a5eb4ed6fcde5caf349edc14bfe64530e7b1b367e
master	7d52f88d880adddfa59ac73a99ee4ff79506ec06	DASHI/Physics/YangMills/BalabanSelectedBackgroundGaugeGreenFiniteExact.agda	40e8b233eab0bbc3165b24182614015be1531f631919b6e8a8aa83b8f6f959c3
master	7d52f88d880adddfa59ac73a99ee4ff79506ec06	DASHI/Physics/YangMills/BalabanSelectedBackgroundGaugeOperatorDecompositionExact.agda	f7226554254dcdc615fa2a959badcd3f953e3c282e5b1cb6f09a0450bdffcf0e
master	7d52f88d880adddfa59ac73a99ee4ff79506ec06	DASHI/Physics/YangMills/BalabanSelectedBackgroundGaugePerturbationActionExact.agda	3a1a1235f693fd1e66d74952d75d2d6f805f4af0638084784af645e44b711e71
master	7d52f88d880adddfa59ac73a99ee4ff79506ec06	DASHI/Physics/YangMills/BalabanSelectedBackgroundGaugePerturbationFiniteRangeExact.agda	3c147231efca15f2aff86419a071f9f5c492988ffa7090af1284ddba4c2ae175
master	7d52f88d880adddfa59ac73a99ee4ff79506ec06	DASHI/Physics/YangMills/BalabanSelectedBackgroundGaugeReducedFloorExact.agda	e63ecab5c7eaf90672b35512dc9935c9224f06d36f4f44890b34e8de37eb511b
master	7d52f88d880adddfa59ac73a99ee4ff79506ec06	DASHI/Physics/YangMills/BalabanSelectedBackgroundPhysicalRadiusInstantiationExact.agda	42bc4a9a2a452785166cb793e3642024b63fbfd4e50dbe453bab4528e7b6a14b
master	7d52f88d880adddfa59ac73a99ee4ff79506ec06	DASHI/Physics/YangMills/BalabanSelectedBackgroundRationalCombesThomasWeightEnvelopeExact.agda	26fe7ec5ba5c52967fb818fa920adf223703a7ed07fe765e9397b720931abbcd
master	7d52f88d880adddfa59ac73a99ee4ff79506ec06	DASHI/Physics/YangMills/BalabanSelectedBackgroundRationalCombesThomasWeightExact.agda	8222671df7c753accd9c9fd567626e2243aa91c1c811f2e0e08443980224c572
master	7d52f88d880adddfa59ac73a99ee4ff79506ec06	DASHI/Physics/YangMills/BalabanSelectedBackgroundRationalWeightedPowerDecayExact.agda	eebb4cbcc319854b26f43e3adfe80f7ec1cb78af84d3d230b874ba1a71bfe33f
master	7d52f88d880adddfa59ac73a99ee4ff79506ec06	DASHI/Physics/YangMills/BalabanSelectedBackgroundResidualActionExact.agda	5070203d712f185c54eed2fc14bde10d6062b348ffa72c61a573aa558435fd22
master	7d52f88d880adddfa59ac73a99ee4ff79506ec06	DASHI/Physics/YangMills/BalabanSelectedBackgroundResidualPowerDecayExact.agda	c82463c1de1619ca2d3a4e16ac2f0ef236d4c8759e9a592ae89142a55380e79f
master	7d52f88d880adddfa59ac73a99ee4ff79506ec06	DASHI/Physics/YangMills/BalabanSelectedBackgroundResidualReopeningExact.agda	b089189073000e31836b0c3fd7737322b9c94691e4b6e0ef9a5aed1f1d276fd3
master	7d52f88d880adddfa59ac73a99ee4ff79506ec06	DASHI/Physics/YangMills/BalabanSelectedBackgroundVariationSelectorExact.agda	88b7cd86a21bf8284eafc71e7a21f56cb85facc0ba8ff4c8e96b93365ed409fd
master	7d52f88d880adddfa59ac73a99ee4ff79506ec06	DASHI/Physics/YangMills/BalabanSelectedBackgroundVariationalChartBridgeExact.agda	29fc041ec037233315980ce5f18db667353123124ce0b2fb12764a41c8954506
master	7d52f88d880adddfa59ac73a99ee4ff79506ec06	DASHI/Physics/YangMills/BalabanSelectedBlockAverageRowCarrierExact.agda	56924911be0ff91e559be1aeca4342b6d0ff72c4fe4a20cce77ef052f675d9fc
master	7d52f88d880adddfa59ac73a99ee4ff79506ec06	DASHI/Physics/YangMills/BalabanSelectedBlockAverageSectionExact.agda	3a6369d6b0ea409f63e6d2677e9e4320762ee52a87d48cca189eb0e1b106180a
master	7d52f88d880adddfa59ac73a99ee4ff79506ec06	DASHI/Physics/YangMills/BalabanSelectedCanonicalConstraintAtomsFromSubsetExact.agda	a7ae0e714076496679719e0aec50f3edb919fe76b5ccfcf612fa4733680d32d0
master	7d52f88d880adddfa59ac73a99ee4ff79506ec06	DASHI/Physics/YangMills/BalabanSelectedCanonicalConstraintDegreeBlocksExact.agda	8e39af8f336259fd57b7efea8c971f7da1d8a9c5b8805dcd944238d9391f0793
master	7d52f88d880adddfa59ac73a99ee4ff79506ec06	DASHI/Physics/YangMills/BalabanSelectedCombinedConstraintFiniteKKTExact.agda	484cbeee3ff31206f58ffcdc14f0c1e0eb29df9ede838099b7fa4b103e03084b
master	7d52f88d880adddfa59ac73a99ee4ff79506ec06	DASHI/Physics/YangMills/BalabanSelectedCombinedConstraintGluingExact.agda	f875ab43b1cdf0618a66e1e6c3c1a4f4639621d17719cdfa70575302c888ce6f
master	7d52f88d880adddfa59ac73a99ee4ff79506ec06	DASHI/Physics/YangMills/BalabanSelectedCombinedConstraintRowCarrierExact.agda	c93fab1c0f2c800ec7f2923d2b30dd999c5f668fde3e74f8272914c4b4564d6a
master	7d52f88d880adddfa59ac73a99ee4ff79506ec06	DASHI/Physics/YangMills/BalabanSelectedCombinedMultiplierSplitExact.agda	ba459a99dcc9118ce50f366d9aaf959aa468e7b58bc5b72b9d407a842e4ec163
master	7d52f88d880adddfa59ac73a99ee4ff79506ec06	DASHI/Physics/YangMills/BalabanSelectedConstraintAtomGreenExpansionExact.agda	6d55ef882a0014137f422c7b7082c2d534cf8d3a0282dfcb6a8d790b9abf8758
master	7d52f88d880adddfa59ac73a99ee4ff79506ec06	DASHI/Physics/YangMills/BalabanSelectedConstraintDimensionTowerExact.agda	530f14e7cfed67622d06a57c36d4e151b93d1d88c039d1ccd305db4a5cbed665
master	7d52f88d880adddfa59ac73a99ee4ff79506ec06	DASHI/Physics/YangMills/BalabanSelectedConstraintGramReducedCoercivityExact.agda	4eef9cf4c33c21f03bc70a9ae6bba94c3bbe59a9e500daadafc859b3f25eaa6b
master	7d52f88d880adddfa59ac73a99ee4ff79506ec06	DASHI/Physics/YangMills/BalabanSelectedConstraintGreenDegreeBilinearExact.agda	4182bb70254a99ff8e33458e9d31b329349b58317029601329fa7d12581d75a0
master	7d52f88d880adddfa59ac73a99ee4ff79506ec06	DASHI/Physics/YangMills/BalabanSelectedConstraintMobiusDegreeLayerExact.agda	1120b3ad07ad013bb259a40cdbede1f9b573add8807b6553dc5a07aa222886bc
master	7d52f88d880adddfa59ac73a99ee4ff79506ec06	DASHI/Physics/YangMills/BalabanSelectedCorrelatedResidualAuthorityExact.agda	0e0899eb82019ea6f72d175918c8202540e52246e13ab2acbf8806753fe40211
master	7d52f88d880adddfa59ac73a99ee4ff79506ec06	DASHI/Physics/YangMills/BalabanSelectedCorrelatedResidualOwnershipExact.agda	1ec0399976ab6ba02855f24af00660620e38b456dd09425ad7376d155ea61168
master	7d52f88d880adddfa59ac73a99ee4ff79506ec06	DASHI/Physics/YangMills/BalabanSelectedFlatGaugeAdjointGramFloorExact.agda	38471e2e513c92b5080ab25e75cd576ef219aedd39b5a9f9b92823641281477c
master	7d52f88d880adddfa59ac73a99ee4ff79506ec06	DASHI/Physics/YangMills/BalabanSelectedFlatGaugeConstraintAbsoluteMassExact.agda	fbfef9ef6fc0d2794dfe8561156f1ad25917e5ef9d454fdae28557dca6faf6b0
master	7d52f88d880adddfa59ac73a99ee4ff79506ec06	DASHI/Physics/YangMills/BalabanSelectedFlatGaugeGramPreservesReducedExact.agda	9f6158d631c9478a9fa0f862679e213b0af61df8c4803ca4995ca28ff9f7184a
master	7d52f88d880adddfa59ac73a99ee4ff79506ec06	DASHI/Physics/YangMills/BalabanSelectedFlatGaugeGreenAbsoluteMassExact.agda	7136c6e2b6eaf420ecf5d68c260d46aae1cee6545d679207300a60693869779d
master	7d52f88d880adddfa59ac73a99ee4ff79506ec06	DASHI/Physics/YangMills/BalabanSelectedFlatGaugeReducedFloorExact.agda	501641bb97f36595fd4c440321d4c17d02140b3c4ba55d0d8e1f84179e27ca7b
master	7d52f88d880adddfa59ac73a99ee4ff79506ec06	DASHI/Physics/YangMills/BalabanSelectedFlatGaugeRegularizedGreenExact.agda	0af09b93b327d55adeb056863ff3b5be8fb10397a86fad3b5f0363bccba1b2ce
master	7d52f88d880adddfa59ac73a99ee4ff79506ec06	DASHI/Physics/YangMills/BalabanSelectedGaugeCenteringLinearityExact.agda	796247f4dc318263b3e741469272ce252b6fc1c49d907fa999fb132703d8d9da
master	7d52f88d880adddfa59ac73a99ee4ff79506ec06	DASHI/Physics/YangMills/BalabanSelectedGaugeCenteringProjectionMassExact.agda	b8e2a4b80febae8c1a7d7816989fd2d7de27cddfba2a4cc55495b63621e4f7e2
master	7d52f88d880adddfa59ac73a99ee4ff79506ec06	DASHI/Physics/YangMills/BalabanSelectedGaugeMeanDecompositionExact.agda	aa7b5d48ea27f2bf243e82467890d1860e203ba7bb31b159b9fae89edc26247e
master	7d52f88d880adddfa59ac73a99ee4ff79506ec06	DASHI/Physics/YangMills/BalabanSelectedGaugeReducedLinearClosureExact.agda	096af83f56162bb7db72b55ef483f395d6311fb092d58c1613a1393b0ba23d87
master	7d52f88d880adddfa59ac73a99ee4ff79506ec06	DASHI/Physics/YangMills/BalabanSelectedKKTMultiplierLocalityExact.agda	fe332840b41b1027b9acb4d32fa7ab8488ace0744479991dbaf3b916f0cc8a21
master	7d52f88d880adddfa59ac73a99ee4ff79506ec06	DASHI/Physics/YangMills/BalabanSelectedKKTWeightedToOrdinaryRowBoundExact.agda	784bfdb4029a1ca0a850d7bd678725c590e63a45e0c625b86c1e46f1f444bf8f
master	7d52f88d880adddfa59ac73a99ee4ff79506ec06	DASHI/Physics/YangMills/BalabanSelectedProjectedSchurFiniteRationalReopeningExact.agda	9c2605b641d2f1636016d2ec1a82210fd579538187fc376df86325ec732a9f2f
master	7d52f88d880adddfa59ac73a99ee4ff79506ec06	DASHI/Physics/YangMills/BalabanSelectedProjectedSchurGreenFiniteExact.agda	5b5dfe2ef994f87cc7653ac40642a0efb0c2919a0bbf41497bb15f017820e576
master	7d52f88d880adddfa59ac73a99ee4ff79506ec06	DASHI/Physics/YangMills/BalabanSelectedProjectedSchurGreenPreservesReducedExact.agda	ac4015612a3ffbf00dd6aa32bc7890668bf1aa7b96d94f5e1c6e0e8c47a49ab9
master	7d52f88d880adddfa59ac73a99ee4ff79506ec06	DASHI/Physics/YangMills/BalabanSelectedProjectedSchurPerturbationContractionExact.agda	d0f6b944c27c27bf8f1b09a5d48697049007d4e03b593ffb60bb513dee1f95ea
master	7d52f88d880adddfa59ac73a99ee4ff79506ec06	DASHI/Physics/YangMills/BalabanSelectedRawExtractorConstraintDefectAtomsExact.agda	fa949ab33afcb9cd91f586e77a4456802f09bf8675db67c68342788f7f6e2f7f
master	7d52f88d880adddfa59ac73a99ee4ff79506ec06	DASHI/Physics/YangMills/BalabanSelectedRawExtractorConstraintDefectExact.agda	f41a5139d3e20b81f0809dc4fc5df2e22738ac10ebca08687e51ad484f352db8
master	7d52f88d880adddfa59ac73a99ee4ff79506ec06	DASHI/Physics/YangMills/BalabanSelectedRawExtractorSubsetDefectPartialExact.agda	b26ca5f9f6c3845feb2d7f8ed38563a2bccf34bbc5da109087360af45f74e68b
master	7d52f88d880adddfa59ac73a99ee4ff79506ec06	DASHI/Physics/YangMills/BalabanSelectedReducedCombinedConstraintFloorExact.agda	fbf9e3a7779fea1ba7bfe3e39f7764a311c528d65515327a9b7689288ade79b8
master	7d52f88d880adddfa59ac73a99ee4ff79506ec06	DASHI/Physics/YangMills/BalabanSelectedSchurCrossAbsoluteMassExact.agda	58f0952727b9a5025c0a7d608f99c9a0ee986b8dc78457e179f09dd9f329fd24
master	7d52f88d880adddfa59ac73a99ee4ff79506ec06	DASHI/Physics/YangMills/BalabanSelectedSchurFiniteRankCorrectionExact.agda	87e9c3dae974b7c67b345c88bfe1b7363d79d85fa83fc272a772aa83c46a5a83
master	7d52f88d880adddfa59ac73a99ee4ff79506ec06	DASHI/Physics/YangMills/BalabanSelectedSchurGaugeGreenContractionExact.agda	bb018ca64a4875580b0e242f27f4682ba4b9be8c7c212f2027acd1a9637c2d7b
master	7d52f88d880adddfa59ac73a99ee4ff79506ec06	DASHI/Physics/YangMills/BalabanSelectedSchurGaugeGreenTwoSidedContractionExact.agda	057ab87f38f29b7becdfd571677cc31a21a9213faf20eb2ab089a7f0ea22a163
master	7d52f88d880adddfa59ac73a99ee4ff79506ec06	DASHI/Physics/YangMills/BalabanSelectedSchurPerturbationActionExact.agda	6f07bd9a41a133e6e9e8ec24e0032bd630a5b39789602e0552cb7b01255223ee
master	7d52f88d880adddfa59ac73a99ee4ff79506ec06	DASHI/Physics/YangMills/BalabanSelectedSourceSubsetConstraintPartialExact.agda	5d08b8dec5a0f13e59f841acf08bff9a17f5c9a86919c008fab2e9f9e2df26bf
master	7d52f88d880adddfa59ac73a99ee4ff79506ec06	DASHI/Physics/YangMills/BalabanSelectedVariationKKTMultiplierExact.agda	9e405358dc1f52721c8b144a65297631848750c5b439a9155f4b23a198336a18
master	7d52f88d880adddfa59ac73a99ee4ff79506ec06	DASHI/Physics/YangMills/BalabanSelectedVariationSignConventionExact.agda	30ef5fd8da2bb35a43e005182049376678f4689dc8ad0f421c9484c198cd4e5c
master	7d52f88d880adddfa59ac73a99ee4ff79506ec06	DASHI/Physics/YangMills/BalabanSelectedWilsonCanonicalG2InputsExact.agda	c1a51b51ac0059d37a356bce135f261a5e46cd7ceb76cd7b79aa19bcfb6f5037
master	7d52f88d880adddfa59ac73a99ee4ff79506ec06	DASHI/Physics/YangMills/BalabanSelectedWilsonFirstVariationPlaquetteSupportExact.agda	2c85518f50d414dd04fa4277e397dcb24f8ad67f501d9cb7650383f268b5b981
master	7d52f88d880adddfa59ac73a99ee4ff79506ec06	DASHI/Physics/YangMills/BalabanSide4ScalarGreenConvolutionExact.agda	fa8ee8593230f22cdb2a81ce7c7f822ad1b0386202161d138678b7a0daa2a7c7
master	7d52f88d880adddfa59ac73a99ee4ff79506ec06	DASHI/Physics/YangMills/BalabanSide4ScalarGreenKernelComputed.agda	34071e4d3aa2df6bc4d57f83f0bde2da0c12169881d51943792740b462b52404
master	7d52f88d880adddfa59ac73a99ee4ff79506ec06	DASHI/Physics/YangMills/BalabanSide4TranslationConvolutionExact.agda	4505b119dd99b1ee647f7a9e70fa463c70e240d800e9bcacc4cc7cc42b42c108
master	7d52f88d880adddfa59ac73a99ee4ff79506ec06	DASHI/Physics/YangMills/BalabanSide4TranslationDifferenceExact.agda	40a787b5e82919729eb160dcc60795647c05660292f28c5fe7ce28762c597755
master	7d52f88d880adddfa59ac73a99ee4ff79506ec06	DASHI/Physics/YangMills/BalabanSide4TranslationSymmetryExact.agda	352a13bd73c1f9800560e102b8e60252c2c6cf526775f1bad74afa84142769b7
master	7d52f88d880adddfa59ac73a99ee4ff79506ec06	DASHI/Physics/YangMills/BalabanSourceExponentialToWeightedHessianExact.agda	4c1b8868a3928dd5e3e0c3b90bc208d9a4c09bf20d8663f50efb7cc63d63ac5d
master	7d52f88d880adddfa59ac73a99ee4ff79506ec06	DASHI/Physics/YangMills/BalabanSourceNativeLocalizationTreeExact.agda	819fd11fd16be24ab1c0bac20ab21a0382e7e1bb9d3686a253c04a76e10b6656
master	7d52f88d880adddfa59ac73a99ee4ff79506ec06	DASHI/Physics/YangMills/BalabanSourceNativePublishedFlowEntryExact.agda	25863114aacc7c712911759185a5419b84f0a03bb9a8ce993d22106e2ed2be3c
master	7d52f88d880adddfa59ac73a99ee4ff79506ec06	DASHI/Physics/YangMills/BalabanSourceNativeStrongStateEntryExact.agda	bb3cbe60a11f527be87450826dc9c7f4c823008fd3e553bfc5e68a6a1b0354a6
master	7d52f88d880adddfa59ac73a99ee4ff79506ec06	DASHI/Physics/YangMills/BalabanSourceNativeUnifiedThreeQuarterStepExact.agda	87b20bf8d4f76ae565dcbd2f7c31023ed90769a993c7cdda33c96d2aeef45e16
master	7d52f88d880adddfa59ac73a99ee4ff79506ec06	DASHI/Physics/YangMills/BalabanStochasticFiniteSpeedSpatialClusteringExact.agda	81386200d52ad4036c1c9849caa1cfc94278f6eee7958ef90db54a0ce3f00923
master	7d52f88d880adddfa59ac73a99ee4ff79506ec06	DASHI/Physics/YangMills/BalabanStrongCouplingLiteralAtomGeneratedProductBridgeExact.agda	417286443ca6ebc7db484e624fc99c1ce941517c4b1e10eb814bcc945c20a6b4
master	7d52f88d880adddfa59ac73a99ee4ff79506ec06	DASHI/Physics/YangMills/BalabanStrongCouplingLiteralQuaternionAtomNormExact.agda	4f01b9e398ca9b86218b19fec0bf18ab4233ee0a0fbfc065162b185a2d7d1794
master	7d52f88d880adddfa59ac73a99ee4ff79506ec06	DASHI/Physics/YangMills/BalabanStrongCouplingLiteralQuaternionScalarBudgetExact.agda	6cb9f614c0c19251d269516c37ef8bf5395979410607093f4449a2473d773fca
master	7d52f88d880adddfa59ac73a99ee4ff79506ec06	DASHI/Physics/YangMills/BalabanStrongCouplingSixteenAtomIncidenceBudgetExact.agda	3446cbc49acf29f227210bb1364bcc91d2d8e549bf94a9a54dd2ce7c26925a59
master	7d52f88d880adddfa59ac73a99ee4ff79506ec06	DASHI/Physics/YangMills/BalabanTopDownOneLoopRemainderBudgetExact.agda	4ea94fd1759b2bdda8db5c1bebc0c4968def2924fb46f03e5517416a3e7c5273
master	7d52f88d880adddfa59ac73a99ee4ff79506ec06	DASHI/Physics/YangMills/BalabanTopDownPositiveCoercivityBudgetExact.agda	ecab55d99ee2e15261aa775a5a7b882a85385576aac94422c2e8db7140beab13
master	7d52f88d880adddfa59ac73a99ee4ff79506ec06	DASHI/Physics/YangMills/BalabanTopDownSelectedBackgroundLeafEliminationExact.agda	43f5876bce2cebe98e6f5a4eb0a84095593047a3deeeb66fa6942372a2e9ec45
master	7d52f88d880adddfa59ac73a99ee4ff79506ec06	DASHI/Physics/YangMills/BalabanTopDownStrictContractionBudgetExact.agda	bec9536f10b05f5f27baa04bf7bdba9b2e285ccef6cb0461f3ead68827af72cb
master	7d52f88d880adddfa59ac73a99ee4ff79506ec06	DASHI/Physics/YangMills/BalabanTopDownSummableRGIncrementExact.agda	f291db7848b745c164f3422c30c92abb0ee8aa9b4093a6fba580e6687e156356
master	7d52f88d880adddfa59ac73a99ee4ff79506ec06	DASHI/Physics/YangMills/BalabanTopDownSummableRGIncrementLeafEliminationExact.agda	7597752c1dc01833965cf700818d775d411c740d630974b741b8e036aed47921
master	7d52f88d880adddfa59ac73a99ee4ff79506ec06	DASHI/Physics/YangMills/BalabanTraceKoteckyPreissGeometricExact.agda	27a94880ac06ec4629c33ac73eade54c17b8ce0efcffab6dbf026e762adb6b78
master	7d52f88d880adddfa59ac73a99ee4ff79506ec06	DASHI/Physics/YangMills/BalabanTransferKernelTraceNaturalityExact.agda	65c6ac87e5cecaed8027620f720e80c2d4382ad30fa4f65f0ed6a174774d0950
master	7d52f88d880adddfa59ac73a99ee4ff79506ec06	DASHI/Physics/YangMills/BalabanUnifiedCharacteristicFunctionalCompletionExact.agda	770c758a0e2e9510ce955e2f06b9ddcd3233d7c3a61dfb917dd75ae414c6f157
master	7d52f88d880adddfa59ac73a99ee4ff79506ec06	DASHI/Physics/YangMills/BalabanUnifiedCompletedStateProjectionExact.agda	30e3017516a1ea942d25aa5bd82432523c00407868e17beb8987c19df72254ee
master	7d52f88d880adddfa59ac73a99ee4ff79506ec06	DASHI/Physics/YangMills/BalabanUnifiedContinuumEndpointMarginTransportExact.agda	7de2c33ed1226ace8ba1b6c0fa98907e84be437058f521c0f8916c54ba5e3a8e
master	7d52f88d880adddfa59ac73a99ee4ff79506ec06	DASHI/Physics/YangMills/BalabanUnifiedPolchinskiCurvatureDebtExact.agda	5f0588eb98e5729625137d06d6b5c09fd61d328b4f2c669018da58d5cf954b78
master	7d52f88d880adddfa59ac73a99ee4ff79506ec06	DASHI/Physics/YangMills/BalabanUnifiedPolymerSchwingerNormExact.agda	eead5e36af2fa77f83d8b1d23715693e1b914fb404ba3c5080e9ad7cee75fd46
master	7d52f88d880adddfa59ac73a99ee4ff79506ec06	DASHI/Physics/YangMills/BalabanUnifiedPolymerStepVContractionBudgetExact.agda	6239bc8ca41be442c49affce383ea36f972f290df2a3181174f0aafb24c70949
master	7d52f88d880adddfa59ac73a99ee4ff79506ec06	DASHI/Physics/YangMills/BalabanUnifiedSeventeenThirtySecondIterationExact.agda	845bde60320f8cb157777f48d2daaaed34a603635b5b03851b3db7172648a96a
master	7d52f88d880adddfa59ac73a99ee4ff79506ec06	DASHI/Physics/YangMills/BalabanUnifiedSeventeenThirtySecondTailModulusExact.agda	77dbb34f49899ce1c02a5fc10965929eda14da2068b1791e6a70a29f31d1b531
master	7d52f88d880adddfa59ac73a99ee4ff79506ec06	DASHI/Physics/YangMills/BalabanUniformCanonicalSchurNormG2ClosureExact.agda	daf875730bbacec74f71266cf0297fe64bbc4eafaf56a7ebf093e052425a4799
master	7d52f88d880adddfa59ac73a99ee4ff79506ec06	DASHI/Physics/YangMills/BalabanWilsonBooleanFourCubeExact.agda	3d33cbdefe05bf8e14a2fe45ecc5115455b388671dca19566c64bd0c668f8d5c
master	7d52f88d880adddfa59ac73a99ee4ff79506ec06	DASHI/Physics/YangMills/BalabanWilsonBooleanFourCubeMobiusDegreeLayerExact.agda	be75951432a1c8b1760e25be95e7c41697498ae75a651c1ddb4b40b00a32eee6
master	7d52f88d880adddfa59ac73a99ee4ff79506ec06	DASHI/Physics/YangMills/BalabanWilsonBooleanFourCubeMobiusExact.agda	bb13096fafba72c57bbe72723c0c5917d6ea3b7562a6764914fdedf380aa22fe
master	7d52f88d880adddfa59ac73a99ee4ff79506ec06	DASHI/Physics/YangMills/BalabanWilsonLatticeReflectionPositivityExact.agda	cc9cd928f0c67f0803d4e7ca2093bb27645a0b7191775186fd2dba176e14ecf1
master	7d52f88d880adddfa59ac73a99ee4ff79506ec06	DASHI/Physics/YangMills/BalabanWilsonTransferBlockingExact.agda	a2ca89e7b3e7ae766d90b43b49b485529992e36a188558c4ed604a43b5a09fd7
master	7d52f88d880adddfa59ac73a99ee4ff79506ec06	DASHI/Physics/YangMills/BalabanWilsonTransferIntertwinerExact.agda	b414081bf45e50b3b80175ea0b0b07470a8571ca13cc6ecd876055745ba58ee7
master	7d52f88d880adddfa59ac73a99ee4ff79506ec06	DASHI/Physics/YangMills/BalabanYM4FiniteModeBetaLowerRemainderExact.agda	983bb3e57ae4c59c989ecd12bcdf7e08f0cb8dae34473a69b5f2c6c3fdb82c2c
master	7d52f88d880adddfa59ac73a99ee4ff79506ec06	DASHI/Physics/YangMills/BalabanYM4FiniteModeBetaToSourceTrajectoryExact.agda	f90c670269a128827f96432f2b6fdba587a1da4b331bdf3d8f908d6c94c05432
master	7d52f88d880adddfa59ac73a99ee4ff79506ec06	DASHI/Physics/YangMills/BalabanYM4FiveChannelFourthOrderFactorizationExact.agda	668e57c6f22e204e8c5014c474c7c366bd5314624a35e43b3e78da0f22940954
master	7d52f88d880adddfa59ac73a99ee4ff79506ec06	DASHI/Physics/YangMills/BalabanYM4FiveChannelQuarticBetaAdapterExact.agda	a7fa5365c0500ff65c867dde674acb43551c8dc652a768f6a20253f6f32329ce
master	7d52f88d880adddfa59ac73a99ee4ff79506ec06	DASHI/Physics/YangMills/BalabanYM4FiveChannelTaylorCancellationToFourthOrderExact.agda	1acdef55492def9e3839d0cbe6da82bbf19ee0bd017f2c20b9b1350f5a825b02
master	7d52f88d880adddfa59ac73a99ee4ff79506ec06	DASHI/Physics/YangMills/BalabanYM4NonnegativeBetaFinitePropagationExact.agda	1cdebe7dff00ca335a8dfcce974857595956f1f2afa80ed3355feb69b533daf9
master	7d52f88d880adddfa59ac73a99ee4ff79506ec06	DASHI/Physics/YangMills/BalabanYM4RGInvariantRegionPhysicalGapExact.agda	d3b3884c9b6e84ebafb03be9ed84c7fbb6b331d40f73db050cb6d65bd3e699e1
master	7d52f88d880adddfa59ac73a99ee4ff79506ec06	DASHI/Physics/YangMills/BalabanYM4RationalInverseSquareOrderExact.agda	9cff4f70260622939e37d4e3b004452b08ce4c42815f46b02b02db37d5921456
master	7d52f88d880adddfa59ac73a99ee4ff79506ec06	DASHI/Physics/YangMills/BalabanYM4SU2GaussianBetaLowerExact.agda	897e6fb72da90f0df69133171c96b4b512faa55a4ceee5ff02e78beed02f9642
master	7d52f88d880adddfa59ac73a99ee4ff79506ec06	DASHI/Physics/YangMills/BalabanYM4SourceCouplingSmallnessPropagationExact.agda	03a68456e2296e487d758a605f8a5aa0387e58cd527bfa479bcb4f5d46599253
master	7d52f88d880adddfa59ac73a99ee4ff79506ec06	DASHI/Physics/YangMills/BalabanYM4SourceNormalizedCouplingRecurrenceExact.agda	aa679caa9f5dcbc941acaed0d84f236a7a1d8b9af1ed8c6cc5697058cb2a2d29
master	7d52f88d880adddfa59ac73a99ee4ff79506ec06	DASHI/Physics/YangMills/BirmanSolomyakDoubleOperatorIntegralBoundaryExact.agda	bb93a0c8163b37ec09dc8bc8a2f5662ad3392658d826095a169f7db6b76e1d49
master	7d52f88d880adddfa59ac73a99ee4ff79506ec06	DASHI/Physics/YangMills/CompactLieBiInvariantSkewLangevinExact.agda	a6a684c6e74d021310d9b9bf453f8ccdc5b1a48243ac0a2ade09c97c096474c5
master	7d52f88d880adddfa59ac73a99ee4ff79506ec06	DASHI/Physics/YangMills/CompactLieHeatDoobMultiscaleLSIExact.agda	9d322345febe8283650e65d489b32a514c76bfb3139c07857db810a61b1fb643
master	7d52f88d880adddfa59ac73a99ee4ff79506ec06	DASHI/Physics/YangMills/CompactLieHeatDoobRicciReserveDebtExact.agda	cdb45b574d98fb87b1fa48c3d43bf8fd075f98a9fca7c898c82893c2303934ac
master	7d52f88d880adddfa59ac73a99ee4ff79506ec06	DASHI/Physics/YangMills/CompactLieLangevinSkewConnectionCancellationExact.agda	817014caa5c6c576dff55b9ecf8ce0af6463e5bfd42f60cc185648c0013d30eb
master	7d52f88d880adddfa59ac73a99ee4ff79506ec06	DASHI/Physics/YangMills/CompactLieProofLevel.agda	c441e34ffa0d2f2b2d03b985d2e6a3c1bc91f93e149865254bdbef1cac7c3a20
master	7d52f88d880adddfa59ac73a99ee4ff79506ec06	DASHI/Physics/YangMills/CompactSimpleClassification.agda	d362b57d4671811d8d5e02c60921968c1f427a3069463f449b34e3d163d59e4e
master	7d52f88d880adddfa59ac73a99ee4ff79506ec06	DASHI/Physics/YangMills/FiniteReflectionPositivity.agda	2039dfd74019ccd46c4d523bf309afa6dcba4e885da1d2d7cbb10a65a2eaf9d8
master	7d52f88d880adddfa59ac73a99ee4ff79506ec06	DASHI/Physics/YangMills/GraphCombinatorics.agda	030057bd6e3a61d324d4a1a30f8fe8b74104420cddbe44a04ee060bd5270058a
master	7d52f88d880adddfa59ac73a99ee4ff79506ec06	DASHI/Physics/YangMills/P06ConstructiveSpanningTreeDFS.agda	39db13a75e72c7fb479d9441262fc500482e4bb0d3cff969d1aabaaab4c8373b
master	7d52f88d880adddfa59ac73a99ee4ff79506ec06	DASHI/Physics/YangMills/P06FaceCubeTorusGeometry.agda	a1e59e1d0747a46644bd63806e761a962f2c658277951abb2b3661f73e964b72
master	7d52f88d880adddfa59ac73a99ee4ff79506ec06	DASHI/Physics/YangMills/PhysicalInvolutionParityExact.agda	a5b3e3ac5b17cee9e0e638fc6dddef401911684c8da2e254d146ccf41d6d137c
master	7d52f88d880adddfa59ac73a99ee4ff79506ec06	DASHI/Physics/YangMills/ReflectionPositiveBlocking.agda	d6731ee856f5abc9dcb558c815307667b19f2ad7ddde23706cde1f53ed5242d3
master	7d52f88d880adddfa59ac73a99ee4ff79506ec06	DASHI/Physics/YangMills/SchattenTraceClassCompositePerturbationExact.agda	c23b88f8553b1e87f319c45384157bb14daf5579a23cc4ade94b131ca16fc82d
master	7d52f88d880adddfa59ac73a99ee4ff79506ec06	DASHI/Physics/YangMills/YMSourceAuthoritySurface.agda	d7c15a58cf8b932cce80d4cf4a497c796e7efbf34c9a36b4abca653bae8c1de8
master	7d52f88d880adddfa59ac73a99ee4ff79506ec06	DASHI/Physics/YangMills/YangMillsClayLiteralTopDownConstructionExact.agda	715bda457630ac14567a43f54cb6b7ec8d3f708eba3159b8beb388512583067c
master	7d52f88d880adddfa59ac73a99ee4ff79506ec06	DASHI/Physics/YangMills/YangMillsClayProblemContractExact.agda	9a59de19a90fd2165c27ec872636e6dd44b780fdbe277b5e9337e947cae7c0fa
master	7d52f88d880adddfa59ac73a99ee4ff79506ec06	DASHI/Physics/YangMills/YangMillsClayTopDownFiveTheoremClosureExact.agda	d381d942d64b22805fd1bc86e41bc477f3118418e1f68a9e425a0a01d90f33ba
master	7d52f88d880adddfa59ac73a99ee4ff79506ec06	DASHI/Physics/YangMills/YangMillsCompactSimpleCasimirDynkinTraceExact.agda	3bfaa79dd24c3c0f7b7497fbe0abafb6f6dc3358a7acb0943c0017cab928c9e8
master	7d52f88d880adddfa59ac73a99ee4ff79506ec06	DASHI/Physics/YangMills/YangMillsContinuumFourthCumulantNonGaussianExact.agda	3b3b1e70b1fd59ff5df9fb32ea1921bee383a57caa68ccf44286d8f5b4930896
master	7d52f88d880adddfa59ac73a99ee4ff79506ec06	DASHI/Physics/YangMills/YangMillsContinuumLocalOperatorOPEStressTensorExact.agda	a2a7a0f12e59ca9530f9dabaa08c329f56f53a66b61e17208609f36c0029598a
master	7d52f88d880adddfa59ac73a99ee4ff79506ec06	DASHI/Physics/YangMills/YangMillsContinuumOPEStressWardGaussianKernelExact.agda	4053643649641f0c4730c794d16198c132c6dcec47ba2ad17240b9e8f3ae0ce1
master	7d52f88d880adddfa59ac73a99ee4ff79506ec06	DASHI/Physics/YangMills/YangMillsFreeGaussianMaxwellNoGapExact.agda	8028622868001c296b5ceb84b9b8c2594684c1be0de53170a40e8fd90ce0b7d2
master	7d52f88d880adddfa59ac73a99ee4ff79506ec06	DASHI/Physics/YangMills/YangMillsGaussianMasslessBridgeBoundaryExact.agda	9d0136f40dfcecaf0f6cefae2a31fa0e96d500a7f83f8ad2800e0f313116ad3e
master	7d52f88d880adddfa59ac73a99ee4ff79506ec06	DASHI/Physics/YangMills/YangMillsGaussianWardGapNontrivialityExact.agda	f3e86ffaa74db347532053f64489cdd9c8f8e3d67c913ed10d5aa61c7b72caa3
master	7d52f88d880adddfa59ac73a99ee4ff79506ec06	DASHI/Physics/YangMills/YangMillsGaussianWardTwoDerivativeMaxwellClassificationExact.agda	4ad1fae3ac370bf04b4cf959493b7fba55354a6e4aeb983d7081b0cc2cbe46d2
master	7d52f88d880adddfa59ac73a99ee4ff79506ec06	DASHI/Physics/YangMills/YangMillsMaxwellLinearDispersionNoGapExact.agda	0e832a819bb08bad0f7344c64418bddc77723260098fe0c023fab3d28541d502
master	7d52f88d880adddfa59ac73a99ee4ff79506ec06	DASHI/Process/DASHIMarkovCompatibility.agda	a5975d1d2239f37664f7b895adb1259f479a1e4671e863c52779c4d793065c1a
master	7d52f88d880adddfa59ac73a99ee4ff79506ec06	DASHI/Reasoning/DialecticalDepthAccumulationReceipt.agda	3b1a7f19da0d59b0c05c18450ef0994698c15bca4ffb12d12735f09c32f66e29
master	7d52f88d880adddfa59ac73a99ee4ff79506ec06	DASHI/Unified/InvariantSpine.agda	931b4d663bda9d3c19b6a63a8c774ac8fe2b581850c2565f3e526940175e91d3
master	7d52f88d880adddfa59ac73a99ee4ff79506ec06	DASHI/Unified/PNFHyperfabric.agda	44fcd00fb62f9d9f1166bf36e7f52b0b1607c99656a76493e63b13207cadb851
master	7d52f88d880adddfa59ac73a99ee4ff79506ec06	LargerObjectClassificationLattice.agda	dff70696f03977120d777c747c99b33d439cb2118e336ec326cb96e19ade85e1
master	7d52f88d880adddfa59ac73a99ee4ff79506ec06	Monster/MUltrametric.agda	be88ff334a6525270776f254adb99b359f19cb1876f949fe8c153f1e636acda8
master	7d52f88d880adddfa59ac73a99ee4ff79506ec06	Monster/Mask.agda	f45b70b78028e5bc724a58720cb09c40afe4ce50227eb2ff7dec36071941791c
master	7d52f88d880adddfa59ac73a99ee4ff79506ec06	MoonshineEarn.agda	65562d992b3274f14505299db5e8b0b6e1e06e60c563bd1751facdcde0590733
master	7d52f88d880adddfa59ac73a99ee4ff79506ec06	Ontology/Brain/BrainDynamicSemanticTransport.agda	a87dee307a655bf7586c561824d3e6790f555dbb6781d94c3df852ca7b41afca
master	7d52f88d880adddfa59ac73a99ee4ff79506ec06	Ontology/Brain/BrainGaugeRobustnessReceipt.agda	4a08eb7967806168bf9d3dbcd07663d2c0047f2e1a2fc5d32117e5e571a6f99c
master	7d52f88d880adddfa59ac73a99ee4ff79506ec06	Ontology/Brain/BrainKernelClosureReceipt.agda	cd4f88c59600a076f6a11964079de0aa192d616b66913c21e617cc0a17f4ecf2
master	7d52f88d880adddfa59ac73a99ee4ff79506ec06	Ontology/Brain/DrosophilaCoarseGrainPersistenceObstruction.agda	80f75298b2ff4a6021d6fbdfec2a66c366ea6c48d6635dcece29e9f821cc4aca
master	7d52f88d880adddfa59ac73a99ee4ff79506ec06	Ontology/Brain/DrosophilaHemibrainExternalRunReceipt.agda	44a98376f4db7c2cd958eac8a92945f16749f278df4163574044de9a86710ba0
master	7d52f88d880adddfa59ac73a99ee4ff79506ec06	Ontology/BrainDNA/BrainConnectorConsumerLaws.agda	d6c2057f417fb5bcc8505444cf463a1a919a35dbae5cfbdb364abd2dd89b8e37
master	7d52f88d880adddfa59ac73a99ee4ff79506ec06	Ontology/BrainDNA/BrainConnectorConsumerSemantics.agda	f0bd11e7b0d4189a024ad42e0307b6095861cb6f3205d71fcc1c2419fbb3f0eb
master	7d52f88d880adddfa59ac73a99ee4ff79506ec06	Ontology/BrainDNA/BrainConnectorEndToEndSemanticLaws.agda	27bc126387bf97b10b35b0c3221c78445179efb3021cbb0020622600245dc3b8
master	7d52f88d880adddfa59ac73a99ee4ff79506ec06	Ontology/BrainDNA/BrainConnectorIntegratedConsumerLaws.agda	07830192d423add77df179a9135cf331d47abc0515a9fd0cd4d8112688cfacaa
master	7d52f88d880adddfa59ac73a99ee4ff79506ec06	Ontology/BrainDNA/BrainConnectorIntegratedConsumerSemantics.agda	f226d64024f14baed4bee6b3f8209c8d1f15e954c876bc3f6f94207046c7eccd
master	7d52f88d880adddfa59ac73a99ee4ff79506ec06	Ontology/BrainDNA/BrainDNACodecChannelBoundaryPackage.agda	e5111c316bbf4cc4bc97e302e942deb0d3eb79d0d0c0168ce2b07e5996bac62a
master	7d52f88d880adddfa59ac73a99ee4ff79506ec06	Ontology/BrainDNA/BrainDnaSemanticEquivariance.agda	9e7ba74b09d585c20ec07336ca919ce9aaad959dc84bb3ed8112b4c7349451d6
master	7d52f88d880adddfa59ac73a99ee4ff79506ec06	Ontology/BrainDNA/BrainExtractionConnectorLawDepth.agda	7c8d56010ad60bed621a5495989bc7202e53162f64f29e5ccd6708e5f067f674
master	7d52f88d880adddfa59ac73a99ee4ff79506ec06	Ontology/BrainDNA/BrainPhysicsHandoffPromotion.agda	f6bc287ddccfc8ada3153aa54b91520f7982afc6f7868be48ffbe9760a1cc4f6
master	7d52f88d880adddfa59ac73a99ee4ff79506ec06	Ontology/DNA/ChemistryAdaptiveReferenceCodec.agda	7bf031cc0c47bc58a6d3c394c76937f5819978fbe2c8d985237b4d2424e6f12b
master	7d52f88d880adddfa59ac73a99ee4ff79506ec06	Ontology/DNA/ChemistryEmpiricalAndCodecSurface.agda	3956c6491d6343f6631f6eabe97e9de8675966624d4a933f8b0aae2b55d0aff6
master	7d52f88d880adddfa59ac73a99ee4ff79506ec06	Ontology/DNA/ChemistryPhaseTetrationBoundary.agda	2036b5e44c452ddc62d19c8cf1b5985a5807eac117a580884309b82007a73866
master	7d52f88d880adddfa59ac73a99ee4ff79506ec06	Ontology/DNA/ChemistrySheetCodecCompletionRegression.agda	addb461671575c1284e444625a96e84e31db78b33bb9d4c0407bb0b137693602
master	7d52f88d880adddfa59ac73a99ee4ff79506ec06	Ontology/DNA/ChemistrySheetCodecCompletionSurface.agda	34ff990ec3e6100d65701b982ff1d87145da866416f878f74893618e81634d0e
master	7d52f88d880adddfa59ac73a99ee4ff79506ec06	Ontology/DNA/ChemistrySheetCodecRegression.agda	d5c1e6f244dba39ad2c47d00492005036210a83b6ef42ddd89ad41ea05b9c369
master	7d52f88d880adddfa59ac73a99ee4ff79506ec06	Ontology/DNA/ChemistrySheetCodecSurface.agda	2a4a57d692cf339b272b46a5562afe38c509a1fc55b8298d9bc6df55f7937738
master	7d52f88d880adddfa59ac73a99ee4ff79506ec06	Ontology/DNA/ChemistrySheetCrossPollination.agda	6396b27a12f9013bad9433d6bee1356d46e9e572ba00b9e0690c264365acda48
master	7d52f88d880adddfa59ac73a99ee4ff79506ec06	Ontology/DNA/ChemistrySheetCrossPollinationRegression.agda	e27217e45087b47cd5954ee6e664e28555c4e0eedb2aaa03d805918098c15f75
master	7d52f88d880adddfa59ac73a99ee4ff79506ec06	Ontology/DNA/ChemistrySheetHamiltonianDistinguishing.agda	e254f2e1016ca2bb218ed47f5573a841f0bbfdf545c9f753b3e59e0eeef16f87
master	7d52f88d880adddfa59ac73a99ee4ff79506ec06	Ontology/DNA/ChemistrySheetTowerBoundary.agda	3446b6ffb41b2a39def90391887df6b7ce056446f2629e4a3887ddc6d2be7ef9
master	7d52f88d880adddfa59ac73a99ee4ff79506ec06	Ontology/DNA/ChemistrySheetTowerBoundaryRegression.agda	ee6cf423744e5b4c6df428ead8950a988f0cec337c95c13963591db919d56b2b
master	7d52f88d880adddfa59ac73a99ee4ff79506ec06	Ontology/DNA/ChemistrySheetTransport.agda	1f2bafd2b878b544701dfae866df135ab5bbf98c076885d7036ac3a561af78c2
master	7d52f88d880adddfa59ac73a99ee4ff79506ec06	Ontology/DNA/CriticallySampledDNA4Transform.agda	804edaceb394d8470b3bcccf2f0ee0f2e6c40a5baae83405b5ee97bb255589b2
master	7d52f88d880adddfa59ac73a99ee4ff79506ec06	Ontology/DNA/DerivedRecoveryBoundary.agda	29a1d1a728a8a4cd3185ba1771b7ff1edd7086fa7119280f4bb980fa0a49ae15
master	7d52f88d880adddfa59ac73a99ee4ff79506ec06	Ontology/DNA/FiniteChemistrySheetTower.agda	a31a167925f4b48ed848c3c76376f683e88c9dc496eb0abbbf8a35e30227b665
master	7d52f88d880adddfa59ac73a99ee4ff79506ec06	Ontology/DNA/NonDegenerateChemistrySheetTower.agda	e4598c82392e8234ff5cd93e3cb12b40ac5e94abb7d5eb333c9ed5ddb6b3491b
master	7d52f88d880adddfa59ac73a99ee4ff79506ec06	Ontology/DNA/OperationalChemistryQuotient.agda	086b75939d2e0668b8bd2694c9d4ee793fdcd141d2d83af0c4030cc342ab9bb7
master	7d52f88d880adddfa59ac73a99ee4ff79506ec06	Ontology/DNA/PublishedChemistryAssayReceipts.agda	09d7a98f21d6a0e705a2619bd2af801da043787f8651456de3de2c945e412a14
master	7d52f88d880adddfa59ac73a99ee4ff79506ec06	Ontology/DNA/SIAndCriticalTransformRegression.agda	07aafb24357ff237b00de2ff7f749d8af9df8dbf5014e416e3b3052989d146c7
master	7d52f88d880adddfa59ac73a99ee4ff79506ec06	Ontology/DNA/SantaLucia1998SI.agda	da87b621f3786312c2af64d7b44df53e74b2f3f46113c335495204a39c0f2af1
master	7d52f88d880adddfa59ac73a99ee4ff79506ec06	Ontology/DNA/SantaLucia1998Thermodynamics.agda	8f55b1822673e819eb03e3a7c6bf2066686c07eb19863d7cceb8cf7fb026c7e1
master	7d52f88d880adddfa59ac73a99ee4ff79506ec06	Ontology/DNA/SemanticChecksumAlgebra.agda	56870bdde0b6cf9e1ec74cf0bc6ed58b7345f713641b0c8eb52d20b2e7907c4a
master	7d52f88d880adddfa59ac73a99ee4ff79506ec06	Ontology/Hecke/CertifiedRepresentativeOrbitSummaryPersistence.agda	5dfba7d7357f60712a32986923c608dfcb2ebea586627588e40a80c1a9c6d7e2
master	7d52f88d880adddfa59ac73a99ee4ff79506ec06	Ontology/Hecke/CertifiedRepresentativePersistence.agda	8b8ccb924775439e42ef815d8564ea238fb53360b9f93ec3dfd7345572194ec4
master	7d52f88d880adddfa59ac73a99ee4ff79506ec06	Ontology/Hecke/CertifiedSaturatedForcedStableCollapse.agda	1f61de90ed44bd5be302edff473850c5bb30017ecb12941837112736458037ed
master	7d52f88d880adddfa59ac73a99ee4ff79506ec06	Ontology/Hecke/ContractiveCountLayer2Invariant.agda	95b85a4d45aa9a7620eb092fab0a40007e4c433b24a750acedcef6d762bff02f
master	7d52f88d880adddfa59ac73a99ee4ff79506ec06	Ontology/Hecke/CorrespondenceRepresentation.agda	618b21617016ccd08ec90b4054d06e4e4a2a0402b83c400e31d29e6a492ca962
master	7d52f88d880adddfa59ac73a99ee4ff79506ec06	Ontology/Hecke/CurrentContractiveCountPartitionPreservation.agda	59f28e51141616f870531cd20cec6f2d93dfdc9de612ba6c740005fe55d5ba6c
master	7d52f88d880adddfa59ac73a99ee4ff79506ec06	Ontology/Hecke/CurrentGeneratorPersistenceRefinement.agda	80d8a181390f69f99b60012c6dc1364e2fe259248bff42bab7ee70f6c120ce79
master	7d52f88d880adddfa59ac73a99ee4ff79506ec06	Ontology/Hecke/CurrentSaturatedContractiveCountLayer2Invariant.agda	38d13200db4e73aeabb981075cde22d7290ddb08a21c772c5452d2ab6d82f886
master	7d52f88d880adddfa59ac73a99ee4ff79506ec06	Ontology/Hecke/CurrentSaturatedContractiveCountPartitionPreservation.agda	06e430765deab608cd95ee054125e157e3ff1fa0c2c636726088b274edc6e5a9
master	7d52f88d880adddfa59ac73a99ee4ff79506ec06	Ontology/Hecke/CurrentSaturatedPredictedPairComparisons.agda	2af65e5d3a8d3665c892061f54e6b970b7f5b7fb30eaab81229df00da08eecfa
master	7d52f88d880adddfa59ac73a99ee4ff79506ec06	Ontology/Hecke/CurrentSaturatedPredictedSectorOrder.agda	6fb8b45feeab7ac21b9b8e58ccbb978e75aab4326e8159135e6dfb698f506ea1
master	7d52f88d880adddfa59ac73a99ee4ff79506ec06	Ontology/Hecke/CurrentSaturatedProfileSummaryFamilySeparation.agda	3dd894cae890125660ab8cadd78053bd582d6b07658d7fb5cb33f0e06f683d27
master	7d52f88d880adddfa59ac73a99ee4ff79506ec06	Ontology/Hecke/CurrentSaturatedTriadHistogramSeparation.agda	bf0bfa1cc2a675e0a716dc490b37f9f5f41478d5a95312131a67427819c031df
master	7d52f88d880adddfa59ac73a99ee4ff79506ec06	Ontology/Hecke/DefectOrbitCollapsePressure.agda	29d22dae916190a116e3c5e357cb122ea8a63b0eb582796a11ceb9a61db1cb9b
master	7d52f88d880adddfa59ac73a99ee4ff79506ec06	Ontology/Hecke/DefectOrbitPressureOrder.agda	0c1b63fb2c7cb537d4c96a2b82291edf9795217d56a5438ec3e2e41d08576a77
master	7d52f88d880adddfa59ac73a99ee4ff79506ec06	Ontology/Hecke/DefectPersistenceRefinement.agda	bed5ddacf57cfe34053025075c013f4cd0a7ac2cc0f30762a6f17a7defadb94f
master	7d52f88d880adddfa59ac73a99ee4ff79506ec06	Ontology/Hecke/DefectProfileCollapseFactorization.agda	5e22e66c3b9aacfc6c7e3186249348077c7b3b74bd66f4a712ccb0d1fa408041
master	7d52f88d880adddfa59ac73a99ee4ff79506ec06	Ontology/Hecke/DirectedCorrelationMDLPromotion.agda	a501039b63d9503a948024a77281ff95839c386d3bd5e2d29b71ad293c025204
master	7d52f88d880adddfa59ac73a99ee4ff79506ec06	Ontology/Hecke/ExitToAnchoredRepresentativeComputations.agda	57be6948af1016552cb3d88480c1a2c62ff4db8e58b5218e63ec23b0a7fbceb5
master	7d52f88d880adddfa59ac73a99ee4ff79506ec06	Ontology/Hecke/FactorVecChamberDefectCorrespondence.agda	13e5f86b69272e0e434116457de7af6a85dfafc58c95a0071200ebc4cf474aad
master	7d52f88d880adddfa59ac73a99ee4ff79506ec06	Ontology/Hecke/FactorVecChamberDefectProfileCorrespondence.agda	5006ae8a5fb383e899804a9de87b0505a219112906d1d47cd239b407995bc3e1
master	7d52f88d880adddfa59ac73a99ee4ff79506ec06	Ontology/Hecke/FactorVecChamberDefectRestrictions.agda	198b12c5c82b3f4066685151afdc677aec328e221dec7a1061efcdd75be088b4
master	7d52f88d880adddfa59ac73a99ee4ff79506ec06	Ontology/Hecke/FactorVecCorrespondence.agda	978ecdea581aa68379b79f556fdf75d6943462840cdf26b359f1479008d90570
master	7d52f88d880adddfa59ac73a99ee4ff79506ec06	Ontology/Hecke/FactorVecHistogramObstruction.agda	471c4ffbe51195e40455f5ca08ba2afc5281a3709b02b03b6abdd7c287d0f95c
master	7d52f88d880adddfa59ac73a99ee4ff79506ec06	Ontology/Hecke/FactorVecOrbitSummaryObstruction.agda	d8f479324ed4823bebbf2088d6b5d9fca0f93035cf8e23cf20697417445df9e7
master	7d52f88d880adddfa59ac73a99ee4ff79506ec06	Ontology/Hecke/ForcedStableCountDecomposition.agda	d5746ed92b65f8d3bea0d34b697e7dd5bd16d851fcad0ac3ae589c26e3a02f84
master	7d52f88d880adddfa59ac73a99ee4ff79506ec06	Ontology/Hecke/ImmediateExitRepresentativeComputations.agda	9a561cee0a49b3383c99b793c34c0c3f442bd2d793cc73f9764475d9637ac6d0
master	7d52f88d880adddfa59ac73a99ee4ff79506ec06	Ontology/Hecke/Layer2FiniteSearch.agda	2b60ed2b6c8d71ac251f5ecbe515f9d02888191d83d6363491ab775aa3baed3c
master	7d52f88d880adddfa59ac73a99ee4ff79506ec06	Ontology/Hecke/Layer2FiniteSearchShell.agda	e04ae0f41c66dc7c856fd391b4f496417e6bf33b61d3e5adb1254132e4a73b86
master	7d52f88d880adddfa59ac73a99ee4ff79506ec06	Ontology/Hecke/MoonshinePrimeCarrierMatch.agda	11fc283e8973cccb92780a8f72527ef6b7b11503720d3fc1ac9e8958b2bdbb29
master	7d52f88d880adddfa59ac73a99ee4ff79506ec06	Ontology/Hecke/ObserverRefinementBridgeExact.agda	7698db053fb06c69cadd2ee291fc7bc4ff5460fab2ede51b66a3c4dcd014a99d
master	7d52f88d880adddfa59ac73a99ee4ff79506ec06	Ontology/Hecke/ObserverRefinementLadderBridgeExact.agda	813528c883b7aedc98629942b297088ebf747614e9c807426c4259693196d6bd
master	7d52f88d880adddfa59ac73a99ee4ff79506ec06	Ontology/Hecke/PressureAdapter.agda	cdebe8ea719271458d06affe96815a0ad7c202b33ae39cc0cf1fe1a608bdab88
master	7d52f88d880adddfa59ac73a99ee4ff79506ec06	Ontology/Hecke/ProfileSummaryFamilySeparation.agda	85a902f46195d5dfc71cfb51695942be3bb6b8062829fef61c290c263c4e84e2
master	7d52f88d880adddfa59ac73a99ee4ff79506ec06	Ontology/Hecke/RepresentativePressureOrder.agda	0ff8c2b3effd6b76b0969c61fce1c63a72496f9656c3a6b8b868c713d054d84a
master	7d52f88d880adddfa59ac73a99ee4ff79506ec06	Ontology/Hecke/SaturatedInvariantRefinementStatus.agda	7eef41a60ef67cdf152662517a94075c04e6dd274755de1ec7be808038a64672
master	7d52f88d880adddfa59ac73a99ee4ff79506ec06	Ontology/Hecke/SignedTransportObstruction.agda	9e6a8344dcb331f39efa1dd471271853f1569462966a60a3f8dd636d5494e0b1
master	7d52f88d880adddfa59ac73a99ee4ff79506ec06	Ontology/Hecke/StaysOneMoreStepRepresentativeComputations.agda	885c6c32a57538adb2902e50cd4d9b38456f2bd59543975233c59ad0d436a8e8
master	7d52f88d880adddfa59ac73a99ee4ff79506ec06	Ontology/Hecke/StaysVsImmediateRepresentativeOrder.agda	12aa737a665de6a33e38599b054fdbc2e91510d5f3d44af1ff4ebb6f3f404b81
master	7d52f88d880adddfa59ac73a99ee4ff79506ec06	Ontology/Hecke/TriadFiveSSPCoordinateBridge.agda	f947436a09d2d01da791d0985c76b9752212be330a868b4e42e0e0973a80be1a
master	7d52f88d880adddfa59ac73a99ee4ff79506ec06	Ontology/Hecke/TriadSectorDirectedCorrelationRefinement.agda	0c3b1bfaaac61ff945992e61a86ca73b573c845657b0e5035923139e36ca4012
master	7d52f88d880adddfa59ac73a99ee4ff79506ec06	Verification/JacobianCounterexampleKernel.agda	0a6051ab2bcaad67fb312eec592d1611853b66708a7367340712eb1106d62b0f
master	a3943b5e403bec4681a5fc3a03c71a75edebdee5	DASHI/Algebra/DisagreementFourViewBoundary.agda	c32dc2205b65b6341e16aaac2c65c1bc1b89a7e0767540d635201440d0204f56
master	a3943b5e403bec4681a5fc3a03c71a75edebdee5	DASHI/Algebra/TetralemmaBridge.agda	2af4cac336bd9cbb0fef1ded6f4505c8c57bc9085f11d25244356374b08339a9
master	a3943b5e403bec4681a5fc3a03c71a75edebdee5	DASHI/Cognition/PNF/WikidataRepairProposal.agda	d0ba43a128c93f7eab12b5445dbfcb0aa318ed770ce95e4b50f8731e5617534b
master	a3943b5e403bec4681a5fc3a03c71a75edebdee5	DASHI/Cognition/PNF/WikidataTypePressureMiniWorldExact.agda	8466cfbfc663f5490c6d10ae2aa706c1a5ab531a22acafd6ab0919ae8d17ca94
master	a3943b5e403bec4681a5fc3a03c71a75edebdee5	DASHI/Governance/EpistemicTritBalancedTernarySeparationExact.agda	573cebe4780202b55a0030eac91c4f4e3dc6c93402888704b02a7a2d30307f1f
master	a3943b5e403bec4681a5fc3a03c71a75edebdee5	DASHI/Governance/OpenWorldDisconfirmationBoundaryExact.agda	20df6d6be73c44497952dd3d8afd2a2f55914c9c4d49c1e979cffcc41ea6103c
master	a3943b5e403bec4681a5fc3a03c71a75edebdee5	DASHI/Interop/WikidataCandidateRoleBridge.agda	506ac11785058646efe2e36e5400fe73aaab6812f0f3281f7ef831e7eea85116
master	a3943b5e403bec4681a5fc3a03c71a75edebdee5	DASHI/Interop/WikidataDerivationFibreBridge.agda	791c93ea8a003364358c9b4a6b3b85b23f558e819a0db9511f84859058a06e64
master	a3943b5e403bec4681a5fc3a03c71a75edebdee5	DASHI/Interop/WikidataDerivationFibreRegression.agda	667ebb82ea719f8e53ba69d273e0ad88539fc9053d93f4ad4b0e110cbbb905bc
master	a3943b5e403bec4681a5fc3a03c71a75edebdee5	DASHI/Interop/WikidataSpectralPressureBridge.agda	d46582083b9ad483d9739008d8d5e937641b3ac363d00ffd719865b321f2d9cc
master	a3943b5e403bec4681a5fc3a03c71a75edebdee5	DASHI/Ontology/ContextualClaimComposition.agda	083988fcede41e837f0dfcd9198c8d4721f48e13a83bf487738bdde68d57380a
master	a3943b5e403bec4681a5fc3a03c71a75edebdee5	DASHI/Ontology/EpistemicEverything.agda	b6463b0402a3b13579e90705e048fbd889786570f592b26dd7580adb511aa015
master	a3943b5e403bec4681a5fc3a03c71a75edebdee5	DASHI/Ontology/EpistemicTrit.agda	ad0c34c74923f22a1bc887b298728e5301999e1f56ee6821b30e0040a6c63cde
master	a3943b5e403bec4681a5fc3a03c71a75edebdee5	DASHI/Ontology/LeanWikidataAlignmentBridge.agda	8e95dd1a83694dc63f8ce96c493ef7c54d5b2cb55a68b07d79294ff0acbc80e3
master	a3943b5e403bec4681a5fc3a03c71a75edebdee5	DASHI/Ontology/LeanWikidataCertificateBridge.agda	319d3d7c22d5a09d5b1cb4f19b600cc8fe20aa28c2f7e32d651ade9f04742a2e
master	a3943b5e403bec4681a5fc3a03c71a75edebdee5	DASHI/Ontology/LeanWikidataCertificateBridgeTests.agda	8cad50b652e971066ed261c1a1354518971782ea5e4763b5338ef05363de113f
master	a3943b5e403bec4681a5fc3a03c71a75edebdee5	DASHI/Ontology/LeanWikidataConcreteGraphRegression.agda	8675d530979b4627d395fac1f90c2ee4c073fdad0a4d9bc9f795b17a6cca61b9
master	a3943b5e403bec4681a5fc3a03c71a75edebdee5	DASHI/Ontology/LeanWikidataConstraintBridge.agda	8003846032381548cc1f0a3e0e3a589d22bfde5fd94f0cfd97f0c53736676cfb
master	a3943b5e403bec4681a5fc3a03c71a75edebdee5	DASHI/Ontology/LeanWikidataContextBridge.agda	e2b3f16020cf0a77ca221b3b173fb2c597fca5e05c6678922e53f8baef3197e3
master	a3943b5e403bec4681a5fc3a03c71a75edebdee5	DASHI/Ontology/LeanWikidataDataModelBridge.agda	53b62a7382b2d1e107bb13f3aaa4444887cc47c830aced76cc5558b926cc22bc
master	a3943b5e403bec4681a5fc3a03c71a75edebdee5	DASHI/Ontology/LeanWikidataDerivationFibreAdapter.agda	374c413cffae1ee726078542f3ed85fffd9aabd4e49a186f03f0e0ba0869b641
master	a3943b5e403bec4681a5fc3a03c71a75edebdee5	DASHI/Ontology/LeanWikidataDiagnosticsRepairBridge.agda	235f0487829da6ca3832f3d906dbedd91c0b2f568605c857ea927f1e44951457
master	a3943b5e403bec4681a5fc3a03c71a75edebdee5	DASHI/Ontology/LeanWikidataEverything.agda	8e39930456b1ef31463ef42f85cd4380666613337758c7a7f4086becfd3d9df1
master	a3943b5e403bec4681a5fc3a03c71a75edebdee5	DASHI/Ontology/LeanWikidataExistingContentAudit.agda	49b6c6bb4c259d5dd476821945b5df31fad8d3f70124e0e557343b89d406ed97
master	a3943b5e403bec4681a5fc3a03c71a75edebdee5	DASHI/Ontology/LeanWikidataExtendedTheoremSurfaceBridge.agda	70bb2abbb16c22f665325cf06c5553414de835a9aa5032439cec34760bf060e5
master	a3943b5e403bec4681a5fc3a03c71a75edebdee5	DASHI/Ontology/LeanWikidataFullSourceManifest.agda	1bd10f2b4a9d9c54af9e43550f87ec633e64767489e61d46ee8f80060d4f8427
master	a3943b5e403bec4681a5fc3a03c71a75edebdee5	DASHI/Ontology/LeanWikidataGovernedResidualBridge.agda	03f98767f4cb7d4e55dbd818ca93f455c2beec7f2182274eabd073cf5a3a3def
master	a3943b5e403bec4681a5fc3a03c71a75edebdee5	DASHI/Ontology/LeanWikidataIdentityBridge.agda	aa6d45c6a391d83711d6164a7092c2f369aefd8d5862706b97554083d6ce6bb4
master	a3943b5e403bec4681a5fc3a03c71a75edebdee5	DASHI/Ontology/LeanWikidataRdfExactnessBridge.agda	c3e5a20a99b0298c67f2738bd12080dc458eab81e40737f93d3b0c8cc8188356
master	a3943b5e403bec4681a5fc3a03c71a75edebdee5	DASHI/Ontology/LeanWikidataRelationalLensBridge.agda	6ab7a5c056214643c9c652955baceb40d25ded5726e7cfa0b0fbdb472094c046
master	a3943b5e403bec4681a5fc3a03c71a75edebdee5	DASHI/Ontology/LeanWikidataSourceRegressionBridge.agda	740706ca5f88c6dcd06f7aa7186a43e2fa157ac6781d58c5e1b1b5a9c86a73b1
master	a3943b5e403bec4681a5fc3a03c71a75edebdee5	DASHI/Ontology/LeanWikidataSourceSnapshot.agda	cd8352e06f6ffbad2db01d96674cfabd6e73ca452aa390f23cdbcd98e218475b
master	a3943b5e403bec4681a5fc3a03c71a75edebdee5	DASHI/Ontology/LeanWikidataTheoremSurfaceBridge.agda	2ead6465c631e59e991d7b1b97be4060f2680589e12c418cb76f7aa31e3e60ec
master	a3943b5e403bec4681a5fc3a03c71a75edebdee5	DASHI/Ontology/LeanWikidataVerdictBridge.agda	b7679c511efc361bba5f71b45fea83075c3d6e6c24e024769b3cdbb31f067b83
master	a3943b5e403bec4681a5fc3a03c71a75edebdee5	DASHI/Ontology/LeanWikidataWholeBridge.agda	b7b402dc64d8b7a61e2c0c4dd391927c763747f7b1fe46260a67e482d87066ef
master	a3943b5e403bec4681a5fc3a03c71a75edebdee5	DASHI/Ontology/LeanWikidataWholeBridgeTests.agda	2841387c9f775571812c8aa21b94b7e57ff836ca780a04d628633d0fa1d91bb0
master	a3943b5e403bec4681a5fc3a03c71a75edebdee5	DASHI/Ontology/WikidataAnimalSemanticJoinLayer.agda	787bb966dccf0acf2c50956d74848932a7209e8591195b3cae1b1199b7f93d73
master	a3943b5e403bec4681a5fc3a03c71a75edebdee5	DASHI/Ontology/WikidataEpistemicBridge.agda	11ff284aea89d6f34adca910a39dbb788d33cdfa6079aee0626fb2040616a54b
master	a3943b5e403bec4681a5fc3a03c71a75edebdee5	DASHI/Ontology/WikidataEpistemicBridgeTests.agda	b2b973516030082088d39b2c7c1dfe3c2b9927fef6933b1edd88ff2a54381b05
master	a3943b5e403bec4681a5fc3a03c71a75edebdee5	Ontology/BrainComputer/BrainComputerCrossoverSurface.agda	ae5294c6cbe77e35876a4dd72e640540f9c0f3892b265c8372f72a45d6409478
master	a3943b5e403bec4681a5fc3a03c71a75edebdee5	Ontology/BrainComputer/LogicAntifascistBridge.agda	af6b367609ab6b77ab9ee80e2835391e99650874e6a2cfbcf2ba1efc6683ff88
master	a3943b5e403bec4681a5fc3a03c71a75edebdee5	Ontology/BrainComputer/LogicTlureyQuotientBridge.agda	4cf296c90e2302a3c46393509493058373119db8a600b5544a02c19ccb956946
master	a3943b5e403bec4681a5fc3a03c71a75edebdee5	Ontology/CICADA71.agda	5e3a437b3872b749ce110506a4c079e0a2ef403853ec05d4a3561aeeb7602ea1
master	a3943b5e403bec4681a5fc3a03c71a75edebdee5	Ontology/ClinicalDiagnostics.agda	19729bb2f1b9dda6e6d3c1e96cc50b4a28a497ce21e00dbf5521cbbde7009766
master	a3943b5e403bec4681a5fc3a03c71a75edebdee5	Ontology/ClinicalDiagnostics/BridgeFromExistingReceipts.agda	3f1d250b8dd3a8acadc0f4261e3ff665d37986f75c12c17035eb4c7c53721d5a
master	a3943b5e403bec4681a5fc3a03c71a75edebdee5	Ontology/ClinicalDiagnostics/ClinicalDiagnosticsCore.agda	96b6d46e12db45c801816d9d13e4440e55a48b1fbd6258ce72ab37f8fec4e9e8
master	a3943b5e403bec4681a5fc3a03c71a75edebdee5	Ontology/ClinicalDiagnostics/DifferentialDiagnosis.agda	26491310f971a7205decdd41a3d06a3b7d80bf24785dd81736b50c2e9a93dde2
master	a3943b5e403bec4681a5fc3a03c71a75edebdee5	Ontology/ClinicalDiagnostics/TransportAndUncertainty.agda	e4d9c1a2c5fff8bb8a1b7de4f989c2214e51bcf27284857b785a0a62c52eabb5
master	a3943b5e403bec4681a5fc3a03c71a75edebdee5	Ontology/Contracts.agda	845693326f274ed1c376e0a25db0f62bac172530f3082cba9335dac74de112db
master	a3943b5e403bec4681a5fc3a03c71a75edebdee5	Ontology/GodelLattice.agda	4f7d7323c0f1600803cd9ddc5a03db83cb7227a2f8ea3881ffb04e84fa632377
master	a3943b5e403bec4681a5fc3a03c71a75edebdee5	Ontology/GodelScalarization.agda	2d8c0eb85ceeaa04ccfa7f03cc3504fe4c6a5c5684fe47c01732e5787592da1b
master	a3943b5e403bec4681a5fc3a03c71a75edebdee5	Ontology/GodelScalarizationTransportDerived.agda	ca99eef9e027379c94c615c596a64122b0fd7b03304b376fe4cb28cda5f9ff85
master	a3943b5e403bec4681a5fc3a03c71a75edebdee5	temp-DOWNLOADED/dashi_blockage_break_agdas/Ontology/Brain/BrainSideLocalTheoremLane.agda	80b71c069ba3f3b668545594d4f20f31479dac79579c8ddbca0897fc05750d4d
master	a3943b5e403bec4681a5fc3a03c71a75edebdee5	temp-DOWNLOADED/dashi_blockage_break_agdas/Ontology/BrainDNA/BrainDNACrossoverBridgePressureResolved.agda	2ef067a9335af393650a5b2e357e9b07ae520c2c11d7d81beb2941c55be9f5c3
master	a3943b5e403bec4681a5fc3a03c71a75edebdee5	temp-DOWNLOADED/dashi_blockage_break_agdas/Ontology/DNA/DNAFirstLocalProgramBundle.agda	cd6e7bba84ca8b134a8bf6629f29e34d8d40f6c43b4ca5d430e788c6f3141dff
master	a7793265093d10dea0141a40c4628da223e36595	DASHI/Algebra/MoonshineBridge.agda	f8dea5828bf917b3e613d7069063cf12e506cb9a01448de77b6abece3668b6e1
master	a7793265093d10dea0141a40c4628da223e36595	DASHI/Algebra/MoonshinePlusOneAnalogue.agda	2a19d9bfc43b1841883e4d6292d67e0a3c4b22c13991679810d1d462ffa13169
master	a7793265093d10dea0141a40c4628da223e36595	DASHI/Biology/AliceBrownCorpusLoom.agda	7f04b58063734ddc01e53fd0891597398bcc0fdaa682984f084ec37cfceb43df
master	a7793265093d10dea0141a40c4628da223e36595	DASHI/Biology/AliceBrownEpistemicGovernanceEverything.agda	cd90876c46ea6ac4ba1782c9e220ccff7bae3513b317993672554d70e7d034e4
master	a7793265093d10dea0141a40c4628da223e36595	DASHI/Biology/AliceEngagementInterventionSourceRegistry.agda	30f0bca040ec5857b294e3154ca4deef73cab1e23995ca8b02695983fb0684fd
master	a7793265093d10dea0141a40c4628da223e36595	DASHI/Biology/BalancedTernaryHarmonicCarrierExact.agda	ef293b55e366d440f97e47b7a3c09fd272b86da6bb18251e7f16da1adc98fdfc
master	a7793265093d10dea0141a40c4628da223e36595	DASHI/Biology/BodyMemoryBiologyRegression.agda	699bd750f477b25c5f3047409d6b9dc3ba98532ea118e05f35f01ddf78133295
master	a7793265093d10dea0141a40c4628da223e36595	DASHI/Biology/BodyMemoryCompiledInverseBridge.agda	3cdea19694e8dbf1ca00af164f296eef6bc3fdf4feea8d2fcf6845b8e1833d4e
master	a7793265093d10dea0141a40c4628da223e36595	DASHI/Biology/BrownKimberGovernanceProfileBridge.agda	719fee325b00cebdd7dad9fb2256f19d3faccd2cdecee90cd9fa884202d8024e
master	a7793265093d10dea0141a40c4628da223e36595	DASHI/Biology/ChildAuthorityTraumaSourceAtlas.agda	23ec8cda1b94735d311d9bf574da4967ea8b55d3303deb28341a4fcdf3f3382e
master	a7793265093d10dea0141a40c4628da223e36595	DASHI/Biology/ConsciousAccessRound4SourceAtlas.agda	9337e99a069d0e20f7fa36b9763ae957bc7798fa1c7dcaa680f218250ddcb822
master	a7793265093d10dea0141a40c4628da223e36595	DASHI/Biology/ConsciousAccessRound5ExtendedSourceAtlas.agda	a0def62066fc6612d62f5d991f150d0f472767f7c41402b2fdf24c84424007fe
master	a7793265093d10dea0141a40c4628da223e36595	DASHI/Biology/ConsciousAccessRound5SourceAtlas.agda	8e69a5674ad680b3acca03b831b9c49b7e7cf6c3e6795c54376a0929f0d200df
master	a7793265093d10dea0141a40c4628da223e36595	DASHI/Biology/ConsentAgencyGovernanceCore.agda	6dd0649183c402df6e08e5613f77d0b6a34ac5d3aecd12748eb3b07135f48a00
master	a7793265093d10dea0141a40c4628da223e36595	DASHI/Biology/CrossPaperDialecticalDevelopment.agda	5102c559934b6a2cbe4b04a23ec771a57ea13a38142fe2d79ad4fc6e25956497
master	a7793265093d10dea0141a40c4628da223e36595	DASHI/Biology/DirectedAttractorPortfolioCalculus.agda	7bd8e9292bdd4221f396a04981225b8b3598393e3a79252628ea67b7370bce1d
master	a7793265093d10dea0141a40c4628da223e36595	DASHI/Biology/DirectedBranchPolicyControl.agda	1c74428cfd438bd549316d24dcc8ca48af67755b993347fb7968a76ebee14ff9
master	a7793265093d10dea0141a40c4628da223e36595	DASHI/Biology/DirectedPortfolioSourceAtlas.agda	53f8d9ecd0d969dda51da99e08776f894efe35abcb58a3cd4d25801eeff3f5b6
master	a7793265093d10dea0141a40c4628da223e36595	DASHI/Biology/EcologyOfDataHyperfabricBridge.agda	20cc0499c8f99dfb35d09e7c8e9031cf51799b3e12a059397911ba41fe3ca6b8
master	a7793265093d10dea0141a40c4628da223e36595	DASHI/Biology/EducationBodyMemoryBridge.agda	c7bf372dd36b8e8e7a2397d29708ee3626b1aa9fd6ca2ab48e5faeefd6549ab0
master	a7793265093d10dea0141a40c4628da223e36595	DASHI/Biology/EpigeneticBodyMemoryBridge.agda	ef76b8af31ed1ccf332b46771fbb3096333a95025ac22de2016ab3a4f47e7f8a
master	a7793265093d10dea0141a40c4628da223e36595	DASHI/Biology/EpigeneticTemporalRegulationBridge.agda	eb37ca626bff5289d67de1b6b28e9e61580124d35f042795260e619369a73b31
master	a7793265093d10dea0141a40c4628da223e36595	DASHI/Biology/FeedbackNonResponseGovernance.agda	e7b2cbe12b53cf2b79a53ef7b6046b030fbc874e7ade256f5ce458b1fc3b2a3f
master	a7793265093d10dea0141a40c4628da223e36595	DASHI/Biology/FiniteBranchPortfolioOptimisation.agda	af36396bfe81978ffb53e1231ceb3142c3b541367c1ef02888c8f7058bcc8af8
master	a7793265093d10dea0141a40c4628da223e36595	DASHI/Biology/GenomeEpigenomeConnectomeBodyMemoryBridge.agda	cc572634aba662d9f70d28aaf479d60ff917c4da9c274f44700fee2b6c0f26c9
master	a7793265093d10dea0141a40c4628da223e36595	DASHI/Biology/GoodSoTLWellFormedness.agda	8dd26b8c519cc3f2629e9f3a02af935940616db0955fdc2a498c58624d21140e
master	a7793265093d10dea0141a40c4628da223e36595	DASHI/Biology/HumanCodingMachineCompilationBridge.agda	414f4a8297ea672903bd6b0ef2d7a6e0b13f47fd57e06b7b1a1007c83d0caf5a
master	a7793265093d10dea0141a40c4628da223e36595	DASHI/Biology/HumourEpistemicAgencyHyperfabricBridge.agda	f8094d3ed813618d1a3c9d52176c5269f1251e09cf4cf4d674bf8bf05936c533
master	a7793265093d10dea0141a40c4628da223e36595	DASHI/Biology/HumourOnlineEngagementFramework.agda	acf472648278b5acc6d2484497d5feece3663c6ba434ed1586a7edcbddfde35c
master	a7793265093d10dea0141a40c4628da223e36595	DASHI/Biology/HyperfabricIntersectionalBodyMemoryBridge.agda	d9c909c8ff0c20202aba84772925a20633b9b8b83a58ddb246ef5222e123a291
master	a7793265093d10dea0141a40c4628da223e36595	DASHI/Biology/InterpretiveCodingSystem.agda	c3fefc2b64a135892aa991ef4978babda2930ea334806d90560807ccdc6f4188
master	a7793265093d10dea0141a40c4628da223e36595	DASHI/Biology/IntersectionalFeedbackPrivacyBoundary.agda	a2d00671599b60a4add0d98aa1dc9c0cc73d1850dd2d47f590a88ab500f76f45
master	a7793265093d10dea0141a40c4628da223e36595	DASHI/Biology/InterventionConsentLongitudinalGovernance.agda	f8e7dac60f25b1436d24aa8d0845a58794a0bad4ac934b59ae79239890220642
master	a7793265093d10dea0141a40c4628da223e36595	DASHI/Biology/Levin/CompetentGoalExecution.agda	cb9933775ef7f9430804dacdc044e4ece32226c2ab66d1f348c3aa7b4fab4968
master	a7793265093d10dea0141a40c4628da223e36595	DASHI/Biology/Levin/ConstitutiveInteractiveAutonomy.agda	c9e4536a0dee18a8a9f404694fd021b60d0d8ac393803036f1241bbba606086c
master	a7793265093d10dea0141a40c4628da223e36595	DASHI/Biology/Levin/FungalNetworkAgencyBoundary.agda	afc34f898333e2931261559fc7f1c3f1b2d9cca250d4d919f764caf39709d74e
master	a7793265093d10dea0141a40c4628da223e36595	DASHI/Biology/Levin/MultiscaleIdentityDissociation.agda	5f54656a563a24794b3eb25e8c1a6838dea2ab1d6c46dc0248ac5d837de56ad1
master	a7793265093d10dea0141a40c4628da223e36595	DASHI/Biology/Levin/MycelialTransportTopology.agda	0c63dadf72295e07aa2dc55b665564544b7346d6870119b75f9f91caf57989c3
master	a7793265093d10dea0141a40c4628da223e36595	DASHI/Biology/Levin/NicheConstructionProblemSpace.agda	fe544609737277b62d0e5e8931e098c50c862a8a1b24284969f1167b8b7c0e38
master	a7793265093d10dea0141a40c4628da223e36595	DASHI/Biology/Levin/ProblemSpaceAgency.agda	7c19e2f048193b94d00ac24dc5abe83313f3dabec964c33f0942b9788c1edaf2
master	a7793265093d10dea0141a40c4628da223e36595	DASHI/Biology/Levin/SeparableBoundaryPersistence.agda	7e358c78092d32cbb3595d703ceebbd264fdfbf69cb7e4399753b34e555c31ca
master	a7793265093d10dea0141a40c4628da223e36595	DASHI/Biology/Levin/TravelingWaveComputationBoundary.agda	53a61d0c3bd61659193d4b626780c5a7b71586b82d27a6786faba1c5d3227120
master	a7793265093d10dea0141a40c4628da223e36595	DASHI/Biology/LongitudinalEngagementTrajectory.agda	e0be7e8811880bac6896f57a0ed5816ed2029abe5b0822cd03143b5f13f06c4e
master	a7793265093d10dea0141a40c4628da223e36595	DASHI/Biology/LongitudinalFMRIConnectomeDynamicsBridge.agda	463f3a32ee45f8b1118eb33790266bac7816e09251a1d3bb3d0491670a49f4af
master	a7793265093d10dea0141a40c4628da223e36595	DASHI/Biology/NonaryCompletionPhaseQuotientExact.agda	090d26bdc6346a593b6e0498eb231d710f8a195efdbaf2fe11bc0ebbe0f6ecf0
master	a7793265093d10dea0141a40c4628da223e36595	DASHI/Biology/OEFAIFeedbackFormalisation.agda	a55e378c24aeea211f6ffc2a0faf6fe6c6994573fa5348912a6dbbfc0a84f4d6
master	a7793265093d10dea0141a40c4628da223e36595	DASHI/Biology/OEFAIFeedbackFormalisationFull.agda	fd627bbd194cfbf9e90e60b3fc76debde21bfdac9aa7f9982a612f5123619844
master	a7793265093d10dea0141a40c4628da223e36595	DASHI/Biology/OEFMeasurementPolicyHyperformalism.agda	13110aae40ecb0e17781ec5342be80359822c0cc76fb9f95ec1cedb4b7d98c04
master	a7793265093d10dea0141a40c4628da223e36595	DASHI/Biology/OEFMultiFibreFeedbackHyperfabric.agda	6afaa47da76193d512aab979e9a2dc0188e78bf54f40238edb0c5e03933e9b2f
master	a7793265093d10dea0141a40c4628da223e36595	DASHI/Biology/OEFOverlapAnalytics.agda	a9b08e1f4fd8f13bfa26e8be0cef5a13297014d0d00d82d80d2337c7fc9a9807
master	a7793265093d10dea0141a40c4628da223e36595	DASHI/Biology/PedagogicalJPlusOneRouting.agda	e0bfc1a3a5676c6c1118be24e0563fd3b6b2b2002d32d6d09b9e687ebddc54ff
master	a7793265093d10dea0141a40c4628da223e36595	DASHI/Biology/PredictiveMetastabilityTraumaBridge.agda	302ef3bae903ad3c4d939d3bf92fa71be3f9c17c84e1cefbaded257bf7f023b5
master	a7793265093d10dea0141a40c4628da223e36595	DASHI/Biology/PsychogeographicFieldExact.agda	2af86a6f5390a4874074b37768bcfd714761741b4b07d7a0741ca0a92629df21
master	a7793265093d10dea0141a40c4628da223e36595	DASHI/Biology/SSP15NineObserverAtlasExact.agda	fd5499d922c9fb6a23b89ffeb972f67cb24bf029acbcc20e9ec3ad449f84ad5f
master	a7793265093d10dea0141a40c4628da223e36595	DASHI/Biology/SoTLEpistemicQuotientPipeline.agda	8a5c035eb32cca6b75bf9d7bd7e55521ac7ce70244b5cfe8be1b4f299caf63a0
master	a7793265093d10dea0141a40c4628da223e36595	DASHI/Biology/StudentEngagementEvidenceBridge.agda	5e8a510c4b9d073851ae9176c8e74404b480c84bd8f7e1b8bb67b9252c6503c9
master	a7793265093d10dea0141a40c4628da223e36595	DASHI/Biology/StudentIdentifiedSupportStrategiesBridge.agda	7e20dd777efc8dd923cc1a75385d3ecd49ce91868b0dbe81e53351a7334606f7
master	a7793265093d10dea0141a40c4628da223e36595	DASHI/Biology/StudentVoiceEpistemicAgencyBridge.agda	b377911a55507380ea682938db06df8709cd807ae220c5dc84cb4e54d0f6e480
master	a7793265093d10dea0141a40c4628da223e36595	DASHI/Biology/TraumaBodyMemoryCandidateBridge.agda	cbe091bc8d0b6824d557f1b5bb50c4c9fed72c4809801a0ed60891ef5dbe96bc
master	a7793265093d10dea0141a40c4628da223e36595	DASHI/Biology/TraumaClinicalGovernanceBoundary.agda	2554b8acfca8362f8bf000fa61db299702eedd21d853555d2e573a3a84396f4b
master	a7793265093d10dea0141a40c4628da223e36595	DASHI/Biology/TraumaMemoryAttractorPortfolio.agda	6b5d6851bd717e2d704abfafa46c1c302ba18d2ba16dc02a7a13508ac87dc5b7
master	a7793265093d10dea0141a40c4628da223e36595	DASHI/Biology/TrumpPsychogeographicPolicyAtlasExact.agda	6dafafa4521dc88e3b389b9f8eca863524bd0dc6bf43df420f0bf01a180518ab
master	a7793265093d10dea0141a40c4628da223e36595	DASHI/ChildAuthorityTraumaHyperfabric.agda	5aa3ff3a671d353366a3bb43f44ccfb670cbef2122384d1eaa51ccb239d10cf6
master	a7793265093d10dea0141a40c4628da223e36595	DASHI/Cognition/Base369ZeroFibre.agda	2820e7ea897a67ddce5cf100dd4694aa16e341abf408371d7be691b740603fb1
master	a7793265093d10dea0141a40c4628da223e36595	DASHI/Cognition/ClopenPsychologicalSupervoxel.agda	c959b1b53dbd4ff6d871d42979e61aba18f3da347a50ba5419b3c5b82335f030
master	a7793265093d10dea0141a40c4628da223e36595	DASHI/Cognition/FibreBraidReasoning.agda	67d05c81d1bf62da162d766fe10e5ea1067149bfdd34cd1b21572a39fc0625e1
master	a7793265093d10dea0141a40c4628da223e36595	DASHI/Cognition/IdEgoSuperego369.agda	77edbc837686e1d73a5aad65efdd086c8f5a4aa677d88985e86be1791488b860
master	a7793265093d10dea0141a40c4628da223e36595	DASHI/Cognition/PNF/BraidLearningTransport.agda	af0d80924c046d4275dd66ef5ec74550155640883466ca019108c7656977424e
master	a7793265093d10dea0141a40c4628da223e36595	DASHI/Cognition/PNF/CanonicalFutureMinimalDynamicalRealizationExact.agda	1b88eef0bdcf05ff160ef8322fce5564f10a744eeae122384b18650e188e9290
master	a7793265093d10dea0141a40c4628da223e36595	DASHI/Cognition/PNF/EditTransportLeafLocalityExact.agda	54b05b04b3f73832486e9bde8ed6acc7a8d4c2b9235fe2a34cfd9010d6bdc2f9
master	a7793265093d10dea0141a40c4628da223e36595	DASHI/Cognition/PNF/FibreLearningDynamics.agda	9768252e0cca57823d4407f6719537d4be43425f5a5f2bfb506351c3d62e9571
master	a7793265093d10dea0141a40c4628da223e36595	DASHI/Cognition/PNF/FutureSufficientInvariantSubspaceExact.agda	780dd9aebb0d331658f40aa87fd93e07ed18280aab597b1e27f3bbaeaa527302
master	a7793265093d10dea0141a40c4628da223e36595	DASHI/Cognition/PNF/ObserverSeparationAuthorityBoundaryExact.agda	94572b0062ee57f32af68fb40cf34d3d9b56d10e541a87f7b0c92a2aace5f4b5
master	a7793265093d10dea0141a40c4628da223e36595	DASHI/Cognition/PNF/OperationalIR.agda	90cd13c0572fa89f0c923a0b45816ebcbc47031e90ed64f56d9e6268f4ef3b8a
master	a7793265093d10dea0141a40c4628da223e36595	DASHI/Cognition/PNF/TraumaMemoryHypervoxelBridge.agda	406498efa995fd8c4d0c2cd90764d70d43bd9cd19f96211df7edf70d92d9bfcd
master	a7793265093d10dea0141a40c4628da223e36595	DASHI/Cognition/PredictiveInverseAttractor.agda	6ab1eb1063bf085e02ce76626e03ff550bf0a18e59aaf518fc6bebc4f3428dae
master	a7793265093d10dea0141a40c4628da223e36595	DASHI/Cognition/ReflexivePresentationFamily.agda	0724f0b668ffb62975ebc2b26c2f00c195e221857cd60c1c24a2889c3b7e89de
master	a7793265093d10dea0141a40c4628da223e36595	DASHI/Cognition/ResidualPhaseGeometry.agda	10e07edd23053cca33e003bd9506d895fea1c6b35875b8e8ba36eb8ff7e7fddf
master	a7793265093d10dea0141a40c4628da223e36595	DASHI/Core/ActiveObligationEvidenceFibreExact.agda	b6106db3ac257fa5724b41d86a4d5c1e6f68c62a99398cf23b55049014ec7aa4
master	a7793265093d10dea0141a40c4628da223e36595	DASHI/Core/ArgumentLevelTransportHyperformalismExact.agda	57b4091d0192b5b9a387fc0c18a4d5c878dbbb2ee415cc0d7b6fa6451d6f3921
master	a7793265093d10dea0141a40c4628da223e36595	DASHI/Core/ArgumentObstructionCore.agda	72de75c0a43e6f5e8c6d23b07062eef6b5680039bc6bb5b4ef2a0a594ee841d9
master	a7793265093d10dea0141a40c4628da223e36595	DASHI/Core/AttributedSourceCore.agda	f0b539ecfd2f42c4b8598943e9a06670b8ff36efef1633d273a3a6abdea98b44
master	a7793265093d10dea0141a40c4628da223e36595	DASHI/Core/ConsumerDescentMinimalObserverExact.agda	40bfd63510bf4bcdcd19722b553549a759a29edb610e3a017a2aed5248e36e72
master	a7793265093d10dea0141a40c4628da223e36595	DASHI/Core/ConsumerIndexedResidualRefinementExact.agda	2e17a7d03ce2866de1ed668a3437b0f3ceb45fb56e85a95f1e4c3179d5553823
master	a7793265093d10dea0141a40c4628da223e36595	DASHI/Core/ConsumerKernelQuotientPresentationExact.agda	62456c3667123b1711d30b03d51d21e8bbd3b37b6b77561af7f65d3b67cc7b99
master	a7793265093d10dea0141a40c4628da223e36595	DASHI/Core/ConsumerProjectionSufficiency.agda	b6f13ecf993f32a49036c9cba36f7747053fd9b8feb5c6619398fde053ca6b53
master	a7793265093d10dea0141a40c4628da223e36595	DASHI/Core/ConsumerQuotientBaseChangeExact.agda	008ccdbe88bad1ee03b6cfc459f9b1e3120cd2c78ee24416b064bd79c30802af
master	a7793265093d10dea0141a40c4628da223e36595	DASHI/Core/ConsumerQuotientBaseChangeRegression.agda	05ac078da38c5dae228cb07274024c2b2fa6198d5dd879d8b6779921edddd6dd
master	a7793265093d10dea0141a40c4628da223e36595	DASHI/Core/ContextIndexedObservationFibrationExact.agda	7da951ea5689f41b2a4cf29283595121753565ce2fb00c7c22b7ea07deff51ae
master	a7793265093d10dea0141a40c4628da223e36595	DASHI/Core/ContextIndexedObservationFibrationRegression.agda	ef2a27bb7db8475c770bf34bf78e87047691a63d50ffede6060da2f5e46e0045
master	a7793265093d10dea0141a40c4628da223e36595	DASHI/Core/DashiMarkov.agda	3e023421a56558dea17976eaad83247fca53bb298dbefbf26e6efc395f18d88a
master	a7793265093d10dea0141a40c4628da223e36595	DASHI/Core/DependentRecoverableProjectionExact.agda	d14ecc554fae9aca25304d1d997a6120952cc00390036a683425645fa591b854
master	a7793265093d10dea0141a40c4628da223e36595	DASHI/Core/EpistemicInquiryGovernance.agda	a38905eca54623567474bfcc7d35462762c8099b9e7e09a7949ec6a5b084ddc2
master	a7793265093d10dea0141a40c4628da223e36595	DASHI/Core/EvenLaneOperatorCore.agda	5eaac081ea4120817ab90ff5c37f9ff4cca75b4587e84ce74b923b37044d90c8
master	a7793265093d10dea0141a40c4628da223e36595	DASHI/Core/FutureLanguageProjectionDefectExact.agda	b39e4ab471ecc94324642c1c2fcb2aec7ad5f4eb1b7b9553922d3b44a36455f1
master	a7793265093d10dea0141a40c4628da223e36595	DASHI/Core/FutureObservationLanguageQuotientExact.agda	f7b5ea8463d3c9571a919b19381f1665f49c81eae6af4bdcf2817a25bebe81fe
master	a7793265093d10dea0141a40c4628da223e36595	DASHI/Core/FutureObservationalRefinement.agda	b369835732fec124e5722d929dd722c0b23df0321f6aeba27e73f9622aa0ce93
master	a7793265093d10dea0141a40c4628da223e36595	DASHI/Core/GenericFuturePartitionRefinementExact.agda	dfc2b7707ba15f6c56fee7ab7d49da05d617a3ee2541ceff588cea1270a01bfc
master	a7793265093d10dea0141a40c4628da223e36595	DASHI/Core/GovernedEpistemicInquiry.agda	3c649cbea829702954b42cbde56b3655f690086fc6453dd694fb449a83f9e199
master	a7793265093d10dea0141a40c4628da223e36595	DASHI/Core/HiddenLiftProjectionCore.agda	60273c209f10825230f42bbfa85145892e3527e2f5c95902bc6c6b4793c1bcf9
master	a7793265093d10dea0141a40c4628da223e36595	DASHI/Core/IndexedInterpretationMorphismExact.agda	060fdd74a9559a9cd2de7a5121e9c7d1cf36f2f62ad517ca9adf4bca695bcf98
master	a7793265093d10dea0141a40c4628da223e36595	DASHI/Core/MinimalSufficientResidual.agda	c935ee278f17d30a08973a6c791e34b15698a6627d11bcb039cc4c34ab4f4444
master	a7793265093d10dea0141a40c4628da223e36595	DASHI/Core/ObserverFactorizedRefinementExact.agda	758c1b15109fe6dee5e816ec346ec653d240254d1632333b8b3f553fe5a25b2a
master	a7793265093d10dea0141a40c4628da223e36595	DASHI/Core/ObserverIncomparabilityTypedJoinExact.agda	ead169e9c6d00c0e95920182e719ba0a645463e37dbed067ad48cdbc46cee1b8
master	a7793265093d10dea0141a40c4628da223e36595	DASHI/Core/ObserverRefinementCore.agda	e59638c44838c2e094c834bce4925226a7e4b63a1557c6f65ba511fe43dc62cc
master	a7793265093d10dea0141a40c4628da223e36595	DASHI/Core/ObserverRefinementFutureSafetyExact.agda	e3b67823ec2270f5b2b00a484b834ccd0862f3d40c2718ce81b579cf90b9e189
master	a7793265093d10dea0141a40c4628da223e36595	DASHI/Core/OddGrassmannLaneCore.agda	877793c0bf95ddb78a815f9a1f2be7801ff3e7926f83c69570cd40ef3c1ffed9
master	a7793265093d10dea0141a40c4628da223e36595	DASHI/Core/OrbitStabilizerResidualPresentationExact.agda	38dc87b682c2939d4d33cb598c5d10417152b2b822f94d3bf7d4ab48222bc814
master	a7793265093d10dea0141a40c4628da223e36595	DASHI/Core/ParityLaneOperatorCore.agda	4aee747fced8eb29eec5abbce3ecbe740b18e9dc6d951e68f08751fd3820660e
master	a7793265093d10dea0141a40c4628da223e36595	DASHI/Core/ParticipationSelectionQuotient.agda	72f1a4426244647a7d59d9a1c4dee1f3a060be07440479d6264ece0620a8d96a
master	a7793265093d10dea0141a40c4628da223e36595	DASHI/Core/ProjectionCategory.agda	91974eaaa0bbb9ceefd40d8a17e9068c98cac3cad86a0f19db1f8f022271a59b
master	a7793265093d10dea0141a40c4628da223e36595	DASHI/Core/ProvenanceFibreDynamicsReceiptExact.agda	8bb6ecba612ce96aaef9e81f09633062411dd45dc0f73a3f8ba8999655aa5459
master	a7793265093d10dea0141a40c4628da223e36595	DASHI/Core/QueryIndexedProjectionAdequacyExact.agda	ac17440c42c4edbe347d9dcf1c420402650ac23f58bff87a7d0fa63354f16c2c
master	a7793265093d10dea0141a40c4628da223e36595	DASHI/Core/RangeRestrictedProjectionComposition.agda	4cb1389385b83a39c96d5fd7a928796931722c305feec803ef35bbdb892dc3d2
master	a7793265093d10dea0141a40c4628da223e36595	DASHI/Core/RecoverableObserverRefinementTowerExact.agda	29d0bef5c8ef25064bbff0713b424a860ffb1a0df48d226d3c81a2b50bb22f86
master	a7793265093d10dea0141a40c4628da223e36595	DASHI/Core/RelationAlgebraCore.agda	9d0a53e4dde25692a64d0a6888267ecd212c7ceafbf76759a352ec620c2b3a68
master	a7793265093d10dea0141a40c4628da223e36595	DASHI/Core/RelationalHypervoxelBraidCore.agda	4c4dbd2a85b7d50b3b3cdb14d2fc2b8af1a700784de2ae5145db7defe5826e88
master	a7793265093d10dea0141a40c4628da223e36595	DASHI/Core/RelevanceDistortionRefinement.agda	11836043beb321af73a89af8a107e58dcc09c5959c53caa3aa31ea0773d8a5e9
master	a7793265093d10dea0141a40c4628da223e36595	DASHI/Core/ReopenableProjectionComposition.agda	99781b92c8385f083337ee200a65dbcc20c57b9723604d4e06300ce82edd0793
master	a7793265093d10dea0141a40c4628da223e36595	DASHI/Core/RequiredAxisSupportSquareExact.agda	914cab6a2a2cf9f3f52fc52f90cf893648f5a8bc1e9b09e1fc6076a1dc68e4a8
master	a7793265093d10dea0141a40c4628da223e36595	DASHI/Core/RequiredObserverAxisJoinAdequacyExact.agda	69360fe533a765fe3f2536eae2762a3c145974b93df081607c5f32883820a0c0
master	a7793265093d10dea0141a40c4628da223e36595	DASHI/Core/ResidualSymmetryCollisionFibreExact.agda	744a6157fc806c600fb0e5a965ef1378bdd87242588979b86f3b6a3c4e8374c1
master	a7793265093d10dea0141a40c4628da223e36595	DASHI/Core/ResidualSymmetryCollisionFibreRegression.agda	5178828b9ab02d04fd666805838bf714d59a1add85fcea14aaeb1a4ff1c7af55
master	a7793265093d10dea0141a40c4628da223e36595	DASHI/Core/StablePartitionCanonicalFutureBridgeExact.agda	f1494e8934a4880e3caa3e25c1243191811f2716b7203b131b6a8a8ad5c185ce
master	a7793265093d10dea0141a40c4628da223e36595	DASHI/Core/SubunitMassDynamicImportance.agda	24e8641c49553820a8fd7e8c6c721450d8e2d1f639205de420f1fdb90e5edfe7
master	a7793265093d10dea0141a40c4628da223e36595	DASHI/Core/SuperSSP369Field.agda	9ebe6e61fac39be999bf94a0593e47f853edba8eea50127d9aef2c77c2de078c
master	a7793265093d10dea0141a40c4628da223e36595	DASHI/Core/TopDownObservationCalculusExact.agda	40e17db9127fc5eaaf38dfea5e89b2c0125efc0e157ea54cf35cfc67825e48b7
master	a7793265093d10dea0141a40c4628da223e36595	DASHI/Core/TypedProvenanceDependencyGraphExact.agda	d6a8b5b9403c1d98bb50a4c2fe9dabf8fd4932803e64084e922ad1f5672e087e
master	a7793265093d10dea0141a40c4628da223e36595	DASHI/Crypto/RSAArithmeticCore.agda	ae75b8f767cf3d85fc0522e1bd057f99aeb66ab20d39e881d39bbacac6c15927
master	a7793265093d10dea0141a40c4628da223e36595	DASHI/Crypto/RSABTResidueBraidHypervoxelBoundary.agda	e54c6da4c04615d51a9618c3f686aa198400800a77ac982f0bedc783b0c2e31b
master	a7793265093d10dea0141a40c4628da223e36595	DASHI/Crypto/RSACRTChamberCore.agda	5cee6a2c941942b65d29a492a137a9b07117cb5fabb841c90a9982ebaf1ceb84
master	a7793265093d10dea0141a40c4628da223e36595	DASHI/Crypto/RSAPlusOneIdentitySection.agda	04db0b38e7e27e9cc8a29ef0640987ca1a74e0d1a42094d482f5c9e77453bc7e
master	a7793265093d10dea0141a40c4628da223e36595	DASHI/Crypto/RSAVulnerabilityBoundary.agda	c7fa7c20eab61a28857f7c215474487af57e5102572461f0ce04ccee352f772b
master	a7793265093d10dea0141a40c4628da223e36595	DASHI/Culture/AmalekAuthorityProjectionBoundary.agda	73dc303c3bdfb32a3c32532aded9175cf16b75ad10e1649853f53c79b632c52c
master	a7793265093d10dea0141a40c4628da223e36595	DASHI/Culture/CulturalProvenanceBoundaryCore.agda	3280753e11c1a90d92acb55e6675461cc067178c531eb6401f07957318b49607
master	a7793265093d10dea0141a40c4628da223e36595	DASHI/Culture/IntersectionalPowerValueFolkModelBoundary.agda	f2d1b582c5eb303c0286166afae503e2b8108d7f06ccb25801acee6ba207e0a0
master	a7793265093d10dea0141a40c4628da223e36595	DASHI/Culture/KimmererBraidingAcknowledgement.agda	be6d055fa214c3e1d89436d9101f92a91b6c6bebb94a28f15336d3fceb98eb48
master	a7793265093d10dea0141a40c4628da223e36595	DASHI/Culture/PatternMindReciprocityLoveBridge.agda	4334b3c515f2040f1975c0852eed4a823cc8f6a0d7c748b3636fcfe669d2a56c
master	a7793265093d10dea0141a40c4628da223e36595	DASHI/Culture/SemioticPhallicLackAmalekBridge.agda	cbcb4ac5092861ad71f0daec5fb6c8f1f824885efb67f9e64e7475fede55ef41
master	a7793265093d10dea0141a40c4628da223e36595	DASHI/Dynamics/TriadicResidualRechartDynamics.agda	e23203842d769db2c4d5b51a1bfde20fe35b6a483b0b84ef6f278bf6f9218b51
master	a7793265093d10dea0141a40c4628da223e36595	DASHI/Education/CapabilityRecognitionExact.agda	fb88f214ff98bf44ed8d6fe6717d54b940ea47ac98fb2d9e694a96532f60589d
master	a7793265093d10dea0141a40c4628da223e36595	DASHI/Education/CommunityConnectednessTopologyExact.agda	03310a6ef9f07c844f3e5337f79d7af260799e8c44267972c901a0f9c31687f8
master	a7793265093d10dea0141a40c4628da223e36595	DASHI/Education/DevelopmentalAffordanceAttunementExact.agda	816975de764f6ada0f9a16e1ccb7553fbf47b7bf061f55364008831854462dc3
master	a7793265093d10dea0141a40c4628da223e36595	DASHI/Education/EKindyRelationalCommonsExact.agda	a1c5f92ee55af312845a76553ae4336f40d14af4e9c70f87a709c70d4c468ca7
master	a7793265093d10dea0141a40c4628da223e36595	DASHI/Education/EarlyLearningChoicePNFHyperfabricBridge.agda	0e87817e9fe60857881ed767123bcaf0ae324e57f32beda039bedca2839de67d
master	a7793265093d10dea0141a40c4628da223e36595	DASHI/Education/EarlyLearningComparativeArchitectureExact.agda	865d8349ef1f4abf77491d98b3e7ad2157e5be7bbd09a7a61e9b1a9482d4c9f2
master	a7793265093d10dea0141a40c4628da223e36595	DASHI/Education/EarlyLearningComparativeEvidenceRound2SourceRegistry.agda	f619861f97c6cb539f0fe7caee49e46b0c3eb8c99b8ef2b559375585a922e4f2
master	a7793265093d10dea0141a40c4628da223e36595	DASHI/Education/EarlyLearningComparativeEvidenceSourceRegistry.agda	ff6e8eb0554427dc798325d3ccac625c2b9c760b7efcc083217bbaa823b908e3
master	a7793265093d10dea0141a40c4628da223e36595	DASHI/Education/EarlyLearningCounterfactualHeterogeneityExact.agda	702591ddb656d9aada00232f77a2beb85e27e125d40bdcf63ecd83e3249f8960
master	a7793265093d10dea0141a40c4628da223e36595	DASHI/Education/EarlyLearningCrossCuttingEndorsementRiskExact.agda	190ffb3a4f7545963a6df0ebfca95701f15905ad630a6871193a9a6329dcf4d9
master	a7793265093d10dea0141a40c4628da223e36595	DASHI/Education/EarlyLearningEntitlementRouteSeparationExact.agda	58f0cb623b6d3b48120fa1e27b2c60c5cf0d62f58e0412dd4765e23d0a2cb536
master	a7793265093d10dea0141a40c4628da223e36595	DASHI/Education/EarlyLearningEvidenceRevisionHorizonExact.agda	06fda998b7fea39779f06eb2979721694e6335f3e0fec58c6340850ce0d79e34
master	a7793265093d10dea0141a40c4628da223e36595	DASHI/Education/EarlyLearningIntersectionalCapabilityExact.agda	095aac740a85f8fee58f52cbe4e92c59252ff1ba0df8a35c6dce0978838adc56
master	a7793265093d10dea0141a40c4628da223e36595	DASHI/Education/EarlyLearningIntersectionalSourceRegistry.agda	22d6526274a028ae52995b7dd30df68aa4c0ee08cddb3699ce997bc9670c8674
master	a7793265093d10dea0141a40c4628da223e36595	DASHI/Education/EarlyLearningMultiOutcomeVectorExact.agda	9dd88a5d66a3c0f2d7d9ad529735525419606ede0a6c700324ffabe47e60c53a
master	a7793265093d10dea0141a40c4628da223e36595	DASHI/Education/EarlyLearningQualityWorkforceLoadBearingExact.agda	a4a390e63c246238baa7192abb323b9aa8888254a121048493cf1d19f515797b
master	a7793265093d10dea0141a40c4628da223e36595	DASHI/Education/EarlyLearningReappropriationBoundaryExact.agda	cffb50165650bdae19bc4cc6094720cada88b58c19ba101d8efdd913f7a956e0
master	a7793265093d10dea0141a40c4628da223e36595	DASHI/Education/EarlyLearningSituatedPolicyRoutingSafetyExact.agda	19908196b316c3c8876f5f84f5f72920afbd7cb28651a1565fd7f1a355c4eb65
master	a7793265093d10dea0141a40c4628da223e36595	DASHI/Education/EarlyLearningTakeupStratificationExact.agda	915c5ebcd98fe8548d48d31da6c0f1c7fb007b28e6b869bb333f3c57bd81ae15
master	a7793265093d10dea0141a40c4628da223e36595	DASHI/Education/EarlyYearsEmpowermentConnectednessBridgeExact.agda	c76f3006809d1fdfa84f49bb8a6429af4a408e299e95d01a763166806c2fc3b7
master	a7793265093d10dea0141a40c4628da223e36595	DASHI/Education/EarlyYearsEmpowermentConnectednessRegression.agda	68e45c66e88f642e8fb1268f08a6e302629c18d4acf375b25f30c0fee69f8729
master	a7793265093d10dea0141a40c4628da223e36595	DASHI/Education/EarlyYearsEmpowermentConnectednessSourceRegistry.agda	6734b93462fbcd38423130a677954db6425048fbc7a5088751dcc442bff77044
master	a7793265093d10dea0141a40c4628da223e36595	DASHI/Education/EarlyYearsStakeholderCoverageExact.agda	0eaf01f3fdcbb4aee8cb3f3b160daf3deaa1cbf9e85e4af00abb4de239d6fbfa
master	a7793265093d10dea0141a40c4628da223e36595	DASHI/Education/RelationalEducationGateAlgebra.agda	03a086cbd32c67fdfe18f68fb53fc4bda2f384f95d467c1c8818e7649d338b3c
master	a7793265093d10dea0141a40c4628da223e36595	DASHI/Education/RoseContextLearningSourceBoundary.agda	3db4a52389e3daafbbcc9376c7c8f215fede1a80af0a040a4e1a43cf7c6b7d5b
master	a7793265093d10dea0141a40c4628da223e36595	DASHI/Education/SituatedRelationalLearningAffordanceExact.agda	6d48a2f58059e5ad4b274836118d2ac8033c361813cc10abb778f8373c76cac9
master	a7793265093d10dea0141a40c4628da223e36595	DASHI/EverythingEarlyLearningIntersectionalReappropriation.agda	369242895395b7d437807533b7f15a9098d157be72902151a5df1f396c2ba441
master	a7793265093d10dea0141a40c4628da223e36595	DASHI/EverythingEarlyYearsEmpowermentConnectedness.agda	3bdf5f0d6870b1b5bc8ba43d7b848cc6e0e7de08268c4e7df77e2f60af6a139a
master	a7793265093d10dea0141a40c4628da223e36595	DASHI/EverythingTopDownObservationCalculus.agda	b7882dfecda822389f0cd151c2d8f57e82b2ee0385d35c4cb0949ca3a8881079
master	a7793265093d10dea0141a40c4628da223e36595	DASHI/Foundations/BalancedTernaryAntipodalResidualCodecExact.agda	ebb47ea0c028ce06aa5211afa7076f677c2af04079faa26ee05ec0177d804103
master	a7793265093d10dea0141a40c4628da223e36595	DASHI/Foundations/BalancedTernaryDependentRecoverableBridgeExact.agda	28d660be2097f105de384cf4bddf55291b96c9cab79803907a36b34d107efe15
master	a7793265093d10dea0141a40c4628da223e36595	DASHI/Foundations/BalancedTernaryOrbitStabilizerResidualBridgeExact.agda	896abefd551599c3e768d733f8cc48366e9a727f8265c28c94ce65993fea0f53
master	a7793265093d10dea0141a40c4628da223e36595	DASHI/Foundations/Base369SignedMembershipExact.agda	a657bd6a7c7ab56cb7c579c782f5b887c5971c95cb9438b14b1d207fa1a8b683
master	a7793265093d10dea0141a40c4628da223e36595	DASHI/Foundations/ConstraintClopenRefinement.agda	b74d2c645f3cb49225146a46841d22cc6d96fc03302d8852ca840065f8acc096
master	a7793265093d10dea0141a40c4628da223e36595	DASHI/Foundations/FifteenSSPSurface.agda	1fdb5e57f1de3e466cd65044d1f9e9b9c6866a1e5cbc9da556f6f39c4d72b6c8
master	a7793265093d10dea0141a40c4628da223e36595	DASHI/Foundations/JChartSuccessorBoundary.agda	7bb59c39465354e58b47439d4730adf424f099a74b462da436f8eecc9438ee52
master	a7793265093d10dea0141a40c4628da223e36595	DASHI/Foundations/JPlusOneScaleBridge.agda	751d799583c69e7534cd15138459a322b3da63c8bbef7f3beeef7957e8231e84
master	a7793265093d10dea0141a40c4628da223e36595	DASHI/Foundations/StageAtlasZeroToTwelve.agda	cc15e8702fa0095e6c46be189ecf16c830c24f102ab91e0ff39774979fac5f5b
master	a7793265093d10dea0141a40c4628da223e36595	DASHI/Foundations/StageValuationBundleAtlas.agda	a0a64818d445bf2278e6fd5e0360db8c760f071466260c1e8fd2078f58a1aa74
master	a7793265093d10dea0141a40c4628da223e36595	DASHI/Foundations/TernaryNativeMinimalityExact.agda	920b544b0173bacefebc4f80888e1a587a16f4b0255bdbd5ddce92c122729bbe
master	a7793265093d10dea0141a40c4628da223e36595	DASHI/Foundations/TernaryNineOptimalBinaryDilationExact.agda	a4ede3c1e00c60dcce8fb81476410d2b058a0fccf63fe89dcbfb7b80ae8f3abd
master	a7793265093d10dea0141a40c4628da223e36595	DASHI/FullRelationalFlowRepairHyperfabric.agda	8d75b52a27d8a6d12343ad7f3da5b99fc1a1808cdd321d150068eca126b5ef12
master	a7793265093d10dea0141a40c4628da223e36595	DASHI/Governance/AliceBrownInstitutionalAgencyChoiceBridgeExact.agda	8a8f29e45fd98cad96a39ab23cbd87ef9baa03204db0bf386f32328df8cdd908
master	a7793265093d10dea0141a40c4628da223e36595	DASHI/Governance/AmalekProvenanceRoleBinding.agda	a5fb5e2727e2cd440921969d7d86974cce4fb3b121085832128ca679f84b25e9
master	a7793265093d10dea0141a40c4628da223e36595	DASHI/Governance/AsymmetricLegibilityContestabilityExact.agda	bc1ea58841bd126b09166bfc00b80c934598933e84cdb3789f7aa354c05e4fae
master	a7793265093d10dea0141a40c4628da223e36595	DASHI/Governance/AustralianSupermarketChoiceConcentrationExact.agda	0b3cdaf4e1ffdd656731d6347a614128d1b5ac6029568a8c8d1bed45fdaae4f9
master	a7793265093d10dea0141a40c4628da223e36595	DASHI/Governance/AustralianTwoPartyPreferredObservationExact.agda	7214785dcf82ea5e5ddaf579282c54d52f83f4bdbc19a5d87d73a2110d1d3c36
master	a7793265093d10dea0141a40c4628da223e36595	DASHI/Governance/AuthorityBearingLegibilityFailureExact.agda	f8db21ff379baacee38514c8e4a6f12d24d96a89a439c5925728b45ae52e3484
master	a7793265093d10dea0141a40c4628da223e36595	DASHI/Governance/AuthorityMandateCore.agda	99b7284c47e6a90ed9e2f860b21e1ca415fc453a43ecafcd8887032386e4ceab
master	a7793265093d10dea0141a40c4628da223e36595	DASHI/Governance/AutonomyReopeningCriterion.agda	f0848ef0ae0d584fc63bb1a4ed34b9e8f732a3a8ebfa1d9057e1542a32e00530
master	a7793265093d10dea0141a40c4628da223e36595	DASHI/Governance/BCDecriminalizationSourceRegistryExact.agda	16d8922c1a4d0c8d325739068629cf60bcd2c7ec59dd68f635b02524e04a01d7
master	a7793265093d10dea0141a40c4628da223e36595	DASHI/Governance/BraidedEnemyRoleProvenanceCrossPollinationExact.agda	8e55fc162c1ce470e5d74b035699c3b2f8977af57625a7b79a2aad629ea0842a
master	a7793265093d10dea0141a40c4628da223e36595	DASHI/Governance/BritishColumbiaDecriminalizationBundleExact.agda	bc41ba766d5e22332494697cf38f3a25998c191e898da6d2565d9d9317aa33a0
master	a7793265093d10dea0141a40c4628da223e36595	DASHI/Governance/BurkeWillsSituatedKnowledgeCounterexampleExact.agda	47c0c4a5c338ae43e4be8515681754a2a69a56c02fd6573dff6d47853808951a
master	a7793265093d10dea0141a40c4628da223e36595	DASHI/Governance/ChildReligiousCoercionResearchBridge.agda	b5ae86fd23defd4de7a12929e36faa6946a0d4e8831f1896e5a198d01888ed9a
master	a7793265093d10dea0141a40c4628da223e36595	DASHI/Governance/ClimateGenealogyTypedCasesExact.agda	4494a7d6831ec7e3a664b83f49a2a615615b73190d151d0f56861459561eab45
master	a7793265093d10dea0141a40c4628da223e36595	DASHI/Governance/CoercionConfinementLegalSeparationExact.agda	267eeccda6012193c0a326c6e1e586ec790142ca22d2d766c0b811466e5d4908
master	a7793265093d10dea0141a40c4628da223e36595	DASHI/Governance/ColonialCarceralDependencyAuthorityBridgeExact.agda	b57024ee1e7b19207e090a3ffcdd5093419e4d0d9cb658c03864d35393fcb65e
master	a7793265093d10dea0141a40c4628da223e36595	DASHI/Governance/CyberneticClinicalInstitutionalRepairBridge.agda	c1e877da1ff5e646b0326500ba6d766cd5f689ef70a8e6a29ee40af382b711b9
master	a7793265093d10dea0141a40c4628da223e36595	DASHI/Governance/DelegatedEssentialServiceAuthorityExact.agda	375b30644e526b1f245b6fa2f3449547d46d9ce38592704e229022a201351ff9
master	a7793265093d10dea0141a40c4628da223e36595	DASHI/Governance/DependentAuthorityCoercionKernel.agda	f5a48174d5a0200b1829be67591bcde3b5498df95c76b120518f0b729d83172a
master	a7793265093d10dea0141a40c4628da223e36595	DASHI/Governance/DependentReligiousEntrapmentCandidateExact.agda	4ccecaae05792f852efd198b835716f39cda41d89e93323362f0705ba01d18e5
master	a7793265093d10dea0141a40c4628da223e36595	DASHI/Governance/DevelopmentalAgencyState.agda	c2c8258e6ca968951c5df290901717ece6f3a97825fef3bb819435e3597f0e6c
master	a7793265093d10dea0141a40c4628da223e36595	DASHI/Governance/DomainPermeabilityAuthorityTransport.agda	a059e264328fe2c190a606b46fca88412330240db41ee48f7480474a5c76205f
master	a7793265093d10dea0141a40c4628da223e36595	DASHI/Governance/EffectiveChoiceConcentrationExact.agda	e7d0955b2561b423990e9759d08259360138441405de461444bff99732ed79aa
master	a7793265093d10dea0141a40c4628da223e36595	DASHI/Governance/EffectiveInstitutionalChoiceExact.agda	6b824ce49525db280149d3209955599041bc99cc43ceaa4544496d7751d135f5
master	a7793265093d10dea0141a40c4628da223e36595	DASHI/Governance/EmpiricalGenealogyRound3Everything.agda	4c0893636691975de9cccaacf9a19c40ef54ce9d2282afbd475de49769e4fff3
master	a7793265093d10dea0141a40c4628da223e36595	DASHI/Governance/EmpiricalGenealogyRound3Regression.agda	19cf76fde6fd62d86e1ba5945f55e92439e1cca9dcffded2cccea34de3b40005
master	a7793265093d10dea0141a40c4628da223e36595	DASHI/Governance/EmpiricalProducerRound4Regression.agda	d43c5e9054513a2a2437e035790f87469754e8220bc4cfcb2774d5e7ec1c8a74
master	a7793265093d10dea0141a40c4628da223e36595	DASHI/Governance/EmpiricalProducerRound5Regression.agda	be138d9a99c51ab179b575d885d23513e3615765e7d31853d02448bf58648178
master	a7793265093d10dea0141a40c4628da223e36595	DASHI/Governance/EvidenceGradedGenealogyCasesExact.agda	3579cddbed2fa8a586d9d940f8f394fe951c8a7451d12a0297e3d1393046f1a9
master	a7793265093d10dea0141a40c4628da223e36595	DASHI/Governance/EvidenceGradedGenealogyCore.agda	d12a1634ed18ba2e06d7532e362a2e7c166067c7bff0508421bdce45c10ded87
master	a7793265093d10dea0141a40c4628da223e36595	DASHI/Governance/EvolvingCapacityReligiousAutonomyExact.agda	6a2359d379f1da257c2267c9e3024ef9fede03fa9efaae99f1aa537055de2643
master	a7793265093d10dea0141a40c4628da223e36595	DASHI/Governance/FutureSafeCausalCompressionExact.agda	04f2a05b83ad9b4c5b69f1b6e1c7f6f52cf1f4adb2373b267faefcf1efc00c1f
master	a7793265093d10dea0141a40c4628da223e36595	DASHI/Governance/HealthcareAccessDistortion.agda	a5fd9dae57dc755c5e3755a2e052728bb0a6954716a74e11e16350232044ce5e
master	a7793265093d10dea0141a40c4628da223e36595	DASHI/Governance/HealthcareEqualityInvariant.agda	8d526e9817ab1d78821e19b83a460d5ce16d321cb38475542aed9fe396a0a75f
master	a7793265093d10dea0141a40c4628da223e36595	DASHI/Governance/IndigenousRemovalDelegatedInfrastructureExact.agda	f2069212b82c0aabca6287386b1bb68d6d79e815996969f192b494a856125acc
master	a7793265093d10dea0141a40c4628da223e36595	DASHI/Governance/InstitutionalContinuityRepairArithmetic.agda	a9283f728c6b37064d1144978051f2190628f2ae3affafcc2d48d43f014942ca
master	a7793265093d10dea0141a40c4628da223e36595	DASHI/Governance/InstitutionalDependencyEntrapmentBridgeExact.agda	f428a73866bcef7ca18841ccbe86913c19cc49cce610e6702949dc6f5d752e2b
master	a7793265093d10dea0141a40c4628da223e36595	DASHI/Governance/InstitutionalTechniqueTransferCore.agda	71a1a6f01b3436c72539e7a9a7e5a46c667859836a1df688701cd60a9aa67941
master	a7793265093d10dea0141a40c4628da223e36595	DASHI/Governance/JohnPaperClaimManifestV2Exact.agda	24c2f1337b1f0c579a9abd81f1c72f6c5aa0da2008c3d4457b5b436a65870ad6
master	a7793265093d10dea0141a40c4628da223e36595	DASHI/Governance/JohnPaperClaimPromotionAuditExact.agda	5614da6daf92a0d3fe3e3604a0ebcc24b95daacdf796e5a87a6c7da9e7910bad
master	a7793265093d10dea0141a40c4628da223e36595	DASHI/Governance/MeasuredSituatedChoiceReceiptExact.agda	f84bcdb7de111a86a6275269945b37da294ca5e886edeeedbdda0fcb8e180892
master	a7793265093d10dea0141a40c4628da223e36595	DASHI/Governance/MedicalCannabisPresenceImpairmentBoundary.agda	6c277a1715f60ee59caa17172c5306851d4350d412f9f14931bf92edb75b59b0
master	a7793265093d10dea0141a40c4628da223e36595	DASHI/Governance/MinimalSufficientObservationGovernanceExact.agda	b452d254fd5c5429f0383203f9a5c6f23cdafd9eb10edd7a5345f2915d2f3cce
master	a7793265093d10dea0141a40c4628da223e36595	DASHI/Governance/MultidimensionalContestabilityAccessExact.agda	546d32e2d7a702365449b602e0ad59b10afe7b6f19ccfc74fe9fcf313b85a2a3
master	a7793265093d10dea0141a40c4628da223e36595	DASHI/Governance/NormativeCorrectionMaterialPersistenceExact.agda	5b82cfd6507f92b1278cb21e532bf95f9ed4af4e97c34d7b4e6a7600f2061bc0
master	a7793265093d10dea0141a40c4628da223e36595	DASHI/Governance/PalantirPlatformCapabilityEvidenceExact.agda	11097527aded06b8e99af1b57bcb3698eac57bf5f4c6e89cf3c698705928e0cb
master	a7793265093d10dea0141a40c4628da223e36595	DASHI/Governance/PalantirProcurementLegibilityAdapterExact.agda	cec250eb2d3908a6840d5e68f1a7536a41477042f9424ea1a6d69c0fbfce9d2c
master	a7793265093d10dea0141a40c4628da223e36595	DASHI/Governance/PluralityWithoutPowerParityExact.agda	90f0253cf46afa672ed33e362e1d7a17313d0c8558581aa267d6b13939671323
master	a7793265093d10dea0141a40c4628da223e36595	DASHI/Governance/PublicEssentialCareDoctrineBoundary.agda	cf2005b0cbe4d7d1dac25f43ff3d96ce30931f0e1c784fe66cae579ac4fb411e
master	a7793265093d10dea0141a40c4628da223e36595	DASHI/Governance/QuotedUtteranceContextProvenanceExact.agda	03047b143aafb2d5406ed21b10c615801ba2cb52d90e70b8f0d87e31ab2b0eaf
master	a7793265093d10dea0141a40c4628da223e36595	DASHI/Governance/ReligiousChildhoodEntrapmentEvidenceAtlasExact.agda	df8510015a539d59ffdb129f0d69640521b460189182c35cc8d991357fe0e658
master	a7793265093d10dea0141a40c4628da223e36595	DASHI/Governance/RepresentationCarrierVerificationCore.agda	04f35088deba42505f37a2a22d64ffd2bc4a424313d342319c7d0ab19b2b2a2b
master	a7793265093d10dea0141a40c4628da223e36595	DASHI/Governance/SituatedEffectiveChoiceExact.agda	5f49ad21bcf2bc6dca234549e178cddeb28a938f8e2d31fee19f5c663f06204e
master	a7793265093d10dea0141a40c4628da223e36595	DASHI/Governance/TypedGenealogyEdgeExact.agda	cf5bd00cc3e6580fa96b8fddbe10f6d339483c85ac4dac474caeabe8082bb40e
master	a7793265093d10dea0141a40c4628da223e36595	DASHI/Interop/BodyKeepsScoreCandidateBoundary.agda	a57b0c8f8aeb29f911bb80615fac876936e2d9370735dbd8e2def68876f6c5aa
master	a7793265093d10dea0141a40c4628da223e36595	DASHI/Interop/BodyKeepsScoreParityCompiledInverseAdapter.agda	0c444a78ea4de96cfe729e0ec75befa7059b02f76c67d38c5df4edd40fe752a2
master	a7793265093d10dea0141a40c4628da223e36595	DASHI/Interop/BodyKeepsScoreResidualGeometry.agda	1e2cbd1e8ec5c506deb8d20f16319504204fad44be0f7da0804487f03edf917f
master	a7793265093d10dea0141a40c4628da223e36595	DASHI/Interop/BodyKeepsScoreStageCarryBridge.agda	78e2a0bcaeb272ff989c8c7a61549b880d15f0967e2f79f775631d1a98d086d1
master	a7793265093d10dea0141a40c4628da223e36595	DASHI/Interop/InspectionRelativeNoTypedMeet.agda	716a7b630710fb5ad45680e445c4a39f331297b16781c1c199ced3e0cb50087b
master	a7793265093d10dea0141a40c4628da223e36595	DASHI/Interop/InterMediaCarrierBridge.agda	b4facb348bcbca8f83d7614e7a32ae429d4aa980f91a4aa575b984c631cc9701
master	a7793265093d10dea0141a40c4628da223e36595	DASHI/Interop/MeditationQiBridge.agda	87ebb43f8894f48a3675a3bd1c1ea7c2d7964efb9123040a28581b12e00a34c3
master	a7793265093d10dea0141a40c4628da223e36595	DASHI/Interop/PNFBraidTransportField.agda	054be826553262a80a45e27ab37dd6d6d846c28866fba1e663dda968f8df2e5c
master	a7793265093d10dea0141a40c4628da223e36595	DASHI/Interop/PNFResidualFieldInvariants.agda	818683df35c93377748ccc5a12a58f1efad82bd7ac8cf9e4927a2f63f16f1d27
master	a7793265093d10dea0141a40c4628da223e36595	DASHI/Interop/PNFSpectralFieldCore.agda	5ef8162ef3ebdbc606f24a143f1f79c9708c7d7e43fd3a5e786227f6678150c7
master	a7793265093d10dea0141a40c4628da223e36595	DASHI/Interop/PNFSpectralFieldGraph.agda	134d3b13089d3cd21dea76845f1300134a9d5196d0a7db8fb462115f04cf15c1
master	a7793265093d10dea0141a40c4628da223e36595	DASHI/Interop/PNFVoidScopeBoundary.agda	bfd5f5ecd94cebb82cbdb74eb0266d0b74c6beab21c1f951533428577f5f8760
master	a7793265093d10dea0141a40c4628da223e36595	DASHI/Interop/PointedSignAntipodal369SeparationExact.agda	10ebb1513c81f49453e3ce5fcfb3e4848961d8a797fe026a66b3e9a92bde6044
master	a7793265093d10dea0141a40c4628da223e36595	DASHI/Interop/QiCarrierFieldBridge.agda	1651fb1955935594bc97cdcb3845b3bfc73a67ec03b363749efa6c35ae8dd884
master	a7793265093d10dea0141a40c4628da223e36595	DASHI/Interop/VectorNonAuthorityCore.agda	ec68637a4b3beacf743c10cfe51ba6b2a3eae556df6beaa68366eebefe635a23
master	a7793265093d10dea0141a40c4628da223e36595	DASHI/Ontology/DependentDefinitionFibreExact.agda	1f9c2a76f8eaf7665f790446b727f7d66cf6791ccebd096cc60e8ca5985e3145
master	a7793265093d10dea0141a40c4628da223e36595	DASHI/Ontology/WikidataBFOApplicabilityFibreExact.agda	aaaf53f0859bba7a565d7714c4c2ece41306d1cf8bca3f31c69a7ad13cc524b3
master	a7793265093d10dea0141a40c4628da223e36595	DASHI/Ontology/WikidataBFOEntityRootMappingDiagnosticExact.agda	58e2fbfcf15533b2e6146434a1ffb5b037c99f7644d8343dd1578a3440b4122f
master	a7793265093d10dea0141a40c4628da223e36595	DASHI/Ontology/WikidataBFOEntityScopeExact.agda	9e54dab6147a4b4856c24646db28324633e20eb5e614be78c0a6822c9bd78f2b
master	a7793265093d10dea0141a40c4628da223e36595	DASHI/Ontology/WikidataBFOMappingInferenceLatticeExact.agda	43eb4171607d8b1b9a89b511553998b054da78a39f9bdf0ce5dc2a02f162df9b
master	a7793265093d10dea0141a40c4628da223e36595	DASHI/Ontology/WikidataCheckerResultAttributionExact.agda	7110774b9b8b9ed506ab33c0aeb82fd21448ae5fa4dd5f300f769891a7b0fafc
master	a7793265093d10dea0141a40c4628da223e36595	DASHI/Ontology/WikidataConsumerResidualRefinementExact.agda	b5a8a05a6c893b0921040ed9038d275fedd685beb2b5d3a758e52d579599d821
master	a7793265093d10dea0141a40c4628da223e36595	DASHI/Ontology/WikidataDiagnosticGovernanceExact.agda	9082afdc766eeeb9fa8d0c9eca4a551db4a8c3ea4642233b7fe62dd2af8d255d
master	a7793265093d10dea0141a40c4628da223e36595	DASHI/Ontology/WikidataHigherOrderFictionContextExact.agda	22be62a3cdd2f73d7eab6eef98a54abc9526ad111232db54b9f2ba3307ff4b61
master	a7793265093d10dea0141a40c4628da223e36595	DASHI/Ontology/WikidataInterpretiveDiagnosticExact.agda	f21f4dc519b8c872753cd85f34e89bc6efa86e6e68b30fe68a967cc63b2b2cb6
master	a7793265093d10dea0141a40c4628da223e36595	DASHI/Ontology/WikidataRepairReopeningExact.agda	daa048aa252c43ceaa84e6163a2746b76c34c5ec3232415872867412d938c918
master	a7793265093d10dea0141a40c4628da223e36595	DASHI/Ontology/WikidataTernaryFibreRegression.agda	cf62683aabf76b25ad00acbb8f1cd292c92fafd28791e9b1ac2031035e20f78c
master	a7793265093d10dea0141a40c4628da223e36595	DASHI/Ontology/WikidataWorkingGroupEntityScopeEverything.agda	8a030f187b56660a410626eb1f7bcc728ef5614bc1b7e9a53037d4959e1a8a8b
master	a7793265093d10dea0141a40c4628da223e36595	DASHI/Ontology/WikidataWorkingGroupEntityScopeRegression.agda	cf9d517009def3fe7653cded8fde400cf47cda1e20a79056e5b39419912c6a7f
master	a7793265093d10dea0141a40c4628da223e36595	DASHI/Ontology/WikidataWorkingGroupEverything.agda	27560b220d6164578ed578ddbf59d5e4a47b270296d300a421ec6719fcbdf538
master	a7793265093d10dea0141a40c4628da223e36595	DASHI/Ontology/WikidataWorkingGroupFullProvenanceEverything.agda	218947a2511aacda8563db3c75f6bd01cc8ddb2a34310016cd2a26fdbe322ca4
master	a7793265093d10dea0141a40c4628da223e36595	DASHI/Ontology/WikidataWorkingGroupRegression.agda	59303099bf210bdb1fc5a0f44d7be1e50cbc8d6b4892367f4b8657f6b10ee185
master	a7793265093d10dea0141a40c4628da223e36595	DASHI/Ontology/WikidataWorkingGroupSourceConformanceExact.agda	4ff46ba6f9f82c653647eb3c44f6e25d6be11e91628c3a5b177f447451c42807
master	a7793265093d10dea0141a40c4628da223e36595	DASHI/Ontology/WikidataWorkingGroupSourcePolicyExact.agda	c8f09c9d59c93934d89447615c5afff05ef7911dc9259060984e00455e10156c
master	a7793265093d10dea0141a40c4628da223e36595	DASHI/Philosophy/PatternPreservingTeaching.agda	979242d0806056ad50c7a60dafbde0cc19ac4cee2f143990755817c225967947
master	a7793265093d10dea0141a40c4628da223e36595	DASHI/Physics/Closure/BTBoundaryCrossSectionRows.agda	2e5b32d69d3bd1bc9c2d19b38aaa055a3d17a1e3887ed5583a46cf7c6a671e33
master	a7793265093d10dea0141a40c4628da223e36595	DASHI/Physics/Closure/BTCanonicalNeckAnalogue.agda	14643288483ff50c457061d1c4119235c4c127888da5746485e50f736a6461fa
master	a7793265093d10dea0141a40c4628da223e36595	DASHI/Physics/Closure/BruhatTitsProductTreeReceipt.agda	efef6fb9d0cdc51c6f65a8022da48663a443be3ea530bc0af1a87bc3a49d8d56
master	a7793265093d10dea0141a40c4628da223e36595	DASHI/Physics/Closure/DevelopmentalGenomicInverseBridge.agda	0b71f4e1d3a7efde96fc033573b5647630e25ce73fe2c9feda458aa88df2eef5
master	a7793265093d10dea0141a40c4628da223e36595	DASHI/Physics/Closure/EmpiricalCalibrationBridgeToyFit.agda	f55aa1c06ad4295fffc38cbadfee300fba67ab8086f2fc113d7fe191b6de1d93
master	a7793265093d10dea0141a40c4628da223e36595	DASHI/Physics/Closure/EmpiricalCalibrationBridgeToyFitAuthorityBoundary.agda	3722456e849dd43d26b4509bee05c579ff8f138c8a4f2a28fab6458588ec8fda
master	a7793265093d10dea0141a40c4628da223e36595	DASHI/Physics/Closure/EmpiricalCalibrationBridgeToyFitRealDatasetRouteDiagnostic.agda	db37fbeccdc0834618b973412f17c2bd85a15492c3ba1b4b701b47a0df5bf9fa
master	a7793265093d10dea0141a40c4628da223e36595	DASHI/Physics/Closure/GeometryAnalogueClassification.agda	965b54ab6380ae9a78c86ac54e624d16bae05faa7f97be2c487c02b45de8580f
master	a7793265093d10dea0141a40c4628da223e36595	DASHI/Physics/Closure/HEPDataBridgeWorkerQueue.agda	a2df5b2cfdbcc272969f6bd362e44f258aabb4f2f7edccec5bc9b419e9d42500
master	a7793265093d10dea0141a40c4628da223e36595	DASHI/Physics/Closure/HEPDataComparisonAuthorityRouteDiagnostic.agda	27a00616f1743869d180af96f2ec43e04edcd1f865e058804ae6dba2363de955
master	a7793265093d10dea0141a40c4628da223e36595	DASHI/Physics/Closure/HEPDataDefectProjectionDiagnostic.agda	340730c55d03c04f201a181fa5942f62a3938f4a023e85fb2048c70e4eff1121
master	a7793265093d10dea0141a40c4628da223e36595	DASHI/Physics/Closure/HEPDataEmpiricalSourceCandidateDiagnostic.agda	0083ab5e3f222cbede0466d56dd60f55e03892cc12c2b4db7c11ca8e356edda1
master	a7793265093d10dea0141a40c4628da223e36595	DASHI/Physics/Closure/HEPDataExternalResidualWitnessCandidateDiagnostic.agda	d060462f2271faa03c74d303b8c72563e303ea8e730885efe2ffa1273a340e50
master	a7793265093d10dea0141a40c4628da223e36595	DASHI/Physics/Closure/HEPDataExternalResidualWitnessPayload.agda	df302b7dcf9131615d7e73d38526dead24b2663524b89813d457f87a473f604b
master	a7793265093d10dea0141a40c4628da223e36595	DASHI/Physics/Closure/HEPDataITIRAuthorityAdapterDiagnostic.agda	f1bd434900dd0ae760038cb99a9deb6ffd61a9c4e7c0b98052e94b60d18ae69c
master	a7793265093d10dea0141a40c4628da223e36595	DASHI/Physics/Closure/HEPDataMeasurementSurfaceProjectionRejection.agda	10c808cf602f49f632ec2a77679d692b8b66bfcb21e148d20e191d5563344b2e
master	a7793265093d10dea0141a40c4628da223e36595	DASHI/Physics/Closure/HEPDataNonCollapseObservableObligation.agda	6585c202bded36c42f487799f5646065a2413910d2e5c8614b1b35b6d77fcf8f
master	a7793265093d10dea0141a40c4628da223e36595	DASHI/Physics/Closure/HEPDataObservableSelectionDiagnostic.agda	4becb31e4b9e41f6fef6575f0374621d8e39de71c0672b02cc2e66a796ba8075
master	a7793265093d10dea0141a40c4628da223e36595	DASHI/Physics/Closure/HEPDataProviderReceiptRequestPack.agda	e9283fa91446845858ec262ea36cca29cb4207053148bed8d9999891c7d2d768
master	a7793265093d10dea0141a40c4628da223e36595	DASHI/Physics/Closure/HEPDataResidualBridgeWorkerQueue.agda	42e35658b218e868fd51931756f620ab38b1c5a8de1e429a3078fe71628c9048
master	a7793265093d10dea0141a40c4628da223e36595	DASHI/Physics/Closure/HEPDataResidualComparisonLawRequest.agda	5fb1e6dc1f2b3ba0e649b3ac2455ac2301794bf83a8ac8842ac6b3b5e99bf1c7
master	a7793265093d10dea0141a40c4628da223e36595	DASHI/Physics/Closure/HEPDataResidualObservableClassCandidateDiagnostic.agda	e92188ced5e16c86bede948f0184aa17e697dff61e187eb19375bc110590f87a
master	a7793265093d10dea0141a40c4628da223e36595	DASHI/Physics/Closure/HEPDataResidualObservableClassProtoReceipt.agda	0996a14583e5a93dd60b1f1cdd01bd6ac6a6eb390b3be74d5791009a420d46f1
master	a7793265093d10dea0141a40c4628da223e36595	DASHI/Physics/Closure/HEPDataResidualObservableClassRequest.agda	59fd76e2a91fa63b480af7816f0c9f2484f5d87da5fd87817cd4a80ba757025f
master	a7793265093d10dea0141a40c4628da223e36595	DASHI/Physics/Closure/HEPDataResidualProviderPayloadIntake.agda	afd8d0330e6ca751fac341097474232d8730dd53f72c2db8aebe76fd4fa3450f
master	a7793265093d10dea0141a40c4628da223e36595	DASHI/Physics/Closure/HEPDataResidualSourceCandidateDiagnostic.agda	362da9a681b2b5afc354ab21dd9132a1bbd9d4fbe216eed368ca0800967c04d0
master	a7793265093d10dea0141a40c4628da223e36595	DASHI/Physics/Closure/HolographicBulkBoundaryReceipt.agda	ce041c56bd32a2420aeb7997aea95c8d69a6a5dbe373c30153dd008fcc5bcfa3
master	a7793265093d10dea0141a40c4628da223e36595	DASHI/Physics/Closure/W3AcceptedAuthorityRouteNarrowing.agda	850375b078ec3bf756775a0229ed708d250265ba8e46da912917a3cbb35bbb80
master	a7793265093d10dea0141a40c4628da223e36595	DASHI/Physics/Foundations/Round5SourceAtlas.agda	f680467ffb1696371641bd203fed689635b3e2f5bba49baed6654751fee18d25
master	a7793265093d10dea0141a40c4628da223e36595	DASHI/Physics/Foundations/SettlerEnemyAbstractionExact.agda	ae77d43fc55cff363f9e2bb881c802c966de81065941e4894a76b7f8bc0d64b1
master	a7793265093d10dea0141a40c4628da223e36595	DASHI/Promotion/ExplanationAuthorityBoundaryCore.agda	d23542a962bea8fd40cf0c008580defb9728d6a0ed884d560e93f27876cd10ef
master	a7793265093d10dea0141a40c4628da223e36595	DASHI/Reasoning/CarryMemorySubvoxelReceipt.agda	b09bfd909beb28b79982a62229eb3619054f2349f95f19921a18fda661edf3c3
master	a7793265093d10dea0141a40c4628da223e36595	DASHI/Reasoning/ConditionalResponseTree.agda	40cf31096c596fdf01e1acbf680cc09148bf47a115925ddb1cbc9987c9d14354
master	a7793265093d10dea0141a40c4628da223e36595	DASHI/Reasoning/DevelopmentalAttunementPNFBridge.agda	a6a0ca7cb5c2f94400bb22ec01cb960c84ffc2c63ec7e76d13bde5bd23a9f300
master	a7793265093d10dea0141a40c4628da223e36595	DASHI/Reasoning/RelationalFormalismSourceAtlas.agda	867cc5aa420db39599434ac9f164bc59b315bdd71accbbde5cb14e8410d6950a
master	a7793265093d10dea0141a40c4628da223e36595	DASHI/Reasoning/RelationalProcessMemoryHyperfabric.agda	ddef54e34db5d56c921f4b341bb8953c836e457caf09aa84917c211c9881c781
master	a7793265093d10dea0141a40c4628da223e36595	DASHI/Semantics/SIOSemanticSurfaceBridge.agda	4be1753b5e0faf3bcdc95f80b86fad0fa59b8bcc0d0ef22ca34e8b3b59aae059
master	a7793265093d10dea0141a40c4628da223e36595	DASHI/Topology/TetrationalGateField.agda	c2977cfd1dd9584ce605fc5bbab92dceb67e442213b70a9fbafa83b01c15855c
master	a7793265093d10dea0141a40c4628da223e36595	Moonshine.agda	1db6ae9cccef044a04025dba52a6518dc52d1ff24bdef2084c9c908a3728e4b8
master	a7793265093d10dea0141a40c4628da223e36595	Ontology/BrainDNA/BrainConnectorEndToEndSemanticDepth.agda	25387d02b1a2a2e3217f203c8e15d11bf7aa0ec5ecdf96f39138b55619776e7d
master	a7793265093d10dea0141a40c4628da223e36595	Ontology/BrainDNA/BrainConnectorSemanticDepth.agda	1b721aaf02dc1e86154ac8e05e1e8fc4ac698df05554448b80f6b84c1402b865
master	a7793265093d10dea0141a40c4628da223e36595	Ontology/BrainDNA/BrainRepresentationConsumerLaws.agda	80680476b298db2b75be59a63209b4cbbd088a26c758c90f78a5973088bc1625
master	a7793265093d10dea0141a40c4628da223e36595	Ontology/BrainDNA/BrainRepresentationConsumerSemantics.agda	4fa395ced641df08fa35dc8c9a8338e8f3002dda64ebe8ab11ee35ee76792382
master	a7793265093d10dea0141a40c4628da223e36595	Ontology/BrainDNA/BrainRepresentationIntegratedLaws.agda	cb486ac633295a5b117e7ea74624ebb8f187f33a4217cff80bdc63b4773c7763
master	a7793265093d10dea0141a40c4628da223e36595	Ontology/BrainDNA/BrainRepresentationIntegratedSemantics.agda	65f0dfba569b0c6e7f53f34062b89ac291afd27753b071df7b43ef1aaa4795a5
master	a7793265093d10dea0141a40c4628da223e36595	Ontology/BrainDNA/BrainRepresentationSemanticDepth.agda	cfe41ee42f400e437160c086a32507fc0414f39352f770b9c816d3208be79ba4
master	a7793265093d10dea0141a40c4628da223e36595	Ontology/BrainDNA/BrainRepresentationSemanticLaws.agda	ebdeacd93676493c96b55b9875b52ec19693a6d828bc174ebac08bdf4e26bdb0
master	a7793265093d10dea0141a40c4628da223e36595	Ontology/BrainDNA/BrainRepresentationTransportLaws.agda	e55f0672f1412266bbb41eb544917246cb2ae756f933a4ee80b2ec2d05c65b59
master	a7793265093d10dea0141a40c4628da223e36595	Ontology/BrainDNA/BrainThemeConsumerLaws.agda	dfda59a092839a9bbb87b27bda196cb44ede2aceb3ba67f0ab46f536290a8e7c
master	a7793265093d10dea0141a40c4628da223e36595	Ontology/BrainDNA/BrainThemeConsumerSemantics.agda	94b2037ff83b6a161075f50fcfab2bcffa62fd74d041791b4dbd37c43bf55222
master	a7793265093d10dea0141a40c4628da223e36595	Ontology/BrainDNA/BrainThemeEndToEndSemanticDepth.agda	5cd31df72de9ad2440ccab041557df0eadbe3b47656d6d53656492aa71c4fc10
master	a7793265093d10dea0141a40c4628da223e36595	Ontology/BrainDNA/BrainThemeIntegratedLaws.agda	8ffcaf8c8328c24e94caa4b0e27cd94ef4758430cf7d3c8c512e2ca0876fe9ac
master	a7793265093d10dea0141a40c4628da223e36595	Ontology/BrainDNA/BrainThemeIntegratedSemantics.agda	f5141e629376a7815c5a6aed93a3b5cc231e5e54a5249aa5ffb4f7e836624f3d
master	a7793265093d10dea0141a40c4628da223e36595	Ontology/BrainDNA/BrainThemeSemanticTransportLaws.agda	50bf9423a1584f2678ae0e5b3634402e7fb9bdfbd1e7ea1aa0f5e0ded4757dbf
master	a7793265093d10dea0141a40c4628da223e36595	Ontology/BrainDNA/BrainWholeChainIntegrationLaw.agda	3936b3f257c0c7050ba9b11d92647bf7d5cc7098850efbe7e521d87af1442719
master	a7793265093d10dea0141a40c4628da223e36595	Ontology/DNA/ChemistryTernaryQuantizer.agda	e98b1ffd461fd54c5f6dbe11f50d82909c5986edb0b276b36773458e95ca43cb
master	a7793265093d10dea0141a40c4628da223e36595	Ontology/DNA/FixedPointTernaryAndTetration.agda	01e94fbed7a231b38a2bd7ac136e9d8fc1bf00d51604eea432e28b27c69fc4ff
master	a7793265093d10dea0141a40c4628da223e36595	Ontology/DNA/SynthesisSequencingConsumerLaws.agda	4083cd998e1884d918834bca9f6cc4a9f72723e07abc11399e3f6341516f9ea0
master	a7793265093d10dea0141a40c4628da223e36595	Ontology/DNA/SynthesisSequencingIntegratedRealism.agda	51b05f69e5bd45a694a3b89872590b92f9e166da5a00ae1990ec30e876e95519
master	a7793265093d10dea0141a40c4628da223e36595	Ontology/DNA/SynthesisSequencingIntegratedRealismLaws.agda	35a09adb5b9c496c10a68b8ba9020477193d7aa47b25adb8c93c961fe815cb76
master	a7793265093d10dea0141a40c4628da223e36595	Ontology/DNA/SynthesisSequencingRealismConsumer.agda	6845fd5afea7f1ac23e738e04e59a16220d90845fb37fd18a0245a3f63798dc8
master	a7793265093d10dea0141a40c4628da223e36595	Ontology/DNA/SynthesisSequencingRealismDepth.agda	e4d157aeb62f3619da18defd41167936ad5735496f35603ff94500149f357a1f
master	a7793265093d10dea0141a40c4628da223e36595	Ontology/DNA/SynthesisSequencingRealismSemantics.agda	f6fbe2840f622417f3f9a8b29a01596523281c511ad55c4bc2252b38f025ce65
rainbow-🌈-clay-analytic-latest	6b6c379407ffa7b4754a2f073f57d50756ece41e	DASHI/Interop/AggregateBidirectionalTranslationDischarge.agda	13a217764afe6fbb7359306ea0d2a7a5f6a5084efe1565bcdd8b0a0018f1fd79
rainbow-🌈-clay-analytic-latest	6b6c379407ffa7b4754a2f073f57d50756ece41e	DASHI/Interop/CategoricalInterlinkLayer.agda	9c99bd6857e52767aefacb2185f636e414fa5fe9040052a7e623d241c5d07c37
rainbow-🌈-clay-analytic-latest	6b6c379407ffa7b4754a2f073f57d50756ece41e	DASHI/Ontology/WikidataAnimalSemanticJoinLayer.agda	972806d9c8ea7acfa931cd75c05e648c9a2c6d267550dafb00ef62a948a6b21d
work/post-checkpoint-2026-05-01	1448afed1812be8ad3d8a69d73800f0ad0961a0e	DASHI/Ontology/WikidataAnimalSemanticJoinLayer.agda	972806d9c8ea7acfa931cd75c05e648c9a2c6d267550dafb00ef62a948a6b21d
