"source","layer","code","severity","status","subject","subject label","object","object label","extra","message","fix"
"data/chemistry.wdkb","gap","no-parent","warning","suggested-fix","Q24027474","fourth-order class","","","","declared item with no `subclass of` (P279) and no `instance of` (P31) statement: the base says nothing about what it is","download the item (`wikidata fetch`) or add a P279 or P31 statement"
"data/chemistry.wdkb","gap","no-parent","warning","suggested-fix","Q6005984","baryonic matter","","","","declared item with no `subclass of` (P279) and no `instance of` (P31) statement: the base says nothing about what it is","download the item (`wikidata fetch`) or add a P279 or P31 statement"
"data/chemistry.wdkb","gap","no-parent","warning","suggested-fix","Q3505845","state","","","","declared item with no `subclass of` (P279) and no `instance of` (P31) statement: the base says nothing about what it is","download the item (`wikidata fetch`) or add a P279 or P31 statement"
"data/chemistry.wdkb","gap","no-parent","warning","suggested-fix","Q813912","condition","","","","declared item with no `subclass of` (P279) and no `instance of` (P31) statement: the base says nothing about what it is","download the item (`wikidata fetch`) or add a P279 or P31 statement"
"data/chemistry.wdkb","gap","no-parent","warning","suggested-fix","Q2141565","situation","","","","declared item with no `subclass of` (P279) and no `instance of` (P31) statement: the base says nothing about what it is","download the item (`wikidata fetch`) or add a P279 or P31 statement"
"data/chemistry.wdkb","gap","no-parent","warning","suggested-fix","Q123928941","concern","","","","declared item with no `subclass of` (P279) and no `instance of` (P31) statement: the base says nothing about what it is","download the item (`wikidata fetch`) or add a P279 or P31 statement"
"data/chemistry.wdkb","gap","no-parent","warning","suggested-fix","Q122764215","personal risk","","","","declared item with no `subclass of` (P279) and no `instance of` (P31) statement: the base says nothing about what it is","download the item (`wikidata fetch`) or add a P279 or P31 statement"
"data/chemistry.wdkb","gap","no-parent","warning","suggested-fix","Q1132455","hazard","","","","declared item with no `subclass of` (P279) and no `instance of` (P31) statement: the base says nothing about what it is","download the item (`wikidata fetch`) or add a P279 or P31 statement"
"data/chemistry.wdkb","gap","no-parent","warning","suggested-fix","Q101208084","type of risk","","","","declared item with no `subclass of` (P279) and no `instance of` (P31) statement: the base says nothing about what it is","download the item (`wikidata fetch`) or add a P279 or P31 statement"
"data/chemistry.wdkb","gap","no-parent","warning","suggested-fix","Q483247","phenomenon","","","","declared item with no `subclass of` (P279) and no `instance of` (P31) statement: the base says nothing about what it is","download the item (`wikidata fetch`) or add a P279 or P31 statement"
"data/chemistry.wdkb","gap","no-parent","warning","suggested-fix","Q1322005","natural phenomenon","","","","declared item with no `subclass of` (P279) and no `instance of` (P31) statement: the base says nothing about what it is","download the item (`wikidata fetch`) or add a P279 or P31 statement"
"data/chemistry.wdkb","gap","no-parent","warning","suggested-fix","Q111752858","physicochemical process","","","","declared item with no `subclass of` (P279) and no `instance of` (P31) statement: the base says nothing about what it is","download the item (`wikidata fetch`) or add a P279 or P31 statement"
"data/chemistry.wdkb","gap","no-parent","warning","suggested-fix","Q1293220","physical phenomenon","","","","declared item with no `subclass of` (P279) and no `instance of` (P31) statement: the base says nothing about what it is","download the item (`wikidata fetch`) or add a P279 or P31 statement"
"data/chemistry.wdkb","gap","no-parent","warning","suggested-fix","Q7048977","abstract entity","","","","declared item with no `subclass of` (P279) and no `instance of` (P31) statement: the base says nothing about what it is","download the item (`wikidata fetch`) or add a P279 or P31 statement"
"data/chemistry.wdkb","gap","no-parent","warning","suggested-fix","Q1272626","representation","","","","declared item with no `subclass of` (P279) and no `instance of` (P31) statement: the base says nothing about what it is","download the item (`wikidata fetch`) or add a P279 or P31 statement"
"data/chemistry.wdkb","gap","no-parent","warning","suggested-fix","Q7551287","social object","","","","declared item with no `subclass of` (P279) and no `instance of` (P31) statement: the base says nothing about what it is","download the item (`wikidata fetch`) or add a P279 or P31 statement"
"data/chemistry.wdkb","gap","no-parent","warning","suggested-fix","Q2995644","result","","","","declared item with no `subclass of` (P279) and no `instance of` (P31) statement: the base says nothing about what it is","download the item (`wikidata fetch`) or add a P279 or P31 statement"
"data/chemistry.wdkb","gap","no-parent","warning","suggested-fix","Q12775893","scheme","","","","declared item with no `subclass of` (P279) and no `instance of` (P31) statement: the base says nothing about what it is","download the item (`wikidata fetch`) or add a P279 or P31 statement"
"data/chemistry.wdkb","gap","no-parent","warning","suggested-fix","Q21146257","type","","","","declared item with no `subclass of` (P279) and no `instance of` (P31) statement: the base says nothing about what it is","download the item (`wikidata fetch`) or add a P279 or P31 statement"
"data/chemistry.wdkb","gap","no-parent","warning","suggested-fix","Q19868531","formal ontology concept","","","","declared item with no `subclass of` (P279) and no `instance of` (P31) statement: the base says nothing about what it is","download the item (`wikidata fetch`) or add a P279 or P31 statement"
"data/chemistry.wdkb","gap","no-parent","warning","suggested-fix","Q5127848","class","","","","declared item with no `subclass of` (P279) and no `instance of` (P31) statement: the base says nothing about what it is","download the item (`wikidata fetch`) or add a P279 or P31 statement"
"data/chemistry.wdkb","gap","no-parent","warning","suggested-fix","Q115490628","fundamental Wikidata entity","","","","declared item with no `subclass of` (P279) and no `instance of` (P31) statement: the base says nothing about what it is","download the item (`wikidata fetch`) or add a P279 or P31 statement"
"data/core.wdkb","gap","no-parent","warning","suggested-fix","Q111513007","Wikibase entity","","","","declared item with no `subclass of` (P279) and no `instance of` (P31) statement: the base says nothing about what it is","download the item (`wikidata fetch`) or add a P279 or P31 statement"
"data/core.wdkb","gap","no-parent","warning","suggested-fix","Q19798651","wikibase data model possible value for a claim","","","","declared item with no `subclass of` (P279) and no `instance of` (P31) statement: the base says nothing about what it is","download the item (`wikidata fetch`) or add a P279 or P31 statement"
"data/core.wdkb","gap","no-parent","warning","suggested-fix","Q24027526","fixed-order class of higher order","","","","declared item with no `subclass of` (P279) and no `instance of` (P31) statement: the base says nothing about what it is","download the item (`wikidata fetch`) or add a P279 or P31 statement"
"data/core.wdkb","gap","no-parent","warning","suggested-fix","Q77730568","graph theory term","","","","declared item with no `subclass of` (P279) and no `instance of` (P31) statement: the base says nothing about what it is","download the item (`wikidata fetch`) or add a P279 or P31 statement"
"data/core.wdkb","gap","no-parent","warning","suggested-fix","Q48907157","section of populated place","","","","declared item with no `subclass of` (P279) and no `instance of` (P31) statement: the base says nothing about what it is","download the item (`wikidata fetch`) or add a P279 or P31 statement"
"data/core.wdkb","gap","no-parent","warning","suggested-fix","Q8425","society","","","","declared item with no `subclass of` (P279) and no `instance of` (P31) statement: the base says nothing about what it is","download the item (`wikidata fetch`) or add a P279 or P31 statement"
"data/core.wdkb","gap","no-parent","warning","suggested-fix","Q33104129","sociological concept","","","","declared item with no `subclass of` (P279) and no `instance of` (P31) statement: the base says nothing about what it is","download the item (`wikidata fetch`) or add a P279 or P31 statement"
"data/core.wdkb","gap","no-parent","warning","suggested-fix","Q61961344","group of physical objects","","","","declared item with no `subclass of` (P279) and no `instance of` (P31) statement: the base says nothing about what it is","download the item (`wikidata fetch`) or add a P279 or P31 statement"
"data/core.wdkb","gap","no-parent","warning","suggested-fix","Q125598210","immaterial entity type","","","","declared item with no `subclass of` (P279) and no `instance of` (P31) statement: the base says nothing about what it is","download the item (`wikidata fetch`) or add a P279 or P31 statement"
"data/core.wdkb","gap","no-parent","warning","suggested-fix","Q82799","name","","","","declared item with no `subclass of` (P279) and no `instance of` (P31) statement: the base says nothing about what it is","download the item (`wikidata fetch`) or add a P279 or P31 statement"
"data/core.wdkb","gap","no-parent","warning","suggested-fix","Q836915","free state","","","","declared item with no `subclass of` (P279) and no `instance of` (P31) statement: the base says nothing about what it is","download the item (`wikidata fetch`) or add a P279 or P31 statement"
"data/core.wdkb","gap","no-parent","warning","suggested-fix","Q15631850","districts and some cities of Germany","","","","declared item with no `subclass of` (P279) and no `instance of` (P31) statement: the base says nothing about what it is","download the item (`wikidata fetch`) or add a P279 or P31 statement"
"data/core.wdkb","gap","no-parent","warning","suggested-fix","Q1418640","local government in Germany","","","","declared item with no `subclass of` (P279) and no `instance of` (P31) statement: the base says nothing about what it is","download the item (`wikidata fetch`) or add a P279 or P31 statement"
"data/core.wdkb","gap","no-parent","warning","suggested-fix","Q41773366","NUTS 3 statistical territorial entity","","","","declared item with no `subclass of` (P279) and no `instance of` (P31) statement: the base says nothing about what it is","download the item (`wikidata fetch`) or add a P279 or P31 statement"
"data/core.wdkb","gap","no-parent","warning","suggested-fix","Q4057633","hierarchy of administrative territorial entities","","","","declared item with no `subclass of` (P279) and no `instance of` (P31) statement: the base says nothing about what it is","download the item (`wikidata fetch`) or add a P279 or P31 statement"
"data/core.wdkb","gap","no-parent","warning","suggested-fix","Q3268571","administrative territorial entity of a single country","","","","declared item with no `subclass of` (P279) and no `instance of` (P31) statement: the base says nothing about what it is","download the item (`wikidata fetch`) or add a P279 or P31 statement"
"data/core.wdkb","gap","no-parent","warning","suggested-fix","Q15042037","statistical territorial entity","","","","declared item with no `subclass of` (P279) and no `instance of` (P31) statement: the base says nothing about what it is","download the item (`wikidata fetch`) or add a P279 or P31 statement"
"data/core.wdkb","gap","no-parent","warning","suggested-fix","Q1907114","metropolitan area","","","","declared item with no `subclass of` (P279) and no `instance of` (P31) statement: the base says nothing about what it is","download the item (`wikidata fetch`) or add a P279 or P31 statement"
"data/core.wdkb","gap","no-parent","warning","suggested-fix","Q15284","municipality","","","","declared item with no `subclass of` (P279) and no `instance of` (P31) statement: the base says nothing about what it is","download the item (`wikidata fetch`) or add a P279 or P31 statement"
"data/core.wdkb","gap","no-parent","warning","suggested-fix","Q163359","local administrative unit in the NUTS system","","","","declared item with no `subclass of` (P279) and no `instance of` (P31) statement: the base says nothing about what it is","download the item (`wikidata fetch`) or add a P279 or P31 statement"
"data/core.wdkb","gap","no-parent","warning","suggested-fix","Q16003513","NUTS (european administrative division classification) class","","","","declared item with no `subclass of` (P279) and no `instance of` (P31) statement: the base says nothing about what it is","download the item (`wikidata fetch`) or add a P279 or P31 statement"
"data/core.wdkb","gap","no-parent","warning","suggested-fix","Q1799794","administrative territorial entity of a specific level","","","","declared item with no `subclass of` (P279) and no `instance of` (P31) statement: the base says nothing about what it is","download the item (`wikidata fetch`) or add a P279 or P31 statement"
"data/core.wdkb","gap","no-parent","warning","suggested-fix","Q192498","administrative territorial entity of France","","","","declared item with no `subclass of` (P279) and no `instance of` (P31) statement: the base says nothing about what it is","download the item (`wikidata fetch`) or add a P279 or P31 statement"
"data/core.wdkb","gap","no-parent","warning","suggested-fix","Q837766","local authority","","","","declared item with no `subclass of` (P279) and no `instance of` (P31) statement: the base says nothing about what it is","download the item (`wikidata fetch`) or add a P279 or P31 statement"
"data/core.wdkb","gap","no-parent","warning","suggested-fix","Q56427813","type of legal entity in France","","","","declared item with no `subclass of` (P279) and no `instance of` (P31) statement: the base says nothing about what it is","download the item (`wikidata fetch`) or add a P279 or P31 statement"
"data/core.wdkb","gap","no-parent","warning","suggested-fix","Q123705","neighborhood","","","","declared item with no `subclass of` (P279) and no `instance of` (P31) statement: the base says nothing about what it is","download the item (`wikidata fetch`) or add a P279 or P31 statement"
"data/core.wdkb","gap","no-parent","warning","suggested-fix","Q16334295","group of humans","","","","declared item with no `subclass of` (P279) and no `instance of` (P31) statement: the base says nothing about what it is","download the item (`wikidata fetch`) or add a P279 or P31 statement"
"data/core.wdkb","gap","no-parent","warning","suggested-fix","Q659390","construct","","","","declared item with no `subclass of` (P279) and no `instance of` (P31) statement: the base says nothing about what it is","download the item (`wikidata fetch`) or add a P279 or P31 statement"
"data/core.wdkb","gap","no-parent","warning","suggested-fix","Q15239622","disputed territory","","","","declared item with no `subclass of` (P279) and no `instance of` (P31) statement: the base says nothing about what it is","download the item (`wikidata fetch`) or add a P279 or P31 statement"
"data/core.wdkb","gap","no-parent","warning","suggested-fix","Q19953632","former administrative territorial entity","","","","declared item with no `subclass of` (P279) and no `instance of` (P31) statement: the base says nothing about what it is","download the item (`wikidata fetch`) or add a P279 or P31 statement"
"data/core.wdkb","gap","no-parent","warning","suggested-fix","Q19832712","historical administrative division","","","","declared item with no `subclass of` (P279) and no `instance of` (P31) statement: the base says nothing about what it is","download the item (`wikidata fetch`) or add a P279 or P31 statement"
"data/core.wdkb","gap","no-parent","warning","suggested-fix","Q5589178","regime","","","","declared item with no `subclass of` (P279) and no `instance of` (P31) statement: the base says nothing about what it is","download the item (`wikidata fetch`) or add a P279 or P31 statement"
"data/core.wdkb","gap","no-parent","warning","suggested-fix","Q2752458","administrative type","","","","declared item with no `subclass of` (P279) and no `instance of` (P31) statement: the base says nothing about what it is","download the item (`wikidata fetch`) or add a P279 or P31 statement"
"data/core.wdkb","gap","no-parent","warning","suggested-fix","Q28108","political system","","","","declared item with no `subclass of` (P279) and no `instance of` (P31) statement: the base says nothing about what it is","download the item (`wikidata fetch`) or add a P279 or P31 statement"
"data/core.wdkb","gap","no-parent","warning","suggested-fix","Q28877","good/s","","","","declared item with no `subclass of` (P279) and no `instance of` (P31) statement: the base says nothing about what it is","download the item (`wikidata fetch`) or add a P279 or P31 statement"
"data/core.wdkb","gap","no-parent","warning","suggested-fix","Q137425179","type of good","","","","declared item with no `subclass of` (P279) and no `instance of` (P31) statement: the base says nothing about what it is","download the item (`wikidata fetch`) or add a P279 or P31 statement"
"data/core.wdkb","gap","no-parent","warning","suggested-fix","Q64513524","economic term","","","","declared item with no `subclass of` (P279) and no `instance of` (P31) statement: the base says nothing about what it is","download the item (`wikidata fetch`) or add a P279 or P31 statement"
"data/core.wdkb","gap","no-parent","warning","suggested-fix","Q8963063","discrete function","","","","declared item with no `subclass of` (P279) and no `instance of` (P31) statement: the base says nothing about what it is","download the item (`wikidata fetch`) or add a P279 or P31 statement"
"data/core.wdkb","gap","no-parent","warning","suggested-fix","Q3523102","source of information","","","","declared item with no `subclass of` (P279) and no `instance of` (P31) statement: the base says nothing about what it is","download the item (`wikidata fetch`) or add a P279 or P31 statement"
"data/core.wdkb","gap","no-parent","warning","suggested-fix","Q1554231","resource","","","","declared item with no `subclass of` (P279) and no `instance of` (P31) statement: the base says nothing about what it is","download the item (`wikidata fetch`) or add a P279 or P31 statement"
"data/core.wdkb","gap","no-parent","warning","suggested-fix","Q135412187","resource type","","","","declared item with no `subclass of` (P279) and no `instance of` (P31) statement: the base says nothing about what it is","download the item (`wikidata fetch`) or add a P279 or P31 statement"
"data/core.wdkb","gap","no-parent","warning","suggested-fix","Q20936777","series of specified number of works","","","","declared item with no `subclass of` (P279) and no `instance of` (P31) statement: the base says nothing about what it is","download the item (`wikidata fetch`) or add a P279 or P31 statement"
"data/core.wdkb","gap","no-parent","warning","suggested-fix","Q135268497","Group of 5","","","","declared item with no `subclass of` (P279) and no `instance of` (P31) statement: the base says nothing about what it is","download the item (`wikidata fetch`) or add a P279 or P31 statement"
"data/core.wdkb","gap","no-parent","warning","suggested-fix","Q6630149","narrative form","","","","declared item with no `subclass of` (P279) and no `instance of` (P31) statement: the base says nothing about what it is","download the item (`wikidata fetch`) or add a P279 or P31 statement"
"data/core.wdkb","gap","no-parent","warning","suggested-fix","Q29428403","pentad","","","","declared item with no `subclass of` (P279) and no `instance of` (P31) statement: the base says nothing about what it is","download the item (`wikidata fetch`) or add a P279 or P31 statement"
"data/core.wdkb","gap","no-parent","warning","suggested-fix","Q17538690","group of manifestations","","","","declared item with no `subclass of` (P279) and no `instance of` (P31) statement: the base says nothing about what it is","download the item (`wikidata fetch`) or add a P279 or P31 statement"
"data/core.wdkb","gap","no-parent","warning","suggested-fix","Q2217301","serial","","","","declared item with no `subclass of` (P279) and no `instance of` (P31) statement: the base says nothing about what it is","download the item (`wikidata fetch`) or add a P279 or P31 statement"
"data/core.wdkb","gap","no-parent","warning","suggested-fix","Q28062188","book set","","","","declared item with no `subclass of` (P279) and no `instance of` (P31) statement: the base says nothing about what it is","download the item (`wikidata fetch`) or add a P279 or P31 statement"
"data/core.wdkb","gap","no-parent","warning","suggested-fix","Q7725310","series of creative works","","","","declared item with no `subclass of` (P279) and no `instance of` (P31) statement: the base says nothing about what it is","download the item (`wikidata fetch`) or add a P279 or P31 statement"
"data/core.wdkb","gap","no-parent","warning","suggested-fix","Q140354053","type of series","","","","declared item with no `subclass of` (P279) and no `instance of` (P31) statement: the base says nothing about what it is","download the item (`wikidata fetch`) or add a P279 or P31 statement"
"data/core.wdkb","gap","no-parent","warning","suggested-fix","Q72638","consumer","","","","declared item with no `subclass of` (P279) and no `instance of` (P31) statement: the base says nothing about what it is","download the item (`wikidata fetch`) or add a P279 or P31 statement"
"data/core.wdkb","gap","no-parent","warning","suggested-fix","Q134601860","class of person","","","","declared item with no `subclass of` (P279) and no `instance of` (P31) statement: the base says nothing about what it is","download the item (`wikidata fetch`) or add a P279 or P31 statement"
"data/core.wdkb","gap","no-parent","warning","suggested-fix","Q15978631","Homo sapiens","","","","declared item with no `subclass of` (P279) and no `instance of` (P31) statement: the base says nothing about what it is","download the item (`wikidata fetch`) or add a P279 or P31 statement"
"data/core.wdkb","gap","no-parent","warning","suggested-fix","Q134264207","class of human","","","","declared item with no `subclass of` (P279) and no `instance of` (P31) statement: the base says nothing about what it is","download the item (`wikidata fetch`) or add a P279 or P31 statement"
"data/core.wdkb","gap","no-parent","warning","suggested-fix","Q1914017","knowledge worker","","","","declared item with no `subclass of` (P279) and no `instance of` (P31) statement: the base says nothing about what it is","download the item (`wikidata fetch`) or add a P279 or P31 statement"
"data/core.wdkb","gap","no-parent","warning","suggested-fix","Q3400985","academic","","","","declared item with no `subclass of` (P279) and no `instance of` (P31) statement: the base says nothing about what it is","download the item (`wikidata fetch`) or add a P279 or P31 statement"
"data/core.wdkb","gap","no-parent","warning","suggested-fix","Q795052","individual","","","","declared item with no `subclass of` (P279) and no `instance of` (P31) statement: the base says nothing about what it is","download the item (`wikidata fetch`) or add a P279 or P31 statement"
"data/core.wdkb","gap","no-parent","warning","suggested-fix","Q13406463","Wikimedia list article","","","","declared item with no `subclass of` (P279) and no `instance of` (P31) statement: the base says nothing about what it is","download the item (`wikidata fetch`) or add a P279 or P31 statement"
"data/core.wdkb","gap","no-parent","warning","suggested-fix","Q1531349","outline","","","","declared item with no `subclass of` (P279) and no `instance of` (P31) statement: the base says nothing about what it is","download the item (`wikidata fetch`) or add a P279 or P31 statement"
"data/core.wdkb","gap","no-parent","warning","suggested-fix","Q15851373","crosslink page","","","","declared item with no `subclass of` (P279) and no `instance of` (P31) statement: the base says nothing about what it is","download the item (`wikidata fetch`) or add a P279 or P31 statement"
"data/core.wdkb","gap","no-parent","warning","suggested-fix","Q627436","field of work","","","","declared item with no `subclass of` (P279) and no `instance of` (P31) statement: the base says nothing about what it is","download the item (`wikidata fetch`) or add a P279 or P31 statement"
"data/core.wdkb","gap","no-parent","warning","suggested-fix","Q483394","genre","","","","declared item with no `subclass of` (P279) and no `instance of` (P31) statement: the base says nothing about what it is","download the item (`wikidata fetch`) or add a P279 or P31 statement"
"data/core.wdkb","gap","no-parent","warning","suggested-fix","Q141000803","active interaction","","","","declared item with no `subclass of` (P279) and no `instance of` (P31) statement: the base says nothing about what it is","download the item (`wikidata fetch`) or add a P279 or P31 statement"
"data/core.wdkb","gap","no-parent","warning","suggested-fix","Q125542526","type of activity","","","","declared item with no `subclass of` (P279) and no `instance of` (P31) statement: the base says nothing about what it is","download the item (`wikidata fetch`) or add a P279 or P31 statement"
"data/core.wdkb","gap","no-parent","warning","suggested-fix","Q28813620","set","","","","declared item with no `subclass of` (P279) and no `instance of` (P31) statement: the base says nothing about what it is","download the item (`wikidata fetch`) or add a P279 or P31 statement"
"data/core.wdkb","gap","no-parent","warning","suggested-fix","Q1485500","tangible good","","","","declared item with no `subclass of` (P279) and no `instance of` (P31) statement: the base says nothing about what it is","download the item (`wikidata fetch`) or add a P279 or P31 statement"
"data/core.wdkb","gap","no-parent","warning","suggested-fix","Q649732","formal system","","","","declared item with no `subclass of` (P279) and no `instance of` (P31) statement: the base says nothing about what it is","download the item (`wikidata fetch`) or add a P279 or P31 statement"
"data/core.wdkb","gap","no-parent","warning","suggested-fix","Q66664364","linguistic term","","","","declared item with no `subclass of` (P279) and no `instance of` (P31) statement: the base says nothing about what it is","download the item (`wikidata fetch`) or add a P279 or P31 statement"
"data/core.wdkb","gap","no-parent","warning","suggested-fix","Q28923954","languoid class","","","","declared item with no `subclass of` (P279) and no `instance of` (P31) statement: the base says nothing about what it is","download the item (`wikidata fetch`) or add a P279 or P31 statement"
"data/core.wdkb","gap","no-parent","warning","suggested-fix","Q8366","algorithm","","","","declared item with no `subclass of` (P279) and no `instance of` (P31) statement: the base says nothing about what it is","download the item (`wikidata fetch`) or add a P279 or P31 statement"
"data/core.wdkb","gap","no-parent","warning","suggested-fix","Q1260632","content","","","","declared item with no `subclass of` (P279) and no `instance of` (P31) statement: the base says nothing about what it is","download the item (`wikidata fetch`) or add a P279 or P31 statement"
"data/core.wdkb","gap","no-parent","warning","suggested-fix","Q475023","exact science","","","","declared item with no `subclass of` (P279) and no `instance of` (P31) statement: the base says nothing about what it is","download the item (`wikidata fetch`) or add a P279 or P31 statement"
"data/core.wdkb","gap","no-parent","warning","suggested-fix","Q34104","science and technology","","","","declared item with no `subclass of` (P279) and no `instance of` (P31) statement: the base says nothing about what it is","download the item (`wikidata fetch`) or add a P279 or P31 statement"
"data/core.wdkb","gap","no-parent","warning","suggested-fix","Q781413","cognitive process","","","","declared item with no `subclass of` (P279) and no `instance of` (P31) statement: the base says nothing about what it is","download the item (`wikidata fetch`) or add a P279 or P31 statement"
"data/core.wdkb","gap","no-parent","warning","suggested-fix","Q853614","identifier","","","","declared item with no `subclass of` (P279) and no `instance of` (P31) statement: the base says nothing about what it is","download the item (`wikidata fetch`) or add a P279 or P31 statement"
"data/core.wdkb","gap","no-parent","warning","suggested-fix","Q2145290","mental representation","","","","declared item with no `subclass of` (P279) and no `instance of` (P31) statement: the base says nothing about what it is","download the item (`wikidata fetch`) or add a P279 or P31 statement"
"data/core.wdkb","gap","no-parent","warning","suggested-fix","Q1980247","chapter","","","","declared item with no `subclass of` (P279) and no `instance of` (P31) statement: the base says nothing about what it is","download the item (`wikidata fetch`) or add a P279 or P31 statement"
"data/core.wdkb","gap","no-parent","warning","suggested-fix","Q55915575","scholarly work","","","","declared item with no `subclass of` (P279) and no `instance of` (P31) statement: the base says nothing about what it is","download the item (`wikidata fetch`) or add a P279 or P31 statement"
"data/core.wdkb","gap","no-parent","warning","suggested-fix","Q12042160","scientific non-fiction literature","","","","declared item with no `subclass of` (P279) and no `instance of` (P31) statement: the base says nothing about what it is","download the item (`wikidata fetch`) or add a P279 or P31 statement"
"data/core.wdkb","gap","no-parent","warning","suggested-fix","Q591041","scientific publication","","","","declared item with no `subclass of` (P279) and no `instance of` (P31) statement: the base says nothing about what it is","download the item (`wikidata fetch`) or add a P279 or P31 statement"
"data/core.wdkb","gap","no-parent","warning","suggested-fix","Q36161","set","","","","declared item with no `subclass of` (P279) and no `instance of` (P31) statement: the base says nothing about what it is","download the item (`wikidata fetch`) or add a P279 or P31 statement"
"data/core.wdkb","gap","no-parent","warning","suggested-fix","Q107223533","relation (mathematics)","","","","declared item with no `subclass of` (P279) and no `instance of` (P31) statement: the base says nothing about what it is","download the item (`wikidata fetch`) or add a P279 or P31 statement"
"data/core.wdkb","gap","no-parent","warning","suggested-fix","Q1321926","constructible number","","","","declared item with no `subclass of` (P279) and no `instance of` (P31) statement: the base says nothing about what it is","download the item (`wikidata fetch`) or add a P279 or P31 statement"
"data/core.wdkb","gap","no-parent","warning","suggested-fix","Q12916","real number","","","","declared item with no `subclass of` (P279) and no `instance of` (P31) statement: the base says nothing about what it is","download the item (`wikidata fetch`) or add a P279 or P31 statement"
"data/core.wdkb","gap","no-parent","warning","suggested-fix","Q646245","algebraic integer","","","","declared item with no `subclass of` (P279) and no `instance of` (P31) statement: the base says nothing about what it is","download the item (`wikidata fetch`) or add a P279 or P31 statement"
"data/core.wdkb","gap","no-parent","warning","suggested-fix","Q68023621","element of a field","","","","declared item with no `subclass of` (P279) and no `instance of` (P31) statement: the base says nothing about what it is","download the item (`wikidata fetch`) or add a P279 or P31 statement"
"data/core.wdkb","gap","no-parent","warning","suggested-fix","Q11567","complex number","","","","declared item with no `subclass of` (P279) and no `instance of` (P31) statement: the base says nothing about what it is","download the item (`wikidata fetch`) or add a P279 or P31 statement"
"data/core.wdkb","gap","no-parent","warning","suggested-fix","Q11563","number","","","","declared item with no `subclass of` (P279) and no `instance of` (P31) statement: the base says nothing about what it is","download the item (`wikidata fetch`) or add a P279 or P31 statement"
"data/core.wdkb","gap","no-parent","warning","suggested-fix","Q379825","element","","","","declared item with no `subclass of` (P279) and no `instance of` (P31) statement: the base says nothing about what it is","download the item (`wikidata fetch`) or add a P279 or P31 statement"
"data/core.wdkb","gap","no-parent","warning","suggested-fix","Q1979154","model","","","","declared item with no `subclass of` (P279) and no `instance of` (P31) statement: the base says nothing about what it is","download the item (`wikidata fetch`) or add a P279 or P31 statement"
"data/core.wdkb","gap","no-parent","warning","suggested-fix","Q103812671","anatomical entity type","","","","declared item with no `subclass of` (P279) and no `instance of` (P31) statement: the base says nothing about what it is","download the item (`wikidata fetch`) or add a P279 or P31 statement"
"data/core.wdkb","gap","no-parent","warning","suggested-fix","Q103997018","direct anatomical metaclass","","","","declared item with no `subclass of` (P279) and no `instance of` (P31) statement: the base says nothing about what it is","download the item (`wikidata fetch`) or add a P279 or P31 statement"
"data/core.wdkb","gap","no-parent","warning","suggested-fix","Q103940464","continuant","","","","declared item with no `subclass of` (P279) and no `instance of` (P31) statement: the base says nothing about what it is","download the item (`wikidata fetch`) or add a P279 or P31 statement"
"data/core.wdkb","gap","no-parent","warning","suggested-fix","Q136772242","type of living thing","","","","declared item with no `subclass of` (P279) and no `instance of` (P31) statement: the base says nothing about what it is","download the item (`wikidata fetch`) or add a P279 or P31 statement"
"data/core.wdkb","gap","no-parent","warning","suggested-fix","Q1454986","physical system","","","","declared item with no `subclass of` (P279) and no `instance of` (P31) statement: the base says nothing about what it is","download the item (`wikidata fetch`) or add a P279 or P31 statement"
"data/core.wdkb","gap","no-parent","warning","suggested-fix","Q6671777","structure","","","","declared item with no `subclass of` (P279) and no `instance of` (P31) statement: the base says nothing about what it is","download the item (`wikidata fetch`) or add a P279 or P31 statement"
"data/core.wdkb","gap","no-parent","warning","suggested-fix","Q16686022","natural physical object","","","","declared item with no `subclass of` (P279) and no `instance of` (P31) statement: the base says nothing about what it is","download the item (`wikidata fetch`) or add a P279 or P31 statement"
"data/core.wdkb","gap","no-parent","warning","suggested-fix","Q169336","mixture","","","","declared item with no `subclass of` (P279) and no `instance of` (P31) statement: the base says nothing about what it is","download the item (`wikidata fetch`) or add a P279 or P31 statement"
"data/core.wdkb","gap","no-parent","warning","suggested-fix","Q214609","material","","","","declared item with no `subclass of` (P279) and no `instance of` (P31) statement: the base says nothing about what it is","download the item (`wikidata fetch`) or add a P279 or P31 statement"
"data/core.wdkb","gap","no-parent","warning","suggested-fix","Q2393187","molecular entity","","","","declared item with no `subclass of` (P279) and no `instance of` (P31) statement: the base says nothing about what it is","download the item (`wikidata fetch`) or add a P279 or P31 statement"
"data/core.wdkb","gap","no-parent","warning","suggested-fix","Q355679","carboxamides","","","","declared item with no `subclass of` (P279) and no `instance of` (P31) statement: the base says nothing about what it is","download the item (`wikidata fetch`) or add a P279 or P31 statement"
"data/core.wdkb","gap","no-parent","warning","suggested-fix","Q123139280","abstract object","","","","declared item with no `subclass of` (P279) and no `instance of` (P31) statement: the base says nothing about what it is","download the item (`wikidata fetch`) or add a P279 or P31 statement"
"data/core.wdkb","gap","no-parent","warning","suggested-fix","Q11028","information","","","","declared item with no `subclass of` (P279) and no `instance of` (P31) statement: the base says nothing about what it is","download the item (`wikidata fetch`) or add a P279 or P31 statement"
"data/core.wdkb","gap","no-parent","warning","suggested-fix","Q12488383","content","","","","declared item with no `subclass of` (P279) and no `instance of` (P31) statement: the base says nothing about what it is","download the item (`wikidata fetch`) or add a P279 or P31 statement"
"data/core.wdkb","gap","no-parent","warning","suggested-fix","Q1207505","quality","","","","declared item with no `subclass of` (P279) and no `instance of` (P31) statement: the base says nothing about what it is","download the item (`wikidata fetch`) or add a P279 or P31 statement"
"data/core.wdkb","gap","no-parent","warning","suggested-fix","Q2169973","service provider","","","","declared item with no `subclass of` (P279) and no `instance of` (P31) statement: the base says nothing about what it is","download the item (`wikidata fetch`) or add a P279 or P31 statement"
"data/core.wdkb","gap","no-parent","warning","suggested-fix","Q132759797","pedagogic institution","","","","declared item with no `subclass of` (P279) and no `instance of` (P31) statement: the base says nothing about what it is","download the item (`wikidata fetch`) or add a P279 or P31 statement"
"data/core.wdkb","gap","no-parent","warning","suggested-fix","Q178706","institution","","","","declared item with no `subclass of` (P279) and no `instance of` (P31) statement: the base says nothing about what it is","download the item (`wikidata fetch`) or add a P279 or P31 statement"
"data/core.wdkb","gap","no-parent","warning","suggested-fix","Q136410232","research organization","","","","declared item with no `subclass of` (P279) and no `instance of` (P31) statement: the base says nothing about what it is","download the item (`wikidata fetch`) or add a P279 or P31 statement"
"data/core.wdkb","gap","no-parent","warning","suggested-fix","Q5341295","educational organization","","","","declared item with no `subclass of` (P279) and no `instance of` (P31) statement: the base says nothing about what it is","download the item (`wikidata fetch`) or add a P279 or P31 statement"
"data/core.wdkb","gap","no-parent","warning","suggested-fix","Q48937186","word or phrase","","","","declared item with no `subclass of` (P279) and no `instance of` (P31) statement: the base says nothing about what it is","download the item (`wikidata fetch`) or add a P279 or P31 statement"
"data/core.wdkb","gap","no-parent","warning","suggested-fix","Q3695082","sign","","","","declared item with no `subclass of` (P279) and no `instance of` (P31) statement: the base says nothing about what it is","download the item (`wikidata fetch`) or add a P279 or P31 statement"
"data/core.wdkb","gap","no-parent","warning","suggested-fix","Q895526","governing body","","","","declared item with no `subclass of` (P279) and no `instance of` (P31) statement: the base says nothing about what it is","download the item (`wikidata fetch`) or add a P279 or P31 statement"
"data/core.wdkb","gap","no-parent","warning","suggested-fix","Q714737","category of being","","","","declared item with no `subclass of` (P279) and no `instance of` (P31) statement: the base says nothing about what it is","download the item (`wikidata fetch`) or add a P279 or P31 statement"
"data/core.wdkb","gap","no-parent","warning","suggested-fix","Q115491417","description","","","","declared item with no `subclass of` (P279) and no `instance of` (P31) statement: the base says nothing about what it is","download the item (`wikidata fetch`) or add a P279 or P31 statement"
"data/core.wdkb","gap","no-parent","warning","suggested-fix","Q6005984","baryonic matter","","","","declared item with no `subclass of` (P279) and no `instance of` (P31) statement: the base says nothing about what it is","download the item (`wikidata fetch`) or add a P279 or P31 statement"
"data/core.wdkb","gap","no-parent","warning","suggested-fix","Q3505845","state","","","","declared item with no `subclass of` (P279) and no `instance of` (P31) statement: the base says nothing about what it is","download the item (`wikidata fetch`) or add a P279 or P31 statement"
"data/core.wdkb","gap","no-parent","warning","suggested-fix","Q813912","condition","","","","declared item with no `subclass of` (P279) and no `instance of` (P31) statement: the base says nothing about what it is","download the item (`wikidata fetch`) or add a P279 or P31 statement"
"data/core.wdkb","gap","no-parent","warning","suggested-fix","Q122764215","personal risk","","","","declared item with no `subclass of` (P279) and no `instance of` (P31) statement: the base says nothing about what it is","download the item (`wikidata fetch`) or add a P279 or P31 statement"
"data/core.wdkb","gap","no-parent","warning","suggested-fix","Q1132455","hazard","","","","declared item with no `subclass of` (P279) and no `instance of` (P31) statement: the base says nothing about what it is","download the item (`wikidata fetch`) or add a P279 or P31 statement"
"data/core.wdkb","gap","no-parent","warning","suggested-fix","Q101208084","type of risk","","","","declared item with no `subclass of` (P279) and no `instance of` (P31) statement: the base says nothing about what it is","download the item (`wikidata fetch`) or add a P279 or P31 statement"
"data/core.wdkb","gap","no-parent","warning","suggested-fix","Q483247","phenomenon","","","","declared item with no `subclass of` (P279) and no `instance of` (P31) statement: the base says nothing about what it is","download the item (`wikidata fetch`) or add a P279 or P31 statement"
"data/core.wdkb","gap","no-parent","warning","suggested-fix","Q1322005","natural phenomenon","","","","declared item with no `subclass of` (P279) and no `instance of` (P31) statement: the base says nothing about what it is","download the item (`wikidata fetch`) or add a P279 or P31 statement"
"data/core.wdkb","gap","no-parent","warning","suggested-fix","Q111752858","physicochemical process","","","","declared item with no `subclass of` (P279) and no `instance of` (P31) statement: the base says nothing about what it is","download the item (`wikidata fetch`) or add a P279 or P31 statement"
"data/core.wdkb","gap","no-parent","warning","suggested-fix","Q1293220","physical phenomenon","","","","declared item with no `subclass of` (P279) and no `instance of` (P31) statement: the base says nothing about what it is","download the item (`wikidata fetch`) or add a P279 or P31 statement"
"data/core.wdkb","gap","no-parent","warning","suggested-fix","Q2995644","result","","","","declared item with no `subclass of` (P279) and no `instance of` (P31) statement: the base says nothing about what it is","download the item (`wikidata fetch`) or add a P279 or P31 statement"
"data/core.wdkb","gap","no-parent","warning","suggested-fix","Q24249534","specialised classification scheme","","","","declared item with no `subclass of` (P279) and no `instance of` (P31) statement: the base says nothing about what it is","download the item (`wikidata fetch`) or add a P279 or P31 statement"
"data/core.wdkb","gap","no-parent","warning","suggested-fix","Q125506646","transfer","","","","declared item with no `subclass of` (P279) and no `instance of` (P31) statement: the base says nothing about what it is","download the item (`wikidata fetch`) or add a P279 or P31 statement"
"data/core.wdkb","gap","no-parent","warning","suggested-fix","Q2976602","industry classification scheme","","","","declared item with no `subclass of` (P279) and no `instance of` (P31) statement: the base says nothing about what it is","download the item (`wikidata fetch`) or add a P279 or P31 statement"
"data/core.wdkb","gap","no-parent","warning","suggested-fix","Q131362181","social science concept","","","","declared item with no `subclass of` (P279) and no `instance of` (P31) statement: the base says nothing about what it is","download the item (`wikidata fetch`) or add a P279 or P31 statement"
"data/core.wdkb","gap","no-parent","warning","suggested-fix","Q24902509","human activity","","","","declared item with no `subclass of` (P279) and no `instance of` (P31) statement: the base says nothing about what it is","download the item (`wikidata fetch`) or add a P279 or P31 statement"
"data/core.wdkb","gap","no-parent","warning","suggested-fix","Q115431196","violent conflict","","","","declared item with no `subclass of` (P279) and no `instance of` (P31) statement: the base says nothing about what it is","download the item (`wikidata fetch`) or add a P279 or P31 statement"
"data/core.wdkb","gap","no-parent","warning","suggested-fix","Q2141565","situation","","","","declared item with no `subclass of` (P279) and no `instance of` (P31) statement: the base says nothing about what it is","download the item (`wikidata fetch`) or add a P279 or P31 statement"
"data/core.wdkb","gap","no-parent","warning","suggested-fix","Q123928941","concern","","","","declared item with no `subclass of` (P279) and no `instance of` (P31) statement: the base says nothing about what it is","download the item (`wikidata fetch`) or add a P279 or P31 statement"
"data/core.wdkb","gap","no-parent","warning","suggested-fix","Q68482296","military activity","","","","declared item with no `subclass of` (P279) and no `instance of` (P31) statement: the base says nothing about what it is","download the item (`wikidata fetch`) or add a P279 or P31 statement"
"data/core.wdkb","gap","no-parent","warning","suggested-fix","Q839578","group dynamics","","","","declared item with no `subclass of` (P279) and no `instance of` (P31) statement: the base says nothing about what it is","download the item (`wikidata fetch`) or add a P279 or P31 statement"
"data/core.wdkb","gap","no-parent","warning","suggested-fix","Q86923152","risk source","","","","declared item with no `subclass of` (P279) and no `instance of` (P31) statement: the base says nothing about what it is","download the item (`wikidata fetch`) or add a P279 or P31 statement"
"data/core.wdkb","gap","no-parent","warning","suggested-fix","Q12558574","point of view","","","","declared item with no `subclass of` (P279) and no `instance of` (P31) statement: the base says nothing about what it is","download the item (`wikidata fetch`) or add a P279 or P31 statement"
"data/core.wdkb","gap","no-parent","warning","suggested-fix","Q4897819","role","","","","declared item with no `subclass of` (P279) and no `instance of` (P31) statement: the base says nothing about what it is","download the item (`wikidata fetch`) or add a P279 or P31 statement"
"data/core.wdkb","gap","no-parent","warning","suggested-fix","Q127244","Gδ set","","","","declared item with no `subclass of` (P279) and no `instance of` (P31) statement: the base says nothing about what it is","download the item (`wikidata fetch`) or add a P279 or P31 statement"
"data/core.wdkb","gap","no-parent","warning","suggested-fix","Q138665581","type of set","","","","declared item with no `subclass of` (P279) and no `instance of` (P31) statement: the base says nothing about what it is","download the item (`wikidata fetch`) or add a P279 or P31 statement"
"data/core.wdkb","gap","no-parent","warning","suggested-fix","Q179899","topological space","","","","declared item with no `subclass of` (P279) and no `instance of` (P31) statement: the base says nothing about what it is","download the item (`wikidata fetch`) or add a P279 or P31 statement"
"data/core.wdkb","gap","no-parent","warning","suggested-fix","Q132225801","productive property","","","","declared item with no `subclass of` (P279) and no `instance of` (P31) statement: the base says nothing about what it is","download the item (`wikidata fetch`) or add a P279 or P31 statement"
"data/core.wdkb","gap","no-parent","warning","suggested-fix","Q177646","subset","","","","declared item with no `subclass of` (P279) and no `instance of` (P31) statement: the base says nothing about what it is","download the item (`wikidata fetch`) or add a P279 or P31 statement"
"data/creative.wdkb","gap","no-parent","warning","suggested-fix","Q28877","good/s","","","","declared item with no `subclass of` (P279) and no `instance of` (P31) statement: the base says nothing about what it is","download the item (`wikidata fetch`) or add a P279 or P31 statement"
"data/creative.wdkb","gap","no-parent","warning","suggested-fix","Q137425179","type of good","","","","declared item with no `subclass of` (P279) and no `instance of` (P31) statement: the base says nothing about what it is","download the item (`wikidata fetch`) or add a P279 or P31 statement"
"data/creative.wdkb","gap","no-parent","warning","suggested-fix","Q64513524","economic term","","","","declared item with no `subclass of` (P279) and no `instance of` (P31) statement: the base says nothing about what it is","download the item (`wikidata fetch`) or add a P279 or P31 statement"
"data/creative.wdkb","gap","no-parent","warning","suggested-fix","Q8963063","discrete function","","","","declared item with no `subclass of` (P279) and no `instance of` (P31) statement: the base says nothing about what it is","download the item (`wikidata fetch`) or add a P279 or P31 statement"
"data/creative.wdkb","gap","no-parent","warning","suggested-fix","Q3523102","source of information","","","","declared item with no `subclass of` (P279) and no `instance of` (P31) statement: the base says nothing about what it is","download the item (`wikidata fetch`) or add a P279 or P31 statement"
"data/creative.wdkb","gap","no-parent","warning","suggested-fix","Q1554231","resource","","","","declared item with no `subclass of` (P279) and no `instance of` (P31) statement: the base says nothing about what it is","download the item (`wikidata fetch`) or add a P279 or P31 statement"
"data/creative.wdkb","gap","no-parent","warning","suggested-fix","Q135412187","resource type","","","","declared item with no `subclass of` (P279) and no `instance of` (P31) statement: the base says nothing about what it is","download the item (`wikidata fetch`) or add a P279 or P31 statement"
"data/creative.wdkb","gap","no-parent","warning","suggested-fix","Q131362181","social science concept","","","","declared item with no `subclass of` (P279) and no `instance of` (P31) statement: the base says nothing about what it is","download the item (`wikidata fetch`) or add a P279 or P31 statement"
"data/creative.wdkb","gap","no-parent","warning","suggested-fix","Q115471117","self-depicting entity","","","","declared item with no `subclass of` (P279) and no `instance of` (P31) statement: the base says nothing about what it is","download the item (`wikidata fetch`) or add a P279 or P31 statement"
"data/creative.wdkb","gap","no-parent","warning","suggested-fix","Q1969448","term","","","","declared item with no `subclass of` (P279) and no `instance of` (P31) statement: the base says nothing about what it is","download the item (`wikidata fetch`) or add a P279 or P31 statement"
"data/creative.wdkb","gap","no-parent","warning","suggested-fix","Q137429456","type of concept","","","","declared item with no `subclass of` (P279) and no `instance of` (P31) statement: the base says nothing about what it is","download the item (`wikidata fetch`) or add a P279 or P31 statement"
"data/creative.wdkb","gap","no-parent","warning","suggested-fix","Q3695082","sign","","","","declared item with no `subclass of` (P279) and no `instance of` (P31) statement: the base says nothing about what it is","download the item (`wikidata fetch`) or add a P279 or P31 statement"
"data/creative.wdkb","gap","no-parent","warning","suggested-fix","Q123139280","abstract object","","","","declared item with no `subclass of` (P279) and no `instance of` (P31) statement: the base says nothing about what it is","download the item (`wikidata fetch`) or add a P279 or P31 statement"
"data/creative.wdkb","gap","no-parent","warning","suggested-fix","Q35120","entity","","","","declared item with no `subclass of` (P279) and no `instance of` (P31) statement: the base says nothing about what it is","download the item (`wikidata fetch`) or add a P279 or P31 statement"
"data/creative.wdkb","gap","no-parent","warning","suggested-fix","Q115490628","fundamental Wikidata entity","","","","declared item with no `subclass of` (P279) and no `instance of` (P31) statement: the base says nothing about what it is","download the item (`wikidata fetch`) or add a P279 or P31 statement"
"data/creative.wdkb","gap","no-parent","warning","suggested-fix","Q16889133","class","","","","declared item with no `subclass of` (P279) and no `instance of` (P31) statement: the base says nothing about what it is","download the item (`wikidata fetch`) or add a P279 or P31 statement"
"data/creative.wdkb","gap","no-parent","warning","suggested-fix","Q19868531","formal ontology concept","","","","declared item with no `subclass of` (P279) and no `instance of` (P31) statement: the base says nothing about what it is","download the item (`wikidata fetch`) or add a P279 or P31 statement"
"data/creative.wdkb","gap","no-parent","warning","suggested-fix","Q20936777","series of specified number of works","","","","declared item with no `subclass of` (P279) and no `instance of` (P31) statement: the base says nothing about what it is","download the item (`wikidata fetch`) or add a P279 or P31 statement"
"data/creative.wdkb","gap","no-parent","warning","suggested-fix","Q135268497","Group of 5","","","","declared item with no `subclass of` (P279) and no `instance of` (P31) statement: the base says nothing about what it is","download the item (`wikidata fetch`) or add a P279 or P31 statement"
"data/creative.wdkb","gap","no-parent","warning","suggested-fix","Q6630149","narrative form","","","","declared item with no `subclass of` (P279) and no `instance of` (P31) statement: the base says nothing about what it is","download the item (`wikidata fetch`) or add a P279 or P31 statement"
"data/creative.wdkb","gap","no-parent","warning","suggested-fix","Q29428403","pentad","","","","declared item with no `subclass of` (P279) and no `instance of` (P31) statement: the base says nothing about what it is","download the item (`wikidata fetch`) or add a P279 or P31 statement"
"data/creative.wdkb","gap","no-parent","warning","suggested-fix","Q17538690","group of manifestations","","","","declared item with no `subclass of` (P279) and no `instance of` (P31) statement: the base says nothing about what it is","download the item (`wikidata fetch`) or add a P279 or P31 statement"
"data/creative.wdkb","gap","no-parent","warning","suggested-fix","Q2217301","serial","","","","declared item with no `subclass of` (P279) and no `instance of` (P31) statement: the base says nothing about what it is","download the item (`wikidata fetch`) or add a P279 or P31 statement"
"data/creative.wdkb","gap","no-parent","warning","suggested-fix","Q28062188","book set","","","","declared item with no `subclass of` (P279) and no `instance of` (P31) statement: the base says nothing about what it is","download the item (`wikidata fetch`) or add a P279 or P31 statement"
"data/creative.wdkb","gap","no-parent","warning","suggested-fix","Q7725310","series of creative works","","","","declared item with no `subclass of` (P279) and no `instance of` (P31) statement: the base says nothing about what it is","download the item (`wikidata fetch`) or add a P279 or P31 statement"
"data/creative.wdkb","gap","no-parent","warning","suggested-fix","Q140354053","type of series","","","","declared item with no `subclass of` (P279) and no `instance of` (P31) statement: the base says nothing about what it is","download the item (`wikidata fetch`) or add a P279 or P31 statement"
"data/creative.wdkb","gap","no-parent","warning","suggested-fix","Q215627","person","","","","declared item with no `subclass of` (P279) and no `instance of` (P31) statement: the base says nothing about what it is","download the item (`wikidata fetch`) or add a P279 or P31 statement"
"data/creative.wdkb","gap","no-parent","warning","suggested-fix","Q795052","individual","","","","declared item with no `subclass of` (P279) and no `instance of` (P31) statement: the base says nothing about what it is","download the item (`wikidata fetch`) or add a P279 or P31 statement"
"data/creative.wdkb","gap","no-parent","warning","suggested-fix","Q72638","consumer","","","","declared item with no `subclass of` (P279) and no `instance of` (P31) statement: the base says nothing about what it is","download the item (`wikidata fetch`) or add a P279 or P31 statement"
"data/creative.wdkb","gap","no-parent","warning","suggested-fix","Q729","animal","","","","declared item with no `subclass of` (P279) and no `instance of` (P31) statement: the base says nothing about what it is","download the item (`wikidata fetch`) or add a P279 or P31 statement"
"data/creative.wdkb","gap","no-parent","warning","suggested-fix","Q3778211","legal person","","","","declared item with no `subclass of` (P279) and no `instance of` (P31) statement: the base says nothing about what it is","download the item (`wikidata fetch`) or add a P279 or P31 statement"
"data/creative.wdkb","gap","no-parent","warning","suggested-fix","Q106559804","person or organization","","","","declared item with no `subclass of` (P279) and no `instance of` (P31) statement: the base says nothing about what it is","download the item (`wikidata fetch`) or add a P279 or P31 statement"
"data/creative.wdkb","gap","no-parent","warning","suggested-fix","Q2135465","legal term or legal concept","","","","declared item with no `subclass of` (P279) and no `instance of` (P31) statement: the base says nothing about what it is","download the item (`wikidata fetch`) or add a P279 or P31 statement"
"data/creative.wdkb","gap","no-parent","warning","suggested-fix","Q10541491","legal form","","","","declared item with no `subclass of` (P279) and no `instance of` (P31) statement: the base says nothing about what it is","download the item (`wikidata fetch`) or add a P279 or P31 statement"
"data/creative.wdkb","gap","no-parent","warning","suggested-fix","Q134601860","class of person","","","","declared item with no `subclass of` (P279) and no `instance of` (P31) statement: the base says nothing about what it is","download the item (`wikidata fetch`) or add a P279 or P31 statement"
"data/creative.wdkb","gap","no-parent","warning","suggested-fix","Q111360549","type of physical object","","","","declared item with no `subclass of` (P279) and no `instance of` (P31) statement: the base says nothing about what it is","download the item (`wikidata fetch`) or add a P279 or P31 statement"
"data/creative.wdkb","gap","no-parent","warning","suggested-fix","Q15978631","Homo sapiens","","","","declared item with no `subclass of` (P279) and no `instance of` (P31) statement: the base says nothing about what it is","download the item (`wikidata fetch`) or add a P279 or P31 statement"
"data/creative.wdkb","gap","no-parent","warning","suggested-fix","Q134264207","class of human","","","","declared item with no `subclass of` (P279) and no `instance of` (P31) statement: the base says nothing about what it is","download the item (`wikidata fetch`) or add a P279 or P31 statement"
"data/creative.wdkb","gap","no-parent","warning","suggested-fix","Q21871294","group or class of living things","","","","declared item with no `subclass of` (P279) and no `instance of` (P31) statement: the base says nothing about what it is","download the item (`wikidata fetch`) or add a P279 or P31 statement"
"data/douglas.wdkb","gap","no-parent","warning","suggested-fix","Q215627","person","","","","declared item with no `subclass of` (P279) and no `instance of` (P31) statement: the base says nothing about what it is","download the item (`wikidata fetch`) or add a P279 or P31 statement"
"data/douglas.wdkb","gap","no-parent","warning","suggested-fix","Q795052","individual","","","","declared item with no `subclass of` (P279) and no `instance of` (P31) statement: the base says nothing about what it is","download the item (`wikidata fetch`) or add a P279 or P31 statement"
"data/douglas.wdkb","gap","no-parent","warning","suggested-fix","Q72638","consumer","","","","declared item with no `subclass of` (P279) and no `instance of` (P31) statement: the base says nothing about what it is","download the item (`wikidata fetch`) or add a P279 or P31 statement"
"data/douglas.wdkb","gap","no-parent","warning","suggested-fix","Q729","animal","","","","declared item with no `subclass of` (P279) and no `instance of` (P31) statement: the base says nothing about what it is","download the item (`wikidata fetch`) or add a P279 or P31 statement"
"data/douglas.wdkb","gap","no-parent","warning","suggested-fix","Q3778211","legal person","","","","declared item with no `subclass of` (P279) and no `instance of` (P31) statement: the base says nothing about what it is","download the item (`wikidata fetch`) or add a P279 or P31 statement"
"data/douglas.wdkb","gap","no-parent","warning","suggested-fix","Q106559804","person or organization","","","","declared item with no `subclass of` (P279) and no `instance of` (P31) statement: the base says nothing about what it is","download the item (`wikidata fetch`) or add a P279 or P31 statement"
"data/douglas.wdkb","gap","no-parent","warning","suggested-fix","Q2135465","legal term or legal concept","","","","declared item with no `subclass of` (P279) and no `instance of` (P31) statement: the base says nothing about what it is","download the item (`wikidata fetch`) or add a P279 or P31 statement"
"data/douglas.wdkb","gap","no-parent","warning","suggested-fix","Q10541491","legal form","","","","declared item with no `subclass of` (P279) and no `instance of` (P31) statement: the base says nothing about what it is","download the item (`wikidata fetch`) or add a P279 or P31 statement"
"data/douglas.wdkb","gap","no-parent","warning","suggested-fix","Q134601860","class of person","","","","declared item with no `subclass of` (P279) and no `instance of` (P31) statement: the base says nothing about what it is","download the item (`wikidata fetch`) or add a P279 or P31 statement"
"data/douglas.wdkb","gap","no-parent","warning","suggested-fix","Q111360549","type of physical object","","","","declared item with no `subclass of` (P279) and no `instance of` (P31) statement: the base says nothing about what it is","download the item (`wikidata fetch`) or add a P279 or P31 statement"
"data/douglas.wdkb","gap","no-parent","warning","suggested-fix","Q15978631","Homo sapiens","","","","declared item with no `subclass of` (P279) and no `instance of` (P31) statement: the base says nothing about what it is","download the item (`wikidata fetch`) or add a P279 or P31 statement"
"data/douglas.wdkb","gap","no-parent","warning","suggested-fix","Q134264207","class of human","","","","declared item with no `subclass of` (P279) and no `instance of` (P31) statement: the base says nothing about what it is","download the item (`wikidata fetch`) or add a P279 or P31 statement"
"data/douglas.wdkb","gap","no-parent","warning","suggested-fix","Q21871294","group or class of living things","","","","declared item with no `subclass of` (P279) and no `instance of` (P31) statement: the base says nothing about what it is","download the item (`wikidata fetch`) or add a P279 or P31 statement"
"data/douglas.wdkb","gap","no-parent","warning","suggested-fix","Q19478619","metaclass","","","","declared item with no `subclass of` (P279) and no `instance of` (P31) statement: the base says nothing about what it is","download the item (`wikidata fetch`) or add a P279 or P31 statement"
"data/enriched.wdkb","gap","no-parent","warning","suggested-fix","Q139761564","Cubical type theory","","","","declared item with no `subclass of` (P279) and no `instance of` (P31) statement: the base says nothing about what it is","download the item (`wikidata fetch`) or add a P279 or P31 statement"
"data/enriched.wdkb","gap","no-parent","warning","suggested-fix","Q110720714","Identity type","","","","declared item with no `subclass of` (P279) and no `instance of` (P31) statement: the base says nothing about what it is","download the item (`wikidata fetch`) or add a P279 or P31 statement"
"data/enriched.wdkb","gap","no-parent","warning","suggested-fix","Q115471117","self-depicting entity","","","","declared item with no `subclass of` (P279) and no `instance of` (P31) statement: the base says nothing about what it is","download the item (`wikidata fetch`) or add a P279 or P31 statement"
"data/enriched.wdkb","gap","no-parent","warning","suggested-fix","Q115491417","description","","","","declared item with no `subclass of` (P279) and no `instance of` (P31) statement: the base says nothing about what it is","download the item (`wikidata fetch`) or add a P279 or P31 statement"
"data/enriched.wdkb","gap","no-parent","warning","suggested-fix","Q58778","system","","","","declared item with no `subclass of` (P279) and no `instance of` (P31) statement: the base says nothing about what it is","download the item (`wikidata fetch`) or add a P279 or P31 statement"
"data/enriched.wdkb","gap","no-parent","warning","suggested-fix","Q16686448","artificial object","","","","declared item with no `subclass of` (P279) and no `instance of` (P31) statement: the base says nothing about what it is","download the item (`wikidata fetch`) or add a P279 or P31 statement"
"data/enriched.wdkb","gap","no-parent","warning","suggested-fix","Q105948247","knowledge system","","","","declared item with no `subclass of` (P279) and no `instance of` (P31) statement: the base says nothing about what it is","download the item (`wikidata fetch`) or add a P279 or P31 statement"
"data/enriched.wdkb","gap","no-parent","warning","suggested-fix","Q110403031","knowledge type","","","","declared item with no `subclass of` (P279) and no `instance of` (P31) statement: the base says nothing about what it is","download the item (`wikidata fetch`) or add a P279 or P31 statement"
"data/enriched.wdkb","gap","no-parent","warning","suggested-fix","Q26256810","topic","","","","declared item with no `subclass of` (P279) and no `instance of` (P31) statement: the base says nothing about what it is","download the item (`wikidata fetch`) or add a P279 or P31 statement"
"data/enriched.wdkb","gap","no-parent","warning","suggested-fix","Q21040055","aspect","","","","declared item with no `subclass of` (P279) and no `instance of` (P31) statement: the base says nothing about what it is","download the item (`wikidata fetch`) or add a P279 or P31 statement"
"data/enriched.wdkb","gap","no-parent","warning","suggested-fix","Q121344523","type of classification","","","","declared item with no `subclass of` (P279) and no `instance of` (P31) statement: the base says nothing about what it is","download the item (`wikidata fetch`) or add a P279 or P31 statement"
"data/enriched.wdkb","gap","no-parent","warning","suggested-fix","Q336","science","","","","declared item with no `subclass of` (P279) and no `instance of` (P31) statement: the base says nothing about what it is","download the item (`wikidata fetch`) or add a P279 or P31 statement"
"data/enriched.wdkb","gap","no-parent","warning","suggested-fix","Q12775893","scheme","","","","declared item with no `subclass of` (P279) and no `instance of` (P31) statement: the base says nothing about what it is","download the item (`wikidata fetch`) or add a P279 or P31 statement"
"data/enriched.wdkb","gap","no-parent","warning","suggested-fix","Q131841","idea","","","","declared item with no `subclass of` (P279) and no `instance of` (P31) statement: the base says nothing about what it is","download the item (`wikidata fetch`) or add a P279 or P31 statement"
"data/enriched.wdkb","gap","no-parent","warning","suggested-fix","Q6423319","knowledge organization system","","","","declared item with no `subclass of` (P279) and no `instance of` (P31) statement: the base says nothing about what it is","download the item (`wikidata fetch`) or add a P279 or P31 statement"
"data/enriched.wdkb","gap","no-parent","warning","suggested-fix","Q739925","family of sets","","","","declared item with no `subclass of` (P279) and no `instance of` (P31) statement: the base says nothing about what it is","download the item (`wikidata fetch`) or add a P279 or P31 statement"
"data/enriched.wdkb","gap","no-parent","warning","suggested-fix","Q35120","entity","","","","declared item with no `subclass of` (P279) and no `instance of` (P31) statement: the base says nothing about what it is","download the item (`wikidata fetch`) or add a P279 or P31 statement"
"data/enriched.wdkb","gap","no-parent","warning","suggested-fix","Q115490628","fundamental Wikidata entity","","","","declared item with no `subclass of` (P279) and no `instance of` (P31) statement: the base says nothing about what it is","download the item (`wikidata fetch`) or add a P279 or P31 statement"
"data/enriched.wdkb","gap","no-parent","warning","suggested-fix","Q23959932","fixed-order class","","","","declared item with no `subclass of` (P279) and no `instance of` (P31) statement: the base says nothing about what it is","download the item (`wikidata fetch`) or add a P279 or P31 statement"
"data/enriched.wdkb","gap","no-parent","warning","suggested-fix","Q24017465","third-order class","","","","declared item with no `subclass of` (P279) and no `instance of` (P31) statement: the base says nothing about what it is","download the item (`wikidata fetch`) or add a P279 or P31 statement"
"data/enriched.wdkb","gap","no-parent","warning","suggested-fix","Q54933429","left-unique relation","","","","declared item with no `subclass of` (P279) and no `instance of` (P31) statement: the base says nothing about what it is","download the item (`wikidata fetch`) or add a P279 or P31 statement"
"data/enriched.wdkb","gap","no-parent","warning","suggested-fix","Q19833078","surjective relation","","","","declared item with no `subclass of` (P279) and no `instance of` (P31) statement: the base says nothing about what it is","download the item (`wikidata fetch`) or add a P279 or P31 statement"
"data/enriched.wdkb","gap","no-parent","warning","suggested-fix","Q1211071","equivalence class","","","","declared item with no `subclass of` (P279) and no `instance of` (P31) statement: the base says nothing about what it is","download the item (`wikidata fetch`) or add a P279 or P31 statement"
"data/enriched.wdkb","gap","no-parent","warning","suggested-fix","Q121771058","locally small category","","","","declared item with no `subclass of` (P279) and no `instance of` (P31) statement: the base says nothing about what it is","download the item (`wikidata fetch`) or add a P279 or P31 statement"
"data/enriched.wdkb","gap","no-parent","warning","suggested-fix","Q18206693","E-dense semigroup","","","","declared item with no `subclass of` (P279) and no `instance of` (P31) statement: the base says nothing about what it is","download the item (`wikidata fetch`) or add a P279 or P31 statement"
"data/enriched.wdkb","gap","no-parent","warning","suggested-fix","Q4903541","bicategory","","","","declared item with no `subclass of` (P279) and no `instance of` (P31) statement: the base says nothing about what it is","download the item (`wikidata fetch`) or add a P279 or P31 statement"
"data/enriched.wdkb","gap","no-parent","warning","suggested-fix","Q16911578","∞-groupoid","","","","declared item with no `subclass of` (P279) and no `instance of` (P31) statement: the base says nothing about what it is","download the item (`wikidata fetch`) or add a P279 or P31 statement"
"data/enriched.wdkb","gap","no-parent","warning","suggested-fix","Q98099755","flexible magma","","","","declared item with no `subclass of` (P279) and no `instance of` (P31) statement: the base says nothing about what it is","download the item (`wikidata fetch`) or add a P279 or P31 statement"
"data/enriched.wdkb","gap","no-parent","warning","suggested-fix","Q4164581","semigroupoid","","","","declared item with no `subclass of` (P279) and no `instance of` (P31) statement: the base says nothing about what it is","download the item (`wikidata fetch`) or add a P279 or P31 statement"
"data/enriched.wdkb","gap","no-parent","warning","suggested-fix","Q97152390","partial semigroup","","","","declared item with no `subclass of` (P279) and no `instance of` (P31) statement: the base says nothing about what it is","download the item (`wikidata fetch`) or add a P279 or P31 statement"
"data/enriched.wdkb","gap","no-parent","warning","suggested-fix","Q134488202","possibly infinitary structure","","","","declared item with no `subclass of` (P279) and no `instance of` (P31) statement: the base says nothing about what it is","download the item (`wikidata fetch`) or add a P279 or P31 statement"
"data/enriched.wdkb","gap","no-parent","warning","suggested-fix","Q679903","magma","","","","declared item with no `subclass of` (P279) and no `instance of` (P31) statement: the base says nothing about what it is","download the item (`wikidata fetch`) or add a P279 or P31 statement"
"data/enriched.wdkb","gap","no-parent","warning","suggested-fix","Q7048977","abstract entity","","","","declared item with no `subclass of` (P279) and no `instance of` (P31) statement: the base says nothing about what it is","download the item (`wikidata fetch`) or add a P279 or P31 statement"
"data/enriched.wdkb","gap","no-parent","warning","suggested-fix","Q1272626","representation","","","","declared item with no `subclass of` (P279) and no `instance of` (P31) statement: the base says nothing about what it is","download the item (`wikidata fetch`) or add a P279 or P31 statement"
"data/enriched.wdkb","gap","no-parent","warning","suggested-fix","Q7551287","social object","","","","declared item with no `subclass of` (P279) and no `instance of` (P31) statement: the base says nothing about what it is","download the item (`wikidata fetch`) or add a P279 or P31 statement"
"data/enriched.wdkb","gap","no-parent","warning","suggested-fix","Q16889133","class","","","","declared item with no `subclass of` (P279) and no `instance of` (P31) statement: the base says nothing about what it is","download the item (`wikidata fetch`) or add a P279 or P31 statement"
"data/enriched.wdkb","gap","no-parent","warning","suggested-fix","Q3965271","subclass","","","","declared item with no `subclass of` (P279) and no `instance of` (P31) statement: the base says nothing about what it is","download the item (`wikidata fetch`) or add a P279 or P31 statement"
"data/enriched.wdkb","gap","no-parent","warning","suggested-fix","Q36161","set","","","","declared item with no `subclass of` (P279) and no `instance of` (P31) statement: the base says nothing about what it is","download the item (`wikidata fetch`) or add a P279 or P31 statement"
"data/enriched.wdkb","gap","no-parent","warning","suggested-fix","Q78081419","multivariate function","","","","declared item with no `subclass of` (P279) and no `instance of` (P31) statement: the base says nothing about what it is","download the item (`wikidata fetch`) or add a P279 or P31 statement"
"data/enriched.wdkb","gap","no-parent","warning","suggested-fix","Q97302511","partial operation","","","","declared item with no `subclass of` (P279) and no `instance of` (P31) statement: the base says nothing about what it is","download the item (`wikidata fetch`) or add a P279 or P31 statement"
"data/enriched.wdkb","gap","no-parent","warning","suggested-fix","Q1052579","unique factorization domain","","","","declared item with no `subclass of` (P279) and no `instance of` (P31) statement: the base says nothing about what it is","download the item (`wikidata fetch`) or add a P279 or P31 statement"
"data/enriched.wdkb","gap","no-parent","warning","suggested-fix","Q2905043","principal ideal ring","","","","declared item with no `subclass of` (P279) and no `instance of` (P31) statement: the base says nothing about what it is","download the item (`wikidata fetch`) or add a P279 or P31 statement"
"data/enriched.wdkb","gap","no-parent","warning","suggested-fix","Q254347","Dedekind domain","","","","declared item with no `subclass of` (P279) and no `instance of` (P31) statement: the base says nothing about what it is","download the item (`wikidata fetch`) or add a P279 or P31 statement"
"data/enriched.wdkb","gap","no-parent","warning","suggested-fix","Q2269249","semiprime ideal","","","","declared item with no `subclass of` (P279) and no `instance of` (P31) statement: the base says nothing about what it is","download the item (`wikidata fetch`) or add a P279 or P31 statement"
"data/enriched.wdkb","gap","no-parent","warning","suggested-fix","Q2851410","coherent ring","","","","declared item with no `subclass of` (P279) and no `instance of` (P31) statement: the base says nothing about what it is","download the item (`wikidata fetch`) or add a P279 or P31 statement"
"data/enriched.wdkb","gap","no-parent","warning","suggested-fix","Q2444982","Noetherian module","","","","declared item with no `subclass of` (P279) and no `instance of` (P31) statement: the base says nothing about what it is","download the item (`wikidata fetch`) or add a P279 or P31 statement"
"data/enriched.wdkb","gap","no-parent","warning","suggested-fix","Q18848","module","","","","declared item with no `subclass of` (P279) and no `instance of` (P31) statement: the base says nothing about what it is","download the item (`wikidata fetch`) or add a P279 or P31 statement"
"data/enriched.wdkb","gap","no-parent","warning","suggested-fix","Q2030545","algebra over a ring","","","","declared item with no `subclass of` (P279) and no `instance of` (P31) statement: the base says nothing about what it is","download the item (`wikidata fetch`) or add a P279 or P31 statement"
"data/enriched.wdkb","gap","no-parent","warning","suggested-fix","Q15534632","graded ring","","","","declared item with no `subclass of` (P279) and no `instance of` (P31) statement: the base says nothing about what it is","download the item (`wikidata fetch`) or add a P279 or P31 statement"
"data/enriched.wdkb","gap","no-parent","warning","suggested-fix","Q112160790","Dedekind-finite ring","","","","declared item with no `subclass of` (P279) and no `instance of` (P31) statement: the base says nothing about what it is","download the item (`wikidata fetch`) or add a P279 or P31 statement"
"data/enriched.wdkb","gap","no-parent","warning","suggested-fix","Q12812139","specialized term","","","","declared item with no `subclass of` (P279) and no `instance of` (P31) statement: the base says nothing about what it is","download the item (`wikidata fetch`) or add a P279 or P31 statement"
"data/enriched.wdkb","gap","no-parent","warning","suggested-fix","Q19478619","metaclass","","","","declared item with no `subclass of` (P279) and no `instance of` (P31) statement: the base says nothing about what it is","download the item (`wikidata fetch`) or add a P279 or P31 statement"
"data/enriched.wdkb","gap","no-parent","warning","suggested-fix","Q272404","finite set","","","","declared item with no `subclass of` (P279) and no `instance of` (P31) statement: the base says nothing about what it is","download the item (`wikidata fetch`) or add a P279 or P31 statement"
"data/enriched.wdkb","gap","no-parent","warning","suggested-fix","Q161172","ring","","","","declared item with no `subclass of` (P279) and no `instance of` (P31) statement: the base says nothing about what it is","download the item (`wikidata fetch`) or add a P279 or P31 statement"
"data/enriched.wdkb","gap","no-parent","warning","suggested-fix","Q3966112","quotient set","","","","declared item with no `subclass of` (P279) and no `instance of` (P31) statement: the base says nothing about what it is","download the item (`wikidata fetch`) or add a P279 or P31 statement"
"data/enriched.wdkb","gap","no-parent","warning","suggested-fix","Q1426191","flat module","","","","declared item with no `subclass of` (P279) and no `instance of` (P31) statement: the base says nothing about what it is","download the item (`wikidata fetch`) or add a P279 or P31 statement"
"data/enriched.wdkb","gap","no-parent","warning","suggested-fix","Q2112502","projective object","","","","declared item with no `subclass of` (P279) and no `instance of` (P31) statement: the base says nothing about what it is","download the item (`wikidata fetch`) or add a P279 or P31 statement"
"data/enriched.wdkb","gap","no-parent","warning","suggested-fix","Q203066","relation","","","","declared item with no `subclass of` (P279) and no `instance of` (P31) statement: the base says nothing about what it is","download the item (`wikidata fetch`) or add a P279 or P31 statement"
"data/enriched.wdkb","gap","no-parent","warning","suggested-fix","Q130324710","type of relation","","","","declared item with no `subclass of` (P279) and no `instance of` (P31) statement: the base says nothing about what it is","download the item (`wikidata fetch`) or add a P279 or P31 statement"
"data/enriched.wdkb","gap","no-parent","warning","suggested-fix","Q29018101","upper semilattice","","","","declared item with no `subclass of` (P279) and no `instance of` (P31) statement: the base says nothing about what it is","download the item (`wikidata fetch`) or add a P279 or P31 statement"
"data/enriched.wdkb","gap","no-parent","warning","suggested-fix","Q29018102","lower semilattice","","","","declared item with no `subclass of` (P279) and no `instance of` (P31) statement: the base says nothing about what it is","download the item (`wikidata fetch`) or add a P279 or P31 statement"
"data/enriched.wdkb","gap","no-parent","warning","suggested-fix","Q8078","logic","","","","declared item with no `subclass of` (P279) and no `instance of` (P31) statement: the base says nothing about what it is","download the item (`wikidata fetch`) or add a P279 or P31 statement"
"data/enriched.wdkb","gap","no-parent","warning","suggested-fix","Q1657198","set function","","","","declared item with no `subclass of` (P279) and no `instance of` (P31) statement: the base says nothing about what it is","download the item (`wikidata fetch`) or add a P279 or P31 statement"
"data/enriched.wdkb","gap","no-parent","warning","suggested-fix","Q4897819","role","","","","declared item with no `subclass of` (P279) and no `instance of` (P31) statement: the base says nothing about what it is","download the item (`wikidata fetch`) or add a P279 or P31 statement"
"data/enriched.wdkb","gap","no-parent","warning","suggested-fix","Q36808958","element of set","","","","declared item with no `subclass of` (P279) and no `instance of` (P31) statement: the base says nothing about what it is","download the item (`wikidata fetch`) or add a P279 or P31 statement"
"data/enriched.wdkb","gap","no-parent","warning","suggested-fix","Q1396667","","","","","declared item with no `subclass of` (P279) and no `instance of` (P31) statement: the base says nothing about what it is","download the item (`wikidata fetch`) or add a P279 or P31 statement"
"data/enriched.wdkb","gap","no-parent","warning","suggested-fix","Q536351","","","","","declared item with no `subclass of` (P279) and no `instance of` (P31) statement: the base says nothing about what it is","download the item (`wikidata fetch`) or add a P279 or P31 statement"
"data/enriched.wdkb","gap","no-parent","warning","suggested-fix","Q207505","","","","","declared item with no `subclass of` (P279) and no `instance of` (P31) statement: the base says nothing about what it is","download the item (`wikidata fetch`) or add a P279 or P31 statement"
"data/enriched.wdkb","gap","no-parent","warning","suggested-fix","Q2267705","field of study","","","","declared item with no `subclass of` (P279) and no `instance of` (P31) statement: the base says nothing about what it is","download the item (`wikidata fetch`) or add a P279 or P31 statement"
"data/enriched.wdkb","gap","no-parent","warning","suggested-fix","Q37866906","information resource","","","","declared item with no `subclass of` (P279) and no `instance of` (P31) statement: the base says nothing about what it is","download the item (`wikidata fetch`) or add a P279 or P31 statement"
"data/enriched.wdkb","gap","no-parent","warning","suggested-fix","Q1190554","occurrence","","","","declared item with no `subclass of` (P279) and no `instance of` (P31) statement: the base says nothing about what it is","download the item (`wikidata fetch`) or add a P279 or P31 statement"
"data/enriched.wdkb","gap","no-parent","warning","suggested-fix","Q33104279","philosophical concept","","","","declared item with no `subclass of` (P279) and no `instance of` (P31) statement: the base says nothing about what it is","download the item (`wikidata fetch`) or add a P279 or P31 statement"
"data/enriched.wdkb","gap","no-parent","warning","suggested-fix","Q1397059","","","","","declared item with no `subclass of` (P279) and no `instance of` (P31) statement: the base says nothing about what it is","download the item (`wikidata fetch`) or add a P279 or P31 statement"
"data/enriched.wdkb","gap","no-parent","warning","suggested-fix","Q3058239","","","","","declared item with no `subclass of` (P279) and no `instance of` (P31) statement: the base says nothing about what it is","download the item (`wikidata fetch`) or add a P279 or P31 statement"
"data/enriched.wdkb","gap","no-parent","warning","suggested-fix","Q816264","formal science","","","","declared item with no `subclass of` (P279) and no `instance of` (P31) statement: the base says nothing about what it is","download the item (`wikidata fetch`) or add a P279 or P31 statement"
"data/enriched.wdkb","gap","no-parent","warning","suggested-fix","Q20920559","procedure","","","","declared item with no `subclass of` (P279) and no `instance of` (P31) statement: the base says nothing about what it is","download the item (`wikidata fetch`) or add a P279 or P31 statement"
"data/enriched.wdkb","gap","no-parent","warning","suggested-fix","Q29428373","tetrad","","","","declared item with no `subclass of` (P279) and no `instance of` (P31) statement: the base says nothing about what it is","download the item (`wikidata fetch`) or add a P279 or P31 statement"
"data/enriched.wdkb","gap","no-parent","warning","suggested-fix","Q121773562","split monomorphism","","","","declared item with no `subclass of` (P279) and no `instance of` (P31) statement: the base says nothing about what it is","download the item (`wikidata fetch`) or add a P279 or P31 statement"
"data/enriched.wdkb","gap","no-parent","warning","suggested-fix","Q121773569","split epimorphism","","","","declared item with no `subclass of` (P279) and no `instance of` (P31) statement: the base says nothing about what it is","download the item (`wikidata fetch`) or add a P279 or P31 statement"
"data/enriched.wdkb","gap","no-parent","warning","suggested-fix","Q837863","","","","","declared item with no `subclass of` (P279) and no `instance of` (P31) statement: the base says nothing about what it is","download the item (`wikidata fetch`) or add a P279 or P31 statement"
"data/enriched.wdkb","gap","no-parent","warning","suggested-fix","Q177571","","","","","declared item with no `subclass of` (P279) and no `instance of` (P31) statement: the base says nothing about what it is","download the item (`wikidata fetch`) or add a P279 or P31 statement"
"data/enriched.wdkb","gap","no-parent","warning","suggested-fix","Q1755242","","","","","declared item with no `subclass of` (P279) and no `instance of` (P31) statement: the base says nothing about what it is","download the item (`wikidata fetch`) or add a P279 or P31 statement"
"data/enriched.wdkb","gap","no-parent","warning","suggested-fix","Q19934355","","","","","declared item with no `subclass of` (P279) and no `instance of` (P31) statement: the base says nothing about what it is","download the item (`wikidata fetch`) or add a P279 or P31 statement"
"data/enriched.wdkb","gap","no-parent","warning","suggested-fix","Q39485777","","","","","declared item with no `subclass of` (P279) and no `instance of` (P31) statement: the base says nothing about what it is","download the item (`wikidata fetch`) or add a P279 or P31 statement"
"data/enriched.wdkb","gap","no-parent","warning","suggested-fix","Q21189838","","","","","declared item with no `subclass of` (P279) and no `instance of` (P31) statement: the base says nothing about what it is","download the item (`wikidata fetch`) or add a P279 or P31 statement"
"data/enriched.wdkb","gap","no-parent","warning","suggested-fix","Q5008459","","","","","declared item with no `subclass of` (P279) and no `instance of` (P31) statement: the base says nothing about what it is","download the item (`wikidata fetch`) or add a P279 or P31 statement"
"data/enriched.wdkb","gap","no-parent","warning","suggested-fix","Q5424694","","","","","declared item with no `subclass of` (P279) and no `instance of` (P31) statement: the base says nothing about what it is","download the item (`wikidata fetch`) or add a P279 or P31 statement"
"data/enriched.wdkb","gap","no-parent","warning","suggested-fix","Q5358894","","","","","declared item with no `subclass of` (P279) and no `instance of` (P31) statement: the base says nothing about what it is","download the item (`wikidata fetch`) or add a P279 or P31 statement"
"data/enriched.wdkb","gap","no-parent","warning","suggested-fix","Q6671777","structure","","","","declared item with no `subclass of` (P279) and no `instance of` (P31) statement: the base says nothing about what it is","download the item (`wikidata fetch`) or add a P279 or P31 statement"
"data/enriched.wdkb","gap","no-parent","warning","suggested-fix","Q1292119","style","","","","declared item with no `subclass of` (P279) and no `instance of` (P31) statement: the base says nothing about what it is","download the item (`wikidata fetch`) or add a P279 or P31 statement"
"data/enriched.wdkb","gap","no-parent","warning","suggested-fix","Q837863","","","","","declared item with no `subclass of` (P279) and no `instance of` (P31) statement: the base says nothing about what it is","download the item (`wikidata fetch`) or add a P279 or P31 statement"
"data/enriched.wdkb","gap","no-parent","warning","suggested-fix","Q1346342","","","","","declared item with no `subclass of` (P279) and no `instance of` (P31) statement: the base says nothing about what it is","download the item (`wikidata fetch`) or add a P279 or P31 statement"
"data/enriched.wdkb","gap","no-parent","warning","suggested-fix","Q5329170","","","","","declared item with no `subclass of` (P279) and no `instance of` (P31) statement: the base says nothing about what it is","download the item (`wikidata fetch`) or add a P279 or P31 statement"
"data/enriched.wdkb","gap","no-parent","warning","suggested-fix","Q33742","","","","","declared item with no `subclass of` (P279) and no `instance of` (P31) statement: the base says nothing about what it is","download the item (`wikidata fetch`) or add a P279 or P31 statement"
"data/enriched.wdkb","gap","no-parent","warning","suggested-fix","Q1288568","","","","","declared item with no `subclass of` (P279) and no `instance of` (P31) statement: the base says nothing about what it is","download the item (`wikidata fetch`) or add a P279 or P31 statement"
"data/enriched.wdkb","gap","no-parent","warning","suggested-fix","Q152559","","","","","declared item with no `subclass of` (P279) and no `instance of` (P31) statement: the base says nothing about what it is","download the item (`wikidata fetch`) or add a P279 or P31 statement"
"data/enriched.wdkb","gap","no-parent","warning","suggested-fix","Q399495","","","","","declared item with no `subclass of` (P279) and no `instance of` (P31) statement: the base says nothing about what it is","download the item (`wikidata fetch`) or add a P279 or P31 statement"
"data/enriched.wdkb","gap","no-parent","warning","suggested-fix","Q1097949","","","","","declared item with no `subclass of` (P279) and no `instance of` (P31) statement: the base says nothing about what it is","download the item (`wikidata fetch`) or add a P279 or P31 statement"
"data/enriched.wdkb","gap","no-parent","warning","suggested-fix","Q20162172","","","","","declared item with no `subclass of` (P279) and no `instance of` (P31) statement: the base says nothing about what it is","download the item (`wikidata fetch`) or add a P279 or P31 statement"
"data/enriched.wdkb","gap","no-parent","warning","suggested-fix","Q16334295","group of humans","","","","declared item with no `subclass of` (P279) and no `instance of` (P31) statement: the base says nothing about what it is","download the item (`wikidata fetch`) or add a P279 or P31 statement"
"data/enriched.wdkb","gap","no-parent","warning","suggested-fix","Q1313923","kindred","","","","declared item with no `subclass of` (P279) and no `instance of` (P31) statement: the base says nothing about what it is","download the item (`wikidata fetch`) or add a P279 or P31 statement"
"data/enriched.wdkb","gap","no-parent","warning","suggested-fix","Q178706","institution","","","","declared item with no `subclass of` (P279) and no `instance of` (P31) statement: the base says nothing about what it is","download the item (`wikidata fetch`) or add a P279 or P31 statement"
"data/enriched.wdkb","gap","no-parent","warning","suggested-fix","Q24229398","being","","","","declared item with no `subclass of` (P279) and no `instance of` (P31) statement: the base says nothing about what it is","download the item (`wikidata fetch`) or add a P279 or P31 statement"
"data/enriched.wdkb","gap","no-parent","warning","suggested-fix","Q131085629","collective agent","","","","declared item with no `subclass of` (P279) and no `instance of` (P31) statement: the base says nothing about what it is","download the item (`wikidata fetch`) or add a P279 or P31 statement"
"data/enriched.wdkb","gap","no-parent","warning","suggested-fix","Q112807602","type of social group","","","","declared item with no `subclass of` (P279) and no `instance of` (P31) statement: the base says nothing about what it is","download the item (`wikidata fetch`) or add a P279 or P31 statement"
"data/enriched.wdkb","gap","no-parent","warning","suggested-fix","Q427626","taxonomic rank","","","","declared item with no `subclass of` (P279) and no `instance of` (P31) statement: the base says nothing about what it is","download the item (`wikidata fetch`) or add a P279 or P31 statement"
"data/enriched.wdkb","gap","no-parent","warning","suggested-fix","Q13578154","","","","","declared item with no `subclass of` (P279) and no `instance of` (P31) statement: the base says nothing about what it is","download the item (`wikidata fetch`) or add a P279 or P31 statement"
"data/enriched.wdkb","gap","no-parent","warning","suggested-fix","Q3100180","","","","","declared item with no `subclass of` (P279) and no `instance of` (P31) statement: the base says nothing about what it is","download the item (`wikidata fetch`) or add a P279 or P31 statement"
"data/enriched.wdkb","gap","no-parent","warning","suggested-fix","Q223557","physical object","","","","declared item with no `subclass of` (P279) and no `instance of` (P31) statement: the base says nothing about what it is","download the item (`wikidata fetch`) or add a P279 or P31 statement"
"data/enriched.wdkb","gap","no-parent","warning","suggested-fix","Q1485500","tangible good","","","","declared item with no `subclass of` (P279) and no `instance of` (P31) statement: the base says nothing about what it is","download the item (`wikidata fetch`) or add a P279 or P31 statement"
"data/enriched.wdkb","gap","no-parent","warning","suggested-fix","Q104086571","first-order class","","","","declared item with no `subclass of` (P279) and no `instance of` (P31) statement: the base says nothing about what it is","download the item (`wikidata fetch`) or add a P279 or P31 statement"
"data/enriched.wdkb","gap","no-parent","warning","suggested-fix","Q5","human","","","","declared item with no `subclass of` (P279) and no `instance of` (P31) statement: the base says nothing about what it is","download the item (`wikidata fetch`) or add a P279 or P31 statement"
"data/enriched.wdkb","gap","no-parent","warning","suggested-fix","Q5","human","","","","declared item with no `subclass of` (P279) and no `instance of` (P31) statement: the base says nothing about what it is","download the item (`wikidata fetch`) or add a P279 or P31 statement"
"data/enriched.wdkb","gap","no-parent","warning","suggested-fix","Q11567","complex number","","","","declared item with no `subclass of` (P279) and no `instance of` (P31) statement: the base says nothing about what it is","download the item (`wikidata fetch`) or add a P279 or P31 statement"
"data/enriched.wdkb","gap","no-parent","warning","suggested-fix","Q47460393","type of number","","","","declared item with no `subclass of` (P279) and no `instance of` (P31) statement: the base says nothing about what it is","download the item (`wikidata fetch`) or add a P279 or P31 statement"
"data/enriched.wdkb","gap","no-parent","warning","suggested-fix","Q141066018","semifunctor","","","","declared item with no `subclass of` (P279) and no `instance of` (P31) statement: the base says nothing about what it is","download the item (`wikidata fetch`) or add a P279 or P31 statement"
"data/enriched.wdkb","gap","no-parent","warning","suggested-fix","Q16334295","group of humans","","","","declared item with no `subclass of` (P279) and no `instance of` (P31) statement: the base says nothing about what it is","download the item (`wikidata fetch`) or add a P279 or P31 statement"
"data/enriched.wdkb","gap","no-parent","warning","suggested-fix","Q659390","construct","","","","declared item with no `subclass of` (P279) and no `instance of` (P31) statement: the base says nothing about what it is","download the item (`wikidata fetch`) or add a P279 or P31 statement"
"data/enriched.wdkb","gap","no-parent","warning","suggested-fix","Q33104069","political concept","","","","declared item with no `subclass of` (P279) and no `instance of` (P31) statement: the base says nothing about what it is","download the item (`wikidata fetch`) or add a P279 or P31 statement"
"data/enriched.wdkb","gap","no-parent","warning","suggested-fix","Q108163","proposition","","","","declared item with no `subclass of` (P279) and no `instance of` (P31) statement: the base says nothing about what it is","download the item (`wikidata fetch`) or add a P279 or P31 statement"
"data/enriched.wdkb","gap","no-parent","warning","suggested-fix","Q20665666","conclusion","","","","declared item with no `subclass of` (P279) and no `instance of` (P31) statement: the base says nothing about what it is","download the item (`wikidata fetch`) or add a P279 or P31 statement"
"data/enriched.wdkb","gap","no-parent","warning","suggested-fix","Q12774177","means","","","","declared item with no `subclass of` (P279) and no `instance of` (P31) statement: the base says nothing about what it is","download the item (`wikidata fetch`) or add a P279 or P31 statement"
"data/enriched.wdkb","gap","no-parent","warning","suggested-fix","Q2267705","field of study","","","","declared item with no `subclass of` (P279) and no `instance of` (P31) statement: the base says nothing about what it is","download the item (`wikidata fetch`) or add a P279 or P31 statement"
"data/enriched.wdkb","gap","no-parent","warning","suggested-fix","Q11345","","","","","declared item with no `subclass of` (P279) and no `instance of` (P31) statement: the base says nothing about what it is","download the item (`wikidata fetch`) or add a P279 or P31 statement"
"data/enriched.wdkb","gap","no-parent","warning","suggested-fix","Q3435924","computational problem","","","","declared item with no `subclass of` (P279) and no `instance of` (P31) statement: the base says nothing about what it is","download the item (`wikidata fetch`) or add a P279 or P31 statement"
"data/enriched.wdkb","gap","no-parent","warning","suggested-fix","Q1166625","mathematical problem","","","","declared item with no `subclass of` (P279) and no `instance of` (P31) statement: the base says nothing about what it is","download the item (`wikidata fetch`) or add a P279 or P31 statement"
"data/enriched.wdkb","gap","no-parent","warning","suggested-fix","Q30590669","quasitopos","","","","declared item with no `subclass of` (P279) and no `instance of` (P31) statement: the base says nothing about what it is","download the item (`wikidata fetch`) or add a P279 or P31 statement"
"data/enriched.wdkb","gap","no-parent","warning","suggested-fix","Q18362","","","","","declared item with no `subclass of` (P279) and no `instance of` (P31) statement: the base says nothing about what it is","download the item (`wikidata fetch`) or add a P279 or P31 statement"
"data/enriched.wdkb","gap","no-parent","warning","suggested-fix","Q4162444","","","","","declared item with no `subclass of` (P279) and no `instance of` (P31) statement: the base says nothing about what it is","download the item (`wikidata fetch`) or add a P279 or P31 statement"
"data/enriched.wdkb","gap","no-parent","warning","suggested-fix","Q1626416","","","","","declared item with no `subclass of` (P279) and no `instance of` (P31) statement: the base says nothing about what it is","download the item (`wikidata fetch`) or add a P279 or P31 statement"
"data/enriched.wdkb","gap","no-parent","warning","suggested-fix","Q78507138","","","","","declared item with no `subclass of` (P279) and no `instance of` (P31) statement: the base says nothing about what it is","download the item (`wikidata fetch`) or add a P279 or P31 statement"
"data/enriched.wdkb","gap","no-parent","warning","suggested-fix","Q625948","","","","","declared item with no `subclass of` (P279) and no `instance of` (P31) statement: the base says nothing about what it is","download the item (`wikidata fetch`) or add a P279 or P31 statement"
"data/enriched.wdkb","gap","no-parent","warning","suggested-fix","Q837863","","","","","declared item with no `subclass of` (P279) and no `instance of` (P31) statement: the base says nothing about what it is","download the item (`wikidata fetch`) or add a P279 or P31 statement"
"data/enriched.wdkb","gap","no-parent","warning","suggested-fix","Q4464","","","","","declared item with no `subclass of` (P279) and no `instance of` (P31) statement: the base says nothing about what it is","download the item (`wikidata fetch`) or add a P279 or P31 statement"
"data/enriched.wdkb","gap","no-parent","warning","suggested-fix","Q357404","","","","","declared item with no `subclass of` (P279) and no `instance of` (P31) statement: the base says nothing about what it is","download the item (`wikidata fetch`) or add a P279 or P31 statement"
"data/enriched.wdkb","gap","no-parent","warning","suggested-fix","Q76497","","","","","declared item with no `subclass of` (P279) and no `instance of` (P31) statement: the base says nothing about what it is","download the item (`wikidata fetch`) or add a P279 or P31 statement"
"data/enriched.wdkb","gap","no-parent","warning","suggested-fix","Q83378208","","","","","declared item with no `subclass of` (P279) and no `instance of` (P31) statement: the base says nothing about what it is","download the item (`wikidata fetch`) or add a P279 or P31 statement"
"data/enriched.wdkb","gap","no-parent","warning","suggested-fix","Q420330","persistent identifier","","","","declared item with no `subclass of` (P279) and no `instance of` (P31) statement: the base says nothing about what it is","download the item (`wikidata fetch`) or add a P279 or P31 statement"
"data/enriched.wdkb","gap","no-parent","warning","suggested-fix","Q15087423","","","","","declared item with no `subclass of` (P279) and no `instance of` (P31) statement: the base says nothing about what it is","download the item (`wikidata fetch`) or add a P279 or P31 statement"
"data/enriched.wdkb","gap","no-parent","warning","suggested-fix","Q36646373","","","","","declared item with no `subclass of` (P279) and no `instance of` (P31) statement: the base says nothing about what it is","download the item (`wikidata fetch`) or add a P279 or P31 statement"
"data/enriched.wdkb","gap","no-parent","warning","suggested-fix","Q17376908","","","","","declared item with no `subclass of` (P279) and no `instance of` (P31) statement: the base says nothing about what it is","download the item (`wikidata fetch`) or add a P279 or P31 statement"
"data/enriched.wdkb","gap","no-parent","warning","suggested-fix","Q28923954","languoid class","","","","declared item with no `subclass of` (P279) and no `instance of` (P31) statement: the base says nothing about what it is","download the item (`wikidata fetch`) or add a P279 or P31 statement"
"data/enriched.wdkb","gap","no-parent","warning","suggested-fix","Q20920559","procedure","","","","declared item with no `subclass of` (P279) and no `instance of` (P31) statement: the base says nothing about what it is","download the item (`wikidata fetch`) or add a P279 or P31 statement"
"data/enriched.wdkb","gap","no-parent","warning","suggested-fix","Q386724","work","","","","declared item with no `subclass of` (P279) and no `instance of` (P31) statement: the base says nothing about what it is","download the item (`wikidata fetch`) or add a P279 or P31 statement"
"data/enriched.wdkb","gap","no-parent","warning","suggested-fix","Q201486","","","","","declared item with no `subclass of` (P279) and no `instance of` (P31) statement: the base says nothing about what it is","download the item (`wikidata fetch`) or add a P279 or P31 statement"
"data/enriched.wdkb","gap","no-parent","warning","suggested-fix","Q17524420","aspect of history","","","","declared item with no `subclass of` (P279) and no `instance of` (P31) statement: the base says nothing about what it is","download the item (`wikidata fetch`) or add a P279 or P31 statement"
"data/enriched.wdkb","gap","no-parent","warning","suggested-fix","Q1046291","","","","","declared item with no `subclass of` (P279) and no `instance of` (P31) statement: the base says nothing about what it is","download the item (`wikidata fetch`) or add a P279 or P31 statement"
"data/enriched.wdkb","gap","no-parent","warning","suggested-fix","Q4751134","","","","","declared item with no `subclass of` (P279) and no `instance of` (P31) statement: the base says nothing about what it is","download the item (`wikidata fetch`) or add a P279 or P31 statement"
"data/enriched.wdkb","gap","no-parent","warning","suggested-fix","Q1014612","","","","","declared item with no `subclass of` (P279) and no `instance of` (P31) statement: the base says nothing about what it is","download the item (`wikidata fetch`) or add a P279 or P31 statement"
"data/enriched.wdkb","gap","no-parent","warning","suggested-fix","Q816264","formal science","","","","declared item with no `subclass of` (P279) and no `instance of` (P31) statement: the base says nothing about what it is","download the item (`wikidata fetch`) or add a P279 or P31 statement"
"data/enriched.wdkb","gap","no-parent","warning","suggested-fix","Q5","human","","","","declared item with no `subclass of` (P279) and no `instance of` (P31) statement: the base says nothing about what it is","download the item (`wikidata fetch`) or add a P279 or P31 statement"
"data/enriched.wdkb","gap","no-parent","warning","suggested-fix","Q5","human","","","","declared item with no `subclass of` (P279) and no `instance of` (P31) statement: the base says nothing about what it is","download the item (`wikidata fetch`) or add a P279 or P31 statement"
"data/enriched.wdkb","gap","no-parent","warning","suggested-fix","Q970119","","","","","declared item with no `subclass of` (P279) and no `instance of` (P31) statement: the base says nothing about what it is","download the item (`wikidata fetch`) or add a P279 or P31 statement"
"data/enriched.wdkb","gap","no-parent","warning","suggested-fix","Q583034","","","","","declared item with no `subclass of` (P279) and no `instance of` (P31) statement: the base says nothing about what it is","download the item (`wikidata fetch`) or add a P279 or P31 statement"
"data/enriched.wdkb","gap","no-parent","warning","suggested-fix","Q5711485","","","","","declared item with no `subclass of` (P279) and no `instance of` (P31) statement: the base says nothing about what it is","download the item (`wikidata fetch`) or add a P279 or P31 statement"
"data/enriched.wdkb","gap","no-parent","warning","suggested-fix","Q859275","","","","","declared item with no `subclass of` (P279) and no `instance of` (P31) statement: the base says nothing about what it is","download the item (`wikidata fetch`) or add a P279 or P31 statement"
"data/enriched.wdkb","gap","no-parent","warning","suggested-fix","Q5441165","","","","","declared item with no `subclass of` (P279) and no `instance of` (P31) statement: the base says nothing about what it is","download the item (`wikidata fetch`) or add a P279 or P31 statement"
"data/enriched.wdkb","gap","no-parent","warning","suggested-fix","Q95744479","additive function","","","","declared item with no `subclass of` (P279) and no `instance of` (P31) statement: the base says nothing about what it is","download the item (`wikidata fetch`) or add a P279 or P31 statement"
"data/enriched.wdkb","gap","no-parent","warning","suggested-fix","Q3924032","mathematical property","","","","declared item with no `subclass of` (P279) and no `instance of` (P31) statement: the base says nothing about what it is","download the item (`wikidata fetch`) or add a P279 or P31 statement"
"data/enriched.wdkb","gap","no-parent","warning","suggested-fix","Q1425985","preorder","","","","declared item with no `subclass of` (P279) and no `instance of` (P31) statement: the base says nothing about what it is","download the item (`wikidata fetch`) or add a P279 or P31 statement"
"data/enriched.wdkb","gap","no-parent","warning","suggested-fix","Q621461","symmetric relation","","","","declared item with no `subclass of` (P279) and no `instance of` (P31) statement: the base says nothing about what it is","download the item (`wikidata fetch`) or add a P279 or P31 statement"
"data/enriched.wdkb","gap","no-parent","warning","suggested-fix","Q22964231","","","","","declared item with no `subclass of` (P279) and no `instance of` (P31) statement: the base says nothing about what it is","download the item (`wikidata fetch`) or add a P279 or P31 statement"
"data/enriched.wdkb","gap","no-parent","warning","suggested-fix","Q25098571","first-degree relative","","","","declared item with no `subclass of` (P279) and no `instance of` (P31) statement: the base says nothing about what it is","download the item (`wikidata fetch`) or add a P279 or P31 statement"
"data/enriched.wdkb","gap","no-parent","warning","suggested-fix","Q138716795","parent or peer relative of parent","","","","declared item with no `subclass of` (P279) and no `instance of` (P31) statement: the base says nothing about what it is","download the item (`wikidata fetch`) or add a P279 or P31 statement"
"data/enriched.wdkb","gap","no-parent","warning","suggested-fix","Q171318","kinship","","","","declared item with no `subclass of` (P279) and no `instance of` (P31) statement: the base says nothing about what it is","download the item (`wikidata fetch`) or add a P279 or P31 statement"
"data/enriched.wdkb","gap","no-parent","warning","suggested-fix","Q214339","role","","","","declared item with no `subclass of` (P279) and no `instance of` (P31) statement: the base says nothing about what it is","download the item (`wikidata fetch`) or add a P279 or P31 statement"
"data/enriched.wdkb","gap","no-parent","warning","suggested-fix","Q1076968","digital media","","","","declared item with no `subclass of` (P279) and no `instance of` (P31) statement: the base says nothing about what it is","download the item (`wikidata fetch`) or add a P279 or P31 statement"
"data/enriched.wdkb","gap","no-parent","warning","suggested-fix","Q1714118","online publication","","","","declared item with no `subclass of` (P279) and no `instance of` (P31) statement: the base says nothing about what it is","download the item (`wikidata fetch`) or add a P279 or P31 statement"
"data/enriched.wdkb","gap","no-parent","warning","suggested-fix","Q107307154","virtual place","","","","declared item with no `subclass of` (P279) and no `instance of` (P31) statement: the base says nothing about what it is","download the item (`wikidata fetch`) or add a P279 or P31 statement"
"data/enriched.wdkb","gap","no-parent","warning","suggested-fix","Q108637623","integrating resource","","","","declared item with no `subclass of` (P279) and no `instance of` (P31) statement: the base says nothing about what it is","download the item (`wikidata fetch`) or add a P279 or P31 statement"
"data/enriched.wdkb","gap","no-parent","warning","suggested-fix","Q119648796","digital-native publication","","","","declared item with no `subclass of` (P279) and no `instance of` (P31) statement: the base says nothing about what it is","download the item (`wikidata fetch`) or add a P279 or P31 statement"
"data/enriched.wdkb","gap","no-parent","warning","suggested-fix","Q7397","software","","","","declared item with no `subclass of` (P279) and no `instance of` (P31) statement: the base says nothing about what it is","download the item (`wikidata fetch`) or add a P279 or P31 statement"
"data/enriched.wdkb","gap","no-parent","warning","suggested-fix","Q3427877","web resource","","","","declared item with no `subclass of` (P279) and no `instance of` (P31) statement: the base says nothing about what it is","download the item (`wikidata fetch`) or add a P279 or P31 statement"
"data/enriched.wdkb","gap","no-parent","warning","suggested-fix","Q17537576","creative work","","","","declared item with no `subclass of` (P279) and no `instance of` (P31) statement: the base says nothing about what it is","download the item (`wikidata fetch`) or add a P279 or P31 statement"
"data/enriched.wdkb","gap","no-parent","warning","suggested-fix","Q234460","text","","","","declared item with no `subclass of` (P279) and no `instance of` (P31) statement: the base says nothing about what it is","download the item (`wikidata fetch`) or add a P279 or P31 statement"
"data/enriched.wdkb","gap","no-parent","warning","suggested-fix","Q47461344","written work","","","","declared item with no `subclass of` (P279) and no `instance of` (P31) statement: the base says nothing about what it is","download the item (`wikidata fetch`) or add a P279 or P31 statement"
"data/enriched.wdkb","gap","no-parent","warning","suggested-fix","Q732577","publication","","","","declared item with no `subclass of` (P279) and no `instance of` (P31) statement: the base says nothing about what it is","download the item (`wikidata fetch`) or add a P279 or P31 statement"
"data/enriched.wdkb","gap","no-parent","warning","suggested-fix","Q88392887","part of a work","","","","declared item with no `subclass of` (P279) and no `instance of` (P31) statement: the base says nothing about what it is","download the item (`wikidata fetch`) or add a P279 or P31 statement"
"data/enriched.wdkb","gap","no-parent","warning","suggested-fix","Q17537576","creative work","","","","declared item with no `subclass of` (P279) and no `instance of` (P31) statement: the base says nothing about what it is","download the item (`wikidata fetch`) or add a P279 or P31 statement"
"data/enriched.wdkb","gap","no-parent","warning","suggested-fix","Q4263830","literary form","","","","declared item with no `subclass of` (P279) and no `instance of` (P31) statement: the base says nothing about what it is","download the item (`wikidata fetch`) or add a P279 or P31 statement"
"data/enriched.wdkb","gap","no-parent","warning","suggested-fix","Q39725049","type of publication","","","","declared item with no `subclass of` (P279) and no `instance of` (P31) statement: the base says nothing about what it is","download the item (`wikidata fetch`) or add a P279 or P31 statement"
"data/enriched.wdkb","gap","no-parent","warning","suggested-fix","Q21004260","inquiry","","","","declared item with no `subclass of` (P279) and no `instance of` (P31) statement: the base says nothing about what it is","download the item (`wikidata fetch`) or add a P279 or P31 statement"
"data/enriched.wdkb","gap","no-parent","warning","suggested-fix","Q714737","category of being","","","","declared item with no `subclass of` (P279) and no `instance of` (P31) statement: the base says nothing about what it is","download the item (`wikidata fetch`) or add a P279 or P31 statement"
"data/enriched.wdkb","gap","no-parent","warning","suggested-fix","Q214339","role","","","","declared item with no `subclass of` (P279) and no `instance of` (P31) statement: the base says nothing about what it is","download the item (`wikidata fetch`) or add a P279 or P31 statement"
"data/events.wdkb","gap","no-parent","warning","suggested-fix","Q24249534","specialised classification scheme","","","","declared item with no `subclass of` (P279) and no `instance of` (P31) statement: the base says nothing about what it is","download the item (`wikidata fetch`) or add a P279 or P31 statement"
"data/events.wdkb","gap","no-parent","warning","suggested-fix","Q488383","object","","","","declared item with no `subclass of` (P279) and no `instance of` (P31) statement: the base says nothing about what it is","download the item (`wikidata fetch`) or add a P279 or P31 statement"
"data/events.wdkb","gap","no-parent","warning","suggested-fix","Q451967","intentional human activity","","","","declared item with no `subclass of` (P279) and no `instance of` (P31) statement: the base says nothing about what it is","download the item (`wikidata fetch`) or add a P279 or P31 statement"
"data/events.wdkb","gap","no-parent","warning","suggested-fix","Q125506646","transfer","","","","declared item with no `subclass of` (P279) and no `instance of` (P31) statement: the base says nothing about what it is","download the item (`wikidata fetch`) or add a P279 or P31 statement"
"data/events.wdkb","gap","no-parent","warning","suggested-fix","Q2976602","industry classification scheme","","","","declared item with no `subclass of` (P279) and no `instance of` (P31) statement: the base says nothing about what it is","download the item (`wikidata fetch`) or add a P279 or P31 statement"
"data/events.wdkb","gap","no-parent","warning","suggested-fix","Q131362181","social science concept","","","","declared item with no `subclass of` (P279) and no `instance of` (P31) statement: the base says nothing about what it is","download the item (`wikidata fetch`) or add a P279 or P31 statement"
"data/events.wdkb","gap","no-parent","warning","suggested-fix","Q137429456","type of concept","","","","declared item with no `subclass of` (P279) and no `instance of` (P31) statement: the base says nothing about what it is","download the item (`wikidata fetch`) or add a P279 or P31 statement"
"data/events.wdkb","gap","no-parent","warning","suggested-fix","Q16887380","group","","","","declared item with no `subclass of` (P279) and no `instance of` (P31) statement: the base says nothing about what it is","download the item (`wikidata fetch`) or add a P279 or P31 statement"
"data/events.wdkb","gap","no-parent","warning","suggested-fix","Q24902509","human activity","","","","declared item with no `subclass of` (P279) and no `instance of` (P31) statement: the base says nothing about what it is","download the item (`wikidata fetch`) or add a P279 or P31 statement"
"data/events.wdkb","gap","no-parent","warning","suggested-fix","Q115431196","violent conflict","","","","declared item with no `subclass of` (P279) and no `instance of` (P31) statement: the base says nothing about what it is","download the item (`wikidata fetch`) or add a P279 or P31 statement"
"data/events.wdkb","gap","no-parent","warning","suggested-fix","Q2141565","situation","","","","declared item with no `subclass of` (P279) and no `instance of` (P31) statement: the base says nothing about what it is","download the item (`wikidata fetch`) or add a P279 or P31 statement"
"data/events.wdkb","gap","no-parent","warning","suggested-fix","Q123928941","concern","","","","declared item with no `subclass of` (P279) and no `instance of` (P31) statement: the base says nothing about what it is","download the item (`wikidata fetch`) or add a P279 or P31 statement"
"data/events.wdkb","gap","no-parent","warning","suggested-fix","Q68482296","military activity","","","","declared item with no `subclass of` (P279) and no `instance of` (P31) statement: the base says nothing about what it is","download the item (`wikidata fetch`) or add a P279 or P31 statement"
"data/events.wdkb","gap","no-parent","warning","suggested-fix","Q839578","group dynamics","","","","declared item with no `subclass of` (P279) and no `instance of` (P31) statement: the base says nothing about what it is","download the item (`wikidata fetch`) or add a P279 or P31 statement"
"data/events.wdkb","gap","no-parent","warning","suggested-fix","Q86923152","risk source","","","","declared item with no `subclass of` (P279) and no `instance of` (P31) statement: the base says nothing about what it is","download the item (`wikidata fetch`) or add a P279 or P31 statement"
"data/events.wdkb","gap","no-parent","warning","suggested-fix","Q12558574","point of view","","","","declared item with no `subclass of` (P279) and no `instance of` (P31) statement: the base says nothing about what it is","download the item (`wikidata fetch`) or add a P279 or P31 statement"
"data/events.wdkb","gap","no-parent","warning","suggested-fix","Q4897819","role","","","","declared item with no `subclass of` (P279) and no `instance of` (P31) statement: the base says nothing about what it is","download the item (`wikidata fetch`) or add a P279 or P31 statement"
"data/events.wdkb","gap","no-parent","warning","suggested-fix","Q105948247","knowledge system","","","","declared item with no `subclass of` (P279) and no `instance of` (P31) statement: the base says nothing about what it is","download the item (`wikidata fetch`) or add a P279 or P31 statement"
"data/events.wdkb","gap","no-parent","warning","suggested-fix","Q110403031","knowledge type","","","","declared item with no `subclass of` (P279) and no `instance of` (P31) statement: the base says nothing about what it is","download the item (`wikidata fetch`) or add a P279 or P31 statement"
"data/events.wdkb","gap","no-parent","warning","suggested-fix","Q26256810","topic","","","","declared item with no `subclass of` (P279) and no `instance of` (P31) statement: the base says nothing about what it is","download the item (`wikidata fetch`) or add a P279 or P31 statement"
"data/events.wdkb","gap","no-parent","warning","suggested-fix","Q110402867","knowledge classification","","","","declared item with no `subclass of` (P279) and no `instance of` (P31) statement: the base says nothing about what it is","download the item (`wikidata fetch`) or add a P279 or P31 statement"
"data/events.wdkb","gap","no-parent","warning","suggested-fix","Q127244","Gδ set","","","","declared item with no `subclass of` (P279) and no `instance of` (P31) statement: the base says nothing about what it is","download the item (`wikidata fetch`) or add a P279 or P31 statement"
"data/events.wdkb","gap","no-parent","warning","suggested-fix","Q138665581","type of set","","","","declared item with no `subclass of` (P279) and no `instance of` (P31) statement: the base says nothing about what it is","download the item (`wikidata fetch`) or add a P279 or P31 statement"
"data/events.wdkb","gap","no-parent","warning","suggested-fix","Q179899","topological space","","","","declared item with no `subclass of` (P279) and no `instance of` (P31) statement: the base says nothing about what it is","download the item (`wikidata fetch`) or add a P279 or P31 statement"
"data/events.wdkb","gap","no-parent","warning","suggested-fix","Q132225801","productive property","","","","declared item with no `subclass of` (P279) and no `instance of` (P31) statement: the base says nothing about what it is","download the item (`wikidata fetch`) or add a P279 or P31 statement"
"data/events.wdkb","gap","no-parent","warning","suggested-fix","Q96251598","type of object","","","","declared item with no `subclass of` (P279) and no `instance of` (P31) statement: the base says nothing about what it is","download the item (`wikidata fetch`) or add a P279 or P31 statement"
"data/events.wdkb","gap","no-parent","warning","suggested-fix","Q66747521","geography term","","","","declared item with no `subclass of` (P279) and no `instance of` (P31) statement: the base says nothing about what it is","download the item (`wikidata fetch`) or add a P279 or P31 statement"
"data/events.wdkb","gap","no-parent","warning","suggested-fix","Q177646","subset","","","","declared item with no `subclass of` (P279) and no `instance of` (P31) statement: the base says nothing about what it is","download the item (`wikidata fetch`) or add a P279 or P31 statement"
"data/events.wdkb","gap","no-parent","warning","suggested-fix","Q35120","entity","","","","declared item with no `subclass of` (P279) and no `instance of` (P31) statement: the base says nothing about what it is","download the item (`wikidata fetch`) or add a P279 or P31 statement"
"data/events.wdkb","gap","no-parent","warning","suggested-fix","Q5127848","class","","","","declared item with no `subclass of` (P279) and no `instance of` (P31) statement: the base says nothing about what it is","download the item (`wikidata fetch`) or add a P279 or P31 statement"
"data/events.wdkb","gap","no-parent","warning","suggested-fix","Q23958852","variable-order class","","","","declared item with no `subclass of` (P279) and no `instance of` (P31) statement: the base says nothing about what it is","download the item (`wikidata fetch`) or add a P279 or P31 statement"
"data/events.wdkb","gap","no-parent","warning","suggested-fix","Q115490628","fundamental Wikidata entity","","","","declared item with no `subclass of` (P279) and no `instance of` (P31) statement: the base says nothing about what it is","download the item (`wikidata fetch`) or add a P279 or P31 statement"
"data/events.wdkb","gap","no-parent","warning","suggested-fix","Q151885","concept","","","","declared item with no `subclass of` (P279) and no `instance of` (P31) statement: the base says nothing about what it is","download the item (`wikidata fetch`) or add a P279 or P31 statement"
"data/events.wdkb","gap","no-parent","warning","suggested-fix","Q19868531","formal ontology concept","","","","declared item with no `subclass of` (P279) and no `instance of` (P31) statement: the base says nothing about what it is","download the item (`wikidata fetch`) or add a P279 or P31 statement"
"data/events.wdkb","gap","no-parent","warning","suggested-fix","Q23959932","fixed-order class","","","","declared item with no `subclass of` (P279) and no `instance of` (P31) statement: the base says nothing about what it is","download the item (`wikidata fetch`) or add a P279 or P31 statement"
"data/events.wdkb","gap","no-parent","warning","suggested-fix","Q24017465","third-order class","","","","declared item with no `subclass of` (P279) and no `instance of` (P31) statement: the base says nothing about what it is","download the item (`wikidata fetch`) or add a P279 or P31 statement"
"data/frontier.wdkb","gap","no-parent","warning","suggested-fix","Q16003513","NUTS (european administrative division classification) class","","","","declared item with no `subclass of` (P279) and no `instance of` (P31) statement: the base says nothing about what it is","download the item (`wikidata fetch`) or add a P279 or P31 statement"
"data/frontier.wdkb","gap","no-parent","warning","suggested-fix","Q7397","software","","","","declared item with no `subclass of` (P279) and no `instance of` (P31) statement: the base says nothing about what it is","download the item (`wikidata fetch`) or add a P279 or P31 statement"
"data/frontier.wdkb","gap","no-parent","warning","suggested-fix","Q14946528","conflation","","","","declared item with no `subclass of` (P279) and no `instance of` (P31) statement: the base says nothing about what it is","download the item (`wikidata fetch`) or add a P279 or P31 statement"
"data/frontier.wdkb","gap","no-parent","warning","suggested-fix","Q27096213","geographic entity","","","","declared item with no `subclass of` (P279) and no `instance of` (P31) statement: the base says nothing about what it is","download the item (`wikidata fetch`) or add a P279 or P31 statement"
"data/frontier.wdkb","gap","no-parent","warning","suggested-fix","Q125598647","continuant type","","","","declared item with no `subclass of` (P279) and no `instance of` (P31) statement: the base says nothing about what it is","download the item (`wikidata fetch`) or add a P279 or P31 statement"
"data/frontier.wdkb","gap","no-parent","warning","suggested-fix","Q100320664","concept in linguistics","","","","declared item with no `subclass of` (P279) and no `instance of` (P31) statement: the base says nothing about what it is","download the item (`wikidata fetch`) or add a P279 or P31 statement"
"data/frontier.wdkb","gap","no-parent","warning","suggested-fix","Q789016","content word","","","","declared item with no `subclass of` (P279) and no `instance of` (P31) statement: the base says nothing about what it is","download the item (`wikidata fetch`) or add a P279 or P31 statement"
"data/frontier.wdkb","gap","no-parent","warning","suggested-fix","Q82042","part of speech","","","","declared item with no `subclass of` (P279) and no `instance of` (P31) statement: the base says nothing about what it is","download the item (`wikidata fetch`) or add a P279 or P31 statement"
"data/frontier.wdkb","gap","no-parent","warning","suggested-fix","Q1896989","subject of international law","","","","declared item with no `subclass of` (P279) and no `instance of` (P31) statement: the base says nothing about what it is","download the item (`wikidata fetch`) or add a P279 or P31 statement"
"data/frontier.wdkb","gap","no-parent","warning","suggested-fix","Q96196009","former or current state","","","","declared item with no `subclass of` (P279) and no `instance of` (P31) statement: the base says nothing about what it is","download the item (`wikidata fetch`) or add a P279 or P31 statement"
"data/frontier.wdkb","gap","no-parent","warning","suggested-fix","Q699386","statutory corporation","","","","declared item with no `subclass of` (P279) and no `instance of` (P31) statement: the base says nothing about what it is","download the item (`wikidata fetch`) or add a P279 or P31 statement"
"data/frontier.wdkb","gap","no-parent","warning","suggested-fix","Q101072","definition","","","","declared item with no `subclass of` (P279) and no `instance of` (P31) statement: the base says nothing about what it is","download the item (`wikidata fetch`) or add a P279 or P31 statement"
"data/frontier.wdkb","gap","no-parent","warning","suggested-fix","Q1549152","public institution","","","","declared item with no `subclass of` (P279) and no `instance of` (P31) statement: the base says nothing about what it is","download the item (`wikidata fetch`) or add a P279 or P31 statement"
"data/frontier.wdkb","gap","no-parent","warning","suggested-fix","Q783794","company","","","","declared item with no `subclass of` (P279) and no `instance of` (P31) statement: the base says nothing about what it is","download the item (`wikidata fetch`) or add a P279 or P31 statement"
"data/frontier.wdkb","gap","no-parent","warning","suggested-fix","Q7188","government","","","","declared item with no `subclass of` (P279) and no `instance of` (P31) statement: the base says nothing about what it is","download the item (`wikidata fetch`) or add a P279 or P31 statement"
"data/frontier.wdkb","gap","no-parent","warning","suggested-fix","Q4358176","council","","","","declared item with no `subclass of` (P279) and no `instance of` (P31) statement: the base says nothing about what it is","download the item (`wikidata fetch`) or add a P279 or P31 statement"
"data/frontier.wdkb","gap","no-parent","warning","suggested-fix","Q1307214","form of government","","","","declared item with no `subclass of` (P279) and no `instance of` (P31) statement: the base says nothing about what it is","download the item (`wikidata fetch`) or add a P279 or P31 statement"
"data/frontier.wdkb","gap","no-parent","warning","suggested-fix","Q3778211","legal person","","","","declared item with no `subclass of` (P279) and no `instance of` (P31) statement: the base says nothing about what it is","download the item (`wikidata fetch`) or add a P279 or P31 statement"
"data/frontier.wdkb","gap","no-parent","warning","suggested-fix","Q2135465","legal term or legal concept","","","","declared item with no `subclass of` (P279) and no `instance of` (P31) statement: the base says nothing about what it is","download the item (`wikidata fetch`) or add a P279 or P31 statement"
"data/frontier.wdkb","gap","no-parent","warning","suggested-fix","Q931483","legal fiction","","","","declared item with no `subclass of` (P279) and no `instance of` (P31) statement: the base says nothing about what it is","download the item (`wikidata fetch`) or add a P279 or P31 statement"
"data/frontier.wdkb","gap","no-parent","warning","suggested-fix","Q27096235","artificial geographic entity","","","","declared item with no `subclass of` (P279) and no `instance of` (P31) statement: the base says nothing about what it is","download the item (`wikidata fetch`) or add a P279 or P31 statement"
"data/frontier.wdkb","gap","no-parent","warning","suggested-fix","Q104098715","territorial entity type","","","","declared item with no `subclass of` (P279) and no `instance of` (P31) statement: the base says nothing about what it is","download the item (`wikidata fetch`) or add a P279 or P31 statement"
"data/frontier.wdkb","gap","no-parent","warning","suggested-fix","Q123964505","populated place","","","","declared item with no `subclass of` (P279) and no `instance of` (P31) statement: the base says nothing about what it is","download the item (`wikidata fetch`) or add a P279 or P31 statement"
"data/frontier.wdkb","gap","no-parent","warning","suggested-fix","Q18247357","group of structures or buildings","","","","declared item with no `subclass of` (P279) and no `instance of` (P31) statement: the base says nothing about what it is","download the item (`wikidata fetch`) or add a P279 or P31 statement"
"data/frontier.wdkb","gap","no-parent","warning","suggested-fix","Q137018865","type of place","","","","declared item with no `subclass of` (P279) and no `instance of` (P31) statement: the base says nothing about what it is","download the item (`wikidata fetch`) or add a P279 or P31 statement"
"data/frontier.wdkb","gap","no-parent","warning","suggested-fix","Q16334298","group of living things","","","","declared item with no `subclass of` (P279) and no `instance of` (P31) statement: the base says nothing about what it is","download the item (`wikidata fetch`) or add a P279 or P31 statement"
"data/frontier.wdkb","gap","no-parent","warning","suggested-fix","Q134602505","group of beings","","","","declared item with no `subclass of` (P279) and no `instance of` (P31) statement: the base says nothing about what it is","download the item (`wikidata fetch`) or add a P279 or P31 statement"
"data/frontier.wdkb","gap","no-parent","warning","suggested-fix","Q15893266","former entity","","","","declared item with no `subclass of` (P279) and no `instance of` (P31) statement: the base says nothing about what it is","download the item (`wikidata fetch`) or add a P279 or P31 statement"
"data/frontier.wdkb","gap","no-parent","warning","suggested-fix","Q12046615","feature type","","","","declared item with no `subclass of` (P279) and no `instance of` (P31) statement: the base says nothing about what it is","download the item (`wikidata fetch`) or add a P279 or P31 statement"
"data/frontier.wdkb","gap","no-parent","warning","suggested-fix","Q4835091","territory","","","","declared item with no `subclass of` (P279) and no `instance of` (P31) statement: the base says nothing about what it is","download the item (`wikidata fetch`) or add a P279 or P31 statement"
"data/frontier.wdkb","gap","no-parent","warning","suggested-fix","Q16562419","political entity","","","","declared item with no `subclass of` (P279) and no `instance of` (P31) statement: the base says nothing about what it is","download the item (`wikidata fetch`) or add a P279 or P31 statement"
"data/frontier.wdkb","gap","no-parent","warning","suggested-fix","Q2221906","geographic location","","","","declared item with no `subclass of` (P279) and no `instance of` (P31) statement: the base says nothing about what it is","download the item (`wikidata fetch`) or add a P279 or P31 statement"
"data/frontier.wdkb","gap","no-parent","warning","suggested-fix","Q82794","region","","","","declared item with no `subclass of` (P279) and no `instance of` (P31) statement: the base says nothing about what it is","download the item (`wikidata fetch`) or add a P279 or P31 statement"
"data/frontier.wdkb","gap","no-parent","warning","suggested-fix","Q137022846","type of region","","","","declared item with no `subclass of` (P279) and no `instance of` (P31) statement: the base says nothing about what it is","download the item (`wikidata fetch`) or add a P279 or P31 statement"
"data/frontier.wdkb","gap","no-parent","warning","suggested-fix","Q1084","noun","","","","declared item with no `subclass of` (P279) and no `instance of` (P31) statement: the base says nothing about what it is","download the item (`wikidata fetch`) or add a P279 or P31 statement"
"data/frontier.wdkb","gap","no-parent","warning","suggested-fix","Q803935","Baire function","","","","declared item with no `subclass of` (P279) and no `instance of` (P31) statement: the base says nothing about what it is","download the item (`wikidata fetch`) or add a P279 or P31 statement"
"data/frontier.wdkb","gap","no-parent","warning","suggested-fix","Q66707394","countable set","","","","declared item with no `subclass of` (P279) and no `instance of` (P31) statement: the base says nothing about what it is","download the item (`wikidata fetch`) or add a P279 or P31 statement"
"data/frontier.wdkb","gap","no-parent","warning","suggested-fix","Q726212","bounded set","","","","declared item with no `subclass of` (P279) and no `instance of` (P31) statement: the base says nothing about what it is","download the item (`wikidata fetch`) or add a P279 or P31 statement"
"data/frontier.wdkb","gap","no-parent","warning","suggested-fix","Q309314","quantity","","","","declared item with no `subclass of` (P279) and no `instance of` (P31) statement: the base says nothing about what it is","download the item (`wikidata fetch`) or add a P279 or P31 statement"
"data/frontier.wdkb","gap","no-parent","warning","suggested-fix","Q47574","unit of measurement","","","","declared item with no `subclass of` (P279) and no `instance of` (P31) statement: the base says nothing about what it is","download the item (`wikidata fetch`) or add a P279 or P31 statement"
"data/frontier.wdkb","gap","no-parent","warning","suggested-fix","Q107715","physical quantity","","","","declared item with no `subclass of` (P279) and no `instance of` (P31) statement: the base says nothing about what it is","download the item (`wikidata fetch`) or add a P279 or P31 statement"
"data/frontier.wdkb","gap","no-parent","warning","suggested-fix","Q26907166","temporal entity","","","","declared item with no `subclass of` (P279) and no `instance of` (P31) statement: the base says nothing about what it is","download the item (`wikidata fetch`) or add a P279 or P31 statement"
"data/frontier.wdkb","gap","no-parent","warning","suggested-fix","Q902805","primary nutritional group","","","","declared item with no `subclass of` (P279) and no `instance of` (P31) statement: the base says nothing about what it is","download the item (`wikidata fetch`) or add a P279 or P31 statement"
"data/frontier.wdkb","gap","no-parent","warning","suggested-fix","Q56575300","ecological concept","","","","declared item with no `subclass of` (P279) and no `instance of` (P31) statement: the base says nothing about what it is","download the item (`wikidata fetch`) or add a P279 or P31 statement"
"data/frontier.wdkb","gap","no-parent","warning","suggested-fix","Q134602526","group or class of beings","","","","declared item with no `subclass of` (P279) and no `instance of` (P31) statement: the base says nothing about what it is","download the item (`wikidata fetch`) or add a P279 or P31 statement"
"data/frontier.wdkb","gap","no-parent","warning","suggested-fix","Q635162","Hominidae","","","","declared item with no `subclass of` (P279) and no `instance of` (P31) statement: the base says nothing about what it is","download the item (`wikidata fetch`) or add a P279 or P31 statement"
"data/frontier.wdkb","gap","no-parent","warning","suggested-fix","Q115949945","scientific concept","","","","declared item with no `subclass of` (P279) and no `instance of` (P31) statement: the base says nothing about what it is","download the item (`wikidata fetch`) or add a P279 or P31 statement"
"data/frontier.wdkb","gap","no-parent","warning","suggested-fix","Q129586023","person with an activity","","","","declared item with no `subclass of` (P279) and no `instance of` (P31) statement: the base says nothing about what it is","download the item (`wikidata fetch`) or add a P279 or P31 statement"
"data/frontier.wdkb","gap","no-parent","warning","suggested-fix","Q134480019","proto-agent","","","","declared item with no `subclass of` (P279) and no `instance of` (P31) statement: the base says nothing about what it is","download the item (`wikidata fetch`) or add a P279 or P31 statement"
"data/frontier.wdkb","gap","no-parent","warning","suggested-fix","Q215627","person","","","","declared item with no `subclass of` (P279) and no `instance of` (P31) statement: the base says nothing about what it is","download the item (`wikidata fetch`) or add a P279 or P31 statement"
"data/frontier.wdkb","gap","no-parent","warning","suggested-fix","Q1650915","researcher","","","","declared item with no `subclass of` (P279) and no `instance of` (P31) statement: the base says nothing about what it is","download the item (`wikidata fetch`) or add a P279 or P31 statement"
"data/frontier.wdkb","gap","no-parent","warning","suggested-fix","Q4164871","position","","","","declared item with no `subclass of` (P279) and no `instance of` (P31) statement: the base says nothing about what it is","download the item (`wikidata fetch`) or add a P279 or P31 statement"
"data/frontier.wdkb","gap","no-parent","warning","suggested-fix","Q66394244","physical anatomical entity","","","","declared item with no `subclass of` (P279) and no `instance of` (P31) statement: the base says nothing about what it is","download the item (`wikidata fetch`) or add a P279 or P31 statement"
"data/frontier.wdkb","gap","no-parent","warning","suggested-fix","Q4330518","object of study","","","","declared item with no `subclass of` (P279) and no `instance of` (P31) statement: the base says nothing about what it is","download the item (`wikidata fetch`) or add a P279 or P31 statement"
"data/frontier.wdkb","gap","no-parent","warning","suggested-fix","Q2085518","format","","","","declared item with no `subclass of` (P279) and no `instance of` (P31) statement: the base says nothing about what it is","download the item (`wikidata fetch`) or add a P279 or P31 statement"
"data/frontier.wdkb","gap","no-parent","warning","suggested-fix","Q15633587","MediaWiki main namespace page","","","","declared item with no `subclass of` (P279) and no `instance of` (P31) statement: the base says nothing about what it is","download the item (`wikidata fetch`) or add a P279 or P31 statement"
"data/frontier.wdkb","gap","no-parent","warning","suggested-fix","Q191067","article","","","","declared item with no `subclass of` (P279) and no `instance of` (P31) statement: the base says nothing about what it is","download the item (`wikidata fetch`) or add a P279 or P31 statement"
"data/frontier.wdkb","gap","no-parent","warning","suggested-fix","Q1293664","open content","","","","declared item with no `subclass of` (P279) and no `instance of` (P31) statement: the base says nothing about what it is","download the item (`wikidata fetch`) or add a P279 or P31 statement"
"data/frontier.wdkb","gap","no-parent","warning","suggested-fix","Q17379835","Wikimedia page outside the main knowledge tree","","","","declared item with no `subclass of` (P279) and no `instance of` (P31) statement: the base says nothing about what it is","download the item (`wikidata fetch`) or add a P279 or P31 statement"
"data/frontier.wdkb","gap","no-parent","warning","suggested-fix","Q118555179","MediaWiki non-main namespace page","","","","declared item with no `subclass of` (P279) and no `instance of` (P31) statement: the base says nothing about what it is","download the item (`wikidata fetch`) or add a P279 or P31 statement"
"data/frontier.wdkb","gap","no-parent","warning","suggested-fix","Q37866906","information resource","","","","declared item with no `subclass of` (P279) and no `instance of` (P31) statement: the base says nothing about what it is","download the item (`wikidata fetch`) or add a P279 or P31 statement"
"data/frontier.wdkb","gap","no-parent","warning","suggested-fix","Q110403031","knowledge type","","","","declared item with no `subclass of` (P279) and no `instance of` (P31) statement: the base says nothing about what it is","download the item (`wikidata fetch`) or add a P279 or P31 statement"
"data/frontier.wdkb","gap","no-parent","warning","suggested-fix","Q21040055","aspect","","","","declared item with no `subclass of` (P279) and no `instance of` (P31) statement: the base says nothing about what it is","download the item (`wikidata fetch`) or add a P279 or P31 statement"
"data/frontier.wdkb","gap","no-parent","warning","suggested-fix","Q1799072","method","","","","declared item with no `subclass of` (P279) and no `instance of` (P31) statement: the base says nothing about what it is","download the item (`wikidata fetch`) or add a P279 or P31 statement"
"data/frontier.wdkb","gap","no-parent","warning","suggested-fix","Q105948247","knowledge system","","","","declared item with no `subclass of` (P279) and no `instance of` (P31) statement: the base says nothing about what it is","download the item (`wikidata fetch`) or add a P279 or P31 statement"
"data/frontier.wdkb","gap","no-parent","warning","suggested-fix","Q9081","knowledge","","","","declared item with no `subclass of` (P279) and no `instance of` (P31) statement: the base says nothing about what it is","download the item (`wikidata fetch`) or add a P279 or P31 statement"
"data/frontier.wdkb","gap","no-parent","warning","suggested-fix","Q221173","outline of academic disciplines","","","","declared item with no `subclass of` (P279) and no `instance of` (P31) statement: the base says nothing about what it is","download the item (`wikidata fetch`) or add a P279 or P31 statement"
"data/frontier.wdkb","gap","no-parent","warning","suggested-fix","Q9471","epistemology","","","","declared item with no `subclass of` (P279) and no `instance of` (P31) statement: the base says nothing about what it is","download the item (`wikidata fetch`) or add a P279 or P31 statement"
"data/frontier.wdkb","gap","no-parent","warning","suggested-fix","Q42240","research","","","","declared item with no `subclass of` (P279) and no `instance of` (P31) statement: the base says nothing about what it is","download the item (`wikidata fetch`) or add a P279 or P31 statement"
"data/frontier.wdkb","gap","no-parent","warning","suggested-fix","Q105606485","intellectual activity","","","","declared item with no `subclass of` (P279) and no `instance of` (P31) statement: the base says nothing about what it is","download the item (`wikidata fetch`) or add a P279 or P31 statement"
"data/frontier.wdkb","gap","no-parent","warning","suggested-fix","Q8027727","Wissenschaft","","","","declared item with no `subclass of` (P279) and no `instance of` (P31) statement: the base says nothing about what it is","download the item (`wikidata fetch`) or add a P279 or P31 statement"
"data/frontier.wdkb","gap","no-parent","warning","suggested-fix","Q110402867","knowledge classification","","","","declared item with no `subclass of` (P279) and no `instance of` (P31) statement: the base says nothing about what it is","download the item (`wikidata fetch`) or add a P279 or P31 statement"
"data/frontier.wdkb","gap","no-parent","warning","suggested-fix","Q64732777","biological phenomenon","","","","declared item with no `subclass of` (P279) and no `instance of` (P31) statement: the base says nothing about what it is","download the item (`wikidata fetch`) or add a P279 or P31 statement"
"data/frontier.wdkb","gap","no-parent","warning","suggested-fix","Q17320256","physical process","","","","declared item with no `subclass of` (P279) and no `instance of` (P31) statement: the base says nothing about what it is","download the item (`wikidata fetch`) or add a P279 or P31 statement"
"data/frontier.wdkb","gap","no-parent","warning","suggested-fix","Q1190554","occurrence","","","","declared item with no `subclass of` (P279) and no `instance of` (P31) statement: the base says nothing about what it is","download the item (`wikidata fetch`) or add a P279 or P31 statement"
"data/frontier.wdkb","gap","no-parent","warning","suggested-fix","Q8242","literature","","","","declared item with no `subclass of` (P279) and no `instance of` (P31) statement: the base says nothing about what it is","download the item (`wikidata fetch`) or add a P279 or P31 statement"
"data/frontier.wdkb","gap","no-parent","warning","suggested-fix","Q109551565","sub-set of literature","","","","declared item with no `subclass of` (P279) and no `instance of` (P31) statement: the base says nothing about what it is","download the item (`wikidata fetch`) or add a P279 or P31 statement"
"data/frontier.wdkb","gap","no-parent","warning","suggested-fix","Q108329096","art genre by arts form","","","","declared item with no `subclass of` (P279) and no `instance of` (P31) statement: the base says nothing about what it is","download the item (`wikidata fetch`) or add a P279 or P31 statement"
"data/frontier.wdkb","gap","no-parent","warning","suggested-fix","Q223393","literary genre","","","","declared item with no `subclass of` (P279) and no `instance of` (P31) statement: the base says nothing about what it is","download the item (`wikidata fetch`) or add a P279 or P31 statement"
"data/frontier.wdkb","gap","no-parent","warning","suggested-fix","Q108466143","non-fiction genre","","","","declared item with no `subclass of` (P279) and no `instance of` (P31) statement: the base says nothing about what it is","download the item (`wikidata fetch`) or add a P279 or P31 statement"
"data/frontier.wdkb","gap","no-parent","warning","suggested-fix","Q115668308","release","","","","declared item with no `subclass of` (P279) and no `instance of` (P31) statement: the base says nothing about what it is","download the item (`wikidata fetch`) or add a P279 or P31 statement"
"data/frontier.wdkb","gap","no-parent","warning","suggested-fix","Q340169","communications media","","","","declared item with no `subclass of` (P279) and no `instance of` (P31) statement: the base says nothing about what it is","download the item (`wikidata fetch`) or add a P279 or P31 statement"
"data/frontier.wdkb","gap","no-parent","warning","suggested-fix","Q140311475","type of creative work","","","","declared item with no `subclass of` (P279) and no `instance of` (P31) statement: the base says nothing about what it is","download the item (`wikidata fetch`) or add a P279 or P31 statement"
"data/frontier.wdkb","gap","no-parent","warning","suggested-fix","Q10383930","academic work","","","","declared item with no `subclass of` (P279) and no `instance of` (P31) statement: the base says nothing about what it is","download the item (`wikidata fetch`) or add a P279 or P31 statement"
"data/frontier.wdkb","gap","no-parent","warning","suggested-fix","Q133449656","type of work","","","","declared item with no `subclass of` (P279) and no `instance of` (P31) statement: the base says nothing about what it is","download the item (`wikidata fetch`) or add a P279 or P31 statement"
"data/frontier.wdkb","gap","no-parent","warning","suggested-fix","Q1851710","structure (model theory)","","","","declared item with no `subclass of` (P279) and no `instance of` (P31) statement: the base says nothing about what it is","download the item (`wikidata fetch`) or add a P279 or P31 statement"
"data/frontier.wdkb","gap","no-parent","warning","suggested-fix","Q3893614","definable real number","","","","declared item with no `subclass of` (P279) and no `instance of` (P31) statement: the base says nothing about what it is","download the item (`wikidata fetch`) or add a P279 or P31 statement"
"data/frontier.wdkb","gap","no-parent","warning","suggested-fix","Q135457975","computable complex number","","","","declared item with no `subclass of` (P279) and no `instance of` (P31) statement: the base says nothing about what it is","download the item (`wikidata fetch`) or add a P279 or P31 statement"
"data/frontier.wdkb","gap","no-parent","warning","suggested-fix","Q29428373","tetrad","","","","declared item with no `subclass of` (P279) and no `instance of` (P31) statement: the base says nothing about what it is","download the item (`wikidata fetch`) or add a P279 or P31 statement"
"data/frontier.wdkb","gap","no-parent","warning","suggested-fix","Q743418","octonion","","","","declared item with no `subclass of` (P279) and no `instance of` (P31) statement: the base says nothing about what it is","download the item (`wikidata fetch`) or add a P279 or P31 statement"
"data/frontier.wdkb","gap","no-parent","warning","suggested-fix","Q135268494","group of 2","","","","declared item with no `subclass of` (P279) and no `instance of` (P31) statement: the base says nothing about what it is","download the item (`wikidata fetch`) or add a P279 or P31 statement"
"data/frontier.wdkb","gap","no-parent","warning","suggested-fix","Q600590","𝑛-tuple","","","","declared item with no `subclass of` (P279) and no `instance of` (P31) statement: the base says nothing about what it is","download the item (`wikidata fetch`) or add a P279 or P31 statement"
"data/frontier.wdkb","gap","no-parent","warning","suggested-fix","Q36808958","element of set","","","","declared item with no `subclass of` (P279) and no `instance of` (P31) statement: the base says nothing about what it is","download the item (`wikidata fetch`) or add a P279 or P31 statement"
"data/frontier.wdkb","gap","no-parent","warning","suggested-fix","Q103994247","medical metaclass","","","","declared item with no `subclass of` (P279) and no `instance of` (P31) statement: the base says nothing about what it is","download the item (`wikidata fetch`) or add a P279 or P31 statement"
"data/frontier.wdkb","gap","no-parent","warning","suggested-fix","Q24027474","fourth-order class","","","","declared item with no `subclass of` (P279) and no `instance of` (P31) statement: the base says nothing about what it is","download the item (`wikidata fetch`) or add a P279 or P31 statement"
"data/frontier.wdkb","gap","no-parent","warning","suggested-fix","Q21871294","group or class of living things","","","","declared item with no `subclass of` (P279) and no `instance of` (P31) statement: the base says nothing about what it is","download the item (`wikidata fetch`) or add a P279 or P31 statement"
"data/frontier.wdkb","gap","no-parent","warning","suggested-fix","Q111360549","type of physical object","","","","declared item with no `subclass of` (P279) and no `instance of` (P31) statement: the base says nothing about what it is","download the item (`wikidata fetch`) or add a P279 or P31 statement"
"data/frontier.wdkb","gap","no-parent","warning","suggested-fix","Q132907471","individual item","","","","declared item with no `subclass of` (P279) and no `instance of` (P31) statement: the base says nothing about what it is","download the item (`wikidata fetch`) or add a P279 or P31 statement"
"data/frontier.wdkb","gap","no-parent","warning","suggested-fix","Q53617407","material entity","","","","declared item with no `subclass of` (P279) and no `instance of` (P31) statement: the base says nothing about what it is","download the item (`wikidata fetch`) or add a P279 or P31 statement"
"data/frontier.wdkb","gap","no-parent","warning","suggested-fix","Q100724091","physics term","","","","declared item with no `subclass of` (P279) and no `instance of` (P31) statement: the base says nothing about what it is","download the item (`wikidata fetch`) or add a P279 or P31 statement"
"data/frontier.wdkb","gap","no-parent","warning","suggested-fix","Q908049","bound state","","","","declared item with no `subclass of` (P279) and no `instance of` (P31) statement: the base says nothing about what it is","download the item (`wikidata fetch`) or add a P279 or P31 statement"
"data/frontier.wdkb","gap","no-parent","warning","suggested-fix","Q28877390","massive quantum particle","","","","declared item with no `subclass of` (P279) and no `instance of` (P31) statement: the base says nothing about what it is","download the item (`wikidata fetch`) or add a P279 or P31 statement"
"data/frontier.wdkb","gap","no-parent","warning","suggested-fix","Q22675015","type of quantum particle","","","","declared item with no `subclass of` (P279) and no `instance of` (P31) statement: the base says nothing about what it is","download the item (`wikidata fetch`) or add a P279 or P31 statement"
"data/frontier.wdkb","gap","no-parent","warning","suggested-fix","Q28555911","ordinary matter","","","","declared item with no `subclass of` (P279) and no `instance of` (P31) statement: the base says nothing about what it is","download the item (`wikidata fetch`) or add a P279 or P31 statement"
"data/frontier.wdkb","gap","no-parent","warning","suggested-fix","Q3685323","nitrogen compound","","","","declared item with no `subclass of` (P279) and no `instance of` (P31) statement: the base says nothing about what it is","download the item (`wikidata fetch`) or add a P279 or P31 statement"
"data/frontier.wdkb","gap","no-parent","warning","suggested-fix","Q71574018","organooxygen compound","","","","declared item with no `subclass of` (P279) and no `instance of` (P31) statement: the base says nothing about what it is","download the item (`wikidata fetch`) or add a P279 or P31 statement"
"data/frontier.wdkb","gap","no-parent","warning","suggested-fix","Q19885597","oxo compound","","","","declared item with no `subclass of` (P279) and no `instance of` (P31) statement: the base says nothing about what it is","download the item (`wikidata fetch`) or add a P279 or P31 statement"
"data/frontier.wdkb","gap","no-parent","warning","suggested-fix","Q72070508","group or class of chemical entities","","","","declared item with no `subclass of` (P279) and no `instance of` (P31) statement: the base says nothing about what it is","download the item (`wikidata fetch`) or add a P279 or P31 statement"
"data/frontier.wdkb","gap","no-parent","warning","suggested-fix","Q1415187","economic agent","","","","declared item with no `subclass of` (P279) and no `instance of` (P31) statement: the base says nothing about what it is","download the item (`wikidata fetch`) or add a P279 or P31 statement"
"data/frontier.wdkb","gap","no-parent","warning","suggested-fix","Q1807498","social position","","","","declared item with no `subclass of` (P279) and no `instance of` (P31) statement: the base says nothing about what it is","download the item (`wikidata fetch`) or add a P279 or P31 statement"
"data/frontier.wdkb","gap","no-parent","warning","suggested-fix","Q106411346","characterization","","","","declared item with no `subclass of` (P279) and no `instance of` (P31) statement: the base says nothing about what it is","download the item (`wikidata fetch`) or add a P279 or P31 statement"
"data/frontier.wdkb","gap","no-parent","warning","suggested-fix","Q2198779","unit","","","","declared item with no `subclass of` (P279) and no `instance of` (P31) statement: the base says nothing about what it is","download the item (`wikidata fetch`) or add a P279 or P31 statement"
"data/frontier.wdkb","gap","no-parent","warning","suggested-fix","Q115471117","self-depicting entity","","","","declared item with no `subclass of` (P279) and no `instance of` (P31) statement: the base says nothing about what it is","download the item (`wikidata fetch`) or add a P279 or P31 statement"
"data/frontier.wdkb","gap","no-parent","warning","suggested-fix","Q106668099","corporate body","","","","declared item with no `subclass of` (P279) and no `instance of` (P31) statement: the base says nothing about what it is","download the item (`wikidata fetch`) or add a P279 or P31 statement"
"data/frontier.wdkb","gap","no-parent","warning","suggested-fix","Q854457","complex system","","","","declared item with no `subclass of` (P279) and no `instance of` (P31) statement: the base says nothing about what it is","download the item (`wikidata fetch`) or add a P279 or P31 statement"
"data/frontier.wdkb","gap","no-parent","warning","suggested-fix","Q131085629","collective agent","","","","declared item with no `subclass of` (P279) and no `instance of` (P31) statement: the base says nothing about what it is","download the item (`wikidata fetch`) or add a P279 or P31 statement"
"data/frontier.wdkb","gap","no-parent","warning","suggested-fix","Q1969448","term","","","","declared item with no `subclass of` (P279) and no `instance of` (P31) statement: the base says nothing about what it is","download the item (`wikidata fetch`) or add a P279 or P31 statement"
"data/frontier.wdkb","gap","no-parent","warning","suggested-fix","Q367293","convention","","","","declared item with no `subclass of` (P279) and no `instance of` (P31) statement: the base says nothing about what it is","download the item (`wikidata fetch`) or add a P279 or P31 statement"
"data/frontier.wdkb","gap","no-parent","warning","suggested-fix","Q35758","matter","","","","declared item with no `subclass of` (P279) and no `instance of` (P31) statement: the base says nothing about what it is","download the item (`wikidata fetch`) or add a P279 or P31 statement"
"data/frontier.wdkb","gap","no-parent","warning","suggested-fix","Q21170479","possibility","","","","declared item with no `subclass of` (P279) and no `instance of` (P31) statement: the base says nothing about what it is","download the item (`wikidata fetch`) or add a P279 or P31 statement"
"data/frontier.wdkb","gap","no-parent","warning","suggested-fix","Q9492","probability","","","","declared item with no `subclass of` (P279) and no `instance of` (P31) statement: the base says nothing about what it is","download the item (`wikidata fetch`) or add a P279 or P31 statement"
"data/frontier.wdkb","gap","no-parent","warning","suggested-fix","Q130286945","type of problem","","","","declared item with no `subclass of` (P279) and no `instance of` (P31) statement: the base says nothing about what it is","download the item (`wikidata fetch`) or add a P279 or P31 statement"
"data/frontier.wdkb","gap","no-parent","warning","suggested-fix","Q19868531","formal ontology concept","","","","declared item with no `subclass of` (P279) and no `instance of` (P31) statement: the base says nothing about what it is","download the item (`wikidata fetch`) or add a P279 or P31 statement"
"data/frontier.wdkb","gap","no-parent","warning","suggested-fix","Q12775893","scheme","","","","declared item with no `subclass of` (P279) and no `instance of` (P31) statement: the base says nothing about what it is","download the item (`wikidata fetch`) or add a P279 or P31 statement"
"data/frontier.wdkb","gap","no-parent","warning","suggested-fix","Q111931734","effect","","","","declared item with no `subclass of` (P279) and no `instance of` (P31) statement: the base says nothing about what it is","download the item (`wikidata fetch`) or add a P279 or P31 statement"
"data/frontier.wdkb","gap","no-parent","warning","suggested-fix","Q12379553","general term","","","","declared item with no `subclass of` (P279) and no `instance of` (P31) statement: the base says nothing about what it is","download the item (`wikidata fetch`) or add a P279 or P31 statement"
"data/frontier.wdkb","gap","no-parent","warning","suggested-fix","Q7551287","social object","","","","declared item with no `subclass of` (P279) and no `instance of` (P31) statement: the base says nothing about what it is","download the item (`wikidata fetch`) or add a P279 or P31 statement"
"data/frontier.wdkb","gap","no-parent","warning","suggested-fix","Q67518978","occurrent","","","","declared item with no `subclass of` (P279) and no `instance of` (P31) statement: the base says nothing about what it is","download the item (`wikidata fetch`) or add a P279 or P31 statement"
"data/frontier.wdkb","gap","no-parent","warning","suggested-fix","Q191797","aggression","","","","declared item with no `subclass of` (P279) and no `instance of` (P31) statement: the base says nothing about what it is","download the item (`wikidata fetch`) or add a P279 or P31 statement"
"data/frontier.wdkb","gap","no-parent","warning","suggested-fix","Q60971579","destructive behavior","","","","declared item with no `subclass of` (P279) and no `instance of` (P31) statement: the base says nothing about what it is","download the item (`wikidata fetch`) or add a P279 or P31 statement"
"data/frontier.wdkb","gap","no-parent","warning","suggested-fix","Q2515887","pattern of behavior","","","","declared item with no `subclass of` (P279) and no `instance of` (P31) statement: the base says nothing about what it is","download the item (`wikidata fetch`) or add a P279 or P31 statement"
"data/frontier.wdkb","gap","no-parent","warning","suggested-fix","Q137774087","type of violence","","","","declared item with no `subclass of` (P279) and no `instance of` (P31) statement: the base says nothing about what it is","download the item (`wikidata fetch`) or add a P279 or P31 statement"
"data/frontier.wdkb","gap","no-parent","warning","suggested-fix","Q5127848","class","","","","declared item with no `subclass of` (P279) and no `instance of` (P31) statement: the base says nothing about what it is","download the item (`wikidata fetch`) or add a P279 or P31 statement"
"data/frontier.wdkb","gap","no-parent","warning","suggested-fix","Q115490628","fundamental Wikidata entity","","","","declared item with no `subclass of` (P279) and no `instance of` (P31) statement: the base says nothing about what it is","download the item (`wikidata fetch`) or add a P279 or P31 statement"
"data/frontier.wdkb","gap","no-parent","warning","suggested-fix","Q602884","social phenomenon","","","","declared item with no `subclass of` (P279) and no `instance of` (P31) statement: the base says nothing about what it is","download the item (`wikidata fetch`) or add a P279 or P31 statement"
"data/frontier.wdkb","gap","no-parent","warning","suggested-fix","Q921513","social behavior","","","","declared item with no `subclass of` (P279) and no `instance of` (P31) statement: the base says nothing about what it is","download the item (`wikidata fetch`) or add a P279 or P31 statement"
"data/frontier.wdkb","gap","no-parent","warning","suggested-fix","Q123345464","type of interaction","","","","declared item with no `subclass of` (P279) and no `instance of` (P31) statement: the base says nothing about what it is","download the item (`wikidata fetch`) or add a P279 or P31 statement"
"data/frontier.wdkb","gap","no-parent","warning","suggested-fix","Q613930","thematic relation","","","","declared item with no `subclass of` (P279) and no `instance of` (P31) statement: the base says nothing about what it is","download the item (`wikidata fetch`) or add a P279 or P31 statement"
"data/frontier.wdkb","gap","no-parent","warning","suggested-fix","Q123240632","specifically dependent continuant","","","","declared item with no `subclass of` (P279) and no `instance of` (P31) statement: the base says nothing about what it is","download the item (`wikidata fetch`) or add a P279 or P31 statement"
"data/frontier.wdkb","gap","no-parent","warning","suggested-fix","Q4833865","abstract structure","","","","declared item with no `subclass of` (P279) and no `instance of` (P31) statement: the base says nothing about what it is","download the item (`wikidata fetch`) or add a P279 or P31 statement"
"data/frontier.wdkb","gap","no-parent","warning","suggested-fix","Q11348","function","","","","declared item with no `subclass of` (P279) and no `instance of` (P31) statement: the base says nothing about what it is","download the item (`wikidata fetch`) or add a P279 or P31 statement"
"data/frontier.wdkb","gap","no-parent","warning","suggested-fix","Q64861","transitive relation","","","","declared item with no `subclass of` (P279) and no `instance of` (P31) statement: the base says nothing about what it is","download the item (`wikidata fetch`) or add a P279 or P31 statement"
"data/frontier.wdkb","gap","no-parent","warning","suggested-fix","Q203066","relation","","","","declared item with no `subclass of` (P279) and no `instance of` (P31) statement: the base says nothing about what it is","download the item (`wikidata fetch`) or add a P279 or P31 statement"
"data/frontier2.wdkb","gap","no-parent","warning","suggested-fix","Q16003513","NUTS (european administrative division classification) class","","","","declared item with no `subclass of` (P279) and no `instance of` (P31) statement: the base says nothing about what it is","download the item (`wikidata fetch`) or add a P279 or P31 statement"
"data/frontier2.wdkb","gap","no-parent","warning","suggested-fix","Q1747121","flaw","","","","declared item with no `subclass of` (P279) and no `instance of` (P31) statement: the base says nothing about what it is","download the item (`wikidata fetch`) or add a P279 or P31 statement"
"data/frontier2.wdkb","gap","no-parent","warning","suggested-fix","Q86923152","risk source","","","","declared item with no `subclass of` (P279) and no `instance of` (P31) statement: the base says nothing about what it is","download the item (`wikidata fetch`) or add a P279 or P31 statement"
"data/frontier2.wdkb","gap","no-parent","warning","suggested-fix","Q2574811","cause","","","","declared item with no `subclass of` (P279) and no `instance of` (P31) statement: the base says nothing about what it is","download the item (`wikidata fetch`) or add a P279 or P31 statement"
"data/frontier2.wdkb","gap","no-parent","warning","suggested-fix","Q1759104","warning","","","","declared item with no `subclass of` (P279) and no `instance of` (P31) statement: the base says nothing about what it is","download the item (`wikidata fetch`) or add a P279 or P31 statement"
"data/frontier2.wdkb","gap","no-parent","warning","suggested-fix","Q130286945","type of problem","","","","declared item with no `subclass of` (P279) and no `instance of` (P31) statement: the base says nothing about what it is","download the item (`wikidata fetch`) or add a P279 or P31 statement"
"data/frontier2.wdkb","gap","no-parent","warning","suggested-fix","Q11953984","linguistic unit","","","","declared item with no `subclass of` (P279) and no `instance of` (P31) statement: the base says nothing about what it is","download the item (`wikidata fetch`) or add a P279 or P31 statement"
"data/frontier2.wdkb","gap","no-parent","warning","suggested-fix","Q12050496","feature","","","","declared item with no `subclass of` (P279) and no `instance of` (P31) statement: the base says nothing about what it is","download the item (`wikidata fetch`) or add a P279 or P31 statement"
"data/frontier2.wdkb","gap","no-parent","warning","suggested-fix","Q2659904","government organization","","","","declared item with no `subclass of` (P279) and no `instance of` (P31) statement: the base says nothing about what it is","download the item (`wikidata fetch`) or add a P279 or P31 statement"
"data/frontier2.wdkb","gap","no-parent","warning","suggested-fix","Q327333","government agency","","","","declared item with no `subclass of` (P279) and no `instance of` (P31) statement: the base says nothing about what it is","download the item (`wikidata fetch`) or add a P279 or P31 statement"
"data/frontier2.wdkb","gap","no-parent","warning","suggested-fix","Q155076","juridical person","","","","declared item with no `subclass of` (P279) and no `instance of` (P31) statement: the base says nothing about what it is","download the item (`wikidata fetch`) or add a P279 or P31 statement"
"data/frontier2.wdkb","gap","no-parent","warning","suggested-fix","Q131841","idea","","","","declared item with no `subclass of` (P279) and no `instance of` (P31) statement: the base says nothing about what it is","download the item (`wikidata fetch`) or add a P279 or P31 statement"
"data/frontier2.wdkb","gap","no-parent","warning","suggested-fix","Q931483","legal fiction","","","","declared item with no `subclass of` (P279) and no `instance of` (P31) statement: the base says nothing about what it is","download the item (`wikidata fetch`) or add a P279 or P31 statement"
"data/frontier2.wdkb","gap","no-parent","warning","suggested-fix","Q106668099","corporate body","","","","declared item with no `subclass of` (P279) and no `instance of` (P31) statement: the base says nothing about what it is","download the item (`wikidata fetch`) or add a P279 or P31 statement"
"data/frontier2.wdkb","gap","no-parent","warning","suggested-fix","Q1639378","social system","","","","declared item with no `subclass of` (P279) and no `instance of` (P31) statement: the base says nothing about what it is","download the item (`wikidata fetch`) or add a P279 or P31 statement"
"data/frontier2.wdkb","gap","no-parent","warning","suggested-fix","Q854457","complex system","","","","declared item with no `subclass of` (P279) and no `instance of` (P31) statement: the base says nothing about what it is","download the item (`wikidata fetch`) or add a P279 or P31 statement"
"data/frontier2.wdkb","gap","no-parent","warning","suggested-fix","Q131085629","collective agent","","","","declared item with no `subclass of` (P279) and no `instance of` (P31) statement: the base says nothing about what it is","download the item (`wikidata fetch`) or add a P279 or P31 statement"
"data/frontier2.wdkb","gap","no-parent","warning","suggested-fix","Q134602570","class of being","","","","declared item with no `subclass of` (P279) and no `instance of` (P31) statement: the base says nothing about what it is","download the item (`wikidata fetch`) or add a P279 or P31 statement"
"data/frontier2.wdkb","gap","no-parent","warning","suggested-fix","Q96116695","type of system","","","","declared item with no `subclass of` (P279) and no `instance of` (P31) statement: the base says nothing about what it is","download the item (`wikidata fetch`) or add a P279 or P31 statement"
"data/frontier2.wdkb","gap","no-parent","warning","suggested-fix","Q35798","executive branch","","","","declared item with no `subclass of` (P279) and no `instance of` (P31) statement: the base says nothing about what it is","download the item (`wikidata fetch`) or add a P279 or P31 statement"
"data/frontier2.wdkb","gap","no-parent","warning","suggested-fix","Q134601727","group of persons","","","","declared item with no `subclass of` (P279) and no `instance of` (P31) statement: the base says nothing about what it is","download the item (`wikidata fetch`) or add a P279 or P31 statement"
"data/frontier2.wdkb","gap","no-parent","warning","suggested-fix","Q134261520","group or class of humans","","","","declared item with no `subclass of` (P279) and no `instance of` (P31) statement: the base says nothing about what it is","download the item (`wikidata fetch`) or add a P279 or P31 statement"
"data/frontier2.wdkb","gap","no-parent","warning","suggested-fix","Q98119401","group or class of physical objects","","","","declared item with no `subclass of` (P279) and no `instance of` (P31) statement: the base says nothing about what it is","download the item (`wikidata fetch`) or add a P279 or P31 statement"
"data/frontier2.wdkb","gap","no-parent","warning","suggested-fix","Q3257782","locution","","","","declared item with no `subclass of` (P279) and no `instance of` (P31) statement: the base says nothing about what it is","download the item (`wikidata fetch`) or add a P279 or P31 statement"
"data/frontier2.wdkb","gap","no-parent","warning","suggested-fix","Q651943","signifier","","","","declared item with no `subclass of` (P279) and no `instance of` (P31) statement: the base says nothing about what it is","download the item (`wikidata fetch`) or add a P279 or P31 statement"
"data/frontier2.wdkb","gap","no-parent","warning","suggested-fix","Q853614","identifier","","","","declared item with no `subclass of` (P279) and no `instance of` (P31) statement: the base says nothing about what it is","download the item (`wikidata fetch`) or add a P279 or P31 statement"
"data/frontier2.wdkb","gap","no-parent","warning","suggested-fix","Q503992","nominal","","","","declared item with no `subclass of` (P279) and no `instance of` (P31) statement: the base says nothing about what it is","download the item (`wikidata fetch`) or add a P279 or P31 statement"
"data/frontier2.wdkb","gap","no-parent","warning","suggested-fix","Q2944660","lexical item","","","","declared item with no `subclass of` (P279) and no `instance of` (P31) statement: the base says nothing about what it is","download the item (`wikidata fetch`) or add a P279 or P31 statement"
"data/frontier2.wdkb","gap","no-parent","warning","suggested-fix","Q1756942","partial function","","","","declared item with no `subclass of` (P279) and no `instance of` (P31) statement: the base says nothing about what it is","download the item (`wikidata fetch`) or add a P279 or P31 statement"
"data/frontier2.wdkb","gap","no-parent","warning","suggested-fix","Q12775893","scheme","","","","declared item with no `subclass of` (P279) and no `instance of` (P31) statement: the base says nothing about what it is","download the item (`wikidata fetch`) or add a P279 or P31 statement"
"data/frontier2.wdkb","gap","no-parent","warning","suggested-fix","Q217594","class","","","","declared item with no `subclass of` (P279) and no `instance of` (P31) statement: the base says nothing about what it is","download the item (`wikidata fetch`) or add a P279 or P31 statement"
"data/frontier2.wdkb","gap","no-parent","warning","suggested-fix","Q864377","multiset","","","","declared item with no `subclass of` (P279) and no `instance of` (P31) statement: the base says nothing about what it is","download the item (`wikidata fetch`) or add a P279 or P31 statement"
"data/frontier2.wdkb","gap","no-parent","warning","suggested-fix","Q205464","algebraic structure","","","","declared item with no `subclass of` (P279) and no `instance of` (P31) statement: the base says nothing about what it is","download the item (`wikidata fetch`) or add a P279 or P31 statement"
"data/frontier2.wdkb","gap","no-parent","warning","suggested-fix","Q6453739","primitive notion","","","","declared item with no `subclass of` (P279) and no `instance of` (P31) statement: the base says nothing about what it is","download the item (`wikidata fetch`) or add a P279 or P31 statement"
"data/frontier2.wdkb","gap","no-parent","warning","suggested-fix","Q714737","category of being","","","","declared item with no `subclass of` (P279) and no `instance of` (P31) statement: the base says nothing about what it is","download the item (`wikidata fetch`) or add a P279 or P31 statement"
"data/frontier2.wdkb","gap","no-parent","warning","suggested-fix","Q137023128","region","","","","declared item with no `subclass of` (P279) and no `instance of` (P31) statement: the base says nothing about what it is","download the item (`wikidata fetch`) or add a P279 or P31 statement"
"data/frontier2.wdkb","gap","no-parent","warning","suggested-fix","Q38885242","physico-chemical property","","","","declared item with no `subclass of` (P279) and no `instance of` (P31) statement: the base says nothing about what it is","download the item (`wikidata fetch`) or add a P279 or P31 statement"
"data/frontier2.wdkb","gap","no-parent","warning","suggested-fix","Q7377","mammal","","","","declared item with no `subclass of` (P279) and no `instance of` (P31) statement: the base says nothing about what it is","download the item (`wikidata fetch`) or add a P279 or P31 statement"
"data/frontier2.wdkb","gap","no-parent","warning","suggested-fix","Q115949945","scientific concept","","","","declared item with no `subclass of` (P279) and no `instance of` (P31) statement: the base says nothing about what it is","download the item (`wikidata fetch`) or add a P279 or P31 statement"
"data/frontier2.wdkb","gap","no-parent","warning","suggested-fix","Q795052","individual","","","","declared item with no `subclass of` (P279) and no `instance of` (P31) statement: the base says nothing about what it is","download the item (`wikidata fetch`) or add a P279 or P31 statement"
"data/frontier2.wdkb","gap","no-parent","warning","suggested-fix","Q56512863","participant","","","","declared item with no `subclass of` (P279) and no `instance of` (P31) statement: the base says nothing about what it is","download the item (`wikidata fetch`) or add a P279 or P31 statement"
"data/frontier2.wdkb","gap","no-parent","warning","suggested-fix","Q11028","information","","","","declared item with no `subclass of` (P279) and no `instance of` (P31) statement: the base says nothing about what it is","download the item (`wikidata fetch`) or add a P279 or P31 statement"
"data/frontier2.wdkb","gap","no-parent","warning","suggested-fix","Q12488383","content","","","","declared item with no `subclass of` (P279) and no `instance of` (P31) statement: the base says nothing about what it is","download the item (`wikidata fetch`) or add a P279 or P31 statement"
"data/frontier2.wdkb","gap","no-parent","warning","suggested-fix","Q3533467","group action","","","","declared item with no `subclass of` (P279) and no `instance of` (P31) statement: the base says nothing about what it is","download the item (`wikidata fetch`) or add a P279 or P31 statement"
"data/frontier2.wdkb","gap","no-parent","warning","suggested-fix","Q115668308","release","","","","declared item with no `subclass of` (P279) and no `instance of` (P31) statement: the base says nothing about what it is","download the item (`wikidata fetch`) or add a P279 or P31 statement"
"data/frontier2.wdkb","gap","no-parent","warning","suggested-fix","Q340169","communications media","","","","declared item with no `subclass of` (P279) and no `instance of` (P31) statement: the base says nothing about what it is","download the item (`wikidata fetch`) or add a P279 or P31 statement"
"data/frontier2.wdkb","gap","no-parent","warning","suggested-fix","Q138303935","type of information","","","","declared item with no `subclass of` (P279) and no `instance of` (P31) statement: the base says nothing about what it is","download the item (`wikidata fetch`) or add a P279 or P31 statement"
"data/frontier2.wdkb","gap","no-parent","warning","suggested-fix","Q140311475","type of creative work","","","","declared item with no `subclass of` (P279) and no `instance of` (P31) statement: the base says nothing about what it is","download the item (`wikidata fetch`) or add a P279 or P31 statement"
"data/frontier2.wdkb","gap","no-parent","warning","suggested-fix","Q37866906","information resource","","","","declared item with no `subclass of` (P279) and no `instance of` (P31) statement: the base says nothing about what it is","download the item (`wikidata fetch`) or add a P279 or P31 statement"
"data/frontier2.wdkb","gap","no-parent","warning","suggested-fix","Q13196193","part","","","","declared item with no `subclass of` (P279) and no `instance of` (P31) statement: the base says nothing about what it is","download the item (`wikidata fetch`) or add a P279 or P31 statement"
"data/frontier2.wdkb","gap","no-parent","warning","suggested-fix","Q111279923","wiki page","","","","declared item with no `subclass of` (P279) and no `instance of` (P31) statement: the base says nothing about what it is","download the item (`wikidata fetch`) or add a P279 or P31 statement"
"data/frontier2.wdkb","gap","no-parent","warning","suggested-fix","Q36774","web page","","","","declared item with no `subclass of` (P279) and no `instance of` (P31) statement: the base says nothing about what it is","download the item (`wikidata fetch`) or add a P279 or P31 statement"
"data/frontier2.wdkb","gap","no-parent","warning","suggested-fix","Q576639","essentially contested concept","","","","declared item with no `subclass of` (P279) and no `instance of` (P31) statement: the base says nothing about what it is","download the item (`wikidata fetch`) or add a P279 or P31 statement"
"data/frontier2.wdkb","gap","no-parent","warning","suggested-fix","Q11862829","academic discipline","","","","declared item with no `subclass of` (P279) and no `instance of` (P31) statement: the base says nothing about what it is","download the item (`wikidata fetch`) or add a P279 or P31 statement"
"data/frontier2.wdkb","gap","no-parent","warning","suggested-fix","Q627436","field of work","","","","declared item with no `subclass of` (P279) and no `instance of` (P31) statement: the base says nothing about what it is","download the item (`wikidata fetch`) or add a P279 or P31 statement"
"data/frontier2.wdkb","gap","no-parent","warning","suggested-fix","Q3958441","economic sector","","","","declared item with no `subclass of` (P279) and no `instance of` (P31) statement: the base says nothing about what it is","download the item (`wikidata fetch`) or add a P279 or P31 statement"
"data/frontier2.wdkb","gap","no-parent","warning","suggested-fix","Q212434","Olympic sport","","","","declared item with no `subclass of` (P279) and no `instance of` (P31) statement: the base says nothing about what it is","download the item (`wikidata fetch`) or add a P279 or P31 statement"
"data/frontier2.wdkb","gap","no-parent","warning","suggested-fix","Q838948","work of art","","","","declared item with no `subclass of` (P279) and no `instance of` (P31) statement: the base says nothing about what it is","download the item (`wikidata fetch`) or add a P279 or P31 statement"
"data/frontier2.wdkb","gap","no-parent","warning","suggested-fix","Q116474095","type of work of art","","","","declared item with no `subclass of` (P279) and no `instance of` (P31) statement: the base says nothing about what it is","download the item (`wikidata fetch`) or add a P279 or P31 statement"
"data/frontier2.wdkb","gap","no-parent","warning","suggested-fix","Q138665581","type of set","","","","declared item with no `subclass of` (P279) and no `instance of` (P31) statement: the base says nothing about what it is","download the item (`wikidata fetch`) or add a P279 or P31 statement"
"data/frontier2.wdkb","gap","no-parent","warning","suggested-fix","Q7320446","rhetorical mode","","","","declared item with no `subclass of` (P279) and no `instance of` (P31) statement: the base says nothing about what it is","download the item (`wikidata fetch`) or add a P279 or P31 statement"
"data/frontier2.wdkb","gap","no-parent","warning","suggested-fix","Q121344523","type of classification","","","","declared item with no `subclass of` (P279) and no `instance of` (P31) statement: the base says nothing about what it is","download the item (`wikidata fetch`) or add a P279 or P31 statement"
"data/frontier2.wdkb","gap","no-parent","warning","suggested-fix","Q386724","work","","","","declared item with no `subclass of` (P279) and no `instance of` (P31) statement: the base says nothing about what it is","download the item (`wikidata fetch`) or add a P279 or P31 statement"
"data/frontier2.wdkb","gap","no-parent","warning","suggested-fix","Q133449656","type of work","","","","declared item with no `subclass of` (P279) and no `instance of` (P31) statement: the base says nothing about what it is","download the item (`wikidata fetch`) or add a P279 or P31 statement"
"data/frontier2.wdkb","gap","no-parent","warning","suggested-fix","Q1437361","form of art","","","","declared item with no `subclass of` (P279) and no `instance of` (P31) statement: the base says nothing about what it is","download the item (`wikidata fetch`) or add a P279 or P31 statement"
"data/frontier2.wdkb","gap","no-parent","warning","suggested-fix","Q748349","mathematical structure","","","","declared item with no `subclass of` (P279) and no `instance of` (P31) statement: the base says nothing about what it is","download the item (`wikidata fetch`) or add a P279 or P31 statement"
"data/frontier2.wdkb","gap","no-parent","warning","suggested-fix","Q11567","complex number","","","","declared item with no `subclass of` (P279) and no `instance of` (P31) statement: the base says nothing about what it is","download the item (`wikidata fetch`) or add a P279 or P31 statement"
"data/frontier2.wdkb","gap","no-parent","warning","suggested-fix","Q135268502","Group of 8","","","","declared item with no `subclass of` (P279) and no `instance of` (P31) statement: the base says nothing about what it is","download the item (`wikidata fetch`) or add a P279 or P31 statement"
"data/frontier2.wdkb","gap","no-parent","warning","suggested-fix","Q135268496","group of 4","","","","declared item with no `subclass of` (P279) and no `instance of` (P31) statement: the base says nothing about what it is","download the item (`wikidata fetch`) or add a P279 or P31 statement"
"data/frontier2.wdkb","gap","no-parent","warning","suggested-fix","Q93468132","hexadecad","","","","declared item with no `subclass of` (P279) and no `instance of` (P31) statement: the base says nothing about what it is","download the item (`wikidata fetch`) or add a P279 or P31 statement"
"data/frontier2.wdkb","gap","no-parent","warning","suggested-fix","Q111667622","trigintaduonion","","","","declared item with no `subclass of` (P279) and no `instance of` (P31) statement: the base says nothing about what it is","download the item (`wikidata fetch`) or add a P279 or P31 statement"
"data/frontier2.wdkb","gap","no-parent","warning","suggested-fix","Q259590","flexible algebra","","","","declared item with no `subclass of` (P279) and no `instance of` (P31) statement: the base says nothing about what it is","download the item (`wikidata fetch`) or add a P279 or P31 statement"
"data/frontier2.wdkb","gap","no-parent","warning","suggested-fix","Q4391941","non-associative algebra","","","","declared item with no `subclass of` (P279) and no `instance of` (P31) statement: the base says nothing about what it is","download the item (`wikidata fetch`) or add a P279 or P31 statement"
"data/frontier2.wdkb","gap","no-parent","warning","suggested-fix","Q11563","number","","","","declared item with no `subclass of` (P279) and no `instance of` (P31) statement: the base says nothing about what it is","download the item (`wikidata fetch`) or add a P279 or P31 statement"
"data/frontier2.wdkb","gap","no-parent","warning","suggested-fix","Q47460393","type of number","","","","declared item with no `subclass of` (P279) and no `instance of` (P31) statement: the base says nothing about what it is","download the item (`wikidata fetch`) or add a P279 or P31 statement"
"data/frontier2.wdkb","gap","no-parent","warning","suggested-fix","Q1000660","algebra over a field","","","","declared item with no `subclass of` (P279) and no `instance of` (P31) statement: the base says nothing about what it is","download the item (`wikidata fetch`) or add a P279 or P31 statement"
"data/frontier2.wdkb","gap","no-parent","warning","suggested-fix","Q2835957","composition algebra","","","","declared item with no `subclass of` (P279) and no `instance of` (P31) statement: the base says nothing about what it is","download the item (`wikidata fetch`) or add a P279 or P31 statement"
"data/frontier2.wdkb","gap","no-parent","warning","suggested-fix","Q28813620","set","","","","declared item with no `subclass of` (P279) and no `instance of` (P31) statement: the base says nothing about what it is","download the item (`wikidata fetch`) or add a P279 or P31 statement"
"data/frontier2.wdkb","gap","no-parent","warning","suggested-fix","Q8963063","discrete function","","","","declared item with no `subclass of` (P279) and no `instance of` (P31) statement: the base says nothing about what it is","download the item (`wikidata fetch`) or add a P279 or P31 statement"
"data/frontier2.wdkb","gap","no-parent","warning","suggested-fix","Q474715","partially ordered set","","","","declared item with no `subclass of` (P279) and no `instance of` (P31) statement: the base says nothing about what it is","download the item (`wikidata fetch`) or add a P279 or P31 statement"
"data/frontier2.wdkb","gap","no-parent","warning","suggested-fix","Q595364","lattice","","","","declared item with no `subclass of` (P279) and no `instance of` (P31) statement: the base says nothing about what it is","download the item (`wikidata fetch`) or add a P279 or P31 statement"
"data/frontier2.wdkb","gap","no-parent","warning","suggested-fix","Q5358816","element","","","","declared item with no `subclass of` (P279) and no `instance of` (P31) statement: the base says nothing about what it is","download the item (`wikidata fetch`) or add a P279 or P31 statement"
"data/frontier2.wdkb","gap","no-parent","warning","suggested-fix","Q24027474","fourth-order class","","","","declared item with no `subclass of` (P279) and no `instance of` (P31) statement: the base says nothing about what it is","download the item (`wikidata fetch`) or add a P279 or P31 statement"
"data/frontier2.wdkb","gap","no-parent","warning","suggested-fix","Q230855","physical state","","","","declared item with no `subclass of` (P279) and no `instance of` (P31) statement: the base says nothing about what it is","download the item (`wikidata fetch`) or add a P279 or P31 statement"
"data/frontier2.wdkb","gap","no-parent","warning","suggested-fix","Q1621273","particle","","","","declared item with no `subclass of` (P279) and no `instance of` (P31) statement: the base says nothing about what it is","download the item (`wikidata fetch`) or add a P279 or P31 statement"
"data/frontier2.wdkb","gap","no-parent","warning","suggested-fix","Q33104303","concept in physics","","","","declared item with no `subclass of` (P279) and no `instance of` (P31) statement: the base says nothing about what it is","download the item (`wikidata fetch`) or add a P279 or P31 statement"
"data/frontier2.wdkb","gap","no-parent","warning","suggested-fix","Q19868531","formal ontology concept","","","","declared item with no `subclass of` (P279) and no `instance of` (P31) statement: the base says nothing about what it is","download the item (`wikidata fetch`) or add a P279 or P31 statement"
"data/frontier2.wdkb","gap","no-parent","warning","suggested-fix","Q174211","organic compound","","","","declared item with no `subclass of` (P279) and no `instance of` (P31) statement: the base says nothing about what it is","download the item (`wikidata fetch`) or add a P279 or P31 statement"
"data/frontier2.wdkb","gap","no-parent","warning","suggested-fix","Q11173","chemical compound","","","","declared item with no `subclass of` (P279) and no `instance of` (P31) statement: the base says nothing about what it is","download the item (`wikidata fetch`) or add a P279 or P31 statement"
"data/frontier2.wdkb","gap","no-parent","warning","suggested-fix","Q76272846","oxygen molecular entity","","","","declared item with no `subclass of` (P279) and no `instance of` (P31) statement: the base says nothing about what it is","download the item (`wikidata fetch`) or add a P279 or P31 statement"
"data/frontier2.wdkb","gap","no-parent","warning","suggested-fix","Q72070508","group or class of chemical entities","","","","declared item with no `subclass of` (P279) and no `instance of` (P31) statement: the base says nothing about what it is","download the item (`wikidata fetch`) or add a P279 or P31 statement"
"data/frontier2.wdkb","gap","no-parent","warning","suggested-fix","Q53617489","independent continuant","","","","declared item with no `subclass of` (P279) and no `instance of` (P31) statement: the base says nothing about what it is","download the item (`wikidata fetch`) or add a P279 or P31 statement"
"data/frontier2.wdkb","gap","no-parent","warning","suggested-fix","Q106559804","person or organization","","","","declared item with no `subclass of` (P279) and no `instance of` (P31) statement: the base says nothing about what it is","download the item (`wikidata fetch`) or add a P279 or P31 statement"
"data/frontier2.wdkb","gap","no-parent","warning","suggested-fix","Q64588497","accounting term","","","","declared item with no `subclass of` (P279) and no `instance of` (P31) statement: the base says nothing about what it is","download the item (`wikidata fetch`) or add a P279 or P31 statement"
"data/frontier2.wdkb","gap","no-parent","warning","suggested-fix","Q123241435","realizable entity","","","","declared item with no `subclass of` (P279) and no `instance of` (P31) statement: the base says nothing about what it is","download the item (`wikidata fetch`) or add a P279 or P31 statement"
"data/frontier2.wdkb","gap","no-parent","warning","suggested-fix","Q5127848","class","","","","declared item with no `subclass of` (P279) and no `instance of` (P31) statement: the base says nothing about what it is","download the item (`wikidata fetch`) or add a P279 or P31 statement"
"data/frontier2.wdkb","gap","no-parent","warning","suggested-fix","Q115490628","fundamental Wikidata entity","","","","declared item with no `subclass of` (P279) and no `instance of` (P31) statement: the base says nothing about what it is","download the item (`wikidata fetch`) or add a P279 or P31 statement"
"data/frontier2.wdkb","gap","no-parent","warning","suggested-fix","Q19798642","Wikibase value","","","","declared item with no `subclass of` (P279) and no `instance of` (P31) statement: the base says nothing about what it is","download the item (`wikidata fetch`) or add a P279 or P31 statement"
"data/frontier2.wdkb","gap","no-parent","warning","suggested-fix","Q21281405","Wikidata internal entity","","","","declared item with no `subclass of` (P279) and no `instance of` (P31) statement: the base says nothing about what it is","download the item (`wikidata fetch`) or add a P279 or P31 statement"
"data/frontier2.wdkb","gap","no-parent","warning","suggested-fix","Q4406616","concrete object","","","","declared item with no `subclass of` (P279) and no `instance of` (P31) statement: the base says nothing about what it is","download the item (`wikidata fetch`) or add a P279 or P31 statement"
"data/frontier2.wdkb","gap","no-parent","warning","suggested-fix","Q378078","substance","","","","declared item with no `subclass of` (P279) and no `instance of` (P31) statement: the base says nothing about what it is","download the item (`wikidata fetch`) or add a P279 or P31 statement"
"data/frontier2.wdkb","gap","no-parent","warning","suggested-fix","Q1272626","representation","","","","declared item with no `subclass of` (P279) and no `instance of` (P31) statement: the base says nothing about what it is","download the item (`wikidata fetch`) or add a P279 or P31 statement"
"data/frontier2.wdkb","gap","no-parent","warning","suggested-fix","Q7551287","social object","","","","declared item with no `subclass of` (P279) and no `instance of` (P31) statement: the base says nothing about what it is","download the item (`wikidata fetch`) or add a P279 or P31 statement"
"data/frontier2.wdkb","gap","no-parent","warning","suggested-fix","Q488383","object","","","","declared item with no `subclass of` (P279) and no `instance of` (P31) statement: the base says nothing about what it is","download the item (`wikidata fetch`) or add a P279 or P31 statement"
"data/frontier2.wdkb","gap","no-parent","warning","suggested-fix","Q106411346","characterization","","","","declared item with no `subclass of` (P279) and no `instance of` (P31) statement: the base says nothing about what it is","download the item (`wikidata fetch`) or add a P279 or P31 statement"
"data/frontier2.wdkb","gap","no-parent","warning","suggested-fix","Q3307145","finite measure","","","","declared item with no `subclass of` (P279) and no `instance of` (P31) statement: the base says nothing about what it is","download the item (`wikidata fetch`) or add a P279 or P31 statement"
"data/frontier2.wdkb","gap","no-parent","warning","suggested-fix","Q48937186","word or phrase","","","","declared item with no `subclass of` (P279) and no `instance of` (P31) statement: the base says nothing about what it is","download the item (`wikidata fetch`) or add a P279 or P31 statement"
"data/frontier2.wdkb","gap","no-parent","warning","suggested-fix","Q3695082","sign","","","","declared item with no `subclass of` (P279) and no `instance of` (P31) statement: the base says nothing about what it is","download the item (`wikidata fetch`) or add a P279 or P31 statement"
"data/frontier2.wdkb","gap","no-parent","warning","suggested-fix","Q1190554","occurrence","","","","declared item with no `subclass of` (P279) and no `instance of` (P31) statement: the base says nothing about what it is","download the item (`wikidata fetch`) or add a P279 or P31 statement"
"data/frontier2.wdkb","gap","no-parent","warning","suggested-fix","Q1914636","activity","","","","declared item with no `subclass of` (P279) and no `instance of` (P31) statement: the base says nothing about what it is","download the item (`wikidata fetch`) or add a P279 or P31 statement"
"data/frontier2.wdkb","gap","no-parent","warning","suggested-fix","Q96634632","psychology concept","","","","declared item with no `subclass of` (P279) and no `instance of` (P31) statement: the base says nothing about what it is","download the item (`wikidata fetch`) or add a P279 or P31 statement"
"data/frontier2.wdkb","gap","no-parent","warning","suggested-fix","Q4184950","regularity","","","","declared item with no `subclass of` (P279) and no `instance of` (P31) statement: the base says nothing about what it is","download the item (`wikidata fetch`) or add a P279 or P31 statement"
"data/frontier2.wdkb","gap","no-parent","warning","suggested-fix","Q125542526","type of activity","","","","declared item with no `subclass of` (P279) and no `instance of` (P31) statement: the base says nothing about what it is","download the item (`wikidata fetch`) or add a P279 or P31 statement"
"data/frontier2.wdkb","gap","no-parent","warning","suggested-fix","Q83267","crime","","","","declared item with no `subclass of` (P279) and no `instance of` (P31) statement: the base says nothing about what it is","download the item (`wikidata fetch`) or add a P279 or P31 statement"
"data/frontier2.wdkb","gap","no-parent","warning","suggested-fix","Q1456832","violation of law","","","","declared item with no `subclass of` (P279) and no `instance of` (P31) statement: the base says nothing about what it is","download the item (`wikidata fetch`) or add a P279 or P31 statement"
"data/frontier2.wdkb","gap","no-parent","warning","suggested-fix","Q23959932","fixed-order class","","","","declared item with no `subclass of` (P279) and no `instance of` (P31) statement: the base says nothing about what it is","download the item (`wikidata fetch`) or add a P279 or P31 statement"
"data/frontier2.wdkb","gap","no-parent","warning","suggested-fix","Q30241068","observable entity","","","","declared item with no `subclass of` (P279) and no `instance of` (P31) statement: the base says nothing about what it is","download the item (`wikidata fetch`) or add a P279 or P31 statement"
"data/frontier2.wdkb","gap","no-parent","warning","suggested-fix","Q22299433","multicellular organismal process","","","","declared item with no `subclass of` (P279) and no `instance of` (P31) statement: the base says nothing about what it is","download the item (`wikidata fetch`) or add a P279 or P31 statement"
"data/frontier2.wdkb","gap","no-parent","warning","suggested-fix","Q2267705","field of study","","","","declared item with no `subclass of` (P279) and no `instance of` (P31) statement: the base says nothing about what it is","download the item (`wikidata fetch`) or add a P279 or P31 statement"
"data/frontier2.wdkb","gap","no-parent","warning","suggested-fix","Q1047113","field of study","","","","declared item with no `subclass of` (P279) and no `instance of` (P31) statement: the base says nothing about what it is","download the item (`wikidata fetch`) or add a P279 or P31 statement"
"data/frontier2.wdkb","gap","no-parent","warning","suggested-fix","Q4671286","academic major","","","","declared item with no `subclass of` (P279) and no `instance of` (P31) statement: the base says nothing about what it is","download the item (`wikidata fetch`) or add a P279 or P31 statement"
"data/frontier2.wdkb","gap","no-parent","warning","suggested-fix","Q22269697","multi-organism process","","","","declared item with no `subclass of` (P279) and no `instance of` (P31) statement: the base says nothing about what it is","download the item (`wikidata fetch`) or add a P279 or P31 statement"
"data/frontier2.wdkb","gap","no-parent","warning","suggested-fix","Q64732777","biological phenomenon","","","","declared item with no `subclass of` (P279) and no `instance of` (P31) statement: the base says nothing about what it is","download the item (`wikidata fetch`) or add a P279 or P31 statement"
"data/frontier2.wdkb","gap","no-parent","warning","suggested-fix","Q17320256","physical process","","","","declared item with no `subclass of` (P279) and no `instance of` (P31) statement: the base says nothing about what it is","download the item (`wikidata fetch`) or add a P279 or P31 statement"
"data/frontier2.wdkb","gap","no-parent","warning","suggested-fix","Q116505632","type of process","","","","declared item with no `subclass of` (P279) and no `instance of` (P31) statement: the base says nothing about what it is","download the item (`wikidata fetch`) or add a P279 or P31 statement"
"data/frontier2.wdkb","gap","no-parent","warning","suggested-fix","Q136433660","entity","","","","declared item with no `subclass of` (P279) and no `instance of` (P31) statement: the base says nothing about what it is","download the item (`wikidata fetch`) or add a P279 or P31 statement"
"data/frontier2.wdkb","gap","no-parent","warning","suggested-fix","Q23958852","variable-order class","","","","declared item with no `subclass of` (P279) and no `instance of` (P31) statement: the base says nothing about what it is","download the item (`wikidata fetch`) or add a P279 or P31 statement"
"data/frontier2.wdkb","gap","no-parent","warning","suggested-fix","Q130901","binary relation","","","","declared item with no `subclass of` (P279) and no `instance of` (P31) statement: the base says nothing about what it is","download the item (`wikidata fetch`) or add a P279 or P31 statement"
"data/frontier3.wdkb","gap","no-parent","warning","suggested-fix","Q16003513","NUTS (european administrative division classification) class","","","","declared item with no `subclass of` (P279) and no `instance of` (P31) statement: the base says nothing about what it is","download the item (`wikidata fetch`) or add a P279 or P31 statement"
"data/frontier3.wdkb","gap","no-parent","warning","suggested-fix","Q1292333","free module","","","","declared item with no `subclass of` (P279) and no `instance of` (P31) statement: the base says nothing about what it is","download the item (`wikidata fetch`) or add a P279 or P31 statement"
"data/frontier3.wdkb","gap","no-parent","warning","suggested-fix","Q135268494","group of 2","","","","declared item with no `subclass of` (P279) and no `instance of` (P31) statement: the base says nothing about what it is","download the item (`wikidata fetch`) or add a P279 or P31 statement"
"data/frontier3.wdkb","gap","no-parent","warning","suggested-fix","Q600590","𝑛-tuple","","","","declared item with no `subclass of` (P279) and no `instance of` (P31) statement: the base says nothing about what it is","download the item (`wikidata fetch`) or add a P279 or P31 statement"
"data/frontier3.wdkb","gap","no-parent","warning","suggested-fix","Q11563","number","","","","declared item with no `subclass of` (P279) and no `instance of` (P31) statement: the base says nothing about what it is","download the item (`wikidata fetch`) or add a P279 or P31 statement"
"data/frontier3.wdkb","gap","no-parent","warning","suggested-fix","Q47460393","type of number","","","","declared item with no `subclass of` (P279) and no `instance of` (P31) statement: the base says nothing about what it is","download the item (`wikidata fetch`) or add a P279 or P31 statement"
"data/frontier3.wdkb","gap","no-parent","warning","suggested-fix","Q309314","quantity","","","","declared item with no `subclass of` (P279) and no `instance of` (P31) statement: the base says nothing about what it is","download the item (`wikidata fetch`) or add a P279 or P31 statement"
"data/frontier3.wdkb","gap","no-parent","warning","suggested-fix","Q28813620","set","","","","declared item with no `subclass of` (P279) and no `instance of` (P31) statement: the base says nothing about what it is","download the item (`wikidata fetch`) or add a P279 or P31 statement"
"data/frontier3.wdkb","gap","no-parent","warning","suggested-fix","Q47574","unit of measurement","","","","declared item with no `subclass of` (P279) and no `instance of` (P31) statement: the base says nothing about what it is","download the item (`wikidata fetch`) or add a P279 or P31 statement"
"data/frontier3.wdkb","gap","no-parent","warning","suggested-fix","Q567555","anomaly","","","","declared item with no `subclass of` (P279) and no `instance of` (P31) statement: the base says nothing about what it is","download the item (`wikidata fetch`) or add a P279 or P31 statement"
"data/frontier3.wdkb","gap","no-parent","warning","suggested-fix","Q24902509","human activity","","","","declared item with no `subclass of` (P279) and no `instance of` (P31) statement: the base says nothing about what it is","download the item (`wikidata fetch`) or add a P279 or P31 statement"
"data/frontier3.wdkb","gap","no-parent","warning","suggested-fix","Q53617407","material entity","","","","declared item with no `subclass of` (P279) and no `instance of` (P31) statement: the base says nothing about what it is","download the item (`wikidata fetch`) or add a P279 or P31 statement"
"data/frontier3.wdkb","gap","no-parent","warning","suggested-fix","Q4406616","concrete object","","","","declared item with no `subclass of` (P279) and no `instance of` (P31) statement: the base says nothing about what it is","download the item (`wikidata fetch`) or add a P279 or P31 statement"
"data/frontier3.wdkb","gap","no-parent","warning","suggested-fix","Q100724091","physics term","","","","declared item with no `subclass of` (P279) and no `instance of` (P31) statement: the base says nothing about what it is","download the item (`wikidata fetch`) or add a P279 or P31 statement"
"data/frontier3.wdkb","gap","no-parent","warning","suggested-fix","Q104086571","first-order class","","","","declared item with no `subclass of` (P279) and no `instance of` (P31) statement: the base says nothing about what it is","download the item (`wikidata fetch`) or add a P279 or P31 statement"
"data/frontier3.wdkb","gap","no-parent","warning","suggested-fix","Q3695082","sign","","","","declared item with no `subclass of` (P279) and no `instance of` (P31) statement: the base says nothing about what it is","download the item (`wikidata fetch`) or add a P279 or P31 statement"
"data/frontier3.wdkb","gap","no-parent","warning","suggested-fix","Q1348645","instructional materials","","","","declared item with no `subclass of` (P279) and no `instance of` (P31) statement: the base says nothing about what it is","download the item (`wikidata fetch`) or add a P279 or P31 statement"
"data/frontier3.wdkb","gap","no-parent","warning","suggested-fix","Q123139280","abstract object","","","","declared item with no `subclass of` (P279) and no `instance of` (P31) statement: the base says nothing about what it is","download the item (`wikidata fetch`) or add a P279 or P31 statement"
"data/frontier3.wdkb","gap","no-parent","warning","suggested-fix","Q115490427","data model element","","","","declared item with no `subclass of` (P279) and no `instance of` (P31) statement: the base says nothing about what it is","download the item (`wikidata fetch`) or add a P279 or P31 statement"
"data/frontier3.wdkb","gap","no-parent","warning","suggested-fix","Q140458154","type of abstract object","","","","declared item with no `subclass of` (P279) and no `instance of` (P31) statement: the base says nothing about what it is","download the item (`wikidata fetch`) or add a P279 or P31 statement"
"data/frontier3.wdkb","gap","no-parent","warning","suggested-fix","Q125542526","type of activity","","","","declared item with no `subclass of` (P279) and no `instance of` (P31) statement: the base says nothing about what it is","download the item (`wikidata fetch`) or add a P279 or P31 statement"
"data/frontier3.wdkb","gap","no-parent","warning","suggested-fix","Q17379835","Wikimedia page outside the main knowledge tree","","","","declared item with no `subclass of` (P279) and no `instance of` (P31) statement: the base says nothing about what it is","download the item (`wikidata fetch`) or add a P279 or P31 statement"
"data/frontier3.wdkb","gap","no-parent","warning","suggested-fix","Q64732777","biological phenomenon","","","","declared item with no `subclass of` (P279) and no `instance of` (P31) statement: the base says nothing about what it is","download the item (`wikidata fetch`) or add a P279 or P31 statement"
"data/frontier3.wdkb","gap","no-parent","warning","suggested-fix","Q17320256","physical process","","","","declared item with no `subclass of` (P279) and no `instance of` (P31) statement: the base says nothing about what it is","download the item (`wikidata fetch`) or add a P279 or P31 statement"
"data/frontier3.wdkb","gap","no-parent","warning","suggested-fix","Q116505632","type of process","","","","declared item with no `subclass of` (P279) and no `instance of` (P31) statement: the base says nothing about what it is","download the item (`wikidata fetch`) or add a P279 or P31 statement"
"data/frontier3.wdkb","gap","no-parent","warning","suggested-fix","Q483247","phenomenon","","","","declared item with no `subclass of` (P279) and no `instance of` (P31) statement: the base says nothing about what it is","download the item (`wikidata fetch`) or add a P279 or P31 statement"
"data/frontier3.wdkb","gap","no-parent","warning","suggested-fix","Q930933","relation","","","","declared item with no `subclass of` (P279) and no `instance of` (P31) statement: the base says nothing about what it is","download the item (`wikidata fetch`) or add a P279 or P31 statement"
"data/frontier3.wdkb","gap","no-parent","warning","suggested-fix","Q117747915","semantic role","","","","declared item with no `subclass of` (P279) and no `instance of` (P31) statement: the base says nothing about what it is","download the item (`wikidata fetch`) or add a P279 or P31 statement"
"data/frontier3.wdkb","gap","no-parent","warning","suggested-fix","Q1936384","branch of mathematics","","","","declared item with no `subclass of` (P279) and no `instance of` (P31) statement: the base says nothing about what it is","download the item (`wikidata fetch`) or add a P279 or P31 statement"
"data/frontier3.wdkb","gap","no-parent","warning","suggested-fix","Q20026918","mathematical theory","","","","declared item with no `subclass of` (P279) and no `instance of` (P31) statement: the base says nothing about what it is","download the item (`wikidata fetch`) or add a P279 or P31 statement"
"data/frontier3.wdkb","gap","no-parent","warning","suggested-fix","Q115820013","unit of speech","","","","declared item with no `subclass of` (P279) and no `instance of` (P31) statement: the base says nothing about what it is","download the item (`wikidata fetch`) or add a P279 or P31 statement"
"data/frontier3.wdkb","gap","no-parent","warning","suggested-fix","Q2374489","grammeme","","","","declared item with no `subclass of` (P279) and no `instance of` (P31) statement: the base says nothing about what it is","download the item (`wikidata fetch`) or add a P279 or P31 statement"
"data/frontier3.wdkb","gap","no-parent","warning","suggested-fix","Q980357","grammatical category","","","","declared item with no `subclass of` (P279) and no `instance of` (P31) statement: the base says nothing about what it is","download the item (`wikidata fetch`) or add a P279 or P31 statement"
"data/frontier3.wdkb","gap","no-parent","warning","suggested-fix","Q192276","measure","","","","declared item with no `subclass of` (P279) and no `instance of` (P31) statement: the base says nothing about what it is","download the item (`wikidata fetch`) or add a P279 or P31 statement"
"data/frontier3.wdkb","gap","no-parent","warning","suggested-fix","Q17006903","decomposable measure","","","","declared item with no `subclass of` (P279) and no `instance of` (P31) statement: the base says nothing about what it is","download the item (`wikidata fetch`) or add a P279 or P31 statement"
"data/frontier3.wdkb","gap","no-parent","warning","suggested-fix","Q4026292","action","","","","declared item with no `subclass of` (P279) and no `instance of` (P31) statement: the base says nothing about what it is","download the item (`wikidata fetch`) or add a P279 or P31 statement"
"data/frontier3.wdkb","gap","no-parent","warning","suggested-fix","Q2305441","social process","","","","declared item with no `subclass of` (P279) and no `instance of` (P31) statement: the base says nothing about what it is","download the item (`wikidata fetch`) or add a P279 or P31 statement"
"data/frontier3.wdkb","gap","no-parent","warning","suggested-fix","Q2083958","pattern","","","","declared item with no `subclass of` (P279) and no `instance of` (P31) statement: the base says nothing about what it is","download the item (`wikidata fetch`) or add a P279 or P31 statement"
"data/frontier3.wdkb","gap","no-parent","warning","suggested-fix","Q1914636","activity","","","","declared item with no `subclass of` (P279) and no `instance of` (P31) statement: the base says nothing about what it is","download the item (`wikidata fetch`) or add a P279 or P31 statement"
"data/frontier3.wdkb","gap","no-parent","warning","suggested-fix","Q327333","government agency","","","","declared item with no `subclass of` (P279) and no `instance of` (P31) statement: the base says nothing about what it is","download the item (`wikidata fetch`) or add a P279 or P31 statement"
"data/frontier3.wdkb","gap","no-parent","warning","suggested-fix","Q895526","governing body","","","","declared item with no `subclass of` (P279) and no `instance of` (P31) statement: the base says nothing about what it is","download the item (`wikidata fetch`) or add a P279 or P31 statement"
"data/frontier3.wdkb","gap","no-parent","warning","suggested-fix","Q2101636","political power","","","","declared item with no `subclass of` (P279) and no `instance of` (P31) statement: the base says nothing about what it is","download the item (`wikidata fetch`) or add a P279 or P31 statement"
"data/frontier3.wdkb","gap","no-parent","warning","suggested-fix","Q43229","organization","","","","declared item with no `subclass of` (P279) and no `instance of` (P31) statement: the base says nothing about what it is","download the item (`wikidata fetch`) or add a P279 or P31 statement"
"data/frontier3.wdkb","gap","no-parent","warning","suggested-fix","Q17197366","type of organization","","","","declared item with no `subclass of` (P279) and no `instance of` (P31) statement: the base says nothing about what it is","download the item (`wikidata fetch`) or add a P279 or P31 statement"
"data/frontier3.wdkb","gap","no-parent","warning","suggested-fix","Q268592","industry","","","","declared item with no `subclass of` (P279) and no `instance of` (P31) statement: the base says nothing about what it is","download the item (`wikidata fetch`) or add a P279 or P31 statement"
"data/frontier3.wdkb","gap","no-parent","warning","suggested-fix","Q1260632","content","","","","declared item with no `subclass of` (P279) and no `instance of` (P31) statement: the base says nothing about what it is","download the item (`wikidata fetch`) or add a P279 or P31 statement"
"data/frontier3.wdkb","gap","no-parent","warning","suggested-fix","Q386724","work","","","","declared item with no `subclass of` (P279) and no `instance of` (P31) statement: the base says nothing about what it is","download the item (`wikidata fetch`) or add a P279 or P31 statement"
"data/frontier3.wdkb","gap","no-parent","warning","suggested-fix","Q1209283","electronic media","","","","declared item with no `subclass of` (P279) and no `instance of` (P31) statement: the base says nothing about what it is","download the item (`wikidata fetch`) or add a P279 or P31 statement"
"data/frontier3.wdkb","gap","no-parent","warning","suggested-fix","Q694975","electronic document","","","","declared item with no `subclass of` (P279) and no `instance of` (P31) statement: the base says nothing about what it is","download the item (`wikidata fetch`) or add a P279 or P31 statement"
"data/frontier3.wdkb","gap","no-parent","warning","suggested-fix","Q110854677","network resource","","","","declared item with no `subclass of` (P279) and no `instance of` (P31) statement: the base says nothing about what it is","download the item (`wikidata fetch`) or add a P279 or P31 statement"
"data/frontier3.wdkb","gap","no-parent","warning","suggested-fix","Q15621286","intellectual work","","","","declared item with no `subclass of` (P279) and no `instance of` (P31) statement: the base says nothing about what it is","download the item (`wikidata fetch`) or add a P279 or P31 statement"
"data/frontier3.wdkb","gap","no-parent","warning","suggested-fix","Q133449656","type of work","","","","declared item with no `subclass of` (P279) and no `instance of` (P31) statement: the base says nothing about what it is","download the item (`wikidata fetch`) or add a P279 or P31 statement"
"data/frontier3.wdkb","gap","no-parent","warning","suggested-fix","Q714737","category of being","","","","declared item with no `subclass of` (P279) and no `instance of` (P31) statement: the base says nothing about what it is","download the item (`wikidata fetch`) or add a P279 or P31 statement"
"data/frontier3.wdkb","gap","no-parent","warning","suggested-fix","Q58778","system","","","","declared item with no `subclass of` (P279) and no `instance of` (P31) statement: the base says nothing about what it is","download the item (`wikidata fetch`) or add a P279 or P31 statement"
"data/frontier3.wdkb","gap","no-parent","warning","suggested-fix","Q16686448","artificial object","","","","declared item with no `subclass of` (P279) and no `instance of` (P31) statement: the base says nothing about what it is","download the item (`wikidata fetch`) or add a P279 or P31 statement"
"data/frontier3.wdkb","gap","no-parent","warning","suggested-fix","Q96116695","type of system","","","","declared item with no `subclass of` (P279) and no `instance of` (P31) statement: the base says nothing about what it is","download the item (`wikidata fetch`) or add a P279 or P31 statement"
"data/frontier3.wdkb","gap","no-parent","warning","suggested-fix","Q12775893","scheme","","","","declared item with no `subclass of` (P279) and no `instance of` (P31) statement: the base says nothing about what it is","download the item (`wikidata fetch`) or add a P279 or P31 statement"
"data/frontier3.wdkb","gap","no-parent","warning","suggested-fix","Q96251598","type of object","","","","declared item with no `subclass of` (P279) and no `instance of` (P31) statement: the base says nothing about what it is","download the item (`wikidata fetch`) or add a P279 or P31 statement"
"data/frontier3.wdkb","gap","no-parent","warning","suggested-fix","Q18848","module","","","","declared item with no `subclass of` (P279) and no `instance of` (P31) statement: the base says nothing about what it is","download the item (`wikidata fetch`) or add a P279 or P31 statement"
"data/frontier3.wdkb","gap","no-parent","warning","suggested-fix","Q161172","ring","","","","declared item with no `subclass of` (P279) and no `instance of` (P31) statement: the base says nothing about what it is","download the item (`wikidata fetch`) or add a P279 or P31 statement"
"data/frontier3.wdkb","gap","no-parent","warning","suggested-fix","Q10567583","small category","","","","declared item with no `subclass of` (P279) and no `instance of` (P31) statement: the base says nothing about what it is","download the item (`wikidata fetch`) or add a P279 or P31 statement"
"data/frontier3.wdkb","gap","no-parent","warning","suggested-fix","Q7233031","thin category","","","","declared item with no `subclass of` (P279) and no `instance of` (P31) statement: the base says nothing about what it is","download the item (`wikidata fetch`) or add a P279 or P31 statement"
"data/frontier3.wdkb","gap","no-parent","warning","suggested-fix","Q115471117","self-depicting entity","","","","declared item with no `subclass of` (P279) and no `instance of` (P31) statement: the base says nothing about what it is","download the item (`wikidata fetch`) or add a P279 or P31 statement"
"data/frontier3.wdkb","gap","no-parent","warning","suggested-fix","Q123241435","realizable entity","","","","declared item with no `subclass of` (P279) and no `instance of` (P31) statement: the base says nothing about what it is","download the item (`wikidata fetch`) or add a P279 or P31 statement"
"data/frontier3.wdkb","gap","no-parent","warning","suggested-fix","Q124711104","BFO class","","","","declared item with no `subclass of` (P279) and no `instance of` (P31) statement: the base says nothing about what it is","download the item (`wikidata fetch`) or add a P279 or P31 statement"
"data/frontier3.wdkb","gap","no-parent","warning","suggested-fix","Q1272626","representation","","","","declared item with no `subclass of` (P279) and no `instance of` (P31) statement: the base says nothing about what it is","download the item (`wikidata fetch`) or add a P279 or P31 statement"
"data/frontier3.wdkb","gap","no-parent","warning","suggested-fix","Q11028","information","","","","declared item with no `subclass of` (P279) and no `instance of` (P31) statement: the base says nothing about what it is","download the item (`wikidata fetch`) or add a P279 or P31 statement"
"data/frontier3.wdkb","gap","no-parent","warning","suggested-fix","Q12488383","content","","","","declared item with no `subclass of` (P279) and no `instance of` (P31) statement: the base says nothing about what it is","download the item (`wikidata fetch`) or add a P279 or P31 statement"
"data/frontier3.wdkb","gap","no-parent","warning","suggested-fix","Q748349","mathematical structure","","","","declared item with no `subclass of` (P279) and no `instance of` (P31) statement: the base says nothing about what it is","download the item (`wikidata fetch`) or add a P279 or P31 statement"
"data/frontier3.wdkb","gap","no-parent","warning","suggested-fix","Q1851710","structure (model theory)","","","","declared item with no `subclass of` (P279) and no `instance of` (P31) statement: the base says nothing about what it is","download the item (`wikidata fetch`) or add a P279 or P31 statement"
"data/frontier3.wdkb","gap","no-parent","warning","suggested-fix","Q24034552","mathematical concept","","","","declared item with no `subclass of` (P279) and no `instance of` (P31) statement: the base says nothing about what it is","download the item (`wikidata fetch`) or add a P279 or P31 statement"
"data/frontier3.wdkb","gap","no-parent","warning","suggested-fix","Q1969448","term","","","","declared item with no `subclass of` (P279) and no `instance of` (P31) statement: the base says nothing about what it is","download the item (`wikidata fetch`) or add a P279 or P31 statement"
"data/frontier3.wdkb","gap","no-parent","warning","suggested-fix","Q10915","Chordata","","","","declared item with no `subclass of` (P279) and no `instance of` (P31) statement: the base says nothing about what it is","download the item (`wikidata fetch`) or add a P279 or P31 statement"
"data/frontier3.wdkb","gap","no-parent","warning","suggested-fix","Q21871294","group or class of living things","","","","declared item with no `subclass of` (P279) and no `instance of` (P31) statement: the base says nothing about what it is","download the item (`wikidata fetch`) or add a P279 or P31 statement"
"data/frontier3.wdkb","gap","no-parent","warning","suggested-fix","Q24017414","second-order class","","","","declared item with no `subclass of` (P279) and no `instance of` (P31) statement: the base says nothing about what it is","download the item (`wikidata fetch`) or add a P279 or P31 statement"
"data/frontier3.wdkb","gap","no-parent","warning","suggested-fix","Q3366856","composite particle","","","","declared item with no `subclass of` (P279) and no `instance of` (P31) statement: the base says nothing about what it is","download the item (`wikidata fetch`) or add a P279 or P31 statement"
"data/frontier3.wdkb","gap","no-parent","warning","suggested-fix","Q43460564","chemical entity","","","","declared item with no `subclass of` (P279) and no `instance of` (P31) statement: the base says nothing about what it is","download the item (`wikidata fetch`) or add a P279 or P31 statement"
"data/frontier3.wdkb","gap","no-parent","warning","suggested-fix","Q24017465","third-order class","","","","declared item with no `subclass of` (P279) and no `instance of` (P31) statement: the base says nothing about what it is","download the item (`wikidata fetch`) or add a P279 or P31 statement"
"data/frontier3.wdkb","gap","no-parent","warning","suggested-fix","Q130583773","type of crime","","","","declared item with no `subclass of` (P279) and no `instance of` (P31) statement: the base says nothing about what it is","download the item (`wikidata fetch`) or add a P279 or P31 statement"
"data/frontier3.wdkb","gap","no-parent","warning","suggested-fix","Q621184","problem","","","","declared item with no `subclass of` (P279) and no `instance of` (P31) statement: the base says nothing about what it is","download the item (`wikidata fetch`) or add a P279 or P31 statement"
"data/frontier3.wdkb","gap","no-parent","warning","suggested-fix","Q1190554","occurrence","","","","declared item with no `subclass of` (P279) and no `instance of` (P31) statement: the base says nothing about what it is","download the item (`wikidata fetch`) or add a P279 or P31 statement"
"data/frontier3.wdkb","gap","no-parent","warning","suggested-fix","Q130286945","type of problem","","","","declared item with no `subclass of` (P279) and no `instance of` (P31) statement: the base says nothing about what it is","download the item (`wikidata fetch`) or add a P279 or P31 statement"
"data/frontier3.wdkb","gap","no-parent","warning","suggested-fix","Q23958852","variable-order class","","","","declared item with no `subclass of` (P279) and no `instance of` (P31) statement: the base says nothing about what it is","download the item (`wikidata fetch`) or add a P279 or P31 statement"
"data/frontier3.wdkb","gap","no-parent","warning","suggested-fix","Q107715","physical quantity","","","","declared item with no `subclass of` (P279) and no `instance of` (P31) statement: the base says nothing about what it is","download the item (`wikidata fetch`) or add a P279 or P31 statement"
"data/frontier3.wdkb","gap","no-parent","warning","suggested-fix","Q16889133","class","","","","declared item with no `subclass of` (P279) and no `instance of` (P31) statement: the base says nothing about what it is","download the item (`wikidata fetch`) or add a P279 or P31 statement"
"data/frontier3.wdkb","gap","no-parent","warning","suggested-fix","Q21146257","type","","","","declared item with no `subclass of` (P279) and no `instance of` (P31) statement: the base says nothing about what it is","download the item (`wikidata fetch`) or add a P279 or P31 statement"
"data/frontier3.wdkb","gap","no-parent","warning","suggested-fix","Q19478619","metaclass","","","","declared item with no `subclass of` (P279) and no `instance of` (P31) statement: the base says nothing about what it is","download the item (`wikidata fetch`) or add a P279 or P31 statement"
"data/frontier4.wdkb","gap","no-parent","warning","suggested-fix","Q16003513","NUTS (european administrative division classification) class","","","","declared item with no `subclass of` (P279) and no `instance of` (P31) statement: the base says nothing about what it is","download the item (`wikidata fetch`) or add a P279 or P31 statement"
"data/frontier4.wdkb","gap","no-parent","warning","suggested-fix","Q18386809","partial algebra","","","","declared item with no `subclass of` (P279) and no `instance of` (P31) statement: the base says nothing about what it is","download the item (`wikidata fetch`) or add a P279 or P31 statement"
"data/frontier4.wdkb","gap","no-parent","warning","suggested-fix","Q3059449","Nephrozoa","","","","declared item with no `subclass of` (P279) and no `instance of` (P31) statement: the base says nothing about what it is","download the item (`wikidata fetch`) or add a P279 or P31 statement"
"data/frontier4.wdkb","gap","no-parent","warning","suggested-fix","Q21871294","group or class of living things","","","","declared item with no `subclass of` (P279) and no `instance of` (P31) statement: the base says nothing about what it is","download the item (`wikidata fetch`) or add a P279 or P31 statement"
"data/frontier4.wdkb","gap","no-parent","warning","suggested-fix","Q115949945","scientific concept","","","","declared item with no `subclass of` (P279) and no `instance of` (P31) statement: the base says nothing about what it is","download the item (`wikidata fetch`) or add a P279 or P31 statement"
"data/frontier4.wdkb","gap","no-parent","warning","suggested-fix","Q7397","software","","","","declared item with no `subclass of` (P279) and no `instance of` (P31) statement: the base says nothing about what it is","download the item (`wikidata fetch`) or add a P279 or P31 statement"
"data/frontier4.wdkb","gap","no-parent","warning","suggested-fix","Q14946528","conflation","","","","declared item with no `subclass of` (P279) and no `instance of` (P31) statement: the base says nothing about what it is","download the item (`wikidata fetch`) or add a P279 or P31 statement"
"data/frontier4.wdkb","gap","no-parent","warning","suggested-fix","Q35120","entity","","","","declared item with no `subclass of` (P279) and no `instance of` (P31) statement: the base says nothing about what it is","download the item (`wikidata fetch`) or add a P279 or P31 statement"
"data/frontier4.wdkb","gap","no-parent","warning","suggested-fix","Q2198779","unit","","","","declared item with no `subclass of` (P279) and no `instance of` (P31) statement: the base says nothing about what it is","download the item (`wikidata fetch`) or add a P279 or P31 statement"
"data/frontier4.wdkb","gap","no-parent","warning","suggested-fix","Q1426191","flat module","","","","declared item with no `subclass of` (P279) and no `instance of` (P31) statement: the base says nothing about what it is","download the item (`wikidata fetch`) or add a P279 or P31 statement"
"data/frontier4.wdkb","gap","no-parent","warning","suggested-fix","Q2112502","projective object","","","","declared item with no `subclass of` (P279) and no `instance of` (P31) statement: the base says nothing about what it is","download the item (`wikidata fetch`) or add a P279 or P31 statement"
"data/frontier4.wdkb","gap","no-parent","warning","suggested-fix","Q334265","transmission medium","","","","declared item with no `subclass of` (P279) and no `instance of` (P31) statement: the base says nothing about what it is","download the item (`wikidata fetch`) or add a P279 or P31 statement"
"data/frontier4.wdkb","gap","no-parent","warning","suggested-fix","Q96251598","type of object","","","","declared item with no `subclass of` (P279) and no `instance of` (P31) statement: the base says nothing about what it is","download the item (`wikidata fetch`) or add a P279 or P31 statement"
"data/frontier4.wdkb","gap","no-parent","warning","suggested-fix","Q11016","technology","","","","declared item with no `subclass of` (P279) and no `instance of` (P31) statement: the base says nothing about what it is","download the item (`wikidata fetch`) or add a P279 or P31 statement"
"data/frontier4.wdkb","gap","no-parent","warning","suggested-fix","Q112057532","type of technology","","","","declared item with no `subclass of` (P279) and no `instance of` (P31) statement: the base says nothing about what it is","download the item (`wikidata fetch`) or add a P279 or P31 statement"
"data/frontier4.wdkb","gap","no-parent","warning","suggested-fix","Q2267705","field of study","","","","declared item with no `subclass of` (P279) and no `instance of` (P31) statement: the base says nothing about what it is","download the item (`wikidata fetch`) or add a P279 or P31 statement"
"data/frontier4.wdkb","gap","no-parent","warning","suggested-fix","Q223393","literary genre","","","","declared item with no `subclass of` (P279) and no `instance of` (P31) statement: the base says nothing about what it is","download the item (`wikidata fetch`) or add a P279 or P31 statement"
"data/frontier4.wdkb","gap","no-parent","warning","suggested-fix","Q108466143","non-fiction genre","","","","declared item with no `subclass of` (P279) and no `instance of` (P31) statement: the base says nothing about what it is","download the item (`wikidata fetch`) or add a P279 or P31 statement"
"data/frontier4.wdkb","gap","no-parent","warning","suggested-fix","Q121075789","hemiring","","","","declared item with no `subclass of` (P279) and no `instance of` (P31) statement: the base says nothing about what it is","download the item (`wikidata fetch`) or add a P279 or P31 statement"
"data/frontier4.wdkb","gap","no-parent","warning","suggested-fix","Q748349","mathematical structure","","","","declared item with no `subclass of` (P279) and no `instance of` (P31) statement: the base says nothing about what it is","download the item (`wikidata fetch`) or add a P279 or P31 statement"
"data/frontier4.wdkb","gap","no-parent","warning","suggested-fix","Q1851710","structure (model theory)","","","","declared item with no `subclass of` (P279) and no `instance of` (P31) statement: the base says nothing about what it is","download the item (`wikidata fetch`) or add a P279 or P31 statement"
"data/frontier4.wdkb","gap","no-parent","warning","suggested-fix","Q1657198","set function","","","","declared item with no `subclass of` (P279) and no `instance of` (P31) statement: the base says nothing about what it is","download the item (`wikidata fetch`) or add a P279 or P31 statement"
"data/frontier4.wdkb","gap","no-parent","warning","suggested-fix","Q22963169","additive map","","","","declared item with no `subclass of` (P279) and no `instance of` (P31) statement: the base says nothing about what it is","download the item (`wikidata fetch`) or add a P279 or P31 statement"
"data/frontier4.wdkb","gap","no-parent","warning","suggested-fix","Q21855572","additive object","","","","declared item with no `subclass of` (P279) and no `instance of` (P31) statement: the base says nothing about what it is","download the item (`wikidata fetch`) or add a P279 or P31 statement"
"data/frontier4.wdkb","gap","no-parent","warning","suggested-fix","Q130901","binary relation","","","","declared item with no `subclass of` (P279) and no `instance of` (P31) statement: the base says nothing about what it is","download the item (`wikidata fetch`) or add a P279 or P31 statement"
"data/frontier4.wdkb","gap","no-parent","warning","suggested-fix","Q1756942","partial function","","","","declared item with no `subclass of` (P279) and no `instance of` (P31) statement: the base says nothing about what it is","download the item (`wikidata fetch`) or add a P279 or P31 statement"
"data/frontier4.wdkb","gap","no-parent","warning","suggested-fix","Q937228","property","","","","declared item with no `subclass of` (P279) and no `instance of` (P31) statement: the base says nothing about what it is","download the item (`wikidata fetch`) or add a P279 or P31 statement"
"data/frontier4.wdkb","gap","no-parent","warning","suggested-fix","Q96253971","type of property","","","","declared item with no `subclass of` (P279) and no `instance of` (P31) statement: the base says nothing about what it is","download the item (`wikidata fetch`) or add a P279 or P31 statement"
"data/frontier4.wdkb","gap","no-parent","warning","suggested-fix","Q131841","idea","","","","declared item with no `subclass of` (P279) and no `instance of` (P31) statement: the base says nothing about what it is","download the item (`wikidata fetch`) or add a P279 or P31 statement"
"data/frontier4.wdkb","gap","no-parent","warning","suggested-fix","Q6423319","knowledge organization system","","","","declared item with no `subclass of` (P279) and no `instance of` (P31) statement: the base says nothing about what it is","download the item (`wikidata fetch`) or add a P279 or P31 statement"
"data/frontier4.wdkb","gap","no-parent","warning","suggested-fix","Q151885","concept","","","","declared item with no `subclass of` (P279) and no `instance of` (P31) statement: the base says nothing about what it is","download the item (`wikidata fetch`) or add a P279 or P31 statement"
"data/frontier4.wdkb","gap","no-parent","warning","suggested-fix","Q23958852","variable-order class","","","","declared item with no `subclass of` (P279) and no `instance of` (P31) statement: the base says nothing about what it is","download the item (`wikidata fetch`) or add a P279 or P31 statement"
"data/frontier4.wdkb","gap","no-parent","warning","suggested-fix","Q137429456","type of concept","","","","declared item with no `subclass of` (P279) and no `instance of` (P31) statement: the base says nothing about what it is","download the item (`wikidata fetch`) or add a P279 or P31 statement"
"data/frontier4.wdkb","gap","no-parent","warning","suggested-fix","Q18340964","power","","","","declared item with no `subclass of` (P279) and no `instance of` (P31) statement: the base says nothing about what it is","download the item (`wikidata fetch`) or add a P279 or P31 statement"
"data/frontier4.wdkb","gap","no-parent","warning","suggested-fix","Q33104129","sociological concept","","","","declared item with no `subclass of` (P279) and no `instance of` (P31) statement: the base says nothing about what it is","download the item (`wikidata fetch`) or add a P279 or P31 statement"
"data/frontier4.wdkb","gap","no-parent","warning","suggested-fix","Q33104069","political concept","","","","declared item with no `subclass of` (P279) and no `instance of` (P31) statement: the base says nothing about what it is","download the item (`wikidata fetch`) or add a P279 or P31 statement"
"data/frontier4.wdkb","gap","no-parent","warning","suggested-fix","Q67518978","occurrent","","","","declared item with no `subclass of` (P279) and no `instance of` (P31) statement: the base says nothing about what it is","download the item (`wikidata fetch`) or add a P279 or P31 statement"
"data/frontier4.wdkb","gap","no-parent","warning","suggested-fix","Q124711104","BFO class","","","","declared item with no `subclass of` (P279) and no `instance of` (P31) statement: the base says nothing about what it is","download the item (`wikidata fetch`) or add a P279 or P31 statement"
"data/frontier4.wdkb","gap","no-parent","warning","suggested-fix","Q30241068","observable entity","","","","declared item with no `subclass of` (P279) and no `instance of` (P31) statement: the base says nothing about what it is","download the item (`wikidata fetch`) or add a P279 or P31 statement"
"data/frontier4.wdkb","gap","no-parent","warning","suggested-fix","Q21146257","type","","","","declared item with no `subclass of` (P279) and no `instance of` (P31) statement: the base says nothing about what it is","download the item (`wikidata fetch`) or add a P279 or P31 statement"
"data/frontier4.wdkb","gap","no-parent","warning","suggested-fix","Q16889133","class","","","","declared item with no `subclass of` (P279) and no `instance of` (P31) statement: the base says nothing about what it is","download the item (`wikidata fetch`) or add a P279 or P31 statement"
"data/frontier4.wdkb","gap","no-parent","warning","suggested-fix","Q19478619","metaclass","","","","declared item with no `subclass of` (P279) and no `instance of` (P31) statement: the base says nothing about what it is","download the item (`wikidata fetch`) or add a P279 or P31 statement"
"data/frontier4.wdkb","gap","no-parent","warning","suggested-fix","Q24017414","second-order class","","","","declared item with no `subclass of` (P279) and no `instance of` (P31) statement: the base says nothing about what it is","download the item (`wikidata fetch`) or add a P279 or P31 statement"
"data/frontier4.wdkb","gap","no-parent","warning","suggested-fix","Q37866906","information resource","","","","declared item with no `subclass of` (P279) and no `instance of` (P31) statement: the base says nothing about what it is","download the item (`wikidata fetch`) or add a P279 or P31 statement"
"data/frontier4.wdkb","gap","no-parent","warning","suggested-fix","Q37787110","file system object","","","","declared item with no `subclass of` (P279) and no `instance of` (P31) statement: the base says nothing about what it is","download the item (`wikidata fetch`) or add a P279 or P31 statement"
"data/frontier4.wdkb","gap","no-parent","warning","suggested-fix","Q59138870","digital object","","","","declared item with no `subclass of` (P279) and no `instance of` (P31) statement: the base says nothing about what it is","download the item (`wikidata fetch`) or add a P279 or P31 statement"
"data/frontier4.wdkb","gap","no-parent","warning","suggested-fix","Q719395","category","","","","declared item with no `subclass of` (P279) and no `instance of` (P31) statement: the base says nothing about what it is","download the item (`wikidata fetch`) or add a P279 or P31 statement"
"data/geography.wdkb","gap","no-parent","warning","suggested-fix","Q48907157","section of populated place","","","","declared item with no `subclass of` (P279) and no `instance of` (P31) statement: the base says nothing about what it is","download the item (`wikidata fetch`) or add a P279 or P31 statement"
"data/geography.wdkb","gap","no-parent","warning","suggested-fix","Q12775893","scheme","","","","declared item with no `subclass of` (P279) and no `instance of` (P31) statement: the base says nothing about what it is","download the item (`wikidata fetch`) or add a P279 or P31 statement"
"data/geography.wdkb","gap","no-parent","warning","suggested-fix","Q2135465","legal term or legal concept","","","","declared item with no `subclass of` (P279) and no `instance of` (P31) statement: the base says nothing about what it is","download the item (`wikidata fetch`) or add a P279 or P31 statement"
"data/geography.wdkb","gap","no-parent","warning","suggested-fix","Q931483","legal fiction","","","","declared item with no `subclass of` (P279) and no `instance of` (P31) statement: the base says nothing about what it is","download the item (`wikidata fetch`) or add a P279 or P31 statement"
"data/geography.wdkb","gap","no-parent","warning","suggested-fix","Q1269299","type of business entity","","","","declared item with no `subclass of` (P279) and no `instance of` (P31) statement: the base says nothing about what it is","download the item (`wikidata fetch`) or add a P279 or P31 statement"
"data/geography.wdkb","gap","no-parent","warning","suggested-fix","Q3778211","legal person","","","","declared item with no `subclass of` (P279) and no `instance of` (P31) statement: the base says nothing about what it is","download the item (`wikidata fetch`) or add a P279 or P31 statement"
"data/geography.wdkb","gap","no-parent","warning","suggested-fix","Q6671777","structure","","","","declared item with no `subclass of` (P279) and no `instance of` (P31) statement: the base says nothing about what it is","download the item (`wikidata fetch`) or add a P279 or P31 statement"
"data/geography.wdkb","gap","no-parent","warning","suggested-fix","Q8425","society","","","","declared item with no `subclass of` (P279) and no `instance of` (P31) statement: the base says nothing about what it is","download the item (`wikidata fetch`) or add a P279 or P31 statement"
"data/geography.wdkb","gap","no-parent","warning","suggested-fix","Q111972893","type of structure","","","","declared item with no `subclass of` (P279) and no `instance of` (P31) statement: the base says nothing about what it is","download the item (`wikidata fetch`) or add a P279 or P31 statement"
"data/geography.wdkb","gap","no-parent","warning","suggested-fix","Q33104129","sociological concept","","","","declared item with no `subclass of` (P279) and no `instance of` (P31) statement: the base says nothing about what it is","download the item (`wikidata fetch`) or add a P279 or P31 statement"
"data/geography.wdkb","gap","no-parent","warning","suggested-fix","Q61961344","group of physical objects","","","","declared item with no `subclass of` (P279) and no `instance of` (P31) statement: the base says nothing about what it is","download the item (`wikidata fetch`) or add a P279 or P31 statement"
"data/geography.wdkb","gap","no-parent","warning","suggested-fix","Q16887380","group","","","","declared item with no `subclass of` (P279) and no `instance of` (P31) statement: the base says nothing about what it is","download the item (`wikidata fetch`) or add a P279 or P31 statement"
"data/geography.wdkb","gap","no-parent","warning","suggested-fix","Q386724","work","","","","declared item with no `subclass of` (P279) and no `instance of` (P31) statement: the base says nothing about what it is","download the item (`wikidata fetch`) or add a P279 or P31 statement"
"data/geography.wdkb","gap","no-parent","warning","suggested-fix","Q138665581","type of set","","","","declared item with no `subclass of` (P279) and no `instance of` (P31) statement: the base says nothing about what it is","download the item (`wikidata fetch`) or add a P279 or P31 statement"
"data/geography.wdkb","gap","no-parent","warning","suggested-fix","Q5127848","class","","","","declared item with no `subclass of` (P279) and no `instance of` (P31) statement: the base says nothing about what it is","download the item (`wikidata fetch`) or add a P279 or P31 statement"
"data/geography.wdkb","gap","no-parent","warning","suggested-fix","Q125598210","immaterial entity type","","","","declared item with no `subclass of` (P279) and no `instance of` (P31) statement: the base says nothing about what it is","download the item (`wikidata fetch`) or add a P279 or P31 statement"
"data/geography.wdkb","gap","no-parent","warning","suggested-fix","Q115471117","self-depicting entity","","","","declared item with no `subclass of` (P279) and no `instance of` (P31) statement: the base says nothing about what it is","download the item (`wikidata fetch`) or add a P279 or P31 statement"
"data/geography.wdkb","gap","no-parent","warning","suggested-fix","Q82799","name","","","","declared item with no `subclass of` (P279) and no `instance of` (P31) statement: the base says nothing about what it is","download the item (`wikidata fetch`) or add a P279 or P31 statement"
"data/geography.wdkb","gap","no-parent","warning","suggested-fix","Q7048977","abstract entity","","","","declared item with no `subclass of` (P279) and no `instance of` (P31) statement: the base says nothing about what it is","download the item (`wikidata fetch`) or add a P279 or P31 statement"
"data/geography.wdkb","gap","no-parent","warning","suggested-fix","Q1272626","representation","","","","declared item with no `subclass of` (P279) and no `instance of` (P31) statement: the base says nothing about what it is","download the item (`wikidata fetch`) or add a P279 or P31 statement"
"data/geography.wdkb","gap","no-parent","warning","suggested-fix","Q7551287","social object","","","","declared item with no `subclass of` (P279) and no `instance of` (P31) statement: the base says nothing about what it is","download the item (`wikidata fetch`) or add a P279 or P31 statement"
"data/geography.wdkb","gap","no-parent","warning","suggested-fix","Q12812139","specialized term","","","","declared item with no `subclass of` (P279) and no `instance of` (P31) statement: the base says nothing about what it is","download the item (`wikidata fetch`) or add a P279 or P31 statement"
"data/geography.wdkb","gap","no-parent","warning","suggested-fix","Q137426749","type of term","","","","declared item with no `subclass of` (P279) and no `instance of` (P31) statement: the base says nothing about what it is","download the item (`wikidata fetch`) or add a P279 or P31 statement"
"data/geography.wdkb","gap","no-parent","warning","suggested-fix","Q35120","entity","","","","declared item with no `subclass of` (P279) and no `instance of` (P31) statement: the base says nothing about what it is","download the item (`wikidata fetch`) or add a P279 or P31 statement"
"data/geography.wdkb","gap","no-parent","warning","suggested-fix","Q115490628","fundamental Wikidata entity","","","","declared item with no `subclass of` (P279) and no `instance of` (P31) statement: the base says nothing about what it is","download the item (`wikidata fetch`) or add a P279 or P31 statement"
"data/geography.wdkb","gap","no-parent","warning","suggested-fix","Q19868531","formal ontology concept","","","","declared item with no `subclass of` (P279) and no `instance of` (P31) statement: the base says nothing about what it is","download the item (`wikidata fetch`) or add a P279 or P31 statement"
"data/geography.wdkb","gap","no-parent","warning","suggested-fix","Q24017465","third-order class","","","","declared item with no `subclass of` (P279) and no `instance of` (P31) statement: the base says nothing about what it is","download the item (`wikidata fetch`) or add a P279 or P31 statement"
"data/geography.wdkb","gap","no-parent","warning","suggested-fix","Q16686448","artificial object","","","","declared item with no `subclass of` (P279) and no `instance of` (P31) statement: the base says nothing about what it is","download the item (`wikidata fetch`) or add a P279 or P31 statement"
"data/geography.wdkb","gap","no-parent","warning","suggested-fix","Q836915","free state","","","","declared item with no `subclass of` (P279) and no `instance of` (P31) statement: the base says nothing about what it is","download the item (`wikidata fetch`) or add a P279 or P31 statement"
"data/geography.wdkb","gap","no-parent","warning","suggested-fix","Q7210356","political organization","","","","declared item with no `subclass of` (P279) and no `instance of` (P31) statement: the base says nothing about what it is","download the item (`wikidata fetch`) or add a P279 or P31 statement"
"data/geography.wdkb","gap","no-parent","warning","suggested-fix","Q15631850","districts and some cities of Germany","","","","declared item with no `subclass of` (P279) and no `instance of` (P31) statement: the base says nothing about what it is","download the item (`wikidata fetch`) or add a P279 or P31 statement"
"data/geography.wdkb","gap","no-parent","warning","suggested-fix","Q1418640","local government in Germany","","","","declared item with no `subclass of` (P279) and no `instance of` (P31) statement: the base says nothing about what it is","download the item (`wikidata fetch`) or add a P279 or P31 statement"
"data/geography.wdkb","gap","no-parent","warning","suggested-fix","Q41773366","NUTS 3 statistical territorial entity","","","","declared item with no `subclass of` (P279) and no `instance of` (P31) statement: the base says nothing about what it is","download the item (`wikidata fetch`) or add a P279 or P31 statement"
"data/geography.wdkb","gap","no-parent","warning","suggested-fix","Q4057633","hierarchy of administrative territorial entities","","","","declared item with no `subclass of` (P279) and no `instance of` (P31) statement: the base says nothing about what it is","download the item (`wikidata fetch`) or add a P279 or P31 statement"
"data/geography.wdkb","gap","no-parent","warning","suggested-fix","Q3268571","administrative territorial entity of a single country","","","","declared item with no `subclass of` (P279) and no `instance of` (P31) statement: the base says nothing about what it is","download the item (`wikidata fetch`) or add a P279 or P31 statement"
"data/geography.wdkb","gap","no-parent","warning","suggested-fix","Q15042037","statistical territorial entity","","","","declared item with no `subclass of` (P279) and no `instance of` (P31) statement: the base says nothing about what it is","download the item (`wikidata fetch`) or add a P279 or P31 statement"
"data/geography.wdkb","gap","no-parent","warning","suggested-fix","Q1907114","metropolitan area","","","","declared item with no `subclass of` (P279) and no `instance of` (P31) statement: the base says nothing about what it is","download the item (`wikidata fetch`) or add a P279 or P31 statement"
"data/geography.wdkb","gap","no-parent","warning","suggested-fix","Q15284","municipality","","","","declared item with no `subclass of` (P279) and no `instance of` (P31) statement: the base says nothing about what it is","download the item (`wikidata fetch`) or add a P279 or P31 statement"
"data/geography.wdkb","gap","no-parent","warning","suggested-fix","Q163359","local administrative unit in the NUTS system","","","","declared item with no `subclass of` (P279) and no `instance of` (P31) statement: the base says nothing about what it is","download the item (`wikidata fetch`) or add a P279 or P31 statement"
"data/geography.wdkb","gap","no-parent","warning","suggested-fix","Q16003513","NUTS (european administrative division classification) class","","","","declared item with no `subclass of` (P279) and no `instance of` (P31) statement: the base says nothing about what it is","download the item (`wikidata fetch`) or add a P279 or P31 statement"
"data/geography.wdkb","gap","no-parent","warning","suggested-fix","Q1799794","administrative territorial entity of a specific level","","","","declared item with no `subclass of` (P279) and no `instance of` (P31) statement: the base says nothing about what it is","download the item (`wikidata fetch`) or add a P279 or P31 statement"
"data/geography.wdkb","gap","no-parent","warning","suggested-fix","Q192498","administrative territorial entity of France","","","","declared item with no `subclass of` (P279) and no `instance of` (P31) statement: the base says nothing about what it is","download the item (`wikidata fetch`) or add a P279 or P31 statement"
"data/geography.wdkb","gap","no-parent","warning","suggested-fix","Q837766","local authority","","","","declared item with no `subclass of` (P279) and no `instance of` (P31) statement: the base says nothing about what it is","download the item (`wikidata fetch`) or add a P279 or P31 statement"
"data/geography.wdkb","gap","no-parent","warning","suggested-fix","Q56427813","type of legal entity in France","","","","declared item with no `subclass of` (P279) and no `instance of` (P31) statement: the base says nothing about what it is","download the item (`wikidata fetch`) or add a P279 or P31 statement"
"data/geography.wdkb","gap","no-parent","warning","suggested-fix","Q115095765","location","","","","declared item with no `subclass of` (P279) and no `instance of` (P31) statement: the base says nothing about what it is","download the item (`wikidata fetch`) or add a P279 or P31 statement"
"data/geography.wdkb","gap","no-parent","warning","suggested-fix","Q131362181","social science concept","","","","declared item with no `subclass of` (P279) and no `instance of` (P31) statement: the base says nothing about what it is","download the item (`wikidata fetch`) or add a P279 or P31 statement"
"data/geography.wdkb","gap","no-parent","warning","suggested-fix","Q137429456","type of concept","","","","declared item with no `subclass of` (P279) and no `instance of` (P31) statement: the base says nothing about what it is","download the item (`wikidata fetch`) or add a P279 or P31 statement"
"data/geography.wdkb","gap","no-parent","warning","suggested-fix","Q123705","neighborhood","","","","declared item with no `subclass of` (P279) and no `instance of` (P31) statement: the base says nothing about what it is","download the item (`wikidata fetch`) or add a P279 or P31 statement"
"data/geography.wdkb","gap","no-parent","warning","suggested-fix","Q1207505","quality","","","","declared item with no `subclass of` (P279) and no `instance of` (P31) statement: the base says nothing about what it is","download the item (`wikidata fetch`) or add a P279 or P31 statement"
"data/geography.wdkb","gap","no-parent","warning","suggested-fix","Q16334295","group of humans","","","","declared item with no `subclass of` (P279) and no `instance of` (P31) statement: the base says nothing about what it is","download the item (`wikidata fetch`) or add a P279 or P31 statement"
"data/geography.wdkb","gap","no-parent","warning","suggested-fix","Q659390","construct","","","","declared item with no `subclass of` (P279) and no `instance of` (P31) statement: the base says nothing about what it is","download the item (`wikidata fetch`) or add a P279 or P31 statement"
"data/geography.wdkb","gap","no-parent","warning","suggested-fix","Q15239622","disputed territory","","","","declared item with no `subclass of` (P279) and no `instance of` (P31) statement: the base says nothing about what it is","download the item (`wikidata fetch`) or add a P279 or P31 statement"
"data/geography.wdkb","gap","no-parent","warning","suggested-fix","Q19953632","former administrative territorial entity","","","","declared item with no `subclass of` (P279) and no `instance of` (P31) statement: the base says nothing about what it is","download the item (`wikidata fetch`) or add a P279 or P31 statement"
"data/geography.wdkb","gap","no-parent","warning","suggested-fix","Q19832712","historical administrative division","","","","declared item with no `subclass of` (P279) and no `instance of` (P31) statement: the base says nothing about what it is","download the item (`wikidata fetch`) or add a P279 or P31 statement"
"data/geography.wdkb","gap","no-parent","warning","suggested-fix","Q5589178","regime","","","","declared item with no `subclass of` (P279) and no `instance of` (P31) statement: the base says nothing about what it is","download the item (`wikidata fetch`) or add a P279 or P31 statement"
"data/geography.wdkb","gap","no-parent","warning","suggested-fix","Q2752458","administrative type","","","","declared item with no `subclass of` (P279) and no `instance of` (P31) statement: the base says nothing about what it is","download the item (`wikidata fetch`) or add a P279 or P31 statement"
"data/geography.wdkb","gap","no-parent","warning","suggested-fix","Q28108","political system","","","","declared item with no `subclass of` (P279) and no `instance of` (P31) statement: the base says nothing about what it is","download the item (`wikidata fetch`) or add a P279 or P31 statement"
"data/knowledge.wdkb","gap","no-parent","warning","suggested-fix","Q188889","code","","","","declared item with no `subclass of` (P279) and no `instance of` (P31) statement: the base says nothing about what it is","download the item (`wikidata fetch`) or add a P279 or P31 statement"
"data/knowledge.wdkb","gap","no-parent","warning","suggested-fix","Q140458154","type of abstract object","","","","declared item with no `subclass of` (P279) and no `instance of` (P31) statement: the base says nothing about what it is","download the item (`wikidata fetch`) or add a P279 or P31 statement"
"data/knowledge.wdkb","gap","no-parent","warning","suggested-fix","Q24017414","second-order class","","","","declared item with no `subclass of` (P279) and no `instance of` (P31) statement: the base says nothing about what it is","download the item (`wikidata fetch`) or add a P279 or P31 statement"
"data/knowledge.wdkb","gap","no-parent","warning","suggested-fix","Q12558574","point of view","","","","declared item with no `subclass of` (P279) and no `instance of` (P31) statement: the base says nothing about what it is","download the item (`wikidata fetch`) or add a P279 or P31 statement"
"data/knowledge.wdkb","gap","no-parent","warning","suggested-fix","Q4897819","role","","","","declared item with no `subclass of` (P279) and no `instance of` (P31) statement: the base says nothing about what it is","download the item (`wikidata fetch`) or add a P279 or P31 statement"
"data/knowledge.wdkb","gap","no-parent","warning","suggested-fix","Q121344523","type of classification","","","","declared item with no `subclass of` (P279) and no `instance of` (P31) statement: the base says nothing about what it is","download the item (`wikidata fetch`) or add a P279 or P31 statement"
"data/knowledge.wdkb","gap","no-parent","warning","suggested-fix","Q1172480","data model","","","","declared item with no `subclass of` (P279) and no `instance of` (P31) statement: the base says nothing about what it is","download the item (`wikidata fetch`) or add a P279 or P31 statement"
"data/knowledge.wdkb","gap","no-parent","warning","suggested-fix","Q1397073","data schema","","","","declared item with no `subclass of` (P279) and no `instance of` (P31) statement: the base says nothing about what it is","download the item (`wikidata fetch`) or add a P279 or P31 statement"
"data/knowledge.wdkb","gap","no-parent","warning","suggested-fix","Q2101564","specification","","","","declared item with no `subclass of` (P279) and no `instance of` (P31) statement: the base says nothing about what it is","download the item (`wikidata fetch`) or add a P279 or P31 statement"
"data/knowledge.wdkb","gap","no-parent","warning","suggested-fix","Q1413406","technical documentation","","","","declared item with no `subclass of` (P279) and no `instance of` (P31) statement: the base says nothing about what it is","download the item (`wikidata fetch`) or add a P279 or P31 statement"
"data/knowledge.wdkb","gap","no-parent","warning","suggested-fix","Q5127848","class","","","","declared item with no `subclass of` (P279) and no `instance of` (P31) statement: the base says nothing about what it is","download the item (`wikidata fetch`) or add a P279 or P31 statement"
"data/knowledge.wdkb","gap","no-parent","warning","suggested-fix","Q115490628","fundamental Wikidata entity","","","","declared item with no `subclass of` (P279) and no `instance of` (P31) statement: the base says nothing about what it is","download the item (`wikidata fetch`) or add a P279 or P31 statement"
"data/knowledge.wdkb","gap","no-parent","warning","suggested-fix","Q3052382","fonds","","","","declared item with no `subclass of` (P279) and no `instance of` (P31) statement: the base says nothing about what it is","download the item (`wikidata fetch`) or add a P279 or P31 statement"
"data/knowledge.wdkb","gap","no-parent","warning","suggested-fix","Q56648173","archives","","","","declared item with no `subclass of` (P279) and no `instance of` (P31) statement: the base says nothing about what it is","download the item (`wikidata fetch`) or add a P279 or P31 statement"
"data/knowledge.wdkb","gap","no-parent","warning","suggested-fix","Q4120621","rank","","","","declared item with no `subclass of` (P279) and no `instance of` (P31) statement: the base says nothing about what it is","download the item (`wikidata fetch`) or add a P279 or P31 statement"
"data/knowledge.wdkb","gap","no-parent","warning","suggested-fix","Q845739","query language","","","","declared item with no `subclass of` (P279) and no `instance of` (P31) statement: the base says nothing about what it is","download the item (`wikidata fetch`) or add a P279 or P31 statement"
"data/knowledge.wdkb","gap","no-parent","warning","suggested-fix","Q9143","programming language","","","","declared item with no `subclass of` (P279) and no `instance of` (P31) statement: the base says nothing about what it is","download the item (`wikidata fetch`) or add a P279 or P31 statement"
"data/knowledge.wdkb","gap","no-parent","warning","suggested-fix","Q116481801","type of programming language","","","","declared item with no `subclass of` (P279) and no `instance of` (P31) statement: the base says nothing about what it is","download the item (`wikidata fetch`) or add a P279 or P31 statement"
"data/knowledge.wdkb","gap","no-parent","warning","suggested-fix","Q367293","convention","","","","declared item with no `subclass of` (P279) and no `instance of` (P31) statement: the base says nothing about what it is","download the item (`wikidata fetch`) or add a P279 or P31 statement"
"data/knowledge.wdkb","gap","no-parent","warning","suggested-fix","Q1151067","rule","","","","declared item with no `subclass of` (P279) and no `instance of` (P31) statement: the base says nothing about what it is","download the item (`wikidata fetch`) or add a P279 or P31 statement"
"data/knowledge.wdkb","gap","no-parent","warning","suggested-fix","Q1630279","guideline","","","","declared item with no `subclass of` (P279) and no `instance of` (P31) statement: the base says nothing about what it is","download the item (`wikidata fetch`) or add a P279 or P31 statement"
"data/knowledge.wdkb","gap","no-parent","warning","suggested-fix","Q117207263","file","","","","declared item with no `subclass of` (P279) and no `instance of` (P31) statement: the base says nothing about what it is","download the item (`wikidata fetch`) or add a P279 or P31 statement"
"data/knowledge.wdkb","gap","no-parent","warning","suggested-fix","Q31479975","communication system","","","","declared item with no `subclass of` (P279) and no `instance of` (P31) statement: the base says nothing about what it is","download the item (`wikidata fetch`) or add a P279 or P31 statement"
"data/knowledge.wdkb","gap","no-parent","warning","suggested-fix","Q138012087","type of standard","","","","declared item with no `subclass of` (P279) and no `instance of` (P31) statement: the base says nothing about what it is","download the item (`wikidata fetch`) or add a P279 or P31 statement"
"data/knowledge.wdkb","gap","no-parent","warning","suggested-fix","Q7397","software","","","","declared item with no `subclass of` (P279) and no `instance of` (P31) statement: the base says nothing about what it is","download the item (`wikidata fetch`) or add a P279 or P31 statement"
"data/knowledge.wdkb","gap","no-parent","warning","suggested-fix","Q12812139","specialized term","","","","declared item with no `subclass of` (P279) and no `instance of` (P31) statement: the base says nothing about what it is","download the item (`wikidata fetch`) or add a P279 or P31 statement"
"data/knowledge.wdkb","gap","no-parent","warning","suggested-fix","Q999234","scientific term","","","","declared item with no `subclass of` (P279) and no `instance of` (P31) statement: the base says nothing about what it is","download the item (`wikidata fetch`) or add a P279 or P31 statement"
"data/knowledge.wdkb","gap","no-parent","warning","suggested-fix","Q137426749","type of term","","","","declared item with no `subclass of` (P279) and no `instance of` (P31) statement: the base says nothing about what it is","download the item (`wikidata fetch`) or add a P279 or P31 statement"
"data/knowledge.wdkb","gap","no-parent","warning","suggested-fix","Q137429456","type of concept","","","","declared item with no `subclass of` (P279) and no `instance of` (P31) statement: the base says nothing about what it is","download the item (`wikidata fetch`) or add a P279 or P31 statement"
"data/knowledge.wdkb","gap","no-parent","warning","suggested-fix","Q28923954","languoid class","","","","declared item with no `subclass of` (P279) and no `instance of` (P31) statement: the base says nothing about what it is","download the item (`wikidata fetch`) or add a P279 or P31 statement"
"data/knowledge.wdkb","gap","no-parent","warning","suggested-fix","Q19478619","metaclass","","","","declared item with no `subclass of` (P279) and no `instance of` (P31) statement: the base says nothing about what it is","download the item (`wikidata fetch`) or add a P279 or P31 statement"
"data/knowledge.wdkb","gap","no-parent","warning","suggested-fix","Q28813620","set","","","","declared item with no `subclass of` (P279) and no `instance of` (P31) statement: the base says nothing about what it is","download the item (`wikidata fetch`) or add a P279 or P31 statement"
"data/knowledge.wdkb","gap","no-parent","warning","suggested-fix","Q5962346","classification scheme","","","","declared item with no `subclass of` (P279) and no `instance of` (P31) statement: the base says nothing about what it is","download the item (`wikidata fetch`) or add a P279 or P31 statement"
"data/knowledge.wdkb","gap","no-parent","warning","suggested-fix","Q11028","information","","","","declared item with no `subclass of` (P279) and no `instance of` (P31) statement: the base says nothing about what it is","download the item (`wikidata fetch`) or add a P279 or P31 statement"
"data/knowledge.wdkb","gap","no-parent","warning","suggested-fix","Q12488383","content","","","","declared item with no `subclass of` (P279) and no `instance of` (P31) statement: the base says nothing about what it is","download the item (`wikidata fetch`) or add a P279 or P31 statement"
"data/knowledge.wdkb","gap","no-parent","warning","suggested-fix","Q1207505","quality","","","","declared item with no `subclass of` (P279) and no `instance of` (P31) statement: the base says nothing about what it is","download the item (`wikidata fetch`) or add a P279 or P31 statement"
"data/knowledge.wdkb","gap","no-parent","warning","suggested-fix","Q386724","work","","","","declared item with no `subclass of` (P279) and no `instance of` (P31) statement: the base says nothing about what it is","download the item (`wikidata fetch`) or add a P279 or P31 statement"
"data/knowledge.wdkb","gap","no-parent","warning","suggested-fix","Q1128340","subject heading","","","","declared item with no `subclass of` (P279) and no `instance of` (P31) statement: the base says nothing about what it is","download the item (`wikidata fetch`) or add a P279 or P31 statement"
"data/knowledge.wdkb","gap","no-parent","warning","suggested-fix","Q213051","non-fiction","","","","declared item with no `subclass of` (P279) and no `instance of` (P31) statement: the base says nothing about what it is","download the item (`wikidata fetch`) or add a P279 or P31 statement"
"data/knowledge.wdkb","gap","no-parent","warning","suggested-fix","Q10383930","academic work","","","","declared item with no `subclass of` (P279) and no `instance of` (P31) statement: the base says nothing about what it is","download the item (`wikidata fetch`) or add a P279 or P31 statement"
"data/knowledge.wdkb","gap","no-parent","warning","suggested-fix","Q115668308","release","","","","declared item with no `subclass of` (P279) and no `instance of` (P31) statement: the base says nothing about what it is","download the item (`wikidata fetch`) or add a P279 or P31 statement"
"data/knowledge.wdkb","gap","no-parent","warning","suggested-fix","Q340169","communications media","","","","declared item with no `subclass of` (P279) and no `instance of` (P31) statement: the base says nothing about what it is","download the item (`wikidata fetch`) or add a P279 or P31 statement"
"data/knowledge.wdkb","gap","no-parent","warning","suggested-fix","Q138303935","type of information","","","","declared item with no `subclass of` (P279) and no `instance of` (P31) statement: the base says nothing about what it is","download the item (`wikidata fetch`) or add a P279 or P31 statement"
"data/knowledge.wdkb","gap","no-parent","warning","suggested-fix","Q140311475","type of creative work","","","","declared item with no `subclass of` (P279) and no `instance of` (P31) statement: the base says nothing about what it is","download the item (`wikidata fetch`) or add a P279 or P31 statement"
"data/knowledge.wdkb","gap","no-parent","warning","suggested-fix","Q1348645","instructional materials","","","","declared item with no `subclass of` (P279) and no `instance of` (P31) statement: the base says nothing about what it is","download the item (`wikidata fetch`) or add a P279 or P31 statement"
"data/knowledge.wdkb","gap","no-parent","warning","suggested-fix","Q49848","document","","","","declared item with no `subclass of` (P279) and no `instance of` (P31) statement: the base says nothing about what it is","download the item (`wikidata fetch`) or add a P279 or P31 statement"
"data/knowledge.wdkb","gap","no-parent","warning","suggested-fix","Q47461344","written work","","","","declared item with no `subclass of` (P279) and no `instance of` (P31) statement: the base says nothing about what it is","download the item (`wikidata fetch`) or add a P279 or P31 statement"
"data/knowledge.wdkb","gap","no-parent","warning","suggested-fix","Q223393","literary genre","","","","declared item with no `subclass of` (P279) and no `instance of` (P31) statement: the base says nothing about what it is","download the item (`wikidata fetch`) or add a P279 or P31 statement"
"data/knowledge.wdkb","gap","no-parent","warning","suggested-fix","Q133449656","type of work","","","","declared item with no `subclass of` (P279) and no `instance of` (P31) statement: the base says nothing about what it is","download the item (`wikidata fetch`) or add a P279 or P31 statement"
"data/knowledge.wdkb","gap","no-parent","warning","suggested-fix","Q488383","object","","","","declared item with no `subclass of` (P279) and no `instance of` (P31) statement: the base says nothing about what it is","download the item (`wikidata fetch`) or add a P279 or P31 statement"
"data/knowledge.wdkb","gap","no-parent","warning","suggested-fix","Q130342754","labeled mixed graph","","","","declared item with no `subclass of` (P279) and no `instance of` (P31) statement: the base says nothing about what it is","download the item (`wikidata fetch`) or add a P279 or P31 statement"
"data/knowledge.wdkb","gap","no-parent","warning","suggested-fix","Q1137726","directed graph","","","","declared item with no `subclass of` (P279) and no `instance of` (P31) statement: the base says nothing about what it is","download the item (`wikidata fetch`) or add a P279 or P31 statement"
"data/knowledge.wdkb","gap","no-parent","warning","suggested-fix","Q8513","database","","","","declared item with no `subclass of` (P279) and no `instance of` (P31) statement: the base says nothing about what it is","download the item (`wikidata fetch`) or add a P279 or P31 statement"
"data/knowledge.wdkb","gap","no-parent","warning","suggested-fix","Q2623243","conceptual model","","","","declared item with no `subclass of` (P279) and no `instance of` (P31) statement: the base says nothing about what it is","download the item (`wikidata fetch`) or add a P279 or P31 statement"
"data/knowledge.wdkb","gap","no-parent","warning","suggested-fix","Q1063801","tertiary source","","","","declared item with no `subclass of` (P279) and no `instance of` (P31) statement: the base says nothing about what it is","download the item (`wikidata fetch`) or add a P279 or P31 statement"
"data/knowledge.wdkb","gap","no-parent","warning","suggested-fix","Q788790","documentation","","","","declared item with no `subclass of` (P279) and no `instance of` (P31) statement: the base says nothing about what it is","download the item (`wikidata fetch`) or add a P279 or P31 statement"
"data/knowledge.wdkb","gap","no-parent","warning","suggested-fix","Q17104046","mixed graph","","","","declared item with no `subclass of` (P279) and no `instance of` (P31) statement: the base says nothing about what it is","download the item (`wikidata fetch`) or add a P279 or P31 statement"
"data/knowledge.wdkb","gap","no-parent","warning","suggested-fix","Q494756","data","","","","declared item with no `subclass of` (P279) and no `instance of` (P31) statement: the base says nothing about what it is","download the item (`wikidata fetch`) or add a P279 or P31 statement"
"data/knowledge.wdkb","gap","no-parent","warning","suggested-fix","Q17176533","software component","","","","declared item with no `subclass of` (P279) and no `instance of` (P31) statement: the base says nothing about what it is","download the item (`wikidata fetch`) or add a P279 or P31 statement"
"data/knowledge.wdkb","gap","no-parent","warning","suggested-fix","Q486902","mathematical model","","","","declared item with no `subclass of` (P279) and no `instance of` (P31) statement: the base says nothing about what it is","download the item (`wikidata fetch`) or add a P279 or P31 statement"
"data/knowledge.wdkb","gap","no-parent","warning","suggested-fix","Q190087","data type","","","","declared item with no `subclass of` (P279) and no `instance of` (P31) statement: the base says nothing about what it is","download the item (`wikidata fetch`) or add a P279 or P31 statement"
"data/knowledge.wdkb","gap","no-parent","warning","suggested-fix","Q16686448","artificial object","","","","declared item with no `subclass of` (P279) and no `instance of` (P31) statement: the base says nothing about what it is","download the item (`wikidata fetch`) or add a P279 or P31 statement"
"data/knowledge.wdkb","gap","no-parent","warning","suggested-fix","Q7048977","abstract entity","","","","declared item with no `subclass of` (P279) and no `instance of` (P31) statement: the base says nothing about what it is","download the item (`wikidata fetch`) or add a P279 or P31 statement"
"data/knowledge.wdkb","gap","no-parent","warning","suggested-fix","Q151885","concept","","","","declared item with no `subclass of` (P279) and no `instance of` (P31) statement: the base says nothing about what it is","download the item (`wikidata fetch`) or add a P279 or P31 statement"
"data/knowledge.wdkb","gap","no-parent","warning","suggested-fix","Q99527517","collective entity","","","","declared item with no `subclass of` (P279) and no `instance of` (P31) statement: the base says nothing about what it is","download the item (`wikidata fetch`) or add a P279 or P31 statement"
"data/knowledge.wdkb","gap","no-parent","warning","suggested-fix","Q33104279","philosophical concept","","","","declared item with no `subclass of` (P279) and no `instance of` (P31) statement: the base says nothing about what it is","download the item (`wikidata fetch`) or add a P279 or P31 statement"
"data/knowledge.wdkb","gap","no-parent","warning","suggested-fix","Q8963063","discrete function","","","","declared item with no `subclass of` (P279) and no `instance of` (P31) statement: the base says nothing about what it is","download the item (`wikidata fetch`) or add a P279 or P31 statement"
"data/knowledge.wdkb","gap","no-parent","warning","suggested-fix","Q21146257","type","","","","declared item with no `subclass of` (P279) and no `instance of` (P31) statement: the base says nothing about what it is","download the item (`wikidata fetch`) or add a P279 or P31 statement"
"data/knowledge.wdkb","gap","no-parent","warning","suggested-fix","Q96251598","type of object","","","","declared item with no `subclass of` (P279) and no `instance of` (P31) statement: the base says nothing about what it is","download the item (`wikidata fetch`) or add a P279 or P31 statement"
"data/knowledge.wdkb","gap","no-parent","warning","suggested-fix","Q23958852","variable-order class","","","","declared item with no `subclass of` (P279) and no `instance of` (P31) statement: the base says nothing about what it is","download the item (`wikidata fetch`) or add a P279 or P31 statement"
"data/knowledge.wdkb","gap","no-parent","warning","suggested-fix","Q203066","relation","","","","declared item with no `subclass of` (P279) and no `instance of` (P31) statement: the base says nothing about what it is","download the item (`wikidata fetch`) or add a P279 or P31 statement"
"data/knowledge.wdkb","gap","no-parent","warning","suggested-fix","Q130324710","type of relation","","","","declared item with no `subclass of` (P279) and no `instance of` (P31) statement: the base says nothing about what it is","download the item (`wikidata fetch`) or add a P279 or P31 statement"
"data/life.wdkb","gap","no-parent","warning","suggested-fix","Q104054982","ontological root","","","","declared item with no `subclass of` (P279) and no `instance of` (P31) statement: the base says nothing about what it is","download the item (`wikidata fetch`) or add a P279 or P31 statement"
"data/life.wdkb","gap","no-parent","warning","suggested-fix","Q103812671","anatomical entity type","","","","declared item with no `subclass of` (P279) and no `instance of` (P31) statement: the base says nothing about what it is","download the item (`wikidata fetch`) or add a P279 or P31 statement"
"data/life.wdkb","gap","no-parent","warning","suggested-fix","Q103997018","direct anatomical metaclass","","","","declared item with no `subclass of` (P279) and no `instance of` (P31) statement: the base says nothing about what it is","download the item (`wikidata fetch`) or add a P279 or P31 statement"
"data/life.wdkb","gap","no-parent","warning","suggested-fix","Q132907471","individual item","","","","declared item with no `subclass of` (P279) and no `instance of` (P31) statement: the base says nothing about what it is","download the item (`wikidata fetch`) or add a P279 or P31 statement"
"data/life.wdkb","gap","no-parent","warning","suggested-fix","Q33104279","philosophical concept","","","","declared item with no `subclass of` (P279) and no `instance of` (P31) statement: the base says nothing about what it is","download the item (`wikidata fetch`) or add a P279 or P31 statement"
"data/life.wdkb","gap","no-parent","warning","suggested-fix","Q999234","scientific term","","","","declared item with no `subclass of` (P279) and no `instance of` (P31) statement: the base says nothing about what it is","download the item (`wikidata fetch`) or add a P279 or P31 statement"
"data/life.wdkb","gap","no-parent","warning","suggested-fix","Q137426749","type of term","","","","declared item with no `subclass of` (P279) and no `instance of` (P31) statement: the base says nothing about what it is","download the item (`wikidata fetch`) or add a P279 or P31 statement"
"data/life.wdkb","gap","no-parent","warning","suggested-fix","Q103940464","continuant","","","","declared item with no `subclass of` (P279) and no `instance of` (P31) statement: the base says nothing about what it is","download the item (`wikidata fetch`) or add a P279 or P31 statement"
"data/life.wdkb","gap","no-parent","warning","suggested-fix","Q115471117","self-depicting entity","","","","declared item with no `subclass of` (P279) and no `instance of` (P31) statement: the base says nothing about what it is","download the item (`wikidata fetch`) or add a P279 or P31 statement"
"data/life.wdkb","gap","no-parent","warning","suggested-fix","Q99527517","collective entity","","","","declared item with no `subclass of` (P279) and no `instance of` (P31) statement: the base says nothing about what it is","download the item (`wikidata fetch`) or add a P279 or P31 statement"
"data/life.wdkb","gap","no-parent","warning","suggested-fix","Q7048977","abstract entity","","","","declared item with no `subclass of` (P279) and no `instance of` (P31) statement: the base says nothing about what it is","download the item (`wikidata fetch`) or add a P279 or P31 statement"
"data/life.wdkb","gap","no-parent","warning","suggested-fix","Q1272626","representation","","","","declared item with no `subclass of` (P279) and no `instance of` (P31) statement: the base says nothing about what it is","download the item (`wikidata fetch`) or add a P279 or P31 statement"
"data/life.wdkb","gap","no-parent","warning","suggested-fix","Q7551287","social object","","","","declared item with no `subclass of` (P279) and no `instance of` (P31) statement: the base says nothing about what it is","download the item (`wikidata fetch`) or add a P279 or P31 statement"
"data/life.wdkb","gap","no-parent","warning","suggested-fix","Q16887380","group","","","","declared item with no `subclass of` (P279) and no `instance of` (P31) statement: the base says nothing about what it is","download the item (`wikidata fetch`) or add a P279 or P31 statement"
"data/life.wdkb","gap","no-parent","warning","suggested-fix","Q136772242","type of living thing","","","","declared item with no `subclass of` (P279) and no `instance of` (P31) statement: the base says nothing about what it is","download the item (`wikidata fetch`) or add a P279 or P31 statement"
"data/life.wdkb","gap","no-parent","warning","suggested-fix","Q5127848","class","","","","declared item with no `subclass of` (P279) and no `instance of` (P31) statement: the base says nothing about what it is","download the item (`wikidata fetch`) or add a P279 or P31 statement"
"data/life.wdkb","gap","no-parent","warning","suggested-fix","Q1454986","physical system","","","","declared item with no `subclass of` (P279) and no `instance of` (P31) statement: the base says nothing about what it is","download the item (`wikidata fetch`) or add a P279 or P31 statement"
"data/life.wdkb","gap","no-parent","warning","suggested-fix","Q6671777","structure","","","","declared item with no `subclass of` (P279) and no `instance of` (P31) statement: the base says nothing about what it is","download the item (`wikidata fetch`) or add a P279 or P31 statement"
"data/life.wdkb","gap","no-parent","warning","suggested-fix","Q16686022","natural physical object","","","","declared item with no `subclass of` (P279) and no `instance of` (P31) statement: the base says nothing about what it is","download the item (`wikidata fetch`) or add a P279 or P31 statement"
"data/life.wdkb","gap","no-parent","warning","suggested-fix","Q35120","entity","","","","declared item with no `subclass of` (P279) and no `instance of` (P31) statement: the base says nothing about what it is","download the item (`wikidata fetch`) or add a P279 or P31 statement"
"data/life.wdkb","gap","no-parent","warning","suggested-fix","Q115490628","fundamental Wikidata entity","","","","declared item with no `subclass of` (P279) and no `instance of` (P31) statement: the base says nothing about what it is","download the item (`wikidata fetch`) or add a P279 or P31 statement"
"data/life.wdkb","gap","no-parent","warning","suggested-fix","Q169336","mixture","","","","declared item with no `subclass of` (P279) and no `instance of` (P31) statement: the base says nothing about what it is","download the item (`wikidata fetch`) or add a P279 or P31 statement"
"data/life.wdkb","gap","no-parent","warning","suggested-fix","Q214609","material","","","","declared item with no `subclass of` (P279) and no `instance of` (P31) statement: the base says nothing about what it is","download the item (`wikidata fetch`) or add a P279 or P31 statement"
"data/life.wdkb","gap","no-parent","warning","suggested-fix","Q17339814","group or class of chemical substances","","","","declared item with no `subclass of` (P279) and no `instance of` (P31) statement: the base says nothing about what it is","download the item (`wikidata fetch`) or add a P279 or P31 statement"
"data/life.wdkb","gap","no-parent","warning","suggested-fix","Q2901852","carbon compound","","","","declared item with no `subclass of` (P279) and no `instance of` (P31) statement: the base says nothing about what it is","download the item (`wikidata fetch`) or add a P279 or P31 statement"
"data/life.wdkb","gap","no-parent","warning","suggested-fix","Q2393187","molecular entity","","","","declared item with no `subclass of` (P279) and no `instance of` (P31) statement: the base says nothing about what it is","download the item (`wikidata fetch`) or add a P279 or P31 statement"
"data/life.wdkb","gap","no-parent","warning","suggested-fix","Q355679","carboxamides","","","","declared item with no `subclass of` (P279) and no `instance of` (P31) statement: the base says nothing about what it is","download the item (`wikidata fetch`) or add a P279 or P31 statement"
"data/life.wdkb","gap","no-parent","warning","suggested-fix","Q11173","chemical compound","","","","declared item with no `subclass of` (P279) and no `instance of` (P31) statement: the base says nothing about what it is","download the item (`wikidata fetch`) or add a P279 or P31 statement"
"data/life.wdkb","gap","no-parent","warning","suggested-fix","Q12775893","scheme","","","","declared item with no `subclass of` (P279) and no `instance of` (P31) statement: the base says nothing about what it is","download the item (`wikidata fetch`) or add a P279 or P31 statement"
"data/life.wdkb","gap","no-parent","warning","suggested-fix","Q19868531","formal ontology concept","","","","declared item with no `subclass of` (P279) and no `instance of` (P31) statement: the base says nothing about what it is","download the item (`wikidata fetch`) or add a P279 or P31 statement"
"data/life.wdkb","gap","no-parent","warning","suggested-fix","Q24027474","fourth-order class","","","","declared item with no `subclass of` (P279) and no `instance of` (P31) statement: the base says nothing about what it is","download the item (`wikidata fetch`) or add a P279 or P31 statement"
"data/mathematics.wdkb","gap","no-parent","warning","suggested-fix","Q9081","knowledge","","","","declared item with no `subclass of` (P279) and no `instance of` (P31) statement: the base says nothing about what it is","download the item (`wikidata fetch`) or add a P279 or P31 statement"
"data/mathematics.wdkb","gap","no-parent","warning","suggested-fix","Q221173","outline of academic disciplines","","","","declared item with no `subclass of` (P279) and no `instance of` (P31) statement: the base says nothing about what it is","download the item (`wikidata fetch`) or add a P279 or P31 statement"
"data/mathematics.wdkb","gap","no-parent","warning","suggested-fix","Q9471","epistemology","","","","declared item with no `subclass of` (P279) and no `instance of` (P31) statement: the base says nothing about what it is","download the item (`wikidata fetch`) or add a P279 or P31 statement"
"data/mathematics.wdkb","gap","no-parent","warning","suggested-fix","Q42240","research","","","","declared item with no `subclass of` (P279) and no `instance of` (P31) statement: the base says nothing about what it is","download the item (`wikidata fetch`) or add a P279 or P31 statement"
"data/mathematics.wdkb","gap","no-parent","warning","suggested-fix","Q105606485","intellectual activity","","","","declared item with no `subclass of` (P279) and no `instance of` (P31) statement: the base says nothing about what it is","download the item (`wikidata fetch`) or add a P279 or P31 statement"
"data/mathematics.wdkb","gap","no-parent","warning","suggested-fix","Q8027727","Wissenschaft","","","","declared item with no `subclass of` (P279) and no `instance of` (P31) statement: the base says nothing about what it is","download the item (`wikidata fetch`) or add a P279 or P31 statement"
"data/mathematics.wdkb","gap","no-parent","warning","suggested-fix","Q2145290","mental representation","","","","declared item with no `subclass of` (P279) and no `instance of` (P31) statement: the base says nothing about what it is","download the item (`wikidata fetch`) or add a P279 or P31 statement"
"data/mathematics.wdkb","gap","no-parent","warning","suggested-fix","Q1969448","term","","","","declared item with no `subclass of` (P279) and no `instance of` (P31) statement: the base says nothing about what it is","download the item (`wikidata fetch`) or add a P279 or P31 statement"
"data/mathematics.wdkb","gap","no-parent","warning","suggested-fix","Q137426749","type of term","","","","declared item with no `subclass of` (P279) and no `instance of` (P31) statement: the base says nothing about what it is","download the item (`wikidata fetch`) or add a P279 or P31 statement"
"data/mathematics.wdkb","gap","no-parent","warning","suggested-fix","Q1980247","chapter","","","","declared item with no `subclass of` (P279) and no `instance of` (P31) statement: the base says nothing about what it is","download the item (`wikidata fetch`) or add a P279 or P31 statement"
"data/mathematics.wdkb","gap","no-parent","warning","suggested-fix","Q55915575","scholarly work","","","","declared item with no `subclass of` (P279) and no `instance of` (P31) statement: the base says nothing about what it is","download the item (`wikidata fetch`) or add a P279 or P31 statement"
"data/mathematics.wdkb","gap","no-parent","warning","suggested-fix","Q12042160","scientific non-fiction literature","","","","declared item with no `subclass of` (P279) and no `instance of` (P31) statement: the base says nothing about what it is","download the item (`wikidata fetch`) or add a P279 or P31 statement"
"data/mathematics.wdkb","gap","no-parent","warning","suggested-fix","Q591041","scientific publication","","","","declared item with no `subclass of` (P279) and no `instance of` (P31) statement: the base says nothing about what it is","download the item (`wikidata fetch`) or add a P279 or P31 statement"
"data/mathematics.wdkb","gap","no-parent","warning","suggested-fix","Q36161","set","","","","declared item with no `subclass of` (P279) and no `instance of` (P31) statement: the base says nothing about what it is","download the item (`wikidata fetch`) or add a P279 or P31 statement"
"data/mathematics.wdkb","gap","no-parent","warning","suggested-fix","Q107223533","relation (mathematics)","","","","declared item with no `subclass of` (P279) and no `instance of` (P31) statement: the base says nothing about what it is","download the item (`wikidata fetch`) or add a P279 or P31 statement"
"data/mathematics.wdkb","gap","no-parent","warning","suggested-fix","Q96253971","type of property","","","","declared item with no `subclass of` (P279) and no `instance of` (P31) statement: the base says nothing about what it is","download the item (`wikidata fetch`) or add a P279 or P31 statement"
"data/mathematics.wdkb","gap","no-parent","warning","suggested-fix","Q7048977","abstract entity","","","","declared item with no `subclass of` (P279) and no `instance of` (P31) statement: the base says nothing about what it is","download the item (`wikidata fetch`) or add a P279 or P31 statement"
"data/mathematics.wdkb","gap","no-parent","warning","suggested-fix","Q1272626","representation","","","","declared item with no `subclass of` (P279) and no `instance of` (P31) statement: the base says nothing about what it is","download the item (`wikidata fetch`) or add a P279 or P31 statement"
"data/mathematics.wdkb","gap","no-parent","warning","suggested-fix","Q7551287","social object","","","","declared item with no `subclass of` (P279) and no `instance of` (P31) statement: the base says nothing about what it is","download the item (`wikidata fetch`) or add a P279 or P31 statement"
"data/mathematics.wdkb","gap","no-parent","warning","suggested-fix","Q1321926","constructible number","","","","declared item with no `subclass of` (P279) and no `instance of` (P31) statement: the base says nothing about what it is","download the item (`wikidata fetch`) or add a P279 or P31 statement"
"data/mathematics.wdkb","gap","no-parent","warning","suggested-fix","Q12916","real number","","","","declared item with no `subclass of` (P279) and no `instance of` (P31) statement: the base says nothing about what it is","download the item (`wikidata fetch`) or add a P279 or P31 statement"
"data/mathematics.wdkb","gap","no-parent","warning","suggested-fix","Q646245","algebraic integer","","","","declared item with no `subclass of` (P279) and no `instance of` (P31) statement: the base says nothing about what it is","download the item (`wikidata fetch`) or add a P279 or P31 statement"
"data/mathematics.wdkb","gap","no-parent","warning","suggested-fix","Q68023621","element of a field","","","","declared item with no `subclass of` (P279) and no `instance of` (P31) statement: the base says nothing about what it is","download the item (`wikidata fetch`) or add a P279 or P31 statement"
"data/mathematics.wdkb","gap","no-parent","warning","suggested-fix","Q11567","complex number","","","","declared item with no `subclass of` (P279) and no `instance of` (P31) statement: the base says nothing about what it is","download the item (`wikidata fetch`) or add a P279 or P31 statement"
"data/mathematics.wdkb","gap","no-parent","warning","suggested-fix","Q11563","number","","","","declared item with no `subclass of` (P279) and no `instance of` (P31) statement: the base says nothing about what it is","download the item (`wikidata fetch`) or add a P279 or P31 statement"
"data/mathematics.wdkb","gap","no-parent","warning","suggested-fix","Q379825","element","","","","declared item with no `subclass of` (P279) and no `instance of` (P31) statement: the base says nothing about what it is","download the item (`wikidata fetch`) or add a P279 or P31 statement"
"data/mathematics.wdkb","gap","no-parent","warning","suggested-fix","Q35120","entity","","","","declared item with no `subclass of` (P279) and no `instance of` (P31) statement: the base says nothing about what it is","download the item (`wikidata fetch`) or add a P279 or P31 statement"
"data/mathematics.wdkb","gap","no-parent","warning","suggested-fix","Q488383","object","","","","declared item with no `subclass of` (P279) and no `instance of` (P31) statement: the base says nothing about what it is","download the item (`wikidata fetch`) or add a P279 or P31 statement"
"data/mathematics.wdkb","gap","no-parent","warning","suggested-fix","Q96251598","type of object","","","","declared item with no `subclass of` (P279) and no `instance of` (P31) statement: the base says nothing about what it is","download the item (`wikidata fetch`) or add a P279 or P31 statement"
"data/mathematics.wdkb","gap","no-parent","warning","suggested-fix","Q106411346","characterization","","","","declared item with no `subclass of` (P279) and no `instance of` (P31) statement: the base says nothing about what it is","download the item (`wikidata fetch`) or add a P279 or P31 statement"
"data/mathematics.wdkb","gap","no-parent","warning","suggested-fix","Q105948247","knowledge system","","","","declared item with no `subclass of` (P279) and no `instance of` (P31) statement: the base says nothing about what it is","download the item (`wikidata fetch`) or add a P279 or P31 statement"
"data/mathematics.wdkb","gap","no-parent","warning","suggested-fix","Q110403031","knowledge type","","","","declared item with no `subclass of` (P279) and no `instance of` (P31) statement: the base says nothing about what it is","download the item (`wikidata fetch`) or add a P279 or P31 statement"
"data/mathematics.wdkb","gap","no-parent","warning","suggested-fix","Q26256810","topic","","","","declared item with no `subclass of` (P279) and no `instance of` (P31) statement: the base says nothing about what it is","download the item (`wikidata fetch`) or add a P279 or P31 statement"
"data/mathematics.wdkb","gap","no-parent","warning","suggested-fix","Q21040055","aspect","","","","declared item with no `subclass of` (P279) and no `instance of` (P31) statement: the base says nothing about what it is","download the item (`wikidata fetch`) or add a P279 or P31 statement"
"data/mathematics.wdkb","gap","no-parent","warning","suggested-fix","Q121344523","type of classification","","","","declared item with no `subclass of` (P279) and no `instance of` (P31) statement: the base says nothing about what it is","download the item (`wikidata fetch`) or add a P279 or P31 statement"
"data/mathematics.wdkb","gap","no-parent","warning","suggested-fix","Q24027474","fourth-order class","","","","declared item with no `subclass of` (P279) and no `instance of` (P31) statement: the base says nothing about what it is","download the item (`wikidata fetch`) or add a P279 or P31 statement"
"data/mathematics.wdkb","gap","no-parent","warning","suggested-fix","Q1979154","model","","","","declared item with no `subclass of` (P279) and no `instance of` (P31) statement: the base says nothing about what it is","download the item (`wikidata fetch`) or add a P279 or P31 statement"
"data/mathematics.wdkb","gap","no-parent","warning","suggested-fix","Q5127848","class","","","","declared item with no `subclass of` (P279) and no `instance of` (P31) statement: the base says nothing about what it is","download the item (`wikidata fetch`) or add a P279 or P31 statement"
"data/mathematics.wdkb","gap","no-parent","warning","suggested-fix","Q115490628","fundamental Wikidata entity","","","","declared item with no `subclass of` (P279) and no `instance of` (P31) statement: the base says nothing about what it is","download the item (`wikidata fetch`) or add a P279 or P31 statement"
"data/mathematics.wdkb","gap","no-parent","warning","suggested-fix","Q19868531","formal ontology concept","","","","declared item with no `subclass of` (P279) and no `instance of` (P31) statement: the base says nothing about what it is","download the item (`wikidata fetch`) or add a P279 or P31 statement"
"data/related.wdkb","gap","no-parent","warning","suggested-fix","Q5446431","fibered category","","","","declared item with no `subclass of` (P279) and no `instance of` (P31) statement: the base says nothing about what it is","download the item (`wikidata fetch`) or add a P279 or P31 statement"
"data/related.wdkb","gap","no-parent","warning","suggested-fix","Q13512116","nonassociative ring","","","","declared item with no `subclass of` (P279) and no `instance of` (P31) statement: the base says nothing about what it is","download the item (`wikidata fetch`) or add a P279 or P31 statement"
"data/related.wdkb","gap","no-parent","warning","suggested-fix","Q1333055","semiring","","","","declared item with no `subclass of` (P279) and no `instance of` (P31) statement: the base says nothing about what it is","download the item (`wikidata fetch`) or add a P279 or P31 statement"
"data/related.wdkb","gap","no-parent","warning","suggested-fix","Q17102802","rng","","","","declared item with no `subclass of` (P279) and no `instance of` (P31) statement: the base says nothing about what it is","download the item (`wikidata fetch`) or add a P279 or P31 statement"
"data/related.wdkb","gap","no-parent","warning","suggested-fix","Q66707394","countable set","","","","declared item with no `subclass of` (P279) and no `instance of` (P31) statement: the base says nothing about what it is","download the item (`wikidata fetch`) or add a P279 or P31 statement"
"data/related.wdkb","gap","no-parent","warning","suggested-fix","Q726212","bounded set","","","","declared item with no `subclass of` (P279) and no `instance of` (P31) statement: the base says nothing about what it is","download the item (`wikidata fetch`) or add a P279 or P31 statement"
"data/related.wdkb","gap","no-parent","warning","suggested-fix","Q138665581","type of set","","","","declared item with no `subclass of` (P279) and no `instance of` (P31) statement: the base says nothing about what it is","download the item (`wikidata fetch`) or add a P279 or P31 statement"
"data/related.wdkb","gap","no-parent","warning","suggested-fix","Q1143969","principal ideal domain","","","","declared item with no `subclass of` (P279) and no `instance of` (P31) statement: the base says nothing about what it is","download the item (`wikidata fetch`) or add a P279 or P31 statement"
"data/related.wdkb","gap","no-parent","warning","suggested-fix","Q386597","prime ring","","","","declared item with no `subclass of` (P279) and no `instance of` (P31) statement: the base says nothing about what it is","download the item (`wikidata fetch`) or add a P279 or P31 statement"
"data/related.wdkb","gap","no-parent","warning","suggested-fix","Q205464","algebraic structure","","","","declared item with no `subclass of` (P279) and no `instance of` (P31) statement: the base says nothing about what it is","download the item (`wikidata fetch`) or add a P279 or P31 statement"
"data/related.wdkb","gap","no-parent","warning","suggested-fix","Q7049224","noncommutative ring","","","","declared item with no `subclass of` (P279) and no `instance of` (P31) statement: the base says nothing about what it is","download the item (`wikidata fetch`) or add a P279 or P31 statement"
"data/related.wdkb","gap","no-parent","warning","suggested-fix","Q3269789","unital ring","","","","declared item with no `subclass of` (P279) and no `instance of` (P31) statement: the base says nothing about what it is","download the item (`wikidata fetch`) or add a P279 or P31 statement"
"data/related.wdkb","gap","no-parent","warning","suggested-fix","Q582271","noetherian ring","","","","declared item with no `subclass of` (P279) and no `instance of` (P31) statement: the base says nothing about what it is","download the item (`wikidata fetch`) or add a P279 or P31 statement"
"data/related.wdkb","gap","no-parent","warning","suggested-fix","Q2919100","Artinian module","","","","declared item with no `subclass of` (P279) and no `instance of` (P31) statement: the base says nothing about what it is","download the item (`wikidata fetch`) or add a P279 or P31 statement"
"data/related.wdkb","gap","no-parent","warning","suggested-fix","Q1292333","free module","","","","declared item with no `subclass of` (P279) and no `instance of` (P31) statement: the base says nothing about what it is","download the item (`wikidata fetch`) or add a P279 or P31 statement"
"data/related.wdkb","gap","no-parent","warning","suggested-fix","Q1000660","algebra over a field","","","","declared item with no `subclass of` (P279) and no `instance of` (P31) statement: the base says nothing about what it is","download the item (`wikidata fetch`) or add a P279 or P31 statement"
"data/related.wdkb","gap","no-parent","warning","suggested-fix","Q1777803","coalgebra","","","","declared item with no `subclass of` (P279) and no `instance of` (P31) statement: the base says nothing about what it is","download the item (`wikidata fetch`) or add a P279 or P31 statement"
"data/related.wdkb","gap","no-parent","warning","suggested-fix","Q3413373","quasi-bialgebra","","","","declared item with no `subclass of` (P279) and no `instance of` (P31) statement: the base says nothing about what it is","download the item (`wikidata fetch`) or add a P279 or P31 statement"
"data/related.wdkb","gap","no-parent","warning","suggested-fix","Q28458059","graded-commutative ring","","","","declared item with no `subclass of` (P279) and no `instance of` (P31) statement: the base says nothing about what it is","download the item (`wikidata fetch`) or add a P279 or P31 statement"
"data/related.wdkb","gap","no-parent","warning","suggested-fix","Q7226641","polynomial identity ring","","","","declared item with no `subclass of` (P279) and no `instance of` (P31) statement: the base says nothing about what it is","download the item (`wikidata fetch`) or add a P279 or P31 statement"
"data/related.wdkb","gap","no-parent","warning","suggested-fix","Q7595790","stably finite ring","","","","declared item with no `subclass of` (P279) and no `instance of` (P31) statement: the base says nothing about what it is","download the item (`wikidata fetch`) or add a P279 or P31 statement"
"data/related.wdkb","gap","no-parent","warning","suggested-fix","Q78081419","multivariate function","","","","declared item with no `subclass of` (P279) and no `instance of` (P31) statement: the base says nothing about what it is","download the item (`wikidata fetch`) or add a P279 or P31 statement"
"data/related.wdkb","gap","no-parent","warning","suggested-fix","Q97302511","partial operation","","","","declared item with no `subclass of` (P279) and no `instance of` (P31) statement: the base says nothing about what it is","download the item (`wikidata fetch`) or add a P279 or P31 statement"
"data/related.wdkb","gap","no-parent","warning","suggested-fix","Q488383","object","","","","declared item with no `subclass of` (P279) and no `instance of` (P31) statement: the base says nothing about what it is","download the item (`wikidata fetch`) or add a P279 or P31 statement"
"data/related.wdkb","gap","no-parent","warning","suggested-fix","Q96251598","type of object","","","","declared item with no `subclass of` (P279) and no `instance of` (P31) statement: the base says nothing about what it is","download the item (`wikidata fetch`) or add a P279 or P31 statement"
"data/related.wdkb","gap","no-parent","warning","suggested-fix","Q106411346","characterization","","","","declared item with no `subclass of` (P279) and no `instance of` (P31) statement: the base says nothing about what it is","download the item (`wikidata fetch`) or add a P279 or P31 statement"
"data/related.wdkb","gap","no-parent","warning","suggested-fix","Q4833865","abstract structure","","","","declared item with no `subclass of` (P279) and no `instance of` (P31) statement: the base says nothing about what it is","download the item (`wikidata fetch`) or add a P279 or P31 statement"
"data/related.wdkb","gap","no-parent","warning","suggested-fix","Q111972893","type of structure","","","","declared item with no `subclass of` (P279) and no `instance of` (P31) statement: the base says nothing about what it is","download the item (`wikidata fetch`) or add a P279 or P31 statement"
"data/related.wdkb","gap","no-parent","warning","suggested-fix","Q7269539","quasitransitive relation","","","","declared item with no `subclass of` (P279) and no `instance of` (P31) statement: the base says nothing about what it is","download the item (`wikidata fetch`) or add a P279 or P31 statement"
"data/related.wdkb","gap","no-parent","warning","suggested-fix","Q24017414","second-order class","","","","declared item with no `subclass of` (P279) and no `instance of` (P31) statement: the base says nothing about what it is","download the item (`wikidata fetch`) or add a P279 or P31 statement"
"data/related.wdkb","gap","no-parent","warning","suggested-fix","Q54933429","left-unique relation","","","","declared item with no `subclass of` (P279) and no `instance of` (P31) statement: the base says nothing about what it is","download the item (`wikidata fetch`) or add a P279 or P31 statement"
"data/related.wdkb","gap","no-parent","warning","suggested-fix","Q19833078","surjective relation","","","","declared item with no `subclass of` (P279) and no `instance of` (P31) statement: the base says nothing about what it is","download the item (`wikidata fetch`) or add a P279 or P31 statement"
"data/related.wdkb","gap","no-parent","warning","suggested-fix","Q130901","binary relation","","","","declared item with no `subclass of` (P279) and no `instance of` (P31) statement: the base says nothing about what it is","download the item (`wikidata fetch`) or add a P279 or P31 statement"
"data/related.wdkb","gap","no-parent","warning","suggested-fix","Q1756942","partial function","","","","declared item with no `subclass of` (P279) and no `instance of` (P31) statement: the base says nothing about what it is","download the item (`wikidata fetch`) or add a P279 or P31 statement"
"data/related.wdkb","gap","no-parent","warning","suggested-fix","Q1211071","equivalence class","","","","declared item with no `subclass of` (P279) and no `instance of` (P31) statement: the base says nothing about what it is","download the item (`wikidata fetch`) or add a P279 or P31 statement"
"data/related.wdkb","gap","no-parent","warning","suggested-fix","Q140156619","continuous functor","","","","declared item with no `subclass of` (P279) and no `instance of` (P31) statement: the base says nothing about what it is","download the item (`wikidata fetch`) or add a P279 or P31 statement"
"data/related.wdkb","gap","no-parent","warning","suggested-fix","Q3924032","mathematical property","","","","declared item with no `subclass of` (P279) and no `instance of` (P31) statement: the base says nothing about what it is","download the item (`wikidata fetch`) or add a P279 or P31 statement"
"data/related.wdkb","gap","no-parent","warning","suggested-fix","Q141066057","functor that reflects limits","","","","declared item with no `subclass of` (P279) and no `instance of` (P31) statement: the base says nothing about what it is","download the item (`wikidata fetch`) or add a P279 or P31 statement"
"data/related.wdkb","gap","no-parent","warning","suggested-fix","Q141066060","functor that lifts limits","","","","declared item with no `subclass of` (P279) and no `instance of` (P31) statement: the base says nothing about what it is","download the item (`wikidata fetch`) or add a P279 or P31 statement"
"data/related.wdkb","gap","no-parent","warning","suggested-fix","Q54938846","endorelation","","","","declared item with no `subclass of` (P279) and no `instance of` (P31) statement: the base says nothing about what it is","download the item (`wikidata fetch`) or add a P279 or P31 statement"
"data/related.wdkb","gap","no-parent","warning","suggested-fix","Q21146257","type","","","","declared item with no `subclass of` (P279) and no `instance of` (P31) statement: the base says nothing about what it is","download the item (`wikidata fetch`) or add a P279 or P31 statement"
"data/related.wdkb","gap","no-parent","warning","suggested-fix","Q96253971","type of property","","","","declared item with no `subclass of` (P279) and no `instance of` (P31) statement: the base says nothing about what it is","download the item (`wikidata fetch`) or add a P279 or P31 statement"
"data/related.wdkb","gap","no-parent","warning","suggested-fix","Q18199114","algebraic construction","","","","declared item with no `subclass of` (P279) and no `instance of` (P31) statement: the base says nothing about what it is","download the item (`wikidata fetch`) or add a P279 or P31 statement"
"data/related.wdkb","gap","no-parent","warning","suggested-fix","Q151885","concept","","","","declared item with no `subclass of` (P279) and no `instance of` (P31) statement: the base says nothing about what it is","download the item (`wikidata fetch`) or add a P279 or P31 statement"
"data/related.wdkb","gap","no-parent","warning","suggested-fix","Q23958852","variable-order class","","","","declared item with no `subclass of` (P279) and no `instance of` (P31) statement: the base says nothing about what it is","download the item (`wikidata fetch`) or add a P279 or P31 statement"
"data/related.wdkb","gap","no-parent","warning","suggested-fix","Q137429456","type of concept","","","","declared item with no `subclass of` (P279) and no `instance of` (P31) statement: the base says nothing about what it is","download the item (`wikidata fetch`) or add a P279 or P31 statement"
"data/related.wdkb","gap","no-parent","warning","suggested-fix","Q131841","idea","","","","declared item with no `subclass of` (P279) and no `instance of` (P31) statement: the base says nothing about what it is","download the item (`wikidata fetch`) or add a P279 or P31 statement"
"data/related.wdkb","gap","no-parent","warning","suggested-fix","Q33104279","philosophical concept","","","","declared item with no `subclass of` (P279) and no `instance of` (P31) statement: the base says nothing about what it is","download the item (`wikidata fetch`) or add a P279 or P31 statement"
"data/related.wdkb","gap","no-parent","warning","suggested-fix","Q21481766","scholarly chapter","","","","declared item with no `subclass of` (P279) and no `instance of` (P31) statement: the base says nothing about what it is","download the item (`wikidata fetch`) or add a P279 or P31 statement"
"data/related.wdkb","gap","no-parent","warning","suggested-fix","Q5358816","element","","","","declared item with no `subclass of` (P279) and no `instance of` (P31) statement: the base says nothing about what it is","download the item (`wikidata fetch`) or add a P279 or P31 statement"
"data/related.wdkb","gap","no-parent","warning","suggested-fix","Q4897819","role","","","","declared item with no `subclass of` (P279) and no `instance of` (P31) statement: the base says nothing about what it is","download the item (`wikidata fetch`) or add a P279 or P31 statement"
"data/related.wdkb","gap","no-parent","warning","suggested-fix","Q12812139","specialized term","","","","declared item with no `subclass of` (P279) and no `instance of` (P31) statement: the base says nothing about what it is","download the item (`wikidata fetch`) or add a P279 or P31 statement"
"data/related.wdkb","gap","no-parent","warning","suggested-fix","Q19478619","metaclass","","","","declared item with no `subclass of` (P279) and no `instance of` (P31) statement: the base says nothing about what it is","download the item (`wikidata fetch`) or add a P279 or P31 statement"
"data/related2.wdkb","gap","no-parent","warning","suggested-fix","Q1780005","comma category","","","","declared item with no `subclass of` (P279) and no `instance of` (P31) statement: the base says nothing about what it is","download the item (`wikidata fetch`) or add a P279 or P31 statement"
"data/related2.wdkb","gap","no-parent","warning","suggested-fix","Q5358816","element","","","","declared item with no `subclass of` (P279) and no `instance of` (P31) statement: the base says nothing about what it is","download the item (`wikidata fetch`) or add a P279 or P31 statement"
"data/related2.wdkb","gap","no-parent","warning","suggested-fix","Q4897819","role","","","","declared item with no `subclass of` (P279) and no `instance of` (P31) statement: the base says nothing about what it is","download the item (`wikidata fetch`) or add a P279 or P31 statement"
"data/related2.wdkb","gap","no-parent","warning","suggested-fix","Q12812139","specialized term","","","","declared item with no `subclass of` (P279) and no `instance of` (P31) statement: the base says nothing about what it is","download the item (`wikidata fetch`) or add a P279 or P31 statement"
"data/related2.wdkb","gap","no-parent","warning","suggested-fix","Q35120","entity","","","","declared item with no `subclass of` (P279) and no `instance of` (P31) statement: the base says nothing about what it is","download the item (`wikidata fetch`) or add a P279 or P31 statement"
"data/related2.wdkb","gap","no-parent","warning","suggested-fix","Q115471117","self-depicting entity","","","","declared item with no `subclass of` (P279) and no `instance of` (P31) statement: the base says nothing about what it is","download the item (`wikidata fetch`) or add a P279 or P31 statement"
"data/related2.wdkb","gap","no-parent","warning","suggested-fix","Q115491417","description","","","","declared item with no `subclass of` (P279) and no `instance of` (P31) statement: the base says nothing about what it is","download the item (`wikidata fetch`) or add a P279 or P31 statement"
"data/related2.wdkb","gap","no-parent","warning","suggested-fix","Q18199114","algebraic construction","","","","declared item with no `subclass of` (P279) and no `instance of` (P31) statement: the base says nothing about what it is","download the item (`wikidata fetch`) or add a P279 or P31 statement"
"data/related2.wdkb","gap","no-parent","warning","suggested-fix","Q1272626","representation","","","","declared item with no `subclass of` (P279) and no `instance of` (P31) statement: the base says nothing about what it is","download the item (`wikidata fetch`) or add a P279 or P31 statement"
"data/related2.wdkb","gap","no-parent","warning","suggested-fix","Q7551287","social object","","","","declared item with no `subclass of` (P279) and no `instance of` (P31) statement: the base says nothing about what it is","download the item (`wikidata fetch`) or add a P279 or P31 statement"
"data/related2.wdkb","gap","no-parent","warning","suggested-fix","Q2943034","braided monoidal category","","","","declared item with no `subclass of` (P279) and no `instance of` (P31) statement: the base says nothing about what it is","download the item (`wikidata fetch`) or add a P279 or P31 statement"
"data/related2.wdkb","gap","no-parent","warning","suggested-fix","Q7048977","abstract entity","","","","declared item with no `subclass of` (P279) and no `instance of` (P31) statement: the base says nothing about what it is","download the item (`wikidata fetch`) or add a P279 or P31 statement"
"data/related2.wdkb","gap","no-parent","warning","suggested-fix","Q21146257","type","","","","declared item with no `subclass of` (P279) and no `instance of` (P31) statement: the base says nothing about what it is","download the item (`wikidata fetch`) or add a P279 or P31 statement"
"data/related2.wdkb","gap","no-parent","warning","suggested-fix","Q1047113","field of study","","","","declared item with no `subclass of` (P279) and no `instance of` (P31) statement: the base says nothing about what it is","download the item (`wikidata fetch`) or add a P279 or P31 statement"
"data/related2.wdkb","gap","no-parent","warning","suggested-fix","Q110402867","knowledge classification","","","","declared item with no `subclass of` (P279) and no `instance of` (P31) statement: the base says nothing about what it is","download the item (`wikidata fetch`) or add a P279 or P31 statement"
"data/related2.wdkb","gap","no-parent","warning","suggested-fix","Q23959932","fixed-order class","","","","declared item with no `subclass of` (P279) and no `instance of` (P31) statement: the base says nothing about what it is","download the item (`wikidata fetch`) or add a P279 or P31 statement"
"data/related2.wdkb","gap","no-parent","warning","suggested-fix","Q24017465","third-order class","","","","declared item with no `subclass of` (P279) and no `instance of` (P31) statement: the base says nothing about what it is","download the item (`wikidata fetch`) or add a P279 or P31 statement"
"data/related2.wdkb","gap","no-parent","warning","suggested-fix","Q12775893","scheme","","","","declared item with no `subclass of` (P279) and no `instance of` (P31) statement: the base says nothing about what it is","download the item (`wikidata fetch`) or add a P279 or P31 statement"
"data/related2.wdkb","gap","no-parent","warning","suggested-fix","Q16889133","class","","","","declared item with no `subclass of` (P279) and no `instance of` (P31) statement: the base says nothing about what it is","download the item (`wikidata fetch`) or add a P279 or P31 statement"
"data/related2.wdkb","gap","no-parent","warning","suggested-fix","Q19478619","metaclass","","","","declared item with no `subclass of` (P279) and no `instance of` (P31) statement: the base says nothing about what it is","download the item (`wikidata fetch`) or add a P279 or P31 statement"
"data/science.wdkb","gap","no-parent","warning","suggested-fix","Q72638","consumer","","","","declared item with no `subclass of` (P279) and no `instance of` (P31) statement: the base says nothing about what it is","download the item (`wikidata fetch`) or add a P279 or P31 statement"
"data/science.wdkb","gap","no-parent","warning","suggested-fix","Q729","animal","","","","declared item with no `subclass of` (P279) and no `instance of` (P31) statement: the base says nothing about what it is","download the item (`wikidata fetch`) or add a P279 or P31 statement"
"data/science.wdkb","gap","no-parent","warning","suggested-fix","Q106559804","person or organization","","","","declared item with no `subclass of` (P279) and no `instance of` (P31) statement: the base says nothing about what it is","download the item (`wikidata fetch`) or add a P279 or P31 statement"
"data/science.wdkb","gap","no-parent","warning","suggested-fix","Q2135465","legal term or legal concept","","","","declared item with no `subclass of` (P279) and no `instance of` (P31) statement: the base says nothing about what it is","download the item (`wikidata fetch`) or add a P279 or P31 statement"
"data/science.wdkb","gap","no-parent","warning","suggested-fix","Q10541491","legal form","","","","declared item with no `subclass of` (P279) and no `instance of` (P31) statement: the base says nothing about what it is","download the item (`wikidata fetch`) or add a P279 or P31 statement"
"data/science.wdkb","gap","no-parent","warning","suggested-fix","Q134601860","class of person","","","","declared item with no `subclass of` (P279) and no `instance of` (P31) statement: the base says nothing about what it is","download the item (`wikidata fetch`) or add a P279 or P31 statement"
"data/science.wdkb","gap","no-parent","warning","suggested-fix","Q111360549","type of physical object","","","","declared item with no `subclass of` (P279) and no `instance of` (P31) statement: the base says nothing about what it is","download the item (`wikidata fetch`) or add a P279 or P31 statement"
"data/science.wdkb","gap","no-parent","warning","suggested-fix","Q15978631","Homo sapiens","","","","declared item with no `subclass of` (P279) and no `instance of` (P31) statement: the base says nothing about what it is","download the item (`wikidata fetch`) or add a P279 or P31 statement"
"data/science.wdkb","gap","no-parent","warning","suggested-fix","Q134264207","class of human","","","","declared item with no `subclass of` (P279) and no `instance of` (P31) statement: the base says nothing about what it is","download the item (`wikidata fetch`) or add a P279 or P31 statement"
"data/science.wdkb","gap","no-parent","warning","suggested-fix","Q21871294","group or class of living things","","","","declared item with no `subclass of` (P279) and no `instance of` (P31) statement: the base says nothing about what it is","download the item (`wikidata fetch`) or add a P279 or P31 statement"
"data/science.wdkb","gap","no-parent","warning","suggested-fix","Q1914017","knowledge worker","","","","declared item with no `subclass of` (P279) and no `instance of` (P31) statement: the base says nothing about what it is","download the item (`wikidata fetch`) or add a P279 or P31 statement"
"data/science.wdkb","gap","no-parent","warning","suggested-fix","Q3400985","academic","","","","declared item with no `subclass of` (P279) and no `instance of` (P31) statement: the base says nothing about what it is","download the item (`wikidata fetch`) or add a P279 or P31 statement"
"data/science.wdkb","gap","no-parent","warning","suggested-fix","Q795052","individual","","","","declared item with no `subclass of` (P279) and no `instance of` (P31) statement: the base says nothing about what it is","download the item (`wikidata fetch`) or add a P279 or P31 statement"
"data/science.wdkb","gap","no-parent","warning","suggested-fix","Q3778211","legal person","","","","declared item with no `subclass of` (P279) and no `instance of` (P31) statement: the base says nothing about what it is","download the item (`wikidata fetch`) or add a P279 or P31 statement"
"data/science.wdkb","gap","no-parent","warning","suggested-fix","Q24229398","being","","","","declared item with no `subclass of` (P279) and no `instance of` (P31) statement: the base says nothing about what it is","download the item (`wikidata fetch`) or add a P279 or P31 statement"
"data/science.wdkb","gap","no-parent","warning","suggested-fix","Q1807498","social position","","","","declared item with no `subclass of` (P279) and no `instance of` (P31) statement: the base says nothing about what it is","download the item (`wikidata fetch`) or add a P279 or P31 statement"
"data/science.wdkb","gap","no-parent","warning","suggested-fix","Q937228","property","","","","declared item with no `subclass of` (P279) and no `instance of` (P31) statement: the base says nothing about what it is","download the item (`wikidata fetch`) or add a P279 or P31 statement"
"data/science.wdkb","gap","no-parent","warning","suggested-fix","Q106411346","characterization","","","","declared item with no `subclass of` (P279) and no `instance of` (P31) statement: the base says nothing about what it is","download the item (`wikidata fetch`) or add a P279 or P31 statement"
"data/science.wdkb","gap","no-parent","warning","suggested-fix","Q19868531","formal ontology concept","","","","declared item with no `subclass of` (P279) and no `instance of` (P31) statement: the base says nothing about what it is","download the item (`wikidata fetch`) or add a P279 or P31 statement"
"data/science.wdkb","gap","no-parent","warning","suggested-fix","Q23959932","fixed-order class","","","","declared item with no `subclass of` (P279) and no `instance of` (P31) statement: the base says nothing about what it is","download the item (`wikidata fetch`) or add a P279 or P31 statement"
"data/science.wdkb","gap","no-parent","warning","suggested-fix","Q24017465","third-order class","","","","declared item with no `subclass of` (P279) and no `instance of` (P31) statement: the base says nothing about what it is","download the item (`wikidata fetch`) or add a P279 or P31 statement"
"data/science.wdkb","gap","no-parent","warning","suggested-fix","Q140458154","type of abstract object","","","","declared item with no `subclass of` (P279) and no `instance of` (P31) statement: the base says nothing about what it is","download the item (`wikidata fetch`) or add a P279 or P31 statement"
"data/science.wdkb","gap","no-parent","warning","suggested-fix","Q1207505","quality","","","","declared item with no `subclass of` (P279) and no `instance of` (P31) statement: the base says nothing about what it is","download the item (`wikidata fetch`) or add a P279 or P31 statement"
"data/science.wdkb","gap","no-parent","warning","suggested-fix","Q12558574","point of view","","","","declared item with no `subclass of` (P279) and no `instance of` (P31) statement: the base says nothing about what it is","download the item (`wikidata fetch`) or add a P279 or P31 statement"
"data/science.wdkb","gap","no-parent","warning","suggested-fix","Q4897819","role","","","","declared item with no `subclass of` (P279) and no `instance of` (P31) statement: the base says nothing about what it is","download the item (`wikidata fetch`) or add a P279 or P31 statement"
"data/science.wdkb","gap","no-parent","warning","suggested-fix","Q12775893","scheme","","","","declared item with no `subclass of` (P279) and no `instance of` (P31) statement: the base says nothing about what it is","download the item (`wikidata fetch`) or add a P279 or P31 statement"
"data/science.wdkb","gap","no-parent","warning","suggested-fix","Q58778","system","","","","declared item with no `subclass of` (P279) and no `instance of` (P31) statement: the base says nothing about what it is","download the item (`wikidata fetch`) or add a P279 or P31 statement"
"data/science.wdkb","gap","no-parent","warning","suggested-fix","Q16686448","artificial object","","","","declared item with no `subclass of` (P279) and no `instance of` (P31) statement: the base says nothing about what it is","download the item (`wikidata fetch`) or add a P279 or P31 statement"
"data/science.wdkb","gap","no-parent","warning","suggested-fix","Q7048977","abstract entity","","","","declared item with no `subclass of` (P279) and no `instance of` (P31) statement: the base says nothing about what it is","download the item (`wikidata fetch`) or add a P279 or P31 statement"
"data/science.wdkb","gap","no-parent","warning","suggested-fix","Q96251598","type of object","","","","declared item with no `subclass of` (P279) and no `instance of` (P31) statement: the base says nothing about what it is","download the item (`wikidata fetch`) or add a P279 or P31 statement"
"data/science.wdkb","gap","no-parent","warning","suggested-fix","Q23958852","variable-order class","","","","declared item with no `subclass of` (P279) and no `instance of` (P31) statement: the base says nothing about what it is","download the item (`wikidata fetch`) or add a P279 or P31 statement"
"data/science.wdkb","gap","no-parent","warning","suggested-fix","Q11028","information","","","","declared item with no `subclass of` (P279) and no `instance of` (P31) statement: the base says nothing about what it is","download the item (`wikidata fetch`) or add a P279 or P31 statement"
"data/science.wdkb","gap","no-parent","warning","suggested-fix","Q12488383","content","","","","declared item with no `subclass of` (P279) and no `instance of` (P31) statement: the base says nothing about what it is","download the item (`wikidata fetch`) or add a P279 or P31 statement"
"data/science.wdkb","gap","no-parent","warning","suggested-fix","Q151885","concept","","","","declared item with no `subclass of` (P279) and no `instance of` (P31) statement: the base says nothing about what it is","download the item (`wikidata fetch`) or add a P279 or P31 statement"
"data/science.wdkb","gap","no-parent","warning","suggested-fix","Q1969448","term","","","","declared item with no `subclass of` (P279) and no `instance of` (P31) statement: the base says nothing about what it is","download the item (`wikidata fetch`) or add a P279 or P31 statement"
"data/science.wdkb","gap","no-parent","warning","suggested-fix","Q137429456","type of concept","","","","declared item with no `subclass of` (P279) and no `instance of` (P31) statement: the base says nothing about what it is","download the item (`wikidata fetch`) or add a P279 or P31 statement"
"data/science.wdkb","gap","no-parent","warning","suggested-fix","Q13406463","Wikimedia list article","","","","declared item with no `subclass of` (P279) and no `instance of` (P31) statement: the base says nothing about what it is","download the item (`wikidata fetch`) or add a P279 or P31 statement"
"data/science.wdkb","gap","no-parent","warning","suggested-fix","Q1531349","outline","","","","declared item with no `subclass of` (P279) and no `instance of` (P31) statement: the base says nothing about what it is","download the item (`wikidata fetch`) or add a P279 or P31 statement"
"data/science.wdkb","gap","no-parent","warning","suggested-fix","Q15851373","crosslink page","","","","declared item with no `subclass of` (P279) and no `instance of` (P31) statement: the base says nothing about what it is","download the item (`wikidata fetch`) or add a P279 or P31 statement"
"data/science.wdkb","gap","no-parent","warning","suggested-fix","Q4671286","academic major","","","","declared item with no `subclass of` (P279) and no `instance of` (P31) statement: the base says nothing about what it is","download the item (`wikidata fetch`) or add a P279 or P31 statement"
"data/science.wdkb","gap","no-parent","warning","suggested-fix","Q2465832","branch of science","","","","declared item with no `subclass of` (P279) and no `instance of` (P31) statement: the base says nothing about what it is","download the item (`wikidata fetch`) or add a P279 or P31 statement"
"data/science.wdkb","gap","no-parent","warning","suggested-fix","Q627436","field of work","","","","declared item with no `subclass of` (P279) and no `instance of` (P31) statement: the base says nothing about what it is","download the item (`wikidata fetch`) or add a P279 or P31 statement"
"data/science.wdkb","gap","no-parent","warning","suggested-fix","Q483394","genre","","","","declared item with no `subclass of` (P279) and no `instance of` (P31) statement: the base says nothing about what it is","download the item (`wikidata fetch`) or add a P279 or P31 statement"
"data/science.wdkb","gap","no-parent","warning","suggested-fix","Q109542218","class of parts","","","","declared item with no `subclass of` (P279) and no `instance of` (P31) statement: the base says nothing about what it is","download the item (`wikidata fetch`) or add a P279 or P31 statement"
"data/science.wdkb","gap","no-parent","warning","suggested-fix","Q141000803","active interaction","","","","declared item with no `subclass of` (P279) and no `instance of` (P31) statement: the base says nothing about what it is","download the item (`wikidata fetch`) or add a P279 or P31 statement"
"data/science.wdkb","gap","no-parent","warning","suggested-fix","Q67518978","occurrent","","","","declared item with no `subclass of` (P279) and no `instance of` (P31) statement: the base says nothing about what it is","download the item (`wikidata fetch`) or add a P279 or P31 statement"
"data/science.wdkb","gap","no-parent","warning","suggested-fix","Q124711104","BFO class","","","","declared item with no `subclass of` (P279) and no `instance of` (P31) statement: the base says nothing about what it is","download the item (`wikidata fetch`) or add a P279 or P31 statement"
"data/science.wdkb","gap","no-parent","warning","suggested-fix","Q8187769","economic activity","","","","declared item with no `subclass of` (P279) and no `instance of` (P31) statement: the base says nothing about what it is","download the item (`wikidata fetch`) or add a P279 or P31 statement"
"data/science.wdkb","gap","no-parent","warning","suggested-fix","Q21146257","type","","","","declared item with no `subclass of` (P279) and no `instance of` (P31) statement: the base says nothing about what it is","download the item (`wikidata fetch`) or add a P279 or P31 statement"
"data/science.wdkb","gap","no-parent","warning","suggested-fix","Q16889133","class","","","","declared item with no `subclass of` (P279) and no `instance of` (P31) statement: the base says nothing about what it is","download the item (`wikidata fetch`) or add a P279 or P31 statement"
"data/science.wdkb","gap","no-parent","warning","suggested-fix","Q24902509","human activity","","","","declared item with no `subclass of` (P279) and no `instance of` (P31) statement: the base says nothing about what it is","download the item (`wikidata fetch`) or add a P279 or P31 statement"
"data/science.wdkb","gap","no-parent","warning","suggested-fix","Q125542526","type of activity","","","","declared item with no `subclass of` (P279) and no `instance of` (P31) statement: the base says nothing about what it is","download the item (`wikidata fetch`) or add a P279 or P31 statement"
"data/society.wdkb","gap","no-parent","warning","suggested-fix","Q53617489","independent continuant","","","","declared item with no `subclass of` (P279) and no `instance of` (P31) statement: the base says nothing about what it is","download the item (`wikidata fetch`) or add a P279 or P31 statement"
"data/society.wdkb","gap","no-parent","warning","suggested-fix","Q115471117","self-depicting entity","","","","declared item with no `subclass of` (P279) and no `instance of` (P31) statement: the base says nothing about what it is","download the item (`wikidata fetch`) or add a P279 or P31 statement"
"data/society.wdkb","gap","no-parent","warning","suggested-fix","Q123139280","abstract object","","","","declared item with no `subclass of` (P279) and no `instance of` (P31) statement: the base says nothing about what it is","download the item (`wikidata fetch`) or add a P279 or P31 statement"
"data/society.wdkb","gap","no-parent","warning","suggested-fix","Q3622126","conceptual system","","","","declared item with no `subclass of` (P279) and no `instance of` (P31) statement: the base says nothing about what it is","download the item (`wikidata fetch`) or add a P279 or P31 statement"
"data/society.wdkb","gap","no-parent","warning","suggested-fix","Q140458154","type of abstract object","","","","declared item with no `subclass of` (P279) and no `instance of` (P31) statement: the base says nothing about what it is","download the item (`wikidata fetch`) or add a P279 or P31 statement"
"data/society.wdkb","gap","no-parent","warning","suggested-fix","Q11028","information","","","","declared item with no `subclass of` (P279) and no `instance of` (P31) statement: the base says nothing about what it is","download the item (`wikidata fetch`) or add a P279 or P31 statement"
"data/society.wdkb","gap","no-parent","warning","suggested-fix","Q12488383","content","","","","declared item with no `subclass of` (P279) and no `instance of` (P31) statement: the base says nothing about what it is","download the item (`wikidata fetch`) or add a P279 or P31 statement"
"data/society.wdkb","gap","no-parent","warning","suggested-fix","Q1207505","quality","","","","declared item with no `subclass of` (P279) and no `instance of` (P31) statement: the base says nothing about what it is","download the item (`wikidata fetch`) or add a P279 or P31 statement"
"data/society.wdkb","gap","no-parent","warning","suggested-fix","Q12558574","point of view","","","","declared item with no `subclass of` (P279) and no `instance of` (P31) statement: the base says nothing about what it is","download the item (`wikidata fetch`) or add a P279 or P31 statement"
"data/society.wdkb","gap","no-parent","warning","suggested-fix","Q4897819","role","","","","declared item with no `subclass of` (P279) and no `instance of` (P31) statement: the base says nothing about what it is","download the item (`wikidata fetch`) or add a P279 or P31 statement"
"data/society.wdkb","gap","no-parent","warning","suggested-fix","Q5962346","classification scheme","","","","declared item with no `subclass of` (P279) and no `instance of` (P31) statement: the base says nothing about what it is","download the item (`wikidata fetch`) or add a P279 or P31 statement"
"data/society.wdkb","gap","no-parent","warning","suggested-fix","Q121344523","type of classification","","","","declared item with no `subclass of` (P279) and no `instance of` (P31) statement: the base says nothing about what it is","download the item (`wikidata fetch`) or add a P279 or P31 statement"
"data/society.wdkb","gap","no-parent","warning","suggested-fix","Q2169973","service provider","","","","declared item with no `subclass of` (P279) and no `instance of` (P31) statement: the base says nothing about what it is","download the item (`wikidata fetch`) or add a P279 or P31 statement"
"data/society.wdkb","gap","no-parent","warning","suggested-fix","Q132759797","pedagogic institution","","","","declared item with no `subclass of` (P279) and no `instance of` (P31) statement: the base says nothing about what it is","download the item (`wikidata fetch`) or add a P279 or P31 statement"
"data/society.wdkb","gap","no-parent","warning","suggested-fix","Q104086571","first-order class","","","","declared item with no `subclass of` (P279) and no `instance of` (P31) statement: the base says nothing about what it is","download the item (`wikidata fetch`) or add a P279 or P31 statement"
"data/society.wdkb","gap","no-parent","warning","suggested-fix","Q178706","institution","","","","declared item with no `subclass of` (P279) and no `instance of` (P31) statement: the base says nothing about what it is","download the item (`wikidata fetch`) or add a P279 or P31 statement"
"data/society.wdkb","gap","no-parent","warning","suggested-fix","Q136410232","research organization","","","","declared item with no `subclass of` (P279) and no `instance of` (P31) statement: the base says nothing about what it is","download the item (`wikidata fetch`) or add a P279 or P31 statement"
"data/society.wdkb","gap","no-parent","warning","suggested-fix","Q5341295","educational organization","","","","declared item with no `subclass of` (P279) and no `instance of` (P31) statement: the base says nothing about what it is","download the item (`wikidata fetch`) or add a P279 or P31 statement"
"data/society.wdkb","gap","no-parent","warning","suggested-fix","Q16887380","group","","","","declared item with no `subclass of` (P279) and no `instance of` (P31) statement: the base says nothing about what it is","download the item (`wikidata fetch`) or add a P279 or P31 statement"
"data/society.wdkb","gap","no-parent","warning","suggested-fix","Q29028649","economic concept","","","","declared item with no `subclass of` (P279) and no `instance of` (P31) statement: the base says nothing about what it is","download the item (`wikidata fetch`) or add a P279 or P31 statement"
"data/society.wdkb","gap","no-parent","warning","suggested-fix","Q48937186","word or phrase","","","","declared item with no `subclass of` (P279) and no `instance of` (P31) statement: the base says nothing about what it is","download the item (`wikidata fetch`) or add a P279 or P31 statement"
"data/society.wdkb","gap","no-parent","warning","suggested-fix","Q3695082","sign","","","","declared item with no `subclass of` (P279) and no `instance of` (P31) statement: the base says nothing about what it is","download the item (`wikidata fetch`) or add a P279 or P31 statement"
"data/society.wdkb","gap","no-parent","warning","suggested-fix","Q895526","governing body","","","","declared item with no `subclass of` (P279) and no `instance of` (P31) statement: the base says nothing about what it is","download the item (`wikidata fetch`) or add a P279 or P31 statement"
"data/society.wdkb","gap","no-parent","warning","suggested-fix","Q4164871","position","","","","declared item with no `subclass of` (P279) and no `instance of` (P31) statement: the base says nothing about what it is","download the item (`wikidata fetch`) or add a P279 or P31 statement"
"data/society.wdkb","gap","no-parent","warning","suggested-fix","Q714737","category of being","","","","declared item with no `subclass of` (P279) and no `instance of` (P31) statement: the base says nothing about what it is","download the item (`wikidata fetch`) or add a P279 or P31 statement"
"data/society.wdkb","gap","no-parent","warning","suggested-fix","Q115491417","description","","","","declared item with no `subclass of` (P279) and no `instance of` (P31) statement: the base says nothing about what it is","download the item (`wikidata fetch`) or add a P279 or P31 statement"
"data/society.wdkb","gap","no-parent","warning","suggested-fix","Q5127848","class","","","","declared item with no `subclass of` (P279) and no `instance of` (P31) statement: the base says nothing about what it is","download the item (`wikidata fetch`) or add a P279 or P31 statement"
"data/society.wdkb","gap","no-parent","warning","suggested-fix","Q115490628","fundamental Wikidata entity","","","","declared item with no `subclass of` (P279) and no `instance of` (P31) statement: the base says nothing about what it is","download the item (`wikidata fetch`) or add a P279 or P31 statement"
"data/society.wdkb","gap","no-parent","warning","suggested-fix","Q24027474","fourth-order class","","","","declared item with no `subclass of` (P279) and no `instance of` (P31) statement: the base says nothing about what it is","download the item (`wikidata fetch`) or add a P279 or P31 statement"
"data/structures.wdkb","gap","no-parent","warning","suggested-fix","Q6134913","Least fixed point","","","","declared item with no `subclass of` (P279) and no `instance of` (P31) statement: the base says nothing about what it is","download the item (`wikidata fetch`) or add a P279 or P31 statement"
"data/structures.wdkb","gap","no-parent","warning","suggested-fix","Q719395","category","","","","declared item with no `subclass of` (P279) and no `instance of` (P31) statement: the base says nothing about what it is","download the item (`wikidata fetch`) or add a P279 or P31 statement"
"data/structures.wdkb","gap","no-parent","warning","suggested-fix","Q18386809","partial algebra","","","","declared item with no `subclass of` (P279) and no `instance of` (P31) statement: the base says nothing about what it is","download the item (`wikidata fetch`) or add a P279 or P31 statement"
"data/structures.wdkb","gap","no-parent","warning","suggested-fix","Q18386814","partial groupoid","","","","declared item with no `subclass of` (P279) and no `instance of` (P31) statement: the base says nothing about what it is","download the item (`wikidata fetch`) or add a P279 or P31 statement"
"data/structures.wdkb","gap","no-parent","warning","suggested-fix","Q1729838","pseudo magma","","","","declared item with no `subclass of` (P279) and no `instance of` (P31) statement: the base says nothing about what it is","download the item (`wikidata fetch`) or add a P279 or P31 statement"
"data/structures.wdkb","gap","no-parent","warning","suggested-fix","Q1799072","method","","","","declared item with no `subclass of` (P279) and no `instance of` (P31) statement: the base says nothing about what it is","download the item (`wikidata fetch`) or add a P279 or P31 statement"
"data/structures.wdkb","gap","no-parent","warning","suggested-fix","Q12132640","scientific terminology","","","","declared item with no `subclass of` (P279) and no `instance of` (P31) statement: the base says nothing about what it is","download the item (`wikidata fetch`) or add a P279 or P31 statement"
"data/structures.wdkb","gap","no-parent","warning","suggested-fix","Q137428550","type of terminology","","","","declared item with no `subclass of` (P279) and no `instance of` (P31) statement: the base says nothing about what it is","download the item (`wikidata fetch`) or add a P279 or P31 statement"
"data/structures.wdkb","gap","no-parent","warning","suggested-fix","Q4833865","abstract structure","","","","declared item with no `subclass of` (P279) and no `instance of` (P31) statement: the base says nothing about what it is","download the item (`wikidata fetch`) or add a P279 or P31 statement"
"data/structures.wdkb","gap","no-parent","warning","suggested-fix","Q36808958","element of set","","","","declared item with no `subclass of` (P279) and no `instance of` (P31) statement: the base says nothing about what it is","download the item (`wikidata fetch`) or add a P279 or P31 statement"
"data/structures.wdkb","gap","no-parent","warning","suggested-fix","Q123241435","realizable entity","","","","declared item with no `subclass of` (P279) and no `instance of` (P31) statement: the base says nothing about what it is","download the item (`wikidata fetch`) or add a P279 or P31 statement"
"data/structures.wdkb","gap","no-parent","warning","suggested-fix","Q124711104","BFO class","","","","declared item with no `subclass of` (P279) and no `instance of` (P31) statement: the base says nothing about what it is","download the item (`wikidata fetch`) or add a P279 or P31 statement"
"data/structures.wdkb","gap","no-parent","warning","suggested-fix","Q3622126","conceptual system","","","","declared item with no `subclass of` (P279) and no `instance of` (P31) statement: the base says nothing about what it is","download the item (`wikidata fetch`) or add a P279 or P31 statement"
"data/structures.wdkb","gap","no-parent","warning","suggested-fix","Q96116695","type of system","","","","declared item with no `subclass of` (P279) and no `instance of` (P31) statement: the base says nothing about what it is","download the item (`wikidata fetch`) or add a P279 or P31 statement"
"data/structures.wdkb","gap","no-parent","warning","suggested-fix","Q140458154","type of abstract object","","","","declared item with no `subclass of` (P279) and no `instance of` (P31) statement: the base says nothing about what it is","download the item (`wikidata fetch`) or add a P279 or P31 statement"
"data/structures.wdkb","gap","no-parent","warning","suggested-fix","Q24017414","second-order class","","","","declared item with no `subclass of` (P279) and no `instance of` (P31) statement: the base says nothing about what it is","download the item (`wikidata fetch`) or add a P279 or P31 statement"
"data/structures.wdkb","gap","no-parent","warning","suggested-fix","Q11028","information","","","","declared item with no `subclass of` (P279) and no `instance of` (P31) statement: the base says nothing about what it is","download the item (`wikidata fetch`) or add a P279 or P31 statement"
"data/structures.wdkb","gap","no-parent","warning","suggested-fix","Q12488383","content","","","","declared item with no `subclass of` (P279) and no `instance of` (P31) statement: the base says nothing about what it is","download the item (`wikidata fetch`) or add a P279 or P31 statement"
"data/structures.wdkb","gap","no-parent","warning","suggested-fix","Q1207505","quality","","","","declared item with no `subclass of` (P279) and no `instance of` (P31) statement: the base says nothing about what it is","download the item (`wikidata fetch`) or add a P279 or P31 statement"
"data/structures.wdkb","gap","no-parent","warning","suggested-fix","Q12558574","point of view","","","","declared item with no `subclass of` (P279) and no `instance of` (P31) statement: the base says nothing about what it is","download the item (`wikidata fetch`) or add a P279 or P31 statement"
"data/structures.wdkb","gap","no-parent","warning","suggested-fix","Q5962346","classification scheme","","","","declared item with no `subclass of` (P279) and no `instance of` (P31) statement: the base says nothing about what it is","download the item (`wikidata fetch`) or add a P279 or P31 statement"
"data/structures.wdkb","gap","no-parent","warning","suggested-fix","Q121344523","type of classification","","","","declared item with no `subclass of` (P279) and no `instance of` (P31) statement: the base says nothing about what it is","download the item (`wikidata fetch`) or add a P279 or P31 statement"
"data/structures.wdkb","gap","no-parent","warning","suggested-fix","Q135268423","generic set","","","","declared item with no `subclass of` (P279) and no `instance of` (P31) statement: the base says nothing about what it is","download the item (`wikidata fetch`) or add a P279 or P31 statement"
"data/structures.wdkb","gap","no-parent","warning","suggested-fix","Q16887380","group","","","","declared item with no `subclass of` (P279) and no `instance of` (P31) statement: the base says nothing about what it is","download the item (`wikidata fetch`) or add a P279 or P31 statement"
"data/structures.wdkb","gap","no-parent","warning","suggested-fix","Q2360980","unit of amount","","","","declared item with no `subclass of` (P279) and no `instance of` (P31) statement: the base says nothing about what it is","download the item (`wikidata fetch`) or add a P279 or P31 statement"
"data/structures.wdkb","gap","no-parent","warning","suggested-fix","Q133250","sequence","","","","declared item with no `subclass of` (P279) and no `instance of` (P31) statement: the base says nothing about what it is","download the item (`wikidata fetch`) or add a P279 or P31 statement"
"data/structures.wdkb","gap","no-parent","warning","suggested-fix","Q3054922","totally ordered set","","","","declared item with no `subclass of` (P279) and no `instance of` (P31) statement: the base says nothing about what it is","download the item (`wikidata fetch`) or add a P279 or P31 statement"
"data/structures.wdkb","gap","no-parent","warning","suggested-fix","Q131841","idea","","","","declared item with no `subclass of` (P279) and no `instance of` (P31) statement: the base says nothing about what it is","download the item (`wikidata fetch`) or add a P279 or P31 statement"
"data/structures.wdkb","gap","no-parent","warning","suggested-fix","Q12812139","specialized term","","","","declared item with no `subclass of` (P279) and no `instance of` (P31) statement: the base says nothing about what it is","download the item (`wikidata fetch`) or add a P279 or P31 statement"
"data/structures.wdkb","gap","no-parent","warning","suggested-fix","Q21481766","scholarly chapter","","","","declared item with no `subclass of` (P279) and no `instance of` (P31) statement: the base says nothing about what it is","download the item (`wikidata fetch`) or add a P279 or P31 statement"
"data/structures.wdkb","gap","no-parent","warning","suggested-fix","Q856215","indexed family","","","","declared item with no `subclass of` (P279) and no `instance of` (P31) statement: the base says nothing about what it is","download the item (`wikidata fetch`) or add a P279 or P31 statement"
"data/structures.wdkb","gap","no-parent","warning","suggested-fix","Q141000803","active interaction","","","","declared item with no `subclass of` (P279) and no `instance of` (P31) statement: the base says nothing about what it is","download the item (`wikidata fetch`) or add a P279 or P31 statement"
"data/structures.wdkb","gap","no-parent","warning","suggested-fix","Q3695082","sign","","","","declared item with no `subclass of` (P279) and no `instance of` (P31) statement: the base says nothing about what it is","download the item (`wikidata fetch`) or add a P279 or P31 statement"
"data/structures.wdkb","gap","no-parent","warning","suggested-fix","Q123139280","abstract object","","","","declared item with no `subclass of` (P279) and no `instance of` (P31) statement: the base says nothing about what it is","download the item (`wikidata fetch`) or add a P279 or P31 statement"
"data/structures.wdkb","gap","no-parent","warning","suggested-fix","Q1948412","morphism","","","","declared item with no `subclass of` (P279) and no `instance of` (P31) statement: the base says nothing about what it is","download the item (`wikidata fetch`) or add a P279 or P31 statement"
"data/structures.wdkb","gap","no-parent","warning","suggested-fix","Q115490628","fundamental Wikidata entity","","","","declared item with no `subclass of` (P279) and no `instance of` (P31) statement: the base says nothing about what it is","download the item (`wikidata fetch`) or add a P279 or P31 statement"
"data/structures.wdkb","gap","no-parent","warning","suggested-fix","Q15138389","Wikimedia article page","","","","declared item with no `subclass of` (P279) and no `instance of` (P31) statement: the base says nothing about what it is","download the item (`wikidata fetch`) or add a P279 or P31 statement"
"data/structures.wdkb","gap","no-parent","warning","suggested-fix","Q35120","entity","","","","declared item with no `subclass of` (P279) and no `instance of` (P31) statement: the base says nothing about what it is","download the item (`wikidata fetch`) or add a P279 or P31 statement"
"data/structures.wdkb","gap","no-parent","warning","suggested-fix","Q19868531","formal ontology concept","","","","declared item with no `subclass of` (P279) and no `instance of` (P31) statement: the base says nothing about what it is","download the item (`wikidata fetch`) or add a P279 or P31 statement"
"data/structures.wdkb","gap","no-parent","warning","suggested-fix","Q33104279","philosophical concept","","","","declared item with no `subclass of` (P279) and no `instance of` (P31) statement: the base says nothing about what it is","download the item (`wikidata fetch`) or add a P279 or P31 statement"
"data/structures.wdkb","gap","no-parent","warning","suggested-fix","Q16889133","class","","","","declared item with no `subclass of` (P279) and no `instance of` (P31) statement: the base says nothing about what it is","download the item (`wikidata fetch`) or add a P279 or P31 statement"
"data/structures.wdkb","gap","no-parent","warning","suggested-fix","Q203066","relation","","","","declared item with no `subclass of` (P279) and no `instance of` (P31) statement: the base says nothing about what it is","download the item (`wikidata fetch`) or add a P279 or P31 statement"
"data/structures.wdkb","gap","no-parent","warning","suggested-fix","Q488383","object","","","","declared item with no `subclass of` (P279) and no `instance of` (P31) statement: the base says nothing about what it is","download the item (`wikidata fetch`) or add a P279 or P31 statement"
"data/structures.wdkb","gap","no-parent","warning","suggested-fix","Q96251598","type of object","","","","declared item with no `subclass of` (P279) and no `instance of` (P31) statement: the base says nothing about what it is","download the item (`wikidata fetch`) or add a P279 or P31 statement"
"data/structures.wdkb","gap","no-parent","warning","suggested-fix","Q106411346","characterization","","","","declared item with no `subclass of` (P279) and no `instance of` (P31) statement: the base says nothing about what it is","download the item (`wikidata fetch`) or add a P279 or P31 statement"
"data/structures.wdkb","gap","no-parent","warning","suggested-fix","Q840247","hypergraph","","","","declared item with no `subclass of` (P279) and no `instance of` (P31) statement: the base says nothing about what it is","download the item (`wikidata fetch`) or add a P279 or P31 statement"
"data/structures.wdkb","gap","no-parent","warning","suggested-fix","Q134487654","relational structure","","","","declared item with no `subclass of` (P279) and no `instance of` (P31) statement: the base says nothing about what it is","download the item (`wikidata fetch`) or add a P279 or P31 statement"
"data/technology.wdkb","gap","no-parent","warning","suggested-fix","Q714737","category of being","","","","declared item with no `subclass of` (P279) and no `instance of` (P31) statement: the base says nothing about what it is","download the item (`wikidata fetch`) or add a P279 or P31 statement"
"data/technology.wdkb","gap","no-parent","warning","suggested-fix","Q115491417","description","","","","declared item with no `subclass of` (P279) and no `instance of` (P31) statement: the base says nothing about what it is","download the item (`wikidata fetch`) or add a P279 or P31 statement"
"data/technology.wdkb","gap","no-parent","warning","suggested-fix","Q115471117","self-depicting entity","","","","declared item with no `subclass of` (P279) and no `instance of` (P31) statement: the base says nothing about what it is","download the item (`wikidata fetch`) or add a P279 or P31 statement"
"data/technology.wdkb","gap","no-parent","warning","suggested-fix","Q28813620","set","","","","declared item with no `subclass of` (P279) and no `instance of` (P31) statement: the base says nothing about what it is","download the item (`wikidata fetch`) or add a P279 or P31 statement"
"data/technology.wdkb","gap","no-parent","warning","suggested-fix","Q131362181","social science concept","","","","declared item with no `subclass of` (P279) and no `instance of` (P31) statement: the base says nothing about what it is","download the item (`wikidata fetch`) or add a P279 or P31 statement"
"data/technology.wdkb","gap","no-parent","warning","suggested-fix","Q58778","system","","","","declared item with no `subclass of` (P279) and no `instance of` (P31) statement: the base says nothing about what it is","download the item (`wikidata fetch`) or add a P279 or P31 statement"
"data/technology.wdkb","gap","no-parent","warning","suggested-fix","Q16686448","artificial object","","","","declared item with no `subclass of` (P279) and no `instance of` (P31) statement: the base says nothing about what it is","download the item (`wikidata fetch`) or add a P279 or P31 statement"
"data/technology.wdkb","gap","no-parent","warning","suggested-fix","Q223557","physical object","","","","declared item with no `subclass of` (P279) and no `instance of` (P31) statement: the base says nothing about what it is","download the item (`wikidata fetch`) or add a P279 or P31 statement"
"data/technology.wdkb","gap","no-parent","warning","suggested-fix","Q1485500","tangible good","","","","declared item with no `subclass of` (P279) and no `instance of` (P31) statement: the base says nothing about what it is","download the item (`wikidata fetch`) or add a P279 or P31 statement"
"data/technology.wdkb","gap","no-parent","warning","suggested-fix","Q649732","formal system","","","","declared item with no `subclass of` (P279) and no `instance of` (P31) statement: the base says nothing about what it is","download the item (`wikidata fetch`) or add a P279 or P31 statement"
"data/technology.wdkb","gap","no-parent","warning","suggested-fix","Q66664364","linguistic term","","","","declared item with no `subclass of` (P279) and no `instance of` (P31) statement: the base says nothing about what it is","download the item (`wikidata fetch`) or add a P279 or P31 statement"
"data/technology.wdkb","gap","no-parent","warning","suggested-fix","Q28923954","languoid class","","","","declared item with no `subclass of` (P279) and no `instance of` (P31) statement: the base says nothing about what it is","download the item (`wikidata fetch`) or add a P279 or P31 statement"
"data/technology.wdkb","gap","no-parent","warning","suggested-fix","Q1979154","model","","","","declared item with no `subclass of` (P279) and no `instance of` (P31) statement: the base says nothing about what it is","download the item (`wikidata fetch`) or add a P279 or P31 statement"
"data/technology.wdkb","gap","no-parent","warning","suggested-fix","Q8366","algorithm","","","","declared item with no `subclass of` (P279) and no `instance of` (P31) statement: the base says nothing about what it is","download the item (`wikidata fetch`) or add a P279 or P31 statement"
"data/technology.wdkb","gap","no-parent","warning","suggested-fix","Q1260632","content","","","","declared item with no `subclass of` (P279) and no `instance of` (P31) statement: the base says nothing about what it is","download the item (`wikidata fetch`) or add a P279 or P31 statement"
"data/technology.wdkb","gap","no-parent","warning","suggested-fix","Q475023","exact science","","","","declared item with no `subclass of` (P279) and no `instance of` (P31) statement: the base says nothing about what it is","download the item (`wikidata fetch`) or add a P279 or P31 statement"
"data/technology.wdkb","gap","no-parent","warning","suggested-fix","Q34104","science and technology","","","","declared item with no `subclass of` (P279) and no `instance of` (P31) statement: the base says nothing about what it is","download the item (`wikidata fetch`) or add a P279 or P31 statement"
"data/technology.wdkb","gap","no-parent","warning","suggested-fix","Q268592","industry","","","","declared item with no `subclass of` (P279) and no `instance of` (P31) statement: the base says nothing about what it is","download the item (`wikidata fetch`) or add a P279 or P31 statement"
"data/technology.wdkb","gap","no-parent","warning","suggested-fix","Q781413","cognitive process","","","","declared item with no `subclass of` (P279) and no `instance of` (P31) statement: the base says nothing about what it is","download the item (`wikidata fetch`) or add a P279 or P31 statement"
"data/technology.wdkb","gap","no-parent","warning","suggested-fix","Q23959932","fixed-order class","","","","declared item with no `subclass of` (P279) and no `instance of` (P31) statement: the base says nothing about what it is","download the item (`wikidata fetch`) or add a P279 or P31 statement"
"data/technology.wdkb","gap","no-parent","warning","suggested-fix","Q24017465","third-order class","","","","declared item with no `subclass of` (P279) and no `instance of` (P31) statement: the base says nothing about what it is","download the item (`wikidata fetch`) or add a P279 or P31 statement"
"data/technology.wdkb","gap","no-parent","warning","suggested-fix","Q12775893","scheme","","","","declared item with no `subclass of` (P279) and no `instance of` (P31) statement: the base says nothing about what it is","download the item (`wikidata fetch`) or add a P279 or P31 statement"
"data/technology.wdkb","gap","no-parent","warning","suggested-fix","Q35120","entity","","","","declared item with no `subclass of` (P279) and no `instance of` (P31) statement: the base says nothing about what it is","download the item (`wikidata fetch`) or add a P279 or P31 statement"
"data/technology.wdkb","gap","no-parent","warning","suggested-fix","Q115490628","fundamental Wikidata entity","","","","declared item with no `subclass of` (P279) and no `instance of` (P31) statement: the base says nothing about what it is","download the item (`wikidata fetch`) or add a P279 or P31 statement"
"data/technology.wdkb","gap","no-parent","warning","suggested-fix","Q136433660","entity","","","","declared item with no `subclass of` (P279) and no `instance of` (P31) statement: the base says nothing about what it is","download the item (`wikidata fetch`) or add a P279 or P31 statement"
"data/technology.wdkb","gap","no-parent","warning","suggested-fix","Q124711104","BFO class","","","","declared item with no `subclass of` (P279) and no `instance of` (P31) statement: the base says nothing about what it is","download the item (`wikidata fetch`) or add a P279 or P31 statement"
"data/technology.wdkb","gap","no-parent","warning","suggested-fix","Q1207505","quality","","","","declared item with no `subclass of` (P279) and no `instance of` (P31) statement: the base says nothing about what it is","download the item (`wikidata fetch`) or add a P279 or P31 statement"
"data/technology.wdkb","gap","no-parent","warning","suggested-fix","Q104127086","memory","","","","declared item with no `subclass of` (P279) and no `instance of` (P31) statement: the base says nothing about what it is","download the item (`wikidata fetch`) or add a P279 or P31 statement"
"data/technology.wdkb","gap","no-parent","warning","suggested-fix","Q33104279","philosophical concept","","","","declared item with no `subclass of` (P279) and no `instance of` (P31) statement: the base says nothing about what it is","download the item (`wikidata fetch`) or add a P279 or P31 statement"
"data/technology.wdkb","gap","no-parent","warning","suggested-fix","Q140458154","type of abstract object","","","","declared item with no `subclass of` (P279) and no `instance of` (P31) statement: the base says nothing about what it is","download the item (`wikidata fetch`) or add a P279 or P31 statement"
"data/technology.wdkb","gap","no-parent","warning","suggested-fix","Q105948247","knowledge system","","","","declared item with no `subclass of` (P279) and no `instance of` (P31) statement: the base says nothing about what it is","download the item (`wikidata fetch`) or add a P279 or P31 statement"
"data/technology.wdkb","gap","no-parent","warning","suggested-fix","Q26256810","topic","","","","declared item with no `subclass of` (P279) and no `instance of` (P31) statement: the base says nothing about what it is","download the item (`wikidata fetch`) or add a P279 or P31 statement"
"data/technology.wdkb","gap","no-parent","warning","suggested-fix","Q21040055","aspect","","","","declared item with no `subclass of` (P279) and no `instance of` (P31) statement: the base says nothing about what it is","download the item (`wikidata fetch`) or add a P279 or P31 statement"
"data/technology.wdkb","gap","no-parent","warning","suggested-fix","Q121344523","type of classification","","","","declared item with no `subclass of` (P279) and no `instance of` (P31) statement: the base says nothing about what it is","download the item (`wikidata fetch`) or add a P279 or P31 statement"
"data/technology.wdkb","gap","no-parent","warning","suggested-fix","Q1969448","term","","","","declared item with no `subclass of` (P279) and no `instance of` (P31) statement: the base says nothing about what it is","download the item (`wikidata fetch`) or add a P279 or P31 statement"
"data/technology.wdkb","gap","no-parent","warning","suggested-fix","Q853614","identifier","","","","declared item with no `subclass of` (P279) and no `instance of` (P31) statement: the base says nothing about what it is","download the item (`wikidata fetch`) or add a P279 or P31 statement"
"data/technology.wdkb","gap","no-parent","warning","suggested-fix","Q1272626","representation","","","","declared item with no `subclass of` (P279) and no `instance of` (P31) statement: the base says nothing about what it is","download the item (`wikidata fetch`) or add a P279 or P31 statement"
"data/technology.wdkb","gap","no-parent","warning","suggested-fix","Q7551287","social object","","","","declared item with no `subclass of` (P279) and no `instance of` (P31) statement: the base says nothing about what it is","download the item (`wikidata fetch`) or add a P279 or P31 statement"
"data/technology.wdkb","gap","no-parent","warning","suggested-fix","Q23958852","variable-order class","","","","declared item with no `subclass of` (P279) and no `instance of` (P31) statement: the base says nothing about what it is","download the item (`wikidata fetch`) or add a P279 or P31 statement"
"data/technology.wdkb","gap","no-parent","warning","suggested-fix","Q16889133","class","","","","declared item with no `subclass of` (P279) and no `instance of` (P31) statement: the base says nothing about what it is","download the item (`wikidata fetch`) or add a P279 or P31 statement"
"data/technology.wdkb","gap","no-parent","warning","suggested-fix","Q19868531","formal ontology concept","","","","declared item with no `subclass of` (P279) and no `instance of` (P31) statement: the base says nothing about what it is","download the item (`wikidata fetch`) or add a P279 or P31 statement"
"data/theories.wdkb","gap","no-parent","warning","suggested-fix","Q139761564","Cubical type theory","","","","declared item with no `subclass of` (P279) and no `instance of` (P31) statement: the base says nothing about what it is","download the item (`wikidata fetch`) or add a P279 or P31 statement"
"data/theories.wdkb","gap","no-parent","warning","suggested-fix","Q110720714","Identity type","","","","declared item with no `subclass of` (P279) and no `instance of` (P31) statement: the base says nothing about what it is","download the item (`wikidata fetch`) or add a P279 or P31 statement"
"data/theories.wdkb","gap","no-parent","warning","suggested-fix","Q115471117","self-depicting entity","","","","declared item with no `subclass of` (P279) and no `instance of` (P31) statement: the base says nothing about what it is","download the item (`wikidata fetch`) or add a P279 or P31 statement"
"data/theories.wdkb","gap","no-parent","warning","suggested-fix","Q115491417","description","","","","declared item with no `subclass of` (P279) and no `instance of` (P31) statement: the base says nothing about what it is","download the item (`wikidata fetch`) or add a P279 or P31 statement"
"data/theories.wdkb","gap","no-parent","warning","suggested-fix","Q58778","system","","","","declared item with no `subclass of` (P279) and no `instance of` (P31) statement: the base says nothing about what it is","download the item (`wikidata fetch`) or add a P279 or P31 statement"
"data/theories.wdkb","gap","no-parent","warning","suggested-fix","Q16686448","artificial object","","","","declared item with no `subclass of` (P279) and no `instance of` (P31) statement: the base says nothing about what it is","download the item (`wikidata fetch`) or add a P279 or P31 statement"
"data/theories.wdkb","gap","no-parent","warning","suggested-fix","Q105948247","knowledge system","","","","declared item with no `subclass of` (P279) and no `instance of` (P31) statement: the base says nothing about what it is","download the item (`wikidata fetch`) or add a P279 or P31 statement"
"data/theories.wdkb","gap","no-parent","warning","suggested-fix","Q110403031","knowledge type","","","","declared item with no `subclass of` (P279) and no `instance of` (P31) statement: the base says nothing about what it is","download the item (`wikidata fetch`) or add a P279 or P31 statement"
"data/theories.wdkb","gap","no-parent","warning","suggested-fix","Q26256810","topic","","","","declared item with no `subclass of` (P279) and no `instance of` (P31) statement: the base says nothing about what it is","download the item (`wikidata fetch`) or add a P279 or P31 statement"
"data/theories.wdkb","gap","no-parent","warning","suggested-fix","Q21040055","aspect","","","","declared item with no `subclass of` (P279) and no `instance of` (P31) statement: the base says nothing about what it is","download the item (`wikidata fetch`) or add a P279 or P31 statement"
"data/theories.wdkb","gap","no-parent","warning","suggested-fix","Q121344523","type of classification","","","","declared item with no `subclass of` (P279) and no `instance of` (P31) statement: the base says nothing about what it is","download the item (`wikidata fetch`) or add a P279 or P31 statement"
"data/theories.wdkb","gap","no-parent","warning","suggested-fix","Q336","science","","","","declared item with no `subclass of` (P279) and no `instance of` (P31) statement: the base says nothing about what it is","download the item (`wikidata fetch`) or add a P279 or P31 statement"
"data/theories.wdkb","gap","no-parent","warning","suggested-fix","Q12775893","scheme","","","","declared item with no `subclass of` (P279) and no `instance of` (P31) statement: the base says nothing about what it is","download the item (`wikidata fetch`) or add a P279 or P31 statement"
"data/theories.wdkb","gap","no-parent","warning","suggested-fix","Q131841","idea","","","","declared item with no `subclass of` (P279) and no `instance of` (P31) statement: the base says nothing about what it is","download the item (`wikidata fetch`) or add a P279 or P31 statement"
"data/theories.wdkb","gap","no-parent","warning","suggested-fix","Q6423319","knowledge organization system","","","","declared item with no `subclass of` (P279) and no `instance of` (P31) statement: the base says nothing about what it is","download the item (`wikidata fetch`) or add a P279 or P31 statement"
"data/theories.wdkb","gap","no-parent","warning","suggested-fix","Q739925","family of sets","","","","declared item with no `subclass of` (P279) and no `instance of` (P31) statement: the base says nothing about what it is","download the item (`wikidata fetch`) or add a P279 or P31 statement"
"data/theories.wdkb","gap","no-parent","warning","suggested-fix","Q35120","entity","","","","declared item with no `subclass of` (P279) and no `instance of` (P31) statement: the base says nothing about what it is","download the item (`wikidata fetch`) or add a P279 or P31 statement"
"data/theories.wdkb","gap","no-parent","warning","suggested-fix","Q115490628","fundamental Wikidata entity","","","","declared item with no `subclass of` (P279) and no `instance of` (P31) statement: the base says nothing about what it is","download the item (`wikidata fetch`) or add a P279 or P31 statement"
"data/theories.wdkb","gap","no-parent","warning","suggested-fix","Q23959932","fixed-order class","","","","declared item with no `subclass of` (P279) and no `instance of` (P31) statement: the base says nothing about what it is","download the item (`wikidata fetch`) or add a P279 or P31 statement"
"data/theories.wdkb","gap","no-parent","warning","suggested-fix","Q24017465","third-order class","","","","declared item with no `subclass of` (P279) and no `instance of` (P31) statement: the base says nothing about what it is","download the item (`wikidata fetch`) or add a P279 or P31 statement"
"data/theories.wdkb","gap","no-parent","warning","suggested-fix","Q54933429","left-unique relation","","","","declared item with no `subclass of` (P279) and no `instance of` (P31) statement: the base says nothing about what it is","download the item (`wikidata fetch`) or add a P279 or P31 statement"
"data/theories.wdkb","gap","no-parent","warning","suggested-fix","Q19833078","surjective relation","","","","declared item with no `subclass of` (P279) and no `instance of` (P31) statement: the base says nothing about what it is","download the item (`wikidata fetch`) or add a P279 or P31 statement"
"data/theories.wdkb","gap","no-parent","warning","suggested-fix","Q1211071","equivalence class","","","","declared item with no `subclass of` (P279) and no `instance of` (P31) statement: the base says nothing about what it is","download the item (`wikidata fetch`) or add a P279 or P31 statement"
"data/theories.wdkb","gap","no-parent","warning","suggested-fix","Q121771058","locally small category","","","","declared item with no `subclass of` (P279) and no `instance of` (P31) statement: the base says nothing about what it is","download the item (`wikidata fetch`) or add a P279 or P31 statement"
"data/theories.wdkb","gap","no-parent","warning","suggested-fix","Q18206693","E-dense semigroup","","","","declared item with no `subclass of` (P279) and no `instance of` (P31) statement: the base says nothing about what it is","download the item (`wikidata fetch`) or add a P279 or P31 statement"
"data/theories.wdkb","gap","no-parent","warning","suggested-fix","Q4903541","bicategory","","","","declared item with no `subclass of` (P279) and no `instance of` (P31) statement: the base says nothing about what it is","download the item (`wikidata fetch`) or add a P279 or P31 statement"
"data/theories.wdkb","gap","no-parent","warning","suggested-fix","Q16911578","∞-groupoid","","","","declared item with no `subclass of` (P279) and no `instance of` (P31) statement: the base says nothing about what it is","download the item (`wikidata fetch`) or add a P279 or P31 statement"
"data/theories.wdkb","gap","no-parent","warning","suggested-fix","Q98099755","flexible magma","","","","declared item with no `subclass of` (P279) and no `instance of` (P31) statement: the base says nothing about what it is","download the item (`wikidata fetch`) or add a P279 or P31 statement"
"data/theories.wdkb","gap","no-parent","warning","suggested-fix","Q4164581","semigroupoid","","","","declared item with no `subclass of` (P279) and no `instance of` (P31) statement: the base says nothing about what it is","download the item (`wikidata fetch`) or add a P279 or P31 statement"
"data/theories.wdkb","gap","no-parent","warning","suggested-fix","Q97152390","partial semigroup","","","","declared item with no `subclass of` (P279) and no `instance of` (P31) statement: the base says nothing about what it is","download the item (`wikidata fetch`) or add a P279 or P31 statement"
"data/theories.wdkb","gap","no-parent","warning","suggested-fix","Q134488202","possibly infinitary structure","","","","declared item with no `subclass of` (P279) and no `instance of` (P31) statement: the base says nothing about what it is","download the item (`wikidata fetch`) or add a P279 or P31 statement"
"data/theories.wdkb","gap","no-parent","warning","suggested-fix","Q679903","magma","","","","declared item with no `subclass of` (P279) and no `instance of` (P31) statement: the base says nothing about what it is","download the item (`wikidata fetch`) or add a P279 or P31 statement"
"data/theories.wdkb","gap","no-parent","warning","suggested-fix","Q7048977","abstract entity","","","","declared item with no `subclass of` (P279) and no `instance of` (P31) statement: the base says nothing about what it is","download the item (`wikidata fetch`) or add a P279 or P31 statement"
"data/theories.wdkb","gap","no-parent","warning","suggested-fix","Q1272626","representation","","","","declared item with no `subclass of` (P279) and no `instance of` (P31) statement: the base says nothing about what it is","download the item (`wikidata fetch`) or add a P279 or P31 statement"
"data/theories.wdkb","gap","no-parent","warning","suggested-fix","Q7551287","social object","","","","declared item with no `subclass of` (P279) and no `instance of` (P31) statement: the base says nothing about what it is","download the item (`wikidata fetch`) or add a P279 or P31 statement"
"data/theories.wdkb","gap","no-parent","warning","suggested-fix","Q16889133","class","","","","declared item with no `subclass of` (P279) and no `instance of` (P31) statement: the base says nothing about what it is","download the item (`wikidata fetch`) or add a P279 or P31 statement"
"data/theories.wdkb","gap","no-parent","warning","suggested-fix","Q3965271","subclass","","","","declared item with no `subclass of` (P279) and no `instance of` (P31) statement: the base says nothing about what it is","download the item (`wikidata fetch`) or add a P279 or P31 statement"
"data/theories.wdkb","gap","no-parent","warning","suggested-fix","Q36161","set","","","","declared item with no `subclass of` (P279) and no `instance of` (P31) statement: the base says nothing about what it is","download the item (`wikidata fetch`) or add a P279 or P31 statement"
"data/theories.wdkb","gap","no-parent","warning","suggested-fix","Q78081419","multivariate function","","","","declared item with no `subclass of` (P279) and no `instance of` (P31) statement: the base says nothing about what it is","download the item (`wikidata fetch`) or add a P279 or P31 statement"
"data/theories.wdkb","gap","no-parent","warning","suggested-fix","Q97302511","partial operation","","","","declared item with no `subclass of` (P279) and no `instance of` (P31) statement: the base says nothing about what it is","download the item (`wikidata fetch`) or add a P279 or P31 statement"
"data/theories.wdkb","gap","no-parent","warning","suggested-fix","Q1052579","unique factorization domain","","","","declared item with no `subclass of` (P279) and no `instance of` (P31) statement: the base says nothing about what it is","download the item (`wikidata fetch`) or add a P279 or P31 statement"
"data/theories.wdkb","gap","no-parent","warning","suggested-fix","Q2905043","principal ideal ring","","","","declared item with no `subclass of` (P279) and no `instance of` (P31) statement: the base says nothing about what it is","download the item (`wikidata fetch`) or add a P279 or P31 statement"
"data/theories.wdkb","gap","no-parent","warning","suggested-fix","Q254347","Dedekind domain","","","","declared item with no `subclass of` (P279) and no `instance of` (P31) statement: the base says nothing about what it is","download the item (`wikidata fetch`) or add a P279 or P31 statement"
"data/theories.wdkb","gap","no-parent","warning","suggested-fix","Q2269249","semiprime ideal","","","","declared item with no `subclass of` (P279) and no `instance of` (P31) statement: the base says nothing about what it is","download the item (`wikidata fetch`) or add a P279 or P31 statement"
"data/theories.wdkb","gap","no-parent","warning","suggested-fix","Q2851410","coherent ring","","","","declared item with no `subclass of` (P279) and no `instance of` (P31) statement: the base says nothing about what it is","download the item (`wikidata fetch`) or add a P279 or P31 statement"
"data/theories.wdkb","gap","no-parent","warning","suggested-fix","Q2444982","Noetherian module","","","","declared item with no `subclass of` (P279) and no `instance of` (P31) statement: the base says nothing about what it is","download the item (`wikidata fetch`) or add a P279 or P31 statement"
"data/theories.wdkb","gap","no-parent","warning","suggested-fix","Q18848","module","","","","declared item with no `subclass of` (P279) and no `instance of` (P31) statement: the base says nothing about what it is","download the item (`wikidata fetch`) or add a P279 or P31 statement"
"data/theories.wdkb","gap","no-parent","warning","suggested-fix","Q2030545","algebra over a ring","","","","declared item with no `subclass of` (P279) and no `instance of` (P31) statement: the base says nothing about what it is","download the item (`wikidata fetch`) or add a P279 or P31 statement"
"data/theories.wdkb","gap","no-parent","warning","suggested-fix","Q15534632","graded ring","","","","declared item with no `subclass of` (P279) and no `instance of` (P31) statement: the base says nothing about what it is","download the item (`wikidata fetch`) or add a P279 or P31 statement"
"data/theories.wdkb","gap","no-parent","warning","suggested-fix","Q112160790","Dedekind-finite ring","","","","declared item with no `subclass of` (P279) and no `instance of` (P31) statement: the base says nothing about what it is","download the item (`wikidata fetch`) or add a P279 or P31 statement"
"data/theories.wdkb","gap","no-parent","warning","suggested-fix","Q12812139","specialized term","","","","declared item with no `subclass of` (P279) and no `instance of` (P31) statement: the base says nothing about what it is","download the item (`wikidata fetch`) or add a P279 or P31 statement"
"data/theories.wdkb","gap","no-parent","warning","suggested-fix","Q19478619","metaclass","","","","declared item with no `subclass of` (P279) and no `instance of` (P31) statement: the base says nothing about what it is","download the item (`wikidata fetch`) or add a P279 or P31 statement"
"data/theories.wdkb","gap","no-parent","warning","suggested-fix","Q272404","finite set","","","","declared item with no `subclass of` (P279) and no `instance of` (P31) statement: the base says nothing about what it is","download the item (`wikidata fetch`) or add a P279 or P31 statement"
"data/theories.wdkb","gap","no-parent","warning","suggested-fix","Q161172","ring","","","","declared item with no `subclass of` (P279) and no `instance of` (P31) statement: the base says nothing about what it is","download the item (`wikidata fetch`) or add a P279 or P31 statement"
"data/theories.wdkb","gap","no-parent","warning","suggested-fix","Q3966112","quotient set","","","","declared item with no `subclass of` (P279) and no `instance of` (P31) statement: the base says nothing about what it is","download the item (`wikidata fetch`) or add a P279 or P31 statement"
"data/theories.wdkb","gap","no-parent","warning","suggested-fix","Q1426191","flat module","","","","declared item with no `subclass of` (P279) and no `instance of` (P31) statement: the base says nothing about what it is","download the item (`wikidata fetch`) or add a P279 or P31 statement"
"data/theories.wdkb","gap","no-parent","warning","suggested-fix","Q2112502","projective object","","","","declared item with no `subclass of` (P279) and no `instance of` (P31) statement: the base says nothing about what it is","download the item (`wikidata fetch`) or add a P279 or P31 statement"
"data/theories.wdkb","gap","no-parent","warning","suggested-fix","Q203066","relation","","","","declared item with no `subclass of` (P279) and no `instance of` (P31) statement: the base says nothing about what it is","download the item (`wikidata fetch`) or add a P279 or P31 statement"
"data/theories.wdkb","gap","no-parent","warning","suggested-fix","Q130324710","type of relation","","","","declared item with no `subclass of` (P279) and no `instance of` (P31) statement: the base says nothing about what it is","download the item (`wikidata fetch`) or add a P279 or P31 statement"
"data/theories.wdkb","gap","no-parent","warning","suggested-fix","Q29018101","upper semilattice","","","","declared item with no `subclass of` (P279) and no `instance of` (P31) statement: the base says nothing about what it is","download the item (`wikidata fetch`) or add a P279 or P31 statement"
"data/theories.wdkb","gap","no-parent","warning","suggested-fix","Q29018102","lower semilattice","","","","declared item with no `subclass of` (P279) and no `instance of` (P31) statement: the base says nothing about what it is","download the item (`wikidata fetch`) or add a P279 or P31 statement"
"data/upper.wdkb","gap","no-parent","warning","suggested-fix","Q111513007","Wikibase entity","","","","declared item with no `subclass of` (P279) and no `instance of` (P31) statement: the base says nothing about what it is","download the item (`wikidata fetch`) or add a P279 or P31 statement"
"data/upper.wdkb","gap","no-parent","warning","suggested-fix","Q19798651","wikibase data model possible value for a claim","","","","declared item with no `subclass of` (P279) and no `instance of` (P31) statement: the base says nothing about what it is","download the item (`wikidata fetch`) or add a P279 or P31 statement"
"data/upper.wdkb","gap","no-parent","warning","suggested-fix","Q24027526","fixed-order class of higher order","","","","declared item with no `subclass of` (P279) and no `instance of` (P31) statement: the base says nothing about what it is","download the item (`wikidata fetch`) or add a P279 or P31 statement"
"data/upper.wdkb","gap","no-parent","warning","suggested-fix","Q246672","mathematical object","","","","declared item with no `subclass of` (P279) and no `instance of` (P31) statement: the base says nothing about what it is","download the item (`wikidata fetch`) or add a P279 or P31 statement"
"data/upper.wdkb","gap","no-parent","warning","suggested-fix","Q379825","element","","","","declared item with no `subclass of` (P279) and no `instance of` (P31) statement: the base says nothing about what it is","download the item (`wikidata fetch`) or add a P279 or P31 statement"
"data/upper.wdkb","gap","no-parent","warning","suggested-fix","Q77730568","graph theory term","","","","declared item with no `subclass of` (P279) and no `instance of` (P31) statement: the base says nothing about what it is","download the item (`wikidata fetch`) or add a P279 or P31 statement"
"data/upper.wdkb","gap","no-parent","warning","suggested-fix","Q123139280","abstract object","","","","declared item with no `subclass of` (P279) and no `instance of` (P31) statement: the base says nothing about what it is","download the item (`wikidata fetch`) or add a P279 or P31 statement"
"data/upper.wdkb","gap","no-parent","warning","suggested-fix","Q386724","work","","","","declared item with no `subclass of` (P279) and no `instance of` (P31) statement: the base says nothing about what it is","download the item (`wikidata fetch`) or add a P279 or P31 statement"
"data/upper.wdkb","gap","no-parent","warning","suggested-fix","Q48937186","word or phrase","","","","declared item with no `subclass of` (P279) and no `instance of` (P31) statement: the base says nothing about what it is","download the item (`wikidata fetch`) or add a P279 or P31 statement"
"data/upper.wdkb","gap","no-parent","warning","suggested-fix","Q3695082","sign","","","","declared item with no `subclass of` (P279) and no `instance of` (P31) statement: the base says nothing about what it is","download the item (`wikidata fetch`) or add a P279 or P31 statement"
"data/vocabulary.wdkb","gap","no-parent","warning","suggested-fix","Q1189753","denotation","","","","declared item with no `subclass of` (P279) and no `instance of` (P31) statement: the base says nothing about what it is","download the item (`wikidata fetch`) or add a P279 or P31 statement"
"data/vocabulary.wdkb","gap","no-parent","warning","suggested-fix","Q15633582","MediaWiki wiki","","","","declared item with no `subclass of` (P279) and no `instance of` (P31) statement: the base says nothing about what it is","download the item (`wikidata fetch`) or add a P279 or P31 statement"
"data/vocabulary.wdkb","gap","no-parent","warning","suggested-fix","Q1668024","service on Internet","","","","declared item with no `subclass of` (P279) and no `instance of` (P31) statement: the base says nothing about what it is","download the item (`wikidata fetch`) or add a P279 or P31 statement"
"data/vocabulary.wdkb","gap","no-parent","warning","suggested-fix","Q28017710","digital platform","","","","declared item with no `subclass of` (P279) and no `instance of` (P31) statement: the base says nothing about what it is","download the item (`wikidata fetch`) or add a P279 or P31 statement"
"data/vocabulary.wdkb","gap","no-parent","warning","suggested-fix","Q130342754","labeled mixed graph","","","","declared item with no `subclass of` (P279) and no `instance of` (P31) statement: the base says nothing about what it is","download the item (`wikidata fetch`) or add a P279 or P31 statement"
"data/vocabulary.wdkb","gap","no-parent","warning","suggested-fix","Q110854677","network resource","","","","declared item with no `subclass of` (P279) and no `instance of` (P31) statement: the base says nothing about what it is","download the item (`wikidata fetch`) or add a P279 or P31 statement"
"data/vocabulary.wdkb","gap","no-parent","warning","suggested-fix","Q1076968","digital media","","","","declared item with no `subclass of` (P279) and no `instance of` (P31) statement: the base says nothing about what it is","download the item (`wikidata fetch`) or add a P279 or P31 statement"
"data/vocabulary.wdkb","gap","no-parent","warning","suggested-fix","Q1714118","online publication","","","","declared item with no `subclass of` (P279) and no `instance of` (P31) statement: the base says nothing about what it is","download the item (`wikidata fetch`) or add a P279 or P31 statement"
"data/vocabulary.wdkb","gap","no-parent","warning","suggested-fix","Q108637623","integrating resource","","","","declared item with no `subclass of` (P279) and no `instance of` (P31) statement: the base says nothing about what it is","download the item (`wikidata fetch`) or add a P279 or P31 statement"
"data/vocabulary.wdkb","gap","no-parent","warning","suggested-fix","Q119648796","digital-native publication","","","","declared item with no `subclass of` (P279) and no `instance of` (P31) statement: the base says nothing about what it is","download the item (`wikidata fetch`) or add a P279 or P31 statement"
"data/vocabulary.wdkb","gap","no-parent","warning","suggested-fix","Q131093","content management system","","","","declared item with no `subclass of` (P279) and no `instance of` (P31) statement: the base says nothing about what it is","download the item (`wikidata fetch`) or add a P279 or P31 statement"
"data/vocabulary.wdkb","gap","no-parent","warning","suggested-fix","Q134995802","type of website","","","","declared item with no `subclass of` (P279) and no `instance of` (P31) statement: the base says nothing about what it is","download the item (`wikidata fetch`) or add a P279 or P31 statement"
"data/vocabulary.wdkb","gap","no-parent","warning","suggested-fix","Q5155040","community project","","","","declared item with no `subclass of` (P279) and no `instance of` (P31) statement: the base says nothing about what it is","download the item (`wikidata fetch`) or add a P279 or P31 statement"
"data/vocabulary.wdkb","gap","no-parent","warning","suggested-fix","Q797769","peer production system","","","","declared item with no `subclass of` (P279) and no `instance of` (P31) statement: the base says nothing about what it is","download the item (`wikidata fetch`) or add a P279 or P31 statement"
"data/vocabulary.wdkb","gap","no-parent","warning","suggested-fix","Q19967801","online service","","","","declared item with no `subclass of` (P279) and no `instance of` (P31) statement: the base says nothing about what it is","download the item (`wikidata fetch`) or add a P279 or P31 statement"
"data/vocabulary.wdkb","gap","no-parent","warning","suggested-fix","Q104637332","planned process","","","","declared item with no `subclass of` (P279) and no `instance of` (P31) statement: the base says nothing about what it is","download the item (`wikidata fetch`) or add a P279 or P31 statement"
"data/vocabulary.wdkb","gap","no-parent","warning","suggested-fix","Q104086571","first-order class","","","","declared item with no `subclass of` (P279) and no `instance of` (P31) statement: the base says nothing about what it is","download the item (`wikidata fetch`) or add a P279 or P31 statement"
"data/vocabulary.wdkb","gap","no-parent","warning","suggested-fix","Q27096213","geographic entity","","","","declared item with no `subclass of` (P279) and no `instance of` (P31) statement: the base says nothing about what it is","download the item (`wikidata fetch`) or add a P279 or P31 statement"
"data/vocabulary.wdkb","gap","no-parent","warning","suggested-fix","Q137015716","type of location","","","","declared item with no `subclass of` (P279) and no `instance of` (P31) statement: the base says nothing about what it is","download the item (`wikidata fetch`) or add a P279 or P31 statement"
"data/vocabulary.wdkb","gap","no-parent","warning","suggested-fix","Q115095765","location","","","","declared item with no `subclass of` (P279) and no `instance of` (P31) statement: the base says nothing about what it is","download the item (`wikidata fetch`) or add a P279 or P31 statement"
"data/vocabulary.wdkb","gap","no-parent","warning","suggested-fix","Q874405","social group","","","","declared item with no `subclass of` (P279) and no `instance of` (P31) statement: the base says nothing about what it is","download the item (`wikidata fetch`) or add a P279 or P31 statement"
"data/vocabulary.wdkb","gap","no-parent","warning","suggested-fix","Q21157127","cluster","","","","declared item with no `subclass of` (P279) and no `instance of` (P31) statement: the base says nothing about what it is","download the item (`wikidata fetch`) or add a P279 or P31 statement"
"data/vocabulary.wdkb","gap","no-parent","warning","suggested-fix","Q16334298","group of living things","","","","declared item with no `subclass of` (P279) and no `instance of` (P31) statement: the base says nothing about what it is","download the item (`wikidata fetch`) or add a P279 or P31 statement"
"data/vocabulary.wdkb","gap","no-parent","warning","suggested-fix","Q12775893","scheme","","","","declared item with no `subclass of` (P279) and no `instance of` (P31) statement: the base says nothing about what it is","download the item (`wikidata fetch`) or add a P279 or P31 statement"
"data/vocabulary.wdkb","gap","no-parent","warning","suggested-fix","Q2742711","graph distance","","","","declared item with no `subclass of` (P279) and no `instance of` (P31) statement: the base says nothing about what it is","download the item (`wikidata fetch`) or add a P279 or P31 statement"
"data/vocabulary.wdkb","gap","no-parent","warning","suggested-fix","Q138715965","peer relative","","","","declared item with no `subclass of` (P279) and no `instance of` (P31) statement: the base says nothing about what it is","download the item (`wikidata fetch`) or add a P279 or P31 statement"
"data/vocabulary.wdkb","gap","no-parent","warning","suggested-fix","Q649732","formal system","","","","declared item with no `subclass of` (P279) and no `instance of` (P31) statement: the base says nothing about what it is","download the item (`wikidata fetch`) or add a P279 or P31 statement"
"data/vocabulary.wdkb","gap","no-parent","warning","suggested-fix","Q66664364","linguistic term","","","","declared item with no `subclass of` (P279) and no `instance of` (P31) statement: the base says nothing about what it is","download the item (`wikidata fetch`) or add a P279 or P31 statement"
"data/vocabulary.wdkb","gap","no-parent","warning","suggested-fix","Q66747126","computer science term","","","","declared item with no `subclass of` (P279) and no `instance of` (P31) statement: the base says nothing about what it is","download the item (`wikidata fetch`) or add a P279 or P31 statement"
"data/vocabulary.wdkb","gap","no-parent","warning","suggested-fix","Q28923954","languoid class","","","","declared item with no `subclass of` (P279) and no `instance of` (P31) statement: the base says nothing about what it is","download the item (`wikidata fetch`) or add a P279 or P31 statement"
"data/vocabulary.wdkb","gap","no-parent","warning","suggested-fix","Q53617489","independent continuant","","","","declared item with no `subclass of` (P279) and no `instance of` (P31) statement: the base says nothing about what it is","download the item (`wikidata fetch`) or add a P279 or P31 statement"
"data/vocabulary.wdkb","gap","no-parent","warning","suggested-fix","Q327055","worker","","","","declared item with no `subclass of` (P279) and no `instance of` (P31) statement: the base says nothing about what it is","download the item (`wikidata fetch`) or add a P279 or P31 statement"
"data/vocabulary.wdkb","gap","no-parent","warning","suggested-fix","Q28640","profession","","","","declared item with no `subclass of` (P279) and no `instance of` (P31) statement: the base says nothing about what it is","download the item (`wikidata fetch`) or add a P279 or P31 statement"
"data/vocabulary.wdkb","gap","no-parent","warning","suggested-fix","Q187931","phrase","","","","declared item with no `subclass of` (P279) and no `instance of` (P31) statement: the base says nothing about what it is","download the item (`wikidata fetch`) or add a P279 or P31 statement"
"data/vocabulary.wdkb","gap","no-parent","warning","suggested-fix","Q602884","social phenomenon","","","","declared item with no `subclass of` (P279) and no `instance of` (P31) statement: the base says nothing about what it is","download the item (`wikidata fetch`) or add a P279 or P31 statement"
"data/vocabulary.wdkb","gap","no-parent","warning","suggested-fix","Q109243379","modification","","","","declared item with no `subclass of` (P279) and no `instance of` (P31) statement: the base says nothing about what it is","download the item (`wikidata fetch`) or add a P279 or P31 statement"
"data/vocabulary.wdkb","gap","no-parent","warning","suggested-fix","Q78081419","multivariate function","","","","declared item with no `subclass of` (P279) and no `instance of` (P31) statement: the base says nothing about what it is","download the item (`wikidata fetch`) or add a P279 or P31 statement"
"data/vocabulary.wdkb","gap","no-parent","warning","suggested-fix","Q1191433","completely regular space","","","","declared item with no `subclass of` (P279) and no `instance of` (P31) statement: the base says nothing about what it is","download the item (`wikidata fetch`) or add a P279 or P31 statement"
"data/vocabulary.wdkb","gap","no-parent","warning","suggested-fix","Q123410745","geometric object","","","","declared item with no `subclass of` (P279) and no `instance of` (P31) statement: the base says nothing about what it is","download the item (`wikidata fetch`) or add a P279 or P31 statement"
"data/vocabulary.wdkb","gap","no-parent","warning","suggested-fix","Q5358816","element","","","","declared item with no `subclass of` (P279) and no `instance of` (P31) statement: the base says nothing about what it is","download the item (`wikidata fetch`) or add a P279 or P31 statement"
"data/vocabulary.wdkb","gap","no-parent","warning","suggested-fix","Q91305654","discontinuous function","","","","declared item with no `subclass of` (P279) and no `instance of` (P31) statement: the base says nothing about what it is","download the item (`wikidata fetch`) or add a P279 or P31 statement"
"data/vocabulary.wdkb","gap","no-parent","warning","suggested-fix","Q125542526","type of activity","","","","declared item with no `subclass of` (P279) and no `instance of` (P31) statement: the base says nothing about what it is","download the item (`wikidata fetch`) or add a P279 or P31 statement"
"data/vocabulary.wdkb","gap","no-parent","warning","suggested-fix","Q69886747","child rearing","","","","declared item with no `subclass of` (P279) and no `instance of` (P31) statement: the base says nothing about what it is","download the item (`wikidata fetch`) or add a P279 or P31 statement"
"data/vocabulary.wdkb","gap","no-parent","warning","suggested-fix","Q785260","phase of human life","","","","declared item with no `subclass of` (P279) and no `instance of` (P31) statement: the base says nothing about what it is","download the item (`wikidata fetch`) or add a P279 or P31 statement"
"data/vocabulary.wdkb","gap","no-parent","warning","suggested-fix","Q100195948","relative quality","","","","declared item with no `subclass of` (P279) and no `instance of` (P31) statement: the base says nothing about what it is","download the item (`wikidata fetch`) or add a P279 or P31 statement"
"data/vocabulary.wdkb","gap","no-parent","warning","suggested-fix","Q2648051","obligation","","","","declared item with no `subclass of` (P279) and no `instance of` (P31) statement: the base says nothing about what it is","download the item (`wikidata fetch`) or add a P279 or P31 statement"
"data/vocabulary.wdkb","gap","no-parent","warning","suggested-fix","Q21006424","legal obligation","","","","declared item with no `subclass of` (P279) and no `instance of` (P31) statement: the base says nothing about what it is","download the item (`wikidata fetch`) or add a P279 or P31 statement"
"data/vocabulary.wdkb","gap","no-parent","warning","suggested-fix","Q23959932","fixed-order class","","","","declared item with no `subclass of` (P279) and no `instance of` (P31) statement: the base says nothing about what it is","download the item (`wikidata fetch`) or add a P279 or P31 statement"
"data/vocabulary.wdkb","gap","no-parent","warning","suggested-fix","Q24017465","third-order class","","","","declared item with no `subclass of` (P279) and no `instance of` (P31) statement: the base says nothing about what it is","download the item (`wikidata fetch`) or add a P279 or P31 statement"
"data/vocabulary.wdkb","gap","no-parent","warning","suggested-fix","Q11953984","linguistic unit","","","","declared item with no `subclass of` (P279) and no `instance of` (P31) statement: the base says nothing about what it is","download the item (`wikidata fetch`) or add a P279 or P31 statement"
"data/vocabulary.wdkb","gap","no-parent","warning","suggested-fix","Q123139280","abstract object","","","","declared item with no `subclass of` (P279) and no `instance of` (P31) statement: the base says nothing about what it is","download the item (`wikidata fetch`) or add a P279 or P31 statement"
"data/vocabulary.wdkb","gap","no-parent","warning","suggested-fix","Q123240632","specifically dependent continuant","","","","declared item with no `subclass of` (P279) and no `instance of` (P31) statement: the base says nothing about what it is","download the item (`wikidata fetch`) or add a P279 or P31 statement"
"data/vocabulary.wdkb","gap","no-parent","warning","suggested-fix","Q124222085","scientific study","","","","declared item with no `subclass of` (P279) and no `instance of` (P31) statement: the base says nothing about what it is","download the item (`wikidata fetch`) or add a P279 or P31 statement"
"data/vocabulary.wdkb","gap","no-parent","warning","suggested-fix","Q15831325","class used in Universal Decimal Classification","","","","declared item with no `subclass of` (P279) and no `instance of` (P31) statement: the base says nothing about what it is","download the item (`wikidata fetch`) or add a P279 or P31 statement"
"data/vocabulary.wdkb","gap","no-parent","warning","suggested-fix","Q816264","formal science","","","","declared item with no `subclass of` (P279) and no `instance of` (P31) statement: the base says nothing about what it is","download the item (`wikidata fetch`) or add a P279 or P31 statement"
"data/vocabulary.wdkb","gap","no-parent","warning","suggested-fix","Q22811234","branch of philosophy","","","","declared item with no `subclass of` (P279) and no `instance of` (P31) statement: the base says nothing about what it is","download the item (`wikidata fetch`) or add a P279 or P31 statement"
"data/vocabulary.wdkb","gap","no-parent","warning","suggested-fix","Q138589449","core branches of philosophy","","","","declared item with no `subclass of` (P279) and no `instance of` (P31) statement: the base says nothing about what it is","download the item (`wikidata fetch`) or add a P279 or P31 statement"
"data/vocabulary.wdkb","gap","no-parent","warning","suggested-fix","Q109542218","class of parts","","","","declared item with no `subclass of` (P279) and no `instance of` (P31) statement: the base says nothing about what it is","download the item (`wikidata fetch`) or add a P279 or P31 statement"
"data/vocabulary.wdkb","gap","no-parent","warning","suggested-fix","Q131841","idea","","","","declared item with no `subclass of` (P279) and no `instance of` (P31) statement: the base says nothing about what it is","download the item (`wikidata fetch`) or add a P279 or P31 statement"
"data/vocabulary.wdkb","gap","no-parent","warning","suggested-fix","Q2668072","collection","","","","declared item with no `subclass of` (P279) and no `instance of` (P31) statement: the base says nothing about what it is","download the item (`wikidata fetch`) or add a P279 or P31 statement"
"data/vocabulary.wdkb","gap","no-parent","warning","suggested-fix","Q11826511","scientific work","","","","declared item with no `subclass of` (P279) and no `instance of` (P31) statement: the base says nothing about what it is","download the item (`wikidata fetch`) or add a P279 or P31 statement"
"data/vocabulary.wdkb","gap","no-parent","warning","suggested-fix","Q139243747","type of artifact","","","","declared item with no `subclass of` (P279) and no `instance of` (P31) statement: the base says nothing about what it is","download the item (`wikidata fetch`) or add a P279 or P31 statement"
"data/vocabulary.wdkb","gap","no-parent","warning","suggested-fix","Q4026292","action","","","","declared item with no `subclass of` (P279) and no `instance of` (P31) statement: the base says nothing about what it is","download the item (`wikidata fetch`) or add a P279 or P31 statement"
"data/vocabulary.wdkb","gap","no-parent","warning","suggested-fix","Q268592","industry","","","","declared item with no `subclass of` (P279) and no `instance of` (P31) statement: the base says nothing about what it is","download the item (`wikidata fetch`) or add a P279 or P31 statement"
"data/vocabulary.wdkb","gap","no-parent","warning","suggested-fix","Q451967","intentional human activity","","","","declared item with no `subclass of` (P279) and no `instance of` (P31) statement: the base says nothing about what it is","download the item (`wikidata fetch`) or add a P279 or P31 statement"
"data/vocabulary.wdkb","gap","no-parent","warning","suggested-fix","Q140458154","type of abstract object","","","","declared item with no `subclass of` (P279) and no `instance of` (P31) statement: the base says nothing about what it is","download the item (`wikidata fetch`) or add a P279 or P31 statement"
"data/vocabulary.wdkb","gap","no-parent","warning","suggested-fix","Q12488383","content","","","","declared item with no `subclass of` (P279) and no `instance of` (P31) statement: the base says nothing about what it is","download the item (`wikidata fetch`) or add a P279 or P31 statement"
"data/vocabulary.wdkb","gap","no-parent","warning","suggested-fix","Q1207505","quality","","","","declared item with no `subclass of` (P279) and no `instance of` (P31) statement: the base says nothing about what it is","download the item (`wikidata fetch`) or add a P279 or P31 statement"
"data/vocabulary.wdkb","gap","no-parent","warning","suggested-fix","Q12558574","point of view","","","","declared item with no `subclass of` (P279) and no `instance of` (P31) statement: the base says nothing about what it is","download the item (`wikidata fetch`) or add a P279 or P31 statement"
"data/vocabulary.wdkb","gap","no-parent","warning","suggested-fix","Q141488","graph","","","","declared item with no `subclass of` (P279) and no `instance of` (P31) statement: the base says nothing about what it is","download the item (`wikidata fetch`) or add a P279 or P31 statement"
"data/vocabulary.wdkb","gap","no-parent","warning","suggested-fix","Q4184950","regularity","","","","declared item with no `subclass of` (P279) and no `instance of` (P31) statement: the base says nothing about what it is","download the item (`wikidata fetch`) or add a P279 or P31 statement"
"data/vocabulary.wdkb","gap","no-parent","warning","suggested-fix","Q131362181","social science concept","","","","declared item with no `subclass of` (P279) and no `instance of` (P31) statement: the base says nothing about what it is","download the item (`wikidata fetch`) or add a P279 or P31 statement"
"data/vocabulary.wdkb","gap","no-parent","warning","suggested-fix","Q1747121","flaw","","","","declared item with no `subclass of` (P279) and no `instance of` (P31) statement: the base says nothing about what it is","download the item (`wikidata fetch`) or add a P279 or P31 statement"
"data/vocabulary.wdkb","gap","no-parent","warning","suggested-fix","Q86923152","risk source","","","","declared item with no `subclass of` (P279) and no `instance of` (P31) statement: the base says nothing about what it is","download the item (`wikidata fetch`) or add a P279 or P31 statement"
"data/vocabulary.wdkb","gap","no-parent","warning","suggested-fix","Q107223533","relation (mathematics)","","","","declared item with no `subclass of` (P279) and no `instance of` (P31) statement: the base says nothing about what it is","download the item (`wikidata fetch`) or add a P279 or P31 statement"
"data/vocabulary.wdkb","gap","no-parent","warning","suggested-fix","Q21004260","inquiry","","","","declared item with no `subclass of` (P279) and no `instance of` (P31) statement: the base says nothing about what it is","download the item (`wikidata fetch`) or add a P279 or P31 statement"
"data/vocabulary.wdkb","gap","no-parent","warning","suggested-fix","Q141066018","semifunctor","","","","declared item with no `subclass of` (P279) and no `instance of` (P31) statement: the base says nothing about what it is","download the item (`wikidata fetch`) or add a P279 or P31 statement"
"data/vocabulary.wdkb","gap","no-parent","warning","suggested-fix","Q135268494","group of 2","","","","declared item with no `subclass of` (P279) and no `instance of` (P31) statement: the base says nothing about what it is","download the item (`wikidata fetch`) or add a P279 or P31 statement"
"data/vocabulary.wdkb","gap","no-parent","warning","suggested-fix","Q600590","𝑛-tuple","","","","declared item with no `subclass of` (P279) and no `instance of` (P31) statement: the base says nothing about what it is","download the item (`wikidata fetch`) or add a P279 or P31 statement"
"data/vocabulary.wdkb","gap","no-parent","warning","suggested-fix","Q137426749","type of term","","","","declared item with no `subclass of` (P279) and no `instance of` (P31) statement: the base says nothing about what it is","download the item (`wikidata fetch`) or add a P279 or P31 statement"
"data/vocabulary.wdkb","gap","no-parent","warning","suggested-fix","Q655328","well-formed formula","","","","declared item with no `subclass of` (P279) and no `instance of` (P31) statement: the base says nothing about what it is","download the item (`wikidata fetch`) or add a P279 or P31 statement"
"data/vocabulary.wdkb","gap","no-parent","warning","suggested-fix","Q28859120","cardinal measurement scale","","","","declared item with no `subclass of` (P279) and no `instance of` (P31) statement: the base says nothing about what it is","download the item (`wikidata fetch`) or add a P279 or P31 statement"
"data/vocabulary.wdkb","gap","no-parent","warning","suggested-fix","Q1370617","measurement scale","","","","declared item with no `subclass of` (P279) and no `instance of` (P31) statement: the base says nothing about what it is","download the item (`wikidata fetch`) or add a P279 or P31 statement"
"data/vocabulary.wdkb","gap","no-parent","warning","suggested-fix","Q1413749","scale","","","","declared item with no `subclass of` (P279) and no `instance of` (P31) statement: the base says nothing about what it is","download the item (`wikidata fetch`) or add a P279 or P31 statement"
"data/vocabulary.wdkb","gap","no-parent","warning","suggested-fix","Q951437","level of measurement","","","","declared item with no `subclass of` (P279) and no `instance of` (P31) statement: the base says nothing about what it is","download the item (`wikidata fetch`) or add a P279 or P31 statement"
"data/vocabulary.wdkb","gap","no-parent","warning","suggested-fix","Q130788","chronology","","","","declared item with no `subclass of` (P279) and no `instance of` (P31) statement: the base says nothing about what it is","download the item (`wikidata fetch`) or add a P279 or P31 statement"
"data/vocabulary.wdkb","gap","no-parent","warning","suggested-fix","Q10567583","small category","","","","declared item with no `subclass of` (P279) and no `instance of` (P31) statement: the base says nothing about what it is","download the item (`wikidata fetch`) or add a P279 or P31 statement"
"data/vocabulary.wdkb","gap","no-parent","warning","suggested-fix","Q7233031","thin category","","","","declared item with no `subclass of` (P279) and no `instance of` (P31) statement: the base says nothing about what it is","download the item (`wikidata fetch`) or add a P279 or P31 statement"
"data/vocabulary.wdkb","gap","no-parent","warning","suggested-fix","Q748349","mathematical structure","","","","declared item with no `subclass of` (P279) and no `instance of` (P31) statement: the base says nothing about what it is","download the item (`wikidata fetch`) or add a P279 or P31 statement"
"data/vocabulary.wdkb","gap","no-parent","warning","suggested-fix","Q1851710","structure (model theory)","","","","declared item with no `subclass of` (P279) and no `instance of` (P31) statement: the base says nothing about what it is","download the item (`wikidata fetch`) or add a P279 or P31 statement"
"data/vocabulary.wdkb","gap","no-parent","warning","suggested-fix","Q8425","society","","","","declared item with no `subclass of` (P279) and no `instance of` (P31) statement: the base says nothing about what it is","download the item (`wikidata fetch`) or add a P279 or P31 statement"
"data/vocabulary.wdkb","gap","no-parent","warning","suggested-fix","Q115160940","mathematical method","","","","declared item with no `subclass of` (P279) and no `instance of` (P31) statement: the base says nothing about what it is","download the item (`wikidata fetch`) or add a P279 or P31 statement"
"data/vocabulary.wdkb","gap","no-parent","warning","suggested-fix","Q136433660","entity","","","","declared item with no `subclass of` (P279) and no `instance of` (P31) statement: the base says nothing about what it is","download the item (`wikidata fetch`) or add a P279 or P31 statement"
"data/vocabulary.wdkb","gap","no-parent","warning","suggested-fix","Q309314","quantity","","","","declared item with no `subclass of` (P279) and no `instance of` (P31) statement: the base says nothing about what it is","download the item (`wikidata fetch`) or add a P279 or P31 statement"
"data/vocabulary.wdkb","gap","no-parent","warning","suggested-fix","Q28813620","set","","","","declared item with no `subclass of` (P279) and no `instance of` (P31) statement: the base says nothing about what it is","download the item (`wikidata fetch`) or add a P279 or P31 statement"
"data/vocabulary.wdkb","gap","no-parent","warning","suggested-fix","Q47574","unit of measurement","","","","declared item with no `subclass of` (P279) and no `instance of` (P31) statement: the base says nothing about what it is","download the item (`wikidata fetch`) or add a P279 or P31 statement"
"data/vocabulary.wdkb","gap","no-parent","warning","suggested-fix","Q286583","manifestation","","","","declared item with no `subclass of` (P279) and no `instance of` (P31) statement: the base says nothing about what it is","download the item (`wikidata fetch`) or add a P279 or P31 statement"
"data/vocabulary.wdkb","gap","no-parent","warning","suggested-fix","Q3523102","source of information","","","","declared item with no `subclass of` (P279) and no `instance of` (P31) statement: the base says nothing about what it is","download the item (`wikidata fetch`) or add a P279 or P31 statement"
"data/vocabulary.wdkb","gap","no-parent","warning","suggested-fix","Q66310127","immaterial component","","","","declared item with no `subclass of` (P279) and no `instance of` (P31) statement: the base says nothing about what it is","download the item (`wikidata fetch`) or add a P279 or P31 statement"
"data/vocabulary.wdkb","gap","no-parent","warning","suggested-fix","Q621184","problem","","","","declared item with no `subclass of` (P279) and no `instance of` (P31) statement: the base says nothing about what it is","download the item (`wikidata fetch`) or add a P279 or P31 statement"
"data/vocabulary.wdkb","gap","no-parent","warning","suggested-fix","Q130286945","type of problem","","","","declared item with no `subclass of` (P279) and no `instance of` (P31) statement: the base says nothing about what it is","download the item (`wikidata fetch`) or add a P279 or P31 statement"
"data/vocabulary.wdkb","gap","no-parent","warning","suggested-fix","Q1263068","duplicate entry","","","","declared item with no `subclass of` (P279) and no `instance of` (P31) statement: the base says nothing about what it is","download the item (`wikidata fetch`) or add a P279 or P31 statement"
"data/vocabulary.wdkb","gap","no-parent","warning","suggested-fix","Q8359428","social activist","","","","declared item with no `subclass of` (P279) and no `instance of` (P31) statement: the base says nothing about what it is","download the item (`wikidata fetch`) or add a P279 or P31 statement"
"data/vocabulary.wdkb","gap","no-parent","warning","suggested-fix","Q931483","legal fiction","","","","declared item with no `subclass of` (P279) and no `instance of` (P31) statement: the base says nothing about what it is","download the item (`wikidata fetch`) or add a P279 or P31 statement"
"data/vocabulary.wdkb","gap","no-parent","warning","suggested-fix","Q15474042","MediaWiki page","","","","declared item with no `subclass of` (P279) and no `instance of` (P31) statement: the base says nothing about what it is","download the item (`wikidata fetch`) or add a P279 or P31 statement"
"data/vocabulary.wdkb","gap","no-parent","warning","suggested-fix","Q88392887","part of a work","","","","declared item with no `subclass of` (P279) and no `instance of` (P31) statement: the base says nothing about what it is","download the item (`wikidata fetch`) or add a P279 or P31 statement"
"data/vocabulary.wdkb","gap","no-parent","warning","suggested-fix","Q17537576","creative work","","","","declared item with no `subclass of` (P279) and no `instance of` (P31) statement: the base says nothing about what it is","download the item (`wikidata fetch`) or add a P279 or P31 statement"
"data/vocabulary.wdkb","gap","no-parent","warning","suggested-fix","Q4263830","literary form","","","","declared item with no `subclass of` (P279) and no `instance of` (P31) statement: the base says nothing about what it is","download the item (`wikidata fetch`) or add a P279 or P31 statement"
"data/vocabulary.wdkb","gap","no-parent","warning","suggested-fix","Q39725049","type of publication","","","","declared item with no `subclass of` (P279) and no `instance of` (P31) statement: the base says nothing about what it is","download the item (`wikidata fetch`) or add a P279 or P31 statement"
"data/vocabulary.wdkb","gap","no-parent","warning","suggested-fix","Q115491417","description","","","","declared item with no `subclass of` (P279) and no `instance of` (P31) statement: the base says nothing about what it is","download the item (`wikidata fetch`) or add a P279 or P31 statement"
"data/vocabulary.wdkb","gap","no-parent","warning","suggested-fix","Q488383","object","","","","declared item with no `subclass of` (P279) and no `instance of` (P31) statement: the base says nothing about what it is","download the item (`wikidata fetch`) or add a P279 or P31 statement"
"data/vocabulary.wdkb","gap","no-parent","warning","suggested-fix","Q35120","entity","","","","declared item with no `subclass of` (P279) and no `instance of` (P31) statement: the base says nothing about what it is","download the item (`wikidata fetch`) or add a P279 or P31 statement"
"data/vocabulary.wdkb","gap","no-parent","warning","suggested-fix","Q215627","person","","","","declared item with no `subclass of` (P279) and no `instance of` (P31) statement: the base says nothing about what it is","download the item (`wikidata fetch`) or add a P279 or P31 statement"
"data/vocabulary.wdkb","gap","no-parent","warning","suggested-fix","Q795052","individual","","","","declared item with no `subclass of` (P279) and no `instance of` (P31) statement: the base says nothing about what it is","download the item (`wikidata fetch`) or add a P279 or P31 statement"
"data/vocabulary.wdkb","gap","no-parent","warning","suggested-fix","Q72638","consumer","","","","declared item with no `subclass of` (P279) and no `instance of` (P31) statement: the base says nothing about what it is","download the item (`wikidata fetch`) or add a P279 or P31 statement"
"data/vocabulary.wdkb","gap","no-parent","warning","suggested-fix","Q729","animal","","","","declared item with no `subclass of` (P279) and no `instance of` (P31) statement: the base says nothing about what it is","download the item (`wikidata fetch`) or add a P279 or P31 statement"
"data/vocabulary.wdkb","gap","no-parent","warning","suggested-fix","Q106559804","person or organization","","","","declared item with no `subclass of` (P279) and no `instance of` (P31) statement: the base says nothing about what it is","download the item (`wikidata fetch`) or add a P279 or P31 statement"
"data/vocabulary.wdkb","gap","no-parent","warning","suggested-fix","Q10541491","legal form","","","","declared item with no `subclass of` (P279) and no `instance of` (P31) statement: the base says nothing about what it is","download the item (`wikidata fetch`) or add a P279 or P31 statement"
"data/vocabulary.wdkb","gap","no-parent","warning","suggested-fix","Q134601860","class of person","","","","declared item with no `subclass of` (P279) and no `instance of` (P31) statement: the base says nothing about what it is","download the item (`wikidata fetch`) or add a P279 or P31 statement"
"data/vocabulary.wdkb","gap","no-parent","warning","suggested-fix","Q111360549","type of physical object","","","","declared item with no `subclass of` (P279) and no `instance of` (P31) statement: the base says nothing about what it is","download the item (`wikidata fetch`) or add a P279 or P31 statement"
"data/vocabulary.wdkb","gap","no-parent","warning","suggested-fix","Q15978631","Homo sapiens","","","","declared item with no `subclass of` (P279) and no `instance of` (P31) statement: the base says nothing about what it is","download the item (`wikidata fetch`) or add a P279 or P31 statement"
"data/vocabulary.wdkb","gap","no-parent","warning","suggested-fix","Q134264207","class of human","","","","declared item with no `subclass of` (P279) and no `instance of` (P31) statement: the base says nothing about what it is","download the item (`wikidata fetch`) or add a P279 or P31 statement"
"data/vocabulary.wdkb","gap","no-parent","warning","suggested-fix","Q21871294","group or class of living things","","","","declared item with no `subclass of` (P279) and no `instance of` (P31) statement: the base says nothing about what it is","download the item (`wikidata fetch`) or add a P279 or P31 statement"
"data/vocabulary.wdkb","gap","no-parent","warning","suggested-fix","Q19868531","formal ontology concept","","","","declared item with no `subclass of` (P279) and no `instance of` (P31) statement: the base says nothing about what it is","download the item (`wikidata fetch`) or add a P279 or P31 statement"
"data/vocabulary.wdkb","gap","no-parent","warning","suggested-fix","Q16334295","group of humans","","","","declared item with no `subclass of` (P279) and no `instance of` (P31) statement: the base says nothing about what it is","download the item (`wikidata fetch`) or add a P279 or P31 statement"
"data/vocabulary.wdkb","gap","no-parent","warning","suggested-fix","Q1313923","kindred","","","","declared item with no `subclass of` (P279) and no `instance of` (P31) statement: the base says nothing about what it is","download the item (`wikidata fetch`) or add a P279 or P31 statement"
"data/vocabulary.wdkb","gap","no-parent","warning","suggested-fix","Q178706","institution","","","","declared item with no `subclass of` (P279) and no `instance of` (P31) statement: the base says nothing about what it is","download the item (`wikidata fetch`) or add a P279 or P31 statement"
"data/vocabulary.wdkb","gap","no-parent","warning","suggested-fix","Q131085629","collective agent","","","","declared item with no `subclass of` (P279) and no `instance of` (P31) statement: the base says nothing about what it is","download the item (`wikidata fetch`) or add a P279 or P31 statement"
"data/vocabulary.wdkb","gap","no-parent","warning","suggested-fix","Q112807602","type of social group","","","","declared item with no `subclass of` (P279) and no `instance of` (P31) statement: the base says nothing about what it is","download the item (`wikidata fetch`) or add a P279 or P31 statement"
"data/vocabulary.wdkb","gap","no-parent","warning","suggested-fix","Q1639378","social system","","","","declared item with no `subclass of` (P279) and no `instance of` (P31) statement: the base says nothing about what it is","download the item (`wikidata fetch`) or add a P279 or P31 statement"
"data/vocabulary.wdkb","gap","no-parent","warning","suggested-fix","Q2150504","signal","","","","declared item with no `subclass of` (P279) and no `instance of` (P31) statement: the base says nothing about what it is","download the item (`wikidata fetch`) or add a P279 or P31 statement"
"data/vocabulary.wdkb","gap","no-parent","warning","suggested-fix","Q101072","definition","","","","declared item with no `subclass of` (P279) and no `instance of` (P31) statement: the base says nothing about what it is","download the item (`wikidata fetch`) or add a P279 or P31 statement"
"data/vocabulary.wdkb","gap","no-parent","warning","suggested-fix","Q5127848","class","","","","declared item with no `subclass of` (P279) and no `instance of` (P31) statement: the base says nothing about what it is","download the item (`wikidata fetch`) or add a P279 or P31 statement"
"data/vocabulary.wdkb","gap","no-parent","warning","suggested-fix","Q104637420","sourcing circumstance","","","","declared item with no `subclass of` (P279) and no `instance of` (P31) statement: the base says nothing about what it is","download the item (`wikidata fetch`) or add a P279 or P31 statement"
"data/vocabulary.wdkb","gap","no-parent","warning","suggested-fix","Q1348645","instructional materials","","","","declared item with no `subclass of` (P279) and no `instance of` (P31) statement: the base says nothing about what it is","download the item (`wikidata fetch`) or add a P279 or P31 statement"
"data/vocabulary.wdkb","gap","no-parent","warning","suggested-fix","Q732577","publication","","","","declared item with no `subclass of` (P279) and no `instance of` (P31) statement: the base says nothing about what it is","download the item (`wikidata fetch`) or add a P279 or P31 statement"
"data/vocabulary.wdkb","gap","no-parent","warning","suggested-fix","Q223393","literary genre","","","","declared item with no `subclass of` (P279) and no `instance of` (P31) statement: the base says nothing about what it is","download the item (`wikidata fetch`) or add a P279 or P31 statement"
"data/vocabulary.wdkb","gap","no-parent","warning","suggested-fix","Q16317911","positive integer","","","","declared item with no `subclass of` (P279) and no `instance of` (P31) statement: the base says nothing about what it is","download the item (`wikidata fetch`) or add a P279 or P31 statement"
"data/vocabulary.wdkb","gap","no-parent","warning","suggested-fix","Q93868746","numeric identifier","","","","declared item with no `subclass of` (P279) and no `instance of` (P31) statement: the base says nothing about what it is","download the item (`wikidata fetch`) or add a P279 or P31 statement"
"data/vocabulary.wdkb","gap","no-parent","warning","suggested-fix","Q133449656","type of work","","","","declared item with no `subclass of` (P279) and no `instance of` (P31) statement: the base says nothing about what it is","download the item (`wikidata fetch`) or add a P279 or P31 statement"
"data/vocabulary.wdkb","gap","no-parent","warning","suggested-fix","Q234460","text","","","","declared item with no `subclass of` (P279) and no `instance of` (P31) statement: the base says nothing about what it is","download the item (`wikidata fetch`) or add a P279 or P31 statement"
"data/vocabulary.wdkb","gap","no-parent","warning","suggested-fix","Q16944486","elaboration","","","","declared item with no `subclass of` (P279) and no `instance of` (P31) statement: the base says nothing about what it is","download the item (`wikidata fetch`) or add a P279 or P31 statement"
"data/vocabulary.wdkb","gap","no-parent","warning","suggested-fix","Q63872616","layout component","","","","declared item with no `subclass of` (P279) and no `instance of` (P31) statement: the base says nothing about what it is","download the item (`wikidata fetch`) or add a P279 or P31 statement"
"data/vocabulary.wdkb","gap","no-parent","warning","suggested-fix","Q31464082","source entity","","","","declared item with no `subclass of` (P279) and no `instance of` (P31) statement: the base says nothing about what it is","download the item (`wikidata fetch`) or add a P279 or P31 statement"
"data/vocabulary.wdkb","gap","no-parent","warning","suggested-fix","Q613930","thematic relation","","","","declared item with no `subclass of` (P279) and no `instance of` (P31) statement: the base says nothing about what it is","download the item (`wikidata fetch`) or add a P279 or P31 statement"
"data/vocabulary.wdkb","gap","no-parent","warning","suggested-fix","Q112234259","source type","","","","declared item with no `subclass of` (P279) and no `instance of` (P31) statement: the base says nothing about what it is","download the item (`wikidata fetch`) or add a P279 or P31 statement"
"data/vocabulary.wdkb","gap","no-parent","warning","suggested-fix","Q628523","message","","","","declared item with no `subclass of` (P279) and no `instance of` (P31) statement: the base says nothing about what it is","download the item (`wikidata fetch`) or add a P279 or P31 statement"
"data/vocabulary.wdkb","gap","no-parent","warning","suggested-fix","Q9584157","adult human","","","","declared item with no `subclass of` (P279) and no `instance of` (P31) statement: the base says nothing about what it is","download the item (`wikidata fetch`) or add a P279 or P31 statement"
"data/vocabulary.wdkb","gap","no-parent","warning","suggested-fix","Q137429456","type of concept","","","","declared item with no `subclass of` (P279) and no `instance of` (P31) statement: the base says nothing about what it is","download the item (`wikidata fetch`) or add a P279 or P31 statement"
"data/vocabulary.wdkb","gap","no-parent","warning","suggested-fix","Q1379672","evaluation","","","","declared item with no `subclass of` (P279) and no `instance of` (P31) statement: the base says nothing about what it is","download the item (`wikidata fetch`) or add a P279 or P31 statement"
"data/vocabulary.wdkb","gap","no-parent","warning","suggested-fix","Q37866906","information resource","","","","declared item with no `subclass of` (P279) and no `instance of` (P31) statement: the base says nothing about what it is","download the item (`wikidata fetch`) or add a P279 or P31 statement"
"data/vocabulary.wdkb","gap","no-parent","warning","suggested-fix","Q7397","software","","","","declared item with no `subclass of` (P279) and no `instance of` (P31) statement: the base says nothing about what it is","download the item (`wikidata fetch`) or add a P279 or P31 statement"
"data/vocabulary.wdkb","gap","no-parent","warning","suggested-fix","Q17379835","Wikimedia page outside the main knowledge tree","","","","declared item with no `subclass of` (P279) and no `instance of` (P31) statement: the base says nothing about what it is","download the item (`wikidata fetch`) or add a P279 or P31 statement"
"data/vocabulary.wdkb","gap","no-parent","warning","suggested-fix","Q97302511","partial operation","","","","declared item with no `subclass of` (P279) and no `instance of` (P31) statement: the base says nothing about what it is","download the item (`wikidata fetch`) or add a P279 or P31 statement"
"data/vocabulary.wdkb","gap","no-parent","warning","suggested-fix","Q3924032","mathematical property","","","","declared item with no `subclass of` (P279) and no `instance of` (P31) statement: the base says nothing about what it is","download the item (`wikidata fetch`) or add a P279 or P31 statement"
"data/vocabulary.wdkb","gap","no-parent","warning","suggested-fix","Q8171","word","","","","declared item with no `subclass of` (P279) and no `instance of` (P31) statement: the base says nothing about what it is","download the item (`wikidata fetch`) or add a P279 or P31 statement"
"data/vocabulary.wdkb","gap","no-parent","warning","suggested-fix","Q138303935","type of information","","","","declared item with no `subclass of` (P279) and no `instance of` (P31) statement: the base says nothing about what it is","download the item (`wikidata fetch`) or add a P279 or P31 statement"
"data/vocabulary.wdkb","gap","no-parent","warning","suggested-fix","Q651943","signifier","","","","declared item with no `subclass of` (P279) and no `instance of` (P31) statement: the base says nothing about what it is","download the item (`wikidata fetch`) or add a P279 or P31 statement"
"data/vocabulary.wdkb","gap","no-parent","warning","suggested-fix","Q503992","nominal","","","","declared item with no `subclass of` (P279) and no `instance of` (P31) statement: the base says nothing about what it is","download the item (`wikidata fetch`) or add a P279 or P31 statement"
"data/vocabulary.wdkb","gap","no-parent","warning","suggested-fix","Q31381203","RDF literal","","","","declared item with no `subclass of` (P279) and no `instance of` (P31) statement: the base says nothing about what it is","download the item (`wikidata fetch`) or add a P279 or P31 statement"
"data/vocabulary.wdkb","gap","no-parent","warning","suggested-fix","Q138716859","mother or mother's sister","","","","declared item with no `subclass of` (P279) and no `instance of` (P31) statement: the base says nothing about what it is","download the item (`wikidata fetch`) or add a P279 or P31 statement"
"examples/defects.skb","gap","no-parent","warning","suggested-fix","Q2","","","","","declared item with no `subclass of` (P279) and no `instance of` (P31) statement: the base says nothing about what it is","download the item (`wikidata fetch`) or add a P279 or P31 statement"
"examples/defects.skb","gap","no-parent","warning","suggested-fix","Q5","human","","","","declared item with no `subclass of` (P279) and no `instance of` (P31) statement: the base says nothing about what it is","download the item (`wikidata fetch`) or add a P279 or P31 statement"
"examples/defects.skb","gap","no-parent","warning","suggested-fix","Q6","","","","","declared item with no `subclass of` (P279) and no `instance of` (P31) statement: the base says nothing about what it is","download the item (`wikidata fetch`) or add a P279 or P31 statement"
"examples/defects.skb","gap","no-parent","warning","suggested-fix","Q10","","","","","declared item with no `subclass of` (P279) and no `instance of` (P31) statement: the base says nothing about what it is","download the item (`wikidata fetch`) or add a P279 or P31 statement"
"examples/defects.skb","gap","no-parent","warning","suggested-fix","Q12","","","","","declared item with no `subclass of` (P279) and no `instance of` (P31) statement: the base says nothing about what it is","download the item (`wikidata fetch`) or add a P279 or P31 statement"
"examples/defects.skb","gap","no-parent","warning","suggested-fix","Q14","","","","","declared item with no `subclass of` (P279) and no `instance of` (P31) statement: the base says nothing about what it is","download the item (`wikidata fetch`) or add a P279 or P31 statement"
"examples/defects.skb","gap","no-parent","warning","suggested-fix","C2","","","","","declared item with no `subclass of` (P279) and no `instance of` (P31) statement: the base says nothing about what it is","download the item (`wikidata fetch`) or add a P279 or P31 statement"
"examples/defects.skb","gap","no-parent","warning","suggested-fix","V1","","","","","declared item with no `subclass of` (P279) and no `instance of` (P31) statement: the base says nothing about what it is","download the item (`wikidata fetch`) or add a P279 or P31 statement"
"examples/defects.skb","gap","no-parent","warning","suggested-fix","V2","","","","","declared item with no `subclass of` (P279) and no `instance of` (P31) statement: the base says nothing about what it is","download the item (`wikidata fetch`) or add a P279 or P31 statement"
"examples/defects.skb","gap","no-parent","warning","suggested-fix","V3","","","","","declared item with no `subclass of` (P279) and no `instance of` (P31) statement: the base says nothing about what it is","download the item (`wikidata fetch`) or add a P279 or P31 statement"
"examples/defects.skb","gap","no-parent","warning","suggested-fix","V4","","","","","declared item with no `subclass of` (P279) and no `instance of` (P31) statement: the base says nothing about what it is","download the item (`wikidata fetch`) or add a P279 or P31 statement"
"examples/defects.skb","gap","no-parent","warning","suggested-fix","V5","","","","","declared item with no `subclass of` (P279) and no `instance of` (P31) statement: the base says nothing about what it is","download the item (`wikidata fetch`) or add a P279 or P31 statement"
"examples/defects.skb","gap","no-parent","warning","suggested-fix","W1","","","","","declared item with no `subclass of` (P279) and no `instance of` (P31) statement: the base says nothing about what it is","download the item (`wikidata fetch`) or add a P279 or P31 statement"
"examples/defects.skb","gap","no-parent","warning","suggested-fix","W2","","","","","declared item with no `subclass of` (P279) and no `instance of` (P31) statement: the base says nothing about what it is","download the item (`wikidata fetch`) or add a P279 or P31 statement"
"examples/defects.skb","gap","no-parent","warning","suggested-fix","T","","","","","declared item with no `subclass of` (P279) and no `instance of` (P31) statement: the base says nothing about what it is","download the item (`wikidata fetch`) or add a P279 or P31 statement"
"examples/defects.skb","gap","no-parent","warning","suggested-fix","T2","","","","","declared item with no `subclass of` (P279) and no `instance of` (P31) statement: the base says nothing about what it is","download the item (`wikidata fetch`) or add a P279 or P31 statement"
"examples/taxa-defects.tkb","gap","no-parent","warning","suggested-fix","Q1","","","","","declared item with no `subclass of` (P279) and no `instance of` (P31) statement: the base says nothing about what it is","download the item (`wikidata fetch`) or add a P279 or P31 statement"
"examples/taxa-defects.tkb","gap","no-parent","warning","suggested-fix","Q2","","","","","declared item with no `subclass of` (P279) and no `instance of` (P31) statement: the base says nothing about what it is","download the item (`wikidata fetch`) or add a P279 or P31 statement"
"examples/taxa-defects.tkb","gap","no-parent","warning","suggested-fix","Q3","","","","","declared item with no `subclass of` (P279) and no `instance of` (P31) statement: the base says nothing about what it is","download the item (`wikidata fetch`) or add a P279 or P31 statement"
"examples/taxa-defects.tkb","gap","no-parent","warning","suggested-fix","Q4","","","","","declared item with no `subclass of` (P279) and no `instance of` (P31) statement: the base says nothing about what it is","download the item (`wikidata fetch`) or add a P279 or P31 statement"
"examples/taxa-defects.tkb","gap","no-parent","warning","suggested-fix","Q5","human","","","","declared item with no `subclass of` (P279) and no `instance of` (P31) statement: the base says nothing about what it is","download the item (`wikidata fetch`) or add a P279 or P31 statement"
"examples/taxa-defects.tkb","gap","no-parent","warning","suggested-fix","Q7","","","","","declared item with no `subclass of` (P279) and no `instance of` (P31) statement: the base says nothing about what it is","download the item (`wikidata fetch`) or add a P279 or P31 statement"
"examples/taxa-defects.tkb","gap","no-parent","warning","suggested-fix","Q8","","","","","declared item with no `subclass of` (P279) and no `instance of` (P31) statement: the base says nothing about what it is","download the item (`wikidata fetch`) or add a P279 or P31 statement"
