id	canonical	kind	label	description	enwiki
P17	P17	property	country	sovereign state that this subject item is in (not to be used for human beings)	
P19	P19	property	place of birth	most specific known birth location of a person, animal or fictional character	
P22	P22	property	father	male parent of the subject. For stepfather, use "stepparent" (P3448)	
P25	P25	property	mother	female parent of the subject. For stepmother, use "stepparent" (P3448)	
P26	P26	property	spouse	the subject has the object as their spouse (husband, wife, partner, etc.). Use "unmarried partner" (P451) for non-married companions	
P27	P27	property	country of citizenship	the object is a country that recognizes the subject as its citizen	
P31	P31	property	instance of	type to which this subject corresponds/belongs. Different from P279 (subclass of); for example: K2 is an instance of mountain; volcano is a subclass of mountain	
P36	P36	property	capital	seat of government of a country, province, state or other type of administrative territorial entity	
P40	P40	property	child	subject has object as child. Do not use for stepchildren—use "relative" (P1038), qualified with "kinship to subject" (P1039)	
P105	P105	property	taxon rank	level in a taxonomic hierarchy	
P131	P131	property	located in the administrative territorial entity	the item is located on the territory of the following administrative entity. Use P276 for specifying locations that are non-administrative places and for items about events. Use P1382 if the item falls only partially into the administrative entity	
P143	P143	property	imported from Wikimedia project	source of this claim's value; used in references section by bots or humans importing data from Wikimedia projects	
P155	P155	property	follows	immediately prior item in a series of which the subject is a part, preferably use as qualifier of P179 [if the subject has replaced the preceding item, e.g. political offices, use "replaces" (P1365)]	
P156	P156	property	followed by	immediately following item in a series of which the subject is a part, preferably use as qualifier of P179 [if the subject has been replaced, e.g. political offices, use "replaced by" (P1366)]	
P171	P171	property	parent taxon	closest parent taxon of the taxon in question	
P179	P179	property	part of the series	series which contains the subject	
P214	P214	property	VIAF cluster ID	identifier for the Virtual International Authority File database [format: up to 22 digits]; please note: VIAF is a cluster, the ID can include multiple items	
P225	P225	property	taxon name	correct scientific name of a taxon (according to the reference given)	
P227	P227	property	GND ID	identifier from the Gemeinsame Normdatei authority file of names, subjects, and organizations	
P248	P248	property	stated in	to be used in the references field to refer to the information document or database in which a claim is made; for qualifiers use P805; for the type of document in which a claim is made use P3865	
P279	P279	property	subclass of	this item is a subclass (subset) of that item; ALL instances of this item are instances of that item; different from P31 (instance of), e.g.: volcano is a subclass of mountain; Everest is an instance of mountain	
P361	P361	property	part of	object of which the subject is a part (if this subject is already part of object A which is a part of object B, then please only make the subject part of object A), inverse property of "has part" (P527, see also "has parts of the class" (P2670))	
P460	P460	property	said to be the same as	this item is said to be the same as that item, though this may be uncertain or disputed	
P527	P527	property	has part(s)	part of this subject; inverse property of "part of" (P361). See also "has parts of the class" (P2670).	
P569	P569	property	date of birth	date on which the subject was born	
P571	P571	property	inception	time when an entity begins to exist; for date of official opening use P1619	
P580	P580	property	start time	time an entity begins to exist or a statement starts being valid	
P582	P582	property	end time	moment when an entity ceases to exist and a statement stops being entirely valid or no longer be true	
P585	P585	property	point in time	date something took place, existed or a statement was true; for providing time use the "refine date" property (P4241)	
P854	P854	property	reference URL	should be used for Internet URLs as references. Use "Wikimedia import URL" (P4656) for imports from Wikimedia sites	
P1038	P1038	property	relative	family member (qualify with "kinship to subject", P1039; for direct family member please use specific property)	
P1039	P1039	property	kinship to subject	qualifier of "relative" (P1038) to indicate less usual family relationships (ancestor, son-in-law, adoptions, etc); indicate how the qualificator item is related to the main item	
P1082	P1082	property	population	number of people inhabiting the place; number of people of subject	
P1376	P1376	property	capital of	country, state, department, canton or other administrative division of which the municipality is the governmental seat	
P1545	P1545	property	series ordinal	position of an item in its parent series (most frequently a 1-based index), generally to be used as a qualifier (different from "rank" defined as a class, and from "ranking" defined as a property for evaluating a quality)	
P1628	P1628	property	equivalent property	equivalent property in other ontologies (use in statements on properties, use property URI)	
P1630	P1630	property	formatter URL	web page URL; URI template from which “$1” can be automatically replaced with the effective property value on items. If the site goes offline, set it to deprecated rank. If the formatter URL changes, add a new statement with preferred rank	
P1647	P1647	property	subproperty of	all resources related by this property are also related by that property	
P1696	P1696	property	inverse property	links a property to its inverse property (which relates the subject and object in reverse order)	
P1709	P1709	property	equivalent class	equivalent class in other ontologies (use property URI)	
P1889	P1889	property	different from	item that is different from another item, with which it may be confused	
P1963	P1963	property	properties for this type	when this subject is used as object of “instance of”, the following properties normally apply	
P2241	P2241	property	reason for deprecated rank	qualifier to indicate why a particular statement should have deprecated rank	
P2370	P2370	property	փոխարկում ՄՀ միավորների	conversion of the unit into a coherent SI unit	
P2670	P2670	property	has part(s) of the class	the subject has one or more parts of the object class	
P2737	P2737	property	union of	every instance of this class is an instance of at least one class in that list of classes. Use "list item" P11260 as qualifiers to specify the list of classes	
P2738	P2738	property	disjoint union of	every instance of this class is an instance of exactly one class in that list of classes. Use "list item" P11260 as qualifiers to specify the list of classes	
P3448	P3448	property	stepparent	subject has the object as their stepparent	
P3831	P3831	property	object of statement has role	(qualifier) role held by the predicate value (object) of a statement in the context of that statement; for the role of the item the statement appears on (subject), use P2868	
P5137	P5137	property	item for this sense	concept corresponding to this sense of a lexeme. Use only on lexeme senses; do not use on items or properties	
P8810	P8810	property	parent	parent of the subject. Only use if neither father (P22) nor mother (P25) nor stepparent (P3448) is applicable.	
Q5	Q5	item	human	any single member of Homo sapiens, unique extant species of the genus Homo	Human
Q21	Q21	item	England	country in north-west Europe, part of the United Kingdom	England
Q30	Q30	item	United States	country located primarily in North America	United States
Q42	Q42	item	Douglas Adams	British science fiction writer and humorist (1952–2001)	Douglas Adams
Q46	Q46	item	Europe	terrestrial continent located in north-western Eurasia	Europe
Q64	Q64	item	Berlin	federated state, capital and largest city of Germany	Berlin
Q68	Q68	item	computer	general-purpose device for performing arithmetic or logical operations	Computer
Q76	Q76	item	Barack Obama	44th President of the United States (2009–2017)	Barack Obama
Q84	Q84	item	London	capital and largest city of England and the United Kingdom	London
Q90	Q90	item	Paris	capital and most populous city in France	Paris
Q140	Q140	item	lion	species of big cat	Lion
Q145	Q145	item	United Kingdom	island country in north-west Europe	United Kingdom
Q171	Q171	item	wiki	type of website that visitors can edit	Wiki
Q183	Q183	item	Germany	country in Central Europe	Germany
Q188	Q188	item	German	West Germanic language	German language
Q198	Q198	item	war	organized and prolonged violent conflict between different nations, states, or different groups within a nation or state	War
Q308	Q308	item	Mercury	first planet from the Solar System and smallest among all, tellurian and with extreme temperatures	Mercury (planet)
Q328	Q328	item	English Wikipedia	English-language edition of Wikipedia	English Wikipedia
Q336	Q336	item	science	systematic endeavor that builds and organizes knowledge, and the set of knowledge produced by this system	Science
Q350	Q350	item	Cambridge	city in Cambridgeshire, England	Cambridge
Q395	Q395	item	mathematics	field of study	Mathematics
Q446	Q446	item	wheel	circular item that rotates about an axial bearing; one of the six simple machines	Wheel
Q515	Q515	item	city	large human settlement	City
Q571	Q571	item	book	medium for recording information (words or images) typically on bound pages or more abstractly in electronic or audio form	Book
Q729	Q729	item	animal	kingdom of multicellular eukaryotic organisms	Animal
Q735	Q735	item	art	general concept that creates expressive work for its beauty or emotional power (use Q838948 for the resulting work, use Q2018526 for the group of creative disciplines)	Art
Q756	Q756	item	plant	living thing in the kingdom of photosynthetic eukaryotes	Plant
Q762	Q762	item	Leonardo da Vinci	Italian Renaissance polymath (1452−1519)	Leonardo da Vinci
Q901	Q901	item	scientist	person who uses scientific methods to study in an area of interest	Scientist
Q925	Q925	item	mercury	chemical element with symbol Hg and atomic number 80	Mercury (element)
Q937	Q937	item	Albert Einstein	German-born theoretical physicist (1879–1955)	Albert Einstein
Q1035	Q1035	item	Charles Darwin	English naturalist and biologist (1809–1882)	Charles Darwin
Q1084	Q1084	item	noun	word that functions as the name of a specific object or set of objects	Noun
Q1444	Q1444	item	organ	musical keyboard instrument	Organ (music)
Q1713	Q1713	item	citation	reference to a source	Citation
Q1860	Q1860	item	English	West Germanic language	English language
Q2013	Q2013	item	Wikidata	free multilingual online knowledge graph	Wikidata
Q3918	Q3918	item	university	an institution of tertiary education and research which awards academic degrees in several academic disciplines	University
Q3968	Q3968	item	algebra	part of mathematics in which letters and other symbols are used to represent numbers and quantities in formulae and equations	Algebra
Q5113	Q5113	item	bird	class of vertebrates characterized by wings, a feather-covered body and a beak	Bird
Q5119	Q5119	item	capital city	primary governing city of a top-level (country) or first-level and second-level subdivision (country, state, province, regency, etc) political entity	Capital city
Q5592	Q5592	item	Michelangelo	Italian artist and architect (1475-1564)	Michelangelo
Q5891	Q5891	item	philosophy	study of questions concerning being, thought, knowledge, and conduct for which no objective answers have been established, using logical reasoning	Philosophy
Q6256	Q6256	item	country	distinct territorial body or political entity	Country
Q6266	Q6266	item	nation	community of people who share a common language, culture, ethnicity, descent, or history	Nation
Q7187	Q7187	item	gene	basic physical and functional unit of heredity	Gene
Q7188	Q7188	item	government	system or group of people governing an organized community, often a state. traditionally all three branches, legislature, executive and judiciary. in modern englisch often the executive branch.	Government
Q7207	Q7207	item	Elizabeth I of England	Queen of England and Ireland from 1558 to 1603  (1533-1603)	Elizabeth I
Q7211	Q7211	item	taxonomy	classification of things or concepts, as well as to the principles underlying such a classification, categorization is based on discrete sets, different from meronymy which is dealing with the classification of parts of a whole	Taxonomy
Q7239	Q7239	item	organism	living being or physical living system composed of organic matter	Organism
Q7259	Q7259	item	Ada Lovelace	English mathematician (1815–1852)	Ada Lovelace
Q7270	Q7270	item	republic	form of government where the head of state is elected	Republic
Q7275	Q7275	item	state	organised community living under a system of government; either a sovereign state, constituent state, or federated state	State (polity)
Q7278	Q7278	item	political party	organization that seeks to influence government policy and actions and be elected to directly take part on government or legislation	Political party
Q7377	Q7377	item	mammal	class of animals, mostly terrestrial tetrapods, some aquatic	Mammal
Q7380	Q7380	item	primate	order of mammals (scientific name: Primates)	Primate
Q7397	Q7397	item	software	non-tangible executable component of a computer	Software
Q7432	Q7432	item	species	one of the basic units of biological classification and a taxonomic rank	Species
Q7560	Q7560	item	mother	female parent	Mother
Q7566	Q7566	item	parent	progenitor or caregiver of the offspring in their own species, inverse label for property P40	Parent
Q7958	Q7958	item	explanation	set of statements constructed to describe reasons why such as for facts	Explanation
Q7991	Q7991	item	natural science	branch of science about the natural world	Natural science
Q8054	Q8054	item	protein	biomolecule or biomolecule complex largely consisting of chains of amino acid residues	Protein
Q8078	Q8078	item	logic	study of correct reasoning	Logic
Q8171	Q8171	item	word	smallest linguistic element that will be said in isolation with semantic or pragmatic content	Word
Q8242	Q8242	item	literature	polysemous term referring to a written art form, and the set of all literary works	Literature
Q8366	Q8366	item	algorithm	sequence of instructions to perform a task	Algorithm
Q8386	Q8386	item	drug	chemical substance having an effect on the body	Drug
Q8425	Q8425	item	society	a group of individuals involved in persistent social interaction or a large social group sharing the same spatial or social territory, typically subject to the same political authority and dominant cultural expectations	Society
Q8436	Q8436	item	family	group of people affiliated by consanguinity, law, affinity, or co-residence	Family
Q8513	Q8513	item	database	organized collection of data in computing	Database
Q9081	Q9081	item	knowledge	awareness of facts, familiarity with individuals and situations, or practical skill; encompasses descriptive, procedural, and acquaintance knowledge, typically characterized as justified true belief distinct from opinion or guesswork	Knowledge
Q9143	Q9143	item	programming language	language for communicating instructions to a machine	Programming language
Q9332	Q9332	item	behavior	range of actions by entities, living or not, within a system	Behavior
Q9420	Q9420	item	thought	mental activity involving an individual's subjective consciousness	Thought
Q9471	Q9471	item	epistemology	branch of philosophy studying the nature and scope of knowledge	Epistemology
Q9492	Q9492	item	probability	measure of the expectation that an event will occur or a statement is true	Probability
Q10915	Q10915	item	Chordata	phylum of animals	Chordate
Q11016	Q11016	item	technology	making, modification, usage, and knowledge of tools, machines, techniques, crafts, systems, and methods of organization, or tools and techniques so created	Technology
Q11019	Q11019	item	machine	set of moving and fixed elements that uses energy to perform an intended action	Machine
Q11028	Q11028	item	information	that which informs; the answer to a question; that from which knowledge can be derived	Information
Q11173	Q11173	item	chemical compound	pure chemical substance consisting of two or more different chemical elements	Chemical compound
Q11184	Q11184	item	Julian calendar	calendar introduced by Julius Caesar in 45 BC	Julian calendar
Q11344	Q11344	item	chemical element	species of atoms having the same number of protons in the atomic nucleus and the same chemical properties, but not necessarily the same mass, or the same stability (or half-lifetime if they are unstable)	Chemical element
Q11348	Q11348	item	function	association of a single output to each input	Function (mathematics)
Q11367	Q11367	item	lipid	class of nonpolar substances including those of biological and artificial origin	Lipid
Q11369	Q11369	item	molecule	smallest possibile amount of a chemical substance	Molecule
Q11398	Q11398	item	biological classification	method of scientific taxonomy	Biological classification
Q11424	Q11424	item	film	visual art work that simulates experiences and communicates ideas, stories, or emotions through moving images, generally synchronized with sound since the 1930s	Film
Q11442	Q11442	item	bicycle	pedal-driven two-wheel vehicle	Bicycle
Q11563	Q11563	item	number	mathematical object used to count, label, and measure	Number
Q11567	Q11567	item	complex number	number that can be put in the form a + bi, where a and b are real numbers and i is called the imaginary unit	Complex number
Q11573	Q11573	item	metre	SI unit of length	Metre
Q11660	Q11660	item	artificial intelligence	field that develops and studies software enabling machines to exhibit intelligent behavior	Artificial intelligence
Q12132	Q12132	item	calendar system	system of organizing days for social, religious, commercial, or administrative purposes	Calendar
Q12136	Q12136	item	disease	abnormal biological process in an organism driven by a specific pathophysiological mechanism	Disease
Q12418	Q12418	item	Mona Lisa	oil painting by Leonardo da Vinci in the Louvre, Paris	Mona Lisa
Q12503	Q12503	item	integer	number that can be written without a fractional or decimal component	Integer
Q12916	Q12916	item	real number	quantity along a continuous line	Real number
Q13136	Q13136	item	reference work	type of work to which one can refer for confirmed facts	Reference work
Q15284	Q15284	item	municipality	administrative division having corporate status and usually powers of self-government or jurisdiction	Municipality
Q16521	Q16521	item	taxon	group of one or more organism(s), which a taxonomist adjudges to be a unit	Taxon
Q16549	Q16549	item	Piz Surlej	mountain in the Bernina Range of the Alps	Piz Surlej
Q16957	Q16957	item	German Democratic Republic	1949–1990 country in central Europe, unified into modern Germany	East Germany
Q17737	Q17737	item	theory	contemplative and rational type of abstract or generalizing thinking, or the results of such thinking	Theory
Q18848	Q18848	item	module	generalization of vector space, with scalars in a ring instead of a field	Module (mathematics)
Q21198	Q21198	item	computer science	study of computation	Computer science
Q22687	Q22687	item	bank	financial institution that accepts deposits	Bank
Q22865	Q22865	item	independent city of Germany	city or town in Germany that does not form part of another general-purpose local government entity	Independent cities of Germany
Q25107	Q25107	item	power	ability to influence the behavior of others	Power (political science)
Q25169	Q25169	item	The Hitchhiker's Guide to the Galaxy	1979–1992 series of five books by Douglas Adams	The Hitchhiker's Guide to the Galaxy
Q25188	Q25188	item	Inception	2010 film directed by Christopher Nolan	Inception
Q25241	Q25241	item	Vertebrata	a subphylum of Chordata characterized by the presence of a vertebral column, or backbone, which replaces the notochord during development	Vertebrate
Q25265	Q25265	item	Felidae	family of mammals in the order of carnivorans	Felidae
Q25306	Q25306	item	Carnivora	order of placental mammals	Carnivora
Q25326	Q25326	item	Mollusca	phylum of animals	Mollusca
Q27801	Q27801	item	non-fiction literature	literary genre	Nonfiction literature
Q28108	Q28108	item	political system	system of politics and government	Political system
Q28640	Q28640	item	profession	occupation requiring specialized training	Profession
Q28865	Q28865	item	Python	general-purpose programming language	Python (programming language)
Q28877	Q28877	item	good/s	tangible or intangible thing, except a service, that satisfies human wants and provides utility	Goods
Q29485	Q29485	item	error	action or proposition which is inaccurate or incorrect, that could result in failure or deviation from the intended performance or behaviour	Error
Q31184	Q31184	item	sibling	one of two or more individuals having at least one parent in common	Sibling
Q31629	Q31629	item	type of sport	specific sport. Do not use with P279 (subclass of)	
Q34104	Q34104	item	science and technology	topic encompassing both science and technology and their interactions	Science and technology
Q34740	Q34740	item	genus	taxonomic rank used in the biological classification of living and fossil organisms, and viruses	Genus
Q34770	Q34770	item	language	particular system of communication, often named for the region or peoples that use it	
Q35120	Q35120	item	entity	anything that can be considered, discussed, or observed	Entity
Q35127	Q35127	item	website	set of related web pages served from a single web domain	Website
Q35409	Q35409	item	family	taxonomic rank (or a taxon at that rank) between order and genus	Family (taxonomy)
Q35758	Q35758	item	matter	substance that has rest mass and volume	Matter
Q35798	Q35798	item	executive branch	branch of the government that has sole authority and responsibility for the administration of the state	Executive (government)
Q36161	Q36161	item	set	well-defined mathematical collection of distinct objects	Set (mathematics)
Q36578	Q36578	item	Integrated Authority File	German National Library authority file for personal names, subject headings and corporate bodies	Integrated Authority File
Q36602	Q36602	item	order	taxonomic rank	Order (taxonomy)
Q36732	Q36732	item	kingdom	taxonomic rank	Kingdom (taxonomy)
Q36774	Q36774	item	web page	single document composed of HTML that is directly viewable via web browsers and accessible via the World Wide Web	Web page
Q37517	Q37517	item	class	taxonomic rank in biology	Class (taxonomy)
Q38348	Q38348	item	phylum	main taxonomic rank (under the rank kingdom)	Phylum
Q38723	Q38723	item	higher education institution	institution that provides higher education (e.g., universities, vocational universities, community colleges, liberal arts colleges, institutes of technology, and others)	Higher education institution
Q39072	Q39072	item	microeconomics	branch of economics that studies the behavior of individual households and firms in making decisions on the allocation of limited resources	Microeconomics
Q42106	Q42106	item	synonym	word or phrase that means exactly or nearly the same as another word or phrase in the same language	Synonym
Q42240	Q42240	item	research	systematic study undertaken to increase knowledge	Research
Q42848	Q42848	item	data	codified, fixed and transmissible information, that may be arranged for automatic processing	Data
Q42989	Q42989	item	topology	branch of mathematics	Topology
Q43229	Q43229	item	organization	social entity established to meet needs or pursue goals	Organization
Q44946	Q44946	item	point	fundamental object of geometry: locus within which we can distinguish no other locus than itself	Point (geometry)
Q47574	Q47574	item	unit of measurement	real scalar quantity, defined and adopted by convention, with which any other quantity of the same kind can be compared to express the ratio of the two quantities as a number (VIM)	Unit of measurement
Q49848	Q49848	item	document	form for preservation of structured and identified information	Document
Q52948	Q52948	item	interaction	kind of action that occurs as two or more objects have an effect upon one another	
Q54871	Q54871	item	SPARQL	RDF query language	SPARQL
Q54872	Q54872	item	Resource Description Framework	data model for describing resources on the Web	Resource Description Framework
Q56061	Q56061	item	administrative territorial entity	territorial entity for administration purposes, with or without its own local government	Administrative division
Q58778	Q58778	item	system	set of interacting or interdependent components	System
Q64861	Q64861	item	transitive relation	binary relation R with the property that xRy and yRz implies xRz	Transitive relation
Q65943	Q65943	item	theorem	in mathematics, a statement that has been proved	Theorem
Q72638	Q72638	item	consumer	organism in an ecological food chain that receives energy by consuming other organisms	Consumer (food chain)
Q79188	Q79188	item	sedenion	16-dimensional hypercomplex number	Sedenion
Q79529	Q79529	item	chemical substance	matter of constant composition best characterized by the entities (molecules, formula units, atoms) it is composed of and characterized by physical properties like density	Substance (chemistry)
Q80006	Q80006	item	computer programming	the process of designing and building an executable computer program to accomplish a specific computing result or to perform a specific task	Computer programming
Q81163	Q81163	item	polymer	substance composed of macromolecules with repeating structural units	Polymer
Q82042	Q82042	item	part of speech	category of words based on shared grammatical properties in a clause	Part of speech
Q82753	Q82753	item	computer file	contained block of information on a computer	Computer file
Q82794	Q82794	item	region	2D or 3D defined space on something, mainly in terrestrial and astrophysics sciences	Region
Q82799	Q82799	item	name	word or phrase used for identification	Name
Q83267	Q83267	item	crime	unlawful act punishable by an authority	Crime
Q83478	Q83478	item	group	algebraic set with an invertible, associative internal operation admitting a neutral element	Group (mathematics)
Q101072	Q101072	item	definition	statement of the meaning of a word or phrase	Definition
Q104493	Q104493	item	risk	potential for uncontrolled loss due to underlying vulnerability or uncertainties	Risk
Q107390	Q107390	item	federated state	territorial and constitutional community forming part of a federal union	Federated state
Q107715	Q107715	item	physical quantity	quantitative characterization of an aspect of a physical entity, phenomenon, event, process, transformation, relation, system, or substance	Physical quantity
Q108163	Q108163	item	proposition	idea that is true or false and may be expressed in a declarative sentence	Proposition
Q110786	Q110786	item	singular	grammatical number	Singular (grammatical number)
Q120208	Q120208	item	emerging technology	Technologies whose development, practical applications, or both are still largely unrealized	Emerging technologies
Q121182	Q121182	item	information system	combination of information, resources, activities and people that support tasks in an organization; group of components that interact to produce information	Information system
Q121769	Q121769	item	reference	relationship between objects in which one object designates, or acts as a means by which to connect to or link to, another object	Reference
Q123705	Q123705	item	neighborhood	geographically localized community within a larger city, town or suburb	Neighbourhood
Q124490	Q124490	item	violence	destructive action characterized by lack of empathy and involving communication, manipulation, coercion and/or punishment	Violence
Q125977	Q125977	item	vector space	the basic algebraic structure of linear algebra; a module over a field, such that its elements can be added together or scaled by elements of the field	Vector space
Q126818	Q126818	item	dimensionless quantity	quantity with no physical dimension	Dimensionless quantity
Q127244	Q127244	item	Gδ set	countable intersection of open sets	Gδ set
Q127960	Q127960	item	Panthera	genus of mammals	Panthera
Q130788	Q130788	item	chronology	science of arranging events in order of occurrence	Chronology
Q130901	Q130901	item	binary relation	set of ordered pairs with first element in A and second element in B	Binary relation
Q130998	Q130998	item	equivalence relation	reflexive, symmetric and transitive relation	Equivalence relation
Q131093	Q131093	item	content management system	software type	Content management system
Q131841	Q131841	item	idea	mental image or concept	Idea
Q132364	Q132364	item	communication protocol	system for exchanging messages between computing systems	Communication protocol
Q133250	Q133250	item	sequence	ordered list of the same type of elements (finite or infinite)	Sequence
Q133442	Q133442	item	city-state	independent or autonomous entity whose territory consists of a city	City-state
Q140283	Q140283	item	essentially surjective functor	functor for which all objects of the codomain are isomorphic to some images	Essentially surjective functor
Q141488	Q141488	item	graph	mathematical structure made of vertices connected in pairs by edges	Graph (discrete mathematics)
Q146481	Q146481	item	domain	taxonomic rank (for "ordinary" organisms thus not viruses)	Domain (taxonomy)
Q146786	Q146786	item	plural	grammatical number	Plural
Q150866	Q150866	item	deuterostome	superphylum or infrakingdom of bilateral animals	Deuterostome
Q151885	Q151885	item	concept	semantic unit understood in different ways, e.g. as mental representation, ability or abstract object (philosophy)	Concept
Q152478	Q152478	item	sponsor	commercial supporter of an event, activity, or person	Sponsor (commercial)
Q154954	Q154954	item	natural person	real human being as opposed to a non-human legal person	Natural person
Q155076	Q155076	item	juridical person	organization recognized by law as a fictitious person	Juridical person
Q157509	Q157509	item	legal guardian	person who has the legal authority to care for the personal and property interests of another person or comunity	Legal guardian
Q159344	Q159344	item	heterotroph	organism that ingests or absorbs organic carbon (rather than fix carbon from inorganic sources such as carbon dioxide) in order to be able to produce energy	Heterotroph
Q161172	Q161172	item	ring	algebraic structure that has compatible structures of an abelian group and a monoid, in particular having multiplicative identity	Ring (mathematics)
Q163359	Q163359	item	local administrative unit in the NUTS system	lower level of division in the NUTS system	
Q164307	Q164307	item	binary operation	mathematical operation that combines two elements to produce another element	Binary operation
Q164509	Q164509	item	omnivore	animal capable of consuming a variety of foods, usually including both plants and animals as diet	Omnivore
Q167037	Q167037	item	corporation	legal entity incorporated through a legislative or registration process	Corporation
Q168817	Q168817	item	algebraic number	complex number that is a root of a non-zero polynomial in one variable with rational coefficients	Algebraic number
Q169336	Q169336	item	mixture	substance formed when two or more constituents are physically combined together	Mixture
Q170058	Q170058	item	continuous function	function such that the preimage of an open set is open	Continuous function
Q170584	Q170584	item	project	collaborative enterprise, frequently involving research or design, that is carefully planned to achieve a particular aim	Project
Q171283	Q171283	item	Homo	genus of mammals	Homo
Q171318	Q171318	item	kinship	human relationship term; web of social relationships that form an important part of the lives of most humans in most societies; form of social connection	Kinship
Q172847	Q172847	item	peptide	natural biological or artificially manufactured short chains of amino acid monomers linked by peptide (amide) bonds	Peptide
Q173853	Q173853	item	quaternion	noncommutative extension of the real numbers	Quaternion
Q174211	Q174211	item	organic compound	chemical compound that contains carbon atoms (with a few exceptions traditionally classified as inorganic compounds)	Organic compound
Q174728	Q174728	item	centimetre	SI unit of length equal to one hundredth of a metre	Centimetre
Q174844	Q174844	item	megacity	very large city with a total population in excess of ten million people	Megacity
Q175263	Q175263	item	data structure	particular way of storing and organizing data in a computer	Data structure
Q177634	Q177634	item	community	social unit of human organisms who share common values	Community
Q177646	Q177646	item	subset	set whose elements are all contained in another set	Subset
Q178593	Q178593	item	macromolecule	molecule of high relative molecular mass, the structure of which essentially comprises the multiple repetition of units derived, actually or conceptually, from molecules of low relative molecular mass	Macromolecule
Q178706	Q178706	item	institution	structure or mechanism of social order and cooperation governing the behaviour of a set of individuals within a given community	Institution
Q179700	Q179700	item	statue	sculpture primarily conceived as a representational figure	Statue
Q179899	Q179899	item	topological space	set of points and set of neighborhoods that satisfy axioms relating those points to those neighborhoods	Topological space
Q180160	Q180160	item	metadata	data about data	Metadata
Q180684	Q180684	item	conflict	a situation in which unacceptable differences in interests, expectations, values, or opinions occur between individuals, or between or in groups	Conflict (process)
Q180907	Q180907	item	bijection	mathematical function which is a one-to-one mapping of sets	Bijection
Q181175	Q181175	item	scalar quantity	quantity represented by a scalar: quantity having no direction	Scalar (physics)
Q182003	Q182003	item	injection	mathematical function that preserves distinctness	Injective function
Q183039	Q183039	item	form of state	form which a state takes, such as monarchy or republic	Form of state
Q183366	Q183366	item	territory	area of land under a certain jurisdiction	Territory
Q185148	Q185148	item	interval	subset an ordered set that consists of all elements between two given endpoints	Interval (mathematics)
Q185359	Q185359	item	union	operation denoted by symbol “∪” applied on two sets; the set of all distinct elements in the collection	Union (set theory)
Q185698	Q185698	item	methodology	system of methods, principles, and rules used in a particular discipline or investigative procedure	Methodology
Q185837	Q185837	item	intersection	concept in set theory (for the term in geometry, see Q1364910)	Intersection (set theory)
Q186081	Q186081	item	time interval	temporal extent having a beginning, an end and a duration	
Q186408	Q186408	item	point in time	position of a particular instant in time	
Q187432	Q187432	item	scripting language	programming language for run-time events	Scripting language
Q187931	Q187931	item	phrase	sequence of at least two words	Phrase
Q188619	Q188619	item	hierarchy	system of elements with multiple levels or tiers that are subordinated to each other	Hierarchy
Q188777	Q188777	item	amides	any derivative of an oxoacid in which a (possibly substituted) amino group replaces an acidic hydroxy group	Amide
Q188889	Q188889	item	code	method to represent information for various purposes (storage, transmission, protection against unauthorized access etc.)	Code
Q189112	Q189112	item	isomorphism	in mathematics, invertible morphism	Isomorphism
Q190087	Q190087	item	data type	classification of data in computer science	Data type
Q190109	Q190109	item	field	commutative ring in which every nonzero element is inversible	Field (mathematics)
Q191067	Q191067	item	article	written work forming an independent part of a publication such as a journal, newspaper, or magazine	Article (publishing)
Q191290	Q191290	item	ordered pair	pair of mathematical objects; tuple of specific length (tuple length n=2)	Ordered pair
Q191797	Q191797	item	aggression	social interaction aiming at inflicting harm or unpleasantness	Aggression
Q192161	Q192161	item	formal language	set of strings of symbols that may be constrained by rules that are specific to it; words whose letters are taken from an alphabet and are well-formed according to a specific set of rules	Formal language
Q192276	Q192276	item	measure	function assigning numbers to some subsets of a set, which could be seen as a generalization of length, area, volume and integral	Measure (mathematics)
Q192498	Q192498	item	administrative territorial entity of France	class grouping all types of territorial divisions of France (administrative or electoral)	Administrative divisions of France
Q192611	Q192611	item	electoral unit	territorial division made or used for elections	Electoral district
Q194404	Q194404	item	monotonic function	function between ordered sets that preserves or reverses the given order	Monotonic function
Q194980	Q194980	item	intangible good	good that does not have a physical nature and can be separated from its creator's labor	Intangible good
Q200250	Q200250	item	metropolis	large and significant city or urban area usually with millions of inhabitants	Metropolis
Q202906	Q202906	item	homeomorphism	isomorphism between topological spaces; continuous bijection with continuous inverse	Homeomorphism
Q203066	Q203066	item	relation	property that assigns truth values to k-tuples of individuals	Finitary relation
Q205464	Q205464	item	algebraic structure	set equipped with one or more finitary operations defined on it	Algebraic structure
Q205961	Q205961	item	skill	learned ability and competence to carry out an action	Skill
Q206229	Q206229	item	biomolecule	molecule that is produced by a living organism	Biomolecule
Q207348	Q207348	item	semigroup	algebraic structure with an associative binary operation	Semigroup
Q207643	Q207643	item	linear map	mapping that preserves the operations of addition and scalar multiplication	Linear map
Q208237	Q208237	item	monoid	algebraic structure with an associative operation and an identity element	Monoid
Q208511	Q208511	item	global city	city which is an important node in the global economy	Global city
Q210953	Q210953	item	solar calendar	type of calendar	Solar calendar
Q211496	Q211496	item	high-level programming language	programming language with strong abstraction from details of hardware	High-level programming language
Q211548	Q211548	item	locus	set of points whose location satisfies or is determined by one or more specified conditions	Locus (mathematics)
Q211606	Q211606	item	social structure	aggregate of patterned social arrangements in society	Social structure
Q211790	Q211790	item	logical operator	symbol or word which can be applied to statements (of either a formal or a natural language) to produce a new statement	Logical connective
Q212434	Q212434	item	Olympic sport	type of sport with events contested at the Olympic Games	Olympic sports
Q213051	Q213051	item	non-fiction	type of works in contrast to fictional ones	Non-fiction
Q213363	Q213363	item	open set	set that does not contain any of its boundary points	Open set
Q214339	Q214339	item	role	set of behaviours, rights, obligations, beliefs, and norms expected from an individual that has a certain social status	Role
Q214609	Q214609	item	material	substance that can occur in different amounts, all with some similar [mixture of some] characteristics, and with which objects can be made	Material
Q215111	Q215111	item	homomorphism	structure-preserving map between two (algebraic, relational or mixed) structures of the same signature	Homomorphism
Q215382	Q215382	item	disjoint sets	sets with no element in common	Disjoint sets
Q215627	Q215627	item	person	being that has certain capacities or attributes constituting personhood (for humans, use Q5 [human] with P31 [instance of])	Person
Q216353	Q216353	item	title	qualified name, rank, or other indication of a class or role given to or inherited by a person, often affixed to a person's name	Title
Q217413	Q217413	item	category theory	branch of mathematics studying categories, functors, and natural transformations	Category theory
Q217594	Q217594	item	class	mathematical collection of sets that can be defined based on a property of its members (set theory)	Class (set theory)
Q217602	Q217602	item	analysis	process of applying analytical methods to existing data of a specific type, breaking a complex topic or substance into smaller parts in order to gain a better understanding of it	Analysis
Q217608	Q217608	item	fixed point	point that is left unchanged by a function	Fixed point (mathematics)
Q221173	Q221173	item	outline of academic disciplines	overviews of and topical guides to academic disciplines	Outline of academic disciplines
Q223393	Q223393	item	literary genre	category of literary composition	Literary genre
Q223557	Q223557	item	physical object	singular aggregation of tangible substance(s) such as matter or radiation, with overall properties;thing subject to physical interactions	Physical object
Q223642	Q223642	item	interpersonal relationship	strong, deep, or close association or acquaintance between two or more people	Interpersonal relationship
Q223973	Q223973	item	godparent	person who sponsors a child's baptism	Godparent
Q229102	Q229102	item	surjective function	function such that every element of the codomain has a preimage	Surjective function
Q230855	Q230855	item	physical state	describes the current properties of a physical system	
Q230883	Q230883	item	quantum state	state of an isolated quantum system, represented as an element of a projective Hilbert space	Quantum state
Q234460	Q234460	item	text	object that can be "read" by reader; result of writing	Text (literary theory)
Q235557	Q235557	item	file format	formalized structure of information stored in a storage medium	File format
Q241317	Q241317	item	computing platform	environment in which a piece of software is executed	Computing platform
Q244793	Q244793	item	twin cities	two cities or urban centres that are founded in close geographic proximity and then grow into each other over time	Twin cities
Q246672	Q246672	item	mathematical object	object or value related to or describable using mathematical concepts or properties	Mathematical object
Q254347	Q254347	item	Dedekind domain	ring with unique factorization for ideals (mathematics)	Dedekind domain
Q257391	Q257391	item	federal capital	national capital city in a federal state	Federal capital
Q259590	Q259590	item	flexible algebra	algebra whose internal binary operation over its base set is associative and commutative at least for any triplet of the same base set whose first and last of the three items are equal	Flexible algebra
Q262166	Q262166	item	municipality in Germany	lowest official level of territorial division in Germany	Municipalities of Germany
Q268592	Q268592	item	industry	group of firms that produce a closely related set of raw materials, goods, or services	Industry (economics)
Q271669	Q271669	item	landform	natural or anthropogenic land feature on the solid surface of the Earth or other planetary body; geomorphological unit in the Earth sciences	Landform
Q272404	Q272404	item	finite set	set that has a finite number of elements	Finite set
Q277759	Q277759	item	book series	sequence of books having certain characteristics in common that are formally identified together as a group	Book series
Q286583	Q286583	item	manifestation	physical or digital embodiment of an information artifact	
Q288465	Q288465	item	group action	operation of the elements of a group as transformations or automorphisms (mathematics)	Group action
Q291430	Q291430	item	σ-finite measure	mathematical measure	Σ-finite measure
Q309314	Q309314	item	quantity	property that exists in a range of magnitudes or multitudes; property that can exist as a magnitude or multitude	Quantity
Q311627	Q311627	item	p-adic number	number system for a prime p which extends the ordinary arithmetic of the rational numbers in a different way from the extension of the rational number system to the real and complex number systems	P-adic number
Q317623	Q317623	item	technical standard	required norm or standard established to make it easier to do something in a consistent way	Technical standard
Q320577	Q320577	item	Yoneda lemma	in category theory, a theorem that embeds a locally small category into a category of functors	Yoneda lemma
Q324254	Q324254	item	ontology	specification of a conceptualization	Ontology (information science)
Q327055	Q327055	item	worker	person who works	Worker
Q327333	Q327333	item	government agency	organisational part of a government responsible for specific public services, such as health, judiciary, education, transportation, foreign affairs, etc	Government agency
Q334265	Q334265	item	transmission medium	conduit for signal propagation	Transmission medium
Q337060	Q337060	item	perceptible physical object	entity that is physically perceptible	
Q338021	Q338021	item	well-founded relation	type of binary relation	Well-founded relation
Q340169	Q340169	item	communications media	storage and delivery agent of information or data	Media (communication)
Q350604	Q350604	item	armed conflict	conflict including violence where at least one of the acting groups is a state	Kinetic warfare
Q355020	Q355020	item	probability measure	measure of total value one, generalizing probability distributions	Probability measure
Q355679	Q355679	item	carboxamides	class of chemical compounds: amides of carboxylic acids	Carboxamide
Q357858	Q357858	item	adjoint functor	relationship that two functors may have	Adjoint functors
Q367293	Q367293	item	convention	set of agreed, stipulated, or generally accepted standards	Convention (norm)
Q368988	Q368988	item	idempotence	property of certain operations in mathematics and computer science, that can be applied multiple times without changing the result beyond the initial application	Idempotence
Q370502	Q370502	item	mapping	function, sometimes assumed structure-preserving in a proper sense	Map (mathematics)
Q374182	Q374182	item	logical consequence	fundamental concept in logic	Logical consequence
Q378078	Q378078	item	substance	basic ontological concept	Substance theory
Q379825	Q379825	item	element	any one of the distinct objects that make up a set in set theory	Element of a set
Q381060	Q381060	item	partition of a set	mathematical ways to group elements of a set	Partition of a set
Q386597	Q386597	item	prime ring	abstract algebra concept	Prime ring
Q386724	Q386724	item	work	intellectual or artistic creation	
Q387196	Q387196	item	description logic	family of formal knowledge representation languages	Description logic
Q387917	Q387917	item	administrative divisions of Germany	entities in the administrative structure of Germany	Administrative divisions of Germany
Q402152	Q402152	item	ancestor	person from whom another person is descended	Ancestor
Q406957	Q406957	item	NUTS 1 statistical territorial entity	first-level administrative regions in NUTS classification	First-level NUTS of the European Union
Q409205	Q409205	item	xenobiotic	foreign chemical substance found within an organism or a substance which would not normally be found in a given environment, such as a toxic chemical which is entirely artificial	Xenobiotic
Q420330	Q420330	item	persistent identifier	long-lasting digital name	Persistent identifier
Q422649	Q422649	item	biopolymer	polymer produced by a living organism	Biopolymer
Q424583	Q424583	item	Internationalized Resource Identifier	identifier for resources made using Unicode/ISO 10646 characters specified by RFC 3987	Internationalized Resource Identifier
Q424689	Q424689	item	gene product	biochemical material resulting from expression of a gene	Gene product
Q427626	Q427626	item	taxonomic rank	in biology, level in a taxonomic hierarchy	Taxonomic rank
Q430001	Q430001	item	decidability	property of theories that have computable membership	Decidability (logic)
Q451967	Q451967	item	intentional human activity	human activity driven by purposeful motives	
Q466109	Q466109	item	subgroup	subset of a mathematical group that forms a group itself	Subgroup
Q467606	Q467606	item	model theory	study of classes of mathematical structures from the perspective of mathematical logic	Model theory
Q468756	Q468756	item	shore	fringe of land at the edge of a large body of water	Shore
Q472971	Q472971	item	space	mathematical structure of geometric nature	Space (mathematics)
Q474715	Q474715	item	partially ordered set	set ordered by a transitive, antisymmetric, and reflexive binary relation	Partially ordered set
Q475023	Q475023	item	exact science	sciences that admit of absolute precision in their results	Exact sciences
Q483247	Q483247	item	phenomenon	any object, fact, or occurrence perceived or observed	Phenomenon
Q483394	Q483394	item	genre	category of creative works based on stylistic, thematic or technical criteria	Genre
Q483501	Q483501	item	artist	person who engages in any form of artistic creation or practice	Artist
Q484170	Q484170	item	commune of France	France territorial subdivision for municipalities	Communes of France
Q486902	Q486902	item	mathematical model	description of a system using mathematical concepts and language	Mathematical model
Q486972	Q486972	item	human settlement	place of any size, in which people permanently live	Human settlement
Q488383	Q488383	item	object	anything that may be observed or acted upon by a subject	Object (philosophy)
Q490371	Q490371	item	emart	company	Emart
Q493941	Q493941	item	fibration	continuous mapping satisfying the homotopy lifting property with respect to any space	Fibration
Q494141	Q494141	item	bialgebra	vector space which is both a unital associative algebra and a counital coassociative coalgebra in a compatible way	Bialgebra
Q494756	Q494756	item	data	quantities, characters, or symbols on which operations are performed by a computer	Data (computer science)
Q494823	Q494823	item	data format	specification	
Q500669	Q500669	item	technical process	process performed in a technical system	Process (engineering)
Q503992	Q503992	item	nominal	word class consisting of pronouns, nouns, adjectives and numerals	Nominal (linguistics)
Q524778	Q524778	item	commissioner	title given to a member of a commission or to an individual who has been given a commission	Commissioner
Q526719	Q526719	item	ranking	process of ordering items in a set by criteria	Ranking
Q567555	Q567555	item	anomaly	deviation beyond what is regarded as normal	
Q576639	Q576639	item	essentially contested concept	concepts having widespread agreement on a concept but not on the best realization thereof	Essentially contested concept
Q578779	Q578779	item	pure substance	chemical substance composed of atoms or molecules of only one chemical element or chemical compound	Pure substance
Q582271	Q582271	item	noetherian ring	ring whose ideals satisfy the ascending chain condition	Noetherian ring
Q583760	Q583760	item	antisymmetric relation	binary relation such that if A is related to B and is different from it then B is not related to A	Antisymmetric relation
Q583865	Q583865	item	territorial collectivity of France	French public person using its competences autonomously over a particular territory: commune, department, region, overseas collectivity, or territorial collectivity with specific status	Territorial collectivity
Q591041	Q591041	item	scientific publication	publication that reports empirical or theoretical work in the sciences	Scientific publication
Q593744	Q593744	item	knowledge base	information repository with multiple applications	Knowledge base
Q595298	Q595298	item	sheaf	collection of objects associated to subsets of a space in a manner admitting gluing and restriction	Sheaf (mathematics)
Q595364	Q595364	item	lattice	partially ordered set that admits greatest lower and least upper bounds of any two elements	Lattice (order)
Q595523	Q595523	item	notion	reflection in the mind of real objects and phenomena in their essential features and relations, distinct from concept	Notion (philosophy)
Q600590	Q600590	item	𝑛-tuple	finite ordered list of elements	Tuple
Q602884	Q602884	item	social phenomenon	phenomenon involving multiple organisms reacting to each other	Social phenomenon
Q603880	Q603880	item	finite field	field that contains a finite number of elements	Finite field
Q609298	Q609298	item	social interaction	interactions between two or more individuals (more narrowly humans)	Social interaction
Q613930	Q613930	item	thematic relation	role that an entity plays with respect to a specific action or state	Thematic relation
Q618123	Q618123	item	geographical feature	components of planets that can be geographically located	Geographical feature
Q619436	Q619436	item	quotient ring	construction in abstract algebra	Quotient ring
Q621184	Q621184	item	problem	situation that invites resolution	Problem
Q621461	Q621461	item	symmetric relation	type of binary relation	Symmetric relation
Q621542	Q621542	item	commutative diagram	collection of maps in which all map compositions starting from the same set and ending with the same set give the same result	Commutative diagram
Q621850	Q621850	item	reflexive relation	binary relation over a set in which every element is related to itself	Reflexive relation
Q627436	Q627436	item	field of work	particular area of activity in industry and science	
Q628523	Q628523	item	message	discrete unit of communication intended by the source for consumption by some recipient or group of recipients	Message
Q629206	Q629206	item	computer language	formal language used in communication with a computer	Computer language
Q635162	Q635162	item	Hominidae	family of apes	Hominidae
Q638153	Q638153	item	semantic wiki	wiki that has an underlying model of the knowledge described in it	Semantic wiki
Q646245	Q646245	item	algebraic integer	complex number that solves a monic polynomial with integer coefficients	Algebraic integer
Q646293	Q646293	item	informal organization	social structure that governs how people work together	Informal organization
Q649732	Q649732	item	formal system	any well-defined system of abstract thought based on the model of mathematics	Formal system
Q650741	Q650741	item	division ring	ring in which division is possible	Division ring
Q651943	Q651943	item	signifier	observable aspects of a sign, in semiotics	Signifiant
Q655328	Q655328	item	well-formed formula	finite sequence of symbols from a given alphabet that is part of a formal language	Well-formed formula
Q659390	Q659390	item	construct	ideal object, whose existence depends upon a subject's mind	Construct (philosophy)
Q669102	Q669102	item	arithmetic calendar	calendar system fixed not from the direct and continuous observation, but by an arithmetic, deterministic and predictive computation, modeling a set of observations with limited precision	
Q679903	Q679903	item	magma	algebraic structure with a binary operation	Magma (algebra)
Q691358	Q691358	item	domain-specific language	computer language specialized to a particular application domain	Domain-specific language
Q692689	Q692689	item	coproduct	category-theoretic construction which includes as examples the disjoint union of sets and of topological spaces, the free product of groups, and the direct sum of modules and vector spaces	Coproduct
Q693083	Q693083	item	soundness	logical term meaning that an argument is valid and its premises are true	Soundness
Q694975	Q694975	item	electronic document	type of document stored as a computer file	Electronic document
Q699386	Q699386	item	statutory corporation	corporation created by State, varying by jurisdiction in different states	Statutory corporation
Q702492	Q702492	item	urban area	large area with high population density and infrastructure of built environment	Urban area
Q707813	Q707813	item	Hanseatic city	city in the Hanseatic League	Lists of former Hansa cities
Q713084	Q713084	item	artinian ring	ring that satisfies the descending chain condition on ideals	Artinian ring
Q714737	Q714737	item	category of being	philosophical concept	Theory of categories
Q719395	Q719395	item	category	algebraic structure of objects and morphisms between objects, which can be associatively composed if the (co)domains agree	Category (mathematics)
Q720069	Q720069	item	nuclear family	family group consisting of parents and their children (one or more)	Nuclear family
Q724975	Q724975	item	Gaussian integer	complex number whose real and imaginary parts are both integers	Gaussian integer
Q726212	Q726212	item	bounded set	set is called bounded, if it is, in a certain sense, of finite size	Bounded set
Q732577	Q732577	item	publication	content made available to the general public	Publication
Q733541	Q733541	item	consequence	imperative or possible inference	
Q739925	Q739925	item	family of sets	collection of some of the subsets of a set; collection of any sets whatsoever	Family of sets
Q743418	Q743418	item	octonion	non-commutative, non-associative algebra of numbers with eight real components	Octonion
Q748349	Q748349	item	mathematical structure	combination of a set and an extra structure on it; more precisely, an object of a concrete category	Mathematical structure
Q750843	Q750843	item	information processing	process in which input information is analysed or transformed in order to produce information as output	Information processing (psychology)
Q751969	Q751969	item	coset	the set arising from multiplying every element in a subgroup by an element in the ambient group	Coset
Q753127	Q753127	item	topological sorting	an ordering of the vertices of the directed graph for which each edge is directed from earlier to later in the ordering	Topological sorting
Q765994	Q765994	item	group object	analogue of the definition of a group inside an arbitrary category	Group object
Q769620	Q769620	item	social action	act which takes into account the actions and reactions of (other) individuals or agents	Social action
Q774347	Q774347	item	consanguinity	property of being from the same kinship as another person; quality of being descended from the same ancestor as another person	Consanguinity
Q781413	Q781413	item	cognitive process		Cognitive process
Q783794	Q783794	item	company	legal entity representing an association of people, whether natural, legal or a mixture of both, with a specific objective	Company
Q785260	Q785260	item	phase of human life	stage in the development of a human being	
Q788790	Q788790	item	documentation	any communicable material that is used to describe, explain or instruct regarding some attributes of an object, system or procedure	Documentation
Q789016	Q789016	item	content word	word that name objects of reality and their qualities, e.g. living things, family members, natural phenomena, common actions, characteristics; mostly nouns (“dog”), lexical verbs (“eat”), adjectives (“happy”), and adverbs (“happily“)	Content word
Q795052	Q795052	item	individual	individual person or organism	Individual
Q797769	Q797769	item	peer production system	production of goods and services that relies on self-organizing communities of individuals	Peer production
Q803531	Q803531	item	quadratic integer	algebraic integer of a given quadratic field	Quadratic integer
Q803935	Q803935	item	Baire function	functions obtained from continuous functions by transfinite iteration of the operation of forming pointwise limits of sequences of functions	Baire function
Q813912	Q813912	item	condition	relative state or circumstances of some object or event	
Q816264	Q816264	item	formal science	set of disciplines concerned with formal systems, such as logic, mathematics, and game theory	Formal science
Q818895	Q818895	item	computable number	real number that can be computed to within any desired precision by a finite, terminating algorithm	Computable number
Q826165	Q826165	item	Web Ontology Language	family of knowledge representation languages	Web Ontology Language
Q827335	Q827335	item	abstract data type	mathematical model for data types	Abstract data type
Q828224	Q828224	item	kilometre	SI unit of length equal to one thousand metres	Kilometre
Q836915	Q836915	item	free state	form of government	Free state (polity)
Q837414	Q837414	item	hypercomplex number	element of a unital algebra over the field of real numbers	Hypercomplex number
Q837495	Q837495	item	meronymy	semantic relation specific to linguistics	Meronymy
Q837766	Q837766	item	local authority	corporation below the sovereign state level that has its own deliberative assembly	
Q838948	Q838948	item	work of art	aesthetic item or artistic creation of aesthetic value	Work of art
Q839578	Q839578	item	group dynamics	system of behaviors and psychological processes occurring within a social group or between social groups	Group dynamics
Q840247	Q840247	item	hypergraph	generalized undirected graph in which generalized edges connect one, two, or more nodes	Hypergraph
Q843237	Q843237	item	diagram	collection of objects and morphisms in a category	Diagram (category theory)
Q845739	Q845739	item	query language	computer language used to make queries into databases and information systems such as SQL or XQuery	Query language
Q853614	Q853614	item	identifier	name that identifies either a unique object or a unique class of objects	Identifier
Q853725	Q853725	item	social relation	voluntary or involuntary interpersonal relationship between individuals within or between groups; fundamental unit of social science analysis that aggregates into social structures reflecting kinship, class, institution, or gender	Social relation
Q854457	Q854457	item	complex system	system composed of many interacting components	Complex system
Q856215	Q856215	item	indexed family	collection of objects, each associated with an index from some index set	Indexed family
Q858656	Q858656	item	commutative ring	algebraic structure	Commutative ring
Q864213	Q864213	item	Conservative extension	area of research	Conservative extension
Q864377	Q864377	item	multiset	set (in mathematics) with repetitions allowed	Multiset
Q864475	Q864475	item	functor	in category theory, a mapping between categories that preserves their structure (identity morphisms, composition of morphisms)	Functor
Q867345	Q867345	item	Euclidean domain	Commutative ring with an Euclidean division	Euclidean domain
Q868169	Q868169	item	group homomorphism	function between groups that preserves multiplication structure	Group homomorphism
Q874405	Q874405	item	social group	two or more humans who interact with one another	Social group
Q874429	Q874429	item	group theory	branch of mathematics that studies the algebraic properties of groups	Group theory
Q895526	Q895526	item	governing body	a designated body with authority	Governing body
Q897395	Q897395	item	executive board	executive board of a corporation (public limited company)	Vorstand
Q899523	Q899523	item	object-based language	programming language	Object-based language
Q902805	Q902805	item	primary nutritional group	group of organisms, divided in relation to the nutrition mode according to the sources of energy and carbon, needed for living, growth and reproduction	Primary nutritional groups
Q902814	Q902814	item	border city	town or city on a border between larger political areas	Border town
Q903820	Q903820	item	field theory	theory in mathematics	Field theory (mathematics)
Q908049	Q908049	item	bound state	system where a particle is subject to a potential such that the particle has a tendency to remain localised in one or more regions of space	Bound state
Q921513	Q921513	item	social behavior	behavior among two or more organisms, typically from the same species	Social behavior
Q930933	Q930933	item	relation	general relation between different objects or individuals	Relation (philosophy)
Q931483	Q931483	item	legal fiction	fact assumed or created by courts which is then used in order to apply a legal rule	Legal fiction
Q937228	Q937228	item	property	predominant feature that characterizes a being, a thing, a phenomenon, etc. and which differentiates one being from another, one thing from another	Property (philosophy)
Q942423	Q942423	item	projective module	in algebra, a module that is the direct summand of a free module	Projective module
Q948571	Q948571	item	organ of state	body with power given by the state	
Q951437	Q951437	item	level of measurement	classification that describes the nature of information within the numbers assigned to variables	Level of measurement
Q960648	Q960648	item	point of interest	specific location that someone may find useful or interesting	Point of interest
Q980357	Q980357	item	grammatical category	analytical class within the grammar of a language	Grammatical category
Q994895	Q994895	item	technical system	system created through engineering	
Q999234	Q999234	item	scientific term	technical term: word or expression that is part of scientific terminology	
Q1000660	Q1000660	item	algebra over a field	vector space equipped with a bilinear product	Algebra over a field
Q1004415	Q1004415	item	run-time system	system that provides behavior needed by running code; primarily implements portions of an execution model	Runtime system
Q1028181	Q1028181	item	painter	artist who practices painting	Painter
Q1045785	Q1045785	item	semantic network	directed graph structure with labeled edges serving to encode and represent knowledge, whether knowledge of definitions or assertions	Semantic network
Q1047113	Q1047113	item	field of study	field limited to a specific area of ​​knowledge; specialization in an occupation or branch of learning; a specific use	
Q1047307	Q1047307	item	bundle	generalization of a fiber bundle dropping the condition of a local product structure	Bundle (mathematics)
Q1048835	Q1048835	item	political territorial entity	region accepted to be in the jurisdiction of a particular government entity	
Q1052579	Q1052579	item	unique factorization domain	integral domain where every nonzero element is uniquely expressible as a product of prime elements	Unique factorization domain
Q1056428	Q1056428	item	type theory	study of type systems in mathematical logic and computer science	Type theory
Q1062242	Q1062242	item	Grothendieck topology	structure on a category C which makes the objects of C act like the open sets of a topological space	Grothendieck topology
Q1063239	Q1063239	item	polity	group of people with a collective identity	Polity
Q1063801	Q1063801	item	tertiary source	index or textual consolidation of primary and secondary sources	Tertiary source
Q1066984	Q1066984	item	financial center	city that is home to a large number of internationally significant banks, businesses, and stock exchanges	Financial centre
Q1068473	Q1068473	item	educational technology	use of technology in education to improve learning and teaching; not restricted to high technology	Educational technology
Q1069998	Q1069998	item	partial order	reflexive antisymmetric transitive binary relation	Partial order
Q1076486	Q1076486	item	sports venue	facility (building, structure, or place) dedicated to sports	Sports venue
Q1076968	Q1076968	item	digital media	any media encoded in machine-readable formats	Digital media
Q1082709	Q1082709	item	Hukawng Valley	valley	Hukawng Valley
Q1082992	Q1082992	item	equivalence of categories	abstract mathematics relationship	Equivalence of categories
Q1097991	Q1097991	item	irreflexive relation	type of binary relation	Irreflexive relation
Q1115376	Q1115376	item	egg donation	method of assisted reproduction	Egg donation
Q1128340	Q1128340	item	subject heading	lexical unit of a thesaurus (word or phrase) used for indexing and that captures the essence of the topic of a document	Index term
Q1129622	Q1129622	item	self-reference	sentence, idea or formula that refers to itself	Self-reference
Q1130645	Q1130645	item	open-source software	software that anyone is free to use and redistribute in its current state with a permissive licence giving a libre access to its original source code (but not necessarily to modify it)	Open-source software
Q1132455	Q1132455	item	hazard	source of a potential threat	Hazard
Q1132952	Q1132952	item	homogeneous function	function with multiplicative scaling behaviour	Homogeneous function
Q1137726	Q1137726	item	directed graph	graph with oriented edges	Directed graph
Q1143969	Q1143969	item	principal ideal domain	Algebraic structure	Principal ideal domain
Q1144694	Q1144694	item	duty of care	legal obligation to provide reasonable care when performing an activity that could harm others	Duty of care
Q1144882	Q1144882	item	declarative programming language	type of programming language	
Q1147242	Q1147242	item	symmetric difference	mathematical definition in set theory	Symmetric difference
Q1148924	Q1148924	item	Kolmogorov space	concept in topology	Kolmogorov space
Q1150070	Q1150070	item	change	process, event or action that deviates from the present state	Change (philosophy)
Q1151067	Q1151067	item	rule	prescription, including laws, regulations, instructions, guidelines, and social conventions; determinate method for performing any operation	
Q1154996	Q1154996	item	fiber bundle	continuous surjection satisfying a local triviality condition	Fiber bundle
Q1156402	Q1156402	item	reasoning	type of thought and capacity of consciously making sense of things, applying logic, and adapting or justifying practices, institutions, and beliefs based on new or existing information	Reasoning
Q1166618	Q1166618	item	mathematical logic	subfield of mathematics	Mathematical logic
Q1166625	Q1166625	item	mathematical problem	problem that can be possibly solved via mathematics	Mathematical problem
Q1172284	Q1172284	item	data set	collection of data, publication type	Data set
Q1172400	Q1172400	item	data terminal equipment	communications system equipment	Data terminal equipment
Q1172480	Q1172480	item	data model	an abstract model that organizes elements of data and standardizes how they relate to one another and to real world entities.	Data model
Q1182260	Q1182260	item	data deduplication	data processing technique to eliminate duplicate copies of repeating data	Data deduplication
Q1183543	Q1183543	item	device	artificial object with which something can be worked on, manufactured or effected	
Q1184244	Q1184244	item	delict	civil wrong	Delict
Q1187811	Q1187811	item	college town	community dominated by its university population	College town
Q1189753	Q1189753	item	denotation	literal meaning of a sign, more or less like dictionaries try to define it	Denotation
Q1190554	Q1190554	item	occurrence	expression and recorded history of an event or events including participating agents and transpired activities	
Q1191433	Q1191433	item	completely regular space	topological space in which a point and a closed set are separable by a real-valued continuous function	Tychonoff space
Q1193907	Q1193907	item	link rot	phenomenon in which URLs gradually tend to cease functioning	Link rot
Q1194916	Q1194916	item	mereology	study of parts and the wholes they form	Mereology
Q1195339	Q1195339	item	directed acyclic graph	directed graph with no directed cycles	Directed acyclic graph
Q1196038	Q1196038	item	groupoid	category where every morphism is invertible; generalization of a group	Groupoid
Q1200957	Q1200957	item	tourist destination	place attracting many tourists	Tourist destination
Q1200992	Q1200992	item	abstraction layer	way of hiding details of a computing subsystem, allowing separation of concerns and interoperability	Abstraction layer
Q1207505	Q1207505	item	quality	distinguishing feature	Quality (philosophy)
Q1209283	Q1209283	item	electronic media	media that use electronics or electromechanical energy for the audience to access the content	Electronic media
Q1211071	Q1211071	item	equivalence class	mathematical concept	Equivalence class
Q1217379	Q1217379	item	parenting	process of raising a child	Parenting
Q1221156	Q1221156	item	federated state of Germany	administrative division of the Federal Republic of Germany	States of Germany
Q1224487	Q1224487	item	equaliser	type of limit in category theory	Equaliser (mathematics)
Q1224764	Q1224764	item	ontology alignment	process of determining correspondences between concepts	Ontology alignment
Q1244890	Q1244890	item	rational number	quotient of two integers	Rational number
Q1260632	Q1260632	item	content	information and experiences that are directed toward an end-user or audience	Content (media)
Q1263068	Q1263068	item	duplicate entry	duplicate database entry (see Q17362920 Wikimedia duplicated page); reason for deprecation	
Q1266546	Q1266546	item	record linkage	joining records or entities from different data sets that may or may not share a common identifier and matching the entities based on their properties	Record linkage
Q1268980	Q1268980	item	dynamic programming language	programming language that supports manipulating program constructs at runtime	Dynamic programming language
Q1269299	Q1269299	item	type of business entity	legal form of business entity	Type of business entity
Q1272626	Q1272626	item	representation	entity or process that portrays something else, usually in a simplified or approximated manner	
Q1281618	Q1281618	item	sculptor	artist specializing in sculpture	Sculptor
Q1292119	Q1292119	item	style	manner of expression particular to a specific period, group, or person	
Q1292333	Q1292333	item	free module	in algebra, a module that has a basis	Free module
Q1293220	Q1293220	item	physical phenomenon	phenomenon of the material world	Physical phemomenon
Q1293664	Q1293664	item	open content	content that is openly accessible and modifiable to others	Open content
Q1304193	Q1304193	item	node	unit connected by edges with other units in a graph, in graph theory	Vertex (graph theory)
Q1306755	Q1306755	item	administrative centre	seat of regional administration or local government, or a county town, or the place where the central administration of a commune is located	Administrative centre
Q1307214	Q1307214	item	form of government	Wikidata metaclass for government in terms of organisational model or type	Form of government
Q1307779	Q1307779	item	integrated municipality	type of municipality in Germany, Austria and Switzerland	
Q1308999	Q1308999	item	restriction	mathematical function	Restriction (mathematics)
Q1313923	Q1313923	item	kindred	group of related persons	
Q1321926	Q1321926	item	constructible number	real number that can be geometrically constructed with compass and straightedge from a unit segment in a finite number of steps	Constructible number
Q1322005	Q1322005	item	natural phenomenon	observable phenomenon which is not human-made	
Q1322494	Q1322494	item	sociotope	defined space that is uniform in its use values and social meanings	Sociotope
Q1322614	Q1322614	item	limit	category theory term	Limit (category theory)
Q1328323	Q1328323	item	functionary	person with leadership position within an organization	Functionary
Q1333055	Q1333055	item	semiring	algebraic structure similar to a ring, but not necessarily with additive inverses	Semiring
Q1335186	Q1335186	item	extensive function		
Q1341685	Q1341685	item	inference engine	component of the system that applies logical rules to the knowledge base to deduce new information	Inference engine
Q1347208	Q1347208	item	epimorphism	right-cancellative morphism	Epimorphism
Q1347367	Q1347367	item	aptitude	ability to perform an action or fulfill a role	Aptitude
Q1348645	Q1348645	item	instructional materials	print or other media used to impart knowledge or teach skills	Instructional materials
Q1361526	Q1361526	item	reachability	whether one vertex can be reached from another in a graph	Reachability
Q1367590	Q1367590	item	legal relationship	relationship between subjects of law	Legal relationship
Q1370617	Q1370617	item	measurement scale	graduated measurement scheme developed for a phenomenon	
Q1379672	Q1379672	item	evaluation	determination of a subject's merit, worth, scope or significance	Evaluation
Q1391420	Q1391420	item	specialized literature	branch of non-fiction literature	
Q1397073	Q1397073	item	data schema	type of information model	
Q1397439	Q1397439	item	pullback	category-theoretic limit of a diagram of the form 𝑋→𝑍←𝑌	Pullback (category theory)
Q1413406	Q1413406	item	technical documentation	description of a technical product and its handling, functionality and architecture	Technical documentation
Q1413749	Q1413749	item	scale	system of reference values for a characteristic	
Q1415187	Q1415187	item	economic agent	actor and decision maker in an economic model	Agent (economics)
Q1417809	Q1417809	item	universal property	central object of study in category theory	Universal property
Q1418640	Q1418640	item	local government in Germany	type of governmental entity in Germany	
Q1422929	Q1422929	item	primate city	disproportionately large city in its country or region	Primate city
Q1425985	Q1425985	item	preorder	reflexive and transitive binary relation	Preorder
Q1426191	Q1426191	item	flat module	module such that taking the tensor product with it induces an exact functor	Flat module
Q1437361	Q1437361	item	form of art	way in which the elements of an art work are organised in contrast to its content	
Q1437394	Q1437394	item	formal concept analysis	a rigorous method of deriving an ontology from a collection of objects and their properties	Formal concept analysis
Q1442189	Q1442189	item	natural transformation	transformation between two functors studied in category theory	Natural transformation
Q1454986	Q1454986	item	physical system	portion of the physical universe chosen for analysis; everything outside the system is known as the environment	Physical system
Q1456832	Q1456832	item	violation of law	action against the law, subject to punishment	Violation of law
Q1467124	Q1467124	item	simplicial set	construction in categorical homotopy theory; contravariant functor from the simplex category to the category of sets	Simplicial set
Q1469824	Q1469824	item	controlled vocabulary	standardized and organized sets of words and phrases for retrieval and disambiguation of information, distinguishing preferred terms from non-preferred terms	Controlled vocabulary
Q1485500	Q1485500	item	tangible good	physical asset which is the subject of trade or could come as an object of trade turnover into consideration	Economic good
Q1489259	Q1489259	item	superpower	state with a leading position in the international system and the ability to influence events in its own interest by global projection of power	Superpower
Q1491747	Q1491747	item	Galois connection	pair of adjoint functors between two preordered sets seen as categories	Galois connection
Q1491995	Q1491995	item	connected space	topological space that cannot be written as the disjoint union of two nonempty open subsets	Connected space
Q1501387	Q1501387	item	transitive closure	operation on binary relations	Transitive closure
Q1502246	Q1502246	item	biological parent	parent directly biologically related to their biological child	
Q1503423	Q1503423	item	quasigroup	magma satisfying the Latin square property	Quasigroup
Q1520223	Q1520223	item	constitutional republic	type of republic that operates under a system of separation of powers	
Q1531349	Q1531349	item	outline	list arranged to show hierarchical relationships	Outline (list)
Q1549152	Q1549152	item	public institution	an organization for public use	
Q1549591	Q1549591	item	big city	city with a population of between 100,000 and 250,000	
Q1554231	Q1554231	item	resource	source or supply from which benefit is produced	Resource
Q1575634	Q1575634	item	concrete category	category equipped with a faithful functor to the category of sets	Concrete category
Q1609475	Q1609475	item	Herbrand structure	structure over a vocabulary defined solely by syntactical properties	Herbrand structure
Q1620908	Q1620908	item	historical region	geographic or cultural region which existed in the past, that may or may not exist anymore	Historical region
Q1621273	Q1621273	item	particle	small localized object in physical sciences	Particle
Q1625040	Q1625040	item	injective object	object 𝑋 in an abelian category such that hom(–,𝑋) is an exact functor to the opposite category of the category of abelian groups	Injective object
Q1626409	Q1626409	item	homotopy equivalence	equivalence relation on topological spaces	Homotopy equivalence
Q1630279	Q1630279	item	guideline	instruction as to the preferred, recommended, or approved way of performing a task, publication type	Guideline
Q1633079	Q1633079	item	pushout	category-theoretic colimit of a diagram of the form 𝑋←𝑍→𝑌	Pushout (category theory)
Q1637706	Q1637706	item	million city	city with a population of more than 1,000,000	
Q1639378	Q1639378	item	social system	patterned series of interrelationships existing between individuals, groups, and institutions	Social system
Q1650915	Q1650915	item	researcher	person who engages in research, professionally or otherwise. If a more specific occupation is known, use that instead	Researcher
Q1656682	Q1656682	item	planned event	temporary and scheduled happening, like a conference, festival, competition or similar	
Q1657198	Q1657198	item	set function	function whose domain is a collection of sets	Set function
Q1662611	Q1662611	item	IT system	all systems consisting of a combination of hardware, software and networks that can process data	
Q1667921	Q1667921	item	novel series	set of novels that should be read in order	
Q1668024	Q1668024	item	service on Internet	technical ability afforded by the Internet	
Q1714118	Q1714118	item	online publication	work manifested on the Internet	
Q1723418	Q1723418	item	Kan extension	Category theory constructs	Kan extension
Q1724915	Q1724915	item	use	use of a resource to perform a task	
Q1725874	Q1725874	item	cartesian closed category	Type of category in category theory	Cartesian closed category
Q1729838	Q1729838	item	pseudo magma	algebraic structure	
Q1747121	Q1747121	item	flaw	characteristic of an item that deviates from the ideal or perfect form	
Q1751819	Q1751819	item	RDF Schema	schema for knowledge representation	RDF Schema
Q1754533	Q1754533	item	source text	text (sometimes oral) from which information or ideas are derived. In translation, a source text is the original text that is to be translated into another language	Source text
Q1756942	Q1756942	item	partial function	function whose actual domain of definition may be smaller than its input set	Partial function
Q1757074	Q1757074	item	root node	chosen vertex in a graph	Root node
Q1759104	Q1759104	item	warning	signal used to warn of danger	
Q1767348	Q1767348	item	legal kinship	type of familial relationship which is legal in nature	
Q1777803	Q1777803	item	coalgebra	vector space V equipped with a linear map V → V ⊗ V	Coalgebra
Q1780005	Q1780005	item	comma category	mathematics construct	Comma category
Q1781706	Q1781706	item	conjunctive query	restricted form of first-order query using the logical conjunction operator	Conjunctive query
Q1789452	Q1789452	item	criterion	a feature used for distinguishing and selecting entities of interest	
Q1792379	Q1792379	item	art genre	form of art in terms of a medium, format or theme	
Q1799072	Q1799072	item	method	planned path to reaching an objective	
Q1799794	Q1799794	item	administrative territorial entity of a specific level	type of administrative territorial entity	
Q1801244	Q1801244	item	zero-dimensional space	topological space that has small inductive dimension zero	Zero-dimensional space
Q1807498	Q1807498	item	social position	position of an individual in a given society and culture	Social position
Q1851710	Q1851710	item	structure (model theory)	set together with an interpretation of a given first-order language	Structure (mathematical logic)
Q1879813	Q1879813	item	solution	mathematical object which is a solution for a mathematical problem	
Q1896989	Q1896989	item	subject of international law		Subject of international law
Q1900326	Q1900326	item	network	system of objects that are connected together to exchange something (e.g. objects, materials or information)	
Q1901835	Q1901835	item	seat of government	building, complex of buildings or city from which a government exercises its authority	Seat of government
Q1907114	Q1907114	item	metropolitan area	administrative unit of a dense urban core and its satellite cities	Metropolitan area
Q1914017	Q1914017	item	knowledge worker	worker whose main capital is knowledge	Knowledge worker
Q1914636	Q1914636	item	activity	series of actions done by an agent which results in an external change of state	
Q1920219	Q1920219	item	social issue	problem that influences a considerable number of individuals within a society	Social issue
Q1936384	Q1936384	item	branch of mathematics	grouping by subject of mathematics	Areas of mathematics
Q1941921	Q1941921	item	modeling language	artificial language that can be used to express information or knowledge or systems in a structure that is defined by a consistent set of rules	Modeling language
Q1945014	Q1945014	item	monoidal category	category admitting tensor products	Monoidal category
Q1945067	Q1945067	item	monomorphism	left-cancellative morphism	Monomorphism
Q1948412	Q1948412	item	morphism	map (arrow) between two objects of a category	Morphism
Q1964995	Q1964995	item	set operation	operation in set theory	
Q1968442	Q1968442	item	donor	person who donates, usually money	Donor
Q1969448	Q1969448	item	term	word, compound word, or expression that in specific contexts is given specific meanings	Term (language)
Q1970309	Q1970309	item	natural object	naturally occurring object in a natural state, without modification by human effort	
Q1979154	Q1979154	item	model	representation of an entity, either physical or conceptual	Model
Q1980247	Q1980247	item	chapter	section of a work, most commonly a book	Chapter (books)
Q1985727	Q1985727	item	proleptic Gregorian calendar	extension of the Gregorian calendar before its introduction	Proleptic Gregorian calendar
Q1985786	Q1985786	item	proleptic Julian calendar	extension of the regular Julian calendar	Proleptic Julian calendar
Q1993334	Q1993334	item	interpreted language	programming language for which most of its implementations execute instructions directly	Interpreted language
Q2007878	Q2007878	item	functor category	category containing functors with natural transformations as morphisms	Functor category
Q2030545	Q2030545	item	algebra over a ring	module over a ring whose multiplication is bilinear	Algebra (ring theory)
Q2057971	Q2057971	item	health problem	condition negatively affecting the health of an organism	
Q2067937	Q2067937	item	tree structure	way of representing the hierarchical nature of a structure in a graphical form	Tree structure
Q2083958	Q2083958	item	pattern	discernible regularity in an entity or set of entities	Pattern
Q2085518	Q2085518	item	format	arrangement of data for presentation	
Q2101564	Q2101564	item	specification	explicit implementation of requirements to be satisfied by a material, design, product, or service	Specification (technical standard)
Q2101636	Q2101636	item	political power	ability to influence or direct the actions, beliefs, or conduct of actors	Political power
Q2112502	Q2112502	item	projective object	object 𝑃 in an abelian category such that hom(𝑃,–) is an exact functor to the category of abelian groups	Projective object
Q2135465	Q2135465	item	legal term or legal concept	lexeme with a specific meaning in jurisprudence	Legal term
Q2141565	Q2141565	item	situation	position with respect to conditions, circumstances and contexts	
Q2141963	Q2141963	item	retract	continuous mapping from a topological space into a subspace that preserves the position of all points in that subspace	Retraction (topology)
Q2143621	Q2143621	item	topos	category admitting all finite limits and power objects, that can be viewed as either as a mathematical universe (replacing the category of sets) or as a generalized space (considered as a generalization of the category of sheaves on a space)	Topos
Q2145290	Q2145290	item	mental representation	hypothetical internal cognitive symbol that represents external reality	Mental representation
Q2146022	Q2146022	item	ring of integers modulo n		Ring of integers modulo n
Q2150504	Q2150504	item	signal	symbolic sign or indicating device made to give notice of some occurrence, command or danger	
Q2165111	Q2165111	item	alternative algebra	abstract algebra with alternative multiplication	Alternative algebra
Q2166096	Q2166096	item	theoretical philosophy	branch of philosophy	Theoretical philosophy
Q2169973	Q2169973	item	service provider	organization that provides organizations with services	Service provider
Q2188189	Q2188189	item	musical work	generic term for any work of art related to music, i.e. songs, compositions, groups of compositions, sheet music, melodies, albums, musical films, etc.	Musical work
Q2198779	Q2198779	item	unit	entity regarded or used as an elementary structural or functional constituent to measure, analyse or describe another entity	
Q2217301	Q2217301	item	serial	publication in any medium issued under the same title in a succession of discrete parts, usually numbered (or dated) and appearing at regular or irregular intervals with no predetermined conclusion	Serial (publishing)
Q2221906	Q2221906	item	geographic location	point, line or area on or near Earth	Location
Q2240381	Q2240381	item	fashion capital	city that influences fashion trends	Fashion capital
Q2243424	Q2243424	item	idempotent element	element x of a ring such that x² = x	Idempotent (ring theory)
Q2250224	Q2250224	item	individual person		
Q2267705	Q2267705	item	field of study	field of study leading to a specific degree	
Q2268906	Q2268906	item	semantic relation	relation between two elements with meaning such as hypernymy and holonymy	
Q2269249	Q2269249	item	semiprime ideal	generalizations of prime ideals	Semiprime ideal
Q2288360	Q2288360	item	SKOS	W3C recommendation designed for representation of thesauri, classification schemes, taxonomies, subject-heading systems, or other structured controlled vocabularies	Simple Knowledge Organization System
Q2298831	Q2298831	item	asymmetric relation	binary relation such that if A is related to B then B is not related to A	Asymmetric relation
Q2303697	Q2303697	item	sorting	action of arranging objects into order	Sorting
Q2305441	Q2305441	item	social process	way of interaction between individuals and groups	
Q2324993	Q2324993	item	state power	type of political power	State power
Q2326800	Q2326800	item	simple ring	nonzero ring that has no two-sided ideal besides the zero ideal and itself	Simple ring
Q2353731	Q2353731	item	upbringing	type of education	
Q2354159	Q2354159	item	finite ring	abstract ring with finite number of elements	Finite ring
Q2360980	Q2360980	item	unit of amount	class of units for determining the amount of a good by counting	
Q2362924	Q2362924	item	complete lattice	partially ordered set in which all subsets have both a supremum and infimum	Complete lattice
Q2363730	Q2363730	item	distributive lattice	lattice in which the operations of join and meet distribute over each other	Distributive lattice
Q2374463	Q2374463	item	data science	field of study to extract insights from data	Data science
Q2374489	Q2374489	item	grammeme	value of a grammatical category	Grammeme
Q2385804	Q2385804	item	educational institution	institution that provides education	Educational institution
Q2393187	Q2393187	item	molecular entity	any constitutionally or isotopically distinct atom, molecule, ion, ion pair, radical, radical ion, complex, conformer, etc., identifiable as a separately distinguishable entity	Molecular entity
Q2423459	Q2423459	item	military deployment	movement of armed forces and their logistical support infrastructure around the world	Military deployment
Q2424752	Q2424752	item	product	anything that can be offered to a market	Product (business)
Q2427941	Q2427941	item	foster parent	parent who raises someone who is not their natural or adoptive child	
Q2431196	Q2431196	item	audiovisual work	creative work possessing both a sound and a visual component	
Q2438541	Q2438541	item	manner of death	type of death (natural / not natural)	Manner of death
Q2444982	Q2444982	item	Noetherian module	module without any strictly ascending sequence of submodules	Noetherian module
Q2465832	Q2465832	item	branch of science	field of scientific study	Branches of science
Q2479726	Q2479726	item	graph data structure	abstract data type in computer science	Graph (abstract data type)
Q2515887	Q2515887	item	pattern of behavior	type of behavior	
Q2547089	Q2547089	item	subobject	object within another object of the same category	Subobject
Q2574811	Q2574811	item	cause	entity which forms causality for an event	
Q2605444	Q2605444	item	society form		
Q2617970	Q2617970	item	pentalogy	compound literary or narrative work that is divided into five	Pentalogy
Q2623243	Q2623243	item	conceptual model	representation of a system, made of the composition of concepts	Conceptual model
Q2646117	Q2646117	item	forgetful functor	drops some or all of the input's structure or properties	Forgetful functor
Q2648051	Q2648051	item	obligation	legal or moral requirement to take a certain course of action	Obligation
Q2659904	Q2659904	item	government organization	organization administrated by a government authority or agency	Government organization
Q2661442	Q2661442	item	W3C Recommendation	class of technical specifications by W3C	
Q2668072	Q2668072	item	collection	set of purposely gathered physical or digital objects with some common characteristics	Collection (museum)
Q2712963	Q2712963	item	abstract noun	noun, with which somewhat non-representational is designated	Abstract noun
Q2742711	Q2742711	item	graph distance	in graph theory, the minimum number of edges in a path connecting two vertices	Distance (graph theory)
Q2752458	Q2752458	item	administrative type	general umbrella term for the way in which a community is run	
Q2785361	Q2785361	item	monoid object	monoid in certain category-theoretic category	Monoid (category theory)
Q2835924	Q2835924	item	octonion algebra	8-dimensional composition algebra over a field	Octonion algebra
Q2835957	Q2835957	item	composition algebra	not necessarily associative algebra	Composition algebra
Q2851410	Q2851410	item	coherent ring	ring in which every finitely generated left ideal is finitely presented	Coherent ring
Q2897903	Q2897903	item	goods and services	outcome of human efforts to meet the wants and needs of people	Goods and services
Q2901852	Q2901852	item	carbon compound	any chemical compound having at least one carbon atom	Carbon compounds
Q2903989	Q2903989	item	class hierarchy	classification of objects in programming	Class hierarchy
Q2905043	Q2905043	item	principal ideal ring	ring in which every ideal is principal	Principal ideal ring
Q2912517	Q2912517	item	value	notion in mathematics	Value (mathematics)
Q2919100	Q2919100	item	Artinian module	module which satisfies the descending chain condition on submodules	Artinian module
Q2920613	Q2920613	item	shared parenting	child custody arrangement	Shared parenting
Q2923525	Q2923525	item	massive particle	particle having real positive rest mass	Massive particle
Q2943034	Q2943034	item	braided monoidal category	monoidal category with a commutativity constraint that need not be symmetric	Braided monoidal category
Q2944660	Q2944660	item	lexical item	basic unit of a language’s lexicon	Lexical item
Q2976602	Q2976602	item	industry classification scheme	type of economic taxonomy	Industry classification
Q2990593	Q2990593	item	animal behavior	internally coordinated responses (actions or inactions) of animals (individuals or groups) to internal or external stimuli, via a mechanism that involves nervous system activity	Animal behaviour
Q2995644	Q2995644	item	result	final consequence or product of a sequence of actions or events	Result
Q2996394	Q2996394	item	biological process	process specifically pertinent to the functioning of integrated living units	Biological process
Q2996729	Q2996729	item	coparenting	type of parenting	Coparenting
Q2997817	Q2997817	item	perfect field	a field that is either of characteristic 0, or of positive characteristic p such that every element admits a p-th root	Perfect field
Q3022118	Q3022118	item	inverse semigroup	regular semigroup in which every element has a unique inverse	Inverse semigroup
Q3022119	Q3022119	item	regular semigroup	semigroup such that, for every element x, there exists another element y such that xyx=x	Regular semigroup
Q3024240	Q3024240	item	historical country	country, state or territory that once existed	Historical country
Q3052382	Q3052382	item	fonds	aggregation of records, documents, or works originating from the same creator	Fonds
Q3054922	Q3054922	item	totally ordered set	set paired with a total order	Totally ordered set
Q3059449	Q3059449	item	Nephrozoa	proposed clade of animals	Nephrozoa
Q3084232	Q3084232	item	polypeptide	long, continuous, and unbranched peptide chain	
Q3088151	Q3088151	item	transitive reduction	minimal graph with the same reachability relation as a given graph	Transitive reduction
Q3181395	Q3181395	item	information processor	system (be it electrical, mechanical, biological) which takes information (a sequence of enumerated symbols, states) in one form and processes (transforms, converts) it into another form, e.g. to statistics, by an algorithmic process	
Q3182649	Q3182649	item	separation	process of separating one entity to form others; often: separation within an organization that leads to the formation of an independent organisation	
Q3249551	Q3249551	item	process	series of events which occur over an extended period of time	Process (science)
Q3257686	Q3257686	item	locality	place of human settlement	
Q3257782	Q3257782	item	locution	language functional unit	
Q3266850	Q3266850	item	commune	administrative entity in different countries	Commune (administrative division)
Q3268571	Q3268571	item	administrative territorial entity of a single country	class of all the administrative division types used by a given country administration	
Q3269789	Q3269789	item	unital ring	another name of ring	Unital ring
Q3305213	Q3305213	item	painting	visual artwork, surface artistically covered with paint	Painting (object)
Q3306762	Q3306762	item	data validation	technical process	Data validation
Q3307145	Q3307145	item	finite measure	measure that always takes on finite values	Finite measure
Q3365007	Q3365007	item	parenthood	the function of being a parent in its legal, political, socio-economic, cultural and institutional aspects	
Q3366856	Q3366856	item	composite particle	quantum particle that is itself a system of other quantum particles bound by strong, weak or electromagnetic interaction	
Q3400985	Q3400985	item	academic	person who works as a teacher or researcher at a university or other higher education institution	
Q3413373	Q3413373	item	quasi-bialgebra	mathematical concept	Quasi-bialgebra
Q3427877	Q3427877	item	web resource	resource accessible from the World Wide Web and has a Uniform Resource Identifier. Can be resource of different file formats, accessible by a specific protocol, etc.	Web resource
Q3435924	Q3435924	item	computational problem	problem of finding an effective algorithm which solves a given problem	Computational problem
Q3505845	Q3505845	item	state	abstract term that denotes the presence of stable values of a set of variables of an object	
Q3511132	Q3511132	item	series	term in archival and library science; collection of records grouped as a result of their original function, use, or other relationship to one another	
Q3523102	Q3523102	item	source of information	source of information for somebody, i.e. anything that might inform a person about something or provide knowledge about it	Source of information
Q3532117	Q3532117	item	Alexandrov topology	topology in which the intersection of any family of open sets is open	Alexandrov topology
Q3533467	Q3533467	item	group action	in sociology, a situation in which a number of agents take action simultaneously in order to achieve a common goal	Group action (sociology)
Q3537603	Q3537603	item	transgression	violation of a commitment, law, norm or other rule	
Q3539534	Q3539534	item	semantic triple	atomic data entity in the Resource Description Framework (RDF) data model; set of three entities that codifies a statement about semantic data in the form of subject–predicate–object expressions	Semantic triple
Q3622002	Q3622002	item	geographical area	type of geographic region	Geographical area
Q3622126	Q3622126	item	conceptual system	system composed of non-physical objects, i.e. ideas or concepts	Conceptual system
Q3624078	Q3624078	item	sovereign state	state that has the highest authority over a territory	Sovereign state
Q3685323	Q3685323	item	nitrogen compound	any chemical compound having at least one nitrogen atom	Nitrogen compounds
Q3695082	Q3695082	item	sign	semiotic concept; object, quality, event, or entity whose presence or occurrence indicates the probable presence or occurrence of something else; includes words, punctuation, expressions, gestures, notices, road signs, symbols, pictures, etc.	Sign
Q3736439	Q3736439	item	duck	common name for many species in the bird family Anatidae	Duck
Q3737844	Q3737844	item	binary function	function that takes two inputs	Binary function
Q3753945	Q3753945	item	closure of a relation		Closure of a relation
Q3778211	Q3778211	item	legal person	any entity that is recognised as having privileges and obligations in law	Legal person
Q3836720	Q3836720	item	loop	algebraic structure, quasigroup with an identity element	Loop (algebra)
Q3839507	Q3839507	item	functional programming language	programming language that uses functional programming principles	Functional programming language
Q3882785	Q3882785	item	upper ontology	ontology applicable across domains of knowledge	Upper ontology
Q3884033	Q3884033	item	mathematical operation	mathematical procedure which produces a result from one or more input values	Operation (mathematics)
Q3893614	Q3893614	item	definable real number	real number uniquely specified by description	Definable real number
Q3924032	Q3924032	item	mathematical property	mathematical concept	Property (mathematics)
Q3927329	Q3927329	item	4-tuple	tuple of specific length (tuple length n=4)	4-tuple
Q3929429	Q3929429	item	semantic reasoner	software able to infer logical consequences from a set of asserted facts or axioms	Semantic reasoner
Q3958441	Q3958441	item	economic sector	conceptual grouping of economic activities	Economic sector
Q3965271	Q3965271	item	subclass	class whose elements are all elements of a given other class	Subclass (set theory)
Q3966112	Q3966112	item	quotient set	set formed by the equivalence classes on a set under a given equivalence relation	Quotient set
Q4025884	Q4025884	item	concrete number	number associated with the things being counted	Concrete number
Q4026292	Q4026292	item	action	something an agent can do or perform	Action (philosophy)
Q4057633	Q4057633	item	hierarchy of administrative territorial entities	structure by which a state is subdivided for administration	
Q4120621	Q4120621	item	rank	level in a hierarchy	Rank
Q4164581	Q4164581	item	semigroupoid	partial algebra that satisfies the axioms for a small category	Semigroupoid
Q4164871	Q4164871	item	position	social role with a set of powers and responsibilities within an organization	
Q4184950	Q4184950	item	regularity	abstract concept describing something that appears more than once with a certain space or time between the occurrences	
Q4263830	Q4263830	item	literary form	category of literary works distinguished by formal characteristics without consideration of content	
Q4303335	Q4303335	item	program	set of instructions used to control the behavior of a machine	Program (machine)
Q4312352	Q4312352	item	lowest common ancestor	term in computer science	Lowest common ancestor
Q4330518	Q4330518	item	object of study	something that undergoes testing or observation in a scientific experiment or in a scientific study	
Q4358176	Q4358176	item	council	group of people who come together to consult, deliberate, or make decisions	Council
Q4373292	Q4373292	item	physical property	attribute of a physical system or body; OR non-chemical property of a material	Physical property
Q4391941	Q4391941	item	non-associative algebra	algebra over a field	Non-associative algebra
Q4406616	Q4406616	item	concrete object	a particular or specific instance of an entity. To describe tangible or physical objects use Q223557	
Q4455897	Q4455897	item	kinship term	a term to denote a familial connection	
Q4502142	Q4502142	item	visual artwork	work of art that is primarily visual	
Q4504549	Q4504549	item	religious role	occupation or position characterized by religious activity	
Q4671277	Q4671277	item	academic institution	educational institution dedicated to education and research	Academic institution
Q4671286	Q4671286	item	academic major	focus of academic study leading to a degree	Academic major
Q4720939	Q4720939	item	closure	the smallest superset of a given set that is closed under a given operation	Closure (mathematics)
Q4830453	Q4830453	item	business	organization undertaking commercial, industrial, or professional activity	Business
Q4833865	Q4833865	item	abstract structure	type of abstraction in science, mathematics, and philosophy	Abstract structure
Q4835091	Q4835091	item	territory	geographic region belonging to or controlled by a person or entity	
Q4887411	Q4887411	item	benefactor	person who gives some form of help to benefit a person, group or organization (the beneficiary)	Benefactor (law)
Q4897819	Q4897819	item	role	identity of an item in relation to another specified item	
Q4903541	Q4903541	item	bicategory	structure consisting of a class of objects and (between every pair X,Y of objects) a category C(X,Y), along with composition functors C(X,Y)×C(Y,Z)→C(X,Z), such that composition is associative (up to natural equivalence by some isomorphism)	Bicategory
Q5034491	Q5034491	item	capacity optimization	technologies used to improve storage use by shrinking stored data	Capacity optimization
Q5035794	Q5035794	item	capitalist state	concept of the state in a capitalist system	Capitalist state
Q5127848	Q5127848	item	class	group of things derived from extensional or intensional definition (philosophy)	Class (philosophy)
Q5135329	Q5135329	item	closed category	category with an internal hom functor	Closed category
Q5135347	Q5135347	item	closed monoidal category	type of category in mathematics	Closed monoidal category
Q5140810	Q5140810	item	coequalizer	generalisation of quotient in category theory	Coequalizer
Q5155040	Q5155040	item	community project	any kind of project based on a community of people	Community project
Q5156940	Q5156940	item	oxygen compound	any chemical compound having at least one oxygen atom	Oxygen compounds
Q5165061	Q5165061	item	content	extended-nonnegative-real-valued function defined on a field of sets (or more generally, a boolean algebra) that is additive over finitely many disjoint sets	Content (measure theory)
Q5244640	Q5244640	item	De Morgan algebra	system of logic lacking the excluded middle law	De Morgan algebra
Q5341295	Q5341295	item	educational organization	body with an aim of education	
Q5358404	Q5358404	item	electronic page	term to encompass paginated content in presentations or documents that originate or remain as visual electronic documents	Electronic page
Q5358816	Q5358816	item	element	concept in category theory	Element (category theory)
Q5382940	Q5382940	item	epigroup	algebraic structure, a semigroup in which every element has a power that belongs to a subgroup	Epigroup
Q5399590	Q5399590	item	essentially unique	mathematical terminology	Essentially unique
Q5446431	Q5446431	item	fibered category	a “sheaf” of categories over a topological space (or, more generally, any category), where instead of equality we have natural equivalences in the definition of the sheaf axioms	Fibred category
Q5500272	Q5500272	item	free object	a “generic” algebraic structure over the given set, fulfilling no other equations except those given by the defining axioms	Free object
Q5500964	Q5500964	item	freely redistributable software	software that anyone is free to redistribute	Freely redistributable software
Q5513324	Q5513324	item	F₂	finite field of order two	GF(2)
Q5555733	Q5555733	item	degree of kinship	degree of relationship between two people with a common ancester	Degree of kinship
Q5569420	Q5569420	item	specialization (pre)order	preorder on the set of the points of a topological space	Specialization preorder
Q5589178	Q5589178	item	regime	form of government	Regime
Q5891007	Q5891007	item	anatomically modern human	member of the species Homo sapiens with an appearance consistent with modern humans	Anatomically modern human
Q5891840	Q5891840	item	homotopy type theory	variant of type theory incorporating the univalence axiom of Voevodsky	Homotopy type theory
Q5962346	Q5962346	item	classification scheme	system of descriptive information for an arrangement or division of objects into groups based on characteristics, which the objects have in common	Classification scheme (information science)
Q6005984	Q6005984	item	baryonic matter	matter consisting of baryons (bound states with odd numbers of quarks), electrons, and possibly other leptons, but not their antiparticles	Baryonic matter
Q6046311	Q6046311	item	interface standard	type of technical standard that describes one or more functional or physical characteristics to allow information exchange between devices	Interface standard
Q6047782	Q6047782	item	internal category	structure, with properties similar to a (small) category, constructed inside any category with pullbacks; two objects O (objects) and M (morphisms), equipped with arrows s, t: M → O (source/target), e: O → M (identity), m: M ₛ×ₜ M → M (composition)	Internal category
Q6134913	Q6134913	item	Least fixed point	Smallest fixed point of a function from a poset	Least fixed point
Q6138701	Q6138701	item	RDF query language	programming language allowing easy querying on RDF graphs	RDF query language
Q6423319	Q6423319	item	knowledge organization system	generic term used in knowledge organization about authority files, classification schemes, thesauri, topic maps, ontologies etc.	Knowledge organization system
Q6453739	Q6453739	item	primitive notion	undefined term motivated informally, usually by an appeal to intuition and everyday experience, or introduced axiomatically and eventually generated only by a series of elementary operations	Primitive notion
Q6499736	Q6499736	item	vocabulary	body of words used in a particular language (or the set known to an individual)	Vocabulary
Q6501447	Q6501447	item	local government	lowest tier of administration within a sovereign state	Local government
Q6545185	Q6545185	item	unique identifier	identifier which is unique and permanent within a subset of space and time	Unique identifier
Q6630149	Q6630149	item	narrative form	form of narration, either written or oral; aspect of literary classification	
Q6661985	Q6661985	item	data processing	any process that uses a computer program to enter data and summarise, analyse or otherwise convert data into usable information	Data processing
Q6671777	Q6671777	item	structure	arrangement and organization of interrelated elements in an object or system, or the object or system so organized	Structure
Q6918890	Q6918890	item	Moufang loop	algebraic structure	Moufang loop
Q7048977	Q7048977	item	abstract entity	entity that does not have a physical existence, including abstract objects and properties	Non-physical entity
Q7049224	Q7049224	item	noncommutative ring	algebraic structure	Noncommutative ring
Q7094076	Q7094076	item	online database	database accessible from a network, including from the Internet	Online database
Q7095059	Q7095059	item	ontology language	formal language used to construct ontologies	Ontology language
Q7098616	Q7098616	item	opposite category	category constructed from another category C, whose objects are the same as those of C, whose morphisms from X to Y are the same as the morphisms in C from Y to X	Opposite category
Q7184903	Q7048977	item	abstract entity	entity that does not have a physical existence, including abstract objects and properties	Non-physical entity
Q7189713	Q7189713	item	physiological condition	conditions of the external or internal milieu that may occur in nature for that organism	Physiological condition
Q7210356	Q7210356	item	political organization	group involved with politics	Political organisation
Q7226641	Q7226641	item	polynomial identity ring		Polynomial identity ring
Q7233031	Q7233031	item	thin category	category in which there are one or less morphism between every two objects	Thin category
Q7241077	Q7241077	item	presheaf	contravariant functor to the category of sets and functions	Presheaf (category theory)
Q7249564	Q7249564	item	proleptic calendar	calendar that is applied to dates before its introduction	Proleptic calendar
Q7269539	Q7269539	item	quasitransitive relation	type of binary relation	Quasitransitive relation
Q7271381	Q7271381	item	query	mapping from structures of one signature to structures of another vocabulary	Query (complexity)
Q7320446	Q7320446	item	rhetorical mode	variety, conventions, and purposes of language-based communication, particularly writing and speaking	Modes of discourse
Q7406919	Q7406919	item	service	economic product that directly satisfies wants without producing a lasting asset	Service (economics)
Q7449422	Q7449422	item	semigroup with involution	semigroup equipped with an involutive anti-automorphism	Semigroup with involution
Q7449424	Q7449424	item	Semigroup action	an action or act of a semigroup on a set	Semigroup action
Q7551287	Q7551287	item	social object		Social objects
Q7574764	Q7574764	item	Wormaldia quadriphylla	species of insect	
Q7595790	Q7595790	item	stably finite ring	property of rings (mathematics)	Stably finite ring
Q7595945	Q7595945	item	stack	generalization (and categorification) of a sheaf; a fibered category that admits effective descent	Stack (mathematics)
Q7604698	Q7604698	item	statutory authority	body set up by law which is authorised to enact legislation	Statutory body
Q7631737	Q7631737	item	subobject classifier	in category theory	Subobject classifier
Q7662595	Q7662595	item	synonym	in a database, alternate name for a table, view, sequence, or other schema object in a database	Synonym (database)
Q7725310	Q7725310	item	series of creative works	ordered set of creative works	Series fiction
Q7725634	Q7725634	item	literary work	written work read for enjoyment or edification	Literary work
Q7887142	Q7887142	item	unit of analysis	major entity that is being analyzed in a study	Unit of analysis
Q7888828	Q7888828	item	Gaussian rational	complex number of the form p + qi, where p and q are both rational numbers	Gaussian rational
Q7930989	Q7930989	item	city or town	type of human settlement	
Q7977957	Q7977957	item	weak n-category	generalization of the strict notion of n-category	Weak n-category
Q8027727	Q8027727	item	Wissenschaft	any area of scholarly study or science that involves systematic research and teaching, e.g., art history	Wissenschaft
Q8187769	Q8187769	item	economic activity	human activity involving the transfer of goods or services	
Q8359428	Q8359428	item	social activist	activist focused on social issues	Social activist
Q8424307	Q8424307	item	number with finite decimal representation	number that can be represented with a finite number of decimal places	Finite decimal
Q8963063	Q8963063	item	discrete function		Discrete function
Q9337488	Q9337488	item	interval scale	measurement scale in which quantity values can be ranked and subtracted from each other	Interval scale
Q9388534	Q9388534	item	archival collection	collection of materials with some unifying characteristic, housed in an archive	
Q9392635	Q9392635	item	carbonyl compound	any chemical compound with a carbonyl group	
Q9584157	Q9584157	item	adult human	adult member of the human species	
Q10301427	Q10301427	item	moving image	series of visual representations imparting an impression of motion when shown in succession	
Q10372568	Q10372568	item	society	group of animals who live together with some form of organisation	
Q10383930	Q10383930	item	academic work	academic work that reports the result of study and analysis of a topic using scholarly methods	
Q10535634	Q10535634	item	initial object	category object with exactly one morphism leading from it to every object of the category	
Q10541491	Q10541491	item	legal form	type of legal entity within certain legal system	
Q10547012	Q10547012	item	common matter	matter, explicitly excluding any antimatter; physical substance containing neither non-matter nor antimatter	
Q10564851	Q10564851	item	closure operator	mathematical operator	Closure operator
Q10567583	Q10567583	item	small category	category whose objects and morphisms both form sets	Small category
Q10683158	Q10683158	item	substance	any composed matter whose origin is either biological, chemical, or mineral	
Q10711424	Q10711424	item	state with limited recognition	territory with de-facto sovereignty but lacking international acceptance	State with limited recognition
Q10843872	Q10843872	item	process	set of interrelated tasks that transform inputs into outputs, where the tasks may be carried out by people, nature or machines using various resources	Process
Q10864048	Q10864048	item	first-level administrative division	administrative division directly subordinate to or under administration of a national government	First-level administrative division
Q11077412	Q11077412	item	strict order	irreflexive transitive relation	Strict order
Q11235244	Q11235244	item	domain	connected open subset of a finite-dimensional vector space	Domain (mathematical analysis)
Q11268999	Q11268999	item	determination		
Q11418818	Q11418818	item	commercial capital city	not official title of a city where commerce is most active in a country	
Q11618417	Q11618417	item	LAU 2	former designation type for local administrative units within the EU's NUTS geocode standard	
Q11666901	Q11666901	item	nominal kinship	all kin not directly related by blood	
Q11756524	Q11756524	item	p-adic integer		P-adic integer
Q11826511	Q11826511	item	scientific work	distinct intellectual creation in science	Scientific work
Q11862829	Q11862829	item	academic discipline	academic field of study or profession	Academic discipline
Q11953984	Q11953984	item	linguistic unit	any of a range of units of language, whether a word, phrase, clause, sentence, paragraph, whole conversation or a story, morpheme, grapheme, phoneme and syllable	
Q11997597	Q11997597	item	representative	occupation consisting in representing a physical or a moral person	
Q12042160	Q12042160	item	scientific non-fiction literature	literature on scientific topics	Scientific literature
Q12046615	Q12046615	item	feature type	Wikidata metaclass for geographic feature	
Q12047512	Q12047512	item	psychological phenomenon	fact studied in psychology or a psychological event that manifests itself in a particular way	Mental phenomena
Q12047513	Q12047513	item	mental process	concept in psychology that refers to the sequence of thoughts, emotions, and behaviors that reflect the mind’s function and interaction with the environment	Mental process
Q12050496	Q12050496	item	feature	any characteristic used to classify a phoneme or word	Feature (linguistics)
Q12132640	Q12132640	item	scientific terminology	part of the language that is used by scientists in the context of their professional activities	Scientific terminology
Q12139612	Q12139612	item	list	set of discrete items of information	List
Q12175350	Q12175350	item	faithful functor	functor which is injective when restricted to every hom-set	Faithful functor
Q12202238	Q12202238	item	transformation	function mapping a set to itself	Transformation (function)
Q12303449	Q12303449	item	caption	lines of text used to explain or elaborate an illustration, figure, table, or photograph	Photo caption
Q12338229	Q12338229	item	sperm donor	person who donates sperm	Sperm donor
Q12379553	Q12379553	item	general term	term that denotes a more encompassing or ample concept with a generic relation	Generic term
Q12488383	Q12488383	item	content	matter or entity that is contained	
Q12558574	Q12558574	item	point of view	standpoint regarding a topic; opinion, attitude, or judgment upon some matter; way that one looks at something	Point of view (philosophy)
Q12569864	Q12569864	item	economic entity	one of the assumptions made in generally accepted accounting principles	Economic entity
Q12579633	Q12579633	item	invention	unique or novel device, method, composition or process; product of the process of invention	Invention
Q12625119	Q12625119	item	blood kin	relative which one is related to biologically	Blood relative
Q12737077	Q12737077	item	occupation	label applied to a person based on an activity they participate in	
Q12758374	Q12758374	item	relative	person considered to have a family relationship with another	
Q12772052	Q12772052	item	multi-paradigm programming language	programming language type	Multi-paradigm programming language
Q12774177	Q12774177	item	means	means by which a function is performed	
Q12775893	Q12775893	item	scheme	a basic outline drawn up in general and essential features	
Q12812139	Q12812139	item	specialized term	word or expression with a technical definition	
Q12819913	Q12819913	item	connection	process of joining or uniting entities to create a new entity	
Q13196193	Q13196193	item	part	separate element of a larger entity. For integral parts, see Q1310239.	
Q13218276	Q13218276	item	free city	city that governs itself	
Q13405586	Q13405586	item	non-fiction literature genre		
Q13406463	Q13406463	item	Wikimedia list article	page of a Wikimedia project with a list of something	Wikipedia:Lists
Q13418847	Q13418847	item	historical event	particular incident in history that brings about a historical change	
Q13420330	Q13420330	item	provider	economic actor that provides goods or services to consumers	
Q13512116	Q13512116	item	nonassociative ring	generalization of a ring that does not require multiplication to be associative	Nonassociative ring
Q13539802	Q13539802	item	place with town rights and privileges	place with town rights and privileges	
Q14204246	Q14204246	item	Wikimedia project page	page in the non-article namespace 4 on a Wikimedia project serving internal purposes	
Q14623681	Q14623681	item	Jane Belson	barrister, wife of science-fiction author Douglas Adams (1952–2011)	
Q14757767	Q14757767	item	fourth-level administrative division	administrative division subordinate to or under administration of a third-level division	
Q14827288	Q14827288	item	Wikimedia project	site or service hosted by the Wikimedia Foundation to serve the Wikimedia community	Wikimedia project
Q14946528	Q14946528	item	conflation	merging of distinct identities or concepts, usually erroneously	Conflation
Q15042037	Q15042037	item	statistical territorial entity	areas designated as significant due to high population density, economic activity, or other reasons	
Q15138389	Q15138389	item	Wikimedia article page	article in the main space of a Wikimedia site (note: various wikis, do NOT use this together with "instance of")	
Q15239622	Q15239622	item	disputed territory	territory, which status is controversial between two or more existing states	Disputed territory
Q15474042	Q15474042	item	MediaWiki page	page on a MediaWiki wiki	
Q15534632	Q15534632	item	graded ring	graded module, where the grading has the structure of a monoid, in which ring multiplication respects the grading	Graded ring
Q15617994	Q15617994	item	administrative territorial entity type	type of administrative divisions, usually used in several countries	
Q15621286	Q15621286	item	intellectual work	work created through human thought and perception, including creative work	
Q15631850	Q15631850	item	districts and some cities of Germany	administrative units of Germany	
Q15633582	Q15633582	item	MediaWiki wiki	website editable by visitors whose software engine is MediaWiki	
Q15633587	Q15633587	item	MediaWiki main namespace page	page in the main namespace of a wiki, used for "main" content specific to the project such as article, lemma, ...	
Q15642541	Q15642541	item	human-geographic territorial entity	territorial entity of which the borders are determined by physiographic and human features	
Q15642566	Q15642566	item	non-political administrative territorial entity	country subdivision that does not have its own government and exists only for administrative purposes	
Q15709883	Q15709883	item	statistical definition	definition used by statistical organisms or studies	
Q15710813	Q15710813	item	physical structure	body or assemblage of bodies in space that form a system capable of supporting loads	
Q15712714	Q15712714	item	biomolecular structure	3D conformation of a biological sequence, like DNA, RNA, proteins	Biomolecular structure
Q15734684	Q15734684	item	Körperschaft des öffentlichen Rechts	form of corporate personhood in Germany	
Q15831325	Q15831325	item	class used in Universal Decimal Classification		
Q15835236	Q15835236	item	military action	use of the armed forces as a means of executive power	
Q15846555	Q15846555	item	completeness	fundamental concept in metalogic, and the term may be used without qualification with differing meanings depending on the context within mathematical logic	Completeness (logic)
Q15851373	Q15851373	item	crosslink page	used to list articles associated with similar concepts	
Q15873243	Q15873243	item	Svorka	Wikimedia disambiguation page	
Q15893266	Q15893266	item	former entity	entity that no longer operates or is terminated	
Q15974307	Q15974307	item	Unitary municipality in Germany	administrative unit of Germany	
Q15975724	Q15975724	item	object of a category	constituent element of the mathematical notion of category	Object of a category
Q15978631	Q15978631	item	Homo sapiens	species of mammal	Homo sapiens
Q15980953	Q15980953	item	fiction series	sequence of works of fiction having certain characteristics in common	
Q16003513	Q16003513	item	NUTS (european administrative division classification) class		
Q16222597	Q16222597	item	Wikidata item	main documentary unit of Wikidata	Wikidata item
Q16317911	Q16317911	item	positive integer	integer greater than zero; natural number explicitly excluding zero	Positive integer
Q16334295	Q16334295	item	group of humans	any set of human beings	Humans
Q16334298	Q16334298	item	group of living things	set of live individual entities of any nature	
Q16547118	Q16547118	item	surrogate mother	woman who agrees to become pregnant and deliver a child for another party	
Q16562419	Q16562419	item	political entity	territorial political body such as a state or local government	
Q16686022	Q16686022	item	natural physical object	natural thing that exists that humans did not make	
Q16686448	Q16686448	item	artificial object	anything created through intelligent or artificial means (either material or mental)	
Q16887380	Q16887380	item	group	well-defined, enumerable collection of discrete entities that form a collective whole	
Q16889133	Q16889133	item	class	collection of items defined by common characteristics	Class (knowledge representation)
Q16911578	Q16911578	item	∞-groupoid	abstract homotopical model for topological spaces	∞-groupoid
Q16944486	Q16944486	item	elaboration	adding more information to existing information for clarity	Elaboration
Q17006903	Q17006903	item	decomposable measure	measure that is a disjoint union of finite measures	Decomposable measure
Q17020770	Q17020770	item	Boolean-valued function	function with two-element codomain	Boolean-valued function
Q17077830	Q17077830	item	groupoid object	generalization of a groupoid and a group objects	Groupoid object
Q17091170	Q17091170	item	group conflict	hostilities between different groups	Group conflict
Q17102802	Q17102802	item	rng	algebraic structure similar to ring but not necessarily having a multiplicative identity	Rng (algebra)
Q17103860	Q17103860	item	symmetric monoidal category	monoidal category where A ⊗ B is naturally equivalent to B ⊗ A	Symmetric monoidal category
Q17104046	Q17104046	item	mixed graph	graph that is permitted to contain both directed and undirected edges	Mixed graph
Q17138290	Q17138290	item	kinship system	ides about familiar relationships	
Q17141489	Q17141489	item	intersection	concept in mathematics	Intersection
Q17152639	Q17152639	item	thesaurus	controlled vocabulary expanded with relations of broader, narrower and related terms, serving subject indexing and vocabulary control	Thesaurus (information retrieval)
Q17176533	Q17176533	item	software component	software package, web service, web resource, or module that encapsulates a set of related functions	Software component
Q17197366	Q17197366	item	type of organization	type in a typology; form of social organization defined by the structure of the relationship between its members, or between other organizations	
Q17320256	Q17320256	item	physical process	any sequence of events or changes that occur in the physical world, governed by the laws of physics, involving energy, matter, or their interactions	
Q17334923	Q17334923	item	physical location	position of something in space	
Q17339814	Q17339814	item	group or class of chemical substances	set of chemical substances that share a common characteristic	
Q17362920	Q17362920	item	Wikimedia duplicated page	this item duplicates another item, it can be merged once the necessary merges are done in other Wikimedia projects	
Q17379835	Q17379835	item	Wikimedia page outside the main knowledge tree	instance of this class should only describe a Wikimedia page, not the outside world concept described in the page	
Q17442446	Q17442446	item	Wikimedia internal item	instances and/or subclasses of this item are about some Wikimedia-only content and should not refer to real world entities	
Q17489659	Q17489659	item	group of works	any set of works	
Q17524420	Q17524420	item	aspect of history	topic viewed from a historical point of view	
Q17537576	Q17537576	item	creative work	artistic creation	Creative work
Q17538690	Q17538690	item	group of manifestations	set of manifestations as defined in FRBR	
Q17587456	Q17587456	item	sitelink	RDF node	
Q17625380	Q17625380	item	hierarchical classification	classification system based on hierarchical rules	Hierarchical classification
Q17710986	Q17710986	item	literary pentalogy	set of five books	
Q18199114	Q18199114	item	algebraic construction	method by which an algebraic entity is defined or derived from another	
Q18205845	Q18205845	item	cartesian monoidal category	monoidal category with respect to products	Cartesian monoidal category
Q18206693	Q18206693	item	E-dense semigroup	semigroup in which every element a has at least one weak inverse x,	E-dense semigroup
Q18247357	Q18247357	item	group of structures or buildings	architectural structures or buildings that do not form a building complex, but are treated as a group	
Q18340964	Q18340964	item	power	philosophical concept	Power (philosophy)
Q18386809	Q18386809	item	partial algebra	generalization of universal algebra to partial operations	Partial algebra
Q18386814	Q18386814	item	partial groupoid	algebraic structure	Partial groupoid
Q18603648	Q18603648	item	contributing factor	circumstance or event that contributes to a result, but is not 100% determinative of outcome	
Q18616576	Q18616576	item	Wikidata property	part of statements according to the Wikidata data model, appearing as the 2nd item in the statement triple	Wikidata property
Q18647515	Q18647515	item	transitive Wikidata property	to be used to declare properties to be transitive; OWL language construct	
Q18647518	Q18647518	item	symmetric property	used to declare properties to be symmetric; equivalent to owl:SymmetricProperty	
Q18786106	Q18786106	item	topology	(structure) collection of open subsets of a topological space	Topology (structure)
Q19474404	Q19474404	item	single-value constraint	type of constraint for Wikidata properties: used to specify that this property generally contains a single value per item	
Q19478619	Q19478619	item	metaclass	class which has instances that are all themselves classes	Metaclass (knowledge representation)
Q19798642	Q19798642	item	Wikibase value	part of a claim in Wikibase data model	
Q19798644	Q19798644	item	Wikibase data model element	abstract object	
Q19798645	Q19798645	item	Wikibase datatype	defines for Wikibase how correspondingly labelled data values are to be processed and displayed	
Q19798647	Q19798647	item	concept of no-value in Wikibase	value attributed to a claim when we are sure that the property has no value for an element, in Wikibase wikis	
Q19798648	Q19798648	item	concept of unknown value in Wikibase	Wikibase data model concept, (*do not use in statements*) value given to a claim when we know there is a value for the property but don't know the value	
Q19798651	Q19798651	item	wikibase data model possible value for a claim	in Wikibase Data Model, no-value, some-value or the values defined by datatypes	
Q19798657	Q19798657	item	Wikibase value type	every value in Wikibase can be either no-value or unknown or an actual value	
Q19822352	Q19822352	item	stepparent	parent's spouse who is not one's biological parent	Stepparent
Q19832712	Q19832712	item	historical administrative division	administrative division which existed in the past, that may or may not still exist (Use subclass Q19953632 for divisions which no longer exist)	
Q19833078	Q19833078	item	surjective relation	binary relation such that every element of the right set has a corresponding element in the left set	Surjective relation
Q19847637	Q19847637	item	Wikidata property for an identifier	Wikidata property to identify something in an external source	
Q19868531	Q19868531	item	formal ontology concept	formally defined concept in the context of an ontology	
Q19885597	Q19885597	item	oxo compound	class of chemical compounds that contain a doubly bonded oxygen atom	
Q19902884	Q19902884	item	Wikidata property definition		
Q19953632	Q19953632	item	former administrative territorial entity	administrative division which is no longer in use	
Q19967801	Q19967801	item	online service	product or service provided on the Internet	Online service
Q20026918	Q20026918	item	mathematical theory	mathematical model that is based on axioms	Mathematical theory
Q20642780	Q20642780	item	mathematical construction		
Q20665666	Q20665666	item	conclusion	the proposition arrived at by logical reasoning	
Q20667921	Q20667921	item	type of French administrative division		
Q20746742	Q20746742	item	adoptive parent	person who has become the child's parent through the legal process of adoption	
Q20819677	Q20819677	item	technical specification	list of technical characteristics describing an object or process	
Q20826540	Q20826540	item	scholar	someone who has great knowledge	Scholar
Q20829075	Q20829075	item	type of language	Wikidata metaclass of langoid in linguistic typology	
Q20920559	Q20920559	item	procedure	standardised method of carrying out a task	
Q20936777	Q20936777	item	series of specified number of works	ordered set of a given number of creative works	
Q21004260	Q21004260	item	inquiry	process that has the aim of augmenting knowledge, resolving doubt, or solving a problem	Inquiry
Q21006424	Q21006424	item	legal obligation	legal requirement to take some course of action	
Q21040055	Q21040055	item	aspect	perspective from which a certain subject may be discussed	
Q21044622	Q21044622	item	Wikidata statement rank	attribute of a statement on Wikidata	Wikidata rank
Q21146257	Q21146257	item	type	kind or variety of something	
Q21157127	Q21157127	item	cluster	collection of entities that are physically or conceptually close to each other	
Q21170479	Q21170479	item	possibility	quality of being possible; the condition or fact of being possible	
Q21281405	Q21281405	item	Wikidata internal entity	instances of this entity are about some Wikidata-only content and should not refer to real world entities	
Q21406562	Q21406562	item	field	term which refers to either a (commutative) field or a division ring	
Q21481766	Q21481766	item	scholarly chapter	chapter written by specific authors in a scholarly book	
Q21502402	Q21502402	item	property constraint	constraint of a Wikidata property	
Q21502410	Q21502410	item	distinct-values constraint	type of constraint for Wikidata properties: used to specify that the value for this property is likely to be different from all other items	
Q21502838	Q21502838	item	conflicts-with constraint	type of constraint for Wikidata properties: used to specify that an item must not have a given statement	
Q21503247	Q21503247	item	item-requires-statement constraint	type of constraint for Wikidata properties: used to specify that an item with this property should also have another given property	
Q21503250	Q21503250	item	subject type constraint	type of constraint for Wikidata properties: used to specify that the item described by such properties should be a subclass or instance of a given type	
Q21510855	Q21510855	item	inverse constraint	type of constraint for Wikidata properties: used to specify that the referenced item has to refer back to this item with the given inverse property	
Q21510859	Q21510859	item	one-of constraint	type of constraint for Wikidata properties: used to specify that the value for this property has to be one of a given set of items	
Q21510863	Q21510863	item	used as qualifier constraint	type of constraint for Wikidata properties: used to specify that a property must only be used as a qualifier	
Q21510864	Q21510864	item	value-requires-statement constraint	type of constraint for Wikidata properties: used to specify that the referenced item should have a statement with a given property	
Q21510865	Q21510865	item	value-type constraint	type of constraint for Wikidata properties: used to specify that the value item should be a subclass or instance of a given type	
Q21550639	Q21550639	item	geometric concept	mathematical concepts, scientific concepts	
Q21562092	Q21562092	item	imperative programming language	programming language implementing the imperative programming paradigm	
Q21855572	Q21855572	item	additive object	additively-composing abstract object	
Q21871294	Q21871294	item	group or class of living things	second-order class of living things	
Q22269697	Q22269697	item	multi-organism process	biological process which involves another organism of the same or different species	
Q22294683	Q22294683	item	biological process involved in intraspecies interaction between organisms	process in which an organism has an effect on an organism of the same species	
Q22299433	Q22299433	item	multicellular organismal process	any biological process, occurring at the level of a multicellular organism, pertinent to its function	
Q22675015	Q22675015	item	type of quantum particle	type or family of quantum mechanical particles, often subatomic but also may be unrelated to atoms	
Q22689055	Q22689055	item	Fawaz bin Saud bin Abdul Aziz Al Saud		
Q22811234	Q22811234	item	branch of philosophy	subdivision of the field of philosophy	Branch of philosophy
Q22923920	Q22923920	item	territorial collectivity of France with special status		
Q22963169	Q22963169	item	additive map	Z-module homomorphism	Additive map
Q23808682	Q23808682	item	conservative functor	functor that reflects isomorphisms	Conservative functor
Q23894381	Q23894381	item	actor	participant in an event that instigates it	
Q23958852	Q23958852	item	variable-order class	abstract entity representing classes whose instances may be classes of different orders or even non-classes	
Q23958946	Q23958946	item	individual entity	entity, be it a thing, a person or any other agent, which is identifiable by its determined characteristics, as contrasted to a class whose characteristics may be varying among its instances	
Q23959932	Q23959932	item	fixed-order class	class whose instances are all either individuals or same-fixed-order classes	Fixed-order class
Q24017414	Q24017414	item	second-order class	metaclass containing as instances all classes of individuals	Second-order class
Q24017465	Q24017465	item	third-order class	metaclass containing as instances all classes of classes of individuals	
Q24027474	Q24027474	item	fourth-order class	metaclass containing as instances all classes of classes of classes of individuals	
Q24027515	Q24027515	item	fifth-order class	metaclass containing as instances all fifth-order classes	
Q24027526	Q24027526	item	fixed-order class of higher order	class of order strictly higher than 5	
Q24034552	Q24034552	item	mathematical concept	abstract entity in mathematics	Mathematical concept
Q24229398	Q24229398	item	being	distinct and identifiable entity with agency, capable of performing actions	
Q24238356	Q24238356	item	unknown	entity whose identity is not known	
Q24249534	Q24249534	item	specialised classification scheme	classification system focused on a specific subject area	
Q24902509	Q24902509	item	human activity	activity initiated by a human, intentionally or unintentionally	
Q25098571	Q25098571	item	first-degree relative	one's offspring, sibling or parent	First-degree relative
Q25601835	Q25601835	item	close relative	relation with few degrees of separation	
Q26256810	Q26256810	item	topic	topic or area addressed by a work or set of works	
Q26884324	Q26884324	item	Wikimedia outline article	hierarchical list showing relationships between topics and their subtopics	Wikipedia:Outlines
Q26897143	Q26897143	item	set system	(non-indexed) set whose all elements are subsets of another common set	
Q26907166	Q26907166	item	temporal entity	thing that can be contained within a period of time, or change in state (e.g. events, periods, acts)	
Q27043950	Q27043950	item	anatomical entity	biological entity that is either member of a species or a unit of its structural organization	
Q27096213	Q27096213	item	geographic entity	relatively stationary place or entity that can be geographically identified, located, or described	
Q27096235	Q27096235	item	artificial geographic entity	non-natural geographic entities such as settlements, infrastructure, and excavations	
Q27702623	Q27702623	item	academic enclave		
Q27949697	Q27949697	item	Wikibase reason for deprecated rank	used with "reason for deprecated rank" (P2241)	
Q28017710	Q28017710	item	digital platform	online infrastructure where users can exchange information	Digital platform (infrastructure)
Q28062188	Q28062188	item	book set	collection of book editions having certain characteristics in common that informally allow their identification together as a group	
Q28314507	Q28314507	item	recurring entity	temporal entity that recurs	
Q28458059	Q28458059	item	graded-commutative ring	(ℤ/2)-graded ring in which even elements commute among themselves, odd elements anticommute among themselves, and even and odd elements commute	Graded-commutative ring
Q28555911	Q28555911	item	ordinary matter	matter composed of protons, neutrons, and/or electrons	
Q28693603	Q28693603	item	quantum particle	quantum mechanical particle in nuclear, atomic, and particle physics; often subatomic; composed of elementary particle(s)	
Q28732711	Q28732711	item	physical substance	substance composed of quantum particle(s)/field(s), such as matter and/or radiation; that of which objects/systems are composed; physical stuff that can be considered concrete (not strictly abstract)	
Q28813620	Q28813620	item	set	group of items regarded as one	
Q28859120	Q28859120	item	cardinal measurement scale	measurement scale whose level of measurement is numeric and not merely a ranking (ordinal) or naming (nominal)	
Q28864853	Q28864853	item	patronage	pledging to support a child or children	
Q28872924	Q28872924	item	designation for an administrative territorial entity of a single country	type of administrative divisions, used in one country	
Q28877390	Q28877390	item	massive quantum particle	quantum-mechanical particle (elementary or composite) having real positive rest mass	
Q28923017	Q28923017	item	strict programming language	programming language	Strict programming language
Q28923954	Q28923954	item	languoid class	e.g. dialect, language, macrolanguage, language subfamily, family, or superfamily; each instance of these is a subclass of languoid	
Q29018101	Q29018101	item	upper semilattice	partially ordered set that has a least upper bound for any nonempty finite subset	
Q29018102	Q29018102	item	lower semilattice	partially ordered set that has a greatest lower bound for any nonempty finite subset	
Q29028649	Q29028649	item	economic concept	concept used in economic sciences	
Q29377880	Q29377880	item	Shape Expressions	language for validating, describing or transforming RDF graphs	ShEx
Q29428373	Q29428373	item	tetrad	concrete group of 4 specific members	
Q29428403	Q29428403	item	pentad	concrete group of 5 specific members	
Q29431432	Q29431432	item	dyad	concrete group of 2 specific members	
Q29479670	Q29479670	item	undesirable characteristic	characteristic	
Q29888377	Q29888377	item	nominal locution	combination of words that acts as a noun	
Q29934200	Q29934200	item	Wikibase item	entity type for Wikibase items	
Q29934218	Q29934218	item	Wikibase property	entity type in Wikibase	
Q30060700	Q30060700	item	scientific object	type of object	
Q30241068	Q30241068	item	observable entity	entity which can be experienced or observed directly by human senses	
Q30503704	Q30503704	item	graph algorithm	type of algorithm	Graph algorithm
Q30588174	Q30588174	item	prestack	fibered category satisfying full and faithful (but not necessarily effective) descent	Prestack
Q30590669	Q30590669	item	quasitopos	finitely complete, finitely cocomplete, locally cartesian closed category with a classifier of strong monomorphisms	Quasitopos
Q31381203	Q31381203	item	RDF literal	A specific value, such as a string or a number, that is assigned to a resource.	
Q31384986	Q31384986	item	language-tagged string RDF literal	RDF literal	
Q31464082	Q31464082	item	source entity	entity (person, place, text, thing, etc.) from which something (information, goods, etc.) comes or is acquired	
Q31479975	Q31479975	item	communication system	type of system	
Q32753077	Q32753077	item	Wikidata entity	Wikidata data model element	Wikidata entity
Q33002955	Q33002955	item	knowledge graph	information repository structured as a graph of entities and relationships	Knowledge graph
Q33059348	Q33059348	item	full functor	Functor surjective on Hom sets	Full functor
Q33104069	Q33104069	item	political concept	idea, theory, or notion primarily discussed in a political science and/or politics context	
Q33104129	Q33104129	item	sociological concept	abstract entity in sociology	
Q33104279	Q33104279	item	philosophical concept	concept used in philosophy	
Q33104303	Q33104303	item	concept in physics	concept relating to physics	
Q33120867	Q33120867	item	Wikimedia wiki	MediaWiki project run by the Wikimedia Foundation	
Q33120876	Q33120876	item	Wikimedia content project	wiki hosted by the Wikimedia Foundation that provides free knowledge	Wikimedia content project
Q35825432	Q35825432	item	converter	entity that converts, modifies, or transforms, producing an change of state, observable on the entity itself or on other objects	
Q36509592	Q36509592	item	wiki with script conversion	wikis that support language conversion syntaxes	
Q36808958	Q36808958	item	element of set	item that is a part of a set	
Q36993249	Q36993249	item	arranging	act of arranging items in some orderly way	
Q37787110	Q37787110	item	file system object	object in a computer filesystem, such as a file, directory, or symlink	
Q37866906	Q37866906	item	information resource	resource meant to distribute information	
Q38885242	Q38885242	item	physico-chemical property	type of property	
Q39725049	Q39725049	item	type of publication	Wikidata metaclass for the characteristics of a publication, e. g. the way in which a work is published	
Q39875001	Q39875001	item	measure	standard against which something can be judged	
Q41205988	Q41205988	item	8-tuple	tuple of specific length (tuple length n=8)	
Q41773366	Q41773366	item	NUTS 3 statistical territorial entity		
Q41883552	Q41883552	item	combinatorial algorithm	type of algorithm	
Q42744322	Q42744322	item	urban municipality in Germany	municipality with town privileges in Germany (may e.g. legally prepend "Stadt" to its name)	
Q42866132	Q42866132	item	upper bound	any element M of a partially ordered set A which includes a subset B, such that M is greater than or equal to every element of B	
Q43460564	Q43460564	item	chemical entity	physical entity including chemical substances and other molecular entities	
Q43649390	Q43649390	item	Wikidata Q identifier	unique identifier (UID) used in Wikidata	Wikidata identifier
Q43667189	Q43667189	item	donor	relationship with a charity	
Q44106280	Q44106280	item	idempotent function	function f such that its composition with itself equals f	
Q44292661	Q44292661	item	Wikidata reference	citation used to support a Wikidata statement	Wikidata reference
Q44292881	Q44292881	item	Wikidata statement	any statement or property value listed on Wikidata	Wikidata statement
Q45025858	Q45025858	item	depicting object	object providing a depiction	
Q47008575	Q47008575	item	s-finite measure	measure that is a countable sum of finite measures	S-finite measure
Q47154513	Q47154513	item	structural class of chemical entities	set of chemical entities sharing a common structural feature to which is attached a variable part (or parts) defining a specific entity of the class	
Q47279819	Q47279819	item	type of mathematical function	type or family of mathematical function	
Q47460393	Q47460393	item	type of number	metaclass of classes containing numbers	
Q47461344	Q47461344	item	written work	any work expressed in writing, such as inscriptions, manuscripts, documents or maps	
Q47496130	Q47496130	item	reduction	decrease in a quantity	
Q48907157	Q48907157	item	section of populated place	inhabited territory part of a human settlement	
Q48937186	Q48937186	item	word or phrase	sequence of one or more words	
Q48998319	Q48998319	item	Frobenius reciprocity	duality between the process of restricting and inducting in representation theory	Frobenius reciprocity
Q50081413	Q50081413	item	Wikipedia article page	article in the main space of a Wikipedia site (note: only wikipedia, do NOT use this together with "instance of")	Wikipedia article
Q50843083	Q50843083	item	off-side rule language	class of programming or markup languages that adhere to the off-side rule	
Q51885771	Q51885771	item	Wikibase lexeme	Wikibase entity type for lexemes	
Q51929311	Q51929311	item	largest city	city which has the greatest population in a country	
Q52551684	Q52551684	item	historical geographic location	countries known in remote history (as Byzantium) or former names of countries reflecting political changes in the 19th or 20th century (as East Germany)	
Q52558054	Q52558054	item	none-of constraint	constraint specifying values that should not be used for the given property	
Q53617407	Q53617407	item	material entity	independent continuant that is spatially extended whose identity is independent of that of other entities and can be maintained through time	
Q53617489	Q53617489	item	independent continuant	BFO subclass of persistant entities, which separately includes material entities and immaterial entities	
Q54285143	Q54285143	item	Wikibase form	Wikibase property value datatype	
Q54285715	Q54285715	item	Wikibase sense	Wikibase entity type for lexicographic senses	
Q54933429	Q54933429	item	left-unique relation	binary relation such that every element of the left set has at most one corresponding element in the right set	Injective relation
Q54938846	Q54938846	item	endorelation	binary relation whose domain and codomain coincide	Homogeneous relation
Q54980267	Q54980267	item	intransitivity	property of binary endorelations	Intransitivity
Q55568967	Q55568967	item	biological structure	matter organized by living organisms	
Q55597235	Q55597235	item	class of living thing	different stages, states, and types of an organism	
Q55915575	Q55915575	item	scholarly work	work that reports the result of study and analysis of a topic using scholarly methods, including non-academic works	
Q55983715	Q55983715	item	organisms known by a particular common name	organisms which have been assigned common names in addition to their taxon name	
Q56055944	Q56055944	item	type of arts	form of the arts distinguished by its medium of expression (e.g. literature, music, visual arts)	
Q56256178	Q56256178	item	class of chemical entities with similar source or occurrence	set of chemical entities sharing a similar source or occurence	
Q56273712	Q56273712	item	source-available software	software distributed with its source code	Source-available software
Q56427813	Q56427813	item	type of legal entity in France	legal entity used in the France	
Q56512863	Q56512863	item	participant	person or object that takes part in an event or process	
Q56575300	Q56575300	item	ecological concept	concept in ecology	
Q56648173	Q56648173	item	archives	whole of the documents made and received by a juridical or physical person or organization in the conduct of affairs, and preserved	
Q58494026	Q58494026	item	Wikimedia page	page on a Wikimedia project	
Q59138870	Q59138870	item	digital object	in information science, a digital representation (i.e. computer file, such as a JPG) of a described object or record, which may be associated with its descriptive metadata	
Q59157859	Q59157859	item	secondary information		
Q59211454	Q59211454	item	level of description	in archival science, the position of the descriptive unit in the hierarchy of records	
Q60461402	Q60461402	item	HTML document	a HyperText Markup Language file	
Q60551191	Q60551191	item	Graph Query Language	graph query programming language under development by the ISO/IEC Joint Technical Committee 1	Graph Query Language
Q60790315	Q60790315	item	automorphism group	mathematical group formed from the automorphisms of an object	Automorphism group
Q60971579	Q60971579	item	destructive behavior	type of behavior that leads to needs not getting met and loneliness long-term	
Q61961344	Q61961344	item	group of physical objects		
Q62210692	Q62210692	item	OWL ontology	ontology expressed in the Web Ontology Language (OWL)	
Q63872616	Q63872616	item	layout component	graphic component of visual presentation of text and images such as a page or poster	
Q63981612	Q63981612	item	product category	group of related products	
Q64513524	Q64513524	item	economic term	technical term; word or phrase that is part of economics terminology	
Q64588497	Q64588497	item	accounting term	technical term; word or phrase that is part of accounting terminology, generally accepted accounting principles	
Q64732777	Q64732777	item	biological phenomenon	biological process, property or characteristic of an organism, across the biosphere	
Q66310127	Q66310127	item	immaterial component	abstract entity forming a self-contained part of a larger entity	
Q66363468	Q66363468	item	non-biological parent	parent that is not the biologial progenitor of their child	
Q66363648	Q66363648	item	biological mother	female parent who contributed biologically to a child	Biological mother
Q66363655	Q66363655	item	legal parent	legal term in relation to kinship	
Q66363751	Q66363751	item	adoptive family	legal non-biological family	
Q66363776	Q66363776	item	family structure	type of social structure	
Q66371304	Q66371304	item	genetic parent		
Q66371306	Q66371306	item	genetic mother	woman who gave DNA to the child	
Q66394244	Q66394244	item	physical anatomical entity	physical entity with an anatomical form (structural, capable of dissection)	
Q66560214	Q66560214	item	biological macromolecule		
Q66661745	Q66661745	item	group of artificial physical objects	group of physical objects made or shaped by human hand	
Q66664364	Q66664364	item	linguistic term	type of technical term; word or phrase that is part of linguistics terminology	
Q66666685	Q66666685	item	academic professional	professional with an academic degree	
Q66707394	Q66707394	item	countable set	set with the same cardinality as some subset of the set of natural numbers	Countable set
Q66747126	Q66747126	item	computer science term	technical term; word or phrase that is part of computer science terminology	
Q66747521	Q66747521	item	geography term	technical term; word or phrase that is part of geography terminology	
Q66785817	Q66785817	item	mathematical terminology	language used in the field of mathematics	
Q66786238	Q66786238	item	mathematical term	technical term: word or expression that is part of mathematical terminology	
Q67123843	Q67123843	item	town divided by border	town that is divided by border	
Q67518978	Q67518978	item	occurrent	entity that unfolds itself in time, or instantaneous boundary of such an entity (for example a beginning or an ending), or temporal or spatiotemporal region that such an entity occupies	
Q68023621	Q68023621	item	element of a field	element in an underlying set of a field	
Q68200780	Q68200780	item	scholarly literature	formal publications on matters of scholarship	
Q68482296	Q68482296	item	military activity	human activity by or related to military forces	
Q69886747	Q69886747	item	child rearing	training or bringing-up of children by parents or parent-substitutes	
Q71266556	Q71266556	item	warfare and armed conflicts	war or military conflict against another nation or organized group	
Q71533031	Q71533031	item	preferred rank	type of Wikibase rank indicating greater reliability or validity	
Q71533077	Q71533077	item	Wikibase reason for preferred rank	used with "reason for preferred rank" (P7452)	
Q71550118	Q71550118	item	individual quantity	superclass of physical, chemical, ... quantity; members are individual quantities like 5 kg, 2 apples, ...	
Q71574018	Q71574018	item	organooxygen compound	any organic compound containing at least one carbon-oxygen bond	
Q71758646	Q71758646	item	general quantity	first-order metaclass of quantities; instances include the classes physical quantity, chemical quantity, base quantity, intensive quantity, ...	
Q71782942	Q71782942	item	pnictogen compound	class of chemical compounds containing any of N, P, As, Sb, Bi	
Q72070508	Q72070508	item	group or class of chemical entities	set of chemical entities that shares a common characteristic	
Q73737153	Q73737153	item	normal rank	type of Wikibase rank	
Q73737357	Q73737357	item	deprecated rank	used to tag incorrect values	
Q74892521	Q74892521	item	imprecise class of chemical entities	set of chemical entities with imprecisely defined common features, that have no classification value	
Q76272846	Q76272846	item	oxygen molecular entity		
Q77730568	Q77730568	item	graph theory term	technical term; word or phrase that is part of graph theory terminology	
Q78054942	Q78054942	item	preordered set	set equipped with a preorder	
Q78081419	Q78081419	item	multivariate function	function with more than one argument	
Q86098365	Q86098365	item	currently empty class	class which currently contains no elements, but elements may have existed in the past and may exist in the future	
Q86923152	Q86923152	item	risk source	fundamental driver, circumstance or action that causes risks in a project, organization, or any other entity	
Q87075524	Q87075524	item	health risk	potentially adverse or negative health consequence due to a specific event, disease, condition, or hazard	
Q88392887	Q88392887	item	part of a work	part that a work consists of (use a more specific object if possible)	
Q91305654	Q91305654	item	discontinuous function	function which exhibits at least one discontinuity	Discontinuous function
Q91432273	Q91432273	item	terminal object	category object with exactly one morphism leading to it from every object of the category	
Q91773244	Q91773244	item	homotopy class	equivalence class of continuous maps up to homotopy	Homotopy class
Q93447297	Q93447297	item	reflexive transitive closure	operation on binary relations	Reflexive transitive closure
Q93468132	Q93468132	item	hexadecad	A concrete group of 16 specific members	
Q93868746	Q93868746	item	numeric identifier	identifier whose values must be numbers (in any base)	
Q94250127	Q94250127	item	oriented graph	directed graph having no bidirected edges	Oriented graph
Q94945104	Q94945104	item	anatomical metaclass		
Q95744479	Q95744479	item	additive function	function that preserves sums	
Q96088545	Q96088545	item	former geographical object	geographical object that has been abandoned, destroyed or demolished	
Q96116695	Q96116695	item	type of system	Wikidata metaclass of sets of interacting or interdependent components	
Q96196009	Q96196009	item	former or current state	political state, whether former or current	
Q96247293	Q96247293	item	type of management	Wikidata metaclass for management or administration, in terms of application area or category	
Q96251598	Q96251598	item	type of object	Wikidata metaclass of object, which could be concrete or abstract	
Q96253971	Q96253971	item	type of property	Wikidata metaclass of property or attribute	
Q96634632	Q96634632	item	psychology concept	concept used in the science of the psyche	
Q97152390	Q97152390	item	partial semigroup	algebraic structure	
Q97152408	Q97152408	item	partial binary operation	partially defined mathematical operation that combines two elements to produce another element	
Q97302511	Q97302511	item	partial operation	partially defined mathematical procedure which produces a result from operands; calculation from zero or more input values (called operands) to an output value	
Q97396140	Q97396140	item	partial group action on a set	generalization of a group action	
Q97669203	Q97669203	item	macromolecular conformation	large-scale 3D shape of a macromolecule (or supramolecular assembly of macromolecules)	
Q98099755	Q98099755	item	flexible magma	algebraic structure in which (a*b)*a = a*(b*a)	Flexible magma
Q98119401	Q98119401	item	group or class of physical objects	category of physical objects that share the same characteristics	
Q98929991	Q98929991	item	place	small area known by a geographical name	Paraje
Q98966309	Q98966309	item	classification of human settlements	type of classification system	
Q99018632	Q99018632	item	group of geographic locations	set of several geographic entities spread over a geographic region	
Q99469810	Q99469810	item	type of fixed-size set or group	type of collection of entities that is defined by the number of elements or parts	
Q99527517	Q99527517	item	collective entity	entity that is a composite of other entities	
Q99541706	Q99541706	item	historical unrecognized state	nonexistent state that lacked recognition during its period of existence	
Q100195948	Q100195948	item	relative quality	quality that an item only possesses in relation to another item, or quality of multiple items in relation to each other	
Q100320664	Q100320664	item	concept in linguistics	theoretical concept used in the formal study of language	
Q100724091	Q100724091	item	physics term	technical term: word or expression that is part of physics terminology	
Q101208084	Q101208084	item	type of risk	Wikidata metaclass for risk or hazard	
Q103812671	Q103812671	item	anatomical entity type	metaclass for biological entities that are either member of a species or a unit of its structural organization	
Q103940464	Q103940464	item	continuant	entity that persists, endures, or continues to exist through time while maintaining its identity	
Q103994247	Q103994247	item	medical metaclass		
Q103995117	Q103995117	item	medical entity type	top-level metaclass for entities related to medicine	
Q103997018	Q103997018	item	direct anatomical metaclass	anatomical metaclass that has direct instances	
Q103997133	Q103997133	item	indirect anatomical metaclass	anatomical metaclass that has no direct instances	
Q104007623	Q104007623	item	anatomical entity class type		
Q104054982	Q104054982	item	ontological root	entity of an controlled vocabulary where all other entities of the ontology subclass it	
Q104086571	Q104086571	item	first-order class	class whose instances are individuals and not classes	First-order class
Q104098715	Q104098715	item	territorial entity type		
Q104127086	Q104127086	item	memory	information stored in the mind, including facts, knowledge, skills, and episodic memories	
Q104637332	Q104637332	item	planned process	process that takes place with human or agentic involvement or planning	
Q104637420	Q104637420	item	sourcing circumstance	base class for P1480 qualifier values	
Q105606485	Q105606485	item	intellectual activity	human activity comprising of mental actions	
Q105770631	Q105770631	item	English Wikipedia article	unit of English Wikipedia	
Q105948247	Q105948247	item	knowledge system	systems of knowledge produced over time through interactions with other human beings	
Q106110777	Q106110777	item	predecessor	entity which is followed by another one in a sequence or order	
Q106213450	Q106213450	item	time-based visual work	visual artwork that depend on technology, and have duration as a dimension	
Q106411346	Q106411346	item	characterization	thorough description using analytical methods	
Q106559804	Q106559804	item	person or organization	class of agents	
Q106573263	Q106573263	item	ambiguous label	label that may refer to one of several specific items, and whose referent must be determined by context	
Q106668099	Q106668099	item	corporate body	in library science, a collective agent that is composed of persons who are organized for a common purpose or activity; collective agent includes corporate bodies and families	
Q107223533	Q107223533	item	relation (mathematics)		Relation (mathematics)
Q107307154	Q107307154	item	virtual place	any digitally created environment	
Q107344349	Q107344349	item	organic oxygen compound	any organic compound having at least one oxygen atom in the structure	
Q107649491	Q107649491	item	type of Wikidata property	Wikidata metaclass for properties	
Q107659597	Q107659597	item	Wikidata label		Wikidata label
Q107659723	Q107659723	item	Wikidata alias		Wikidata alias
Q107659784	Q107659784	item	Wikidata description	Wikidata paramater containing information about its item	Wikidata description
Q108060110	Q108060110	item	Wikidata term	type of string associated with entities in Wikidata, covers labels, descriptions and aliases	
Q108178728	Q108178728	item	national capital	capital of a sovereign state	
Q108329096	Q108329096	item	art genre by arts form	refers to a genre which is exactly the intersection between an art form and a more general art genre	
Q108466143	Q108466143	item	non-fiction genre	metaclass for genres related to narrative works of any form, that intends, in good faith, to present only truth and accuracy regarding information, events, or people	
Q108586636	Q108586636	item	form of event	metaclass, grouping forms and types of events by specificity	
Q108637623	Q108637623	item	integrating resource	a resource added to or changed over time by means of updates incorporated into the whole without remaining discrete	
Q109243379	Q109243379	item	modification	activity that creates, alters or otherwise changes an object in some particular characteristic without changing it into something else	
Q109542218	Q109542218	item	class of parts	the instances of this class are classes whose instances are parts of something	
Q109551565	Q109551565	item	sub-set of literature	refers to a set of written work having some characteristics in common	
Q109956737	Q109956737	item	union of several sets		
Q109957042	Q109957042	item	intersection of several sets		
Q110227435	Q110227435	item	past occurrence	occurrence that has already taken place	
Q110314665	Q110314665	item	type of error	Wikidata metaclass of error or fault	
Q110402867	Q110402867	item	knowledge classification	Wikidata metaclass	
Q110403031	Q110403031	item	knowledge type	Wikidata metaclass	
Q110720714	Q110720714	item	Identity type	concept in mathematics	Identity type
Q110765110	Q110765110	item	first-order formula	well-formed formula belonging to a first-order language	First-order formula
Q110765126	Q110765126	item	first-order query	query using first-order logic as query language	First-order query
Q110832782	Q110832782	item	software resource	part of a software application accessible, whether it be a data or a program	
Q110832792	Q110832792	item	database object	defined object in a database that is used to store or reference data. For example, a table or a sequence	Database object
Q110854677	Q110854677	item	network resource	software resource accesible by a network	
Q110879282	Q110879282	item	video and/or audio work	work containing video and/or audio	
Q110910970	Q110910970	item	visual work	work that conveys information through visual perception	
Q111204834	Q111204834	item	colimit	category theory concept that generalizes disjoint unions of sets, direct sums of modules, etc.	Colimit
Q111279923	Q111279923	item	wiki page	page on a wiki	
Q111360549	Q111360549	item	type of physical object	broad classification of material objects	
Q111485852	Q111485852	item	unital magma	algebraic structure	Unital magma
Q111513007	Q111513007	item	Wikibase entity	entity in Wikibase	
Q111513337	Q111513337	item	Wikibase entity ID	identifier for a Wikibase entity	
Q111513370	Q111513370	item	Wikidata entity ID	identifier for an entity on Wikidata	
Q111513406	Q111513406	item	Wikibase statement	statement in Wikibase	
Q111513414	Q111513414	item	Wikibase referenceRecord	reference in Wikibase	
Q111513443	Q111513443	item	Wikibase statement rank		
Q111667622	Q111667622	item	trigintaduonion	32-dimensional hypercomplex number	Trigintaduonion
Q111752858	Q111752858	item	physicochemical process	process of physical and/or chemical change in a material or object	
Q111796904	Q111796904	item	type of equilibrium	Wikidata metaclass of abstraction underlying equilibrium or balance	
Q111931734	Q111931734	item	effect	exercising influence over an entity	
Q111972893	Q111972893	item	type of structure	Wikidata metaclass of arrangement and organization of interrelated elements in an object or system	
Q112057532	Q112057532	item	type of technology	Wikidata metaclass, used as "instance of" for every "subclass of" technology	
Q112160790	Q112160790	item	Dedekind-finite ring	ring in which left inverses are always right inverses	Dedekind-finite ring
Q112234259	Q112234259	item	source type	metaclass of source or origin of object, which could be concrete or abstract	
Q112807602	Q112807602	item	type of social group	social groups	Types of social groups
Q112872396	Q112872396	item	type of educational institution	Wikidata metaclass as a classification for educational institutions	
Q113355041	Q113355041	item	topos theory	area of mathematics dealing with toposes	
Q114401982	Q114401982	item	independent city in Berlin		
Q114955954	Q114955954	item	crowdsourced project	project built via crowdsourcing	
Q115095765	Q115095765	item	location	location of something (be it physical, virtual, digital, real or fictional)	
Q115096159	Q115096159	item	sibling project	project that is related to another	
Q115160940	Q115160940	item	mathematical method	method applied to mathematics	
Q115217689	Q115217689	item	server instance	instance of a particular server software	
Q115431196	Q115431196	item	violent conflict	conflict in which physical or psychological violence occurs in some form	
Q115463072	Q115463072	item	Wikibase builtin datatype	datatype that is built into the Wikibase software (as opposed to defined via an extension)	
Q115470359	Q115470359	item	Wikibase item datatype	Wikibase property value datatype	
Q115471117	Q115471117	item	self-depicting entity	entity that depicts or describes itself	
Q115475104	Q115475104	item	Wikibase datatype added by WikibaseLexeme		
Q115490427	Q115490427	item	data model element	abstract element of a data model	
Q115490628	Q115490628	item	fundamental Wikidata entity	property or item in Wikidata that allows logical inferences about other properties, items or values in Wikidata to be made and thus enables reasoning about Wikidata in general	
Q115491417	Q115491417	item	description	rhetorical mode to to re-create, invent, or visually present a person, place, event, or action in communication	Description
Q115517465	Q115517465	item	computer file location	location where a computer file can reside	
Q115616700	Q115616700	item	W3C Technical Report	technical report published at W3C	
Q115636432	Q115636432	item	labeled directed graph	directed graph where nodes and vertices have labels assigned to them	
Q115641683	Q115641683	item	custodian	person who has responsibility for taking care of or protecting something	Custodianship
Q115642124	Q115642124	item	Wikibase Q identifier	identifier for an item in Wikibase, prefixed by a Q	
Q115660447	Q115660447	item	Wikibase instance	server that runs Wikibase	
Q115668308	Q115668308	item	release	unit of realisation of a work or other subject matter intended for the public	
Q115684393	Q115684393	item	RDF vocabulary	collection of IRIs meant to be used in an RDF graph	
Q115786086	Q115786086	item	form	any meaningful unit of speech such as word, phrase, sentence, morpheme or affix	
Q115820013	Q115820013	item	unit of speech	a speech consisting of one uninterrupted vowel sound which may or may not be flanked by one or more consonant sounds; uttered with a single impulse of the voice	
Q115949945	Q115949945	item	scientific concept	concept relating to science	
Q115988076	Q115988076	item	set-valued function	function whose values are sets (mathematics)	Set-valued function
Q116457584	Q116457584	item	piecewise continuous function		Piecewise continuous
Q116474095	Q116474095	item	type of work of art	Wikidata metaclass	
Q116481801	Q116481801	item	type of programming language	Wikidata metaclass	
Q116505632	Q116505632	item	type of process	Wikidata metaclass of process	
Q116518880	Q116518880	item	narrative mode	mode of narrative works in any form - written, oral, visual, etc	
Q117023459	Q117023459	item	type of institution	Wikidata metaclass	
Q117190471	Q117190471	item	sub-fonds	a unit in archival science; subgroup of fonds	
Q117207263	Q117207263	item	file	organized grouping of documents	
Q117460485	Q117460485	item	education and research	activity of nonprofit-organizations	
Q117747915	Q117747915	item	semantic role	role that an entity plays with respect to a specific action or state as part of a coherent scene (i.e. semantic frame). The role may or may not be evoked by a specific lexical item such as a verb.	
Q118555179	Q118555179	item	MediaWiki non-main namespace page	any page within a MediaWiki instance is that resides outside of the main (article) namespace (ns:0)	
Q119648796	Q119648796	item	digital-native publication	a class of publication that originated online	
Q120721906	Q120721906	item	fully faithful functor	functor that is both full and faithful	Fully faithful functor
Q121010900	Q121010900	item	order-convex set		Order-convex set
Q121075789	Q121075789	item	hemiring	algebraic structure similar to semirings but not necessarily with multiplicative identity	
Q121132955	Q121132955	item	type of mass media	metaclass for mass media	
Q121344523	Q121344523	item	type of classification	Wikidata metaclass for classification of various subjects	
Q121499459	Q121499459	item	submonoid	subset of a monoid containing the identity and closed under the monoid operation	Submonoid
Q121546687	Q121546687	item	right adjoint	second of a pair of adjoint functors	Right adjoint
Q121771058	Q121771058	item	locally small category	category whose morphisms between every two objects form a set	
Q121773562	Q121773562	item	split monomorphism	morphism with a left inverse	
Q121773569	Q121773569	item	split epimorphism	morphism with a right inverse	
Q121841020	Q121841020	item	lexicographic work	broadly, reference works including dictionaries, lexicons, glossaries, vocabulary	
Q122258005	Q122258005	item	abstract reference point	point or level relative to which another point is referenced	
Q122759350	Q122759350	item	user-generated content platform	type of online service that allows its users to upload and share self-created content with other users of the platform	
Q122764215	Q122764215	item	personal risk		
Q123139280	Q123139280	item	abstract object	object with no physical referent	
Q123177423	Q123177423	item	object of analysis	any entity being analyzed or evaluated	
Q123240632	Q123240632	item	specifically dependent continuant	BFO class	
Q123241435	Q123241435	item	realizable entity		
Q123345464	Q123345464	item	type of interaction	Wikidata metaclass for interaction in various contexts	
Q123349660	Q123349660	item	geolocatable entity	entity that may be assigned mostly stable geographic coordinates and/or geocoded	
Q123370638	Q123370638	item	branch of computer science	Computer Science sub-disciplines	
Q123407493	Q123407493	item	MediaWiki instance	single installation of MediaWiki	
Q123410745	Q123410745	item	geometric object		Geometric object
Q123588392	Q123588392	item	type of tool	Wikidata metaclass for tool, equipment, instrument and appliance including physical, virtual, and abstract objects	
Q123928941	Q123928941	item	concern	something that should be considered	
Q123964505	Q123964505	item	populated place	place in which people live, permanently or temporarily	
Q124222085	Q124222085	item	scientific study	any study or project that rigorously expands the limits of knowledge	Academic study
Q124250988	Q124250988	item	urban settlement	human settlement with high population density and infrastructure of built environment	
Q124423945	Q124423945	item	2-groupoid	2-category in which every 1- and 2-morphism is invertible	
Q124478208	Q124478208	item	liable adult	adult who cares for and is responsible for the actions of one or more children	
Q124711104	Q124711104	item	BFO class	metaclass of all classes defined at some point in time in BFO (“Basic Formal Ontology”)	
Q125092269	Q125092269	item	type of conflict	Wikidata metaclass for conflicts in various situations	
Q125161275	Q125161275	item	type of intelligence	Wikidata metaclass for intelligence or cleverness	
Q125189273	Q125189273	item	library science term	technical term; word or phrase that is part of library science terminology	
Q125352518	Q125352518	item	person with parental authority	parent or other person who holds legal parental power over a minor	
Q125506646	Q125506646	item	transfer	process in which an item associated with one entity becomes similarly associated with another	
Q125542526	Q125542526	item	type of activity	meta class for activity	
Q125598210	Q125598210	item	immaterial entity type		
Q125598382	Q125598382	item	independent continuant type		
Q125598647	Q125598647	item	continuant type		
Q125684839	Q125684839	item	economic capital city	not official title of a city where economy is most active in a country	
Q127421212	Q127421212	item	type of power	Wikidata metaclass for power or ability to influence or direct the actions, beliefs, or conduct of actors	
Q129586023	Q129586023	item	person with an activity		
Q130286945	Q130286945	item	type of problem	Wikidata metaclass of problem that presents fundamental challenge or difficulty	
Q130324710	Q130324710	item	type of relation	metaclass for relation or association between different objects, processes or abstractions	
Q130342754	Q130342754	item	labeled mixed graph	vertex- and edge-labeled mixed graph	
Q130459448	Q130459448	item	type of condition	various conditions or certain statuses, be it physical condition, environment, work, or other things	
Q130583773	Q130583773	item	type of crime	Wikimedia metaclass for crime activities	
Q131085629	Q131085629	item	collective agent	an agent who is a gathering or organization of two or more persons that bears a particular name and that is capable of acting as a unit	
Q131362181	Q131362181	item	social science concept	class encompassing concepts used in social science	
Q131544427	Q131544427	item	mental activity	work in which mental energy is used, as opposed to physical work	
Q132225801	Q132225801	item	productive property	mathematical property always fulfilled by the product structure if each factor has it	
Q132759797	Q132759797	item	pedagogic institution	type of institution through pedagogy	
Q132907471	Q132907471	item	individual item	a non-class item, largest first order class	
Q133449656	Q133449656	item	type of work		
Q133873821	Q133873821	item	academic organisation	type of organization for academia	
Q133873855	Q133873855	item	research institution	type of institution	
Q134261520	Q134261520	item	group or class of humans	second-order class of humans	
Q134264207	Q134264207	item	class of human	collection of humans defined by common characteristics	
Q134445478	Q134445478	item	cultural capital		
Q134480019	Q134480019	item	proto-agent	semantic label for the most agent-like argument - something that acts or is treated like it performs actions, even if it can't consciously or intentionally do so	
Q134487654	Q134487654	item	relational structure	model-theoretical structure which consists of a set and a family of finitary relations	
Q134488202	Q134488202	item	possibly infinitary structure	generalization of structure which allows infinitary operations and relations	
Q134601727	Q134601727	item	group of persons	any set of beings with personhood (for groups of humans, use Q16334295 [group of humans] with P31 [instance of])	
Q134601860	Q134601860	item	class of person	collection of beings with personhood defined by common characteristics	
Q134601875	Q134601875	item	group or class of people	second-order class of people (beings with personhood)	
Q134602505	Q134602505	item	group of beings	any set of entities with agency	
Q134602526	Q134602526	item	group or class of beings	second-order class of entities with agency	
Q134602570	Q134602570	item	class of being	collection of entities with agency defined by common characteristics	
Q134995802	Q134995802	item	type of website	type of website, denoting the form and specificity of the website	
Q135265559	Q135265559	item	group of 3	generic group of three things	
Q135268423	Q135268423	item	generic set	set of n generic things, as opposed to a concrete number which is a set of specific things	
Q135268494	Q135268494	item	group of 2	generic group of 2 things	
Q135268496	Q135268496	item	group of 4	generic group of 4 things	
Q135268497	Q135268497	item	Group of 5	A generic group of 5 things	
Q135268502	Q135268502	item	Group of 8	A generic group of 8 things	
Q135412187	Q135412187	item	resource type	metaclass of resource, which could be natural, social or technical	
Q135457975	Q135457975	item	computable complex number	complex number whose real and imaginary parts are computable	
Q135457986	Q135457986	item	definable complex number	complex number whose real and imaginary parts are definable	
Q135899674	Q135899674	item	application-specific graph	graph used as a model for a purpose outside of graph theory	
Q136375263	Q136375263	item	Wikimedia multilingual project	Wikimedia project that handle multiple languages with in-wiki translation	
Q136410232	Q136410232	item	research organization	type of organization for doing research	
Q136433633	Q136433633	item	wiki genre	category of wikis	
Q136433660	Q136433660	item	entity	BFO class	
Q136772242	Q136772242	item	type of living thing	metaclass	
Q136873419	Q136873419	item	birth mother	person who gave birth to the child (genetic mother, mother using donated egg or embryo, as well as gestational surrogate), recognized as default legal parent in many jurisdictions	
Q136875493	Q136875493	item	gestational surrogacy	when a woman agrees to carry a child not concieved with her own eggs for a third party	
Q136937144	Q136937144	item	project type	project type classification; kind of project	
Q137015716	Q137015716	item	type of location	second-order class of location	
Q137018865	Q137018865	item	type of place	second order class of place	
Q137022846	Q137022846	item	type of region	second order class of region	
Q137023128	Q137023128	item	region	first order class of region. Things known as regions.	
Q137425179	Q137425179	item	type of good	metaclass for goods	
Q137426749	Q137426749	item	type of term	metaclass for term	
Q137428550	Q137428550	item	type of terminology	metaclass for terminology	
Q137429456	Q137429456	item	type of concept	metaclass for concepts	
Q137527772	Q137527772	item	type of computer language	metaclass	
Q137774087	Q137774087	item	type of violence	metaclass for violence	
Q138012087	Q138012087	item	type of standard		
Q138303935	Q138303935	item	type of information	metaclass for kinds of information	
Q138579261	Q138579261	item	type of calendar	Wikidata metaclass	
Q138589449	Q138589449	item	core branches of philosophy	subdivision of the field of philosophy in core branches	
Q138665581	Q138665581	item	type of set	metaclass for classes of sets	
Q138715303	Q138715303	item	older relative	relative who is of a greater chronological age	
Q138715847	Q138715847	item	senior relative	relative who belongs to an earlier genealogical generation, someone situated higher up on a family tree (regardless of chronological age)	
Q138715965	Q138715965	item	peer relative	relative who belongs to the same genealogical generation, someone situated on the same level on a family tree (regardless of chronological age)	
Q138716141	Q138716141	item	non-peer relative	relative who belongs to a different genealogical generation, someone situated on a higher or lower level on a family tree (regardless of chronological age)	
Q138716757	Q138716757	item	sibling or peer cousin	kinship (found in for example Hawaiian kinship systems)	
Q138716795	Q138716795	item	parent or peer relative of parent	kinship in the Hawaiian kinship system	
Q138716859	Q138716859	item	mother or mother's sister	kinship (found in for example Iroquois kinship systems)	
Q138717307	Q138717307	item	sibling or parallel cousin	kinship (found in for example Iroquois kinship systems)	
Q139243747	Q139243747	item	type of artifact	metaclass for artifacts (artificial objects including intellectual works)	
Q139338152	Q139338152	item	informal mathematical concept	concept in mathematics with no widely accpeted precise definition	
Q139761564	Q139761564	item	Cubical type theory		Cubical type theory
Q140156619	Q140156619	item	continuous functor	functor which preserves small limits	Continuous functor
Q140311475	Q140311475	item	type of creative work		
Q140354053	Q140354053	item	type of series		
Q140354262	Q140354262	item	type of genre		
Q140437324	Q140437324	item	type of state	2nd order class of states of object/s	
Q140451665	Q140451665	item	event	spatiotemporal entity/entities that may have (an) associated occurrence/s or planned occurrence and/or related objects	
Q140458154	Q140458154	item	type of abstract object	second-order class of abstract objects by type	
Q140639962	Q140639962	item	type of behavior	type, form or class of behavior;characterization of behavior/s	
Q140642100	Q140642100	item	type of model	type or class of model	
Q140914670	Q140914670	item	monadic functor	right adjoint whose comparison functor is an equivalence of categories	
Q140919303	Q140919303	item	region	region in a dimensional space; value for a quality of an entity	
Q141000153	Q141000153	item	passive interaction		
Q141000803	Q141000803	item	active interaction		
Q141004607	Q141004607	item	material change		
Q141066018	Q141066018	item	semifunctor		
Q141066057	Q141066057	item	functor that reflects limits	functor for which a cone is a limit whenever its image under the functor is	
Q141066058	Q141066058	item	functor that creates limits	functor that lifts and reflects limits	
Q141066060	Q141066060	item	functor that lifts limits	functor for which every limiting cone arises as the image of another limiting cone	
